trial_index,dataset_index,student_action_objective,true_direction,dir_choice,sure_available,teacher_sure_strength,target_fixation,target_left,target_right,target_sure,teacher_preferred_action,target_action_margin,raw_post_go_fixation,raw_post_go_left,raw_post_go_right,raw_post_go_sure,predicted_fixation,predicted_left,predicted_right,predicted_sure,p_left,p_right,p_sure,predicted_correct_direction,predicted_incorrect_direction,predicted_action_margin,final_argmax_choice,action_argmax_choice,stimulus_coherence,stimulus_duration_ms,internal_margin,empirical_p_correct,delta_value
0,0,categorical_soft,0,0,False,0.0,0.0,1.0,0.0,0.0,1,-1.0,0.6565331637859344,4.566957902908325,-5.716480684280396,-4.933319568634033,0.6565331637859344,0.9998905636832266,3.434799572567667e-05,7.508832104786989e-05,0.9998905636832266,3.434799572567667e-05,7.508832104786989e-05,0.9998905636832266,3.434799572567667e-05,-0.9998154753621787,1,1,0.512,940.0,1.0484288111329079,0.9906774506351905,-0.4406774506351905
1,1,categorical_soft,0,0,True,0.20536326275014355,0.0,0.7946367263793945,0.0,0.20536325871944427,1,-0.5892734676599503,0.4355162024497986,0.02955811284482479,-0.7050324141979217,0.09917684495449067,0.4355162024497986,0.39189328190097605,0.18815045799633334,0.4199562601026906,0.39189328190097605,0.18815045799633334,0.4199562601026906,0.39189328190097605,0.18815045799633334,0.02806297820171455,3,3,0.0,890.0,0.4134471267461777,0.8328962506168242,-0.2828962506168241
2,2,categorical_soft,1,1,True,0.1627092707452713,0.0,0.0,0.8372907042503357,0.16270926594734192,2,-0.6745814383029938,0.4733671396970749,-1.4913425326347352,1.7086792469024659,0.6705996632575989,0.4733671396970749,0.029430814377307428,0.7166081518168597,0.2539610338058329,0.029430814377307428,0.7166081518168597,0.2539610338058329,0.7166081518168597,0.029430814377307428,-0.46264711801102676,2,2,0.256,510.0,0.4894590051844716,0.9196709493279273,-0.3696709493279272
3,3,categorical_soft,0,0,False,0.0,0.0,1.0,0.0,0.0,1,-1.0,0.6846047639846802,4.510450553894043,-6.007123422622681,-4.603592491149902,0.6846047639846802,0.9998621096253922,2.7072853578243705e-05,0.00011081752102949682,0.9998621096253922,2.7072853578243705e-05,0.00011081752102949682,0.9998621096253922,2.7072853578243705e-05,-0.9997512921043628,1,1,0.512,960.0,1.073611468076706,0.9915539535033948,-0.44155395350339477
4,4,categorical_soft,0,0,False,0.0,0.0,1.0,0.0,0.0,1,-1.0,0.5958408266305923,3.2480714559555053,-3.4211121082305906,-3.5696682691574098,0.5958408266305923,0.9976229283632889,0.0012690032113720955,0.001108068425338924,0.9976229283632889,0.0012690032113720955,0.001108068425338924,0.9976229283632889,0.0012690032113720955,-0.99651485993795,1,1,0.128,1020.0,0.8045955151319504,0.9668002996095091,-0.41680029960950904
5,5,categorical_soft,0,0,True,0.1494681574748153,0.0,0.850531816482544,0.0,0.14946815371513367,1,-0.7010636627674103,0.3852501749992371,1.17904132604599,-3.67344925403595,-0.08595390319824218,0.3852501749992371,0.7750802040616589,0.006064953577979463,0.2188548423603617,0.7750802040616589,0.006064953577979463,0.2188548423603617,0.7750802040616589,0.006064953577979463,-0.5562253617012972,1,1,0.064,1100.0,0.7740941792726517,0.9579179349019022,-0.4079179349019022
6,6,categorical_soft,0,0,False,0.0,0.0,1.0,0.0,0.0,1,-1.0,0.6952844291925431,3.0267836093902587,-2.1656325340270994,-3.9021920680999758,0.6952844291925431,0.9934795107480909,0.005545989911877871,0.0009744993400314344,0.9934795107480909,0.005545989911877871,0.0009744993400314344,0.9934795107480909,0.005545989911877871,-0.9925050114080595,1,1,0.128,920.0,0.9184840470552444,0.9829027041866822,-0.4329027041866822
7,7,categorical_soft,0,0,False,0.0,0.0,1.0,0.0,0.0,1,-1.0,0.5813294678926468,0.8463633239269257,1.7364654898643495,-2.250483274459839,0.5813294678926468,0.28731417226645,0.6996875446425432,0.012998283091006762,0.28731417226645,0.6996875446425432,0.012998283091006762,0.28731417226645,0.6996875446425432,-0.27431588917544325,2,2,0.0,1020.0,0.046841979026794434,0.4129663606271245,0.13703363937287555
8,8,categorical_soft,1,1,True,0.1573025373588735,0.0,0.0,0.8426974415779114,0.15730254352092743,2,-0.685394898056984,0.3632213905453682,-1.3394351840019225,2.0762311100959776,0.48067179024219514,0.3632213905453682,0.026752940782542388,0.8090669860816083,0.16418007313584923,0.026752940782542388,0.8090669860816083,0.16418007313584923,0.8090669860816083,0.026752940782542388,-0.6448869129457591,2,2,0.256,470.0,0.5237435521557927,0.9342915810289389,-0.3842915810289389
9,9,categorical_soft,0,0,False,0.0,0.0,1.0,0.0,0.0,1,-1.0,0.6206447511911393,4.601138353347778,-5.869013690948487,-4.9499192237854,0.6206447511911393,0.9998997604204428,2.837520283363768e-05,7.186437672364608e-05,0.9998997604204428,2.837520283363768e-05,7.186437672364608e-05,0.9998997604204428,2.837520283363768e-05,-0.9998278960437191,1,1,0.512,1010.0,1.1523869410157204,0.9938939755920116,-0.4438939755920116
10,10,categorical_soft,1,1,False,0.0,0.0,0.0,1.0,0.0,2,-1.0,0.452331480383873,1.1455419421195985,3.2202568292617797,-3.2152329444885255,0.452331480383873,0.11145064195646955,0.8871169388201856,0.0014324192233448386,0.11145064195646955,0.8871169388201856,0.0014324192233448386,0.8871169388201856,0.11145064195646955,-0.8856845195968408,2,2,0.032,1170.0,0.730802558362484,0.9441724449195158,-0.39417244491951575
11,11,categorical_soft,1,1,True,0.15537181576585085,0.0,0.0,0.8446281552314758,0.15537181496620178,2,-0.689256340265274,0.4027500137686729,-1.0635710537433625,1.306100082397461,0.4825504392385483,0.4027500137686729,0.0615875066801896,0.6521454382498323,0.28626705506997807,0.0615875066801896,0.6521454382498323,0.28626705506997807,0.6521454382498323,0.0615875066801896,-0.3658783831798542,2,2,0.064,560.0,0.5649214829318225,0.9398221432929741,-0.38982214329297404
12,12,categorical_soft,1,1,False,0.0,0.0,0.0,1.0,0.0,2,-1.0,0.5253827571868896,1.0137436866760254,3.0985129356384276,-3.0130422353744506,0.5253827571868896,0.11039369596641987,0.887606779596768,0.001999524436812015,0.11039369596641987,0.887606779596768,0.001999524436812015,0.887606779596768,0.11039369596641987,-0.885607255159956,2,2,0.064,910.0,0.7842522263526917,0.9678326450270627,-0.41783264502706263
13,13,categorical_soft,1,1,False,0.0,0.0,0.0,1.0,0.0,2,-1.0,0.5355955272912979,1.151402997970581,2.5442153930664064,-2.8913638591766357,0.5355955272912979,0.19831381524009453,0.7981869648589146,0.0034992199009906814,0.19831381524009453,0.7981869648589146,0.0034992199009906814,0.7981869648589146,0.19831381524009453,-0.7946877449579239,2,2,0.032,460.0,0.8103487938642502,0.9832889224471807,-0.43328892244718065
14,14,categorical_soft,1,1,False,0.0,0.0,0.0,1.0,0.0,2,-1.0,0.613123232126236,0.24225176870822906,2.90030255317688,-1.6378909945487976,0.613123232126236,0.0649522304296817,0.9251051350328175,0.00994263453750075,0.0649522304296817,0.9251051350328175,0.00994263453750075,0.9251051350328175,0.0649522304296817,-0.9151625004953168,2,2,0.064,490.0,0.6984655410051346,0.970371268883655,-0.42037126888365495
15,15,categorical_soft,1,1,False,0.0,0.0,0.0,1.0,0.0,2,-1.0,0.5917925089597702,0.7836820542812347,2.31634521484375,-2.320017194747925,0.5917925089597702,0.17627844480287835,0.8157419493398251,0.007979605857296393,0.17627844480287835,0.8157419493398251,0.007979605857296393,0.8157419493398251,0.17627844480287835,-0.8077623434825287,2,2,0.064,670.0,0.657180730602704,0.9555993270423452,-0.40559932704234514
16,16,categorical_soft,0,0,False,0.0,0.0,1.0,0.0,0.0,1,-1.0,0.6021398514509201,2.5340404987335203,-0.7252373397350311,-3.981435012817383,0.6021398514509201,0.9615862925503255,0.0369892232352743,0.001424484214400052,0.9615862925503255,0.0369892232352743,0.001424484214400052,0.9615862925503255,0.0369892232352743,-0.9601618083359255,1,1,0.032,990.0,0.6548107713460922,0.9353335886244387,-0.38533358862443867
17,17,categorical_soft,0,0,False,0.0,0.0,1.0,0.0,0.0,1,-1.0,0.7503730773925781,2.9891882658004763,-2.3970269680023195,-3.860366868972778,0.7503730773925781,0.9943898907047423,0.004555293177042493,0.0010548161182151968,0.9943898907047423,0.004555293177042493,0.0010548161182151968,0.9943898907047423,0.004555293177042493,-0.993335074586527,1,1,0.064,1160.0,0.867465652525425,0.9710154946235546,-0.4210154946235546
18,18,categorical_soft,0,0,True,0.4703194649998598,0.0,0.5296805500984192,0.0,0.4703194797039032,1,-0.05936107039451599,0.2980979040265083,0.4813199907541275,-1.4528745770454408,-0.2107744798064232,0.2980979040265083,0.6078230500913365,0.0879220520297327,0.3042548978789307,0.6078230500913365,0.0879220520297327,0.3042548978789307,0.6078230500913365,0.0879220520297327,-0.30356815221240585,1,1,0.064,880.0,0.14334997534751892,0.5723013908026424,-0.022301390802642374
19,19,categorical_soft,0,0,True,0.15783541674977236,0.0,0.8421645760536194,0.0,0.15783542394638062,1,-0.6843291521072388,0.31020621582865715,1.0405436515808106,-1.89233056306839,-0.8498972654342651,0.31020621582865715,0.8289059861401746,0.0442507206033606,0.1268432932564648,0.8289059861401746,0.0442507206033606,0.1268432932564648,0.8289059861401746,0.0442507206033606,-0.7020626928837098,1,1,0.064,890.0,0.6218863129615784,0.9327954541479567,-0.3827954541479567
20,20,categorical_soft,0,0,True,0.1385075905024299,0.0,0.861492395401001,0.0,0.13850758969783783,1,-0.7229848057031631,0.37305380702018737,2.960451054573059,-7.310668134689331,-1.6158615946769714,0.37305380702018737,0.9894833857261439,3.4321904585750095e-05,0.010482292369270393,0.9894833857261439,3.4321904585750095e-05,0.010482292369270393,0.9894833857261439,3.4321904585750095e-05,-0.9790010933568736,1,1,0.512,940.0,1.331511277705431,0.9976637240031028,-0.4476637240031027
21,21,categorical_soft,0,0,True,0.14257556409246797,0.0,0.8574244379997253,0.0,0.14257556200027466,1,-0.7148488759994507,0.2854729354381561,1.1045462846755982,-3.3115312814712525,-0.1821453809738159,0.2854729354381561,0.7759663498213432,0.009402913728733725,0.21463073644992323,0.7759663498213432,0.009402913728733725,0.21463073644992323,0.7759663498213432,0.009402913728733725,-0.5613356133714199,1,1,0.128,600.0,0.8269800916314125,0.9817964952979781,-0.43179649529797803
22,22,categorical_soft,1,1,True,0.17070501334162702,0.0,0.0,0.8292949795722961,0.17070502042770386,2,-0.6585899591445923,0.38927222788333893,-2.362874722480774,2.8329771995544433,1.2988784074783326,0.38927222788333893,0.004571560091307319,0.818719271591647,0.17670916831704567,0.004571560091307319,0.818719271591647,0.17670916831704567,0.818719271591647,0.004571560091307319,-0.6420101032746014,2,2,0.256,810.0,0.5141643323004246,0.9000342722994452,-0.35003427229944517
23,23,categorical_soft,1,1,True,0.19562216334397986,0.0,0.0,0.8043778538703918,0.19562216103076935,2,-0.6087556928396225,0.2813620835542679,0.13166654407978057,-0.5371123075485229,-0.0792001873254776,0.2813620835542679,0.43064220319604524,0.22058599379452232,0.3487718030094325,0.43064220319604524,0.22058599379452232,0.3487718030094325,0.22058599379452232,0.43064220319604524,0.12818580921491018,1,1,0.0,880.0,0.4363681795075536,0.8495365426977518,-0.29953654269775176
24,24,categorical_soft,0,0,True,0.13827039345882153,0.0,0.861729621887207,0.0,0.13827039301395416,1,-0.7234592288732529,0.5079506576061249,2.8151259899139403,-4.850413846969604,-2.113073968887329,0.5079506576061249,0.9920288332706889,0.0004650318754682484,0.007506134853842872,0.9920288332706889,0.0004650318754682484,0.007506134853842872,0.9920288332706889,0.0004650318754682484,-0.984522698416846,1,1,0.512,670.0,1.3751744218170643,0.9986372597710848,-0.4486372597710847
25,25,categorical_soft,0,0,True,0.13827917050404648,0.0,0.8617208003997803,0.0,0.13827916979789734,1,-0.7234416306018829,0.5760655224323272,2.593615770339966,-2.5785556554794313,-2.6776217460632323,0.5760655224323272,0.9890443729253091,0.005626448624447266,0.005329178450243728,0.9890443729253091,0.005626448624447266,0.005329178450243728,0.9890443729253091,0.005626448624447266,-0.9837151944750654,1,1,0.512,490.0,1.3256772384047508,0.9986011338836283,-0.4486011338836282
26,26,categorical_soft,0,0,False,0.0,0.0,1.0,0.0,0.0,1,-1.0,0.7089082539081574,2.1292298078536986,-0.3123286336660385,-3.1037616968154906,0.7089082539081574,0.9152708318677002,0.07982075421335795,0.004908413918941839,0.9152708318677002,0.07982075421335795,0.004908413918941839,0.9152708318677002,0.07982075421335795,-0.9103624179487584,1,1,0.032,990.0,0.6256432682275772,0.9261054418610988,-0.37610544186109873
27,27,categorical_soft,1,1,False,0.0,0.0,0.0,1.0,0.0,2,-1.0,0.568543654680252,-0.7390860617160797,3.9054980516433715,-0.5028086274862289,0.568543654680252,0.009439930289338783,0.9784658769651451,0.012094192745516052,0.009439930289338783,0.9784658769651451,0.012094192745516052,0.9784658769651451,0.009439930289338783,-0.966371684219629,2,2,0.256,670.0,1.0143475160002708,0.9920294334782974,-0.4420294334782974
28,28,categorical_soft,1,1,True,0.15346409575472014,0.0,0.0,0.8465359210968018,0.15346409380435944,2,-0.6930718272924423,0.4115494191646576,-1.5617838025093078,2.888632583618164,0.8633758306503296,0.4115494191646576,0.010483395688669055,0.8741046368666814,0.11541196744464952,0.010483395688669055,0.8741046368666814,0.11541196744464952,0.8741046368666814,0.010483395688669055,-0.7586926694220318,2,2,0.256,700.0,0.6205295249819756,0.945465008707168,-0.39546500870716794
29,29,categorical_soft,1,1,False,0.0,0.0,0.0,1.0,0.0,2,-1.0,0.5322072386741639,-0.7577101945877075,4.859675455093384,-0.9806775212287903,0.5322072386741639,0.0036550124661485833,0.9933926989729317,0.0029522885609195317,0.0036550124661485833,0.9933926989729317,0.0029522885609195317,0.9933926989729317,0.0036550124661485833,-0.9904404104120121,2,2,0.128,1110.0,0.8874989934265614,0.9751635105383551,-0.4251635105383551
30,30,categorical_soft,0,0,True,0.1382362113566537,0.0,0.8617637753486633,0.0,0.13823620975017548,1,-0.7235275655984879,0.7014666825532914,4.317654943466186,-6.611732864379883,-3.6022516012191774,0.7014666825532914,0.9995893516533977,1.7931329365160283e-05,0.0003927170172372153,0.9995893516533977,1.7931329365160283e-05,0.0003927170172372153,0.9995893516533977,1.7931329365160283e-05,-0.9991966346361605,1,1,0.512,1100.0,1.502898057922721,0.9987780266649418,-0.4487780266649417
31,31,categorical_soft,1,1,True,0.1981886021193041,0.0,0.0,0.8018113970756531,0.19818860292434692,2,-0.6036227941513062,0.30593861639499664,0.8392719268798828,-2.0258387327194214,-0.5347402811050415,0.30593861639499664,0.7620582070481855,0.04345949047359067,0.19448230247822385,0.7620582070481855,0.04345949047359067,0.19448230247822385,0.04345949047359067,0.7620582070481855,0.1510228120046332,1,1,0.0,1080.0,0.4783298671245575,0.8450161845023628,-0.2950161845023628
32,32,categorical_soft,1,1,True,0.15878169880904897,0.0,0.0,0.8412182927131653,0.15878169238567352,2,-0.6824366003274918,0.21949634626507758,-4.212804508209229,6.16613450050354,2.703345847129822,0.21949634626507758,3.0713044665790125e-05,0.9695529383428745,0.030416348612459683,3.0713044665790125e-05,0.9695529383428745,0.030416348612459683,0.9695529383428745,3.0713044665790125e-05,-0.9391365897304148,2,2,0.512,1110.0,0.6674912087619305,0.930169693553761,-0.38016969355376096
33,33,categorical_soft,1,1,True,0.15452912015120251,0.0,0.0,0.8454709053039551,0.1545291244983673,2,-0.6909417808055878,0.3497796170413494,-1.6467074394226073,2.176329159736633,0.7694933414459229,0.3497796170413494,0.017518788226565142,0.7889779110411863,0.19350330073224864,0.017518788226565142,0.7889779110411863,0.19350330073224864,0.7889779110411863,0.017518788226565142,-0.5954746103089377,2,2,0.256,590.0,0.5813465155661106,0.9422921797796965,-0.39229217977969644
34,34,categorical_soft,1,1,True,0.1659572057517602,0.0,0.0,0.8340427875518799,0.16595721244812012,2,-0.6680855751037598,0.48327799439430236,-3.7941412210464476,4.736473274230957,2.2845340967178345,0.48327799439430236,0.00018446644144783924,0.9204299579801546,0.07938557557839754,0.00018446644144783924,0.9204299579801546,0.07938557557839754,0.9204299579801546,0.00018446644144783924,-0.841044382401757,2,2,0.512,980.0,0.5830800868570805,0.9114341793520553,-0.36143417935205524
35,35,categorical_soft,1,1,False,0.0,0.0,0.0,1.0,0.0,2,-1.0,0.5916016012430191,-0.7976413011550904,3.7206390857696534,-0.4137725904583931,0.5916016012430191,0.010714935974547136,0.9731863368475228,0.016098727177930185,0.010714935974547136,0.9731863368475228,0.016098727177930185,0.9731863368475228,0.010714935974547136,-0.9570876096695926,2,2,0.256,740.0,0.983464740216732,0.9899279505458738,-0.43992795054587375
36,36,categorical_soft,0,0,True,0.2756396611169857,0.0,0.7243603467941284,0.0,0.2756396532058716,1,-0.44872069358825684,0.39218355119228365,0.03157401364296675,-0.13084072023630142,-0.08709219321608544,0.39218355119228365,0.36532117198363856,0.3104706668867497,0.32420816112961176,0.36532117198363856,0.3104706668867497,0.32420816112961176,0.36532117198363856,0.3104706668867497,-0.0411130108540268,1,1,0.0,910.0,0.30457280576229095,0.7402439727377856,-0.1902439727377856
37,37,categorical_soft,1,1,True,0.5000959869728804,0.0,0.0,0.49990400671958923,0.5000959634780884,3,0.0001919567584991455,0.3313842475414276,0.256643733382225,-0.6380769193172455,-0.25347367599606513,0.3313842475414276,0.49767911531371467,0.20316176245638612,0.2991591222298992,0.49767911531371467,0.20316176245638612,0.2991591222298992,0.20316176245638612,0.49767911531371467,0.09599735977351309,1,1,0.0,530.0,0.03898046910762787,0.549928009768958,7.199023104209612e-05
38,38,categorical_soft,0,0,True,0.13969023630715088,0.0,0.8603097796440125,0.0,0.13969023525714874,1,-0.7206195443868637,0.2578156881034374,0.7560704052448273,-2.174060750007629,-0.3491113632917404,0.2578156881034374,0.7214262529465071,0.03856907734980258,0.2400046697036904,0.7214262529465071,0.03856907734980258,0.2400046697036904,0.7214262529465071,0.03856907734980258,-0.4814215832428167,1,1,0.128,420.0,0.9765269681811333,0.9928931070173358,-0.44289310701733575
39,39,categorical_soft,1,1,True,0.1427231677156029,0.0,0.0,0.8572768568992615,0.1427231729030609,2,-0.7145536839962006,0.2546668786555529,-2.6219696521759035,4.244365167617798,1.4438647389411927,0.2546668786555529,0.0010010280577075806,0.941543637455303,0.05745533448698949,0.0010010280577075806,0.941543637455303,0.05745533448698949,0.941543637455303,0.0010010280577075806,-0.8840883029683135,2,2,0.256,1000.0,0.9189697876572609,0.9812481310873736,-0.4312481310873736
40,40,categorical_soft,1,1,True,0.1449283766718838,0.0,0.0,0.8550716042518616,0.14492838084697723,2,-0.7101432234048843,0.2749812413007021,-3.0613728284835817,4.792568254470825,1.7228052616119385,0.2749812413007021,0.0003787229766090346,0.9551587376301974,0.044462539393193744,0.0003787229766090346,0.9551587376301974,0.044462539393193744,0.9551587376301974,0.0003787229766090346,-0.9106961982370037,2,2,0.512,780.0,0.7911144569516182,0.9732614526724147,-0.42326145267241466
41,41,categorical_soft,0,0,False,0.0,0.0,1.0,0.0,0.0,1,-1.0,0.6495047271251678,3.255371117591858,-2.6388609170913697,-4.228038311004639,0.6495047271251678,0.996686719959046,0.002748204220285028,0.0005650758206688993,0.996686719959046,0.002748204220285028,0.0005650758206688993,0.996686719959046,0.002748204220285028,-0.9961216441383771,1,1,0.128,1110.0,0.8105276525020599,0.9641567331433587,-0.41415673314335866
42,42,categorical_soft,1,1,True,0.18386932635116243,0.0,0.0,0.8161306977272034,0.18386933207511902,2,-0.6322613656520844,0.3575591817498207,-0.05235484056174755,-0.04699330106377601,-0.11459334194660187,0.3575591817498207,0.3397911403575309,0.3411748626188959,0.31903399702357327,0.3397911403575309,0.3411748626188959,0.31903399702357327,0.3411748626188959,0.3397911403575309,-0.022140865595322634,2,2,0.032,870.0,0.47157008200883865,0.8716904059750423,-0.3216904059750423
43,43,categorical_soft,0,0,False,0.0,0.0,1.0,0.0,0.0,1,-1.0,0.6916246473789215,2.397199869155884,-0.3565106987953186,-3.91158447265625,0.6916246473789215,0.9384665787117055,0.05982327172041539,0.001710149567879125,0.9384665787117055,0.05982327172041539,0.001710149567879125,0.9384665787117055,0.05982327172041539,-0.9367564291438264,1,1,0.064,560.0,0.5961449593305588,0.9479353693958872,-0.39793536939588714
44,44,categorical_soft,0,0,False,0.0,0.0,1.0,0.0,0.0,1,-1.0,0.6527962625026703,2.9666557550430297,-2.547610354423523,-3.76428759098053,0.6527962625026703,0.9948030563424712,0.004008830293207588,0.0011881133643210388,0.9948030563424712,0.004008830293207588,0.0011881133643210388,0.9948030563424712,0.004008830293207588,-0.9936149429781502,1,1,0.032,1090.0,0.8813283666968346,0.9750127157054449,-0.42501271570544485
45,45,categorical_soft,0,0,True,0.2042680392286863,0.0,0.7957319617271423,0.0,0.20426803827285767,1,-0.5914639234542847,0.2811753250658512,0.5275933861732482,-1.4636052608489991,-0.5087231457233429,0.2811753250658512,0.6696542144952865,0.09146465978808312,0.2388811257166304,0.6696542144952865,0.09146465978808312,0.2388811257166304,0.6696542144952865,0.09146465978808312,-0.4307730887786561,1,1,0.064,490.0,0.3179522901773453,0.8346999382675498,-0.2846999382675498
46,46,categorical_soft,0,0,True,0.13885866885625836,0.0,0.8611413240432739,0.0,0.13885867595672607,1,-0.7222826480865479,0.3249509334564209,1.9803174138069153,-5.963381004333496,-0.30938502848148347,0.3249509334564209,0.9074117344022886,0.00032251712544585713,0.09226574847226558,0.9074117344022886,0.00032251712544585713,0.09226574847226558,0.9074117344022886,0.00032251712544585713,-0.8151459859300231,1,1,0.256,960.0,1.238908588886261,0.9962331804667848,-0.44623318046678473
47,47,categorical_soft,1,1,True,0.1491607895783002,0.0,0.0,0.8508391976356506,0.14916078746318817,2,-0.7016784101724625,0.31572144068777563,-2.479814648628235,3.187600088119507,1.2542749881744384,0.31572144068777563,0.0030601669224930303,0.8708037847874086,0.12613604829009833,0.0030601669224930303,0.8708037847874086,0.12613604829009833,0.8708037847874086,0.0030601669224930303,-0.7446677364973102,2,2,0.512,580.0,0.6515953863272443,0.9589142773357157,-0.4089142773357156
48,48,categorical_soft,1,1,False,0.0,0.0,0.0,1.0,0.0,2,-1.0,0.6947952210903168,-0.7807112157344818,5.55798978805542,-1.1621328234672545,0.6947952210903168,0.0017806719657302368,0.9969730620136094,0.0012462660206604436,0.0017806719657302368,0.9969730620136094,0.0012462660206604436,0.9969730620136094,0.0017806719657302368,-0.9957267959929489,2,2,0.128,1170.0,0.9544913917779922,0.9806802795219415,-0.43068027952194143
49,49,categorical_soft,1,1,False,0.0,0.0,0.0,1.0,0.0,2,-1.0,0.4494906961917877,-0.3338680475950241,3.7334771156311035,-1.0463749051094056,0.4494906961917877,0.016757264888871713,0.974994803077729,0.008247932033399312,0.016757264888871713,0.974994803077729,0.008247932033399312,0.974994803077729,0.016757264888871713,-0.9667468710443297,2,2,0.128,670.0,0.8650231137871742,0.9835412539954715,-0.4335412539954715
50,50,categorical_soft,0,0,True,0.17652500160833862,0.0,0.8234750032424927,0.0,0.17652499675750732,1,-0.6469500064849854,0.35932124853134156,0.19142362251877784,-0.5596290230751038,-0.21494310200214387,0.35932124853134156,0.4678399594625458,0.22051368086773948,0.31164635966971466,0.4678399594625458,0.22051368086773948,0.31164635966971466,0.4678399594625458,0.22051368086773948,-0.15619359979283115,1,1,0.032,510.0,0.4125770479440689,0.8869672724728956,-0.3369672724728956
51,51,categorical_soft,1,1,True,0.14994993269699897,0.0,0.0,0.8500500917434692,0.14994993805885315,2,-0.7001001536846161,0.39565989673137664,-2.8853606939315797,3.6955322265625,1.6731920838356018,0.39565989673137664,0.001236192863417878,0.8819495722266435,0.11681423490993866,0.001236192863417878,0.8819495722266435,0.11681423490993866,0.8819495722266435,0.001236192863417878,-0.7651353373167048,2,2,0.256,1000.0,0.7418664749711752,0.9563678204530032,-0.4063678204530031
52,52,categorical_soft,0,0,True,0.13890481310209313,0.0,0.8610951900482178,0.0,0.13890480995178223,1,-0.7221903800964355,0.37729314565658567,1.785325562953949,-4.896679019927978,-0.5467428147792817,0.37729314565658567,0.9100132957550506,0.001141617527965036,0.08884508671698414,0.9100132957550506,0.001141617527965036,0.08884508671698414,0.9100132957550506,0.001141617527965036,-0.8211682090380665,1,1,0.256,880.0,1.2093748897314072,0.9960460687413807,-0.44604606874138064
53,53,categorical_soft,1,1,True,0.1700814905199407,0.0,0.0,0.8299185037612915,0.1700814962387085,2,-0.659837007522583,0.28625089935958387,-0.16842203885316848,0.6345760345458984,-0.23132360875606536,0.28625089935958387,0.23972154453319208,0.534694662987644,0.22558379247916394,0.23972154453319208,0.534694662987644,0.22558379247916394,0.534694662987644,0.23972154453319208,-0.3091108705084801,2,2,0.032,770.0,0.5076670087873936,0.9014911272737932,-0.35149112727379317
54,54,categorical_soft,1,1,False,0.0,0.0,0.0,1.0,0.0,2,-1.0,0.5851446628570557,0.9078585565090179,3.544570255279541,-2.8495827198028563,0.5851446628570557,0.06671847077225526,0.9316874999145295,0.0015940293132152366,0.06671847077225526,0.9316874999145295,0.0015940293132152366,0.9316874999145295,0.06671847077225526,-0.9300934706013142,2,2,0.064,1070.0,0.7707834392786026,0.9587128420090807,-0.40871284200908065
55,55,categorical_soft,1,1,False,0.0,0.0,0.0,1.0,0.0,2,-1.0,0.57881780564785,1.301889681816101,3.901528334617615,-3.7641703367233275,0.57881780564785,0.06915995026133127,0.9303984543422195,0.00044159539644916265,0.06915995026133127,0.9303984543422195,0.00044159539644916265,0.9303984543422195,0.06915995026133127,-0.9299568589457703,2,2,0.064,1120.0,0.8611905425786972,0.9715009364845482,-0.4215009364845481
56,56,categorical_soft,0,0,False,0.0,0.0,1.0,0.0,0.0,1,-1.0,0.6545866698026657,4.069131898880005,-4.385787391662598,-4.657544183731079,0.6545866698026657,0.9996240866580639,0.0002129315815926792,0.0001629817603436123,0.9996240866580639,0.0002129315815926792,0.0001629817603436123,0.9996240866580639,0.0002129315815926792,-0.9994611048977203,1,1,0.512,690.0,0.9768161326646805,0.990199551493082,-0.440199551493082
57,57,categorical_soft,0,0,True,0.15970363701444518,0.0,0.8402963876724243,0.0,0.15970364212989807,1,-0.6805927455425262,0.3432616263628006,0.6500293195247651,-1.6712414622306824,-0.416839000582695,0.3432616263628006,0.6926764071514306,0.06797068885473495,0.23935290399383452,0.6926764071514306,0.06797068885473495,0.23935290399383452,0.6926764071514306,0.06797068885473495,-0.4533235031575961,1,1,0.064,460.0,0.500236913561821,0.9276486484729601,-0.3776486484729601
58,58,categorical_soft,1,1,True,0.3336827505310743,0.0,0.0,0.6663172245025635,0.33368274569511414,2,-0.33263447880744934,0.41062435805797576,-0.11065979935228824,0.2210223227739334,-0.16667531952261924,0.41062435805797576,0.29971232845833173,0.41702812544365386,0.2832595460980144,0.29971232845833173,0.41702812544365386,0.2832595460980144,0.41702812544365386,0.29971232845833173,-0.13376857934563946,2,2,0.032,530.0,0.15421375632286072,0.6827785006137393,-0.1327785006137393
59,59,categorical_soft,1,1,False,0.0,0.0,0.0,1.0,0.0,2,-1.0,0.44744633734226225,0.5234541237354279,3.705927085876465,-2.2631054401397703,0.44744633734226225,0.039795019631891936,0.9577456960987085,0.002459284269399426,0.039795019631891936,0.9577456960987085,0.002459284269399426,0.9577456960987085,0.039795019631891936,-0.9552864118293091,2,2,0.064,870.0,0.7703574150800705,0.9672025823294294,-0.4172025823294293
60,60,categorical_soft,0,0,True,0.13862414130839523,0.0,0.8613758683204651,0.0,0.1386241465806961,1,-0.722751721739769,0.4530558943748474,2.602329444885254,-5.395729923248291,-1.6914558410644531,0.4530558943748474,0.9855704193959521,0.0003333484051272513,0.01409623219892058,0.9855704193959521,0.0003333484051272513,0.01409623219892058,0.9855704193959521,0.0003333484051272513,-0.9714741871970316,1,1,0.256,1070.0,1.3255500122904778,0.9971874450250001,-0.4471874450250001
61,61,categorical_soft,1,1,False,0.0,0.0,0.0,1.0,0.0,2,-1.0,0.6051068544387818,-1.966525948047638,5.764300107955933,0.34181211292743685,0.6051068544387818,0.0004405037959332342,0.9950760311046418,0.0044834650994250436,0.0004405037959332342,0.9950760311046418,0.0044834650994250436,0.9950760311046418,0.0004405037959332342,-0.9905925660052168,2,2,0.512,870.0,0.9255192875862122,0.9844256769823115,-0.4344256769823115
62,62,categorical_soft,1,1,False,0.0,0.0,0.0,1.0,0.0,2,-1.0,0.6139374107122422,1.8448625683784485,0.4600829780101776,-3.265809440612793,0.6139374107122422,0.7958657533979878,0.1993242630375868,0.004809983564425364,0.7958657533979878,0.1993242630375868,0.004809983564425364,0.1993242630375868,0.7958657533979878,-0.19451427947316144,1,1,0.0,980.0,0.2789652496576309,0.6978387305640433,-0.14783873056404329
63,63,categorical_soft,1,1,True,0.17366902544088542,0.0,0.0,0.8263309597969055,0.1736690253019333,2,-0.6526619344949722,0.42915133088827134,0.3759272053837776,1.1727505803108216,-0.9572199940681457,0.42915133088827134,0.28697462424585285,0.6365996253543041,0.07642575039984292,0.28697462424585285,0.6365996253543041,0.07642575039984292,0.6365996253543041,0.28697462424585285,-0.5601738749544612,2,2,0.032,970.0,0.5385469272732735,0.8932635050298142,-0.3432635050298142
64,64,categorical_soft,1,1,True,0.4901604227321506,0.0,0.0,0.5098395943641663,0.49016043543815613,2,-0.019679158926010132,0.30592905879020693,0.11182795912027359,-0.7077481865882873,-0.10661799758672715,0.30592905879020693,0.4454988708611321,0.1964449416269795,0.3580561875118885,0.4454988708611321,0.1964449416269795,0.3580561875118885,0.1964449416269795,0.4454988708611321,0.161611245884909,1,1,0.0,840.0,0.12118034064769745,0.5573811719932862,-0.00738117199328614
65,65,categorical_soft,1,1,False,0.0,0.0,0.0,1.0,0.0,2,-1.0,0.6401234656572342,1.7971941351890564,1.6887518286705017,-3.7642330646514894,0.6401234656572342,0.5259946425678962,0.4719698847869888,0.002035472645114977,0.5259946425678962,0.4719698847869888,0.002035472645114977,0.4719698847869888,0.5259946425678962,-0.4699344121418738,1,1,0.0,1090.0,0.4844055473804474,0.8473326432389668,-0.2973326432389668
66,66,categorical_soft,0,0,False,0.0,0.0,1.0,0.0,0.0,1,-1.0,0.7006654739379883,4.764385414123535,-5.494443416595459,-5.23222804069519,0.7006654739379883,0.9999189005866949,3.523248103645861e-05,4.586693226860088e-05,0.9999189005866949,3.523248103645861e-05,4.586693226860088e-05,0.9999189005866949,3.523248103645861e-05,-0.9998730336544263,1,1,0.512,890.0,1.2261307686567307,0.9963133969089378,-0.4463133969089378
67,67,categorical_soft,1,1,False,0.0,0.0,0.0,1.0,0.0,2,-1.0,0.6683176904916763,-0.6065932154655457,5.374339008331299,-1.4106770515441895,0.6683176904916763,0.0025329030018790234,0.9963123710359614,0.001154725962159323,0.0025329030018790234,0.9963123710359614,0.001154725962159323,0.9963123710359614,0.0025329030018790234,-0.995157645073802,2,2,0.128,1100.0,0.8749115876853466,0.9739286109917756,-0.4239286109917756
68,68,categorical_soft,1,1,False,0.0,0.0,0.0,1.0,0.0,2,-1.0,0.5430834770202637,-0.3856665313243866,4.783361768722534,-1.4038557052612304,0.5430834770202637,0.00568476344530265,0.9922170369195523,0.002098199635145132,0.00568476344530265,0.9922170369195523,0.002098199635145132,0.9922170369195523,0.00568476344530265,-0.9901188372844072,2,2,0.128,960.0,0.9685422331094742,0.9859270080561116,-0.4359270080561115
69,69,categorical_soft,0,0,False,0.0,0.0,1.0,0.0,0.0,1,-1.0,0.74712153673172,3.0738689661026,-1.6666122436523438,-4.2772317886352536,0.74712153673172,0.990681779367387,0.008681718596901384,0.0006365020357116036,0.990681779367387,0.008681718596901384,0.0006365020357116036,0.990681779367387,0.008681718596901384,-0.9900452773316754,1,1,0.128,720.0,0.8523540496826172,0.9814357017170758,-0.4314357017170758
70,70,categorical_soft,0,0,False,0.0,0.0,1.0,0.0,0.0,1,-1.0,0.5437851190567017,1.0800983905792236,1.8026203036308288,-2.518971848487854,0.5437851190567017,0.3239625873334701,0.6671590163021683,0.0088783963643615,0.3239625873334701,0.6671590163021683,0.0088783963643615,0.3239625873334701,0.6671590163021683,-0.3150841909691086,2,2,0.0,720.0,0.44834649562835693,0.8789702181222038,-0.32897021812220373
71,71,categorical_soft,0,0,False,0.0,0.0,1.0,0.0,0.0,1,-1.0,0.7429880648851395,2.506068706512451,-0.6189190983772278,-3.785950779914856,0.7429880648851395,0.9561452590018034,0.04208360812451578,0.0017711328736810968,0.9561452590018034,0.04208360812451578,0.0017711328736810968,0.9561452590018034,0.04208360812451578,-0.9543741261281222,1,1,0.032,780.0,0.8637105077505112,0.981132042637916,-0.43113204263791594
72,72,categorical_soft,1,1,False,0.0,0.0,0.0,1.0,0.0,2,-1.0,0.4770409673452377,-0.19422347843647003,4.410181379318237,-1.6621553421020507,0.4770409673452377,0.009898546891402309,0.9877924809883105,0.002308972120287322,0.009898546891402309,0.9877924809883105,0.002308972120287322,0.9877924809883105,0.009898546891402309,-0.9854835088680232,2,2,0.064,1100.0,0.8855261914432049,0.9752206615559437,-0.4252206615559436
73,73,categorical_soft,1,1,True,0.22352256546050314,0.0,0.0,0.7764774560928345,0.22352255880832672,2,-0.5529548972845078,0.4409070611000061,0.4777049273252487,-0.14450687915086746,-0.8474258422851563,0.4409070611000061,0.5540437955974269,0.297176759245276,0.14877944515729707,0.5540437955974269,0.297176759245276,0.14877944515729707,0.297176759245276,0.5540437955974269,-0.1483973140879789,1,1,0.032,1070.0,0.41934990882873535,0.805071285281604,-0.25507128528160394
74,74,categorical_soft,1,1,False,0.0,0.0,0.0,1.0,0.0,2,-1.0,0.5767620265483856,-0.2018876329064369,3.2926658630371093,-1.0422556757926942,0.5767620265483856,0.02927512385521066,0.9578014000726236,0.01292347607216568,0.02927512385521066,0.9578014000726236,0.01292347607216568,0.9578014000726236,0.02927512385521066,-0.9448779240004579,2,2,0.256,470.0,0.750457413494587,0.9774343798942589,-0.4274343798942588
75,75,categorical_soft,0,0,True,0.13853784026948351,0.0,0.8614621758460999,0.0,0.13853783905506134,1,-0.7229243367910385,0.4770308077335358,3.5477086305618286,-9.080194187164306,-1.5998731851577759,0.4770308077335358,0.9941209362282907,3.2614133324766812e-06,0.005875802358376752,0.9941209362282907,3.2614133324766812e-06,0.005875802358376752,0.9941209362282907,3.2614133324766812e-06,-0.988245133869914,1,1,0.512,1130.0,1.367600105702877,0.9975399784909955,-0.44753997849099547
76,76,categorical_soft,1,1,False,0.0,0.0,0.0,1.0,0.0,2,-1.0,0.5357428371906281,-0.6835846483707428,3.598675084114075,-0.5534471839666366,0.5357428371906281,0.0134817978224961,0.9710263579935763,0.01549184418392755,0.0134817978224961,0.9710263579935763,0.01549184418392755,0.9710263579935763,0.0134817978224961,-0.9555345138096487,2,2,0.256,570.0,0.875366348773241,0.9860973961582832,-0.43609739615828313
77,77,categorical_soft,0,0,True,0.2843102796255571,0.0,0.7156897187232971,0.0,0.2843102812767029,1,-0.43137943744659424,0.34639429599046706,-0.00940312147140503,-0.12773704677820205,-0.08634447231888771,0.34639429599046706,0.3556215716583142,0.3154074560969101,0.32897097224477573,0.3556215716583142,0.3154074560969101,0.32897097224477573,0.3556215716583142,0.3154074560969101,-0.02665059941353848,1,1,0.0,540.0,0.20403078198432922,0.7309183744348664,-0.18091837443486636
78,78,categorical_soft,0,0,False,0.0,0.0,1.0,0.0,0.0,1,-1.0,0.740417143702507,1.2956909537315369,1.0504698157310486,-2.616463875770569,0.740417143702507,0.5546523488209774,0.43405299026438177,0.011294660914640865,0.5546523488209774,0.43405299026438177,0.011294660914640865,0.5546523488209774,0.43405299026438177,-0.5433576879063365,1,1,0.0,620.0,0.4462731406092644,0.8902290393494401,-0.34022903934944004
79,79,categorical_soft,0,0,False,0.0,0.0,1.0,0.0,0.0,1,-1.0,0.6646503627300262,4.830007553100586,-6.467507410049438,-5.007756185531616,0.6646503627300262,0.9999329786969955,1.2419340981132626e-05,5.460196202318723e-05,0.9999329786969955,1.2419340981132626e-05,5.460196202318723e-05,0.9999329786969955,1.2419340981132626e-05,-0.9998783767349723,1,1,0.512,1000.0,1.1299725770950317,0.9932690070609597,-0.4432690070609596
80,80,categorical_soft,0,0,False,0.0,0.0,1.0,0.0,0.0,1,-1.0,0.6330208480358124,2.449137258529663,-0.7450701177120209,-3.630715751647949,0.6330208480358124,0.9584403903877851,0.03935877385522151,0.0022008357569935555,0.9584403903877851,0.03935877385522151,0.0022008357569935555,0.9584403903877851,0.03935877385522151,-0.9562395546307915,1,1,0.064,800.0,0.7522460445761681,0.9670563502311729,-0.4170563502311728
81,81,categorical_soft,1,1,False,0.0,0.0,0.0,1.0,0.0,2,-1.0,0.6146014928817749,0.8781059622764588,0.8810956180095673,-1.8729798316955566,0.6146014928817749,0.48377870325981664,0.48523957452877386,0.030981722211409535,0.48377870325981664,0.48523957452877386,0.030981722211409535,0.48523957452877386,0.48377870325981664,-0.4542578523173643,2,2,0.0,870.0,0.6061205714941025,0.9293726519956671,-0.37937265199566705
82,82,categorical_soft,1,1,True,0.23795408725147604,0.0,0.0,0.7620459198951721,0.23795408010482788,2,-0.5240918397903442,0.33958778381347654,0.4323927596211433,-0.40726266503334047,-0.6852546274662018,0.33958778381347654,0.5677748801990171,0.24501067896404322,0.18721444083693967,0.5677748801990171,0.24501067896404322,0.18721444083693967,0.24501067896404322,0.5677748801990171,-0.05779623812710355,1,1,0.0,890.0,0.35041680932044983,0.7852620969120172,-0.23526209691201716
83,83,categorical_soft,0,0,True,0.36947866635092386,0.0,0.6305213570594788,0.0,0.36947867274284363,1,-0.26104268431663513,0.36356550455093384,0.6458607256412506,-0.1538555696606636,-0.818864393234253,0.36356550455093384,0.5944967159410268,0.26718405539584233,0.1383192286631309,0.5944967159410268,0.26718405539584233,0.1383192286631309,0.5944967159410268,0.26718405539584233,-0.4561774872778959,1,1,0.0,950.0,0.22867665439844131,0.651605641655162,-0.10160564165516195
84,84,categorical_soft,1,1,False,0.0,0.0,0.0,1.0,0.0,2,-1.0,0.5251222044229508,0.9944063127040863,2.257953143119812,-2.594203519821167,0.5251222044229508,0.2190527523773075,0.7748850058547594,0.006062241767932951,0.2190527523773075,0.7748850058547594,0.006062241767932951,0.7748850058547594,0.2190527523773075,-0.7688227640868265,2,2,0.0,1000.0,0.550745278596878,0.8955086415069909,-0.3455086415069909
85,85,categorical_soft,1,1,False,0.0,0.0,0.0,1.0,0.0,2,-1.0,0.7134962916374207,-1.3425711631774901,4.523983144760132,-0.011211904883384704,0.7134962916374207,0.002824127003190933,0.9863542922436699,0.010821580753139225,0.002824127003190933,0.9863542922436699,0.010821580753139225,0.9863542922436699,0.002824127003190933,-0.9755327114905307,2,2,0.256,930.0,0.8126536016352475,0.9712387698232933,-0.4212387698232932
86,86,categorical_soft,0,0,True,0.1401671634825094,0.0,0.8598328232765198,0.0,0.14016716182231903,1,-0.7196656614542007,0.3558302938938141,1.0866819024085999,-3.2803614377975463,-0.31666861176490785,0.3558302938938141,0.7942795052549607,0.010110789633839072,0.1956097051112003,0.7942795052549607,0.010110789633839072,0.1956097051112003,0.7942795052549607,0.010110789633839072,-0.5986698001437605,1,1,0.128,720.0,1.0018488429486752,0.99100729361372,-0.44100729361371993
87,87,categorical_soft,0,0,True,0.1579737808476096,0.0,0.8420262336730957,0.0,0.1579737812280655,1,-0.6840524524450302,0.26822171583771703,0.366794627904892,-1.063746690750122,-0.410236456990242,0.26822171583771703,0.5878166841904613,0.1403809667395402,0.2718023490699985,0.5878166841904613,0.1403809667395402,0.2718023490699985,0.5878166841904613,0.1403809667395402,-0.3160143351204628,1,1,0.128,440.0,0.5102233439683914,0.9324090586510734,-0.38240905865107333
88,88,categorical_soft,1,1,True,0.15601400032370472,0.0,0.0,0.8439859747886658,0.15601399540901184,2,-0.6879719793796539,0.33666272461414337,-1.1286073267459868,2.636546230316162,0.36158869564533236,0.33666272461414337,0.02093431907524041,0.8877051582655614,0.09136052265919815,0.02093431907524041,0.8877051582655614,0.09136052265919815,0.8877051582655614,0.02093431907524041,-0.7963446356063633,2,2,0.064,920.0,0.6466557011008263,0.9379630827620945,-0.38796308276209446
89,89,categorical_soft,0,0,True,0.13867979422016208,0.0,0.8613201975822449,0.0,0.13867978751659393,1,-0.7226404100656509,0.35387501418590545,1.798115622997284,-4.901939010620117,-0.6857441544532776,0.35387501418590545,0.9213858664241898,0.0011353055689073458,0.07747882800690273,0.9213858664241898,0.0011353055689073458,0.07747882800690273,0.9213858664241898,0.0011353055689073458,-0.8439070384172871,1,1,0.512,550.0,1.1821235120296478,0.9969605032899925,-0.4469605032899925
90,90,categorical_soft,0,0,False,0.0,0.0,1.0,0.0,0.0,1,-1.0,0.6363882213830948,4.800710821151734,-5.171220827102661,-5.546442604064941,0.6363882213830948,0.9999206276579532,4.692458568677452e-05,3.2447756360059656e-05,0.9999206276579532,4.692458568677452e-05,3.2447756360059656e-05,0.9999206276579532,4.692458568677452e-05,-0.9998881799015932,1,1,0.512,880.0,1.2769555374979973,0.997160080993963,-0.447160080993963
91,91,categorical_soft,0,0,True,0.1385059640391194,0.0,0.8614940643310547,0.0,0.1385059654712677,1,-0.722988098859787,0.3934568285942078,2.933874273300171,-8.314144706726074,-0.8910270214080811,0.3934568285942078,0.9784803520044573,1.2757298511286412e-05,0.021506890697031364,0.9784803520044573,1.2757298511286412e-05,0.021506890697031364,0.9784803520044573,1.2757298511286412e-05,-0.9569734613074259,1,1,0.512,1080.0,1.366443656384945,0.9976703801408602,-0.44767038014086014
92,92,categorical_soft,1,1,False,0.0,0.0,0.0,1.0,0.0,2,-1.0,0.598696818947792,-0.20947484970092772,4.038337969779969,-1.52833548784256,0.598696818947792,0.014057580764421174,0.9821340749615286,0.0038083442740502746,0.014057580764421174,0.9821340749615286,0.0038083442740502746,0.9821340749615286,0.014057580764421174,-0.9783257306874783,2,2,0.256,560.0,0.9402712360024452,0.9899754196958969,-0.4399754196958968
93,93,categorical_soft,0,0,False,0.0,0.0,1.0,0.0,0.0,1,-1.0,0.618086701631546,3.4841446399688722,-4.050017690658569,-3.750080418586731,0.618086701631546,0.9987395081553722,0.000534055673754261,0.0007264361708735921,0.9987395081553722,0.000534055673754261,0.0007264361708735921,0.9987395081553722,0.000534055673754261,-0.9980130719844985,1,1,0.256,1010.0,0.89406618475914,0.9786080040410493,-0.42860800404104926
94,94,categorical_soft,0,0,False,0.0,0.0,1.0,0.0,0.0,1,-1.0,0.5766179233789444,2.2051840305328367,0.6703190565109253,-4.034403705596924,0.5766179233789444,0.8211991972529595,0.17719805013419695,0.001602752612843534,0.8211991972529595,0.17719805013419695,0.001602752612843534,0.8211991972529595,0.17719805013419695,-0.819596444640116,1,1,0.032,1190.0,0.02443823218345642,0.33922723566905744,0.2107727643309426
95,95,categorical_soft,1,1,False,0.0,0.0,0.0,1.0,0.0,2,-1.0,0.6335355818271637,-0.13667516335844992,2.9259323596954347,-0.9140670657157898,0.6335355818271637,0.04384461580875437,0.9359019013683225,0.020253482822923025,0.04384461580875437,0.9359019013683225,0.020253482822923025,0.9359019013683225,0.04384461580875437,-0.9156484185453995,2,2,0.128,600.0,0.7799523025751114,0.9771726121679656,-0.42717261216796554
96,96,categorical_soft,1,1,False,0.0,0.0,0.0,1.0,0.0,2,-1.0,0.5226856917142868,-0.4450402230024338,3.0835355281829835,-0.7903320789337158,0.5226856917142868,0.02806597377172761,0.951961197559157,0.019972828669115393,0.02806597377172761,0.951961197559157,0.019972828669115393,0.951961197559157,0.02806597377172761,-0.9319883688900416,2,2,0.128,540.0,0.7702847868204117,0.9777200244845375,-0.4277200244845375
97,97,categorical_soft,0,0,False,0.0,0.0,1.0,0.0,0.0,1,-1.0,0.6493387013673783,2.8186702489852906,-1.8062986135482788,-3.999385690689087,0.6493387013673783,0.9892109804379837,0.00970435122576555,0.0010846683362508137,0.9892109804379837,0.00970435122576555,0.0010846683362508137,0.9892109804379837,0.00970435122576555,-0.988126312101733,1,1,0.128,850.0,0.8069951236248016,0.9730954313510861,-0.42309543135108607
98,98,categorical_soft,0,0,False,0.0,0.0,1.0,0.0,0.0,1,-1.0,0.7651595294475555,4.020475101470947,-4.09768922328949,-4.598886251449585,0.7651595294475555,0.9995183517664159,0.0002984237830468416,0.00018322445053715685,0.9995183517664159,0.0002984237830468416,0.00018322445053715685,0.9995183517664159,0.0002984237830468416,-0.9993351273158787,1,1,0.256,1130.0,0.940323144197464,0.980270773974937,-0.43027077397493696
99,99,categorical_soft,1,1,False,0.0,0.0,0.0,1.0,0.0,2,-1.0,0.6247213095426559,-0.8216327905654908,3.7366852283477785,-0.4524153023958206,0.6247213095426559,0.010253494393632667,0.9746375948664786,0.01510891073988858,0.010253494393632667,0.9746375948664786,0.01510891073988858,0.9746375948664786,0.010253494393632667,-0.95952868412659,2,2,0.256,770.0,0.8457882143557072,0.9796723792946275,-0.4296723792946274
100,100,categorical_soft,0,0,True,0.3376142361206555,0.0,0.6623857617378235,0.0,0.3376142382621765,1,-0.324771523475647,0.27961295992136004,0.032879764400422576,-0.3876157522201538,-0.08300778195261956,0.27961295992136004,0.3927282353533058,0.2576057439834699,0.34966602066322433,0.3927282353533058,0.2576057439834699,0.34966602066322433,0.3927282353533058,0.2576057439834699,-0.04306221469008148,1,1,0.032,440.0,0.12880773842334747,0.6792309287486062,-0.1292309287486062
101,101,categorical_soft,0,0,False,0.0,0.0,1.0,0.0,0.0,1,-1.0,0.6897322446107864,2.880922770500183,-2.3563137531280516,-3.4890936613082886,0.6897322446107864,0.993015175955923,0.005279728111933516,0.0017050959321436143,0.993015175955923,0.005279728111933516,0.0017050959321436143,0.993015175955923,0.005279728111933516,-0.9913100800237794,1,1,0.128,830.0,0.830107644200325,0.9764743892344655,-0.42647438923446546
102,102,categorical_soft,1,1,False,0.0,0.0,0.0,1.0,0.0,2,-1.0,0.6986940860748291,-2.8213216781616213,7.562654638290406,0.8000095248222351,0.6986940860748291,3.123946482129024e-05,0.9987641600095871,0.0012046005255915853,3.123946482129024e-05,0.9987641600095871,0.0012046005255915853,0.9987641600095871,3.123946482129024e-05,-0.9975595594839956,2,2,0.512,1170.0,0.895032768137753,0.9742936447438079,-0.4242936447438078
103,103,categorical_soft,0,0,False,0.0,0.0,1.0,0.0,0.0,1,-1.0,0.5078770846128464,1.4974652647972106,0.9781774520874024,-2.91598379611969,0.5078770846128464,0.62220766305898,0.3702501367032883,0.007542200237731604,0.62220766305898,0.3702501367032883,0.007542200237731604,0.62220766305898,0.3702501367032883,-0.6146654628212485,1,1,0.0,1100.0,0.23338864743709564,0.6150104376710481,-0.06501043767104808
104,104,categorical_soft,1,1,True,0.4096164916586834,0.0,0.0,0.5903835296630859,0.40961650013923645,2,-0.1807670295238495,0.5174492269754409,0.6635172724723816,1.0855512499809266,-1.1711538910865784,0.5174492269754409,0.3726024595488861,0.5676662179645074,0.05973132248660644,0.3726024595488861,0.5676662179645074,0.05973132248660644,0.5676662179645074,0.3726024595488861,-0.507934895477901,2,2,0.032,540.0,0.09940434992313385,0.618978002070126,-0.06897800207012594
105,105,categorical_soft,1,1,True,0.18887130337457675,0.0,0.0,0.8111286759376526,0.18887130916118622,2,-0.6222573667764664,0.5106927335262299,-0.8489458382129669,1.0473233461380005,0.41797863245010375,0.5106927335262299,0.08933796041665858,0.5939627737427896,0.3166992658405518,0.08933796041665858,0.5939627737427896,0.3166992658405518,0.5939627737427896,0.08933796041665858,-0.2772635079022378,2,2,0.064,550.0,0.3758755214512348,0.8619496191417857,-0.31194961914178565
106,106,categorical_soft,1,1,False,0.0,0.0,0.0,1.0,0.0,2,-1.0,0.49458518624305725,-0.04001910840161145,2.454213500022888,-0.9811350345611572,0.49458518624305725,0.07411622992129273,0.8968787935603062,0.02900497651840117,0.07411622992129273,0.8968787935603062,0.02900497651840117,0.8968787935603062,0.07411622992129273,-0.867873817041905,2,2,0.064,500.0,0.7896378748118877,0.9806371703308566,-0.4306371703308566
107,107,categorical_soft,0,0,False,0.0,0.0,1.0,0.0,0.0,1,-1.0,0.6662281036376954,3.1150731563568117,-2.690214252471924,-3.781481671333313,0.6662281036376954,0.995985070346873,0.0030001561361117425,0.0010147735170152948,0.995985070346873,0.0030001561361117425,0.0010147735170152948,0.995985070346873,0.0030001561361117425,-0.9949702968298577,1,1,0.064,1090.0,0.6760236322879791,0.9343389584901522,-0.3843389584901522
108,108,categorical_soft,1,1,False,0.0,0.0,0.0,1.0,0.0,2,-1.0,0.6335472077131271,-0.7445910692214965,3.8317453384399416,-0.6754283308982849,0.6335472077131271,0.010129883516997378,0.9788077146970512,0.011062401785951458,0.010129883516997378,0.9788077146970512,0.011062401785951458,0.9788077146970512,0.010129883516997378,-0.9677453129110998,2,2,0.512,420.0,0.9626827612519264,0.9923966606535153,-0.44239666065351524
109,109,categorical_soft,0,0,True,0.13903218305788395,0.0,0.8609678149223328,0.0,0.13903218507766724,1,-0.7219356298446655,0.5492215573787689,2.975152325630188,-4.799186754226684,-2.4173313856124876,0.5492215573787689,0.994784514472118,0.00041929976268200754,0.004796185765199909,0.994784514472118,0.00041929976268200754,0.004796185765199909,0.994784514472118,0.00041929976268200754,-0.9899883287069181,1,1,0.256,1090.0,1.2358582559973001,0.9955306831056581,-0.445530683105658
110,110,categorical_soft,1,1,False,0.0,0.0,0.0,1.0,0.0,2,-1.0,0.47710641026496886,0.7424682676792145,1.9269940376281738,-1.96295223236084,0.47710641026496886,0.2306734443025545,0.7538212962783913,0.015505259419054184,0.2306734443025545,0.7538212962783913,0.015505259419054184,0.7538212962783913,0.2306734443025545,-0.7383160368593371,2,2,0.032,490.0,0.6406727135181427,0.9610210045554824,-0.4110210045554824
111,111,categorical_soft,1,1,False,0.0,0.0,0.0,1.0,0.0,2,-1.0,0.5415049254894256,0.29957723021507265,2.8267661333084106,-1.672537124156952,0.5415049254894256,0.0732430335471276,0.9163996484439743,0.010357318008898095,0.0732430335471276,0.9163996484439743,0.010357318008898095,0.9163996484439743,0.0732430335471276,-0.9060423304350762,2,2,0.032,600.0,0.29688987880945206,0.7995060550026047,-0.2495060550026047
112,112,categorical_soft,1,1,True,0.1814254125808215,0.0,0.0,0.8185746073722839,0.18142540752887726,2,-0.6371491998434067,0.3134590245783329,-0.9271383166313172,1.5145498156547545,0.43664929568767546,0.3134590245783329,0.06119419122245302,0.7004132633900767,0.2383925453874703,0.06119419122245302,0.7004132633900767,0.2383925453874703,0.7004132633900767,0.06119419122245302,-0.4620207180026064,2,2,0.064,1090.0,0.5347029687836766,0.8766373137828818,-0.32663731378288174
113,113,categorical_soft,0,0,False,0.0,0.0,1.0,0.0,0.0,1,-1.0,0.7452689379453659,2.895988440513611,-1.312431240081787,-4.1111291408538815,0.7452689379453659,0.9844179750015023,0.014689521357385719,0.0008925036411121725,0.9844179750015023,0.014689521357385719,0.0008925036411121725,0.9844179750015023,0.014689521357385719,-0.9835254713603901,1,1,0.128,740.0,0.859238401055336,0.9816118736481374,-0.43161187364813736
114,114,categorical_soft,0,0,True,0.1397140909595591,0.0,0.8602859377861023,0.0,0.1397140920162201,1,-0.7205718457698822,0.3588683560490608,1.769198477268219,-3.6618778705596924,-1.2969415783882141,0.3588683560490608,0.9501330229337114,0.004164850993019193,0.04570212607326954,0.9501330229337114,0.004164850993019193,0.04570212607326954,0.9501330229337114,0.004164850993019193,-0.9044308968604419,1,1,0.128,1110.0,1.143107857555151,0.992798274687235,-0.442798274687235
115,115,categorical_soft,0,0,False,0.0,0.0,1.0,0.0,0.0,1,-1.0,0.6464150458574295,3.028675174713135,-1.3981216430664063,-4.366057300567627,0.6464150458574295,0.9875782558018225,0.011814098960871145,0.0006076452373065157,0.9875782558018225,0.011814098960871145,0.0006076452373065157,0.9875782558018225,0.011814098960871145,-0.986970610564516,1,1,0.256,400.0,0.8786294907331467,0.9888229953165317,-0.4388229953165317
116,116,categorical_soft,0,0,True,0.13828874431963267,0.0,0.8617112636566162,0.0,0.13828875124454498,1,-0.7234225124120712,0.5183970272541046,2.532796835899353,-4.287234830856323,-2.0225473284721374,0.5183970272541046,0.9877983119960276,0.0010787215031088236,0.011122966500863392,0.9877983119960276,0.0010787215031088236,0.011122966500863392,0.9877983119960276,0.0010787215031088236,-0.9766753454951642,1,1,0.512,690.0,1.3690884998068213,0.9985617374980715,-0.4485617374980715
117,117,categorical_soft,1,1,True,0.3776829839284971,0.0,0.0,0.6223170161247253,0.37768298387527466,2,-0.24463403224945068,0.3647603318095207,0.07167742662131786,1.0486012697219849,-0.43348086476325987,0.3647603318095207,0.2348390077808936,0.6227429781885274,0.14241801403057908,0.2348390077808936,0.6227429781885274,0.14241801403057908,0.6227429781885274,0.2348390077808936,-0.48032496415794834,2,2,0.032,1090.0,0.25692538917064667,0.6447691894907673,-0.09476918949076729
118,118,categorical_soft,0,0,False,0.0,0.0,1.0,0.0,0.0,1,-1.0,0.6753603667020798,1.4923989057540894,2.0535337686538697,-3.1813782691955566,0.6753603667020798,0.36223634807909516,0.6343240816771147,0.003439570243790057,0.36223634807909516,0.6343240816771147,0.003439570243790057,0.36223634807909516,0.6343240816771147,-0.3587967778353051,2,2,0.0,530.0,0.14550048112869263,0.6734340588596291,-0.1234340588596291
119,119,categorical_soft,1,1,False,0.0,0.0,0.0,1.0,0.0,2,-1.0,0.5377163350582123,0.8574690580368042,2.2748642206192016,-2.183479642868042,0.5377163350582123,0.1932908957121717,0.7973435146758114,0.009365589612016969,0.1932908957121717,0.7973435146758114,0.009365589612016969,0.7973435146758114,0.1932908957121717,-0.7879779250637945,2,2,0.032,1020.0,0.7461745217442513,0.9562448127595157,-0.4062448127595156
120,120,categorical_soft,0,0,False,0.0,0.0,1.0,0.0,0.0,1,-1.0,0.6900929659605026,2.4715235233306885,-1.4632840156555176,-3.2766180515289305,0.6900929659605026,0.9777547018574939,0.019122729985739693,0.003122568156766388,0.9777547018574939,0.019122729985739693,0.003122568156766388,0.9777547018574939,0.019122729985739693,-0.9746321337007275,1,1,0.064,1140.0,0.8811020478606224,0.9734726540334536,-0.4234726540334536
121,121,categorical_soft,1,1,False,0.0,0.0,0.0,1.0,0.0,2,-1.0,0.6133224070072174,1.3584924578666686,2.1665101528167723,-3.060464787483215,0.6133224070072174,0.3072310589530889,0.6890252190951756,0.003743721951735556,0.3072310589530889,0.6890252190951756,0.003743721951735556,0.6890252190951756,0.3072310589530889,-0.68528149714344,2,2,0.032,1030.0,0.44420781126245856,0.8304270220552399,-0.28042702205523984
122,122,categorical_soft,0,0,False,0.0,0.0,1.0,0.0,0.0,1,-1.0,0.6286906808614731,2.410176682472229,0.0993451215326786,-4.209898900985718,0.6286906808614731,0.9086586762298328,0.0901257592818639,0.0012155644883033718,0.9086586762298328,0.0901257592818639,0.0012155644883033718,0.9086586762298328,0.0901257592818639,-0.9074431117415294,1,1,0.032,770.0,0.5590284466743469,0.921742720182926,-0.371742720182926
123,123,categorical_soft,1,1,False,0.0,0.0,0.0,1.0,0.0,2,-1.0,0.6633859097957611,1.3187391638755799,3.552217388153076,-3.510829734802246,0.6633859097957611,0.09672654071974422,0.9024924179871782,0.0007810412930774335,0.09672654071974422,0.9024924179871782,0.0007810412930774335,0.9024924179871782,0.09672654071974422,-0.9017113766941007,2,2,0.064,970.0,0.8382994756102562,0.9733338173655368,-0.42333381736553677
124,124,categorical_soft,1,1,False,0.0,0.0,0.0,1.0,0.0,2,-1.0,0.5545826196670532,0.7935324251651764,3.078901481628418,-2.4678040981292724,0.5545826196670532,0.09204227235246827,0.904371528003353,0.003586199644178687,0.09204227235246827,0.904371528003353,0.003586199644178687,0.904371528003353,0.09204227235246827,-0.9007853283591742,2,2,0.064,900.0,0.7135881632566452,0.9555940568279244,-0.4055940568279244
125,125,categorical_soft,1,1,True,0.5794127886650615,0.0,0.0,0.4205872118473053,0.5794128179550171,3,0.1588256061077118,0.4049377977848053,0.01694210199639201,-0.3311280786991119,-0.08592443093657494,0.4049377977848053,0.38337723221094044,0.27087176455728956,0.34575100323176994,0.38337723221094044,0.27087176455728956,0.34575100323176994,0.27087176455728956,0.38337723221094044,0.07487923867448038,1,1,0.0,630.0,0.014298170804977417,0.489638852732902,0.06036114726709807
126,126,categorical_soft,0,0,False,0.0,0.0,1.0,0.0,0.0,1,-1.0,0.6728244423866272,2.753259873390198,-0.562153035402298,-4.111900758743286,0.6728244423866272,0.9639727527877909,0.03502034057324461,0.0010069066389644574,0.9639727527877909,0.03502034057324461,0.0010069066389644574,0.9639727527877909,0.03502034057324461,-0.9629658461488265,1,1,0.064,710.0,0.7786474227905273,0.9738569134677411,-0.423856913467741
127,127,categorical_soft,1,1,True,0.14917704361324657,0.0,0.0,0.8508229851722717,0.14917704463005066,2,-0.7016459405422211,0.3260699983686209,-1.87487074136734,3.0713584423065186,0.9793631911277771,0.3260699983686209,0.006435144961601707,0.8843442967326711,0.10922055830572708,0.006435144961601707,0.8843442967326711,0.10922055830572708,0.8843442967326711,0.006435144961601707,-0.775123738426944,2,2,0.256,800.0,0.7053017374128103,0.9588614438144833,-0.4088614438144833
128,128,categorical_soft,0,0,False,0.0,0.0,1.0,0.0,0.0,1,-1.0,0.6193158388137817,3.5603463888168334,-3.1427427768707275,-4.398999500274658,0.6193158388137817,0.9984240876221119,0.0012261875241861482,0.00034972485370190473,0.9984240876221119,0.0012261875241861482,0.00034972485370190473,0.9984240876221119,0.0012261875241861482,-0.99807436276841,1,1,0.256,810.0,0.9328049719333649,0.9859995425646517,-0.4359995425646517
129,129,categorical_soft,1,1,False,0.0,0.0,0.0,1.0,0.0,2,-1.0,0.5164560049772262,0.7519944846630097,2.31219482421875,-2.1675724506378176,0.5164560049772262,0.17200768849620554,0.8186443860868113,0.009347925416983052,0.17200768849620554,0.8186443860868113,0.009347925416983052,0.8186443860868113,0.17200768849620554,-0.8092964606698283,2,2,0.0,740.0,0.4401589300541673,0.8719570289551434,-0.32195702895514333
130,130,categorical_soft,0,0,True,0.13932300532074077,0.0,0.8606770038604736,0.0,0.13932301104068756,1,-0.7213539928197861,0.3438075065612793,1.7686684250831604,-4.718738222122193,-0.749485433101654,0.3438075065612793,0.923346454366096,0.0014082540390778417,0.07524529159482621,0.923346454366096,0.0014082540390778417,0.07524529159482621,0.923346454366096,0.0014082540390778417,-0.8481011627712698,1,1,0.256,760.0,1.1072956509888172,0.9943598641772323,-0.4443598641772323
131,131,categorical_soft,1,1,True,0.26710387641292066,0.0,0.0,0.7328961491584778,0.2671038806438446,2,-0.4657922685146332,0.3839994162321091,0.06813606452196837,-0.5410507619380951,-0.16547857522964476,0.3839994162321091,0.42828872151664915,0.2328878727734473,0.33882340570990366,0.42828872151664915,0.2328878727734473,0.33882340570990366,0.2328878727734473,0.42828872151664915,0.10593553293645636,1,1,0.0,450.0,0.20189611613750458,0.7497536010137897,-0.1997536010137897
132,132,categorical_soft,1,1,True,0.1942978501231068,0.0,0.0,0.8057021498680115,0.19429785013198853,2,-0.611404299736023,0.4110401213169098,0.11874320469796658,0.7286906361579895,-0.4075762629508972,0.4110401213169098,0.2917811938237703,0.5358946310052277,0.17232417517100201,0.2917811938237703,0.5358946310052277,0.17232417517100201,0.5358946310052277,0.2917811938237703,-0.3635704558342257,2,2,0.0,450.0,0.33466777577996254,0.8519102310008333,-0.30191023100083325
133,133,categorical_soft,1,1,True,0.1479900162383735,0.0,0.0,0.8520100116729736,0.14799001812934875,2,-0.7040199935436249,0.3828200504183769,-2.433252763748169,4.311183118820191,1.3084741711616517,0.3828200504183769,0.00114185085601748,0.9515723171012344,0.04728583204274828,0.00114185085601748,0.9515723171012344,0.04728583204274828,0.9515723171012344,0.00114185085601748,-0.9042864850584861,2,2,0.256,1060.0,0.7902041841298342,0.9627634908850646,-0.4127634908850646
134,134,categorical_soft,1,1,False,0.0,0.0,0.0,1.0,0.0,2,-1.0,0.48653471767902373,-0.7169830024242401,3.999241900444031,-0.7004286408424377,0.48653471767902373,0.008871782846479385,0.9819586097501054,0.009169607403415155,0.008871782846479385,0.9819586097501054,0.009169607403415155,0.9819586097501054,0.008871782846479385,-0.9727890023466903,2,2,0.512,420.0,0.9185963869094849,0.9905750027375144,-0.4405750027375144
135,135,categorical_soft,1,1,False,0.0,0.0,0.0,1.0,0.0,2,-1.0,0.5357925176620484,-0.21832013130187988,3.5041895389556883,-1.1127573490142821,0.5357925176620484,0.023382009861259885,0.9669866495319676,0.009631340606772653,0.023382009861259885,0.9669866495319676,0.009631340606772653,0.9669866495319676,0.023382009861259885,-0.9573553089251949,2,2,0.128,550.0,0.8471453636884689,0.9844363066557632,-0.43443630665576316
136,136,categorical_soft,1,1,False,0.0,0.0,0.0,1.0,0.0,2,-1.0,0.5221254646778106,0.044667041301727294,2.987173652648926,-1.403875970840454,0.5221254646778106,0.049521553367108416,0.9387644906795423,0.011713955953349202,0.049521553367108416,0.9387644906795423,0.011713955953349202,0.9387644906795423,0.049521553367108416,-0.927050534726193,2,2,0.064,710.0,0.8296653404831886,0.9795348113878266,-0.42953481138782657
137,137,categorical_soft,1,1,False,0.0,0.0,0.0,1.0,0.0,2,-1.0,0.5986204892396927,-1.8118570804595948,5.237778902053833,0.3269957959651947,0.5986204892396927,0.0008653459846123167,0.9915968052122702,0.0075378488031175115,0.0008653459846123167,0.9915968052122702,0.0075378488031175115,0.9915968052122702,0.0008653459846123167,-0.9840589564091528,2,2,0.256,1170.0,0.9370100349187851,0.9789839075363657,-0.4289839075363656
138,138,categorical_soft,0,0,False,0.0,0.0,1.0,0.0,0.0,1,-1.0,0.7619616270065308,2.9866498708724976,-1.8451391816139222,-3.878856921195984,0.7619616270065308,0.9910571954430294,0.007906513767548345,0.001036290789422275,0.9910571954430294,0.007906513767548345,0.001036290789422275,0.9910571954430294,0.007906513767548345,-0.9900209046536071,1,1,0.256,520.0,0.7035814672708511,0.9700524971125286,-0.42005249711252857
139,139,categorical_soft,0,0,True,0.5633984061695912,0.0,0.43660157918930054,0.0,0.5633984208106995,3,0.12679684162139893,0.4163524627685547,-0.1709592819213867,0.19619020074605942,0.08174768388271332,0.4163524627685547,0.26809631622451957,0.3869123651376008,0.3449913186378796,0.26809631622451957,0.3869123651376008,0.3449913186378796,0.26809631622451957,0.3869123651376008,0.07689500241336,2,2,0.032,550.0,0.004771977663040161,0.5020469266401053,0.04795307335989474
140,140,categorical_soft,0,0,True,0.20074126903059886,0.0,0.7992587089538574,0.0,0.20074127614498138,1,-0.598517432808876,0.2709470860660076,1.090939599275589,-2.6034060955047607,-0.6402033388614654,0.2709470860660076,0.8302854668699954,0.020688871164884864,0.1490256619651199,0.8302854668699954,0.020688871164884864,0.1490256619651199,0.8302854668699954,0.020688871164884864,-0.6812598049048755,1,1,0.032,910.0,0.42986413836479187,0.8406197921304861,-0.29061979213048605
141,141,categorical_soft,0,0,True,0.13822393699639696,0.0,0.8617760539054871,0.0,0.13822393119335175,1,-0.7235521227121353,0.4713589042425156,2.932610821723938,-5.333114957809448,-2.246159040927887,0.4713589042425156,0.9936941544533381,0.0002561448724021901,0.006049700674259791,0.9936941544533381,0.0002561448724021901,0.006049700674259791,0.9936941544533381,0.0002561448724021901,-0.9876444537790783,1,1,0.256,1090.0,1.5090577974915504,0.9988286034420863,-0.4488286034420863
142,142,categorical_soft,0,0,True,0.1386426140440054,0.0,0.8613573908805847,0.0,0.13864260911941528,1,-0.7227147817611694,0.49280459582805636,2.1891075015068053,-3.575476789474487,-1.896016037464142,0.49280459582805636,0.9797840536798061,0.003080148899018243,0.017135797421175675,0.9797840536798061,0.003080148899018243,0.017135797421175675,0.9797840536798061,0.003080148899018243,-0.9626482562586305,1,1,0.512,520.0,1.1852051876485348,0.9971120824108168,-0.4471120824108168
143,143,categorical_soft,1,1,False,0.0,0.0,0.0,1.0,0.0,2,-1.0,0.627768698334694,-0.04984056418761611,3.883772134780884,-1.6932035684585571,0.627768698334694,0.01914866286907221,0.9771026744435366,0.0037486626873911534,0.01914866286907221,0.9771026744435366,0.0037486626873911534,0.9771026744435366,0.01914866286907221,-0.9733540117561454,2,2,0.128,820.0,0.8714949004352093,0.9809465115266203,-0.4309465115266202
144,144,categorical_soft,0,0,True,0.6047506896738587,0.0,0.39524930715560913,0.0,0.6047506928443909,3,0.20950138568878174,0.3743982225656509,0.13346439525485038,-0.16291797459125518,-0.2579610675573349,0.3743982225656509,0.4134155122933419,0.3069148775075362,0.27966961019912195,0.4134155122933419,0.3069148775075362,0.27966961019912195,0.4134155122933419,0.3069148775075362,-0.13374590209421994,1,1,0.0,930.0,0.0715331882238388,0.46956332434263837,0.08043667565736168
145,145,categorical_soft,0,0,False,0.0,0.0,1.0,0.0,0.0,1,-1.0,0.5888308256864547,0.6988754451274872,1.6863250970840453,-1.8572467684745788,0.5888308256864547,0.2657693950824391,0.71322418209036,0.021006422827201048,0.2657693950824391,0.71322418209036,0.021006422827201048,0.2657693950824391,0.71322418209036,-0.24476297225523802,2,2,0.0,720.0,0.18114810436964035,0.6614705638313395,-0.11147056383133946
146,146,categorical_soft,1,1,True,0.1519203241885233,0.0,0.0,0.8480796813964844,0.15192031860351562,2,-0.6961593627929688,0.3730448544025421,-0.2983703285455704,0.3877969264984131,0.0977812647819519,0.3730448544025421,0.22369638733279595,0.44403725107678127,0.3322663615904226,0.22369638733279595,0.44403725107678127,0.3322663615904226,0.44403725107678127,0.22369638733279595,-0.11177088948635866,2,2,0.032,760.0,0.654623880982399,0.9501698761583731,-0.4001698761583731
147,147,categorical_soft,0,0,True,0.14111425726669852,0.0,0.8588857650756836,0.0,0.1411142498254776,1,-0.717771515250206,0.6566842913627624,1.9496750354766845,-0.9101560175418854,-2.290786027908325,0.6566842913627624,0.9325964899074582,0.05346914661144699,0.013934363481094728,0.9325964899074582,0.05346914661144699,0.013934363481094728,0.9325964899074582,0.05346914661144699,-0.9186621264263635,1,1,0.064,550.0,0.8895179703831673,0.9873244413996682,-0.4373244413996682
148,148,categorical_soft,0,0,False,0.0,0.0,1.0,0.0,0.0,1,-1.0,0.7064837723970413,3.196026062965393,-2.296389675140381,-4.2087029933929445,0.7064837723970413,0.995288241522964,0.004104221244756488,0.0006075372322794449,0.995288241522964,0.004104221244756488,0.0006075372322794449,0.995288241522964,0.004104221244756488,-0.9946807042906846,1,1,0.256,640.0,0.9410156607627869,0.989011461538332,-0.4390114615383319
149,149,categorical_soft,1,1,False,0.0,0.0,0.0,1.0,0.0,2,-1.0,0.7217580020427704,-3.0050286531448362,6.187580585479736,1.5598945021629333,0.7217580020427704,0.00010217979289172325,0.9897328866281816,0.01016493357892662,0.00010217979289172325,0.9897328866281816,0.01016493357892662,0.9897328866281816,0.00010217979289172325,-0.9795679530492549,2,2,0.512,1010.0,0.884843185544014,0.9776384682656628,-0.42763846826566276
150,150,categorical_soft,1,1,True,0.2515553254723077,0.0,0.0,0.748444676399231,0.25155532360076904,2,-0.4968893527984619,0.3367970835417509,0.18124651089310645,-0.10494542121887207,-0.5559716284275055,0.3367970835417509,0.4482956860713818,0.3363950385225894,0.2153092754060289,0.4482956860713818,0.3363950385225894,0.2153092754060289,0.3363950385225894,0.4482956860713818,-0.1210857631165605,1,1,0.0,1140.0,0.39154666662216187,0.76804389163125,-0.21804389163124993
151,151,categorical_soft,1,1,True,0.16508592190326005,0.0,0.0,0.8349140882492065,0.16508592665195465,2,-0.6698281615972519,0.39174781888723376,-0.8992136359214783,1.104750633239746,0.475580170750618,0.39174781888723376,0.08106865895429363,0.5994053089657856,0.31952603207992075,0.08106865895429363,0.5994053089657856,0.31952603207992075,0.5994053089657856,0.08106865895429363,-0.27987927688586484,2,2,0.064,450.0,0.4585789884440601,0.9136067979112812,-0.36360679791128114
152,152,categorical_soft,0,0,True,0.13982705296845277,0.0,0.8601729273796082,0.0,0.13982705771923065,1,-0.7203458696603775,0.3090713948011398,1.4913538455963136,-4.091069316864013,-0.3743264853954315,0.3090713948011398,0.8626861183231307,0.0032474332303871908,0.13406644844648224,0.8626861183231307,0.0032474332303871908,0.13406644844648224,0.8626861183231307,0.0032474332303871908,-0.7286196698766485,1,1,0.256,680.0,1.0252197608351707,0.9923499347600208,-0.4423499347600207
153,153,categorical_soft,1,1,False,0.0,0.0,0.0,1.0,0.0,2,-1.0,0.5640216797590256,-0.07536391038447618,3.6610570430755613,-1.4230710744857789,0.5640216797590256,0.02318855494102638,0.9707250054869053,0.006086439572068219,0.02318855494102638,0.9707250054869053,0.006086439572068219,0.9707250054869053,0.02318855494102638,-0.9646385659148371,2,2,0.128,570.0,0.8900863528251648,0.9870548531058613,-0.43705485310586123
154,154,categorical_soft,1,1,True,0.38718682720448966,0.0,0.0,0.6128131747245789,0.38718682527542114,2,-0.22562634944915771,0.39456936791539193,-0.08773063370026649,0.36335842609405516,-0.26270399391651156,0.39456936791539193,0.29372377257618043,0.460131051061733,0.2461451763620865,0.29372377257618043,0.460131051061733,0.2461451763620865,0.460131051061733,0.29372377257618043,-0.21398587469964653,2,2,0.0,420.0,0.08563469350337982,0.6369667935119121,-0.08696679351191205
155,155,categorical_soft,1,1,True,0.6919414839182145,0.0,0.0,0.3080585300922394,0.691941499710083,3,0.38388296961784363,0.3461242765188217,0.26071020439267156,-0.2140626698732376,-0.45919145941734313,0.3461242765188217,0.4740637014070437,0.29419026494865375,0.23174603364430263,0.4740637014070437,0.29419026494865375,0.23174603364430263,0.29419026494865375,0.4740637014070437,-0.06244423130435112,1,1,0.0,1110.0,0.05216918885707855,0.3931617373280032,0.15683826267199685
156,156,categorical_soft,1,1,False,0.0,0.0,0.0,1.0,0.0,2,-1.0,0.5921508759260178,-1.0444155931472778,5.261500978469849,-0.8404440522193909,0.5921508759260178,0.0018356861320232717,0.9958514024919622,0.0023129113760143602,0.0018356861320232717,0.9958514024919622,0.0023129113760143602,0.9958514024919622,0.0018356861320232717,-0.9935384911159478,2,2,0.512,620.0,1.0369794890284538,0.9932770033740341,-0.4432770033740341
157,157,categorical_soft,0,0,True,0.14246930285070097,0.0,0.8575307130813599,0.0,0.14246930181980133,1,-0.7150614112615585,0.43827117085456846,2.4180363416671753,-7.088578701019287,-0.4575625628232956,0.43827117085456846,0.9464740247099399,7.046653721504725e-05,0.05345550875284497,0.9464740247099399,7.046653721504725e-05,0.05345550875284497,0.9464740247099399,7.046653721504725e-05,-0.8930185159570949,1,1,0.256,1190.0,0.9762993305921555,0.9821923797642307,-0.43219237976423064
158,158,categorical_soft,0,0,False,0.0,0.0,1.0,0.0,0.0,1,-1.0,0.6975899636745453,2.617400884628296,0.4613459944725037,-4.553332376480102,0.6975899636745453,0.8955886019217116,0.10372265970106302,0.0006887383772254738,0.8955886019217116,0.10372265970106302,0.0006887383772254738,0.8955886019217116,0.10372265970106302,-0.8948998635444861,1,1,0.032,970.0,0.5593879073858261,0.9026409468277098,-0.35264094682770974
159,159,categorical_soft,0,0,True,0.2248344800933998,0.0,0.7751654982566833,0.0,0.22483448684215546,1,-0.5503310114145279,0.3819395124912262,1.2068717002868652,-2.23427996635437,-0.9020530223846436,0.3819395124912262,0.8660060204546186,0.027770100519444008,0.10622387902593748,0.8660060204546186,0.027770100519444008,0.10622387902593748,0.8660060204546186,0.027770100519444008,-0.7597821414286812,1,1,0.064,1100.0,0.4242866486310959,0.8031953762369244,-0.25319537623692434
160,160,categorical_soft,0,0,True,0.22324250122744782,0.0,0.7767574787139893,0.0,0.22324250638484955,1,-0.5535149723291397,0.3476560369133949,0.15157009959220885,-0.4752823531627655,-0.21653354316949844,0.3476560369133949,0.4492585773936283,0.23965378552860922,0.31108763707776255,0.4492585773936283,0.23965378552860922,0.31108763707776255,0.4492585773936283,0.23965378552860922,-0.13817094031586574,1,1,0.0,570.0,0.29719260334968567,0.8054738559841625,-0.2554738559841625
161,161,categorical_soft,0,0,False,0.0,0.0,1.0,0.0,0.0,1,-1.0,0.6774968266487121,3.7124537944793703,-4.408996105194092,-4.016855549812317,0.6774968266487121,0.9992630369280509,0.00029740192299493285,0.00043956114895426026,0.9992630369280509,0.00029740192299493285,0.00043956114895426026,0.9992630369280509,0.00029740192299493285,-0.9988234757790966,1,1,0.256,1120.0,0.8825294226408005,0.9742646649939778,-0.42426466499397775
162,162,categorical_soft,0,0,False,0.0,0.0,1.0,0.0,0.0,1,-1.0,0.6932891964912414,2.8638765811920166,-1.5567716360092163,-4.046295118331909,0.6932891964912414,0.9871404275128215,0.011874318372533567,0.0009852541146450004,0.9871404275128215,0.011874318372533567,0.0009852541146450004,0.9871404275128215,0.011874318372533567,-0.9861551733981765,1,1,0.064,1170.0,0.6937208026647568,0.9337542971450663,-0.38375429714506626
163,163,categorical_soft,0,0,False,0.0,0.0,1.0,0.0,0.0,1,-1.0,0.6578245371580124,3.566356086730957,-2.530667543411255,-4.748543739318848,0.6578245371580124,0.9975063024103876,0.0022468773875530014,0.0002468202020591909,0.9975063024103876,0.0022468773875530014,0.0002468202020591909,0.9975063024103876,0.0022468773875530014,-0.9972594822083284,1,1,0.512,420.0,1.0640278086066246,0.9953650626985455,-0.4453650626985455
164,164,categorical_soft,1,1,True,0.17329589949797325,0.0,0.0,0.8267040848731995,0.17329590022563934,2,-0.6534081846475601,0.37217953205108645,-1.2076390743255616,2.1108473777770995,0.5333126991987228,0.37217953205108645,0.02959213245575521,0.8041965901083602,0.16621127743588465,0.02959213245575521,0.8041965901083602,0.16621127743588465,0.8041965901083602,0.02959213245575521,-0.6379853126724755,2,2,0.128,630.0,0.45692120492458344,0.8941022071415985,-0.34410220714159845
165,165,categorical_soft,0,0,False,0.0,0.0,1.0,0.0,0.0,1,-1.0,0.6563553959131241,0.6839234352111816,1.5698769330978393,-1.8352664232254028,0.6563553959131241,0.2852015781209374,0.6916765846740776,0.02312183720498511,0.2852015781209374,0.6916765846740776,0.02312183720498511,0.2852015781209374,0.6916765846740776,-0.26207974091595226,2,2,0.032,450.0,0.3405662328004837,0.8555293667070335,-0.30552936670703346
166,166,categorical_soft,1,1,False,0.0,0.0,0.0,1.0,0.0,2,-1.0,0.6467520594596863,0.5536643326282501,1.1616724491119386,-1.4278523802757264,0.6467520594596863,0.33623332329132694,0.6171215854755332,0.04664509123313979,0.33623332329132694,0.6171215854755332,0.04664509123313979,0.6171215854755332,0.33623332329132694,-0.5704764942423934,2,2,0.0,790.0,0.5542556680738926,0.918242385703389,-0.36824238570338896
167,167,categorical_soft,0,0,False,0.0,0.0,1.0,0.0,0.0,1,-1.0,0.7076786994934082,4.63798828125,-6.218252801895142,-4.642988014221191,0.7076786994934082,0.9998871948118996,1.9346586857037908e-05,9.345860124339287e-05,0.9998871948118996,1.9346586857037908e-05,9.345860124339287e-05,0.9998871948118996,1.9346586857037908e-05,-0.9997937362106561,1,1,0.512,960.0,1.1586555764079094,0.9944225634819186,-0.44442256348191855
168,168,categorical_soft,0,0,True,0.13808275097120648,0.0,0.86191725730896,0.0,0.13808275759220123,1,-0.7238344997167587,0.5076873064041137,3.863072967529297,-7.479126262664795,-2.8847240209579468,0.5076873064041137,0.9987162203781308,1.185377280986368e-05,0.0012719258490595132,0.9987162203781308,1.185377280986368e-05,0.0012719258490595132,0.9987162203781308,1.185377280986368e-05,-0.9974442945290712,1,1,0.512,1150.0,1.6639904230833054,0.9994114755264566,-0.44941147552645655
169,169,categorical_soft,1,1,False,0.0,0.0,0.0,1.0,0.0,2,-1.0,0.6823776215314865,-1.6885639429092407,4.674821949005127,0.4882551968097687,0.6823776215314865,0.0017070350754159191,0.9832209741272759,0.015071990797308097,0.0017070350754159191,0.9832209741272759,0.015071990797308097,0.9832209741272759,0.0017070350754159191,-0.9681489833299678,2,2,0.512,630.0,0.9054725877940655,0.987096515143741,-0.4370965151437409
170,170,categorical_soft,1,1,True,0.15469499962109745,0.0,0.0,0.8453050255775452,0.15469500422477722,2,-0.6906100213527679,0.42141467034816743,-1.6988898873329163,2.2765450716018676,0.7862589716911316,0.42141467034816743,0.01519398946613798,0.8036665708188409,0.1811394397150212,0.01519398946613798,0.8036665708188409,0.1811394397150212,0.8036665708188409,0.01519398946613798,-0.6225271311038196,2,2,0.512,400.0,0.5329052275046706,0.941803186065585,-0.39180318606558495
171,171,categorical_soft,1,1,True,0.15684755429634534,0.0,0.0,0.8431524634361267,0.15684755146503448,2,-0.6863049119710922,0.18578480146825313,-1.5110925555229187,2.5105051517486574,0.6822584390640258,0.18578480146825313,0.015295942322930838,0.8483241166121761,0.13637994106489296,0.015295942322930838,0.8483241166121761,0.13637994106489296,0.8483241166121761,0.015295942322930838,-0.7119441755472832,2,2,0.128,750.0,0.5967523828148842,0.9355792000910905,-0.3855792000910905
172,172,categorical_soft,0,0,False,0.0,0.0,1.0,0.0,0.0,1,-1.0,0.7225132077932358,2.3082828760147094,-0.6412819504737854,-3.6039870262145994,0.7225132077932358,0.9477951949558246,0.04963702204125072,0.0025677830029243918,0.9477951949558246,0.04963702204125072,0.0025677830029243918,0.9477951949558246,0.04963702204125072,-0.9452274119529003,1,1,0.064,1000.0,0.7131521999835968,0.9500865290201956,-0.4000865290201956
173,173,categorical_soft,1,1,False,0.0,0.0,0.0,1.0,0.0,2,-1.0,0.7822682321071625,-1.7450621485710145,5.056083488464355,0.2812543034553528,0.7822682321071625,0.001113151486165191,0.9903672623571561,0.008519586156678739,0.001113151486165191,0.9903672623571561,0.008519586156678739,0.9903672623571561,0.001113151486165191,-0.9818476762004774,2,2,0.512,710.0,0.926895696669817,0.9872083280702392,-0.4372083280702391
174,174,categorical_soft,1,1,False,0.0,0.0,0.0,1.0,0.0,2,-1.0,0.5777180403470993,-0.2466689869761467,2.5321861028671266,-0.6370713829994201,0.5777180403470993,0.05620865522482445,0.9047028918592577,0.0390884529159178,0.05620865522482445,0.9047028918592577,0.0390884529159178,0.9047028918592577,0.05620865522482445,-0.8656144389433399,2,2,0.128,510.0,0.8757945969700813,0.9870818102457184,-0.43708181024571835
175,175,categorical_soft,1,1,False,0.0,0.0,0.0,1.0,0.0,2,-1.0,0.6562022358179093,1.2641446590423584,1.413211452960968,-2.8154813289642333,0.6562022358179093,0.4592376913997779,0.5329185555725583,0.007843753027663953,0.4592376913997779,0.5329185555725583,0.007843753027663953,0.5329185555725583,0.4592376913997779,-0.5250748025448944,2,2,0.032,420.0,0.14259213209152222,0.6989029943655043,-0.14890299436550425
176,176,categorical_soft,0,0,False,0.0,0.0,1.0,0.0,0.0,1,-1.0,0.7001375257968903,3.2730538606643678,-1.9396976709365845,-4.385879230499268,0.7001375257968903,0.9941089920091615,0.0054177187541077695,0.00047328923673072427,0.9941089920091615,0.0054177187541077695,0.00047328923673072427,0.9941089920091615,0.0054177187541077695,-0.9936357027724307,1,1,0.512,430.0,0.9890631213784218,0.993234279246882,-0.44323427924688197
177,177,categorical_soft,0,0,True,0.14220901230710697,0.0,0.857791006565094,0.0,0.1422090083360672,1,-0.7155819982290268,0.4037130057811737,1.5335171103477478,-3.0387382984161375,-1.1389750838279724,0.4037130057811737,0.9252245576173109,0.009567317947683422,0.06520812443500562,0.9252245576173109,0.009567317947683422,0.06520812443500562,0.9252245576173109,0.009567317947683422,-0.8600164331823053,1,1,0.128,680.0,0.8628118187189102,0.9831660768651947,-0.4331660768651947
178,178,categorical_soft,1,1,False,0.0,0.0,0.0,1.0,0.0,2,-1.0,0.6568806231021881,-3.1864980936050413,7.552350425720215,1.1724984407424928,0.6568806231021881,2.2107944900743624e-05,0.99819254401213,0.001785348042969185,2.2107944900743624e-05,0.99819254401213,0.001785348042969185,0.99819254401213,2.2107944900743624e-05,-0.9964071959691608,2,2,0.512,1100.0,0.9082893161103129,0.9777844890366508,-0.4277844890366508
179,179,categorical_soft,0,0,True,0.2096389923333335,0.0,0.7903609871864319,0.0,0.20963899791240692,1,-0.580721989274025,0.35238986238837244,0.11539350440725685,0.20117661058902742,-0.4563629060983658,0.35238986238837244,0.3769717135291156,0.40922676279367176,0.21380152367721267,0.3769717135291156,0.40922676279367176,0.21380152367721267,0.3769717135291156,0.40922676279367176,-0.16317018985190296,2,2,0.0,530.0,0.31519949436187744,0.826003236936907,-0.276003236936907
180,180,categorical_soft,0,0,False,0.0,0.0,1.0,0.0,0.0,1,-1.0,0.7244306087493897,2.5927281856536863,0.08881553821265697,-4.399260997772217,0.7244306087493897,0.9235440402154703,0.07560562316275642,0.0008503366217733671,0.9235440402154703,0.07560562316275642,0.0008503366217733671,0.9235440402154703,0.07560562316275642,-0.922693703593697,1,1,0.032,660.0,0.8083652555942535,0.9786259904641058,-0.42862599046410577
181,181,categorical_soft,1,1,True,0.14796051642241764,0.0,0.0,0.8520394563674927,0.14796051383018494,2,-0.7040789425373077,0.39198867976665497,-1.7104132294654846,3.0821085453033445,0.8415475010871887,0.39198867976665497,0.007548353451193535,0.8965175748224032,0.0959340717264032,0.007548353451193535,0.8965175748224032,0.0959340717264032,0.8965175748224032,0.007548353451193535,-0.800583503096,2,2,0.256,780.0,0.7220612280070782,0.9628616094181124,-0.41286160941811234
182,182,categorical_soft,1,1,False,0.0,0.0,0.0,1.0,0.0,2,-1.0,0.5351775109767913,1.0502386093139648,1.7376824617385864,-2.503689908981323,0.5351775109767913,0.3314847517583608,0.6590241607991499,0.009491087442489308,0.3314847517583608,0.6590241607991499,0.009491087442489308,0.6590241607991499,0.3314847517583608,-0.6495330733566607,2,2,0.0,620.0,0.32470835000276566,0.8169446782905361,-0.26694467829053603
183,183,categorical_soft,1,1,False,0.0,0.0,0.0,1.0,0.0,2,-1.0,0.5570805609226227,-0.9909398019313812,3.9972659826278685,-0.23849748820066452,0.5570805609226227,0.0067726785371099415,0.9786487995820318,0.014578521880858186,0.0067726785371099415,0.9786487995820318,0.014578521880858186,0.9786487995820318,0.0067726785371099415,-0.9640702777011736,2,2,0.512,440.0,0.9864633828401566,0.9930653685045051,-0.44306536850450506
184,184,categorical_soft,0,0,True,0.14023177311416907,0.0,0.8597682118415833,0.0,0.14023177325725555,1,-0.7195364385843277,0.3605810463428497,1.4514792442321778,-3.241964054107666,-0.9161568999290466,0.3605810463428497,0.9054411743771373,0.008296838852859121,0.08626198677000359,0.9054411743771373,0.008296838852859121,0.08626198677000359,0.9054411743771373,0.008296838852859121,-0.8191791876071337,1,1,0.064,1040.0,1.0746464524418116,0.9907534544092869,-0.4407534544092868
185,185,categorical_soft,0,0,False,0.0,0.0,1.0,0.0,0.0,1,-1.0,0.7063492327928543,3.467232322692871,-2.369046425819397,-4.539863967895508,0.7063492327928543,0.9967496375413687,0.0029160402643053952,0.0003343221943260446,0.9967496375413687,0.0029160402643053952,0.0003343221943260446,0.9967496375413687,0.0029160402643053952,-0.9964153153470426,1,1,0.256,690.0,0.824377030134201,0.9794972389177028,-0.42949723891770275
186,186,categorical_soft,1,1,False,0.0,0.0,0.0,1.0,0.0,2,-1.0,0.4799212276935577,-0.08563158065080642,3.411103677749634,-1.4096704125404358,0.4799212276935577,0.029281313674397763,0.9629068293381866,0.0078118569874155806,0.029281313674397763,0.9629068293381866,0.0078118569874155806,0.9629068293381866,0.029281313674397763,-0.955094972350771,2,2,0.064,780.0,0.8256258368492126,0.9773373939606169,-0.4273373939606169
187,187,categorical_soft,0,0,True,0.14698093772251564,0.0,0.8530190587043762,0.0,0.14698094129562378,1,-0.7060381174087524,0.39973215758800507,1.5370831489562988,-3.1109038829803466,-1.0747990369796754,0.39973215758800507,0.9217283588793018,0.008853173472737775,0.06941846764796042,0.9217283588793018,0.008853173472737775,0.06941846764796042,0.9217283588793018,0.008853173472737775,-0.8523098912313414,1,1,0.032,990.0,0.7931640520691872,0.9661522905281389,-0.41615229052813885
188,188,categorical_soft,0,0,True,0.13887839029869398,0.0,0.8611215949058533,0.0,0.13887839019298553,1,-0.7222432047128677,0.3846766173839569,2.5934818029403686,-7.23449330329895,-0.8258249282836914,0.3846766173839569,0.9679685708482166,5.225028822932421e-05,0.03197917886355414,0.9679685708482166,5.225028822932421e-05,0.03197917886355414,0.9679685708482166,5.225028822932421e-05,-0.9359893919846625,1,1,0.512,820.0,1.2002649754285812,0.9961531855960688,-0.44615318559606876
189,189,categorical_soft,1,1,True,0.4922808545515101,0.0,0.0,0.5077191591262817,0.49228084087371826,2,-0.015438318252563477,0.32379156202077863,-0.0730727200396359,0.1218932956457138,-0.15170336216688157,0.32379156202077863,0.3187063480536695,0.3869733381999044,0.29432031374642614,0.3187063480536695,0.3869733381999044,0.29432031374642614,0.3869733381999044,0.3187063480536695,-0.09265302445347828,2,2,0.0,870.0,0.1272290199995041,0.5557900779139849,-0.005790077913984892
190,190,categorical_soft,1,1,True,0.1614042197962,0.0,0.0,0.8385958075523376,0.16140422224998474,2,-0.6771915853023529,0.2784084782004356,-2.3166929483413696,3.1312572956085205,1.214899516105652,0.2784084782004356,0.0037644446330396737,0.8683996357113906,0.1278359196555699,0.0037644446330396737,0.8683996357113906,0.1278359196555699,0.8683996357113906,0.0037644446330396737,-0.7405637160558207,2,2,0.128,1010.0,0.6217487994581461,0.9230908345077989,-0.3730908345077989
191,191,categorical_soft,0,0,False,0.0,0.0,1.0,0.0,0.0,1,-1.0,0.7361754596233367,2.761460304260254,-0.12885875925421714,-4.6064098358154295,0.7361754596233367,0.9467608323733879,0.05264029162018578,0.0005988760064262674,0.9467608323733879,0.05264029162018578,0.0005988760064262674,0.9467608323733879,0.05264029162018578,-0.9461619563669617,1,1,0.128,430.0,0.6901669502258301,0.971265268944122,-0.421265268944122
192,192,categorical_soft,1,1,False,0.0,0.0,0.0,1.0,0.0,2,-1.0,0.6519728571176528,-1.5034462571144105,3.3870282888412477,0.4955320179462433,0.6519728571176528,0.0071118069414776094,0.9402067325519274,0.05268146050659504,0.0071118069414776094,0.9402067325519274,0.05268146050659504,0.9402067325519274,0.0071118069414776094,-0.8875252720453324,2,2,0.512,530.0,0.8170751482248306,0.9824240518826223,-0.43242405188262223
193,193,categorical_soft,0,0,True,0.145772605207241,0.0,0.8542274236679077,0.0,0.14577260613441467,1,-0.708454817533493,0.40547500252723695,1.7105098605155944,-4.312933397293091,-0.6379082500934601,0.40547500252723695,0.9101127174701592,0.0022074529632094904,0.0876798295666314,0.9101127174701592,0.0022074529632094904,0.0876798295666314,0.9101127174701592,0.0022074529632094904,-0.8224328879035279,1,1,0.128,1080.0,0.8427324146032333,0.9703012201844253,-0.4203012201844253
194,194,categorical_soft,1,1,False,0.0,0.0,0.0,1.0,0.0,2,-1.0,0.6696210980415345,1.6935369849205018,1.6940100550651551,-3.628279185295105,0.6696210980415345,0.4986478848835375,0.49888126676548133,0.0024708483509811724,0.4986478848835375,0.49888126676548133,0.0024708483509811724,0.49888126676548133,0.4986478848835375,-0.4964104184145002,2,2,0.0,1050.0,0.24135959148406982,0.6382705062354783,-0.08827050623547827
195,195,categorical_soft,1,1,False,0.0,0.0,0.0,1.0,0.0,2,-1.0,0.5437934547662735,0.6579020082950592,0.9446729421615601,-1.2839445352554322,0.5437934547662735,0.40394261268385223,0.5380904786028347,0.057966908713313184,0.40394261268385223,0.5380904786028347,0.057966908713313184,0.5380904786028347,0.40394261268385223,-0.4801235698895215,2,2,0.0,580.0,0.03497976064682007,0.5300748520688947,0.019925147931105336
196,196,categorical_soft,1,1,False,0.0,0.0,0.0,1.0,0.0,2,-1.0,0.5056642085313797,-0.830338579416275,5.983635950088501,-1.3353498816490172,0.5056642085313797,0.001098862407284356,0.9982142787723985,0.0006868588203170928,0.001098862407284356,0.9982142787723985,0.0006868588203170928,0.9982142787723985,0.001098862407284356,-0.9975274199520815,2,2,0.128,1090.0,0.8795745894312859,0.9748019174857763,-0.4248019174857762
197,197,categorical_soft,1,1,False,0.0,0.0,0.0,1.0,0.0,2,-1.0,0.543340876698494,1.0278294205665588,1.6842971563339233,-2.4506785392761232,0.543340876698494,0.337992378514227,0.6515747131604159,0.0104329083253572,0.337992378514227,0.6515747131604159,0.0104329083253572,0.6515747131604159,0.337992378514227,-0.6411418048350588,2,2,0.0,530.0,0.456807479262352,0.9049384685594726,-0.35493846855947253
198,198,categorical_soft,1,1,True,0.16971806602308326,0.0,0.0,0.8302819132804871,0.16971807181835175,2,-0.6605638414621353,0.3654625333845615,-0.9799512922763824,2.8061981439590453,0.11722110956907272,0.3654625333845615,0.02104803650436999,0.9165907923532177,0.062361171142412276,0.02104803650436999,0.9165907923532177,0.062361171142412276,0.9165907923532177,0.02104803650436999,-0.8542296212108055,2,2,0.128,940.0,0.5513442233204842,0.9023456784161284,-0.3523456784161284
199,199,categorical_soft,0,0,False,0.0,0.0,1.0,0.0,0.0,1,-1.0,0.6767917931079864,2.6754457712173463,-0.727191299200058,-4.115367031097412,0.6767917931079864,0.9667227367960216,0.03218982603160274,0.0010874371723757215,0.9667227367960216,0.03218982603160274,0.0010874371723757215,0.9667227367960216,0.03218982603160274,-0.9656352996236459,1,1,0.064,630.0,0.6827080249786377,0.9624110985426224,-0.41241109854262237
200,200,categorical_soft,0,0,True,0.1405106175801334,0.0,0.859489381313324,0.0,0.14051061868667603,1,-0.718978762626648,0.3565050274133682,1.2479359030723571,-3.340684962272644,-0.47746315896511077,0.3565050274133682,0.8405777121980677,0.008548143668186077,0.15087414413374614,0.8405777121980677,0.008548143668186077,0.15087414413374614,0.8405777121980677,0.008548143668186077,-0.6897035680643215,1,1,0.256,510.0,0.9216797426342964,0.9896623360021629,-0.43966233600216287
201,201,categorical_soft,0,0,False,0.0,0.0,1.0,0.0,0.0,1,-1.0,0.6579584419727326,3.3798444509506225,-4.436753988265991,-3.51646466255188,0.6579584419727326,0.9985866270863347,0.00040294792472966596,0.0010104249889356935,0.9985866270863347,0.00040294792472966596,0.0010104249889356935,0.9985866270863347,0.00040294792472966596,-0.9975762020973991,1,1,0.128,1160.0,0.77137890458107,0.9543255483404679,-0.40432554834046786
202,202,categorical_soft,1,1,False,0.0,0.0,0.0,1.0,0.0,2,-1.0,0.5463522374629974,-0.14874139577150344,3.2421504735946653,-1.187170433998108,0.5463522374629974,0.03232783697181933,0.9560041317107103,0.011668031317470313,0.03232783697181933,0.9560041317107103,0.011668031317470313,0.9560041317107103,0.03232783697181933,-0.94433610039324,2,2,0.128,630.0,0.7733290158212185,0.9755886426620864,-0.4255886426620864
203,203,categorical_soft,1,1,True,0.1490194756019766,0.0,0.0,0.8509805202484131,0.14901947975158691,2,-0.7019610404968262,0.2174544483423233,-2.0135444045066833,3.4778216600418093,0.9668785929679871,0.2174544483423233,0.0038387827686220933,0.9213166260893997,0.0748445911419783,0.0038387827686220933,0.9213166260893997,0.0748445911419783,0.9213166260893997,0.0038387827686220933,-0.8464720349474214,2,2,0.256,720.0,0.6883350163698196,0.9593743057190663,-0.4093743057190663
204,204,categorical_soft,1,1,False,0.0,0.0,0.0,1.0,0.0,2,-1.0,0.5482409596443176,1.1634464502334594,2.654484987258911,-2.9902698755264283,0.5482409596443176,0.18335707485056865,0.8137624816488662,0.002880443500565178,0.18335707485056865,0.8137624816488662,0.002880443500565178,0.8137624816488662,0.18335707485056865,-0.8108820381483011,2,2,0.032,880.0,0.786303885281086,0.9692417092065296,-0.4192417092065296
205,205,categorical_soft,0,0,False,0.0,0.0,1.0,0.0,0.0,1,-1.0,0.5880974382162094,3.1514885425567627,-0.7094825625419616,-4.973383903503418,0.5880974382162094,0.9790807327735683,0.020628224815330987,0.00029104241110072327,0.9790807327735683,0.020628224815330987,0.00029104241110072327,0.9790807327735683,0.020628224815330987,-0.9787896903624677,1,1,0.256,480.0,0.860015258193016,0.9865435989136945,-0.43654359891369443
206,206,categorical_soft,0,0,True,0.13854824437373459,0.0,0.8614517450332642,0.0,0.13854824006557465,1,-0.7229035049676895,0.5292838841676712,3.18972704410553,-5.494795846939087,-2.423392629623413,0.5292838841676712,0.9959503001418246,0.0001690871717851167,0.003880612686390222,0.9959503001418246,0.0001690871717851167,0.003880612686390222,0.9959503001418246,0.0001690871717851167,-0.9920696874554344,1,1,0.512,860.0,1.2978549934923649,0.9974974387743648,-0.44749743877436476
207,207,categorical_soft,1,1,True,0.14534355196600074,0.0,0.0,0.854656457901001,0.14534355700016022,2,-0.7093129009008408,0.36510434113442897,-1.4644402503967284,2.2394278049468994,0.6072466820478439,0.36510434113442897,0.020518005669612656,0.8191792452742177,0.16030274905616956,0.020518005669612656,0.8191792452742177,0.16030274905616956,0.8191792452742177,0.020518005669612656,-0.6588764962180481,2,2,0.256,600.0,0.7358072251081467,0.9717991940936319,-0.42179919409363187
208,208,categorical_soft,0,0,False,0.0,0.0,1.0,0.0,0.0,1,-1.0,0.669809365272522,3.8190359592437746,-2.798666524887085,-4.816849994659424,0.669809365272522,0.9984857445806223,0.0013362975397738746,0.00017795787960365184,0.9984857445806223,0.0013362975397738746,0.00017795787960365184,0.9984857445806223,0.0013362975397738746,-0.9983077867010187,1,1,0.512,550.0,0.9212616831064224,0.9891350999766536,-0.43913509997665356
209,209,categorical_soft,0,0,True,0.14118864567241024,0.0,0.8588113784790039,0.0,0.14118865132331848,1,-0.7176227271556854,0.37536575496196745,1.4400755882263183,-4.227624940872192,-0.2801771774888039,0.37536575496196745,0.8445098894018302,0.0029274149030492458,0.15256269569512043,0.8445098894018302,0.0029274149030492458,0.15256269569512043,0.8445098894018302,0.0029274149030492458,-0.6919471937067099,1,1,0.128,920.0,0.9757032729685307,0.9870385860373436,-0.4370385860373436
210,210,categorical_soft,1,1,True,0.15860824482892266,0.0,0.0,0.8413917422294617,0.15860824286937714,2,-0.6827834993600845,0.2513039462268353,-1.829759407043457,2.9925014972686768,0.9033315181732178,0.2513039462268353,0.0071697443215425595,0.8831215946186843,0.10970866105977303,0.0071697443215425595,0.8831215946186843,0.10970866105977303,0.8831215946186843,0.0071697443215425595,-0.7734129335589113,2,2,0.128,1120.0,0.6714484915137291,0.9306480679911552,-0.38064806799115514
211,211,categorical_soft,1,1,False,0.0,0.0,0.0,1.0,0.0,2,-1.0,0.5873374342918396,0.19687387198209763,4.201974964141845,-1.9559530735015869,0.5873374342918396,0.01787495001746473,0.9799932680596841,0.0021317819228510145,0.01787495001746473,0.9799932680596841,0.0021317819228510145,0.9799932680596841,0.01787495001746473,-0.9778614861368331,2,2,0.128,630.0,0.9032019004225731,0.9869536354201252,-0.4369536354201251
212,212,categorical_soft,1,1,False,0.0,0.0,0.0,1.0,0.0,2,-1.0,0.6386806190013885,-0.5308226853609085,3.477176308631897,-0.8300415515899658,0.6386806190013885,0.017634866772662475,0.9690084437970847,0.013356689430252786,0.017634866772662475,0.9690084437970847,0.013356689430252786,0.9690084437970847,0.017634866772662475,-0.9556517543668319,2,2,0.256,490.0,0.8382568582892418,0.9848693830353438,-0.4348693830353437
213,213,categorical_soft,0,0,True,0.1411430340477458,0.0,0.8588569760322571,0.0,0.1411430388689041,1,-0.717713937163353,0.3113533481955528,1.1132276773452758,-2.9902111530303954,-0.33710358291864395,0.3113533481955528,0.7985932688473149,0.013188157839072054,0.1882185733136132,0.7985932688473149,0.013188157839072054,0.1882185733136132,0.7985932688473149,0.013188157839072054,-0.6103746955337017,1,1,0.128,620.0,0.9049015678465366,0.9872138017206691,-0.43721380172066904
214,214,categorical_soft,1,1,True,0.33175343955558406,0.0,0.0,0.6682465672492981,0.3317534327507019,2,-0.3364931344985962,0.30652554482221606,0.4467195600271225,-1.370852291584015,-0.3754187196493149,0.30652554482221606,0.6241090009435617,0.10137443492555753,0.27451656413088077,0.6241090009435617,0.10137443492555753,0.27451656413088077,0.10137443492555753,0.6241090009435617,0.17314212920532324,1,1,0.0,1170.0,0.3128942549228668,0.6845322045734847,-0.1345322045734847
215,215,categorical_soft,0,0,True,0.14168217634812003,0.0,0.8583178520202637,0.0,0.14168217778205872,1,-0.716635674238205,0.31441939771175387,0.24069104045629502,-0.4158892214298248,-0.45705256462097166,0.31441939771175387,0.4959171827049011,0.25706889136519717,0.24701392592990173,0.4959171827049011,0.25706889136519717,0.24701392592990173,0.4959171827049011,0.25706889136519717,-0.24890325677499936,1,1,0.0,400.0,0.8201030120253563,0.9851543467679202,-0.4351543467679202
216,216,categorical_soft,1,1,False,0.0,0.0,0.0,1.0,0.0,2,-1.0,0.5549365669488907,-0.04202955160290003,3.3490267753601075,-1.3510587573051454,0.5549365669488907,0.03235400171362736,0.958840288343825,0.008805709942547719,0.03235400171362736,0.958840288343825,0.008805709942547719,0.958840288343825,0.03235400171362736,-0.9500345784012773,2,2,0.032,1070.0,0.9571733213961124,0.9830576817710954,-0.4330576817710954
217,217,categorical_soft,1,1,True,0.14734119037216775,0.0,0.0,0.8526588082313538,0.14734119176864624,2,-0.7053176164627075,0.31253522019833324,-1.0933750450611115,2.1064369559288023,0.42907114923000333,0.31253522019833324,0.033631239973271665,0.8141023450117147,0.1522664150150135,0.033631239973271665,0.8141023450117147,0.1522664150150135,0.8141023450117147,0.033631239973271665,-0.6618359299967013,2,2,0.128,510.0,0.6679420471191406,0.9649346902173321,-0.4149346902173321
218,218,categorical_soft,1,1,True,0.14561376889664313,0.0,0.0,0.8543862104415894,0.14561377465724945,2,-0.7087724357843399,0.3151507884263992,-3.194887113571167,4.491581630706787,1.944359576702118,0.3151507884263992,0.0004374271412623409,0.9269492219121076,0.07261335094662984,0.0004374271412623409,0.9269492219121076,0.07261335094662984,0.9269492219121076,0.0004374271412623409,-0.8543358709654778,2,2,0.512,840.0,0.7877875319682062,0.9708542288902703,-0.42085422889027024
219,219,categorical_soft,0,0,False,0.0,0.0,1.0,0.0,0.0,1,-1.0,0.7568805575370788,3.511589193344116,-2.3028262853622437,-4.5636450290679935,0.7568805575370788,0.9967113218079527,0.0029774693179909183,0.0003112088740564276,0.9967113218079527,0.0029774693179909183,0.0003112088740564276,0.9967113218079527,0.0029774693179909183,-0.9964001129338963,1,1,0.256,790.0,0.9336192756891251,0.9863823598187527,-0.4363823598187526
220,220,categorical_soft,1,1,False,0.0,0.0,0.0,1.0,0.0,2,-1.0,0.5454156339168549,1.2481773257255555,2.4613075494766234,-3.080717921257019,0.5454156339168549,0.22851633652193168,0.7684563109916807,0.0030273524863876572,0.22851633652193168,0.7684563109916807,0.0030273524863876572,0.7684563109916807,0.22851633652193168,-0.765428958505293,2,2,0.032,930.0,0.695711875683628,0.9500247111675635,-0.40002471116756344
221,221,categorical_soft,1,1,True,0.14853097830641065,0.0,0.0,0.8514690399169922,0.148530974984169,2,-0.7029380649328232,0.31894487887620926,-1.7470445871353149,2.81705379486084,0.9231927037239075,0.31894487887620926,0.00905551501421337,0.8611957947497839,0.12974869023600286,0.00905551501421337,0.8611957947497839,0.12974869023600286,0.8611957947497839,0.00905551501421337,-0.731447104513781,2,2,0.256,600.0,0.6674078479409218,0.9609741496551975,-0.4109741496551974
222,222,categorical_soft,1,1,True,0.1561274774266378,0.0,0.0,0.8438725471496582,0.15612748265266418,2,-0.687745064496994,0.2999971993267536,-1.7281955122947692,2.7202121734619142,0.7690544247627258,0.2999971993267536,0.010198548514434951,0.8664858127267875,0.1233156387587776,0.010198548514434951,0.8664858127267875,0.1233156387587776,0.8664858127267875,0.010198548514434951,-0.7431701739680099,2,2,0.128,920.0,0.6455166675150394,0.9376366289807997,-0.38763662898079965
223,223,categorical_soft,1,1,False,0.0,0.0,0.0,1.0,0.0,2,-1.0,0.5425600171089172,-2.528708648681641,7.459684705734253,0.35964464843273164,0.5425600171089172,4.6664441694050095e-05,0.999085158591849,0.0008681769664569568,4.6664441694050095e-05,0.999085158591849,0.0008681769664569568,0.999085158591849,4.6664441694050095e-05,-0.9982169816253921,2,2,0.512,1080.0,0.9951790161430836,0.9857344003738269,-0.4357344003738268
224,224,categorical_soft,0,0,False,0.0,0.0,1.0,0.0,0.0,1,-1.0,0.5588728368282319,1.1067210674285888,1.7509773969650269,-2.5004444122314453,0.5588728368282319,0.34110359833595705,0.6496215107767189,0.009274890887324107,0.34110359833595705,0.6496215107767189,0.009274890887324107,0.34110359833595705,0.6496215107767189,-0.33182870744863296,2,2,0.0,1140.0,0.4604542929737363,0.8228637386141178,-0.2728637386141177
225,225,categorical_soft,0,0,False,0.0,0.0,1.0,0.0,0.0,1,-1.0,0.6972673028707504,2.6724439382553102,-1.0948590755462646,-3.8397620677948,0.6972673028707504,0.9759774733324754,0.022570376428075342,0.001452150239449255,0.9759774733324754,0.022570376428075342,0.001452150239449255,0.9759774733324754,0.022570376428075342,-0.9745253230930262,1,1,0.032,740.0,0.7069098949432373,0.9619124420023145,-0.41191244200231447
226,226,categorical_soft,0,0,True,0.1528089201268638,0.0,0.8471910953521729,0.0,0.15280891954898834,1,-0.6943821758031845,0.2576900705695152,0.5190777510404587,-1.6089074969291688,-0.30702082961797716,0.2576900705695152,0.6418495316248594,0.07658135658980915,0.2815691117853315,0.6418495316248594,0.07658135658980915,0.2815691117853315,0.6418495316248594,0.07658135658980915,-0.36028041983952785,1,1,0.064,1010.0,0.7045481577515602,0.9474461245798402,-0.3974461245798402
227,227,categorical_soft,1,1,True,0.15360463462581997,0.0,0.0,0.8463953733444214,0.1536046415567398,2,-0.6927907317876816,0.37850419133901597,-1.8042029976844787,2.243248152732849,0.8521050214767456,0.37850419133901597,0.01390805564605353,0.7894946289062957,0.19659731544765066,0.01390805564605353,0.7894946289062957,0.19659731544765066,0.7894946289062957,0.01390805564605353,-0.592897313458645,2,2,0.512,420.0,0.5501690473174676,0.945042986345464,-0.395042986345464
228,228,categorical_soft,0,0,True,0.14064528422321942,0.0,0.8593547344207764,0.0,0.14064528048038483,1,-0.7187094539403915,0.34834020137786864,1.5388631105422974,-4.380434179306031,-0.4909140318632126,0.34834020137786864,0.881489755203746,0.002370238371982451,0.11614000642427169,0.881489755203746,0.002370238371982451,0.11614000642427169,0.881489755203746,0.002370238371982451,-0.7653497487794743,1,1,0.256,730.0,0.9654799997806549,0.9891379291663808,-0.4391379291663807
229,229,categorical_soft,1,1,False,0.0,0.0,0.0,1.0,0.0,2,-1.0,0.5068292021751404,1.2649088621139526,2.8066108226776123,-3.2896270036697386,0.5068292021751404,0.17613448148755823,0.8220115280383802,0.0018539904740615385,0.17613448148755823,0.8220115280383802,0.0018539904740615385,0.8220115280383802,0.17613448148755823,-0.8201575375643186,2,2,0.064,730.0,0.7088822452351451,0.9627012144069175,-0.4127012144069174
230,230,categorical_soft,0,0,True,0.6246148066422668,0.0,0.37538519501686096,0.0,0.6246148347854614,3,0.24922963976860046,0.3633796632289886,0.3196022197604179,-0.8617672085762024,-0.2703865557909012,0.3633796632289886,0.5371442910485624,0.1649036640006491,0.2979520449507887,0.5371442910485624,0.1649036640006491,0.2979520449507887,0.5371442910485624,0.1649036640006491,-0.23919224609777373,1,1,0.0,1030.0,0.08277012407779694,0.4533259793573495,0.09667402064265057
231,231,categorical_soft,1,1,True,0.1600567102224431,0.0,0.0,0.8399432897567749,0.1600567102432251,2,-0.6798865795135498,0.2690235637128353,-2.031388819217682,2.9311606168746946,1.014554464817047,0.2690235637128353,0.00610875850221376,0.8663671490739281,0.12752409242385823,0.00610875850221376,0.8663671490739281,0.12752409242385823,0.8663671490739281,0.00610875850221376,-0.7388430566500699,2,2,0.128,970.0,0.6224888265132904,0.9266926392432918,-0.37669263924329177
232,232,categorical_soft,0,0,True,0.6555425499959664,0.0,0.3444574475288391,0.0,0.6555425524711609,3,0.3110851049423218,0.31048897206783294,0.16990338191390036,-0.8332773566246032,-0.05580990463495254,0.31048897206783294,0.46200316211579934,0.16959935926611097,0.3683974786180897,0.46200316211579934,0.16959935926611097,0.3683974786180897,0.46200316211579934,0.16959935926611097,-0.09360568349770965,1,1,0.0,940.0,0.03882630169391632,0.4268644092037139,0.12313559079628617
233,233,categorical_soft,0,0,True,0.13890512674687916,0.0,0.8610948920249939,0.0,0.1389051228761673,1,-0.7221897691488266,0.3545553222298622,1.9280266880989074,-5.142588090896607,-0.7545392274856567,0.3545553222298622,0.9340944207330306,0.0007958007261991241,0.06510977854077026,0.9340944207330306,0.0007958007261991241,0.06510977854077026,0.9340944207330306,0.0007958007261991241,-0.8689846421922603,1,1,0.256,890.0,1.2117628089617938,0.9960447976541715,-0.4460447976541715
234,234,categorical_soft,1,1,True,0.1669190986530561,0.0,0.0,0.8330808877944946,0.16691909730434418,2,-0.6661617904901505,0.2692600801587105,-3.224741291999817,4.275625371932984,1.902429175376892,0.2692600801587105,0.0005124951878396382,0.9142406950470698,0.08524680976509051,0.0005124951878396382,0.9142406950470698,0.08524680976509051,0.9142406950470698,0.0005124951878396382,-0.8289938852819794,2,2,0.256,1150.0,0.618890518322587,0.9090657488465645,-0.3590657488465645
235,235,categorical_soft,0,0,True,0.3584819305486807,0.0,0.6415180563926697,0.0,0.3584819436073303,1,-0.28303611278533936,0.39790219366550444,0.05322382440790534,-0.07921974807977676,-0.18264489620923996,0.39790219366550444,0.3752010240817635,0.32847548754291184,0.29632348837532474,0.3752010240817635,0.32847548754291184,0.29632348837532474,0.3752010240817635,0.32847548754291184,-0.07887753570643874,1,1,0.0,450.0,0.11441224813461304,0.660932596719877,-0.11093259671987699
236,236,categorical_soft,0,0,False,0.0,0.0,1.0,0.0,0.0,1,-1.0,0.6612183332443238,5.213114213943482,-7.2711629390716555,-5.360512208938599,0.6612183332443238,0.9999701825474819,3.7870296943132974e-06,2.603042282360722e-05,0.9999701825474819,3.7870296943132974e-06,2.603042282360722e-05,0.9999701825474819,3.7870296943132974e-06,-0.9999441521246584,1,1,0.512,1180.0,1.1793404817581177,0.9934377917668306,-0.4434377917668305
237,237,categorical_soft,1,1,False,0.0,0.0,0.0,1.0,0.0,2,-1.0,0.7161735355854034,-2.7470773458480835,7.0498419284820555,0.7076210141181946,0.7161735355854034,5.6461292629886055e-05,0.9981258909133871,0.0018176477939830585,5.6461292629886055e-05,0.9981258909133871,0.0018176477939830585,0.9981258909133871,5.6461292629886055e-05,-0.996308243119404,2,2,0.512,1040.0,0.8575209192931652,0.9735935369836438,-0.42359353698364377
238,238,categorical_soft,1,1,True,0.1653626532142904,0.0,0.0,0.8346373438835144,0.1653626561164856,2,-0.6692746877670288,0.41134909689426424,-0.25681393295526506,0.6978769600391388,-0.20960488319396972,0.41134909689426424,0.21529586559647598,0.5582856685532456,0.22641846585027853,0.21529586559647598,0.5582856685532456,0.22641846585027853,0.5582856685532456,0.21529586559647598,-0.33186720270296705,2,2,0.064,570.0,0.48624189104884863,0.912913889219907,-0.36291388921990697
239,239,categorical_soft,1,1,False,0.0,0.0,0.0,1.0,0.0,2,-1.0,0.5667508453130722,-2.0811729192733766,5.400324535369873,0.5104393362998962,0.5667508453130722,0.0005673487656853123,0.9918146425063498,0.007618008727964813,0.0005673487656853123,0.9918146425063498,0.007618008727964813,0.9918146425063498,0.0005673487656853123,-0.984196633778385,2,2,0.256,1150.0,0.9062359754461795,0.9762034818176099,-0.4262034818176098
240,240,categorical_soft,0,0,True,0.13999451437870852,0.0,0.8600054979324341,0.0,0.1399945169687271,1,-0.720010980963707,0.36316908001899717,1.7074108123779297,-4.971926307678222,-0.3982440888881683,0.36316908001899717,0.8901998330873727,0.001119381801940686,0.10868078511068661,0.8901998330873727,0.001119381801940686,0.10868078511068661,0.8901998330873727,0.001119381801940686,-0.7815190479766861,1,1,0.128,1160.0,1.1259546265937388,0.9916875020500079,-0.44168750205000784
241,241,categorical_soft,0,0,False,0.0,0.0,1.0,0.0,0.0,1,-1.0,0.6817486852407455,3.485824990272522,-2.9014409303665163,-4.46693058013916,0.6817486852407455,0.9979675374184966,0.0016812773926626584,0.0003511851888407105,0.9979675374184966,0.0016812773926626584,0.0003511851888407105,0.9979675374184966,0.0016812773926626584,-0.997616352229656,1,1,0.256,780.0,0.9812496453523636,0.9893212358900684,-0.43932123589006833
242,242,categorical_soft,1,1,False,0.0,0.0,0.0,1.0,0.0,2,-1.0,0.5304159373044968,1.213961923122406,1.5838059186935425,-2.7018837690353394,0.5304159373044968,0.40527247624972745,0.5865881392286998,0.008139384521572732,0.40527247624972745,0.5865881392286998,0.008139384521572732,0.5865881392286998,0.40527247624972745,-0.5784487547071271,2,2,0.032,760.0,0.40921776555478573,0.850970846419215,-0.300970846419215
243,243,categorical_soft,1,1,True,0.1521124229431609,0.0,0.0,0.8478875756263733,0.1521124243736267,2,-0.6957751512527466,0.3204477660357952,-1.6630501389503478,2.4274019241333007,0.8286200165748596,0.3204477660357952,0.01388650035368274,0.8202361905201521,0.1658773091261651,0.01388650035368274,0.8202361905201521,0.1658773091261651,0.8202361905201521,0.01388650035368274,-0.6543588813939869,2,2,0.128,890.0,0.6839880559127778,0.9495773956125515,-0.39957739561255146
244,244,categorical_soft,1,1,False,0.0,0.0,0.0,1.0,0.0,2,-1.0,0.6225732773542404,0.6609786987304688,2.3710099935531614,-1.9953116178512573,0.6225732773542404,0.1515040524654681,0.8376074084493016,0.010888539085230426,0.1515040524654681,0.8376074084493016,0.010888539085230426,0.8376074084493016,0.1515040524654681,-0.8267188693640711,2,2,0.064,460.0,0.5251156184822321,0.9354361738992932,-0.3854361738992932
245,245,categorical_soft,1,1,True,0.15085227026719744,0.0,0.0,0.8491477370262146,0.1508522629737854,2,-0.6982954740524292,0.23059209436178207,-2.49795606136322,3.8610432147979736,1.392927062511444,0.23059209436178207,0.0016099963888596958,0.9199691336644449,0.07842086994669548,0.0016099963888596958,0.9199691336644449,0.07842086994669548,0.9199691336644449,0.0016099963888596958,-0.8415482637177494,2,2,0.256,1000.0,0.7283073337748647,0.9535017148259897,-0.4035017148259896
246,246,categorical_soft,0,0,True,0.13834065920886074,0.0,0.8616593480110168,0.0,0.13834065198898315,1,-0.7233186960220337,0.4281929850578308,2.421256947517395,-4.715742111206055,-1.824377703666687,0.4281929850578308,0.9842789164394814,0.0007855932925292514,0.014935490267989373,0.9842789164394814,0.0007855932925292514,0.014935490267989373,0.9842789164394814,0.0007855932925292514,-0.969343426171492,1,1,0.512,670.0,1.3359726145863533,0.9983482697746391,-0.44834826977463904
247,247,categorical_soft,1,1,True,0.15131481865765273,0.0,0.0,0.8486852049827576,0.15131482481956482,2,-0.6973703801631927,0.32304402217268946,-2.7993969440460207,3.9006720066070555,1.5932425141334534,0.32304402217268946,0.0011336969270165265,0.9084401366024846,0.09042616647049893,0.0011336969270165265,0.9084401366024846,0.09042616647049893,0.9084401366024846,0.0011336969270165265,-0.8180139701319856,2,2,0.512,750.0,0.6604041084647179,0.9520508505006002,-0.4020508505006002
248,248,categorical_soft,0,0,True,0.19104601399816412,0.0,0.8089540004730225,0.0,0.19104601442813873,1,-0.6179079860448837,0.27386534214019775,0.5829115748405457,-2.1564831256866457,-0.02247082591056824,0.27386534214019775,0.6207856525401938,0.04011605175568379,0.33909829570412225,0.6207856525401938,0.04011605175568379,0.33909829570412225,0.6207856525401938,0.04011605175568379,-0.28168735683607155,1,1,0.032,630.0,0.3886011242866516,0.8578638396277584,-0.3078638396277583
249,249,categorical_soft,0,0,True,0.14899593500840919,0.0,0.8510040640830994,0.0,0.14899593591690063,1,-0.7020081281661987,0.22824684232473375,0.6115998268127442,-2.2672222375869753,-0.0036414243280887605,0.22824684232473375,0.6261844510634886,0.03524148246378077,0.3385740664727307,0.6261844510634886,0.03524148246378077,0.3385740664727307,0.6261844510634886,0.03524148246378077,-0.28761038459075794,1,1,0.064,830.0,0.7157257348299026,0.9594510593295946,-0.4094510593295946
250,250,categorical_soft,0,0,False,0.0,0.0,1.0,0.0,0.0,1,-1.0,0.6767528504133224,3.6845743894577025,-3.994150733947754,-4.3235680103302006,0.6767528504133224,0.9992023776171045,0.0004624576724575792,0.00033516471043786836,0.9992023776171045,0.0004624576724575792,0.00033516471043786836,0.9992023776171045,0.0004624576724575792,-0.9988672129066667,1,1,0.512,690.0,1.0512995719909668,0.9931826741729747,-0.44318267417297463
251,251,categorical_soft,1,1,True,0.1450358315135591,0.0,0.0,0.8549641966819763,0.14503583312034607,2,-0.7099283635616302,0.4132096618413925,-1.989662230014801,2.6780540704727174,1.1339500546455383,0.4132096618413925,0.007737695860171419,0.8176517613054688,0.17461054283435973,0.007737695860171419,0.8176517613054688,0.17461054283435973,0.8176517613054688,0.007737695860171419,-0.6430412184711091,2,2,0.512,460.0,0.7096503600478172,0.9728817790571173,-0.4228817790571172
252,252,categorical_soft,0,0,False,0.0,0.0,1.0,0.0,0.0,1,-1.0,0.5823538810014725,2.066115379333496,0.20188372135162352,-3.5948064804077147,0.5823538810014725,0.8631475941088432,0.13384294530574853,0.0030094605854079953,0.8631475941088432,0.13384294530574853,0.0030094605854079953,0.8631475941088432,0.13384294530574853,-0.8601381335234353,1,1,0.0,1090.0,0.056773871183395386,0.4043661573593404,0.14563384264065965
253,253,categorical_soft,0,0,True,0.14177096366115877,0.0,0.8582290410995483,0.0,0.14177095890045166,1,-0.7164580821990967,0.42455521523952483,1.641269040107727,-2.7730920791625975,-1.2065044045448303,0.42455521523952483,0.9327147438042536,0.011331606505568505,0.05595364969017798,0.9327147438042536,0.011331606505568505,0.05595364969017798,0.9327147438042536,0.011331606505568505,-0.8767610941140755,1,1,0.064,800.0,0.913612388074398,0.9848176074796632,-0.43481760747966314
254,254,categorical_soft,0,0,False,0.0,0.0,1.0,0.0,0.0,1,-1.0,0.6999401986598969,3.212606692314148,-1.992147397994995,-4.427675342559814,0.6999401986598969,0.9940591279535147,0.005461504893609184,0.00047936715287616303,0.9940591279535147,0.005461504893609184,0.00047936715287616303,0.9940591279535147,0.005461504893609184,-0.9935797608006386,1,1,0.128,900.0,0.7917141616344452,0.9693153156346825,-0.4193153156346825
255,255,categorical_soft,1,1,True,0.14931775281247062,0.0,0.0,0.850682258605957,0.14931775629520416,2,-0.7013645023107529,0.2595856551080942,-2.47395601272583,4.412746524810791,1.3360162734985352,0.2595856551080942,0.000996739961016061,0.9548685072235422,0.04413475281544157,0.000996739961016061,0.9548685072235422,0.04413475281544157,0.9548685072235422,0.000996739961016061,-0.9107337544081007,2,2,0.256,1050.0,0.7642977461218834,0.9584047513164093,-0.4084047513164093
256,256,categorical_soft,0,0,False,0.0,0.0,1.0,0.0,0.0,1,-1.0,0.5567271620035171,2.5113099098205565,0.1800968676805496,-4.461427211761475,0.5567271620035171,0.9106434667334927,0.08850268708349976,0.0008538461830074828,0.9106434667334927,0.08850268708349976,0.0008538461830074828,0.9106434667334927,0.08850268708349976,-0.9097896205504853,1,1,0.064,640.0,0.4652378112077713,0.8967989949471341,-0.34679899494713406
257,257,categorical_soft,1,1,True,0.33470239391383116,0.0,0.0,0.6652976274490356,0.33470240235328674,2,-0.3305952250957489,0.40546442940831184,-0.012008821032941342,0.5055365562438965,-0.36062253415584566,0.40546442940831184,0.29545796043636724,0.4952826378980476,0.2092594016655851,0.29545796043636724,0.4952826378980476,0.2092594016655851,0.4952826378980476,0.29545796043636724,-0.2860232362324625,2,2,0.0,730.0,0.20241867005825043,0.6818551039317605,-0.13185510393176048
258,258,categorical_soft,1,1,True,0.14302894809337374,0.0,0.0,0.856971025466919,0.14302894473075867,2,-0.7139420807361603,0.5897294968366623,-2.797528600692749,4.521031188964844,1.8106906771659852,0.5897294968366623,0.0006409120281009695,0.9367738530919867,0.06258523487991229,0.0006409120281009695,0.9367738530919867,0.06258523487991229,0.9367738530919867,0.0006409120281009695,-0.8741886182120744,2,2,0.512,850.0,0.8700185790657997,0.9801177867247022,-0.43011778672470213
259,259,categorical_soft,0,0,True,0.18788168456132315,0.0,0.8121182918548584,0.0,0.1878816783428192,1,-0.6242366135120392,0.43404315412044525,0.06491572298109531,0.20097246766090393,-0.25447291433811187,0.43404315412044525,0.3485584660029109,0.39846659525360983,0.2529749387434793,0.3485584660029109,0.39846659525360983,0.2529749387434793,0.3485584660029109,0.39846659525360983,-0.09558352725943159,2,2,0.032,460.0,0.3570415824651718,0.8638378982141887,-0.3138378982141886
260,260,categorical_soft,0,0,True,0.2796784244066199,0.0,0.7203215956687927,0.0,0.27967843413352966,1,-0.44064316153526306,0.4114976167678833,-0.515551683306694,0.7395782947540284,0.14632486999034883,0.4114976167678833,0.15546047434204338,0.5439931795495303,0.30054634610842645,0.15546047434204338,0.5439931795495303,0.30054634610842645,0.15546047434204338,0.5439931795495303,0.14508587176638307,2,2,0.0,830.0,0.28032926470041275,0.7358603937733131,-0.1858603937733131
261,261,categorical_soft,0,0,True,0.3556582784721536,0.0,0.6443417072296143,0.0,0.35565829277038574,1,-0.2886834144592285,0.3646100603044033,0.0727119272109121,0.0671392697840929,-0.3073128446936607,0.3646100603044033,0.37348731154608833,0.37090351899324425,0.2556091694606673,0.37348731154608833,0.37090351899324425,0.2556091694606673,0.37348731154608833,0.37090351899324425,-0.11787814208542102,1,1,0.0,520.0,0.1337961107492447,0.6633603266740746,-0.11336032667407459
262,262,categorical_soft,0,0,True,0.14775865724515563,0.0,0.8522413372993469,0.0,0.14775866270065308,1,-0.7044826745986938,0.28543758019804955,0.62618168592453,-1.9914211273193358,-0.1737945593893528,0.28543758019804955,0.6566186449458264,0.04796834054118014,0.2954130145129935,0.6566186449458264,0.04796834054118014,0.2954130145129935,0.6566186449458264,0.04796834054118014,-0.36120563043283294,1,1,0.032,730.0,0.713656947016716,0.9635345279378638,-0.4135345279378637
263,263,categorical_soft,1,1,False,0.0,0.0,0.0,1.0,0.0,2,-1.0,0.45921733379364016,0.15237835869193078,2.0372457265853883,-1.0640942454338074,0.45921733379364016,0.12724128956468478,0.8349419299102336,0.03781678052508148,0.12724128956468478,0.8349419299102336,0.03781678052508148,0.8349419299102336,0.12724128956468478,-0.7971251493851521,2,2,0.064,430.0,0.7616479843854904,0.9796020092335416,-0.4296020092335415
264,264,categorical_soft,1,1,False,0.0,0.0,0.0,1.0,0.0,2,-1.0,0.6108828723430634,1.637287938594818,1.6836373805999756,-3.366175389289856,0.6108828723430634,0.4868153357870365,0.5099061281886101,0.0032785360243534575,0.4868153357870365,0.5099061281886101,0.0032785360243534575,0.5099061281886101,0.4868153357870365,-0.5066275921642567,2,2,0.032,640.0,0.5525830592960119,0.9303007074070531,-0.380300707407053
265,265,categorical_soft,1,1,True,0.1591806303985685,0.0,0.0,0.8408193588256836,0.1591806262731552,2,-0.6816387325525284,0.36210505440831187,-0.2705671966075897,1.0320967435836792,-0.21380616798996926,0.36210505440831187,0.17455141796146387,0.6406304209206737,0.18481816111786248,0.17455141796146387,0.6406304209206737,0.18481816111786248,0.6406304209206737,0.17455141796146387,-0.4558122598028112,2,2,0.032,460.0,0.504600090906024,0.9290743796082712,-0.3790743796082712
266,266,categorical_soft,0,0,True,0.18279476550159074,0.0,0.8172052502632141,0.0,0.18279476463794708,1,-0.634410485625267,0.4055375501513481,0.09143184730783105,0.3157954469323158,-0.45975213348865507,0.4055375501513481,0.3535729950601987,0.4418779961101359,0.2045490088296654,0.3535729950601987,0.4418779961101359,0.2045490088296654,0.3535729950601987,0.4418779961101359,-0.14902398623053328,2,2,0.0,1070.0,0.5245995223522186,0.8738495799116713,-0.3238495799116713
267,267,categorical_soft,0,0,True,0.13986777918535542,0.0,0.8601322174072266,0.0,0.13986778259277344,1,-0.7202644348144531,0.327072462439537,1.1200693130493165,-3.511336016654968,-0.13929321318864823,0.327072462439537,0.7730033149337237,0.007557604683140262,0.219439080383136,0.7730033149337237,0.007557604683140262,0.219439080383136,0.7730033149337237,0.007557604683140262,-0.5535642345505877,1,1,0.256,540.0,0.9865885153412819,0.9921885901687603,-0.4421885901687602
268,268,categorical_soft,0,0,True,0.1533718956249439,0.0,0.8466281294822693,0.0,0.1533719003200531,1,-0.6932562291622162,0.33793492168188094,0.5220453143119812,-0.4823465943336487,-0.6915519118309021,0.33793492168188094,0.6004262867807769,0.21975120248542512,0.1798225107337979,0.6004262867807769,0.21975120248542512,0.1798225107337979,0.6004262867807769,0.21975120248542512,-0.420603776046979,1,1,0.032,1050.0,0.7075030952692032,0.945742435098585,-0.395742435098585
269,269,categorical_soft,1,1,True,0.19538686710282,0.0,0.0,0.8046131134033203,0.1953868716955185,2,-0.6092262417078018,0.3915054976940155,-0.019621940143406392,-0.2828566089272499,-0.10422266796231269,0.3915054976940155,0.372196768838634,0.2857563245847793,0.3420469065765866,0.372196768838634,0.2857563245847793,0.3420469065765866,0.2857563245847793,0.372196768838634,0.05629058199180731,1,1,0.0,780.0,0.41250117123126984,0.8499561995424352,-0.29995619954243513
270,270,categorical_soft,1,1,False,0.0,0.0,0.0,1.0,0.0,2,-1.0,0.7468682587146759,2.3623027324676515,0.2962480127811432,-4.134926652908325,0.7468682587146759,0.88634915669968,0.1123135821745056,0.001337261125814402,0.88634915669968,0.1123135821745056,0.001337261125814402,0.1123135821745056,0.88634915669968,-0.11097632104869119,1,1,0.0,480.0,0.10274922102689743,0.6396812171228674,-0.08968121712286736
271,271,categorical_soft,0,0,True,0.1594492223485875,0.0,0.8405507802963257,0.0,0.15944921970367432,1,-0.6811015605926514,0.27093746811151503,0.7332636415958405,-2.0410754919052123,-0.37991935610771177,0.27093746811151503,0.7185503470398248,0.044830155114389605,0.23661949784578568,0.7185503470398248,0.044830155114389605,0.23661949784578568,0.7185503470398248,0.044830155114389605,-0.4819308491940391,1,1,0.032,690.0,0.5587776601314545,0.9283407491777317,-0.37834074917773164
272,272,categorical_soft,1,1,True,0.15029517023535793,0.0,0.0,0.8497048020362854,0.1502951681613922,2,-0.6994096338748932,0.30140374302864076,-0.16742567494511604,1.3805179476737977,-0.2521726369857788,0.30140374302864076,0.1510863156960322,0.7093198612954741,0.1395938230084937,0.1510863156960322,0.7093198612954741,0.1395938230084937,0.7093198612954741,0.1510863156960322,-0.5697260382869804,2,2,0.032,840.0,0.6972966487519443,0.9552655773150365,-0.40526557731503643
273,273,categorical_soft,1,1,True,0.6648790529686728,0.0,0.0,0.33512094616889954,0.6648790240287781,3,0.32975807785987854,0.36915035247802735,-0.030418623983860017,-0.06399436965584755,-0.09069625139236451,0.36915035247802735,0.34384215256387385,0.33253075138119537,0.3236270960549308,0.34384215256387385,0.33253075138119537,0.3236270960549308,0.33253075138119537,0.34384215256387385,-0.008903655326264581,1,1,0.0,1090.0,0.0686732679605484,0.41852326109160093,0.13147673890839912
274,274,categorical_soft,0,0,False,0.0,0.0,1.0,0.0,0.0,1,-1.0,0.6364042162895203,3.3564403295516967,-3.3461284160614015,-3.8599143981933595,0.6364042162895203,0.9980282332473092,0.001227090810845952,0.0007446759418449454,0.9980282332473092,0.001227090810845952,0.0007446759418449454,0.9980282332473092,0.001227090810845952,-0.9972835573054643,1,1,0.128,1180.0,0.8269686996936798,0.9640318690614057,-0.41403186906140566
275,275,categorical_soft,1,1,False,0.0,0.0,0.0,1.0,0.0,2,-1.0,0.7493024051189423,-1.0690078735351562,4.572433996200561,-0.3891112506389618,0.7493024051189423,0.0035509720776288516,0.9893717669579685,0.0070772609644026525,0.0035509720776288516,0.9893717669579685,0.0070772609644026525,0.9893717669579685,0.0035509720776288516,-0.9822945059935658,2,2,0.256,850.0,1.0121175795793533,0.9900091090472307,-0.4400091090472307
276,276,categorical_soft,0,0,False,0.0,0.0,1.0,0.0,0.0,1,-1.0,0.5940830260515213,4.811296558380127,-7.816926574707031,-4.1296240329742435,0.5940830260515213,0.9998644058668524,3.2786241032886414e-06,0.00013231550904414856,0.9998644058668524,3.2786241032886414e-06,0.00013231550904414856,0.9998644058668524,3.2786241032886414e-06,-0.9997320903578083,1,1,0.512,1150.0,1.1009928733110428,0.9907244605102499,-0.4407244605102498
277,277,categorical_soft,0,0,False,0.0,0.0,1.0,0.0,0.0,1,-1.0,0.7068418681621551,2.925985026359558,-0.9421741724014282,-4.295301628112793,0.7068418681621551,0.9788104561237974,0.020471838578351095,0.0007177052978515987,0.9788104561237974,0.020471838578351095,0.0007177052978515987,0.9788104561237974,0.020471838578351095,-0.9780927508259457,1,1,0.128,680.0,0.9255853593349457,0.9875783536318303,-0.4375783536318303
278,278,categorical_soft,1,1,True,0.15633731192870665,0.0,0.0,0.843662679195404,0.15633730590343475,2,-0.6873253732919693,0.43666223287582395,-0.5329503118991852,0.8785480976104736,0.2571478098630905,0.43666223287582395,0.13691889311596162,0.5614242681470204,0.3016568387370181,0.13691889311596162,0.5614242681470204,0.3016568387370181,0.5614242681470204,0.13691889311596162,-0.2597674294100023,2,2,0.032,850.0,0.6262553837150335,0.9370345759096455,-0.3870345759096454
279,279,categorical_soft,1,1,True,0.5298821104103935,0.0,0.0,0.4701178967952728,0.5298821330070496,3,0.05976423621177673,0.4199982762336731,0.26051592975854876,0.269257964193821,-0.6854124188423156,0.4199982762336731,0.41713719090734547,0.42065524336478416,0.16220756572787035,0.41713719090734547,0.42065524336478416,0.16220756572787035,0.42065524336478416,0.41713719090734547,-0.2584476776369138,2,2,0.0,850.0,0.09916174411773682,0.5275465849209846,0.022453415079015437
280,280,categorical_soft,1,1,True,0.1950017066658168,0.0,0.0,0.8049982786178589,0.19500170648097992,2,-0.609996572136879,0.4023760765790939,0.049562733713537456,-0.09231125190854073,-0.14240552559494973,0.4023760765790939,0.3713390727217686,0.3220426170732868,0.3066183102049446,0.3713390727217686,0.3220426170732868,0.3066183102049446,0.3220426170732868,0.3713390727217686,-0.015424306868342175,1,1,0.0,650.0,0.3817058764398098,0.8506450788496379,-0.30064507884963787
281,281,categorical_soft,0,0,True,0.24079107969569813,0.0,0.7592089176177979,0.0,0.24079108238220215,1,-0.5184178352355957,0.39300048500299456,-0.04859081283211708,0.5174740135669709,-0.33371478915214536,0.39300048500299456,0.2846871883885139,0.5003905348261246,0.21492227678536144,0.2846871883885139,0.5003905348261246,0.21492227678536144,0.2846871883885139,0.5003905348261246,-0.06976491160315249,2,2,0.032,550.0,0.26255927979946136,0.7815645134853585,-0.23156451348535845
282,282,categorical_soft,0,0,False,0.0,0.0,1.0,0.0,0.0,1,-1.0,0.7095675200223923,3.324066948890686,-2.706530451774597,-4.181531572341919,0.7095675200223923,0.9970509674627893,0.002398105110061199,0.0005509274271496154,0.9970509674627893,0.002398105110061199,0.0005509274271496154,0.9970509674627893,0.002398105110061199,-0.9965000400356397,1,1,0.512,440.0,0.9626259952783585,0.9922103971270537,-0.4422103971270537
283,283,categorical_soft,0,0,True,0.4337579858360813,0.0,0.5662420392036438,0.0,0.4337579905986786,1,-0.1324840486049652,0.43224623799324036,0.17097113728523256,0.39314713180065153,-0.45145626068115235,0.43224623799324036,0.35914309313438786,0.4471793020336836,0.1936776048319285,0.35914309313438786,0.4471793020336836,0.1936776048319285,0.35914309313438786,0.4471793020336836,-0.16546548830245936,2,2,0.0,990.0,0.1937071830034256,0.600143305897875,-0.05014330589787497
284,284,categorical_soft,1,1,False,0.0,0.0,0.0,1.0,0.0,2,-1.0,0.6610604405403138,-2.6482876539230347,8.635169792175294,-0.033830666542053224,0.6610604405403138,1.2731149583203279e-05,0.9998079860012965,0.00017928284912035767,1.2731149583203279e-05,0.9998079860012965,0.00017928284912035767,0.9998079860012965,1.2731149583203279e-05,-0.9996287031521761,2,2,0.512,1180.0,1.0494448315293994,0.9876492570449825,-0.4376492570449825
285,285,categorical_soft,0,0,True,0.20068470657477516,0.0,0.7993152737617493,0.0,0.20068471133708954,1,-0.5986305624246597,0.30504324585199355,0.49180424213409424,-1.1933163046836852,-0.4892514169216156,0.30504324585199355,0.6404982469443351,0.11880170377472596,0.24070004928093885,0.6404982469443351,0.11880170377472596,0.24070004928093885,0.6404982469443351,0.11880170377472596,-0.39979819766339625,1,1,0.064,740.0,0.38829944282770157,0.8407161680580805,-0.2907161680580804
286,286,categorical_soft,1,1,False,0.0,0.0,0.0,1.0,0.0,2,-1.0,0.5522804379463195,-2.5024086236953735,7.408853149414062,0.17466102689504623,0.5522804379463195,5.060717799466297e-05,0.999188843002185,0.000760549819820386,5.060717799466297e-05,0.999188843002185,0.000760549819820386,0.999188843002185,5.060717799466297e-05,-0.9984282931823646,2,2,0.512,1140.0,0.9693213626742363,0.9826413425144718,-0.4326413425144717
287,287,categorical_soft,1,1,True,0.1485846174179713,0.0,0.0,0.8514153957366943,0.14858461916446686,2,-0.7028307765722275,0.23183255046606063,-2.4532082796096804,3.6469496726989745,1.3615722179412841,0.23183255046606063,0.0020572627056421647,0.9057228021094824,0.09221993518487533,0.0020572627056421647,0.9057228021094824,0.09221993518487533,0.9057228021094824,0.0020572627056421647,-0.813502866924607,2,2,0.256,780.0,0.7106173224747181,0.9607977457080538,-0.4107977457080537
288,288,categorical_soft,0,0,False,0.0,0.0,1.0,0.0,0.0,1,-1.0,0.6726773917675019,3.599330520629883,-2.7876598119735716,-4.678620672225952,0.6726773917675019,0.9980606482976487,0.0016852164572560952,0.0002541352450952183,0.9980606482976487,0.0016852164572560952,0.0002541352450952183,0.9980606482976487,0.0016852164572560952,-0.9978065130525535,1,1,0.256,880.0,0.9866893738508224,0.9882830661053026,-0.43828306610530254
289,289,categorical_soft,0,0,False,0.0,0.0,1.0,0.0,0.0,1,-1.0,0.675166779756546,2.774313282966614,-1.8830085039138793,-3.713046145439148,0.675166779756546,0.9890961832816195,0.009392413589780785,0.0015114031285996079,0.9890961832816195,0.009392413589780785,0.0015114031285996079,0.9890961832816195,0.009392413589780785,-0.9875847801530199,1,1,0.064,920.0,0.7644073963165283,0.9642412099292518,-0.41424120992925173
290,290,categorical_soft,0,0,True,0.1381227231744136,0.0,0.8618772625923157,0.0,0.13812272250652313,1,-0.7237545400857925,0.3973508566617966,2.247102379798889,-3.7701924085617065,-1.999220073223114,0.3973508566617966,0.9826616805575095,0.002395762202842901,0.014942557239647708,0.9826616805575095,0.002395762202842901,0.014942557239647708,0.9826616805575095,0.002395762202842901,-0.9677191233178618,1,1,0.512,600.0,1.4786475822329521,0.9992462463328757,-0.4492462463328757
291,291,categorical_soft,1,1,True,0.15995708681233395,0.0,0.0,0.8400428891181946,0.15995708107948303,2,-0.6800858080387115,0.33448812961578367,-0.03260731045156717,-0.017280333489179612,-0.15250847935676576,0.33448812961578367,0.3447509535671897,0.3499347787692463,0.30531426766356395,0.3447509535671897,0.3499347787692463,0.30531426766356395,0.3499347787692463,0.3447509535671897,-0.044620511105682326,2,2,0.0,920.0,0.611028790473938,0.9269618633162482,-0.37696186331624815
292,292,categorical_soft,0,0,False,0.0,0.0,1.0,0.0,0.0,1,-1.0,0.7888836681842804,2.910885739326477,-1.061586618423462,-4.220712089538575,0.7888836681842804,0.9807457998038664,0.018467970200350983,0.0007862299957827803,0.9807457998038664,0.018467970200350983,0.0007862299957827803,0.9807457998038664,0.018467970200350983,-0.9799595698080836,1,1,0.064,970.0,0.7140514403581619,0.9519763772780255,-0.4019763772780255
293,293,categorical_soft,1,1,True,0.14477298929539312,0.0,0.0,0.855226993560791,0.1447729915380478,2,-0.7104540020227432,0.5054503500461578,-3.8092489719390867,6.273016405105591,2.298741579055786,0.5054503500461578,4.174072048984948e-05,0.9815031103560292,0.01845514892348109,4.174072048984948e-05,0.9815031103560292,0.01845514892348109,0.9815031103560292,4.174072048984948e-05,-0.9630479614325481,2,2,0.512,1130.0,0.881339731393382,0.9738120010607991,-0.4238120010607991
294,294,categorical_soft,1,1,False,0.0,0.0,0.0,1.0,0.0,2,-1.0,0.5933726012706757,-0.4552124053239822,4.763616609573364,-1.3270260095596313,0.5933726012706757,0.005388147051316948,0.9922871786995634,0.0023246742491196356,0.005388147051316948,0.9922871786995634,0.0023246742491196356,0.9922871786995634,0.005388147051316948,-0.9899625044504438,2,2,0.128,800.0,0.8723767548799515,0.9814709344251706,-0.4314709344251706
295,295,categorical_soft,1,1,False,0.0,0.0,0.0,1.0,0.0,2,-1.0,0.6049095630645752,-2.639073896408081,7.295156574249267,0.45749560594558714,0.6049095630645752,4.929344435143239e-05,0.9988243609020065,0.0011263456536421779,4.929344435143239e-05,0.9988243609020065,0.0011263456536421779,0.9988243609020065,4.929344435143239e-05,-0.9976980152483643,2,2,0.512,980.0,0.9144380930811167,0.9812820490448256,-0.4312820490448256
296,296,categorical_soft,1,1,True,0.14963844126577752,0.0,0.0,0.8503615856170654,0.14963844418525696,2,-0.7007231414318085,0.3982481859624386,-2.1013580322265626,2.634193181991577,1.017867875099182,0.3982481859624386,0.0073665665263259305,0.8280292374481183,0.1646041960255559,0.0073665665263259305,0.8280292374481183,0.1646041960255559,0.8280292374481183,0.0073665665263259305,-0.6634250414225624,2,2,0.512,510.0,0.6265748795121908,0.9573684414410254,-0.40736844144102535
297,297,categorical_soft,1,1,True,0.1490484519506305,0.0,0.0,0.8509515523910522,0.14904844760894775,2,-0.7019031047821045,0.28035670295357706,-4.261935234069824,5.835847520828247,2.675784635543823,0.28035670295357706,4.0533036137046514e-05,0.9592240697141493,0.040735397249713666,4.0533036137046514e-05,0.9592240697141493,0.040735397249713666,0.9592240697141493,4.0533036137046514e-05,-0.9184886724644357,2,2,0.512,1130.0,0.7884399071335793,0.9592798762345498,-0.40927987623454976
298,298,categorical_soft,1,1,False,0.0,0.0,0.0,1.0,0.0,2,-1.0,0.5946077972650528,-0.9568319499492646,4.506110763549804,-0.6465930193662643,0.5946077972650528,0.004206091543333337,0.9899432328750517,0.005850675581614806,0.004206091543333337,0.9899432328750517,0.005850675581614806,0.9899432328750517,0.004206091543333337,-0.9840925572934369,2,2,0.512,490.0,0.915975533425808,0.989622194411161,-0.4396221944111609
299,299,categorical_soft,0,0,False,0.0,0.0,1.0,0.0,0.0,1,-1.0,0.5123491704463958,0.6746177971363068,1.655880630016327,-1.8085893392562866,0.5123491704463958,0.26663560065287817,0.7110525546464126,0.02231184470070916,0.26663560065287817,0.7110525546464126,0.02231184470070916,0.26663560065287817,0.7110525546464126,-0.244323755952169,2,2,0.0,540.0,0.1374301016330719,0.6619619019605973,-0.1119619019605973
300,300,categorical_soft,1,1,False,0.0,0.0,0.0,1.0,0.0,2,-1.0,0.5891336351633072,-1.3267011761665344,4.769780921936035,-0.11386008635163307,0.5891336351633072,0.002247489440486107,0.9901390853605365,0.007613425198977305,0.002247489440486107,0.9901390853605365,0.007613425198977305,0.9901390853605365,0.002247489440486107,-0.9825256601615592,2,2,0.512,650.0,0.9220624417066574,0.9878075660184856,-0.4378075660184856
301,301,categorical_soft,0,0,True,0.3926417585264873,0.0,0.6073582172393799,0.0,0.39264175295829773,1,-0.21471646428108215,0.40915398895740507,-0.05462628491222858,-0.3426611483097076,0.0742007926106453,0.40915398895740507,0.34651359806578924,0.259805039009007,0.3936813629252038,0.34651359806578924,0.259805039009007,0.3936813629252038,0.34651359806578924,0.259805039009007,0.04716776485941454,3,3,0.0,780.0,0.17007821798324585,0.6325402226419574,-0.08254022264195737
302,302,categorical_soft,0,0,True,0.17886932257187405,0.0,0.8211306929588318,0.0,0.1788693219423294,1,-0.6422613710165024,0.3264421999454498,0.11195703446865082,-0.31501632928848267,-0.08532534539699554,0.3264421999454498,0.40433670404835664,0.26378844140970215,0.3318748545419411,0.40433670404835664,0.26378844140970215,0.3318748545419411,0.40433670404835664,0.26378844140970215,-0.07246184950641554,1,1,0.064,490.0,0.39768432080745697,0.8819542041042935,-0.33195420410429344
303,303,categorical_soft,1,1,False,0.0,0.0,0.0,1.0,0.0,2,-1.0,0.6583327651023865,1.064607411623001,1.8535243391990661,-2.4244427919387816,0.6583327651023865,0.3094667093282689,0.6809890529686451,0.009544237703086104,0.3094667093282689,0.6809890529686451,0.009544237703086104,0.6809890529686451,0.3094667093282689,-0.671444815265559,2,2,0.0,570.0,0.11988545954227448,0.6340609673785624,-0.08406096737856239
304,304,categorical_soft,1,1,True,0.1426841499922351,0.0,0.0,0.8573158383369446,0.14268414676189423,2,-0.7146316915750504,0.3178155474364758,-2.5938485145568846,4.085938167572022,1.5617082476615907,0.3178155474364758,0.0011887467278562482,0.9245215300416486,0.0742897232304951,0.0011887467278562482,0.9245215300416486,0.0742897232304951,0.9245215300416486,0.0011887467278562482,-0.8502318068111535,2,2,0.256,1040.0,0.9303916841745377,0.9813929123148705,-0.4313929123148704
305,305,categorical_soft,1,1,True,0.15134368036888202,0.0,0.0,0.8486562967300415,0.1513436734676361,2,-0.6973126232624054,0.4011027827858925,-1.8838001132011413,2.587830972671509,0.9112062335014344,0.4011027827858925,0.009641022927350732,0.8342534092176839,0.15610556785496535,0.009641022927350732,0.8342534092176839,0.15610556785496535,0.8342534092176839,0.009641022927350732,-0.6781478413627186,2,2,0.256,560.0,0.6133843287825584,0.9519607250283878,-0.40196072502838776
306,306,categorical_soft,1,1,True,0.17814919649739103,0.0,0.0,0.8218507766723633,0.17814919352531433,2,-0.643701583147049,0.43867083489894865,-1.428374135494232,1.8317260503768922,0.8346575379371644,0.43867083489894865,0.02758387444460254,0.7101003369006004,0.262315788654797,0.02758387444460254,0.7101003369006004,0.262315788654797,0.7101003369006004,0.02758387444460254,-0.4477845482458034,2,2,0.128,830.0,0.48410578817129135,0.8834798048379447,-0.3334798048379447
307,307,categorical_soft,0,0,False,0.0,0.0,1.0,0.0,0.0,1,-1.0,0.610219407081604,2.2786706924438476,-0.36653703451156616,-3.696494936943054,0.610219407081604,0.9313866702146573,0.06624466085556914,0.002368668929773592,0.9313866702146573,0.06624466085556914,0.002368668929773592,0.9313866702146573,0.06624466085556914,-0.9290180012848837,1,1,0.128,430.0,0.6822309195995331,0.9701567791206914,-0.4201567791206914
308,308,categorical_soft,0,0,True,0.19729139267598805,0.0,0.802708625793457,0.0,0.19729138910770416,1,-0.6054172366857529,0.31259356066584587,0.34869294315576554,0.11719344817101955,-0.6942561388015747,0.31259356066584587,0.4650050810781323,0.36837251210754146,0.1666224068143263,0.4650050810781323,0.36837251210754146,0.1666224068143263,0.4650050810781323,0.36837251210754146,-0.29838267426380605,1,1,0.032,520.0,0.3433762788772583,0.8465847675222417,-0.2965847675222416
309,309,categorical_soft,1,1,False,0.0,0.0,0.0,1.0,0.0,2,-1.0,0.6486716330051422,2.678025484085083,-1.0278437852859497,-3.93971643447876,0.6486716330051422,0.9747092161602826,0.023987561154099273,0.0013032226856182889,0.9747092161602826,0.023987561154099273,0.0013032226856182889,0.023987561154099273,0.9747092161602826,-0.022684338468480985,1,1,0.0,1000.0,0.5186137944401708,0.8797866948377613,-0.32978669483776124
310,310,categorical_soft,1,1,False,0.0,0.0,0.0,1.0,0.0,2,-1.0,0.5827319771051407,0.5093168556690216,2.740032172203064,-2.0736990928649903,0.5827319771051407,0.09634176531660046,0.896349882182473,0.007308352500926383,0.09634176531660046,0.896349882182473,0.007308352500926383,0.896349882182473,0.09634176531660046,-0.8890415296815466,2,2,0.032,970.0,0.39643021300435066,0.8063145232842015,-0.25631452328420146
311,311,categorical_soft,1,1,True,0.15569712710598393,0.0,0.0,0.8443028926849365,0.15569712221622467,2,-0.6886057704687119,0.33947594836354256,-1.838434648513794,2.343207287788391,0.9481539845466613,0.33947594836354256,0.012191051540735348,0.7915752431067504,0.19623370535251422,0.012191051540735348,0.7915752431067504,0.19623370535251422,0.7915752431067504,0.012191051540735348,-0.5953415377542361,2,2,0.256,650.0,0.5836306642740965,0.9388779207407766,-0.38887792074077654
312,312,categorical_soft,1,1,False,0.0,0.0,0.0,1.0,0.0,2,-1.0,0.6766130685806274,-1.4776156663894653,3.9727675199508665,0.44140796065330506,0.6766130685806274,0.004185007682281367,0.9668670993348834,0.028947892982835316,0.004185007682281367,0.9668670993348834,0.028947892982835316,0.9668670993348834,0.004185007682281367,-0.9379192063520481,2,2,0.512,610.0,0.9209451451897621,0.9883116426258042,-0.43831164262580413
313,313,categorical_soft,0,0,False,0.0,0.0,1.0,0.0,0.0,1,-1.0,0.728019243478775,3.7427769899368286,-3.6162708520889284,-4.379150390625,0.728019243478775,0.9990615659852784,0.0006370750015579353,0.0003013590131637276,0.9990615659852784,0.0006370750015579353,0.0003013590131637276,0.9990615659852784,0.0006370750015579353,-0.9987602069721147,1,1,0.512,640.0,1.0328418463468552,0.9929736339388011,-0.44297363393880107
314,314,categorical_soft,0,0,False,0.0,0.0,1.0,0.0,0.0,1,-1.0,0.6908038198947907,2.521693754196167,0.5429843604564667,-4.427139568328857,0.6908038198947907,0.8776932318930198,0.12145845273851416,0.0008483153684660904,0.8776932318930198,0.12145845273851416,0.0008483153684660904,0.8776932318930198,0.12145845273851416,-0.8768449165245538,1,1,0.064,740.0,0.653642937541008,0.9510753730288615,-0.4010753730288614
315,315,categorical_soft,1,1,True,0.18445459278003695,0.0,0.0,0.815545380115509,0.18445459008216858,2,-0.6310907900333405,0.3660284787416458,0.04375279992818833,0.9659178614616394,-0.43069525361061095,0.3660284787416458,0.24142350910594224,0.6067713038242731,0.15180518706978477,0.24142350910594224,0.6067713038242731,0.15180518706978477,0.6067713038242731,0.24142350910594224,-0.4549661167544884,2,2,0.064,410.0,0.3565915375947952,0.8705246549234951,-0.320524654923495
316,316,categorical_soft,1,1,True,0.14385024512179656,0.0,0.0,0.8561497330665588,0.14385025203227997,2,-0.7122994810342789,0.32922661267220976,-1.900672698020935,2.6248465061187742,1.0250884175300599,0.32922661267220976,0.0090373646888991,0.8244194695873477,0.16654316572375333,0.0090373646888991,0.8244194695873477,0.16654316572375333,0.8244194695873477,0.0090373646888991,-0.6578763038635944,2,2,0.512,450.0,0.7426585806533694,0.9771188704324757,-0.42711887043247565
317,317,categorical_soft,1,1,True,0.2529653022322077,0.0,0.0,0.7470346689224243,0.2529653012752533,2,-0.494069367647171,0.28498401045799254,0.552711907029152,-1.3597890377044677,-0.44707588851451874,0.28498401045799254,0.6596289773640892,0.09753448127296838,0.24283654136294244,0.6596289773640892,0.09753448127296838,0.24283654136294244,0.09753448127296838,0.6596289773640892,0.14530206008997407,1,1,0.0,840.0,0.31598392128944397,0.7663283213325881,-0.21632832133258806
318,318,categorical_soft,1,1,False,0.0,0.0,0.0,1.0,0.0,2,-1.0,0.5617475003004074,-0.1256314717233181,2.946975088119507,-1.0625386476516723,0.5617475003004074,0.043535030600024484,0.9392244908816524,0.017240478518323266,0.043535030600024484,0.9392244908816524,0.017240478518323266,0.9392244908816524,0.043535030600024484,-0.9219840123633292,2,2,0.032,690.0,0.6099110618233681,0.9433591631568852,-0.3933591631568851
319,319,categorical_soft,0,0,False,0.0,0.0,1.0,0.0,0.0,1,-1.0,0.6866434901952744,3.1646283149719237,-1.2510355591773987,-4.7180602073669435,0.6866434901952744,0.9876716276587609,0.01195378225825975,0.0003745900829792349,0.9876716276587609,0.01195378225825975,0.0003745900829792349,0.9876716276587609,0.01195378225825975,-0.9872970375757817,1,1,0.256,420.0,0.8809878528118134,0.9886837339785269,-0.4386837339785269
320,320,categorical_soft,1,1,False,0.0,0.0,0.0,1.0,0.0,2,-1.0,0.626628041267395,1.1800686478614808,2.055491900444031,-2.929430437088013,0.626628041267395,0.29279550552041594,0.702357848726502,0.004846645753082137,0.29279550552041594,0.702357848726502,0.004846645753082137,0.702357848726502,0.29279550552041594,-0.6975112029734198,2,2,0.0,700.0,0.10261709988117218,0.5764236634331203,-0.026423663433120304
321,321,categorical_soft,0,0,True,0.1402273227231401,0.0,0.8597726821899414,0.0,0.1402273178100586,1,-0.7195453643798828,0.6384977877140046,2.252392899990082,-2.4537978649139403,-2.0702789068222045,0.6384977877140046,0.9776183273690633,0.008891281290580305,0.013490391340356334,0.9776183273690633,0.008891281290580305,0.013490391340356334,0.9776183273690633,0.008891281290580305,-0.9641279360287069,1,1,0.128,1000.0,1.0652206018567085,0.9907709267812306,-0.44077092678123053
322,322,categorical_soft,1,1,True,0.2867941577344816,0.0,0.0,0.7132058143615723,0.28679415583610535,2,-0.4264116585254669,0.388951750099659,-0.13713925927877427,0.5392046868801117,-0.1783166028559208,0.388951750099659,0.2548683869665978,0.5002756652895387,0.2448559477438635,0.2548683869665978,0.5002756652895387,0.2448559477438635,0.5002756652895387,0.2548683869665978,-0.2554197175456752,2,2,0.0,1030.0,0.3215598538517952,0.7283040136993101,-0.17830401369931004
323,323,categorical_soft,0,0,False,0.0,0.0,1.0,0.0,0.0,1,-1.0,0.6485706031322479,3.8992950439453127,-5.175080680847168,-3.9791932582855223,0.6485706031322479,0.999500663812991,0.00011466511400062026,0.0003846710730083292,0.999500663812991,0.00011466511400062026,0.0003846710730083292,0.999500663812991,0.00011466511400062026,-0.9991159927399826,1,1,0.512,830.0,1.0152685642242432,0.9903932264934603,-0.44039322649346024
324,324,categorical_soft,1,1,True,0.406473696242102,0.0,0.0,0.593526303768158,0.40647369623184204,2,-0.18705260753631592,0.4071601450443268,-0.12672769352793695,0.03879464827477932,0.008449184149503708,0.4071601450443268,0.3007986077484069,0.354813384250196,0.34438800800139713,0.3007986077484069,0.354813384250196,0.34438800800139713,0.354813384250196,0.3007986077484069,-0.010425376248798857,2,2,0.032,910.0,0.19233771413564682,0.6214666338918414,-0.07146663389184138
325,325,categorical_soft,1,1,False,0.0,0.0,0.0,1.0,0.0,2,-1.0,0.5097494751214982,0.2614653378725052,1.933547568321228,-1.1858850002288819,0.5097494751214982,0.15244710079100027,0.8113291041109209,0.036223795098078895,0.15244710079100027,0.8113291041109209,0.036223795098078895,0.8113291041109209,0.15244710079100027,-0.7751053090128419,2,2,0.032,580.0,0.3728146329522133,0.8557427906917575,-0.30574279069175747
326,326,categorical_soft,1,1,False,0.0,0.0,0.0,1.0,0.0,2,-1.0,0.6487772196531296,-1.642655324935913,5.233441781997681,0.07369687929749488,0.6487772196531296,0.0010336324318196673,0.9930320062941606,0.005934361274019916,0.0010336324318196673,0.9930320062941606,0.005934361274019916,0.9930320062941606,0.0010336324318196673,-0.9870976450201406,2,2,0.256,1060.0,0.8593176230788231,0.9731977628428837,-0.4231977628428837
327,327,categorical_soft,1,1,False,0.0,0.0,0.0,1.0,0.0,2,-1.0,0.5832998991012573,-0.5846703886985779,4.460957717895508,-1.1336169719696045,0.5832998991012573,0.006396437870707136,0.9898472970248416,0.0037562651044512952,0.006396437870707136,0.9898472970248416,0.0037562651044512952,0.9898472970248416,0.006396437870707136,-0.9860910319203904,2,2,0.064,1040.0,0.6845659837126732,0.9403402151492702,-0.3903402151492702
328,328,categorical_soft,1,1,True,0.1610820202706162,0.0,0.0,0.8389179706573486,0.16108201444149017,2,-0.6778359562158585,0.32706915959715843,-0.48103050887584686,1.6145817995071412,-0.050389156490564344,0.32706915959715843,0.09406930903560082,0.761216241918906,0.14471444904549308,0.09406930903560082,0.761216241918906,0.14471444904549308,0.761216241918906,0.09406930903560082,-0.6165017928734129,2,2,0.032,1080.0,0.6413864023052156,0.9239454056477846,-0.37394540564778456
329,329,categorical_soft,1,1,False,0.0,0.0,0.0,1.0,0.0,2,-1.0,0.5601266413927078,0.9716844737529755,2.2776421308517456,-2.7364217042922974,0.5601266413927078,0.21210721320378614,0.7826519982921079,0.005240788504105953,0.21210721320378614,0.7826519982921079,0.005240788504105953,0.7826519982921079,0.21210721320378614,-0.7774112097880019,2,2,0.032,710.0,0.5105309039354324,0.9089025872845348,-0.3589025872845347
330,330,categorical_soft,0,0,True,0.13915241017614322,0.0,0.8608475923538208,0.0,0.1391524076461792,1,-0.7216951847076416,0.42236670255661013,1.8664881587028503,-3.534735369682312,-1.454433846473694,0.42236670255661013,0.9598356011508521,0.004341180862783885,0.03582321798636399,0.9598356011508521,0.004341180862783885,0.03582321798636399,0.9598356011508521,0.004341180862783885,-0.9240123831644881,1,1,0.256,630.0,1.1019249856472015,0.9950456617702963,-0.44504566177029625
331,331,categorical_soft,0,0,False,0.0,0.0,1.0,0.0,0.0,1,-1.0,0.6638156712055207,1.405677580833435,1.1679054856300355,-2.7407984495162965,0.6638156712055207,0.5542311857527891,0.4369512056344444,0.008817608612766566,0.5542311857527891,0.4369512056344444,0.008817608612766566,0.5542311857527891,0.4369512056344444,-0.5454135771400225,1,1,0.0,830.0,0.20126265287399292,0.6538655747685236,-0.10386557476852354
332,332,categorical_soft,0,0,True,0.2209024574979664,0.0,0.7790975570678711,0.0,0.2209024578332901,1,-0.558195099234581,0.5530135154724121,1.437842321395874,-0.9089089214801789,-1.5444851994514466,0.5530135154724121,0.8713407385065844,0.0834069617399687,0.045252299753446745,0.8713407385065844,0.0834069617399687,0.045252299753446745,0.8713407385065844,0.0834069617399687,-0.8260884387531378,1,1,0.064,730.0,0.34088726341724396,0.8088671033863649,-0.25886710338636487
333,333,categorical_soft,1,1,False,0.0,0.0,0.0,1.0,0.0,2,-1.0,0.5764774590730667,1.2177877187728883,2.6973366022109984,-3.1414446592330934,0.5764774590730667,0.1851048487310388,0.8124687301834506,0.002426421085510379,0.1851048487310388,0.8124687301834506,0.002426421085510379,0.8124687301834506,0.1851048487310388,-0.8100423090979402,2,2,0.0,1080.0,0.817897766828537,0.9665757296194332,-0.4165757296194331
334,334,categorical_soft,0,0,True,0.45591100746087365,0.0,0.5440890192985535,0.0,0.4559110105037689,1,-0.08817800879478455,0.41353930830955504,0.042651770450174806,-0.3751576244831085,0.10445529818534852,0.41353930830955504,0.3676602974791227,0.2420771228795767,0.39026257964130057,0.3676602974791227,0.2420771228795767,0.39026257964130057,0.3676602974791227,0.2420771228795767,0.022602282162177856,3,3,0.032,500.0,0.05920746922492981,0.5832016383152792,-0.033201638315279114
335,335,categorical_soft,1,1,True,0.29072301708682174,0.0,0.0,0.7092769742012024,0.2907230257987976,2,-0.4185539484024048,0.36794414222240446,0.34231694638729093,0.833019345998764,-0.85901437997818,0.36794414222240446,0.3401789678281149,0.555213197366001,0.10460783480588401,0.3401789678281149,0.555213197366001,0.10460783480588401,0.555213197366001,0.3401789678281149,-0.4506053625601171,2,2,0.0,1190.0,0.3566339612007141,0.7242176165579642,-0.1742176165579642
336,336,categorical_soft,1,1,True,0.4317453803135542,0.0,0.0,0.5682545900344849,0.43174538016319275,2,-0.13650920987129211,0.33665465116500853,-0.10560235287994146,0.2836017981171608,-0.13922473564743995,0.33665465116500853,0.29057343339183916,0.42835360618560614,0.2810729604225547,0.29057343339183916,0.42835360618560614,0.2810729604225547,0.42835360618560614,0.29057343339183916,-0.14728064576305144,2,2,0.0,650.0,0.11160320788621902,0.6016966688828335,-0.05169666888283342
337,337,categorical_soft,0,0,False,0.0,0.0,1.0,0.0,0.0,1,-1.0,0.6190426617860794,3.79004590511322,-5.524650955200196,-3.5737845659255982,0.6190426617860794,0.9992728582014877,9.015243868028197e-05,0.0006369893598320176,0.9992728582014877,9.015243868028197e-05,0.0006369893598320176,0.9992728582014877,9.015243868028197e-05,-0.9986358688416557,1,1,0.256,1190.0,0.9339479058980942,0.9781629898726585,-0.42816298987265844
338,338,categorical_soft,1,1,False,0.0,0.0,0.0,1.0,0.0,2,-1.0,0.5845772206783295,-0.8025104522705078,4.135402727127075,-0.6045277953147888,0.5845772206783295,0.0071332935645129535,0.9840253311498864,0.008841375285600682,0.0071332935645129535,0.9840253311498864,0.008841375285600682,0.9840253311498864,0.0071332935645129535,-0.9751839558642857,2,2,0.128,940.0,0.7707909550517797,0.964490488674304,-0.41449048867430394
339,339,categorical_soft,1,1,True,0.1604912039489657,0.0,0.0,0.8395087718963623,0.1604911983013153,2,-0.679017573595047,0.4333536416292191,-1.4135007977485656,1.8085727572441102,0.6784717440605164,0.4333536416292191,0.029463119980115676,0.7333035357383183,0.237233344281566,0.029463119980115676,0.7333035357383183,0.237233344281566,0.7333035357383183,0.029463119980115676,-0.4960701914567523,2,2,0.128,700.0,0.5527637246996164,0.9255232317218494,-0.3755232317218493
340,340,categorical_soft,0,0,False,0.0,0.0,1.0,0.0,0.0,1,-1.0,0.605230736732483,3.0127349138259887,-2.7135815143585207,-3.5338695526123045,0.605230736732483,0.995321182596799,0.0032450763498686973,0.001433741053332266,0.995321182596799,0.0032450763498686973,0.001433741053332266,0.995321182596799,0.0032450763498686973,-0.9938874415434668,1,1,0.064,1130.0,0.7965922951698303,0.9608160830938423,-0.4108160830938422
341,341,categorical_soft,1,1,True,0.6383385305031333,0.0,0.0,0.36166146397590637,0.6383385062217712,3,0.27667704224586487,0.3808539226651192,-0.10492297038435935,0.6107052206993103,-0.33809289485216143,0.3808539226651192,0.2602312281825353,0.5325181879206745,0.20725058389679019,0.2602312281825353,0.5325181879206745,0.20725058389679019,0.5325181879206745,0.2602312281825353,-0.3252676040238843,2,2,0.0,830.0,0.024197444319725037,0.44178459489913063,0.10821540510086941
342,342,categorical_soft,0,0,True,0.3484725113930036,0.0,0.651527464389801,0.0,0.3484725058078766,1,-0.30305495858192444,0.3014019012451172,-0.2596441932022572,1.3053406476974487,-0.18725896626710892,0.3014019012451172,0.14576840629263,0.6966650196530224,0.15756657405434737,0.14576840629263,0.6966650196530224,0.15756657405434737,0.14576840629263,0.6966650196530224,0.011798167761717382,2,2,0.0,930.0,0.2401103377342224,0.6696039189278831,-0.11960391892788302
343,343,categorical_soft,0,0,True,0.1408680466465338,0.0,0.859131932258606,0.0,0.14086805284023285,1,-0.7182638794183731,0.5610291182994842,2.4801621198654176,-3.0303890228271486,-2.1820469379425047,0.5610291182994842,0.9863092231486552,0.003998159932585732,0.009692616918759023,0.9863092231486552,0.003998159932585732,0.009692616918759023,0.9863092231486552,0.003998159932585732,-0.9766166062298962,1,1,0.128,930.0,0.998799242079258,0.9882740667620786,-0.4382740667620786
344,344,categorical_soft,1,1,False,0.0,0.0,0.0,1.0,0.0,2,-1.0,0.5370609343051911,-1.0327222168445587,4.7383640766143795,-0.6685142874717712,0.5370609343051911,0.003120117510877406,0.9922701485659602,0.004609733923162448,0.003120117510877406,0.9922701485659602,0.004609733923162448,0.9922701485659602,0.003120117510877406,-0.9876604146427977,2,2,0.128,1190.0,0.9841103702783585,0.9828513713934699,-0.43285137139346985
345,345,categorical_soft,0,0,False,0.0,0.0,1.0,0.0,0.0,1,-1.0,0.700018310546875,2.6406553983688354,-0.9606792867183686,-3.906450033187866,0.700018310546875,0.972063149035151,0.02653947513976394,0.001397375825085044,0.972063149035151,0.02653947513976394,0.001397375825085044,0.972063149035151,0.02653947513976394,-0.970665773210066,1,1,0.064,690.0,0.6364440619945526,0.9499356388377335,-0.3999356388377334
346,346,categorical_soft,0,0,False,0.0,0.0,1.0,0.0,0.0,1,-1.0,0.690189191699028,1.4835829854011535,0.669159758090973,-2.8208553075790403,0.690189191699028,0.6864290130247955,0.3041685087630036,0.009402478212200797,0.6864290130247955,0.3041685087630036,0.009402478212200797,0.6864290130247955,0.3041685087630036,-0.6770265348125948,1,1,0.032,640.0,0.6729329973459244,0.9601760593339327,-0.41017605933393264
347,347,categorical_soft,1,1,False,0.0,0.0,0.0,1.0,0.0,2,-1.0,0.6135125875473022,-2.1422874450683596,6.022193765640258,0.5853834420442581,0.6135125875473022,0.0002860581790656955,0.9952926997492195,0.0044212420717147875,0.0002860581790656955,0.9952926997492195,0.0044212420717147875,0.9952926997492195,0.0002860581790656955,-0.9908714576775047,2,2,0.512,850.0,0.9372682347893715,0.9856319148970634,-0.4356319148970633
348,348,categorical_soft,0,0,False,0.0,0.0,1.0,0.0,0.0,1,-1.0,0.6961589276790618,3.031456446647644,-1.4088241338729859,-4.4711305618286135,0.6961589276790618,0.9877898682083812,0.011660208249716359,0.0005499235419025635,0.9877898682083812,0.011660208249716359,0.0005499235419025635,0.9877898682083812,0.011660208249716359,-0.9872399446664787,1,1,0.064,750.0,0.7316131889820099,0.965721529342436,-0.415721529342436
349,349,categorical_soft,1,1,False,0.0,0.0,0.0,1.0,0.0,2,-1.0,0.5276655644178391,-1.6467245459556579,5.204709005355835,0.16244777888059617,0.5276655644178391,0.0010552896303492724,0.9924508164709887,0.00649389389866209,0.0010552896303492724,0.9924508164709887,0.00649389389866209,0.9924508164709887,0.0010552896303492724,-0.9859569225723266,2,2,0.256,1070.0,1.012370828539133,0.9870300100435582,-0.4370300100435581
350,350,categorical_soft,1,1,True,0.14918507993551788,0.0,0.0,0.850814938545227,0.14918507635593414,2,-0.7016298621892929,0.26669996976852417,-0.30762852281332015,2.44039626121521,-0.3615552127361298,0.26669996976852417,0.05734653867594093,0.8886605950089956,0.05399286631506347,0.05734653867594093,0.8886605950089956,0.05399286631506347,0.8886605950089956,0.05734653867594093,-0.8346677286939321,2,2,0.064,650.0,0.6683630901388824,0.9588353278858958,-0.4088353278858957
351,351,categorical_soft,0,0,False,0.0,0.0,1.0,0.0,0.0,1,-1.0,0.6463260322809219,5.128185749053955,-7.929347229003906,-4.708706474304199,0.6463260322809219,0.99994424081587,2.1401589890284756e-06,5.361902514094038e-05,0.99994424081587,2.1401589890284756e-06,5.361902514094038e-05,0.99994424081587,2.1401589890284756e-06,-0.9998906217907291,1,1,0.512,1120.0,1.1905434653162956,0.994218091239636,-0.44421809123963596
352,352,categorical_soft,1,1,False,0.0,0.0,0.0,1.0,0.0,2,-1.0,0.5928220808506012,-0.46917635202407837,3.192425179481506,-0.6359071761369706,0.5928220808506012,0.024614951926404578,0.9540889028813806,0.0212961451922148,0.024614951926404578,0.9540889028813806,0.0212961451922148,0.9540889028813806,0.024614951926404578,-0.9327927576891658,2,2,0.256,400.0,0.7987911775708199,0.9835424597184669,-0.43354245971846683
353,353,categorical_soft,0,0,True,0.4211503580432464,0.0,0.5788496136665344,0.0,0.4211503565311432,1,-0.15769925713539124,0.41306806802749635,-0.13451910465955735,-0.1438503995537758,0.18442983627319337,0.41306806802749635,0.29710171203757507,0.2944826170786004,0.4084156708838245,0.29710171203757507,0.2944826170786004,0.4084156708838245,0.29710171203757507,0.2944826170786004,0.11131395884624945,3,3,0.0,610.0,0.1087988018989563,0.6099215844506183,-0.05992158445061824
354,354,categorical_soft,1,1,True,0.1510709433256638,0.0,0.0,0.8489290475845337,0.15107093751430511,2,-0.6978581100702286,0.29287866950035096,0.29828178882598877,-0.6767918467521667,-0.29431611597537993,0.29287866950035096,0.5180274822850344,0.19543977705794432,0.2865327406570212,0.5180274822850344,0.19543977705794432,0.2865327406570212,0.19543977705794432,0.5180274822850344,0.0910929635990769,1,1,0.0,970.0,0.7178128808736801,0.9528142824883851,-0.402814282488385
355,355,categorical_soft,1,1,True,0.1748082876324218,0.0,0.0,0.8251917362213135,0.1748082935810089,2,-0.6503834426403046,0.32719828858971595,0.6447727680206299,-1.7613467216491698,-0.2313122719526291,0.32719828858971595,0.6633601187185182,0.05983822281419184,0.27680165846729,0.6633601187185182,0.05983822281419184,0.27680165846729,0.05983822281419184,0.6633601187185182,0.21696343565309814,1,1,0.0,900.0,0.5160111337900162,0.8907261062024602,-0.34072610620246013
356,356,categorical_soft,1,1,True,0.1575029186359953,0.0,0.0,0.8424971103668213,0.1575029194355011,2,-0.6849941909313202,0.446035286039114,0.33892163783311846,1.8311092972755432,-0.9737979054450989,0.446035286039114,0.1748383441332521,0.7771565748415225,0.04800508102522547,0.1748383441332521,0.7771565748415225,0.04800508102522547,0.7771565748415225,0.1748383441332521,-0.729151493816297,2,2,0.032,880.0,0.6224783137440681,0.9337274851666373,-0.38372748516663724
357,357,categorical_soft,0,0,True,0.16152437249962082,0.0,0.8384756445884705,0.0,0.16152437031269073,1,-0.6769512742757797,0.3222009062767029,0.1328756369650364,-0.6832316100597382,-0.152323816716671,0.3222009062767029,0.4558521082786265,0.20163251831210532,0.3425153734092682,0.4558521082786265,0.20163251831210532,0.3425153734092682,0.4558521082786265,0.20163251831210532,-0.1133367348693583,1,1,0.064,680.0,0.5398712754249573,0.9227732052409395,-0.3727732052409395
358,358,categorical_soft,1,1,True,0.1639196719211149,0.0,0.0,0.8360803127288818,0.16391967236995697,2,-0.6721606403589249,0.36369172632694247,0.06985285114496946,-0.34432273358106613,-0.14369753673672675,0.36369172632694247,0.40517958652827957,0.2678181046622144,0.3270023088095061,0.40517958652827957,0.2678181046622144,0.3270023088095061,0.2678181046622144,0.40517958652827957,0.0591842041472917,1,1,0.0,490.0,0.4761205166578293,0.9165568128082685,-0.36655681280826846
359,359,categorical_soft,1,1,True,0.15313656571740325,0.0,0.0,0.8468634486198425,0.15313656628131866,2,-0.6937268823385239,0.33285914435982705,-1.6671949625015259,2.2394127368927004,0.8235320448875427,0.33285914435982705,0.015950147597256735,0.7918224478958885,0.19222740450685483,0.015950147597256735,0.7918224478958885,0.19222740450685483,0.7918224478958885,0.015950147597256735,-0.5995950433890337,2,2,0.256,620.0,0.6048325188457966,0.9464525557523773,-0.39645255575237726
360,360,categorical_soft,1,1,True,0.19101452359725563,0.0,0.0,0.8089854717254639,0.19101452827453613,2,-0.6179709434509277,0.3981521040201187,-0.21495736837387086,0.3991488516330719,0.07138283401727677,0.3981521040201187,0.23961318873935666,0.4419303634724646,0.3184564477881787,0.23961318873935666,0.4419303634724646,0.3184564477881787,0.4419303634724646,0.23961318873935666,-0.1234739156842859,2,2,0.032,450.0,0.34453414287418127,0.8579223921921969,-0.30792239219219686
361,361,categorical_soft,1,1,False,0.0,0.0,0.0,1.0,0.0,2,-1.0,0.5769447922706604,0.16328075155615807,4.17034010887146,-1.957710599899292,0.5769447922706604,0.01783314012169076,0.9800029832852708,0.0021638765930384824,0.01783314012169076,0.9800029832852708,0.0021638765930384824,0.9800029832852708,0.01783314012169076,-0.9778391066922323,2,2,0.128,710.0,0.8633746355772018,0.9826042518450617,-0.4326042518450617
362,362,categorical_soft,0,0,True,0.14734526445152907,0.0,0.852654755115509,0.0,0.14734525978565216,1,-0.7053094953298569,0.2875953257083893,1.0678229212760926,-1.7564445972442626,-1.0896394729614258,0.2875953257083893,0.8488475787078235,0.05038623246411785,0.1007661888280587,0.8488475787078235,0.05038623246411785,0.1007661888280587,0.8488475787078235,0.05038623246411785,-0.7480813898797648,1,1,0.064,960.0,0.7782713621854782,0.9649209701609414,-0.4149209701609413
363,363,categorical_soft,1,1,True,0.2824668882215106,0.0,0.0,0.7175331115722656,0.2824668884277344,2,-0.43506622314453125,0.37189137041568754,-0.8251131117343903,0.9281354248523712,0.4269088327884674,0.37189137041568754,0.09735994563964687,0.5620885883558024,0.34055146600455066,0.09735994563964687,0.5620885883558024,0.34055146600455066,0.5620885883558024,0.09735994563964687,-0.22153712235125178,2,2,0.064,1130.0,0.35082195699214935,0.7328745950828798,-0.18287459508287973
364,364,categorical_soft,0,0,False,0.0,0.0,1.0,0.0,0.0,1,-1.0,0.6342230081558228,2.4164515018463133,0.5335555791854858,-4.3532191753387455,0.6342230081558228,0.867020787426867,0.13198200676953492,0.0009972058035980559,0.867020787426867,0.13198200676953492,0.0009972058035980559,0.867020787426867,0.13198200676953492,-0.8660235816232689,1,1,0.032,530.0,0.5941829681396484,0.949229112265047,-0.399229112265047
365,365,categorical_soft,0,0,False,0.0,0.0,1.0,0.0,0.0,1,-1.0,0.6535532891750335,5.5754553318023685,-6.8819550514221195,-6.213808822631836,0.6535532891750335,0.9999884052565129,3.894050585268453e-06,7.700692901711755e-06,0.9999884052565129,3.894050585268453e-06,7.700692901711755e-06,0.9999884052565129,3.894050585268453e-06,-0.9999807045636112,1,1,0.512,1120.0,1.3508169502019882,0.9973610056548473,-0.44736100565484727
366,366,categorical_soft,1,1,False,0.0,0.0,0.0,1.0,0.0,2,-1.0,0.5849500238895416,-0.47752622663974764,3.7815475463867188,-0.9163562417030334,0.5849500238895416,0.013828619379031423,0.9771098287395139,0.009061551881454853,0.013828619379031423,0.9771098287395139,0.009061551881454853,0.9771098287395139,0.013828619379031423,-0.968048276858059,2,2,0.128,970.0,0.7826331406831741,0.9652369443596681,-0.41523694435966807
367,367,categorical_soft,0,0,False,0.0,0.0,1.0,0.0,0.0,1,-1.0,0.7143913090229035,2.9399481534957888,-1.4461644887924194,-4.076847219467163,0.7143913090229035,0.9868066982107905,0.012308161711110491,0.0008851400780990877,0.9868066982107905,0.012308161711110491,0.0008851400780990877,0.9868066982107905,0.012308161711110491,-0.9859215581326914,1,1,0.032,840.0,0.5968253463506699,0.9287462190401073,-0.3787462190401073
368,368,categorical_soft,0,0,False,0.0,0.0,1.0,0.0,0.0,1,-1.0,0.70756875872612,2.945849657058716,-1.4986427068710326,-4.139372253417969,0.70756875872612,0.9875612989513781,0.011610987333605436,0.0008277137150163349,0.9875612989513781,0.011610987333605436,0.0008277137150163349,0.9875612989513781,0.011610987333605436,-0.9867335852363618,1,1,0.128,840.0,0.846636950969696,0.978011866019843,-0.428011866019843
369,369,categorical_soft,0,0,True,0.549994792500617,0.0,0.4500052034854889,0.0,0.5499947667121887,3,0.09998956322669983,0.35777285397052766,-0.08589528379961849,0.01805150620639324,0.046495600044727324,0.35777285397052766,0.3076939817534764,0.341342593490993,0.3509634247555306,0.3076939817534764,0.341342593490993,0.3509634247555306,0.3076939817534764,0.341342593490993,0.04326944300205421,3,3,0.0,670.0,0.04256966710090637,0.5123068033698828,0.037693196630117276
370,370,categorical_soft,0,0,False,0.0,0.0,1.0,0.0,0.0,1,-1.0,0.6498363941907883,2.612099862098694,-0.4303471386432648,-4.359282732009888,0.6498363941907883,0.9535241647085717,0.04557785644983724,0.0008979788415909983,0.9535241647085717,0.04557785644983724,0.0008979788415909983,0.9535241647085717,0.04557785644983724,-0.9526261858669807,1,1,0.032,740.0,0.4386346563696861,0.8711185197845402,-0.3211185197845402
371,371,categorical_soft,1,1,True,0.7409121730578815,0.0,0.0,0.25908783078193665,0.7409121990203857,3,0.4818243682384491,0.33844378441572187,0.28168963864445684,0.1811584025621414,-0.6870846152305603,0.33844378441572187,0.4370146370894453,0.3946332670990765,0.16835209581147814,0.4370146370894453,0.3946332670990765,0.16835209581147814,0.3946332670990765,0.4370146370894453,-0.22628117128759834,1,1,0.0,1170.0,0.02112467586994171,0.34098459826029615,0.2090154017397039
372,372,categorical_soft,0,0,False,0.0,0.0,1.0,0.0,0.0,1,-1.0,0.7001528382301331,2.7180439472198485,-1.137756359577179,-3.7902880907058716,0.7001528382301331,0.9778350075484156,0.020705955443447478,0.0014590370081369228,0.9778350075484156,0.020705955443447478,0.0014590370081369228,0.9778350075484156,0.020705955443447478,-0.9763759705402787,1,1,0.032,1180.0,0.820691667497158,0.9629470093439594,-0.41294700934395934
373,373,categorical_soft,0,0,True,0.13859959724236742,0.0,0.8614004254341125,0.0,0.13859960436820984,1,-0.7228008210659027,0.4398572236299515,1.559843933582306,-4.378705549240112,-0.6437346339225769,0.4398572236299515,0.8974608742117329,0.0023702501231128896,0.1001688756651542,0.8974608742117329,0.0023702501231128896,0.1001688756651542,0.8974608742117329,0.0023702501231128896,-0.7972919985465787,1,1,0.256,720.0,1.2470764820463955,0.9972876295955952,-0.4472876295955952
374,374,categorical_soft,0,0,True,0.142547742111232,0.0,0.8574522733688354,0.0,0.14254774153232574,1,-0.7149045318365097,0.2892895832657814,1.143065047264099,-2.807128667831421,-0.6716835796833038,0.2892895832657814,0.8446864453823016,0.01626481152315558,0.1390487430945429,0.8446864453823016,0.01626481152315558,0.1390487430945429,0.8446864453823016,0.01626481152315558,-0.7056377022877587,1,1,0.064,680.0,0.8477915152907372,0.9819000580393523,-0.4319000580393523
375,375,categorical_soft,1,1,True,0.17110929758369697,0.0,0.0,0.8288906812667847,0.17110930383205414,2,-0.6577813774347305,0.30925253927707674,-0.038505101669579746,0.030246778205037118,-0.1279958926141262,0.30925253927707674,0.33487789749203223,0.3586878725892878,0.30643422991867997,0.33487789749203223,0.3586878725892878,0.30643422991867997,0.3586878725892878,0.33487789749203223,-0.052253642670607836,2,2,0.032,850.0,0.5218647550791502,0.8990958545060396,-0.3490958545060395
376,376,categorical_soft,0,0,False,0.0,0.0,1.0,0.0,0.0,1,-1.0,0.760509866476059,2.38035135269165,-0.9742276787757873,-3.1878904581069945,0.760509866476059,0.9626972607804729,0.03362653666765515,0.0036762025518718468,0.9626972607804729,0.03362653666765515,0.0036762025518718468,0.9626972607804729,0.03362653666765515,-0.9590210582286011,1,1,0.032,1110.0,0.7185393869876862,0.9448057440354843,-0.3948057440354843
377,377,categorical_soft,1,1,True,0.17171995835359766,0.0,0.0,0.8282800316810608,0.17171995341777802,2,-0.6565600782632828,0.37424864172935485,0.06514303665608168,-0.22082132399082183,-0.26702728271484377,0.37424864172935485,0.4056342482399402,0.30419675143597513,0.29016900032408455,0.4056342482399402,0.30419675143597513,0.29016900032408455,0.30419675143597513,0.4056342482399402,-0.014027751111890585,1,1,0.0,510.0,0.43530239164829254,0.8976874868146086,-0.3476874868146086
378,378,categorical_soft,0,0,True,0.14159409893896185,0.0,0.8584058880805969,0.0,0.14159409701824188,1,-0.716811791062355,0.31937323957681657,0.9690953671932221,-2.591979813575745,-0.3698322743177414,0.31937323957681657,0.7742904684163572,0.022019048669966415,0.20369048291367645,0.7742904684163572,0.022019048669966415,0.20369048291367645,0.7742904684163572,0.022019048669966415,-0.5705999855026808,1,1,0.128,680.0,0.8935141116380692,0.9854890640603567,-0.4354890640603567
379,379,categorical_soft,1,1,True,0.15317525639557306,0.0,0.0,0.8468247652053833,0.1531752496957779,2,-0.6936495155096054,0.33308611437678337,-1.3924874544143677,2.4579790592193604,0.6573075264692306,0.33308611437678337,0.018287916321174637,0.8424622667663104,0.13924981691251492,0.018287916321174637,0.8424622667663104,0.13924981691251492,0.8424622667663104,0.018287916321174637,-0.7032124498537955,2,2,0.256,510.0,0.5773737840354443,0.9463356041727776,-0.3963356041727776
380,380,categorical_soft,1,1,True,0.16881225547255846,0.0,0.0,0.8311877250671387,0.16881226003170013,2,-0.6623754650354385,0.2948785498738289,-0.944828450679779,1.5203723669052125,0.4209176242351532,0.2948785498738289,0.06049605433037619,0.7047374476647892,0.2347664980048346,0.06049605433037619,0.7047374476647892,0.2347664980048346,0.7047374476647892,0.06049605433037619,-0.46997094965995456,2,2,0.128,400.0,0.42385962195839966,0.9044932597432849,-0.3544932597432848
381,381,categorical_soft,0,0,True,0.13994749393293426,0.0,0.8600525259971619,0.0,0.13994748890399933,1,-0.7201050370931625,0.38996633887290955,1.2215950965881348,-3.493278217315674,-0.33099186420440674,0.38996633887290955,0.8189602114430956,0.0073408301259417965,0.17369895843096253,0.8189602114430956,0.0073408301259417965,0.17369895843096253,0.8189602114430956,0.0073408301259417965,-0.6452612530121331,1,1,0.256,610.0,0.9956440702080727,0.9918732366503379,-0.44187323665033784
382,382,categorical_soft,0,0,False,0.0,0.0,1.0,0.0,0.0,1,-1.0,0.7138252258300781,2.740518260002136,-1.1393141865730285,-4.2980872631073,0.7138252258300781,0.9788902985632608,0.020250621395455387,0.0008590800412836653,0.9788902985632608,0.020250621395455387,0.0008590800412836653,0.9788902985632608,0.020250621395455387,-0.9780312185219772,1,1,0.256,480.0,0.7710565626621246,0.9793193742271186,-0.4293193742271185
383,383,categorical_soft,1,1,True,0.14417076045447696,0.0,0.0,0.8558292388916016,0.14417076110839844,2,-0.7116584777832031,0.3763131216168404,-2.125430870056152,2.9561044216156005,1.1212029814720155,0.3763131216168404,0.005381439524908352,0.857651419816932,0.1369671406581595,0.005381439524908352,0.857651419816932,0.1369671406581595,0.857651419816932,0.005381439524908352,-0.7206842791587725,2,2,0.256,760.0,0.8084479738026857,0.9759628652576691,-0.425962865257669
384,384,categorical_soft,0,0,False,0.0,0.0,1.0,0.0,0.0,1,-1.0,0.6051205217838287,2.9677642822265624,-3.0157421112060545,-3.399565577507019,0.6051205217838287,0.9957731611272693,0.0025145780057036905,0.0017122608670268418,0.9957731611272693,0.0025145780057036905,0.0017122608670268418,0.9957731611272693,0.0025145780057036905,-0.9940609002602425,1,1,0.128,1080.0,0.9401882588863373,0.9813913142856413,-0.43139131428564126
385,385,categorical_soft,1,1,True,0.14549609815167108,0.0,0.0,0.8545039296150208,0.14549610018730164,2,-0.7090078294277191,0.3584897145628929,-1.995703887939453,2.783912491798401,1.0101395130157471,0.3584897145628929,0.007193064336994415,0.8487556175549781,0.14405131810802752,0.007193064336994415,0.8487556175549781,0.14405131810802752,0.8487556175549781,0.007193064336994415,-0.7047042994469506,2,2,0.256,770.0,0.7735878583043814,0.9712650823388411,-0.4212650823388411
386,386,categorical_soft,0,0,True,0.1386766372350519,0.0,0.861323356628418,0.0,0.13867664337158203,1,-0.7226467132568359,0.3604608803987503,1.7423555493354796,-4.238068103790283,-0.7985674262046814,0.3604608803987503,0.923817216891125,0.0023377742123444774,0.07384500889653069,0.923817216891125,0.0023377742123444774,0.07384500889653069,0.923817216891125,0.0023377742123444774,-0.8499722079945943,1,1,0.512,400.0,1.1461854800581932,0.9969733685655217,-0.4469733685655216
387,387,categorical_soft,0,0,False,0.0,0.0,1.0,0.0,0.0,1,-1.0,0.6420151889324188,3.508630132675171,-2.047533130645752,-4.772821521759033,0.6420151889324188,0.9958945489893123,0.003852870855977331,0.000252580154710245,0.9958945489893123,0.003852870855977331,0.000252580154710245,0.9958945489893123,0.003852870855977331,-0.9956419688346021,1,1,0.256,660.0,0.940440259873867,0.9887148115988028,-0.43871481159880277
388,388,categorical_soft,1,1,True,0.16684084755566841,0.0,0.0,0.8331591486930847,0.16684085130691528,2,-0.6663182973861694,0.23697753846645356,-1.6234784245491027,2.5557411909103394,0.7268807291984558,0.23697753846645356,0.013139513853506216,0.8502273261097478,0.13663316003674594,0.013139513853506216,0.8502273261097478,0.13663316003674594,0.8502273261097478,0.013139513853506216,-0.7135941660730019,2,2,0.064,1010.0,0.5850121323019266,0.90925726285887,-0.35925726285886994
389,389,categorical_soft,0,0,False,0.0,0.0,1.0,0.0,0.0,1,-1.0,0.7028756141662598,2.3668858766555787,-0.8703494429588318,-3.4841463804244994,0.7028756141662598,0.9595395476463009,0.03769265902758349,0.0027677933261154013,0.9595395476463009,0.03769265902758349,0.0027677933261154013,0.9595395476463009,0.03769265902758349,-0.9567717543201855,1,1,0.064,880.0,0.4785623997449875,0.8741640467966116,-0.3241640467966116
390,390,categorical_soft,1,1,True,0.2760299416475489,0.0,0.0,0.7239700555801392,0.27602994441986084,2,-0.4479401111602783,0.3175699859857559,0.29647792875766754,-1.104674756526947,-0.016505763679742814,0.3175699859857559,0.5056525604214277,0.12460036784705605,0.36974707173151644,0.5056525604214277,0.12460036784705605,0.36974707173151644,0.12460036784705605,0.5056525604214277,0.2451467038844604,1,1,0.0,1000.0,0.32620373368263245,0.7398172420363511,-0.18981724203635109
391,391,categorical_soft,0,0,False,0.0,0.0,1.0,0.0,0.0,1,-1.0,0.7118355959653855,3.0203078985214233,-1.4062027096748353,-4.314784383773803,0.7118355959653855,0.9875344946199387,0.011819767585337794,0.0006457377947236153,0.9875344946199387,0.011819767585337794,0.0006457377947236153,0.9875344946199387,0.011819767585337794,-0.986888756825215,1,1,0.128,840.0,0.7657688558101654,0.9676319299768472,-0.41763192997684717
392,392,categorical_soft,0,0,True,0.1412916564522666,0.0,0.8587083220481873,0.0,0.14129166305065155,1,-0.7174166589975357,0.3327231228351593,0.8051696002483368,-2.450511908531189,-0.29534328281879424,0.3327231228351593,0.7289049152029028,0.028139105313630862,0.24295597948346628,0.7289049152029028,0.028139105313630862,0.24295597948346628,0.7289049152029028,0.028139105313630862,-0.48594893571943654,1,1,0.064,930.0,0.9719650354236364,0.9866435474255073,-0.43664354742550726
393,393,categorical_soft,0,0,True,0.29355228838107594,0.0,0.7064477205276489,0.0,0.2935522794723511,1,-0.41289544105529785,0.44512652456760404,0.020441776607185602,0.02492689937353134,-0.11678736358880996,0.44512652456760404,0.34791578333948553,0.3489773307682215,0.30310688589229295,0.34791578333948553,0.3489773307682215,0.30310688589229295,0.34791578333948553,0.3489773307682215,-0.044808897447192575,2,2,0.0,420.0,0.16475437581539154,0.7213106216778917,-0.17131062167789168
394,394,categorical_soft,0,0,False,0.0,0.0,1.0,0.0,0.0,1,-1.0,0.7871031582355499,2.9909836292266845,-1.7983110785484313,-4.003265786170959,0.7871031582355499,0.9908401152682329,0.008244328704392258,0.0009155560273749698,0.9908401152682329,0.008244328704392258,0.0009155560273749698,0.9908401152682329,0.008244328704392258,-0.989924559240858,1,1,0.064,1130.0,0.5938400030136108,0.9005461713773014,-0.3505461713773014
395,395,categorical_soft,0,0,True,0.22105897632457006,0.0,0.7789410352706909,0.0,0.22105897963047028,1,-0.5578820556402206,0.2949798211455345,0.305868798494339,-1.2889254450798036,-0.027158784866333007,0.2949798211455345,0.5207815541546815,0.10604109026350206,0.37317735558181636,0.5207815541546815,0.10604109026350206,0.37317735558181636,0.5207815541546815,0.10604109026350206,-0.14760419857286516,1,1,0.032,1110.0,0.4338230639696121,0.8086384647508287,-0.25863846475082863
396,396,categorical_soft,1,1,False,0.0,0.0,0.0,1.0,0.0,2,-1.0,0.5603177130222321,-2.945081377029419,7.526748371124268,0.8681238293647766,0.5603177130222321,2.859115601887995e-05,0.9986471291915775,0.0013242796524036596,2.859115601887995e-05,0.9986471291915775,0.0013242796524036596,0.9986471291915775,2.859115601887995e-05,-0.9973228495391738,2,2,0.512,1110.0,0.9393975138664246,0.9806455907424554,-0.43064559074245534
397,397,categorical_soft,1,1,False,0.0,0.0,0.0,1.0,0.0,2,-1.0,0.6722823411226273,-1.380008065700531,6.239986991882324,-0.7400392293930054,0.6722823411226273,0.0004922218254945552,0.9985635044609289,0.0009442737135765542,0.0004922218254945552,0.9985635044609289,0.0009442737135765542,0.9985635044609289,0.0004922218254945552,-0.9976192307473524,2,2,0.256,1050.0,0.9099549353122711,0.9792239661600461,-0.4292239661600461
398,398,categorical_soft,1,1,True,0.15284969822104216,0.0,0.0,0.8471503257751465,0.1528497040271759,2,-0.6943006217479706,0.3871970072388649,-0.6589237868785858,1.3206349611282349,0.15026776492595673,0.3871970072388649,0.09595462151119312,0.6896085661011536,0.21443681238765322,0.09595462151119312,0.6896085661011536,0.21443681238765322,0.6896085661011536,0.09595462151119312,-0.4751717537135004,2,2,0.128,490.0,0.5764550000894815,0.9473221554846154,-0.39732215548461536
399,399,categorical_soft,1,1,True,0.22781912808323002,0.0,0.0,0.7721808552742004,0.22781912982463837,2,-0.5443617254495621,0.35078660026192665,-0.1539202481508255,0.3161132365465164,-0.07122445404529572,0.35078660026192665,0.27149038895476835,0.43389893761013465,0.294610673435097,0.27149038895476835,0.43389893761013465,0.294610673435097,0.43389893761013465,0.27149038895476835,-0.13928826417503765,2,2,0.032,400.0,0.2471591681241989,0.7989866884283707,-0.24898668842837068
