trial_index,dataset_index,student_action_objective,true_direction,dir_choice,sure_available,teacher_sure_strength,target_fixation,target_left,target_right,target_sure,teacher_preferred_action,target_action_margin,raw_post_go_fixation,raw_post_go_left,raw_post_go_right,raw_post_go_sure,predicted_fixation,predicted_left,predicted_right,predicted_sure,p_left,p_right,p_sure,predicted_correct_direction,predicted_incorrect_direction,predicted_action_margin,final_argmax_choice,action_argmax_choice,stimulus_coherence,stimulus_duration_ms,internal_margin,empirical_p_correct,delta_value
0,0,categorical_soft,0,0,False,0.0,0.0,1.0,0.0,0.0,1,-1.0,0.6700369311646162,4.58217681836266,-5.532291931862638,-4.995869522168514,0.6700369311646162,0.9998895174733196,4.0536858263257196e-05,6.994566841720893e-05,0.9998895174733196,4.0536858263257196e-05,6.994566841720893e-05,0.9998895174733196,4.0536858263257196e-05,-0.9998195718049023,1,1,0.512,940.0,1.0484288111329079,0.9906774506351905,-0.4406774506351905
1,1,categorical_soft,0,0,True,0.20536326275014355,0.0,0.7946367263793945,0.0,0.20536325871944427,1,-0.5892734676599503,0.337251520121044,0.22791917653696014,-1.037486391133788,-0.021632345324169983,0.337251520121044,0.4850739286216756,0.13709368185864865,0.3778323895196757,0.4850739286216756,0.13709368185864865,0.3778323895196757,0.4850739286216756,0.13709368185864865,-0.1072415391019999,1,1,0.0,890.0,0.4134471267461777,0.8328962506168242,-0.2828962506168241
2,2,categorical_soft,1,1,True,0.1627092707452713,0.0,0.0,0.8372907042503357,0.16270926594734192,2,-0.6745814383029938,0.42414897049929473,-1.541889125539702,1.9065069216096489,0.7701358497098694,0.42414897049929473,0.023707433481124775,0.738956056864105,0.2373365096547703,0.023707433481124775,0.738956056864105,0.2373365096547703,0.738956056864105,0.023707433481124775,-0.5016195472093348,2,2,0.256,510.0,0.4894590051844716,0.9196709493279273,-0.3696709493279272
3,3,categorical_soft,0,0,False,0.0,0.0,1.0,0.0,0.0,1,-1.0,0.6756131650796189,4.724152828624934,-6.2322740742859795,-4.8876329995174945,0.6756131650796189,0.9999149804343522,1.746669943874655e-05,6.755286620894082e-05,0.9999149804343522,1.746669943874655e-05,6.755286620894082e-05,0.9999149804343522,1.746669943874655e-05,-0.9998474275681433,1,1,0.512,960.0,1.073611468076706,0.9915539535033948,-0.44155395350339477
4,4,categorical_soft,0,0,False,0.0,0.0,1.0,0.0,0.0,1,-1.0,0.6570428149473162,3.326198516837818,-3.465074542046108,-3.790143013056164,0.6570428149473162,0.9980651178704518,0.0011217396660055177,0.0008131424635427857,0.9980651178704518,0.0011217396660055177,0.0008131424635427857,0.9980651178704518,0.0011217396660055177,-0.997251975406909,1,1,0.128,1020.0,0.8045955151319504,0.9668002996095091,-0.41680029960950904
5,5,categorical_soft,0,0,True,0.1494681574748153,0.0,0.850531816482544,0.0,0.14946815371513367,1,-0.7010636627674103,0.354099965301884,1.2557573712966703,-3.936849887698572,-0.10507843754864614,0.354099965301884,0.7921774832403418,0.004413527348130614,0.20340898941152757,0.7921774832403418,0.004413527348130614,0.20340898941152757,0.7921774832403418,0.004413527348130614,-0.5887684938288142,1,1,0.064,1100.0,0.7740941792726517,0.9579179349019022,-0.4079179349019022
6,6,categorical_soft,0,0,False,0.0,0.0,1.0,0.0,0.0,1,-1.0,0.6868372130993551,3.108029620232325,-2.4277945417327866,-3.9194757083796445,0.6868372130993551,0.995189615093255,0.0039249522574410865,0.0008854326493040089,0.995189615093255,0.0039249522574410865,0.0008854326493040089,0.995189615093255,0.0039249522574410865,-0.994304182443951,1,1,0.128,920.0,0.9184840470552444,0.9829027041866822,-0.4329027041866822
7,7,categorical_soft,0,0,False,0.0,0.0,1.0,0.0,0.0,1,-1.0,0.613372926309858,1.4962079554346206,1.007664237184096,-2.933297242405578,0.613372926309858,0.6151769452511742,0.37744794825833694,0.007375106490488889,0.6151769452511742,0.37744794825833694,0.007375106490488889,0.6151769452511742,0.37744794825833694,-0.6078018387606853,1,1,0.0,1020.0,0.046841979026794434,0.4129663606271245,0.13703363937287555
8,8,categorical_soft,1,1,True,0.1573025373588735,0.0,0.0,0.8426974415779114,0.15730254352092743,2,-0.685394898056984,0.36159134159519096,-1.2919211537618613,2.1566277390820088,0.5628173193417176,0.36159134159519096,0.026066515347702324,0.8094141112327268,0.16451937341957093,0.026066515347702324,0.8094141112327268,0.16451937341957093,0.8094141112327268,0.026066515347702324,-0.6448947378131559,2,2,0.256,470.0,0.5237435521557927,0.9342915810289389,-0.3842915810289389
9,9,categorical_soft,0,0,False,0.0,0.0,1.0,0.0,0.0,1,-1.0,0.6741801669253948,4.686992754059008,-6.065865906874615,-4.90746756685372,0.6741801669253948,0.9999098407630861,2.1409856940755106e-05,6.874937997312394e-05,0.9999098407630861,2.1409856940755106e-05,6.874937997312394e-05,0.9999098407630861,2.1409856940755106e-05,-0.999841091383113,1,1,0.512,1010.0,1.1523869410157204,0.9938939755920116,-0.4438939755920116
10,10,categorical_soft,1,1,False,0.0,0.0,0.0,1.0,0.0,2,-1.0,0.6383802368762469,1.4827326054729408,1.9594285685498367,-3.2538916210761686,0.6383802368762469,0.38176093882083706,0.6148814932013181,0.003357567977844892,0.38176093882083706,0.6148814932013181,0.003357567977844892,0.6148814932013181,0.38176093882083706,-0.6115239252234732,2,2,0.032,1170.0,0.730802558362484,0.9441724449195158,-0.39417244491951575
11,11,categorical_soft,1,1,True,0.15537181576585085,0.0,0.0,0.8446281552314758,0.15537181496620178,2,-0.689256340265274,0.3588452928347515,-0.7778520577416225,1.4138758344542999,0.27092868807339254,0.3588452928347515,0.07851213492218455,0.6984980858283135,0.22298977924950178,0.07851213492218455,0.6984980858283135,0.22298977924950178,0.6984980858283135,0.07851213492218455,-0.4755083065788117,2,2,0.064,560.0,0.5649214829318225,0.9398221432929741,-0.38982214329297404
12,12,categorical_soft,1,1,False,0.0,0.0,0.0,1.0,0.0,2,-1.0,0.5280803544559876,0.8371172275420387,2.9835418899002186,-2.538969397292669,0.5280803544559876,0.10428941544739645,0.8921019316060084,0.0036086529465950666,0.10428941544739645,0.8921019316060084,0.0036086529465950666,0.8921019316060084,0.10428941544739645,-0.8884932786594133,2,2,0.064,910.0,0.7842522263526917,0.9678326450270627,-0.41783264502706263
13,13,categorical_soft,1,1,False,0.0,0.0,0.0,1.0,0.0,2,-1.0,0.5269823310314504,0.77589688598823,2.6826895042984455,-2.334712614397186,0.5269823310314504,0.12859243966934944,0.8656051743729787,0.005802385957671792,0.12859243966934944,0.8656051743729787,0.005802385957671792,0.8656051743729787,0.12859243966934944,-0.8598027884153069,2,2,0.032,460.0,0.8103487938642502,0.9832889224471807,-0.43328892244718065
14,14,categorical_soft,1,1,False,0.0,0.0,0.0,1.0,0.0,2,-1.0,0.5410725078410613,0.5788032687117992,2.7239723285703596,-2.033420700088155,0.5410725078410613,0.10397905273819415,0.8882964886285454,0.007724458633260521,0.10397905273819415,0.8882964886285454,0.007724458633260521,0.8882964886285454,0.10397905273819415,-0.8805720299952848,2,2,0.064,490.0,0.6984655410051346,0.970371268883655,-0.42037126888365495
15,15,categorical_soft,1,1,False,0.0,0.0,0.0,1.0,0.0,2,-1.0,0.5464552956240749,1.0180269845298833,2.2730462565859737,-2.614206244446279,0.5464552956240749,0.220535642216717,0.7735991475222332,0.005865210261049794,0.220535642216717,0.7735991475222332,0.005865210261049794,0.7735991475222332,0.220535642216717,-0.7677339372611834,2,2,0.064,670.0,0.657180730602704,0.9555993270423452,-0.40559932704234514
16,16,categorical_soft,0,0,False,0.0,0.0,1.0,0.0,0.0,1,-1.0,0.7180899228841635,2.560559314597809,-0.9425650071103799,-3.727117980295644,0.7180899228841635,0.9690195160411912,0.029178623364632776,0.0018018605941758745,0.9690195160411912,0.029178623364632776,0.0018018605941758745,0.9690195160411912,0.029178623364632776,-0.9672176554470153,1,1,0.032,990.0,0.6548107713460922,0.9353335886244387,-0.38533358862443867
17,17,categorical_soft,0,0,False,0.0,0.0,1.0,0.0,0.0,1,-1.0,0.6764721923659638,3.036611442080299,-2.553655058903544,-3.728991788899582,0.6764721923659638,0.9951333721460965,0.0037165174393515078,0.0011501104145519828,0.9951333721460965,0.0037165174393515078,0.0011501104145519828,0.9951333721460965,0.0037165174393515078,-0.9939832617315446,1,1,0.064,1160.0,0.867465652525425,0.9710154946235546,-0.4210154946235546
18,18,categorical_soft,0,0,True,0.4703194649998598,0.0,0.5296805500984192,0.0,0.4703194797039032,1,-0.05936107039451599,0.28569320313594254,0.7819124564265912,-2.2701260863623345,-0.31702867840421056,0.28569320313594254,0.7239279938116209,0.03422875323209724,0.24184325295628195,0.7239279938116209,0.03422875323209724,0.24184325295628195,0.7239279938116209,0.03422875323209724,-0.4820847408553389,1,1,0.064,880.0,0.14334997534751892,0.5723013908026424,-0.022301390802642374
19,19,categorical_soft,0,0,True,0.15783541674977236,0.0,0.8421645760536194,0.0,0.15783542394638062,1,-0.6843291521072388,0.42179250231351517,1.286780537061494,-1.715724263905973,-1.2438017287769791,0.42179250231351517,0.8836283715423408,0.04397688325823391,0.07239474519942535,0.8836283715423408,0.04397688325823391,0.07239474519942535,0.8836283715423408,0.04397688325823391,-0.8112336263429154,1,1,0.064,890.0,0.6218863129615784,0.9327954541479567,-0.3827954541479567
20,20,categorical_soft,0,0,True,0.1385075905024299,0.0,0.861492395401001,0.0,0.13850758969783783,1,-0.7229848057031631,0.4213699372552119,2.907407483755889,-7.167072728812592,-1.4835807709730564,0.4213699372552119,0.9874458150520958,4.162907018610041e-05,0.012512555877718077,0.9874458150520958,4.162907018610041e-05,0.012512555877718077,0.9874458150520958,4.162907018610041e-05,-0.9749332591743778,1,1,0.512,940.0,1.331511277705431,0.9976637240031028,-0.4476637240031027
21,21,categorical_soft,0,0,True,0.14257556409246797,0.0,0.8574244379997253,0.0,0.14257556200027466,1,-0.7148488759994507,0.315895569395917,1.024905991495064,-3.1218735503907795,-0.19611470762919506,0.315895569395917,0.7626533259099219,0.012076727093845288,0.22526994699623284,0.7626533259099219,0.012076727093845288,0.22526994699623284,0.7626533259099219,0.012076727093845288,-0.537383378913689,1,1,0.128,600.0,0.8269800916314125,0.9817964952979781,-0.43179649529797803
22,22,categorical_soft,1,1,True,0.17070501334162702,0.0,0.0,0.8292949795722961,0.17070502042770386,2,-0.6585899591445923,0.36537628443534437,-2.2101594832966125,2.800443590975823,1.1473128037841747,0.36537628443534437,0.0056199737968604365,0.8345314616038928,0.15984856459924668,0.0056199737968604365,0.8345314616038928,0.15984856459924668,0.8345314616038928,0.0056199737968604365,-0.6746828970046461,2,2,0.256,810.0,0.5141643323004246,0.9000342722994452,-0.35003427229944517
23,23,categorical_soft,1,1,True,0.19562216334397986,0.0,0.0,0.8043778538703918,0.19562216103076935,2,-0.6087556928396225,0.35170873910873157,0.09803359799776902,-0.47455337592048724,-0.10631065579640567,0.35170873910873157,0.42039981346253336,0.23710336978676647,0.34249681675070015,0.42039981346253336,0.23710336978676647,0.34249681675070015,0.23710336978676647,0.42039981346253336,0.10539344696393368,1,1,0.0,880.0,0.4363681795075536,0.8495365426977518,-0.29953654269775176
24,24,categorical_soft,0,0,True,0.13827039345882153,0.0,0.861729621887207,0.0,0.13827039301395416,1,-0.7234592288732529,0.46295703104700864,2.6692043062402417,-5.129039210876384,-1.956153749282222,0.46295703104700864,0.9894038411219181,0.00040649120816962594,0.010189667669912176,0.9894038411219181,0.00040649120816962594,0.010189667669912176,0.9894038411219181,0.00040649120816962594,-0.979214173452006,1,1,0.512,670.0,1.3751744218170643,0.9986372597710848,-0.4486372597710847
25,25,categorical_soft,0,0,True,0.13827917050404648,0.0,0.8617208003997803,0.0,0.13827916979789734,1,-0.7234416306018829,0.5898985524323164,2.806018155174403,-2.9963416791454454,-2.8238679463109855,0.5898985524323164,0.9931891510456972,0.0030050942347071567,0.0038057547195957846,0.9931891510456972,0.0030050942347071567,0.0038057547195957846,0.9931891510456972,0.0030050942347071567,-0.9893833963261014,1,1,0.512,490.0,1.3256772384047508,0.9986011338836283,-0.4486011338836282
26,26,categorical_soft,0,0,False,0.0,0.0,1.0,0.0,0.0,1,-1.0,0.6901157447925312,2.392089504343442,-0.25310987955203557,-3.84751331741301,0.6901157447925312,0.9320106181718039,0.0661703372852866,0.0018190445429094842,0.9320106181718039,0.0661703372852866,0.0018190445429094842,0.9320106181718039,0.0661703372852866,-0.9301915736288944,1,1,0.032,990.0,0.6256432682275772,0.9261054418610988,-0.37610544186109873
27,27,categorical_soft,1,1,False,0.0,0.0,0.0,1.0,0.0,2,-1.0,0.6303986552458968,-0.9513639518764563,3.619593261525538,-0.2063483289373615,0.6303986552458968,0.01007582492425872,0.9683897645534072,0.02153441052233404,0.01007582492425872,0.9683897645534072,0.02153441052233404,0.9683897645534072,0.01007582492425872,-0.9468553540310731,2,2,0.256,670.0,1.0143475160002708,0.9920294334782974,-0.4420294334782974
28,28,categorical_soft,1,1,True,0.15346409575472014,0.0,0.0,0.8465359210968018,0.15346409380435944,2,-0.6930718272924423,0.37290573814128125,-1.6247238037791434,2.9915706261337385,0.8004904629343391,0.37290573814128125,0.008984629024587257,0.8912919620783543,0.09972340889705852,0.008984629024587257,0.8912919620783543,0.09972340889705852,0.8912919620783543,0.008984629024587257,-0.7915685531812957,2,2,0.256,700.0,0.6205295249819756,0.945465008707168,-0.39546500870716794
29,29,categorical_soft,1,1,False,0.0,0.0,0.0,1.0,0.0,2,-1.0,0.5835509728122473,-0.8211711633825463,4.833191504290033,-0.9055920107520625,0.5835509728122473,0.003496244411334834,0.9932275589523215,0.0032761966363436578,0.003496244411334834,0.9932275589523215,0.0032761966363436578,0.9932275589523215,0.003496244411334834,-0.9899513623159778,2,2,0.128,1110.0,0.8874989934265614,0.9751635105383551,-0.4251635105383551
30,30,categorical_soft,0,0,True,0.1382362113566537,0.0,0.8617637753486633,0.0,0.13823620975017548,1,-0.7235275655984879,0.6231710128383359,4.275195862878144,-6.8939941463025365,-3.495354289525685,0.6231710128383359,0.9995320019511116,1.4100397633012417e-05,0.00045389765125537096,0.9995320019511116,1.4100397633012417e-05,0.00045389765125537096,0.9995320019511116,1.4100397633012417e-05,-0.9990781042998562,1,1,0.512,1100.0,1.502898057922721,0.9987780266649418,-0.4487780266649417
31,31,categorical_soft,1,1,True,0.1981886021193041,0.0,0.0,0.8018113970756531,0.19818860292434692,2,-0.6036227941513062,0.30984575356871724,1.0081682494161477,-2.6160951569452164,-0.483229555773282,0.30984575356871724,0.7977487257295943,0.021286688304268615,0.1809645859661369,0.7977487257295943,0.021286688304268615,0.1809645859661369,0.021286688304268615,0.7977487257295943,0.1596778976618683,1,1,0.0,1080.0,0.4783298671245575,0.8450161845023628,-0.2950161845023628
32,32,categorical_soft,1,1,True,0.15878169880904897,0.0,0.0,0.8412182927131653,0.15878169238567352,2,-0.6824366003274918,0.28063667590957414,-4.223511994561147,5.907380752471292,2.641858168185986,0.28063667590957414,3.902764503616996e-05,0.963178885641903,0.036782086713060845,3.902764503616996e-05,0.963178885641903,0.036782086713060845,0.963178885641903,3.902764503616996e-05,-0.9263967989288422,2,2,0.512,1110.0,0.6674912087619305,0.930169693553761,-0.38016969355376096
33,33,categorical_soft,1,1,True,0.15452912015120251,0.0,0.0,0.8454709053039551,0.1545291244983673,2,-0.6909417808055878,0.38193624851776325,-1.625290686193021,2.0865222990646854,0.7837135480803984,0.38193624851776325,0.01900743505145804,0.7713088669148288,0.20968369803371317,0.01900743505145804,0.7713088669148288,0.20968369803371317,0.7713088669148288,0.01900743505145804,-0.5616251688811156,2,2,0.256,590.0,0.5813465155661106,0.9422921797796965,-0.39229217977969644
34,34,categorical_soft,1,1,True,0.1659572057517602,0.0,0.0,0.8340427875518799,0.16595721244812012,2,-0.6680855751037598,0.35079363002758307,-3.702244797504028,4.803399101863915,2.2141734124581327,0.35079363002758307,0.00019122137310284876,0.9299253522126367,0.06988342641426026,0.00019122137310284876,0.9299253522126367,0.06988342641426026,0.9299253522126367,0.00019122137310284876,-0.8600419257983765,2,2,0.512,980.0,0.5830800868570805,0.9114341793520553,-0.36143417935205524
35,35,categorical_soft,1,1,False,0.0,0.0,0.0,1.0,0.0,2,-1.0,0.6329884240639958,-1.0443176794966682,3.810500484570516,-0.1584469209718386,0.6329884240639958,0.007629599501273085,0.9735845165805991,0.01878588391812784,0.007629599501273085,0.9735845165805991,0.01878588391812784,0.9735845165805991,0.007629599501273085,-0.9547986326624712,2,2,0.256,740.0,0.983464740216732,0.9899279505458738,-0.43992795054587375
36,36,categorical_soft,0,0,True,0.2756396611169857,0.0,0.7243603467941284,0.0,0.2756396532058716,1,-0.44872069358825684,0.3907929708289906,-0.05066863711822088,-0.16394329286497542,-0.0008645412522607949,0.3907929708289906,0.3397529805681761,0.3033574525970164,0.35688956683480755,0.3397529805681761,0.3033574525970164,0.35688956683480755,0.3397529805681761,0.3033574525970164,0.01713658626663145,3,3,0.0,910.0,0.30457280576229095,0.7402439727377856,-0.1902439727377856
37,37,categorical_soft,1,1,True,0.5000959869728804,0.0,0.0,0.49990400671958923,0.5000959634780884,3,0.0001919567584991455,0.300495818163958,0.3547726501028205,-0.9897915838177855,-0.3106667634105976,0.300495818163958,0.5632652823886312,0.14678463703645867,0.2899500805749103,0.5632652823886312,0.14678463703645867,0.2899500805749103,0.14678463703645867,0.5632652823886312,0.14316544353845162,1,1,0.0,530.0,0.03898046910762787,0.549928009768958,7.199023104209612e-05
38,38,categorical_soft,0,0,True,0.13969023630715088,0.0,0.8603097796440125,0.0,0.13969023525714874,1,-0.7206195443868637,0.29412429870569656,0.8847104475983112,-2.573797652950554,-0.3034647582580211,0.29412429870569656,0.7479160723786081,0.02355363825083478,0.22853028937055714,0.7479160723786081,0.02355363825083478,0.22853028937055714,0.7479160723786081,0.02355363825083478,-0.519385783008051,1,1,0.128,420.0,0.9765269681811333,0.9928931070173358,-0.44289310701733575
39,39,categorical_soft,1,1,True,0.1427231677156029,0.0,0.0,0.8572768568992615,0.1427231729030609,2,-0.7145536839962006,0.28623738435274226,-2.5660463318987246,3.972604443196076,1.4728516760220312,0.28623738435274226,0.0013570706794390189,0.9228095974585411,0.07583333186201983,0.0013570706794390189,0.9228095974585411,0.07583333186201983,0.9228095974585411,0.0013570706794390189,-0.8469762655965213,2,2,0.256,1000.0,0.9189697876572609,0.9812481310873736,-0.4312481310873736
40,40,categorical_soft,1,1,True,0.1449283766718838,0.0,0.0,0.8550716042518616,0.14492838084697723,2,-0.7101432234048843,0.2983695382984089,-3.0549800920029364,4.580400749994142,1.852818860533184,0.2983695382984089,0.0004622801760961944,0.938189490844717,0.06134822897918666,0.0004622801760961944,0.938189490844717,0.06134822897918666,0.938189490844717,0.0004622801760961944,-0.8768412618655304,2,2,0.512,780.0,0.7911144569516182,0.9732614526724147,-0.42326145267241466
41,41,categorical_soft,0,0,False,0.0,0.0,1.0,0.0,0.0,1,-1.0,0.6756119789869588,3.2233816267018502,-2.7503700813507193,-3.971549000401969,0.6756119789869588,0.9967121699396315,0.0025370892124815213,0.0007507408478868735,0.9967121699396315,0.0025370892124815213,0.0007507408478868735,0.9967121699396315,0.0025370892124815213,-0.9959614290917447,1,1,0.128,1110.0,0.8105276525020599,0.9641567331433587,-0.41415673314335866
42,42,categorical_soft,1,1,True,0.18386932635116243,0.0,0.0,0.8161306977272034,0.18386933207511902,2,-0.6322613656520844,0.3805693794449377,-0.04565304283816999,-0.07368419682181579,-0.06275505270269566,0.3805693794449377,0.3385023414214938,0.32895458099430475,0.33254307758420143,0.3385023414214938,0.32895458099430475,0.33254307758420143,0.32895458099430475,0.3385023414214938,0.0035884965898966836,1,1,0.032,870.0,0.47157008200883865,0.8716904059750423,-0.3216904059750423
43,43,categorical_soft,0,0,False,0.0,0.0,1.0,0.0,0.0,1,-1.0,0.7070736513196397,2.6878186666076607,-0.7896017109757347,-4.052894556434036,0.7070736513196397,0.9689109264420749,0.029943287466279434,0.0011457860916456748,0.9689109264420749,0.029943287466279434,0.0011457860916456748,0.9689109264420749,0.029943287466279434,-0.9677651403504292,1,1,0.064,560.0,0.5961449593305588,0.9479353693958872,-0.39793536939588714
44,44,categorical_soft,0,0,False,0.0,0.0,1.0,0.0,0.0,1,-1.0,0.6814599554143677,2.908868577841664,-2.293761094718991,-3.6325528501356112,0.6814599554143677,0.9931000261511086,0.005464838824196356,0.0014351350246951011,0.9931000261511086,0.005464838824196356,0.0014351350246951011,0.9931000261511086,0.005464838824196356,-0.9916648911264135,1,1,0.032,1090.0,0.8813283666968346,0.9750127157054449,-0.42501271570544485
45,45,categorical_soft,0,0,True,0.2042680392286863,0.0,0.7957319617271423,0.0,0.20426803827285767,1,-0.5914639234542847,0.2939529095596009,0.7974669272256752,-1.885137715460289,-0.5446948616525772,0.2939529095596009,0.7509770710175616,0.051354188069597975,0.19766874091284037,0.7509770710175616,0.051354188069597975,0.19766874091284037,0.7509770710175616,0.051354188069597975,-0.5533083301047212,1,1,0.064,490.0,0.3179522901773453,0.8346999382675498,-0.2846999382675498
46,46,categorical_soft,0,0,True,0.13885866885625836,0.0,0.8611413240432739,0.0,0.13885867595672607,1,-0.7222826480865479,0.3741206363322531,1.8957393493799486,-5.69893910197443,-0.33596818760599856,0.3741206363322531,0.9024434609879245,0.0004545879727889478,0.09710195103928651,0.9024434609879245,0.0004545879727889478,0.09710195103928651,0.9024434609879245,0.0004545879727889478,-0.805341509948638,1,1,0.256,960.0,1.238908588886261,0.9962331804667848,-0.44623318046678473
47,47,categorical_soft,1,1,True,0.1491607895783002,0.0,0.0,0.8508391976356506,0.14916078746318817,2,-0.7016784101724625,0.37373885287065767,-2.377420230786228,3.007195604544725,1.260697225166054,0.37373885287065767,0.003936728183213037,0.848083414598014,0.14797985721877285,0.003936728183213037,0.848083414598014,0.14797985721877285,0.848083414598014,0.003936728183213037,-0.7001035573792411,2,2,0.512,580.0,0.6515953863272443,0.9589142773357157,-0.4089142773357156
48,48,categorical_soft,1,1,False,0.0,0.0,0.0,1.0,0.0,2,-1.0,0.5714871534407125,-0.7626484564201752,5.169983848608737,-1.1292863650162608,0.5714871534407125,0.0026521317537631776,0.9954712632659477,0.0018766049802891964,0.0026521317537631776,0.9954712632659477,0.0018766049802891964,0.9954712632659477,0.0026521317537631776,-0.9935946582856585,2,2,0.128,1170.0,0.9544913917779922,0.9806802795219415,-0.43068027952194143
49,49,categorical_soft,1,1,False,0.0,0.0,0.0,1.0,0.0,2,-1.0,0.5596572787735746,-0.12611603213970168,3.6801391595817727,-1.3710470750686305,0.5596572787735746,0.021648606659962537,0.97203047551187,0.006320917828167595,0.021648606659962537,0.97203047551187,0.006320917828167595,0.97203047551187,0.021648606659962537,-0.9657095576837025,2,2,0.128,670.0,0.8650231137871742,0.9835412539954715,-0.4335412539954715
50,50,categorical_soft,0,0,True,0.17652500160833862,0.0,0.8234750032424927,0.0,0.17652499675750732,1,-0.6469500064849854,0.2997919375091108,0.35459225026430224,-1.101467599106056,-0.24665663809956978,0.2997919375091108,0.5612581288742995,0.13088487080414163,0.30785700032155894,0.5612581288742995,0.13088487080414163,0.30785700032155894,0.5612581288742995,0.13088487080414163,-0.25340112855274055,1,1,0.032,510.0,0.4125770479440689,0.8869672724728956,-0.3369672724728956
51,51,categorical_soft,1,1,True,0.14994993269699897,0.0,0.0,0.8500500917434692,0.14994993805885315,2,-0.7001001536846161,0.3131203851482022,-2.8114963661399486,3.791822366822158,1.5638816324905034,0.3131203851482022,0.0012376432516513574,0.9016012430584569,0.09716111368989185,0.0012376432516513574,0.9016012430584569,0.09716111368989185,0.9016012430584569,0.0012376432516513574,-0.804440129368565,2,2,0.256,1000.0,0.7418664749711752,0.9563678204530032,-0.4063678204530031
52,52,categorical_soft,0,0,True,0.13890481310209313,0.0,0.8610951900482178,0.0,0.13890480995178223,1,-0.7221903800964355,0.36054232111765344,1.8842459572609727,-5.280141985327698,-0.6007695868783374,0.36054232111765344,0.9220533373751664,0.0007140222642710687,0.0772326403605625,0.9220533373751664,0.0007140222642710687,0.0772326403605625,0.9220533373751664,0.0007140222642710687,-0.8448206970146038,1,1,0.256,880.0,1.2093748897314072,0.9960460687413807,-0.44604606874138064
53,53,categorical_soft,1,1,True,0.1700814905199407,0.0,0.0,0.8299185037612915,0.1700814962387085,2,-0.659837007522583,0.3537699462127182,-0.27327807221598566,0.705785515625884,-0.055461355138511824,0.3537699462127182,0.20389619027279188,0.5423747873507881,0.25372902237642,0.20389619027279188,0.5423747873507881,0.25372902237642,0.5423747873507881,0.20389619027279188,-0.28864576497436817,2,2,0.032,770.0,0.5076670087873936,0.9014911272737932,-0.35149112727379317
54,54,categorical_soft,1,1,False,0.0,0.0,0.0,1.0,0.0,2,-1.0,0.55383134727723,0.43390231333124535,3.6356846739501707,-2.119772239556757,0.55383134727723,0.038980500828878294,0.9579582273042522,0.0030612718668695084,0.038980500828878294,0.9579582273042522,0.0030612718668695084,0.9579582273042522,0.038980500828878294,-0.9548969554373826,2,2,0.064,1070.0,0.7707834392786026,0.9587128420090807,-0.40871284200908065
55,55,categorical_soft,1,1,False,0.0,0.0,0.0,1.0,0.0,2,-1.0,0.534375406098441,0.9764287139936625,4.2044607962598075,-3.184185487171635,0.534375406098441,0.038102945058612135,0.9612952447777815,0.0006018101636064629,0.038102945058612135,0.9612952447777815,0.0006018101636064629,0.9612952447777815,0.038102945058612135,-0.960693434614175,2,2,0.064,1120.0,0.8611905425786972,0.9715009364845482,-0.4215009364845481
56,56,categorical_soft,0,0,False,0.0,0.0,1.0,0.0,0.0,1,-1.0,0.6565788008413678,3.9407870385353747,-4.381713097102183,-4.428381976036135,0.6565788008413678,0.9995234403167863,0.0002431104239042348,0.00023344925930963946,0.9995234403167863,0.0002431104239042348,0.00023344925930963946,0.9995234403167863,0.0002431104239042348,-0.9992899910574766,1,1,0.512,690.0,0.9768161326646805,0.990199551493082,-0.440199551493082
57,57,categorical_soft,0,0,True,0.15970363701444518,0.0,0.8402963876724243,0.0,0.15970364212989807,1,-0.6805927455425262,0.28179619093286307,0.5944818162851248,-1.6878277763908929,-0.36049612722263513,0.28179619093286307,0.6720527420085929,0.06858494452537242,0.2593623134660348,0.6720527420085929,0.06858494452537242,0.2593623134660348,0.6720527420085929,0.06858494452537242,-0.4126904285425581,1,1,0.064,460.0,0.500236913561821,0.9276486484729601,-0.3776486484729601
58,58,categorical_soft,1,1,True,0.3336827505310743,0.0,0.0,0.6663172245025635,0.33368274569511414,2,-0.33263447880744934,0.3838678237973351,-0.05124395203564806,0.16323501408420904,-0.17448537053541763,0.3838678237973351,0.320383738647553,0.3964871367818354,0.2831291245706116,0.320383738647553,0.3964871367818354,0.2831291245706116,0.3964871367818354,0.320383738647553,-0.11335801221122377,2,2,0.032,530.0,0.15421375632286072,0.6827785006137393,-0.1327785006137393
59,59,categorical_soft,1,1,False,0.0,0.0,0.0,1.0,0.0,2,-1.0,0.5542430707474347,0.39136273480268857,3.2975165768277748,-1.9325495363634775,0.5542430707474347,0.051588708278433884,0.9433125451501715,0.005098746571394716,0.051588708278433884,0.9433125451501715,0.005098746571394716,0.9433125451501715,0.051588708278433884,-0.9382137985787767,2,2,0.064,870.0,0.7703574150800705,0.9672025823294294,-0.4172025823294293
60,60,categorical_soft,0,0,True,0.13862414130839523,0.0,0.8613758683204651,0.0,0.1386241465806961,1,-0.722751721739769,0.4679018252074923,2.638626984205895,-5.649652022502891,-1.6910524430637188,0.4679018252074923,0.9862603339486746,0.00024852299017729003,0.013491143061148004,0.9862603339486746,0.00024852299017729003,0.013491143061148004,0.9862603339486746,0.00024852299017729003,-0.9727691908875267,1,1,0.256,1070.0,1.3255500122904778,0.9971874450250001,-0.4471874450250001
61,61,categorical_soft,1,1,False,0.0,0.0,0.0,1.0,0.0,2,-1.0,0.6304918101646874,-1.99112161742718,6.112989525620327,0.17372805670855213,0.6304918101646874,0.0003044287946710953,0.9969814306439542,0.0027141405613746407,0.0003044287946710953,0.9969814306439542,0.0027141405613746407,0.9969814306439542,0.0003044287946710953,-0.9942672900825795,2,2,0.512,870.0,0.9255192875862122,0.9844256769823115,-0.4344256769823115
62,62,categorical_soft,1,1,False,0.0,0.0,0.0,1.0,0.0,2,-1.0,0.6156780973879106,1.1551188650860884,1.0606339444238662,-2.309677270668633,0.6156780973879106,0.5151280659699985,0.4686875598877188,0.016184374142282593,0.5151280659699985,0.4686875598877188,0.016184374142282593,0.4686875598877188,0.5151280659699985,-0.45250318574543624,1,1,0.0,980.0,0.2789652496576309,0.6978387305640433,-0.14783873056404329
63,63,categorical_soft,1,1,True,0.17366902544088542,0.0,0.0,0.8263309597969055,0.1736690253019333,2,-0.6526619344949722,0.41909377286150595,0.42847481296908196,1.2124020093929517,-0.9551431647238342,0.41909377286150595,0.29039025747049646,0.6359673308429612,0.07364241168654241,0.29039025747049646,0.6359673308429612,0.07364241168654241,0.6359673308429612,0.29039025747049646,-0.5623249191564188,2,2,0.032,970.0,0.5385469272732735,0.8932635050298142,-0.3432635050298142
64,64,categorical_soft,1,1,True,0.4901604227321506,0.0,0.0,0.5098395943641663,0.49016043543815613,2,-0.019679158926010132,0.3640893540707189,0.043836348628357405,-0.34392579780269694,-0.07750494255501798,0.3640893540707189,0.390084637107124,0.26463503571820296,0.345280327174673,0.390084637107124,0.26463503571820296,0.345280327174673,0.26463503571820296,0.390084637107124,0.08064529145647004,1,1,0.0,840.0,0.12118034064769745,0.5573811719932862,-0.00738117199328614
65,65,categorical_soft,1,1,False,0.0,0.0,0.0,1.0,0.0,2,-1.0,0.6535432711865173,1.8357178447866396,0.4030626338382953,-3.2452805554498854,0.6535432711865173,0.8032584965350464,0.19174011985968087,0.005001383605272575,0.8032584965350464,0.19174011985968087,0.005001383605272575,0.19174011985968087,0.8032584965350464,-0.1867387362544083,1,1,0.0,1090.0,0.4844055473804474,0.8473326432389668,-0.2973326432389668
66,66,categorical_soft,0,0,False,0.0,0.0,1.0,0.0,0.0,1,-1.0,0.6685892695267711,4.5381264489406075,-5.234301583968167,-5.068784580427601,0.6685892695267711,0.99987494015474,5.706837181078799e-05,6.799147344936296e-05,0.99987494015474,5.706837181078799e-05,6.799147344936296e-05,0.99987494015474,5.706837181078799e-05,-0.9998069486812906,1,1,0.512,890.0,1.2261307686567307,0.9963133969089378,-0.4463133969089378
67,67,categorical_soft,1,1,False,0.0,0.0,0.0,1.0,0.0,2,-1.0,0.5683782444798633,-0.7823483584558852,5.379709104680639,-1.1904931695909597,0.5683782444798633,0.002110411230712152,0.9964558537143136,0.0014337350549741444,0.002110411230712152,0.9964558537143136,0.0014337350549741444,0.9964558537143136,0.002110411230712152,-0.9950221186593394,2,2,0.128,1100.0,0.8749115876853466,0.9739286109917756,-0.4239286109917756
68,68,categorical_soft,1,1,False,0.0,0.0,0.0,1.0,0.0,2,-1.0,0.5930992822935868,-0.8281074806159973,4.4462363728994925,-0.731638399313932,0.5930992822935868,0.005091957058589709,0.9891993826754903,0.0057086602659198816,0.005091957058589709,0.9891993826754903,0.0057086602659198816,0.9891993826754903,0.005091957058589709,-0.9834907224095705,2,2,0.128,960.0,0.9685422331094742,0.9859270080561116,-0.4359270080561115
69,69,categorical_soft,0,0,False,0.0,0.0,1.0,0.0,0.0,1,-1.0,0.7124425644943886,3.0420410453416977,-1.7554059181285186,-4.150508132402729,0.7124425644943886,0.9910723317290635,0.008180830393421263,0.000746837877515175,0.9910723317290635,0.008180830393421263,0.000746837877515175,0.9910723317290635,0.008180830393421263,-0.9903254938515483,1,1,0.128,720.0,0.8523540496826172,0.9814357017170758,-0.4314357017170758
70,70,categorical_soft,0,0,False,0.0,0.0,1.0,0.0,0.0,1,-1.0,0.6222539229716559,1.2250109820335549,1.3099495634015026,-2.525082203296412,0.6222539229716559,0.4734316744250585,0.5153940699651876,0.011174255609753776,0.4734316744250585,0.5153940699651876,0.011174255609753776,0.4734316744250585,0.5153940699651876,-0.46225741881530474,2,2,0.0,720.0,0.44834649562835693,0.8789702181222038,-0.32897021812220373
71,71,categorical_soft,0,0,False,0.0,0.0,1.0,0.0,0.0,1,-1.0,0.710937461365049,2.7981189262043715,-1.5259260215365134,-3.842388144404649,0.710937461365049,0.9856512817116198,0.01305999038358265,0.001288727904797604,0.9856512817116198,0.01305999038358265,0.001288727904797604,0.9856512817116198,0.01305999038358265,-0.9843625538068221,1,1,0.032,780.0,0.8637105077505112,0.981132042637916,-0.43113204263791594
72,72,categorical_soft,1,1,False,0.0,0.0,0.0,1.0,0.0,2,-1.0,0.5525353478554567,-0.15550335613290503,4.360400828420061,-1.6084236409951114,0.5525353478554567,0.010801856106335711,0.9866334230099862,0.0025647208836780126,0.010801856106335711,0.9866334230099862,0.0025647208836780126,0.9866334230099862,0.010801856106335711,-0.9840687021263083,2,2,0.064,1100.0,0.8855261914432049,0.9752206615559437,-0.4252206615559436
73,73,categorical_soft,1,1,True,0.22352256546050314,0.0,0.0,0.7764774560928345,0.22352255880832672,2,-0.5529548972845078,0.35570620385991153,0.40711290519329657,-0.1154977632547383,-0.7130590401404078,0.35570620385991153,0.5205136332625384,0.30824371536728623,0.17124265137017528,0.5205136332625384,0.30824371536728623,0.17124265137017528,0.30824371536728623,0.5205136332625384,-0.13700106399711096,1,1,0.032,1070.0,0.41934990882873535,0.805071285281604,-0.25507128528160394
74,74,categorical_soft,1,1,False,0.0,0.0,0.0,1.0,0.0,2,-1.0,0.6048390284814233,-0.5505372139694215,3.16259891836214,-0.5707817246539398,0.6048390284814233,0.023356765735377195,0.9534567672808594,0.023186466983763483,0.023356765735377195,0.9534567672808594,0.023186466983763483,0.9534567672808594,0.023356765735377195,-0.9302703002970959,2,2,0.256,470.0,0.750457413494587,0.9774343798942589,-0.4274343798942588
75,75,categorical_soft,0,0,True,0.13853784026948351,0.0,0.8614621758460999,0.0,0.13853783905506134,1,-0.7229243367910385,0.4586735891606282,3.6332255119016814,-9.479324227094946,-1.5859111965060675,0.4586735891606282,0.9945372143344355,2.009326773822805e-06,0.005460776338790588,0.9945372143344355,2.009326773822805e-06,0.005460776338790588,0.9945372143344355,2.009326773822805e-06,-0.9890764379956449,1,1,0.512,1130.0,1.367600105702877,0.9975399784909955,-0.44753997849099547
76,76,categorical_soft,1,1,False,0.0,0.0,0.0,1.0,0.0,2,-1.0,0.5861440515390159,-0.5856708709303281,3.9032321700985158,-0.8378281424589605,0.5861440515390159,0.0110571640642002,0.9802137008732176,0.00872913506258224,0.0110571640642002,0.9802137008732176,0.00872913506258224,0.9802137008732176,0.0110571640642002,-0.9714845658106354,2,2,0.256,570.0,0.875366348773241,0.9860973961582832,-0.43609739615828313
77,77,categorical_soft,0,0,True,0.2843102796255571,0.0,0.7156897187232971,0.0,0.2843102812767029,1,-0.43137943744659424,0.38718888920349565,-0.04251027294113971,-0.09194216866020385,-0.057832918098340604,0.38718888920349565,0.34067904643567265,0.32410151805160686,0.3352194355127206,0.34067904643567265,0.32410151805160686,0.3352194355127206,0.34067904643567265,0.32410151805160686,-0.005459610922952052,1,1,0.0,540.0,0.20403078198432922,0.7309183744348664,-0.18091837443486636
78,78,categorical_soft,0,0,False,0.0,0.0,1.0,0.0,0.0,1,-1.0,0.6149866393307946,1.1607146754587623,1.031683785073457,-2.3151443606373503,0.6149866393307946,0.5235529495662705,0.46017850393159127,0.016268546502138104,0.5235529495662705,0.46017850393159127,0.016268546502138104,0.5235529495662705,0.46017850393159127,-0.5072844030641324,1,1,0.0,620.0,0.4462731406092644,0.8902290393494401,-0.34022903934944004
79,79,categorical_soft,0,0,False,0.0,0.0,1.0,0.0,0.0,1,-1.0,0.6792925186804579,4.845938856214098,-6.446859505926267,-4.997260165553968,0.6792925186804579,0.9999339011167342,1.247987961048611e-05,5.361900365541563e-05,0.9999339011167342,1.247987961048611e-05,5.361900365541563e-05,0.9999339011167342,1.247987961048611e-05,-0.9998802821130788,1,1,0.512,1000.0,1.1299725770950317,0.9932690070609597,-0.4432690070609596
80,80,categorical_soft,0,0,False,0.0,0.0,1.0,0.0,0.0,1,-1.0,0.7116880916106467,2.6972136368644626,-0.8931672619231383,-4.011377868058138,0.7116880916106467,0.9719843700494082,0.026828763624125153,0.0011868663264669361,0.9719843700494082,0.026828763624125153,0.0011868663264669361,0.9719843700494082,0.026828763624125153,-0.9707975037229413,1,1,0.064,800.0,0.7522460445761681,0.9670563502311729,-0.4170563502311728
81,81,categorical_soft,1,1,False,0.0,0.0,0.0,1.0,0.0,2,-1.0,0.6287570398994115,1.796465538249236,0.7747487631700298,-3.3650873081287735,0.6287570398994115,0.7321623736389632,0.26362061966887407,0.004217006692162689,0.7321623736389632,0.26362061966887407,0.004217006692162689,0.26362061966887407,0.7321623736389632,-0.2594036129767114,1,1,0.0,870.0,0.6061205714941025,0.9293726519956671,-0.37937265199566705
82,82,categorical_soft,1,1,True,0.23795408725147604,0.0,0.0,0.7620459198951721,0.23795408010482788,2,-0.5240918397903442,0.350743698081021,0.3997944454074995,-0.4881901149198969,-0.5594502334037522,0.350743698081021,0.5566696173520966,0.22877539323357743,0.21455498941432607,0.5566696173520966,0.22877539323357743,0.21455498941432607,0.22877539323357743,0.5566696173520966,-0.014220403819251354,1,1,0.0,890.0,0.35041680932044983,0.7852620969120172,-0.23526209691201716
83,83,categorical_soft,0,0,True,0.36947866635092386,0.0,0.6305213570594788,0.0,0.36947867274284363,1,-0.26104268431663513,0.4181673154177859,0.1819056101261472,0.38303095353858474,-0.5355598947796636,0.4181673154177859,0.36901169101079817,0.4500050084849992,0.1809833005042026,0.36901169101079817,0.4500050084849992,0.1809833005042026,0.36901169101079817,0.4500050084849992,-0.18802839050659556,2,2,0.0,950.0,0.22867665439844131,0.651605641655162,-0.10160564165516195
84,84,categorical_soft,1,1,False,0.0,0.0,0.0,1.0,0.0,2,-1.0,0.5971102360437166,0.9582598236192827,1.4917274203604167,-2.1313970582901343,0.5971102360437166,0.3635569803272574,0.619801297918569,0.016641721754173586,0.3635569803272574,0.619801297918569,0.016641721754173586,0.619801297918569,0.3635569803272574,-0.6031595761643954,2,2,0.0,1000.0,0.550745278596878,0.8955086415069909,-0.3455086415069909
85,85,categorical_soft,1,1,False,0.0,0.0,0.0,1.0,0.0,2,-1.0,0.634480166752335,-1.3375778003822114,4.6124718264701325,-0.09250469961206534,0.634480166752335,0.0025936220475179335,0.988231549071141,0.009174828881341303,0.0025936220475179335,0.988231549071141,0.009174828881341303,0.988231549071141,0.0025936220475179335,-0.9790567201897996,2,2,0.256,930.0,0.8126536016352475,0.9712387698232933,-0.4212387698232932
86,86,categorical_soft,0,0,True,0.1401671634825094,0.0,0.8598328232765198,0.0,0.14016716182231903,1,-0.7196656614542007,0.3378517027654933,1.2332534043056769,-3.7024752745717096,-0.22330325162002493,0.3378517027654933,0.8058927228050224,0.005799243680782213,0.18830803351419526,0.8058927228050224,0.005799243680782213,0.18830803351419526,0.8058927228050224,0.005799243680782213,-0.6175846892908272,1,1,0.128,720.0,1.0018488429486752,0.99100729361372,-0.44100729361371993
87,87,categorical_soft,0,0,True,0.1579737808476096,0.0,0.8420262336730957,0.0,0.1579737812280655,1,-0.6840524524450302,0.31969998952114265,0.8716634516919193,-1.6024833096407245,-0.789135621558785,0.31969998952114265,0.7833473133892536,0.06599642259808355,0.1506562640126628,0.7833473133892536,0.06599642259808355,0.1506562640126628,0.7833473133892536,0.06599642259808355,-0.6326910493765907,1,1,0.128,440.0,0.5102233439683914,0.9324090586510734,-0.38240905865107333
88,88,categorical_soft,1,1,True,0.15601400032370472,0.0,0.0,0.8439859747886658,0.15601399540901184,2,-0.6879719793796539,0.3289811217317445,-0.8496589937464227,2.442119251215907,0.09074273760646588,0.3289811217317445,0.033125601346309604,0.8826590661674926,0.08421533248619774,0.033125601346309604,0.8826590661674926,0.08421533248619774,0.8826590661674926,0.033125601346309604,-0.7984437336812948,2,2,0.064,920.0,0.6466557011008263,0.9379630827620945,-0.38796308276209446
89,89,categorical_soft,0,0,True,0.13867979422016208,0.0,0.8613201975822449,0.0,0.13867978751659393,1,-0.7226404100656509,0.35534443047006803,1.7697992499407953,-4.874214167951393,-0.5879839848834402,0.35534443047006803,0.9120059336552598,0.0011878823516238892,0.08680618399311639,0.9120059336552598,0.0011878823516238892,0.08680618399311639,0.9120059336552598,0.0011878823516238892,-0.8251997496621435,1,1,0.512,550.0,1.1821235120296478,0.9969605032899925,-0.4469605032899925
90,90,categorical_soft,0,0,False,0.0,0.0,1.0,0.0,0.0,1,-1.0,0.6672084266044491,4.5219131110812745,-4.840041327490345,-5.24019231358133,0.6672084266044491,0.9998556870613771,8.604468773608818e-05,5.826825088688544e-05,0.9998556870613771,8.604468773608818e-05,5.826825088688544e-05,0.9998556870613771,8.604468773608818e-05,-0.9997974188104902,1,1,0.512,880.0,1.2769555374979973,0.997160080993963,-0.447160080993963
91,91,categorical_soft,0,0,True,0.1385059640391194,0.0,0.8614940643310547,0.0,0.1385059654712677,1,-0.722988098859787,0.4286106844980228,3.0495660073749287,-8.454786623703315,-1.0001444140776543,0.4286106844980228,0.9827905878354424,9.91603876015834e-06,0.017199496125797385,0.9827905878354424,9.91603876015834e-06,0.017199496125797385,0.9827905878354424,9.91603876015834e-06,-0.965591091709645,1,1,0.512,1080.0,1.366443656384945,0.9976703801408602,-0.44767038014086014
92,92,categorical_soft,1,1,False,0.0,0.0,0.0,1.0,0.0,2,-1.0,0.587161980066572,-0.6470784517315311,4.061884755971909,-0.8199633948502603,0.587161980066572,0.008904560479041033,0.9834811756628611,0.007614263858097761,0.008904560479041033,0.9834811756628611,0.007614263858097761,0.9834811756628611,0.008904560479041033,-0.9758669118047634,2,2,0.256,560.0,0.9402712360024452,0.9899754196958969,-0.4399754196958968
93,93,categorical_soft,0,0,False,0.0,0.0,1.0,0.0,0.0,1,-1.0,0.6524107407374464,3.7175149376475405,-4.195931721998471,-4.125541566948602,0.6524107407374464,0.9992399195739894,0.000365803324440023,0.00039427710157048266,0.9992399195739894,0.000365803324440023,0.00039427710157048266,0.9992399195739894,0.000365803324440023,-0.9988456424724189,1,1,0.256,1010.0,0.89406618475914,0.9786080040410493,-0.42860800404104926
94,94,categorical_soft,0,0,False,0.0,0.0,1.0,0.0,0.0,1,-1.0,0.7051018965133498,2.3362832595812293,-0.4221491090348179,-3.6073750396562367,0.7051018965133498,0.93806654869607,0.05947316783989655,0.002460283464033312,0.93806654869607,0.05947316783989655,0.002460283464033312,0.93806654869607,0.05947316783989655,-0.9356062652320367,1,1,0.032,1190.0,0.02443823218345642,0.33922723566905744,0.2107727643309426
95,95,categorical_soft,1,1,False,0.0,0.0,0.0,1.0,0.0,2,-1.0,0.5800235245174745,-0.2286942194781541,2.947208627218526,-0.927706371944058,0.5800235245174745,0.0393966479660687,0.9407810328373571,0.019822319196574244,0.0393966479660687,0.9407810328373571,0.019822319196574244,0.9407810328373571,0.0393966479660687,-0.9209587136407829,2,2,0.128,600.0,0.7799523025751114,0.9771726121679656,-0.42717261216796554
96,96,categorical_soft,1,1,False,0.0,0.0,0.0,1.0,0.0,2,-1.0,0.5579492969677731,0.04099992628286249,3.2709993255457137,-1.4250272046190724,0.5579492969677731,0.03775973395619784,0.9534193539808798,0.00882091206292211,0.03775973395619784,0.9534193539808798,0.00882091206292211,0.9534193539808798,0.03775973395619784,-0.9445984419179577,2,2,0.128,540.0,0.7702847868204117,0.9777200244845375,-0.4277200244845375
97,97,categorical_soft,0,0,False,0.0,0.0,1.0,0.0,0.0,1,-1.0,0.6822051621678292,3.0212320964591597,-2.4139916669864454,-3.772018650920213,0.6822051621678292,0.9945447757533443,0.004337279215075898,0.0011179450315798374,0.9945447757533443,0.004337279215075898,0.0011179450315798374,0.9945447757533443,0.004337279215075898,-0.9934268307217645,1,1,0.128,850.0,0.8069951236248016,0.9730954313510861,-0.42309543135108607
98,98,categorical_soft,0,0,False,0.0,0.0,1.0,0.0,0.0,1,-1.0,0.6550304143156958,3.8993560356764014,-4.262321857320316,-4.424834727875395,0.6550304143156958,0.9994703256502806,0.0002855353034102046,0.00024413904630927005,0.9994703256502806,0.0002855353034102046,0.00024413904630927005,0.9994703256502806,0.0002855353034102046,-0.9992261866039713,1,1,0.256,1130.0,0.940323144197464,0.980270773974937,-0.43027077397493696
99,99,categorical_soft,1,1,False,0.0,0.0,0.0,1.0,0.0,2,-1.0,0.6333521221274807,-1.1084721150075416,3.986513117157771,-0.14402803129508499,0.6333521221274807,0.006029082117726686,0.9779012121452876,0.016069705736985646,0.006029082117726686,0.9779012121452876,0.016069705736985646,0.9779012121452876,0.006029082117726686,-0.961831506408302,2,2,0.256,770.0,0.8457882143557072,0.9796723792946275,-0.4296723792946274
100,100,categorical_soft,0,0,True,0.3376142361206555,0.0,0.6623857617378235,0.0,0.3376142382621765,1,-0.324771523475647,0.30590802657908067,0.2655260775644864,-0.7829606479742206,-0.25306278902041257,0.30590802657908067,0.5138660311701001,0.18002828214693684,0.3061056866829631,0.5138660311701001,0.18002828214693684,0.3061056866829631,0.5138660311701001,0.18002828214693684,-0.20776034448713698,1,1,0.032,440.0,0.12880773842334747,0.6792309287486062,-0.1292309287486062
101,101,categorical_soft,0,0,False,0.0,0.0,1.0,0.0,0.0,1,-1.0,0.6844110473839612,3.095681642795815,-2.465520951331798,-3.878028170229134,0.6844110473839612,0.99523888696738,0.0038267266325195844,0.0009343864001000752,0.99523888696738,0.0038267266325195844,0.0009343864001000752,0.99523888696738,0.0038267266325195844,-0.9943045005672799,1,1,0.128,830.0,0.830107644200325,0.9764743892344655,-0.42647438923446546
102,102,categorical_soft,1,1,False,0.0,0.0,0.0,1.0,0.0,2,-1.0,0.6442746672120424,-2.969176902747904,7.523078591774668,0.952184747337251,0.6442746672120424,2.81194675623453e-05,0.9985148081239001,0.0014570724085375586,2.81194675623453e-05,0.9985148081239001,0.0014570724085375586,0.9985148081239001,2.81194675623453e-05,-0.9970577357153626,2,2,0.512,1170.0,0.895032768137753,0.9742936447438079,-0.4242936447438078
103,103,categorical_soft,0,0,False,0.0,0.0,1.0,0.0,0.0,1,-1.0,0.6571958330800813,1.8932865655275184,0.356581419798563,-3.3214644625471577,0.6571958330800813,0.819297824794762,0.17624151070290134,0.004460664502336678,0.819297824794762,0.17624151070290134,0.004460664502336678,0.819297824794762,0.17624151070290134,-0.8148371602924253,1,1,0.0,1100.0,0.23338864743709564,0.6150104376710481,-0.06501043767104808
104,104,categorical_soft,1,1,True,0.4096164916586834,0.0,0.0,0.5903835296630859,0.40961650013923645,2,-0.1807670295238495,0.5145206590908492,0.5788575299823684,1.022725252924579,-1.053288634633422,0.5145206590908492,0.36294533839672716,0.5655404518842371,0.07151420971903576,0.36294533839672716,0.5655404518842371,0.07151420971903576,0.5655404518842371,0.36294533839672716,-0.4940262421652013,2,2,0.032,540.0,0.09940434992313385,0.618978002070126,-0.06897800207012594
105,105,categorical_soft,1,1,True,0.18887130337457675,0.0,0.0,0.8111286759376526,0.18887130916118622,2,-0.6222573667764664,0.4703137965629264,-0.6570626852046286,0.7060249232581207,0.3416969727660656,0.4703137965629264,0.1313355649709651,0.5126302942425315,0.3560341407865034,0.1313355649709651,0.5126302942425315,0.3560341407865034,0.5126302942425315,0.1313355649709651,-0.15659615345602806,2,2,0.064,550.0,0.3758755214512348,0.8619496191417857,-0.31194961914178565
106,106,categorical_soft,1,1,False,0.0,0.0,0.0,1.0,0.0,2,-1.0,0.5295626515312148,0.7188077684623562,2.6512298276162474,-2.2303817317373684,0.5295626515312148,0.125641455835013,0.8676945464572462,0.006663997707740908,0.125641455835013,0.8676945464572462,0.006663997707740908,0.8676945464572462,0.125641455835013,-0.8610305487495052,2,2,0.064,500.0,0.7896378748118877,0.9806371703308566,-0.4306371703308566
107,107,categorical_soft,0,0,False,0.0,0.0,1.0,0.0,0.0,1,-1.0,0.6691161887919308,3.0934342527594003,-2.775601332410093,-3.721461363204533,0.6691161887919308,0.9960887280167204,0.0028151139038299884,0.0010961580794496687,0.9960887280167204,0.0028151139038299884,0.0010961580794496687,0.9960887280167204,0.0028151139038299884,-0.9949925699372708,1,1,0.064,1090.0,0.6760236322879791,0.9343389584901522,-0.3843389584901522
108,108,categorical_soft,1,1,False,0.0,0.0,0.0,1.0,0.0,2,-1.0,0.6011441899299856,-0.7966679847838638,4.025118634088037,-0.5961370988719153,0.6011441899299856,0.007948187181840267,0.9821802255010541,0.00987158731710564,0.007948187181840267,0.9821802255010541,0.00987158731710564,0.9821802255010541,0.007948187181840267,-0.9723086381839484,2,2,0.512,420.0,0.9626827612519264,0.9923966606535153,-0.44239666065351524
109,109,categorical_soft,0,0,True,0.13903218305788395,0.0,0.8609678149223328,0.0,0.13903218507766724,1,-0.7219356298446655,0.5208440423612586,2.8513806306190324,-4.955382413198431,-2.2215592650733473,0.5208440423612586,0.9930342403256803,0.00040493939684084474,0.006560820277478829,0.9930342403256803,0.00040493939684084474,0.006560820277478829,0.9930342403256803,0.00040493939684084474,-0.9864734200482015,1,1,0.256,1090.0,1.2358582559973001,0.9955306831056581,-0.445530683105658
110,110,categorical_soft,1,1,False,0.0,0.0,0.0,1.0,0.0,2,-1.0,0.5524497667952624,0.9971610461047906,2.109673894161607,-2.503740305996004,0.5524497667952624,0.24556414788080763,0.7469868459013409,0.0074490062178514515,0.24556414788080763,0.7469868459013409,0.0074490062178514515,0.7469868459013409,0.24556414788080763,-0.7395378396834894,2,2,0.032,490.0,0.6406727135181427,0.9610210045554824,-0.4110210045554824
111,111,categorical_soft,1,1,False,0.0,0.0,0.0,1.0,0.0,2,-1.0,0.5391432957081068,0.549285241543255,2.3940187034935203,-1.8683217728864434,0.5391432957081068,0.134840820908506,0.8529881840993656,0.012170994992128316,0.134840820908506,0.8529881840993656,0.012170994992128316,0.8529881840993656,0.134840820908506,-0.8408171891072372,2,2,0.032,600.0,0.29688987880945206,0.7995060550026047,-0.2495060550026047
112,112,categorical_soft,1,1,True,0.1814254125808215,0.0,0.0,0.8185746073722839,0.18142540752887726,2,-0.6371491998434067,0.33504492562289057,-1.1975482967426554,1.8576362286378107,0.5370484005665679,0.33504492562289057,0.03606815474449772,0.7607917753144207,0.20314006994108183,0.03606815474449772,0.7607917753144207,0.20314006994108183,0.7607917753144207,0.03606815474449772,-0.5576517053733389,2,2,0.064,1090.0,0.5347029687836766,0.8766373137828818,-0.32663731378288174
113,113,categorical_soft,0,0,False,0.0,0.0,1.0,0.0,0.0,1,-1.0,0.7174032369228548,2.9681377784495773,-1.3833509941177127,-4.218340380127411,0.7174032369228548,0.9865306361020801,0.012721784163774239,0.0007475797341456323,0.9865306361020801,0.012721784163774239,0.0007475797341456323,0.9865306361020801,0.012721784163774239,-0.9857830563679345,1,1,0.128,740.0,0.859238401055336,0.9816118736481374,-0.43161187364813736
114,114,categorical_soft,0,0,True,0.1397140909595591,0.0,0.8602859377861023,0.0,0.1397140920162201,1,-0.7205718457698822,0.3958356562814282,1.7832609401506683,-3.717403370479578,-1.1845817005583967,0.3958356562814282,0.9461398977086969,0.0038710326835661147,0.04998906960773718,0.9461398977086969,0.0038710326835661147,0.04998906960773718,0.9461398977086969,0.0038710326835661147,-0.8961508281009597,1,1,0.128,1110.0,1.143107857555151,0.992798274687235,-0.442798274687235
115,115,categorical_soft,0,0,False,0.0,0.0,1.0,0.0,0.0,1,-1.0,0.7151496013301115,2.8947171210796747,-1.225805059537597,-4.181506996531479,0.7151496013301115,0.9831953362290777,0.015972956071758367,0.0008317076991638448,0.9831953362290777,0.015972956071758367,0.0008317076991638448,0.9831953362290777,0.015972956071758367,-0.9823636285299139,1,1,0.256,400.0,0.8786294907331467,0.9888229953165317,-0.4388229953165317
116,116,categorical_soft,0,0,True,0.13828874431963267,0.0,0.8617112636566162,0.0,0.13828875124454498,1,-0.7234225124120712,0.4843648551498835,2.636079217222963,-4.3183436196599665,-2.218239961023784,0.4843648551498835,0.9908468368594875,0.000946587663392948,0.008206575477119619,0.9908468368594875,0.000946587663392948,0.008206575477119619,0.9908468368594875,0.000946587663392948,-0.9826402613823678,1,1,0.512,690.0,1.3690884998068213,0.9985617374980715,-0.4485617374980715
117,117,categorical_soft,1,1,True,0.3776829839284971,0.0,0.0,0.6223170161247253,0.37768298387527466,2,-0.24463403224945068,0.37133479958479665,0.17458023199464454,0.7299188858817226,-0.5927195294714787,0.37133479958479665,0.3114713517711588,0.5422905271712797,0.1462381210575614,0.3114713517711588,0.5422905271712797,0.1462381210575614,0.5422905271712797,0.3114713517711588,-0.3960524061137183,2,2,0.032,1090.0,0.25692538917064667,0.6447691894907673,-0.09476918949076729
118,118,categorical_soft,0,0,False,0.0,0.0,1.0,0.0,0.0,1,-1.0,0.6247610714209644,1.2431697290628307,1.4839618293938917,-2.628901326665545,0.6247610714209644,0.4360872463691363,0.5548022093319311,0.009110544298932582,0.4360872463691363,0.5548022093319311,0.009110544298932582,0.4360872463691363,0.5548022093319311,-0.4269767020702037,2,2,0.0,530.0,0.14550048112869263,0.6734340588596291,-0.1234340588596291
119,119,categorical_soft,1,1,False,0.0,0.0,0.0,1.0,0.0,2,-1.0,0.561265901621028,1.1782311059333117,2.3972611523993046,-2.9378823232008124,0.561265901621028,0.22726021119767575,0.7690176505283859,0.0037221382739383102,0.22726021119767575,0.7690176505283859,0.0037221382739383102,0.7690176505283859,0.22726021119767575,-0.7652955122544476,2,2,0.032,1020.0,0.7461745217442513,0.9562448127595157,-0.4062448127595156
120,120,categorical_soft,0,0,False,0.0,0.0,1.0,0.0,0.0,1,-1.0,0.6844523185453292,2.9183597009401683,-2.2502507196272465,-3.6719489390209503,0.6844523185453292,0.9929801714736133,0.005653325603953733,0.0013665029224330552,0.9929801714736133,0.005653325603953733,0.0013665029224330552,0.9929801714736133,0.005653325603953733,-0.9916136685511803,1,1,0.064,1140.0,0.8811020478606224,0.9734726540334536,-0.4234726540334536
121,121,categorical_soft,1,1,False,0.0,0.0,0.0,1.0,0.0,2,-1.0,0.60559157776622,1.290503459068843,1.9717649438343585,-2.929620049863806,0.60559157776622,0.33432748098173287,0.660743744691237,0.004928774327030221,0.33432748098173287,0.660743744691237,0.004928774327030221,0.660743744691237,0.33432748098173287,-0.6558149703642068,2,2,0.032,1030.0,0.44420781126245856,0.8304270220552399,-0.28042702205523984
122,122,categorical_soft,0,0,False,0.0,0.0,1.0,0.0,0.0,1,-1.0,0.6874156372357825,2.3212484364073793,-0.12836411937248352,-3.8166672748528683,0.6874156372357825,0.9186989524532873,0.07931658910100245,0.0019844584457100263,0.9186989524532873,0.07931658910100245,0.0019844584457100263,0.9186989524532873,0.07931658910100245,-0.9167144940075772,1,1,0.032,770.0,0.5590284466743469,0.921742720182926,-0.371742720182926
123,123,categorical_soft,1,1,False,0.0,0.0,0.0,1.0,0.0,2,-1.0,0.5245588306354901,1.000090197620017,3.0741368174309436,-2.8479243036200623,0.5245588306354901,0.11138051338657642,0.8862205951641624,0.002398891449261284,0.11138051338657642,0.8862205951641624,0.002398891449261284,0.8862205951641624,0.11138051338657642,-0.8838217037149011,2,2,0.064,970.0,0.8382994756102562,0.9733338173655368,-0.42333381736553677
124,124,categorical_soft,1,1,False,0.0,0.0,0.0,1.0,0.0,2,-1.0,0.5248437708140627,0.9706356213489011,3.055181068273888,-2.790315514501206,0.5248437708140627,0.11032417939053711,0.8870819646565758,0.002593855952886987,0.11032417939053711,0.8870819646565758,0.002593855952886987,0.8870819646565758,0.11032417939053711,-0.8844881087036889,2,2,0.064,900.0,0.7135881632566452,0.9555940568279244,-0.4055940568279244
125,125,categorical_soft,1,1,True,0.5794127886650615,0.0,0.0,0.4205872118473053,0.5794128179550171,3,0.1588256061077118,0.3575514112314888,0.0913884451779671,-0.5369118105616153,-0.057765086008604784,0.3575514112314888,0.417605680644585,0.2228685974746687,0.3595257218807463,0.417605680644585,0.2228685974746687,0.3595257218807463,0.2228685974746687,0.417605680644585,0.13665712440607758,1,1,0.0,630.0,0.014298170804977417,0.489638852732902,0.06036114726709807
126,126,categorical_soft,0,0,False,0.0,0.0,1.0,0.0,0.0,1,-1.0,0.7046139087922593,2.7781899461008086,-0.8173001777420886,-4.197208659982129,0.7046139087922593,0.972382608249079,0.026707744273110963,0.0009096474778100452,0.972382608249079,0.026707744273110963,0.0009096474778100452,0.972382608249079,0.026707744273110963,-0.9714729607712689,1,1,0.064,710.0,0.7786474227905273,0.9738569134677411,-0.423856913467741
127,127,categorical_soft,1,1,True,0.14917704361324657,0.0,0.0,0.8508229851722717,0.14917704463005066,2,-0.7016459405422211,0.3289330996019042,-1.9077088556075457,2.9769395063082005,1.0049955011324447,0.3289330996019042,0.006688391431444311,0.8719104451374386,0.12140116343111702,0.006688391431444311,0.8719104451374386,0.12140116343111702,0.8719104451374386,0.006688391431444311,-0.7505092817063216,2,2,0.256,800.0,0.7053017374128103,0.9588614438144833,-0.4088614438144833
128,128,categorical_soft,0,0,False,0.0,0.0,1.0,0.0,0.0,1,-1.0,0.6737616385778264,3.4302037305159843,-3.099129518385916,-4.158112288630435,0.6737616385778264,0.9980343842109136,0.0014577837130072275,0.0005078320760792795,0.9980343842109136,0.0014577837130072275,0.0005078320760792795,0.9980343842109136,0.0014577837130072275,-0.9975265521348343,1,1,0.256,810.0,0.9328049719333649,0.9859995425646517,-0.4359995425646517
129,129,categorical_soft,1,1,False,0.0,0.0,0.0,1.0,0.0,2,-1.0,0.5861836461598201,1.055479459755413,1.720402334433518,-2.410059705125414,0.5861836461598201,0.33604869110131047,0.6533909393035842,0.010560369595105354,0.33604869110131047,0.6533909393035842,0.010560369595105354,0.6533909393035842,0.33604869110131047,-0.6428305697084788,2,2,0.0,740.0,0.4401589300541673,0.8719570289551434,-0.32195702895514333
130,130,categorical_soft,0,0,True,0.13932300532074077,0.0,0.8606770038604736,0.0,0.13932301104068756,1,-0.7213539928197861,0.3523926812029131,1.721296981658386,-4.652654932057516,-0.6459906003314486,0.3523926812029131,0.9122531184207249,0.0015571557094675467,0.08618972586980751,0.9122531184207249,0.0015571557094675467,0.08618972586980751,0.9122531184207249,0.0015571557094675467,-0.8260633925509173,1,1,0.256,760.0,1.1072956509888172,0.9943598641772323,-0.4443598641772323
131,131,categorical_soft,1,1,True,0.26710387641292066,0.0,0.0,0.7328961491584778,0.2671038806438446,2,-0.4657922685146332,0.38453782769110295,-0.009957266803068219,-0.2541736641216033,-0.026755242662549316,0.38453782769110295,0.3615309739561044,0.2832176168190408,0.35525140922485476,0.3615309739561044,0.2832176168190408,0.35525140922485476,0.2832176168190408,0.3615309739561044,0.07203379240581398,1,1,0.0,450.0,0.20189611613750458,0.7497536010137897,-0.1997536010137897
132,132,categorical_soft,1,1,True,0.1942978501231068,0.0,0.0,0.8057021498680115,0.19429785013198853,2,-0.611404299736023,0.43810368865168037,0.18322942649976198,0.6563291320778969,-0.5585248981394619,0.43810368865168037,0.32474609084570266,0.5196965248054537,0.15555738434884364,0.32474609084570266,0.5196965248054537,0.15555738434884364,0.5196965248054537,0.32474609084570266,-0.36413914045661006,2,2,0.0,450.0,0.33466777577996254,0.8519102310008333,-0.30191023100083325
133,133,categorical_soft,1,1,True,0.1479900162383735,0.0,0.0,0.8520100116729736,0.14799001812934875,2,-0.7040199935436249,0.31879282348658194,-2.4830234044328985,4.535225631122438,1.3557909745414987,0.31879282348658194,0.000875832495031423,0.9591854025707478,0.039938764934220786,0.000875832495031423,0.9591854025707478,0.039938764934220786,0.9591854025707478,0.000875832495031423,-0.919246637636527,2,2,0.256,1060.0,0.7902041841298342,0.9627634908850646,-0.4127634908850646
134,134,categorical_soft,1,1,False,0.0,0.0,0.0,1.0,0.0,2,-1.0,0.6063525378539141,-0.9449129105362382,4.307583390674775,-0.5101354975202049,0.6063525378539141,0.005193148939582214,0.9866457661715442,0.008161084888873436,0.005193148939582214,0.9866457661715442,0.008161084888873436,0.9866457661715442,0.005193148939582214,-0.9784846812826707,2,2,0.512,420.0,0.9185963869094849,0.9905750027375144,-0.4405750027375144
135,135,categorical_soft,1,1,False,0.0,0.0,0.0,1.0,0.0,2,-1.0,0.5579808460826141,-0.006049340958227342,3.426974003593048,-1.4264970667871884,0.5579808460826141,0.03108116298682507,0.9613147584124082,0.00760407860076667,0.03108116298682507,0.9613147584124082,0.00760407860076667,0.9613147584124082,0.03108116298682507,-0.9537106798116416,2,2,0.128,550.0,0.8471453636884689,0.9844363066557632,-0.43443630665576316
136,136,categorical_soft,1,1,False,0.0,0.0,0.0,1.0,0.0,2,-1.0,0.5521848848343238,0.4452268516625929,3.120660181549778,-1.9601412980157733,0.5521848848343238,0.06406492407549307,0.9301000703815356,0.005835005542971273,0.06406492407549307,0.9301000703815356,0.005835005542971273,0.9301000703815356,0.06406492407549307,-0.9242650648385644,2,2,0.064,710.0,0.8296653404831886,0.9795348113878266,-0.42953481138782657
137,137,categorical_soft,1,1,False,0.0,0.0,0.0,1.0,0.0,2,-1.0,0.6501140197227651,-1.9547510228665268,5.487109960358285,0.389000347774254,0.6501140197227651,0.0005880245056721681,0.9931588338389921,0.006253141655335748,0.0005880245056721681,0.9931588338389921,0.006253141655335748,0.9931588338389921,0.0005880245056721681,-0.9869056921836563,2,2,0.256,1170.0,0.9370100349187851,0.9789839075363657,-0.4289839075363656
138,138,categorical_soft,0,0,False,0.0,0.0,1.0,0.0,0.0,1,-1.0,0.711187438426223,3.097860688977561,-1.816490357318304,-4.220338887189092,0.711187438426223,0.9920547192009277,0.0072857486184200295,0.0006595321806521804,0.9920547192009277,0.0072857486184200295,0.0006595321806521804,0.9920547192009277,0.0072857486184200295,-0.9913951870202755,1,1,0.256,520.0,0.7035814672708511,0.9700524971125286,-0.42005249711252857
139,139,categorical_soft,0,0,True,0.5633984061695912,0.0,0.43660157918930054,0.0,0.5633984208106995,3,0.12679684162139893,0.37673043555828184,-0.04292330083804305,0.11415045143432237,-0.1657399846162834,0.37673043555828184,0.32756687868995293,0.38281091783435695,0.2896222034756901,0.32756687868995293,0.38281091783435695,0.2896222034756901,0.32756687868995293,0.38281091783435695,-0.03794467521426281,2,2,0.032,550.0,0.004771977663040161,0.5020469266401053,0.04795307335989474
140,140,categorical_soft,0,0,True,0.20074126903059886,0.0,0.7992587089538574,0.0,0.20074127614498138,1,-0.598517432808876,0.3199066393790265,0.9808285033858029,-2.2289974965263992,-0.6274783866243783,0.3199066393790265,0.804745929850381,0.032499273394059267,0.16275479675555973,0.804745929850381,0.032499273394059267,0.16275479675555973,0.804745929850381,0.032499273394059267,-0.6419911330948213,1,1,0.032,910.0,0.42986413836479187,0.8406197921304861,-0.29061979213048605
141,141,categorical_soft,0,0,True,0.13822393699639696,0.0,0.8617760539054871,0.0,0.13822393119335175,1,-0.7235521227121353,0.5097514057621028,2.8531501981914724,-5.251607271862987,-2.1262580768130244,0.5097514057621028,0.9925235267334196,0.00030042901855590665,0.007176044248024342,0.9925235267334196,0.00030042901855590665,0.007176044248024342,0.9925235267334196,0.00030042901855590665,-0.9853474824853953,1,1,0.256,1090.0,1.5090577974915504,0.9988286034420863,-0.4488286034420863
142,142,categorical_soft,0,0,True,0.1386426140440054,0.0,0.8613573908805847,0.0,0.13864260911941528,1,-0.7227147817611694,0.4510432851853937,2.131333127256249,-3.6435342331454166,-1.7584017493112796,0.4510432851853937,0.9760721327512834,0.0030345684884458125,0.020893298760270938,0.9760721327512834,0.0030345684884458125,0.020893298760270938,0.9760721327512834,0.0030345684884458125,-0.9551788339910124,1,1,0.512,520.0,1.1852051876485348,0.9971120824108168,-0.4471120824108168
143,143,categorical_soft,1,1,False,0.0,0.0,0.0,1.0,0.0,2,-1.0,0.5775898645318723,-0.40419053386459336,3.6479316534733663,-0.981516444833732,0.5775898645318723,0.016983030035224153,0.9733407125347853,0.009676257429990478,0.016983030035224153,0.9733407125347853,0.009676257429990478,0.9733407125347853,0.016983030035224153,-0.9636644551047948,2,2,0.128,820.0,0.8714949004352093,0.9809465115266203,-0.4309465115266202
144,144,categorical_soft,0,0,True,0.6047506896738587,0.0,0.39524930715560913,0.0,0.6047506928443909,3,0.20950138568878174,0.3734174831479063,-0.003644310396549405,0.026827606667026112,-0.18904703297383735,0.3734174831479063,0.3496381711799958,0.35998119926584066,0.2903806295541636,0.3496381711799958,0.35998119926584066,0.2903806295541636,0.3496381711799958,0.35998119926584066,-0.05925754162583219,2,2,0.0,930.0,0.0715331882238388,0.46956332434263837,0.08043667565736168
145,145,categorical_soft,0,0,False,0.0,0.0,1.0,0.0,0.0,1,-1.0,0.5887711796419223,0.8844937289075745,1.4967520134575885,-2.0116599687168835,0.5887711796419223,0.34480806540251885,0.6360161678558569,0.01917576674162414,0.34480806540251885,0.6360161678558569,0.01917576674162414,0.34480806540251885,0.6360161678558569,-0.3256322986608947,2,2,0.0,720.0,0.18114810436964035,0.6614705638313395,-0.11147056383133946
146,146,categorical_soft,1,1,True,0.1519203241885233,0.0,0.0,0.8480796813964844,0.15192031860351562,2,-0.6961593627929688,0.4175319383406858,-0.45181189247821385,0.5936334590665744,0.20748850762252502,0.4175319383406858,0.173186519029871,0.49223338035977326,0.33458010061035576,0.173186519029871,0.49223338035977326,0.33458010061035576,0.49223338035977326,0.173186519029871,-0.1576532797494175,2,2,0.032,760.0,0.654623880982399,0.9501698761583731,-0.4001698761583731
147,147,categorical_soft,0,0,True,0.14111425726669852,0.0,0.8588857650756836,0.0,0.1411142498254776,1,-0.717771515250206,0.6074041546302354,1.8716423703231908,-0.5928148647763782,-2.3323201632212687,0.6074041546302354,0.9084036557116428,0.0775003004441139,0.014096043844243306,0.9084036557116428,0.0775003004441139,0.014096043844243306,0.9084036557116428,0.0775003004441139,-0.8943076118673995,1,1,0.064,550.0,0.8895179703831673,0.9873244413996682,-0.4373244413996682
148,148,categorical_soft,0,0,False,0.0,0.0,1.0,0.0,0.0,1,-1.0,0.7023329062915182,3.316535063403446,-2.283123960350074,-4.364962647940851,0.7023329062915182,0.9958531682805514,0.003685676307637048,0.00046115541181174154,0.9958531682805514,0.003685676307637048,0.00046115541181174154,0.9958531682805514,0.003685676307637048,-0.9953920128687397,1,1,0.256,640.0,0.9410156607627869,0.989011461538332,-0.4390114615383319
149,149,categorical_soft,1,1,False,0.0,0.0,0.0,1.0,0.0,2,-1.0,0.6699996429820111,-2.6374237686361623,6.16254285129582,1.0645874443499934,0.6699996429820111,0.00015171043433316592,0.9935708576328117,0.006277431932855043,0.00015171043433316592,0.9935708576328117,0.006277431932855043,0.9935708576328117,0.00015171043433316592,-0.9872934256999567,2,2,0.512,1010.0,0.884843185544014,0.9776384682656628,-0.42763846826566276
150,150,categorical_soft,1,1,True,0.2515553254723077,0.0,0.0,0.748444676399231,0.25155532360076904,2,-0.4968893527984619,0.34337407755856214,0.28942300332911125,-0.31142854939475384,-0.48371655817165776,0.34337407755856214,0.4973114106287843,0.2722610144549833,0.23042757491623234,0.4973114106287843,0.2722610144549833,0.23042757491623234,0.2722610144549833,0.4973114106287843,-0.04183343953875096,1,1,0.0,1140.0,0.39154666662216187,0.76804389163125,-0.21804389163124993
151,151,categorical_soft,1,1,True,0.16508592190326005,0.0,0.0,0.8349140882492065,0.16508592665195465,2,-0.6698281615972519,0.4143417273706211,-0.7488928373668704,1.0317556855536183,0.325614109209848,0.4143417273706211,0.10169647675273119,0.6014769507762432,0.2968265724710255,0.10169647675273119,0.6014769507762432,0.2968265724710255,0.6014769507762432,0.10169647675273119,-0.3046503783052177,2,2,0.064,450.0,0.4585789884440601,0.9136067979112812,-0.36360679791128114
152,152,categorical_soft,0,0,True,0.13982705296845277,0.0,0.8601729273796082,0.0,0.13982705771923065,1,-0.7203458696603775,0.34346925055655714,1.5423010919908369,-4.314632723430405,-0.4859884041001553,0.34346925055655714,0.8808814648828125,0.002521356089135978,0.11659717902805164,0.8808814648828125,0.002521356089135978,0.11659717902805164,0.8808814648828125,0.002521356089135978,-0.7642842858547608,1,1,0.256,680.0,1.0252197608351707,0.9923499347600208,-0.4423499347600207
153,153,categorical_soft,1,1,False,0.0,0.0,0.0,1.0,0.0,2,-1.0,0.5572510995459022,0.015258797527416879,3.4210921562479286,-1.4520596318081331,0.5572510995459022,0.031911877260322664,0.9606396998890796,0.007448422850597672,0.031911877260322664,0.9606396998890796,0.007448422850597672,0.9606396998890796,0.031911877260322664,-0.9531912770384819,2,2,0.128,570.0,0.8900863528251648,0.9870548531058613,-0.43705485310586123
154,154,categorical_soft,1,1,True,0.38718682720448966,0.0,0.0,0.6128131747245789,0.38718682527542114,2,-0.22562634944915771,0.371388919267,0.10019024590020516,-0.018207249360306335,-0.33129972785409717,0.371388919267,0.3941967731418277,0.34953905293555315,0.2562641739226191,0.3941967731418277,0.34953905293555315,0.2562641739226191,0.34953905293555315,0.3941967731418277,-0.09327487901293408,1,1,0.0,420.0,0.08563469350337982,0.6369667935119121,-0.08696679351191205
155,155,categorical_soft,1,1,True,0.6919414839182145,0.0,0.0,0.3080585300922394,0.691941499710083,3,0.38388296961784363,0.3575490893803499,0.1428474516353909,-0.12218620867260048,-0.35223032319429015,0.3575490893803499,0.42084406980030914,0.32230447247395033,0.25685145772574053,0.42084406980030914,0.32230447247395033,0.25685145772574053,0.32230447247395033,0.42084406980030914,-0.0654530147482098,1,1,0.0,1110.0,0.05216918885707855,0.3931617373280032,0.15683826267199685
156,156,categorical_soft,1,1,False,0.0,0.0,0.0,1.0,0.0,2,-1.0,0.6260021338249798,-1.3831170555125551,4.990943568360879,-0.19109573443950284,0.6260021338249798,0.0017049827192102281,0.9925665159815628,0.005728501299226789,0.0017049827192102281,0.9925665159815628,0.005728501299226789,0.9925665159815628,0.0017049827192102281,-0.986838014682336,2,2,0.512,620.0,1.0369794890284538,0.9932770033740341,-0.4432770033740341
157,157,categorical_soft,0,0,True,0.14246930285070097,0.0,0.8575307130813599,0.0,0.14246930181980133,1,-0.7150614112615585,0.3988494167903778,2.3111397014814443,-6.987168457242281,-0.40281030191395856,0.3988494167903778,0.9377122765544617,8.600439239842223e-05,0.06220171905314005,0.9377122765544617,8.600439239842223e-05,0.06220171905314005,0.9377122765544617,8.600439239842223e-05,-0.8755105575013216,1,1,0.256,1190.0,0.9762993305921555,0.9821923797642307,-0.43219237976423064
158,158,categorical_soft,0,0,False,0.0,0.0,1.0,0.0,0.0,1,-1.0,0.6863078633447721,2.4200867810390863,-0.2255373143588441,-3.9237060921176594,0.6863078633447721,0.9322030108262224,0.06615739128342132,0.0016395978903563236,0.9322030108262224,0.06615739128342132,0.0016395978903563236,0.9322030108262224,0.06615739128342132,-0.9305634129358661,1,1,0.032,970.0,0.5593879073858261,0.9026409468277098,-0.35264094682770974
159,159,categorical_soft,0,0,True,0.2248344800933998,0.0,0.7751654982566833,0.0,0.22483448684215546,1,-0.5503310114145279,0.3303239244225936,1.1298469994805271,-2.550282044614018,-0.6903906063905646,0.3303239244225936,0.8408659423781387,0.02122119687644189,0.13791286074541936,0.8408659423781387,0.02122119687644189,0.13791286074541936,0.8408659423781387,0.02122119687644189,-0.7029530816327194,1,1,0.064,1100.0,0.4242866486310959,0.8031953762369244,-0.25319537623692434
160,160,categorical_soft,0,0,True,0.22324250122744782,0.0,0.7767574787139893,0.0,0.22324250638484955,1,-0.5535149723291397,0.30553933520729243,0.2927217471810171,-0.8812510840223554,-0.2498311186221565,0.30553933520729243,0.5289050930831952,0.16348503393406708,0.3076098729827376,0.5289050930831952,0.16348503393406708,0.3076098729827376,0.5289050930831952,0.16348503393406708,-0.2212952201004576,1,1,0.0,570.0,0.29719260334968567,0.8054738559841625,-0.2554738559841625
161,161,categorical_soft,0,0,False,0.0,0.0,1.0,0.0,0.0,1,-1.0,0.648024862717619,3.780945952173302,-4.860462409310181,-3.8830209134535165,0.648024862717619,0.999352167335747,0.00017661635764723043,0.00047121630660576855,0.999352167335747,0.00017661635764723043,0.00047121630660576855,0.999352167335747,0.00017661635764723043,-0.9988809510291413,1,1,0.256,1120.0,0.8825294226408005,0.9742646649939778,-0.42426466499397775
162,162,categorical_soft,0,0,False,0.0,0.0,1.0,0.0,0.0,1,-1.0,0.6682091283729082,3.037649993881171,-2.7398152199264034,-3.638191805002031,0.6682091283729082,0.995657666040573,0.003083615790802686,0.0012587181686243855,0.995657666040573,0.003083615790802686,0.0012587181686243855,0.995657666040573,0.003083615790802686,-0.9943989478719486,1,1,0.064,1170.0,0.6937208026647568,0.9337542971450663,-0.38375429714506626
163,163,categorical_soft,0,0,False,0.0,0.0,1.0,0.0,0.0,1,-1.0,0.7002066274925646,3.391736671425041,-2.3874019840000993,-4.4438994446194915,0.7002066274925646,0.9965218488023867,0.0030823719206406596,0.00039577927697257364,0.9965218488023867,0.0030823719206406596,0.00039577927697257364,0.9965218488023867,0.0030823719206406596,-0.9961260695254142,1,1,0.512,420.0,1.0640278086066246,0.9953650626985455,-0.4453650626985455
164,164,categorical_soft,1,1,True,0.17329589949797325,0.0,0.0,0.8267040848731995,0.17329590022563934,2,-0.6534081846475601,0.33131410990370785,-1.147656492157085,2.0195421510019855,0.42418192972675656,0.33131410990370785,0.03418064949904434,0.8027981322352978,0.1630212182656579,0.03418064949904434,0.8027981322352978,0.1630212182656579,0.8027981322352978,0.03418064949904434,-0.6397769139696399,2,2,0.128,630.0,0.45692120492458344,0.8941022071415985,-0.34410220714159845
165,165,categorical_soft,0,0,False,0.0,0.0,1.0,0.0,0.0,1,-1.0,0.617551789549452,1.397401919976933,1.1345984939392522,-2.8017112852830732,0.617551789549452,0.5605417474551337,0.43100404148418114,0.008454211060685182,0.5605417474551337,0.43100404148418114,0.008454211060685182,0.5605417474551337,0.43100404148418114,-0.5520875363944485,1,1,0.032,450.0,0.3405662328004837,0.8555293667070335,-0.30552936670703346
166,166,categorical_soft,1,1,False,0.0,0.0,0.0,1.0,0.0,2,-1.0,0.6235026304629698,1.2409465668370863,1.539553351125343,-2.6483396542396624,0.6235026304629698,0.42221050386199044,0.5691188298430041,0.00867066629500548,0.42221050386199044,0.5691188298430041,0.00867066629500548,0.5691188298430041,0.42221050386199044,-0.5604481635479986,2,2,0.0,790.0,0.5542556680738926,0.918242385703389,-0.36824238570338896
167,167,categorical_soft,0,0,False,0.0,0.0,1.0,0.0,0.0,1,-1.0,0.6753133254534563,4.696677847306309,-6.1995530281244555,-4.853162753131921,0.6753133254534563,0.9999095943255034,1.8549347219706693e-05,7.18563272767897e-05,0.9999095943255034,1.8549347219706693e-05,7.18563272767897e-05,0.9999095943255034,1.8549347219706693e-05,-0.9998377379982266,1,1,0.512,960.0,1.1586555764079094,0.9944225634819186,-0.44442256348191855
168,168,categorical_soft,0,0,True,0.13808275097120648,0.0,0.86191725730896,0.0,0.13808275759220123,1,-0.7238344997167587,0.5136626358921774,3.8729917322625544,-7.676510672497275,-2.743975489992992,0.5136626358921774,0.9985672465951476,9.62982969868281e-06,0.0014231235751538545,0.9985672465951476,9.62982969868281e-06,0.0014231235751538545,0.9985672465951476,9.62982969868281e-06,-0.9971441230199938,1,1,0.512,1150.0,1.6639904230833054,0.9994114755264566,-0.44941147552645655
169,169,categorical_soft,1,1,False,0.0,0.0,0.0,1.0,0.0,2,-1.0,0.649506027363602,-1.5758628098324174,4.732459591242755,0.1864386780636747,0.649506027363602,0.0018126619793182486,0.9874309694905772,0.010756368530104662,0.0018126619793182486,0.9874309694905772,0.010756368530104662,0.9874309694905772,0.0018126619793182486,-0.9766746009604725,2,2,0.512,630.0,0.9054725877940655,0.987096515143741,-0.4370965151437409
170,170,categorical_soft,1,1,True,0.15469499962109745,0.0,0.0,0.8453050255775452,0.15469500422477722,2,-0.6906100213527679,0.3778836180115024,-1.8157397745814052,2.3239968483585005,0.8924021084719292,0.3778836180115024,0.01281192985067749,0.7967544304246633,0.19043363972465935,0.01281192985067749,0.7967544304246633,0.19043363972465935,0.7967544304246633,0.01281192985067749,-0.606320790700004,2,2,0.512,400.0,0.5329052275046706,0.941803186065585,-0.39180318606558495
171,171,categorical_soft,1,1,True,0.15684755429634534,0.0,0.0,0.8431524634361267,0.15684755146503448,2,-0.6863049119710922,0.32286763071278546,-1.527718892679793,2.368169027598563,0.7023411967334393,0.32286763071278546,0.016979589894347873,0.8267143508107344,0.15630605929491775,0.016979589894347873,0.8267143508107344,0.15630605929491775,0.8267143508107344,0.016979589894347873,-0.6704082915158167,2,2,0.128,750.0,0.5967523828148842,0.9355792000910905,-0.3855792000910905
172,172,categorical_soft,0,0,False,0.0,0.0,1.0,0.0,0.0,1,-1.0,0.7169951033522786,2.764448266015925,-1.2068939498222717,-3.9564349052684142,0.7169951033522786,0.9803321237624576,0.01848533535823579,0.0011825408793066823,0.9803321237624576,0.01848533535823579,0.0011825408793066823,0.9803321237624576,0.01848533535823579,-0.9791495828831509,1,1,0.064,1000.0,0.7131521999835968,0.9500865290201956,-0.4000865290201956
173,173,categorical_soft,1,1,False,0.0,0.0,0.0,1.0,0.0,2,-1.0,0.6530323356494727,-1.738591655819161,4.9578187733972765,0.3149250381046275,0.6530323356494727,0.001232400569165143,0.9889776804544385,0.009789918976396592,0.001232400569165143,0.9889776804544385,0.009789918976396592,0.9889776804544385,0.001232400569165143,-0.9791877614780419,2,2,0.512,710.0,0.926895696669817,0.9872083280702392,-0.4372083280702391
174,174,categorical_soft,1,1,False,0.0,0.0,0.0,1.0,0.0,2,-1.0,0.5753957054660908,-0.22037667338718575,3.0987050522715185,-1.0030958296944537,0.5753957054660908,0.034458396648798614,0.9495878954850386,0.015953707866162636,0.034458396648798614,0.9495878954850386,0.015953707866162636,0.9495878954850386,0.034458396648798614,-0.933634187618876,2,2,0.128,510.0,0.8757945969700813,0.9870818102457184,-0.43708181024571835
175,175,categorical_soft,1,1,False,0.0,0.0,0.0,1.0,0.0,2,-1.0,0.6157512266114876,1.1120015158466319,1.4164218759781027,-2.3655419016373025,0.6157512266114876,0.4189650188066202,0.5680479707470104,0.012987010446369459,0.4189650188066202,0.5680479707470104,0.012987010446369459,0.5680479707470104,0.4189650188066202,-0.555060960300641,2,2,0.032,420.0,0.14259213209152222,0.6989029943655043,-0.14890299436550425
176,176,categorical_soft,0,0,False,0.0,0.0,1.0,0.0,0.0,1,-1.0,0.7076433721829748,3.448276227336889,-2.087077067195537,-4.698029319578744,0.7076433721829748,0.9957786593809159,0.003931453826898758,0.0002898867921854476,0.9957786593809159,0.003931453826898758,0.0002898867921854476,0.9957786593809159,0.003931453826898758,-0.9954887725887305,1,1,0.512,430.0,0.9890631213784218,0.993234279246882,-0.44323427924688197
177,177,categorical_soft,0,0,True,0.14220901230710697,0.0,0.857791006565094,0.0,0.1422090083360672,1,-0.7155819982290268,0.3581311444715019,1.432465926260041,-3.113094217242879,-0.8945057390917481,0.3581311444715019,0.9007721597745022,0.009571613558500322,0.08965622666699755,0.9007721597745022,0.009571613558500322,0.08965622666699755,0.9007721597745022,0.009571613558500322,-0.8111159331075046,1,1,0.128,680.0,0.8628118187189102,0.9831660768651947,-0.4331660768651947
178,178,categorical_soft,1,1,False,0.0,0.0,0.0,1.0,0.0,2,-1.0,0.629950382798091,-2.767353598678855,7.585107607758052,0.6411666333049101,0.629950382798091,3.2317706022829036e-05,0.9989639411729072,0.001003741121070033,3.2317706022829036e-05,0.9989639411729072,0.001003741121070033,0.9989639411729072,3.2317706022829036e-05,-0.9979602000518372,2,2,0.512,1100.0,0.9082893161103129,0.9777844890366508,-0.4277844890366508
179,179,categorical_soft,0,0,True,0.2096389923333335,0.0,0.7903609871864319,0.0,0.20963899791240692,1,-0.580721989274025,0.3916142969691741,0.1983062548223047,0.08722950908183806,-0.4895452522111349,0.3916142969691741,0.4171410550987559,0.3724698569543046,0.21038908794693953,0.4171410550987559,0.3724698569543046,0.21038908794693953,0.4171410550987559,0.3724698569543046,-0.20675196715181635,1,1,0.0,530.0,0.31519949436187744,0.826003236936907,-0.276003236936907
180,180,categorical_soft,0,0,False,0.0,0.0,1.0,0.0,0.0,1,-1.0,0.6868253585910435,2.637357766970148,-0.4337213955562313,-4.169536888706653,0.6868253585910435,0.9546557642976865,0.044286945459087325,0.0010572902432263195,0.9546557642976865,0.044286945459087325,0.0010572902432263195,0.9546557642976865,0.044286945459087325,-0.9535984740544602,1,1,0.032,660.0,0.8083652555942535,0.9786259904641058,-0.42862599046410577
181,181,categorical_soft,1,1,True,0.14796051642241764,0.0,0.0,0.8520394563674927,0.14796051383018494,2,-0.7040789425373077,0.3523638581565173,-1.8373159641751986,3.335253088616162,0.9425903430456654,0.3523638581565173,0.00526998154989971,0.9113592554647079,0.08337076298539228,0.00526998154989971,0.9113592554647079,0.08337076298539228,0.9113592554647079,0.00526998154989971,-0.8279884924793156,2,2,0.256,780.0,0.7220612280070782,0.9628616094181124,-0.41286160941811234
182,182,categorical_soft,1,1,False,0.0,0.0,0.0,1.0,0.0,2,-1.0,0.6085616435428763,1.1149212492268459,1.5588800082714573,-2.433030257542893,0.6085616435428763,0.38643211607008954,0.6023967748123352,0.011171109117575257,0.38643211607008954,0.6023967748123352,0.011171109117575257,0.6023967748123352,0.38643211607008954,-0.59122566569476,2,2,0.0,620.0,0.32470835000276566,0.8169446782905361,-0.26694467829053603
183,183,categorical_soft,1,1,False,0.0,0.0,0.0,1.0,0.0,2,-1.0,0.6082281802370135,-0.9075674805674374,4.129712138811466,-0.48621901181160715,0.6082281802370135,0.006419580687866955,0.9836334154824881,0.00994700382964495,0.006419580687866955,0.9836334154824881,0.00994700382964495,0.9836334154824881,0.006419580687866955,-0.9736864116528431,2,2,0.512,440.0,0.9864633828401566,0.9930653685045051,-0.44306536850450506
184,184,categorical_soft,0,0,True,0.14023177311416907,0.0,0.8597682118415833,0.0,0.14023177325725555,1,-0.7195364385843277,0.3493550264872295,1.4267581461893744,-3.4202239951599296,-0.7528440469363054,0.3493550264872295,0.8907651544607017,0.007002673880945681,0.10223217165835252,0.8907651544607017,0.007002673880945681,0.10223217165835252,0.8907651544607017,0.007002673880945681,-0.7885329828023492,1,1,0.064,1040.0,1.0746464524418116,0.9907534544092869,-0.4407534544092868
185,185,categorical_soft,0,0,False,0.0,0.0,1.0,0.0,0.0,1,-1.0,0.7021617474114803,3.3628531356955245,-2.3219101986974793,-4.427270823151178,0.7021617474114803,0.9961997384038159,0.003386297731707587,0.0004139638644765388,0.9961997384038159,0.003386297731707587,0.0004139638644765388,0.9961997384038159,0.003386297731707587,-0.9957857745393394,1,1,0.256,690.0,0.824377030134201,0.9794972389177028,-0.42949723891770275
186,186,categorical_soft,1,1,False,0.0,0.0,0.0,1.0,0.0,2,-1.0,0.5545800182969766,0.2544224967380736,3.4432627944902228,-1.7860451873155594,0.5545800182969766,0.039392017348109765,0.955433373990523,0.005174608661367001,0.039392017348109765,0.955433373990523,0.005174608661367001,0.955433373990523,0.039392017348109765,-0.950258765329156,2,2,0.064,780.0,0.8256258368492126,0.9773373939606169,-0.4273373939606169
187,187,categorical_soft,0,0,True,0.14698093772251564,0.0,0.8530190587043762,0.0,0.14698094129562378,1,-0.7060381174087524,0.35207392679954547,1.2557607556029717,-2.599638148189794,-0.8468888942956598,0.35207392679954547,0.8729252125317559,0.018497133059567787,0.10857765440867635,0.8729252125317559,0.018497133059567787,0.10857765440867635,0.8729252125317559,0.018497133059567787,-0.7643475581230795,1,1,0.032,990.0,0.7931640520691872,0.9661522905281389,-0.41615229052813885
188,188,categorical_soft,0,0,True,0.13887839029869398,0.0,0.8611215949058533,0.0,0.13887839019298553,1,-0.7222432047128677,0.39890517208716625,2.550792027401902,-6.967592424994588,-0.901910359843621,0.39890517208716625,0.9690568849148882,7.12446396039442e-05,0.030871870445507887,0.9690568849148882,7.12446396039442e-05,0.030871870445507887,0.9690568849148882,7.12446396039442e-05,-0.9381850144693803,1,1,0.512,820.0,1.2002649754285812,0.9961531855960688,-0.44615318559606876
189,189,categorical_soft,1,1,True,0.4922808545515101,0.0,0.0,0.5077191591262817,0.49228084087371826,2,-0.015438318252563477,0.3664602820929163,-0.04252360277966777,0.19746360102629118,-0.2065934145328847,0.3664602820929163,0.320623464124117,0.4070837271439924,0.27229280873189066,0.320623464124117,0.4070837271439924,0.27229280873189066,0.4070837271439924,0.320623464124117,-0.13479091841210172,2,2,0.0,870.0,0.1272290199995041,0.5557900779139849,-0.005790077913984892
190,190,categorical_soft,1,1,True,0.1614042197962,0.0,0.0,0.8385958075523376,0.16140422224998474,2,-0.6771915853023529,0.311076430264551,-2.1360897128350778,2.965898602446299,1.0880047506378427,0.311076430264551,0.005301527678590555,0.8627667711179889,0.13193170120342054,0.005301527678590555,0.8627667711179889,0.13193170120342054,0.8627667711179889,0.005301527678590555,-0.7308350699145684,2,2,0.128,1010.0,0.6217487994581461,0.9230908345077989,-0.3730908345077989
191,191,categorical_soft,0,0,False,0.0,0.0,1.0,0.0,0.0,1,-1.0,0.6778354315064614,2.7459748493403433,-0.27266248369061474,-4.49710946686968,0.6778354315064614,0.9527384628269362,0.0465779381943547,0.0006835989787092095,0.9527384628269362,0.0465779381943547,0.0006835989787092095,0.9527384628269362,0.0465779381943547,-0.952054863848227,1,1,0.128,430.0,0.6901669502258301,0.971265268944122,-0.421265268944122
192,192,categorical_soft,1,1,False,0.0,0.0,0.0,1.0,0.0,2,-1.0,0.6732314560942093,-1.3798421762475654,3.690685543647762,0.36411166052110355,0.6732314560942093,0.006060446145347458,0.9587920855302766,0.035147468324375895,0.006060446145347458,0.9587920855302766,0.035147468324375895,0.9587920855302766,0.006060446145347458,-0.9236446172059007,2,2,0.512,530.0,0.8170751482248306,0.9824240518826223,-0.43242405188262223
193,193,categorical_soft,0,0,True,0.145772605207241,0.0,0.8542274236679077,0.0,0.14577260613441467,1,-0.708454817533493,0.34336512587780244,1.57644150740104,-4.368607331317788,-0.5315654166743168,0.34336512587780244,0.8889758050253176,0.0023302903390259133,0.1086939046356564,0.8889758050253176,0.0023302903390259133,0.1086939046356564,0.8889758050253176,0.0023302903390259133,-0.7802819003896612,1,1,0.128,1080.0,0.8427324146032333,0.9703012201844253,-0.4203012201844253
194,194,categorical_soft,1,1,False,0.0,0.0,0.0,1.0,0.0,2,-1.0,0.6157446429050346,1.9078936766124577,1.0720811435018471,-3.7182938375462458,0.6157446429050346,0.6956881922966203,0.30178886265642146,0.002522945046958199,0.6956881922966203,0.30178886265642146,0.002522945046958199,0.30178886265642146,0.6956881922966203,-0.29926591760946325,1,1,0.0,1050.0,0.24135959148406982,0.6382705062354783,-0.08827050623547827
195,195,categorical_soft,1,1,False,0.0,0.0,0.0,1.0,0.0,2,-1.0,0.6539016383763342,1.8905151835272709,0.2763702271549503,-3.2748016110547495,0.6539016383763342,0.8300114139566596,0.16524356030165993,0.004745025741680566,0.8300114139566596,0.16524356030165993,0.004745025741680566,0.16524356030165993,0.8300114139566596,-0.16049853455997937,1,1,0.0,580.0,0.03497976064682007,0.5300748520688947,0.019925147931105336
196,196,categorical_soft,1,1,False,0.0,0.0,0.0,1.0,0.0,2,-1.0,0.5687857386602426,-0.8259693947955326,5.508644864885685,-1.1848131580508197,0.5687857386602426,0.0017771288910308392,0.9969538383662483,0.001269032742720889,0.0017771288910308392,0.9969538383662483,0.001269032742720889,0.9969538383662483,0.0017771288910308392,-0.9956848056235273,2,2,0.128,1090.0,0.8795745894312859,0.9748019174857763,-0.4248019174857762
197,197,categorical_soft,1,1,False,0.0,0.0,0.0,1.0,0.0,2,-1.0,0.6166277784201158,1.3085908353338596,1.0995190578447585,-2.6209681655263264,0.6166277784201158,0.5461262356216251,0.4430910438469655,0.010782720531409409,0.5461262356216251,0.4430910438469655,0.010782720531409409,0.4430910438469655,0.5461262356216251,-0.43230832331555613,1,1,0.0,530.0,0.456807479262352,0.9049384685594726,-0.35493846855947253
198,198,categorical_soft,1,1,True,0.16971806602308326,0.0,0.0,0.8302819132804871,0.16971807181835175,2,-0.6605638414621353,0.3444277262791395,-1.369942940906847,3.018803630558664,0.5260886305982923,0.3444277262791395,0.011507035724864582,0.9129329902916938,0.07555997398344151,0.011507035724864582,0.9129329902916938,0.07555997398344151,0.9129329902916938,0.011507035724864582,-0.8373730163082523,2,2,0.128,940.0,0.5513442233204842,0.9023456784161284,-0.3523456784161284
199,199,categorical_soft,0,0,False,0.0,0.0,1.0,0.0,0.0,1,-1.0,0.7066071306803818,2.634732813886546,-0.7345398329271826,-3.9862315505130015,0.7066071306803818,0.9654709707799942,0.033242215191487165,0.0012868140285184743,0.9654709707799942,0.033242215191487165,0.0012868140285184743,0.9654709707799942,0.033242215191487165,-0.9641841567514757,1,1,0.064,630.0,0.6827080249786377,0.9624110985426224,-0.41241109854262237
200,200,categorical_soft,0,0,True,0.1405106175801334,0.0,0.859489381313324,0.0,0.14051061868667603,1,-0.718978762626648,0.31250134458415135,1.147429311587766,-3.0605697100014844,-0.457616011829571,0.31250134458415135,0.8215792839608914,0.012225723338242064,0.1661949927008664,0.8215792839608914,0.012225723338242064,0.1661949927008664,0.8215792839608914,0.012225723338242064,-0.655384291260025,1,1,0.256,510.0,0.9216797426342964,0.9896623360021629,-0.43966233600216287
201,201,categorical_soft,0,0,False,0.0,0.0,1.0,0.0,0.0,1,-1.0,0.646955343027974,3.37217291306024,-4.163752487902927,-3.497617091189524,0.646955343027974,0.9984273594422678,0.0005328669562769171,0.0010397736014551504,0.9984273594422678,0.0005328669562769171,0.0010397736014551504,0.9984273594422678,0.0005328669562769171,-0.9973875858408127,1,1,0.128,1160.0,0.77137890458107,0.9543255483404679,-0.40432554834046786
202,202,categorical_soft,1,1,False,0.0,0.0,0.0,1.0,0.0,2,-1.0,0.5894522349581448,-0.36498447643118814,3.0819644852667407,-0.795145041296721,0.5894522349581448,0.030341191950882012,0.9496731518917454,0.019985656157372484,0.030341191950882012,0.9496731518917454,0.019985656157372484,0.9496731518917454,0.030341191950882012,-0.9296874957343729,2,2,0.128,630.0,0.7733290158212185,0.9755886426620864,-0.4255886426620864
203,203,categorical_soft,1,1,True,0.1490194756019766,0.0,0.0,0.8509805202484131,0.14901947975158691,2,-0.7019610404968262,0.2986592142048233,-1.8862986354696745,3.055314994485702,0.9618423435035577,0.2986592142048233,0.006403276159087363,0.8844460132644363,0.10915071057647649,0.006403276159087363,0.8844460132644363,0.10915071057647649,0.8844460132644363,0.006403276159087363,-0.7752953026879598,2,2,0.256,720.0,0.6883350163698196,0.9593743057190663,-0.4093743057190663
204,204,categorical_soft,1,1,False,0.0,0.0,0.0,1.0,0.0,2,-1.0,0.541150843306102,0.5843164069396808,2.786411420921908,-2.064065650737955,0.541150843306102,0.09886169973638077,0.8940554541971105,0.0070828460665088066,0.09886169973638077,0.8940554541971105,0.0070828460665088066,0.8940554541971105,0.09886169973638077,-0.8869726081306017,2,2,0.032,880.0,0.786303885281086,0.9692417092065296,-0.4192417092065296
205,205,categorical_soft,0,0,False,0.0,0.0,1.0,0.0,0.0,1,-1.0,0.6931410690461893,3.0180205282921984,-0.8466567292930834,-4.6117277651836215,0.6931410690461893,0.9789718590214547,0.02055148403556433,0.00047665694298117155,0.9789718590214547,0.02055148403556433,0.00047665694298117155,0.9789718590214547,0.02055148403556433,-0.9784952020784735,1,1,0.256,480.0,0.860015258193016,0.9865435989136945,-0.43654359891369443
206,206,categorical_soft,0,0,True,0.13854824437373459,0.0,0.8614517450332642,0.0,0.13854824006557465,1,-0.7229035049676895,0.49993393572166,3.0776365122642773,-5.465544102621082,-2.4026851614606484,0.49993393572166,0.9953950254206335,0.00019411880214476135,0.004410855777221516,0.9953950254206335,0.00019411880214476135,0.004410855777221516,0.9953950254206335,0.00019411880214476135,-0.990984169643412,1,1,0.512,860.0,1.2978549934923649,0.9974974387743648,-0.44749743877436476
207,207,categorical_soft,1,1,True,0.14534355196600074,0.0,0.0,0.854656457901001,0.14534355700016022,2,-0.7093129009008408,0.3325327864092179,-1.5361803168043706,2.465522063247316,0.7237068041827718,0.3325327864092179,0.015506693710972578,0.8376612493256763,0.14683205696335092,0.015506693710972578,0.8376612493256763,0.14683205696335092,0.8376612493256763,0.015506693710972578,-0.6908291923623254,2,2,0.256,600.0,0.7358072251081467,0.9717991940936319,-0.42179919409363187
208,208,categorical_soft,0,0,False,0.0,0.0,1.0,0.0,0.0,1,-1.0,0.689835282193865,3.767393335048846,-2.8591488939134746,-4.869546274586111,0.689835282193865,0.998497443706899,0.0013240202436074302,0.0001785360494935305,0.998497443706899,0.0013240202436074302,0.0001785360494935305,0.998497443706899,0.0013240202436074302,-0.9983189076574054,1,1,0.512,550.0,0.9212616831064224,0.9891350999766536,-0.43913509997665356
209,209,categorical_soft,0,0,True,0.14118864567241024,0.0,0.8588113784790039,0.0,0.14118865132331848,1,-0.7176227271556854,0.3509532708632614,1.407885093345254,-4.193736513734494,-0.26654326291605407,0.3509532708632614,0.839084164210397,0.003101367343904092,0.15781446844569919,0.839084164210397,0.003101367343904092,0.15781446844569919,0.839084164210397,0.003101367343904092,-0.6812696957646978,1,1,0.128,920.0,0.9757032729685307,0.9870385860373436,-0.4370385860373436
210,210,categorical_soft,1,1,True,0.15860824482892266,0.0,0.0,0.8413917422294617,0.15860824286937714,2,-0.6827834993600845,0.2932754353409509,-1.9987721230626068,2.986230732835181,1.0248118474283443,0.2932754353409509,0.006022866391154604,0.871397756361071,0.12257937724777437,0.006022866391154604,0.871397756361071,0.12257937724777437,0.871397756361071,0.006022866391154604,-0.7488183791132966,2,2,0.128,1120.0,0.6714484915137291,0.9306480679911552,-0.38064806799115514
211,211,categorical_soft,1,1,False,0.0,0.0,0.0,1.0,0.0,2,-1.0,0.5536669020653633,-0.0029797699212444017,3.811224283884198,-1.5856795421110086,0.5536669020653633,0.021503865132130623,0.9740212017794381,0.004474933088431477,0.021503865132130623,0.9740212017794381,0.004474933088431477,0.9740212017794381,0.021503865132130623,-0.9695462686910066,2,2,0.128,630.0,0.9032019004225731,0.9869536354201252,-0.4369536354201251
212,212,categorical_soft,1,1,False,0.0,0.0,0.0,1.0,0.0,2,-1.0,0.5786922919877336,-0.4569962569432421,3.7567225452966433,-0.9545119119799464,0.5786922919877336,0.01449886814316759,0.9765504765435968,0.008950655313235517,0.01449886814316759,0.9765504765435968,0.008950655313235517,0.9765504765435968,0.01449886814316759,-0.9675998212303614,2,2,0.256,490.0,0.8382568582892418,0.9848693830353438,-0.4348693830353437
213,213,categorical_soft,0,0,True,0.1411430340477458,0.0,0.8588569760322571,0.0,0.1411430388689041,1,-0.717713937163353,0.30820360318945794,1.0656771423155882,-2.860467166732749,-0.43745716082514186,0.30820360318945794,0.8041017951159259,0.015861892459094966,0.18003631242497917,0.8041017951159259,0.015861892459094966,0.18003631242497917,0.8041017951159259,0.015861892459094966,-0.6240654826909467,1,1,0.128,620.0,0.9049015678465366,0.9872138017206691,-0.43721380172066904
214,214,categorical_soft,1,1,True,0.33175343955558406,0.0,0.0,0.6682465672492981,0.3317534327507019,2,-0.3364931344985962,0.28770542254001685,0.6088934718272598,-1.6709445427114005,-0.39216236976623603,0.28770542254001685,0.6797270911801161,0.06954537877768203,0.2507275300422019,0.6797270911801161,0.06954537877768203,0.2507275300422019,0.06954537877768203,0.6797270911801161,0.18118215126451986,1,1,0.0,1170.0,0.3128942549228668,0.6845322045734847,-0.1345322045734847
215,215,categorical_soft,0,0,True,0.14168217634812003,0.0,0.8583178520202637,0.0,0.14168217778205872,1,-0.716635674238205,0.3479520246610005,0.11115534968068919,-0.3153551322521753,-0.22029457399804744,0.3479520246610005,0.4219651647860562,0.2751675993587218,0.3028672358552219,0.4219651647860562,0.2751675993587218,0.3028672358552219,0.4219651647860562,0.2751675993587218,-0.11909792893083432,1,1,0.0,400.0,0.8201030120253563,0.9851543467679202,-0.4351543467679202
216,216,categorical_soft,1,1,False,0.0,0.0,0.0,1.0,0.0,2,-1.0,0.5536039023078225,0.07390907750923323,3.538642580499932,-1.5758845591566506,0.5536039023078225,0.030178969591617033,0.9639545996690769,0.005866430739306008,0.030178969591617033,0.9639545996690769,0.005866430739306008,0.9639545996690769,0.030178969591617033,-0.9580881689297709,2,2,0.032,1070.0,0.9571733213961124,0.9830576817710954,-0.4330576817710954
217,217,categorical_soft,1,1,True,0.14734119037216775,0.0,0.0,0.8526588082313538,0.14734119176864624,2,-0.7053176164627075,0.3512606591491974,-0.9133036839463202,1.6827200630024606,0.289086552873301,0.3512606591491974,0.05691093841181588,0.7554352369328732,0.1876538246553108,0.05691093841181588,0.7554352369328732,0.1876538246553108,0.7554352369328732,0.05691093841181588,-0.5677814122775624,2,2,0.128,510.0,0.6679420471191406,0.9649346902173321,-0.4149346902173321
218,218,categorical_soft,1,1,True,0.14561376889664313,0.0,0.0,0.8543862104415894,0.14561377465724945,2,-0.7087724357843399,0.3344684642207558,-3.026229248695108,4.2675232456191905,1.8106499857061285,0.3344684642207558,0.0006371673725532457,0.9204556267275248,0.07890720589992199,0.0006371673725532457,0.9204556267275248,0.07890720589992199,0.9204556267275248,0.0006371673725532457,-0.8415484208276028,2,2,0.512,840.0,0.7877875319682062,0.9708542288902703,-0.42085422889027024
219,219,categorical_soft,0,0,False,0.0,0.0,1.0,0.0,0.0,1,-1.0,0.70322339867897,3.5223121272565323,-2.341310171412262,-4.696983621380868,0.70322339867897,0.9968957030802423,0.0028343065402720246,0.00026999037948578097,0.9968957030802423,0.0028343065402720246,0.00026999037948578097,0.9968957030802423,0.0028343065402720246,-0.9966257127007565,1,1,0.256,790.0,0.9336192756891251,0.9863823598187527,-0.4363823598187526
220,220,categorical_soft,1,1,False,0.0,0.0,0.0,1.0,0.0,2,-1.0,0.5856841411588148,1.280722509823761,2.2284902573912833,-3.0321614056056463,0.5856841411588148,0.27829361136608183,0.7179655372536647,0.003740851380253491,0.27829361136608183,0.7179655372536647,0.003740851380253491,0.7179655372536647,0.27829361136608183,-0.7142246858734113,2,2,0.032,930.0,0.695711875683628,0.9500247111675635,-0.40002471116756344
221,221,categorical_soft,1,1,True,0.14853097830641065,0.0,0.0,0.8514690399169922,0.148530974984169,2,-0.7029380649328232,0.2992652713080248,-1.6484434394043206,2.686833816807959,0.7789341106580305,0.2992652713080248,0.01140611287115782,0.8607268522585262,0.1278670348703162,0.01140611287115782,0.8607268522585262,0.1278670348703162,0.8607268522585262,0.01140611287115782,-0.7328598173882099,2,2,0.256,600.0,0.6674078479409218,0.9609741496551975,-0.4109741496551974
222,222,categorical_soft,1,1,True,0.1561274774266378,0.0,0.0,0.8438725471496582,0.15612748265266418,2,-0.687745064496994,0.31365177417318885,-2.0133780521364697,2.826420801369555,1.009220617871364,0.31365177417318885,0.0068226614617700725,0.8543573447606005,0.1388199937776294,0.0068226614617700725,0.8543573447606005,0.1388199937776294,0.8543573447606005,0.0068226614617700725,-0.7155373509829711,2,2,0.128,920.0,0.6455166675150394,0.9376366289807997,-0.38763662898079965
223,223,categorical_soft,1,1,False,0.0,0.0,0.0,1.0,0.0,2,-1.0,0.6296004467435273,-2.648652363994965,7.37844301168914,0.5618786952995307,0.6296004467435273,4.471308417462125e-05,0.9988166866531903,0.0011386002626349743,4.471308417462125e-05,0.9988166866531903,0.0011386002626349743,0.9988166866531903,4.471308417462125e-05,-0.9976780863905553,2,2,0.512,1080.0,0.9951790161430836,0.9857344003738269,-0.4357344003738268
224,224,categorical_soft,0,0,False,0.0,0.0,1.0,0.0,0.0,1,-1.0,0.626288079178233,1.6386701455937913,1.3507223105666102,-3.313103467859573,0.626288079178233,0.5691456183795192,0.4268077827881065,0.0040465988323743814,0.5691456183795192,0.4268077827881065,0.0040465988323743814,0.5691456183795192,0.4268077827881065,-0.5650990195471448,1,1,0.0,1140.0,0.4604542929737363,0.8228637386141178,-0.2728637386141177
225,225,categorical_soft,0,0,False,0.0,0.0,1.0,0.0,0.0,1,-1.0,0.715188209015658,2.5299504751213475,-0.8168714614081738,-3.7434267562398262,0.715188209015658,0.9642342178778589,0.03394700916277851,0.0018187729593625239,0.9642342178778589,0.03394700916277851,0.0018187729593625239,0.9642342178778589,0.03394700916277851,-0.9624154449184964,1,1,0.032,740.0,0.7069098949432373,0.9619124420023145,-0.41191244200231447
226,226,categorical_soft,0,0,True,0.1528089201268638,0.0,0.8471910953521729,0.0,0.15280891954898834,1,-0.6943821758031845,0.31104653843275626,1.0440783543300092,-2.637636864003267,-0.5202907086596651,0.31104653843275626,0.808977848856677,0.020376888823190685,0.17064526232013247,0.808977848856677,0.020376888823190685,0.17064526232013247,0.808977848856677,0.020376888823190685,-0.6383325865365446,1,1,0.064,1010.0,0.7045481577515602,0.9474461245798402,-0.3974461245798402
227,227,categorical_soft,1,1,True,0.15360463462581997,0.0,0.0,0.8463953733444214,0.1536046415567398,2,-0.6927907317876816,0.40780747397966144,-1.7511986025432094,2.159058887042567,0.8847114258764674,0.40780747397966144,0.01555530849368894,0.7692168878832677,0.21522780362304336,0.01555530849368894,0.7692168878832677,0.21522780362304336,0.7692168878832677,0.01555530849368894,-0.5539890842602243,2,2,0.512,420.0,0.5501690473174676,0.945042986345464,-0.395042986345464
228,228,categorical_soft,0,0,True,0.14064528422321942,0.0,0.8593547344207764,0.0,0.14064528048038483,1,-0.7187094539403915,0.3446025996545253,1.5664192660136675,-4.387254638518574,-0.48850247735337354,0.3446025996545253,0.8838230969071612,0.0022964095464869617,0.11388049354635185,0.8838230969071612,0.0022964095464869617,0.11388049354635185,0.8838230969071612,0.0022964095464869617,-0.7699426033608093,1,1,0.256,730.0,0.9654799997806549,0.9891379291663808,-0.4391379291663807
229,229,categorical_soft,1,1,False,0.0,0.0,0.0,1.0,0.0,2,-1.0,0.5301858059223001,0.8090429002109489,3.0434084449895975,-2.5129812510785325,0.5301858059223001,0.09636720373043088,0.9001123594336352,0.003520436835933913,0.09636720373043088,0.9001123594336352,0.003520436835933913,0.9001123594336352,0.09636720373043088,-0.8965919225977013,2,2,0.064,730.0,0.7088822452351451,0.9627012144069175,-0.4127012144069174
230,230,categorical_soft,0,0,True,0.6246148066422668,0.0,0.37538519501686096,0.0,0.6246148347854614,3,0.24922963976860046,0.29919313139848713,0.4194330520976998,-1.1353539992800488,-0.350977468748929,0.29919313139848713,0.5970060396282103,0.12609406564012543,0.2768998947316643,0.5970060396282103,0.12609406564012543,0.2768998947316643,0.5970060396282103,0.12609406564012543,-0.320106144896546,1,1,0.0,1030.0,0.08277012407779694,0.4533259793573495,0.09667402064265057
231,231,categorical_soft,1,1,True,0.1600567102224431,0.0,0.0,0.8399432897567749,0.1600567102432251,2,-0.6798865795135498,0.30724331834427504,-1.9128768716371514,2.750492573546158,0.9461216965523347,0.30724331834427504,0.008111494212376601,0.8517140605343114,0.14017444525331196,0.008111494212376601,0.8517140605343114,0.14017444525331196,0.8517140605343114,0.008111494212376601,-0.7115396152809994,2,2,0.128,970.0,0.6224888265132904,0.9266926392432918,-0.37669263924329177
232,232,categorical_soft,0,0,True,0.6555425499959664,0.0,0.3444574475288391,0.0,0.6555425524711609,3,0.3110851049423218,0.316890328341206,0.2748642285929589,-1.0902998614200576,-0.08170494637643651,0.316890328341206,0.511351547207281,0.1307436119696287,0.3579048408230902,0.511351547207281,0.1307436119696287,0.3579048408230902,0.511351547207281,0.1307436119696287,-0.15344670638419083,1,1,0.0,940.0,0.03882630169391632,0.4268644092037139,0.12313559079628617
233,233,categorical_soft,0,0,True,0.13890512674687916,0.0,0.8610948920249939,0.0,0.1389051228761673,1,-0.7221897691488266,0.36479912487645616,1.9448513044326425,-5.167486903316885,-0.783896057169914,0.36479912487645616,0.9374253484933815,0.0007646539139018001,0.06180999759271686,0.9374253484933815,0.0007646539139018001,0.06180999759271686,0.9374253484933815,0.0007646539139018001,-0.8756153509006647,1,1,0.256,890.0,1.2117628089617938,0.9960447976541715,-0.4460447976541715
234,234,categorical_soft,1,1,True,0.1669190986530561,0.0,0.0,0.8330808877944946,0.16691909730434418,2,-0.6661617904901505,0.3500797028537106,-3.1652444932814037,4.071392676314972,1.8083331436628076,0.3500797028537106,0.000660757144877461,0.9051201861827941,0.09421905667232842,0.000660757144877461,0.9051201861827941,0.09421905667232842,0.9051201861827941,0.000660757144877461,-0.8109011295104657,2,2,0.256,1150.0,0.618890518322587,0.9090657488465645,-0.3590657488465645
235,235,categorical_soft,0,0,True,0.3584819305486807,0.0,0.6415180563926697,0.0,0.3584819436073303,1,-0.28303611278533936,0.38177986626455107,-0.019843490365076415,-0.13126068330003027,-0.07816330530376747,0.38177986626455107,0.35252778494015546,0.3151942792119183,0.3322779358479262,0.35252778494015546,0.3151942792119183,0.3322779358479262,0.35252778494015546,0.3151942792119183,-0.020249849092229266,1,1,0.0,450.0,0.11441224813461304,0.660932596719877,-0.11093259671987699
236,236,categorical_soft,0,0,False,0.0,0.0,1.0,0.0,0.0,1,-1.0,0.6898364578874155,5.230605758233466,-7.491693779833106,-5.155646526433445,0.6898364578874155,0.9999658580446233,2.9894059222876395e-06,3.115254945433071e-05,0.9999658580446233,2.9894059222876395e-06,3.115254945433071e-05,0.9999658580446233,2.9894059222876395e-06,-0.999934705495169,1,1,0.512,1180.0,1.1793404817581177,0.9934377917668306,-0.4434377917668305
237,237,categorical_soft,1,1,False,0.0,0.0,0.0,1.0,0.0,2,-1.0,0.644431047109581,-2.651573556048758,6.9087582685307565,0.7657912861659334,0.644431047109581,7.12340706248135e-05,0.9977030774420008,0.002225688487374323,7.12340706248135e-05,0.9977030774420008,0.002225688487374323,0.9977030774420008,7.12340706248135e-05,-0.9954773889546265,2,2,0.512,1040.0,0.8575209192931652,0.9735935369836438,-0.42359353698364377
238,238,categorical_soft,1,1,True,0.1653626532142904,0.0,0.0,0.8346373438835144,0.1653626561164856,2,-0.6692746877670288,0.3786386998216801,-0.566821886289248,1.0340947948499017,0.16452437655427815,0.3786386998216801,0.12479012173866315,0.6165733931789973,0.2586364850823396,0.12479012173866315,0.6165733931789973,0.2586364850823396,0.6165733931789973,0.12479012173866315,-0.3579369080966577,2,2,0.064,570.0,0.48624189104884863,0.912913889219907,-0.36291388921990697
239,239,categorical_soft,1,1,False,0.0,0.0,0.0,1.0,0.0,2,-1.0,0.641401248860688,-1.9076579640811473,5.631714176416822,0.26118213222304504,0.641401248860688,0.0005340878003356581,0.994693985232906,0.004771926966758397,0.0005340878003356581,0.994693985232906,0.004771926966758397,0.994693985232906,0.0005340878003356581,-0.9899220582661475,2,2,0.256,1150.0,0.9062359754461795,0.9762034818176099,-0.4262034818176098
240,240,categorical_soft,0,0,True,0.13999451437870852,0.0,0.8600054979324341,0.0,0.1399945169687271,1,-0.720010980963707,0.35670750290206554,1.7726469350469238,-5.196022242056886,-0.4212680760545566,0.35670750290206554,0.8986251452541587,0.000846483815247763,0.10052837093059357,0.8986251452541587,0.000846483815247763,0.10052837093059357,0.8986251452541587,0.000846483815247763,-0.7980967743235652,1,1,0.128,1160.0,1.1259546265937388,0.9916875020500079,-0.44168750205000784
241,241,categorical_soft,0,0,False,0.0,0.0,1.0,0.0,0.0,1,-1.0,0.6922208215039616,3.4433358862516217,-2.6505045472892856,-4.402851225055904,0.6922208215039616,0.997355845382992,0.0022519577191157155,0.0003921968978921499,0.997355845382992,0.0022519577191157155,0.0003921968978921499,0.997355845382992,0.0022519577191157155,-0.9969636484850999,1,1,0.256,780.0,0.9812496453523636,0.9893212358900684,-0.43932123589006833
242,242,categorical_soft,1,1,False,0.0,0.0,0.0,1.0,0.0,2,-1.0,0.5818025004653002,0.9934224506946878,1.6805272555976019,-2.2844536160760986,0.5818025004653002,0.33048179601663075,0.6569785706237431,0.01253963335962625,0.33048179601663075,0.6569785706237431,0.01253963335962625,0.6569785706237431,0.33048179601663075,-0.6444389372641168,2,2,0.032,760.0,0.40921776555478573,0.850970846419215,-0.300970846419215
243,243,categorical_soft,1,1,True,0.1521124229431609,0.0,0.0,0.8478875756263733,0.1521124243736267,2,-0.6957751512527466,0.3306222670674627,-1.7513781223902278,2.4500283578034088,0.8361525273906425,0.3306222670674627,0.01244333834275197,0.8235649176768298,0.1639917439804181,0.01244333834275197,0.8235649176768298,0.1639917439804181,0.8235649176768298,0.01244333834275197,-0.6595731736964117,2,2,0.128,890.0,0.6839880559127778,0.9495773956125515,-0.39957739561255146
244,244,categorical_soft,1,1,False,0.0,0.0,0.0,1.0,0.0,2,-1.0,0.5275726437020146,0.6749484099829213,2.292337996321575,-2.0342021500442913,0.5275726437020146,0.1637398188097411,0.8252210671193115,0.01103911407094736,0.1637398188097411,0.8252210671193115,0.01103911407094736,0.8252210671193115,0.1637398188097411,-0.8141819530483642,2,2,0.064,460.0,0.5251156184822321,0.9354361738992932,-0.3854361738992932
245,245,categorical_soft,1,1,True,0.15085227026719744,0.0,0.0,0.8491477370262146,0.1508522629737854,2,-0.6982954740524292,0.2691082896227756,-2.5976599348159306,3.918318581760475,1.4722818811286182,0.2691082896227756,0.001378439674424101,0.9189726895569199,0.07964887076865593,0.001378439674424101,0.9189726895569199,0.07964887076865593,0.9189726895569199,0.001378439674424101,-0.839323818788264,2,2,0.256,1000.0,0.7283073337748647,0.9535017148259897,-0.4035017148259896
246,246,categorical_soft,0,0,True,0.13834065920886074,0.0,0.8616593480110168,0.0,0.13834065198898315,1,-0.7233186960220337,0.43610407797323053,2.424008463418083,-4.8706923781562725,-1.6955314170423539,0.43610407797323053,0.9827067371695041,0.0006679855004013013,0.016625277330094498,0.9827067371695041,0.0006679855004013013,0.016625277330094498,0.9827067371695041,0.0006679855004013013,-0.9660814598394096,1,1,0.512,670.0,1.3359726145863533,0.9983482697746391,-0.44834826977463904
247,247,categorical_soft,1,1,True,0.15131481865765273,0.0,0.0,0.8486852049827576,0.15131482481956482,2,-0.6973703801631927,0.3427920379929789,-2.8375512301782275,3.844141249715257,1.6282139083689446,0.3427920379929789,0.0011466272343008041,0.9006042093356392,0.09824916343005992,0.0011466272343008041,0.9006042093356392,0.09824916343005992,0.9006042093356392,0.0011466272343008041,-0.8023550459055793,2,2,0.512,750.0,0.6604041084647179,0.9520508505006002,-0.4020508505006002
248,248,categorical_soft,0,0,True,0.19104601399816412,0.0,0.8089540004730225,0.0,0.19104601442813873,1,-0.6179079860448837,0.29011627896440617,0.7450123321246752,-2.4280417416226827,-0.14558042005066194,0.29011627896440617,0.688446512824705,0.028866685310691715,0.28268680186460327,0.688446512824705,0.028866685310691715,0.28268680186460327,0.688446512824705,0.028866685310691715,-0.40575971096010177,1,1,0.032,630.0,0.3886011242866516,0.8578638396277584,-0.3078638396277583
249,249,categorical_soft,0,0,True,0.14899593500840919,0.0,0.8510040640830994,0.0,0.14899593591690063,1,-0.7020081281661987,0.2885896337602,0.7364306757871742,-2.3726684254218378,-0.1660814048952531,0.2885896337602,0.6894209941526188,0.030811785663761825,0.2797672201836194,0.6894209941526188,0.030811785663761825,0.2797672201836194,0.6894209941526188,0.030811785663761825,-0.40965377396899944,1,1,0.064,830.0,0.7157257348299026,0.9594510593295946,-0.4094510593295946
250,250,categorical_soft,0,0,False,0.0,0.0,1.0,0.0,0.0,1,-1.0,0.6578745225473599,3.9581850576281012,-4.318191081057872,-4.492423914888905,0.6578745225473599,0.9995301356945484,0.000254602479306093,0.00021526182614541755,0.9995301356945484,0.000254602479306093,0.00021526182614541755,0.9995301356945484,0.000254602479306093,-0.999314873868403,1,1,0.512,690.0,1.0512995719909668,0.9931826741729747,-0.44318267417297463
251,251,categorical_soft,1,1,True,0.1450358315135591,0.0,0.0,0.8549641966819763,0.14503583312034607,2,-0.7099283635616302,0.35791528734700406,-1.9198201849396188,2.508537481833631,0.9507834881750892,0.35791528734700406,0.009853088965903123,0.8178562968468743,0.17229061418722258,0.009853088965903123,0.8178562968468743,0.17229061418722258,0.8178562968468743,0.009853088965903123,-0.6455656826596518,2,2,0.512,460.0,0.7096503600478172,0.9728817790571173,-0.4228817790571172
252,252,categorical_soft,0,0,False,0.0,0.0,1.0,0.0,0.0,1,-1.0,0.61481544373369,1.5009472160977921,1.060149830902884,-2.959056909856613,0.61481544373369,0.6041566222592124,0.388817924567206,0.007025453173581613,0.6041566222592124,0.388817924567206,0.007025453173581613,0.6041566222592124,0.388817924567206,-0.5971311690856308,1,1,0.0,1090.0,0.056773871183395386,0.4043661573593404,0.14563384264065965
253,253,categorical_soft,0,0,True,0.14177096366115877,0.0,0.8582290410995483,0.0,0.14177095890045166,1,-0.7164580821990967,0.37230060667149273,1.3445369335773052,-2.582222685511917,-0.9812179947230837,0.37230060667149273,0.8931126558910887,0.017628874513303895,0.08925846959560751,0.8931126558910887,0.017628874513303895,0.08925846959560751,0.8931126558910887,0.017628874513303895,-0.8038541862954811,1,1,0.064,800.0,0.913612388074398,0.9848176074796632,-0.43481760747966314
254,254,categorical_soft,0,0,False,0.0,0.0,1.0,0.0,0.0,1,-1.0,0.7039520704915945,3.191310039317285,-2.1381623412990423,-4.216273438733273,0.7039520704915945,0.9945725010185045,0.00482236338906528,0.0006051355924302655,0.9945725010185045,0.00482236338906528,0.0006051355924302655,0.9945725010185045,0.00482236338906528,-0.9939673654260742,1,1,0.128,900.0,0.7917141616344452,0.9693153156346825,-0.4193153156346825
255,255,categorical_soft,1,1,True,0.14931775281247062,0.0,0.0,0.850682258605957,0.14931775629520416,2,-0.7013645023107529,0.3065044030838794,-2.5834402072310847,4.174498127385296,1.4996020178418605,0.3065044030838794,0.0011085268522238022,0.9344062281912633,0.06448524495651291,0.0011085268522238022,0.9344062281912633,0.06448524495651291,0.9344062281912633,0.0011085268522238022,-0.8699209832347504,2,2,0.256,1050.0,0.7642977461218834,0.9584047513164093,-0.4084047513164093
256,256,categorical_soft,0,0,False,0.0,0.0,1.0,0.0,0.0,1,-1.0,0.6763521821017241,2.573291371293089,0.07883642990535758,-4.39980034991341,0.6763521821017241,0.922918463216107,0.0762167026388495,0.0008648341450435566,0.922918463216107,0.0762167026388495,0.0008648341450435566,0.922918463216107,0.0762167026388495,-0.9220536290710635,1,1,0.064,640.0,0.4652378112077713,0.8967989949471341,-0.34679899494713406
257,257,categorical_soft,1,1,True,0.33470239391383116,0.0,0.0,0.6652976274490356,0.33470240235328674,2,-0.3305952250957489,0.3838116331786873,0.04671483662760687,0.13749461847294964,-0.3092230074121401,0.3838116331786873,0.35791479536105764,0.3911726855246515,0.2509125191142908,0.35791479536105764,0.3911726855246515,0.2509125191142908,0.3911726855246515,0.35791479536105764,-0.1402601664103607,2,2,0.0,730.0,0.20241867005825043,0.6818551039317605,-0.13185510393176048
258,258,categorical_soft,1,1,True,0.14302894809337374,0.0,0.0,0.856971025466919,0.14302894473075867,2,-0.7139420807361603,0.5241613577728129,-2.635198542717918,4.747652165511079,1.6126142539375832,0.5241613577728129,0.0006098110403921055,0.9576968789531612,0.04169331000644676,0.0006098110403921055,0.9576968789531612,0.04169331000644676,0.9576968789531612,0.0006098110403921055,-0.9160035689467145,2,2,0.512,850.0,0.8700185790657997,0.9801177867247022,-0.43011778672470213
259,259,categorical_soft,0,0,True,0.18788168456132315,0.0,0.8121182918548584,0.0,0.1878816783428192,1,-0.6242366135120392,0.334864408689834,0.3202215735764614,-0.41474403984570635,-0.4922464536678957,0.334864408689834,0.5196272224321885,0.24880350666813716,0.23156927089967438,0.5196272224321885,0.24880350666813716,0.23156927089967438,0.5196272224321885,0.24880350666813716,-0.2880579515325141,1,1,0.032,460.0,0.3570415824651718,0.8638378982141887,-0.3138378982141886
260,260,categorical_soft,0,0,True,0.2796784244066199,0.0,0.7203215956687927,0.0,0.27967843413352966,1,-0.44064316153526306,0.3834231882529392,-0.20787995519811941,0.3283895450208496,0.008912252692603585,0.3834231882529392,0.2531275671417729,0.43253186121999115,0.31434057163823587,0.2531275671417729,0.43253186121999115,0.31434057163823587,0.2531275671417729,0.43253186121999115,0.06121300449646294,2,2,0.0,830.0,0.28032926470041275,0.7358603937733131,-0.1858603937733131
261,261,categorical_soft,0,0,True,0.3556582784721536,0.0,0.6443417072296143,0.0,0.35565829277038574,1,-0.2886834144592285,0.382351606523062,-0.029533087986482864,0.18643758508228575,-0.21856190847881746,0.382351606523062,0.3260580963276095,0.40403815409256183,0.2699037495798286,0.3260580963276095,0.40403815409256183,0.2699037495798286,0.3260580963276095,0.40403815409256183,-0.056154346747780914,2,2,0.0,520.0,0.1337961107492447,0.6633603266740746,-0.11336032667407459
262,262,categorical_soft,0,0,True,0.14775865724515563,0.0,0.8522413372993469,0.0,0.14775866270065308,1,-0.7044826745986938,0.28733971575305944,0.721879339245711,-2.354497241346299,-0.15484071651049874,0.28733971575305944,0.6837369970436205,0.031577514040409815,0.2846854889159698,0.6837369970436205,0.031577514040409815,0.2846854889159698,0.6837369970436205,0.031577514040409815,-0.39905150812765067,1,1,0.032,730.0,0.713656947016716,0.9635345279378638,-0.4135345279378637
263,263,categorical_soft,1,1,False,0.0,0.0,0.0,1.0,0.0,2,-1.0,0.5704276333028889,0.09930564411995443,2.3892743480999097,-1.1536692874934036,0.5704276333028889,0.0896807222075712,0.8844384890472874,0.025880788745141426,0.0896807222075712,0.8844384890472874,0.025880788745141426,0.8844384890472874,0.0896807222075712,-0.858557700302146,2,2,0.064,430.0,0.7616479843854904,0.9796020092335416,-0.4296020092335415
264,264,categorical_soft,1,1,False,0.0,0.0,0.0,1.0,0.0,2,-1.0,0.5681938251826729,1.0504516289990946,1.930644787248029,-2.50565839428072,0.5681938251826729,0.29069514076422515,0.700965195408908,0.008339663826866916,0.29069514076422515,0.700965195408908,0.008339663826866916,0.700965195408908,0.29069514076422515,-0.6926255315820411,2,2,0.032,640.0,0.5525830592960119,0.9303007074070531,-0.380300707407053
265,265,categorical_soft,1,1,True,0.1591806303985685,0.0,0.0,0.8408193588256836,0.1591806262731552,2,-0.6816387325525284,0.3759366278768682,-0.15120135839298338,1.0185772390127554,-0.25570386531064093,0.3759366278768682,0.19547046258271003,0.6281693074103233,0.17636023000696668,0.19547046258271003,0.6281693074103233,0.17636023000696668,0.6281693074103233,0.19547046258271003,-0.45180907740335663,2,2,0.032,460.0,0.504600090906024,0.9290743796082712,-0.3790743796082712
266,266,categorical_soft,0,0,True,0.18279476550159074,0.0,0.8172052502632141,0.0,0.18279476463794708,1,-0.634410485625267,0.345656175378139,0.340320128329304,-0.2385062886763898,-0.5772434402115896,0.345656175378139,0.5097707932886653,0.2852831629273327,0.20494604378400205,0.5097707932886653,0.2852831629273327,0.20494604378400205,0.5097707932886653,0.2852831629273327,-0.3048247495046632,1,1,0.0,1070.0,0.5245995223522186,0.8738495799116713,-0.3238495799116713
267,267,categorical_soft,0,0,True,0.13986777918535542,0.0,0.8601322174072266,0.0,0.13986778259277344,1,-0.7202644348144531,0.338272041008861,1.1696422892429081,-3.605556054039596,-0.15032643545288815,0.338272041008861,0.783697867727118,0.00662436870374053,0.20967776356914145,0.783697867727118,0.00662436870374053,0.20967776356914145,0.783697867727118,0.00662436870374053,-0.5740201041579766,1,1,0.256,540.0,0.9865885153412819,0.9921885901687603,-0.4421885901687602
268,268,categorical_soft,0,0,True,0.1533718956249439,0.0,0.8466281294822693,0.0,0.1533719003200531,1,-0.6932562291622162,0.38199502053931783,0.8106832312848367,-0.7962146806478535,-1.0244610328404193,0.38199502053931783,0.7337880898576857,0.1471858637585305,0.11902604638378374,0.7337880898576857,0.1471858637585305,0.11902604638378374,0.7337880898576857,0.1471858637585305,-0.614762043473902,1,1,0.032,1050.0,0.7075030952692032,0.945742435098585,-0.395742435098585
269,269,categorical_soft,1,1,True,0.19538686710282,0.0,0.0,0.8046131134033203,0.1953868716955185,2,-0.6092262417078018,0.3539138818041113,0.0817014919879762,-0.3724217298336838,-0.13349162506394885,0.3539138818041113,0.4097368301227816,0.26005453193225914,0.33020863794495925,0.4097368301227816,0.26005453193225914,0.33020863794495925,0.26005453193225914,0.4097368301227816,0.07015410601270011,1,1,0.0,780.0,0.41250117123126984,0.8499561995424352,-0.29995619954243513
270,270,categorical_soft,1,1,False,0.0,0.0,0.0,1.0,0.0,2,-1.0,0.6523014379189899,1.912373681781214,0.3666891678463787,-3.3625983224972975,0.6523014379189899,0.820801473746687,0.1749916051411419,0.004206921112171141,0.820801473746687,0.1749916051411419,0.004206921112171141,0.1749916051411419,0.820801473746687,-0.17078468402897076,1,1,0.0,480.0,0.10274922102689743,0.6396812171228674,-0.08968121712286736
271,271,categorical_soft,0,0,True,0.1594492223485875,0.0,0.8405507802963257,0.0,0.15944921970367432,1,-0.6811015605926514,0.28210500901603347,0.7376194128614674,-2.1208636982576112,-0.3360803408032245,0.28210500901603347,0.7142501566069661,0.04097874162345899,0.2447711017695747,0.7142501566069661,0.04097874162345899,0.2447711017695747,0.7142501566069661,0.04097874162345899,-0.4694790548373914,1,1,0.032,690.0,0.5587776601314545,0.9283407491777317,-0.37834074917773164
272,272,categorical_soft,1,1,True,0.15029517023535793,0.0,0.0,0.8497048020362854,0.1502951681613922,2,-0.6994096338748932,0.34100334381747993,-0.050796250747428294,1.0762218746904442,-0.3685852981966956,0.34100334381747993,0.20754979805622856,0.6401832276561142,0.15226697428765726,0.20754979805622856,0.6401832276561142,0.15226697428765726,0.6401832276561142,0.20754979805622856,-0.487916253368457,2,2,0.032,840.0,0.6972966487519443,0.9552655773150365,-0.40526557731503643
273,273,categorical_soft,1,1,True,0.6648790529686728,0.0,0.0,0.33512094616889954,0.6648790240287781,3,0.32975807785987854,0.35671281293006707,0.062059434209897534,-0.24596375456056574,-0.166089101065081,0.35671281293006707,0.3952806633041966,0.2902241071495601,0.31449522954624337,0.3952806633041966,0.2902241071495601,0.31449522954624337,0.2902241071495601,0.3952806633041966,0.024271122396683276,1,1,0.0,1090.0,0.0686732679605484,0.41852326109160093,0.13147673890839912
274,274,categorical_soft,0,0,False,0.0,0.0,1.0,0.0,0.0,1,-1.0,0.6583397379550665,3.3609526911989582,-3.4979818650487906,-3.8343139070759387,0.6583397379550665,0.9981998100720009,0.001048519497212608,0.0007516704307864361,0.9981998100720009,0.001048519497212608,0.0007516704307864361,0.9981998100720009,0.001048519497212608,-0.9974481396412145,1,1,0.128,1180.0,0.8269686996936798,0.9640318690614057,-0.41403186906140566
275,275,categorical_soft,1,1,False,0.0,0.0,0.0,1.0,0.0,2,-1.0,0.6190769542420285,-1.0886219443057787,4.349610070994374,-0.32753110965894006,0.6190769542420285,0.004313960459697848,0.98628938787691,0.009396651663392272,0.004313960459697848,0.98628938787691,0.009396651663392272,0.98628938787691,0.004313960459697848,-0.9768927362135177,2,2,0.256,850.0,1.0121175795793533,0.9900091090472307,-0.4400091090472307
276,276,categorical_soft,0,0,False,0.0,0.0,1.0,0.0,0.0,1,-1.0,0.6875655763278574,5.077273901044259,-7.7523826628597945,-4.7340247376893245,0.6875655763278574,0.9999420909786345,2.6835698663567827e-06,5.5225451499071075e-05,0.9999420909786345,2.6835698663567827e-06,5.5225451499071075e-05,0.9999420909786345,2.6835698663567827e-06,-0.9998868655271355,1,1,0.512,1150.0,1.1009928733110428,0.9907244605102499,-0.4407244605102498
277,277,categorical_soft,0,0,False,0.0,0.0,1.0,0.0,0.0,1,-1.0,0.7166570275369929,3.0029572045585247,-1.4602809481994958,-4.242137863663414,0.7166570275369929,0.9879014112945226,0.011392457603444742,0.000706131102032676,0.9879014112945226,0.011392457603444742,0.000706131102032676,0.9879014112945226,0.011392457603444742,-0.9871952801924899,1,1,0.128,680.0,0.9255853593349457,0.9875783536318303,-0.4375783536318303
278,278,categorical_soft,1,1,True,0.15633731192870665,0.0,0.0,0.843662679195404,0.15633730590343475,2,-0.6873253732919693,0.3602083244804322,-0.4760397534858482,1.055779540939548,0.08121842960582142,0.3602083244804322,0.13581786043194038,0.6271431430545638,0.2370389965134959,0.13581786043194038,0.6271431430545638,0.2370389965134959,0.6271431430545638,0.13581786043194038,-0.39010414654106784,2,2,0.032,850.0,0.6262553837150335,0.9370345759096455,-0.3870345759096454
279,279,categorical_soft,1,1,True,0.5298821104103935,0.0,0.0,0.4701178967952728,0.5298821330070496,3,0.05976423621177673,0.4094686850060196,0.1941671952415978,0.6414886416351873,-0.594310451160919,0.4094686850060196,0.3311700719580136,0.5169764049127836,0.1518535231292026,0.3311700719580136,0.5169764049127836,0.1518535231292026,0.5169764049127836,0.3311700719580136,-0.365122881783581,2,2,0.0,850.0,0.09916174411773682,0.5275465849209846,0.022453415079015437
280,280,categorical_soft,1,1,True,0.1950017066658168,0.0,0.0,0.8049982786178589,0.19500170648097992,2,-0.609996572136879,0.37775546354092976,-0.045240340298106224,-0.05884137208039658,-0.07165571618459557,0.37775546354092976,0.337930777896322,0.33314758432260216,0.3289216377810758,0.337930777896322,0.33314758432260216,0.3289216377810758,0.33314758432260216,0.337930777896322,-0.00422594654152636,1,1,0.0,650.0,0.3817058764398098,0.8506450788496379,-0.30064507884963787
281,281,categorical_soft,0,0,True,0.24079107969569813,0.0,0.7592089176177979,0.0,0.24079108238220215,1,-0.5184178352355957,0.3119627909250234,0.5526071588416694,-1.0442691028798103,-0.596347757131128,0.3119627909250234,0.6570659401541642,0.13300814039862052,0.2099259194472153,0.6570659401541642,0.13300814039862052,0.2099259194472153,0.6570659401541642,0.13300814039862052,-0.4471400207069489,1,1,0.032,550.0,0.26255927979946136,0.7815645134853585,-0.23156451348535845
282,282,categorical_soft,0,0,False,0.0,0.0,1.0,0.0,0.0,1,-1.0,0.6840555251648477,3.446769472589211,-2.8458273596474584,-4.311572474314132,0.6840555251648477,0.9977249074001602,0.0018466761472725579,0.00042841645256735386,0.9977249074001602,0.0018466761472725579,0.00042841645256735386,0.9977249074001602,0.0018466761472725579,-0.9972964909475929,1,1,0.512,440.0,0.9626259952783585,0.9922103971270537,-0.4422103971270537
283,283,categorical_soft,0,0,True,0.4337579858360813,0.0,0.5662420392036438,0.0,0.4337579905986786,1,-0.1324840486049652,0.39487867640940844,0.21759247248304026,0.0922260393540586,-0.5103446814984494,0.39487867640940844,0.42283423780996665,0.37219723466651383,0.2049685275235195,0.42283423780996665,0.37219723466651383,0.2049685275235195,0.42283423780996665,0.37219723466651383,-0.21786571028644716,1,1,0.0,990.0,0.1937071830034256,0.600143305897875,-0.05014330589787497
284,284,categorical_soft,1,1,False,0.0,0.0,0.0,1.0,0.0,2,-1.0,0.6180837476519728,-2.9858240619289083,8.404356516898197,0.6006111498329474,0.6180837476519728,1.1467254632293075e-05,0.9995616106314961,0.0004269221138716849,1.1467254632293075e-05,0.9995616106314961,0.0004269221138716849,0.9995616106314961,1.1467254632293075e-05,-0.9991346885176244,2,2,0.512,1180.0,1.0494448315293994,0.9876492570449825,-0.4376492570449825
285,285,categorical_soft,0,0,True,0.20068470657477516,0.0,0.7993152737617493,0.0,0.20068471133708954,1,-0.5986305624246597,0.2895894734961333,0.7172624811247865,-1.77840769689922,-0.4881131491207795,0.2895894734961333,0.7225952415815872,0.05956415659183696,0.21784060182657577,0.7225952415815872,0.05956415659183696,0.21784060182657577,0.7225952415815872,0.05956415659183696,-0.5047546397550113,1,1,0.064,740.0,0.38829944282770157,0.8407161680580805,-0.2907161680580804
286,286,categorical_soft,1,1,False,0.0,0.0,0.0,1.0,0.0,2,-1.0,0.627058562210286,-2.756746999296993,7.672407049464416,0.5892110538881209,0.627058562210286,2.993425172032349e-05,0.9990963176055917,0.0008737481426878953,2.993425172032349e-05,0.9990963176055917,0.0008737481426878953,0.9990963176055917,2.993425172032349e-05,-0.9982225694629038,2,2,0.512,1140.0,0.9693213626742363,0.9826413425144718,-0.4326413425144717
287,287,categorical_soft,1,1,True,0.1485846174179713,0.0,0.0,0.8514153957366943,0.14858461916446686,2,-0.7028307765722275,0.3159020635638988,-2.1113613157455955,3.136085320558581,1.1343126912017074,0.3159020635638988,0.004671880101666708,0.8768635329477341,0.11846458695059917,0.004671880101666708,0.8768635329477341,0.11846458695059917,0.8768635329477341,0.004671880101666708,-0.758398945997135,2,2,0.256,780.0,0.7106173224747181,0.9607977457080538,-0.4107977457080537
288,288,categorical_soft,0,0,False,0.0,0.0,1.0,0.0,0.0,1,-1.0,0.6932692241292147,3.5700292133247595,-2.683770789203854,-4.613316678903297,0.6932692241292147,0.9977994470215792,0.0019202179779354007,0.00028033500048545775,0.9977994470215792,0.0019202179779354007,0.00028033500048545775,0.9977994470215792,0.0019202179779354007,-0.9975191120210938,1,1,0.256,880.0,0.9866893738508224,0.9882830661053026,-0.43828306610530254
289,289,categorical_soft,0,0,False,0.0,0.0,1.0,0.0,0.0,1,-1.0,0.6912910242850101,3.0000755782309434,-2.2118146846035613,-3.838050493639307,0.6912910242850101,0.9935153535854153,0.005417163902278035,0.0010674825123066732,0.9935153535854153,0.005417163902278035,0.0010674825123066732,0.9935153535854153,0.005417163902278035,-0.9924478710731086,1,1,0.064,920.0,0.7644073963165283,0.9642412099292518,-0.41424120992925173
290,290,categorical_soft,0,0,True,0.1381227231744136,0.0,0.8618772625923157,0.0,0.13812272250652313,1,-0.7237545400857925,0.47604524635798595,2.446502789789448,-3.842681768291576,-2.153352354096041,0.47604524635798595,0.9876132922942512,0.0018350988754158686,0.010551608830332963,0.9876132922942512,0.0018350988754158686,0.010551608830332963,0.9876132922942512,0.0018350988754158686,-0.9770616834639182,1,1,0.512,600.0,1.4786475822329521,0.9992462463328757,-0.4492462463328757
291,291,categorical_soft,1,1,True,0.15995708681233395,0.0,0.0,0.8400428891181946,0.15995708107948303,2,-0.6800858080387115,0.3526759960252721,0.09908546182976688,-0.3099824932506113,-0.19741456389029027,0.3526759960252721,0.4154912278368951,0.27574179711591584,0.30876697504718903,0.4154912278368951,0.27574179711591584,0.30876697504718903,0.27574179711591584,0.4154912278368951,0.033025177931273186,1,1,0.0,920.0,0.611028790473938,0.9269618633162482,-0.37696186331624815
292,292,categorical_soft,0,0,False,0.0,0.0,1.0,0.0,0.0,1,-1.0,0.7159257649122623,2.819800344417193,-1.3938288919780975,-3.951230538708123,0.7159257649122623,0.9843044795278365,0.01456605245291929,0.0011294680192441414,0.9843044795278365,0.01456605245291929,0.0011294680192441414,0.9843044795278365,0.01456605245291929,-0.9831750115085923,1,1,0.064,970.0,0.7140514403581619,0.9519763772780255,-0.4019763772780255
293,293,categorical_soft,1,1,True,0.14477298929539312,0.0,0.0,0.855226993560791,0.1447729915380478,2,-0.7104540020227432,0.41411781925359464,-3.685743703459733,6.211186055762914,2.333976529536515,0.41411781925359464,5.0659354493671184e-05,0.9796599545562816,0.02028938608922453,5.0659354493671184e-05,0.9796599545562816,0.02028938608922453,0.9796599545562816,5.0659354493671184e-05,-0.9593705684670571,2,2,0.512,1130.0,0.881339731393382,0.9738120010607991,-0.4238120010607991
294,294,categorical_soft,1,1,False,0.0,0.0,0.0,1.0,0.0,2,-1.0,0.5576471549404147,-0.3547223690552688,4.5739109049422755,-1.433130456446408,0.5576471549404147,0.007183617881446022,0.9903305716775123,0.0024858104410417138,0.007183617881446022,0.9903305716775123,0.0024858104410417138,0.9903305716775123,0.007183617881446022,-0.9878447612364706,2,2,0.128,800.0,0.8723767548799515,0.9814709344251706,-0.4314709344251706
295,295,categorical_soft,1,1,False,0.0,0.0,0.0,1.0,0.0,2,-1.0,0.6381726343036035,-2.4985651125978876,6.814647834898887,0.5901890090311894,0.6381726343036035,9.114984053419385e-05,0.9978583713755917,0.002050478783874075,9.114984053419385e-05,0.9978583713755917,0.002050478783874075,0.9978583713755917,9.114984053419385e-05,-0.9958078925917176,2,2,0.512,980.0,0.9144380930811167,0.9812820490448256,-0.4312820490448256
296,296,categorical_soft,1,1,True,0.14963844126577752,0.0,0.0,0.8503615856170654,0.14963844418525696,2,-0.7007231414318085,0.3711867933074871,-2.021322610216572,2.668203759719322,1.0304441987332602,0.3711867933074871,0.007726498127961381,0.8307154859638499,0.1615580159081887,0.007726498127961381,0.8307154859638499,0.1615580159081887,0.8307154859638499,0.007726498127961381,-0.6691574700556613,2,2,0.512,510.0,0.6265748795121908,0.9573684414410254,-0.40736844144102535
297,297,categorical_soft,1,1,True,0.1490484519506305,0.0,0.0,0.8509515523910522,0.14904844760894775,2,-0.7019031047821045,0.3197271179532311,-4.280679831826899,5.814938139938297,2.677122046706728,0.3197271179532311,4.026771165567135e-05,0.9583570768379523,0.04160265545039184,4.026771165567135e-05,0.9583570768379523,0.04160265545039184,0.9583570768379523,4.026771165567135e-05,-0.9167544213875605,2,2,0.512,1130.0,0.7884399071335793,0.9592798762345498,-0.40927987623454976
298,298,categorical_soft,1,1,False,0.0,0.0,0.0,1.0,0.0,2,-1.0,0.6117715897933171,-1.0230534717752278,4.370547665622298,-0.42803708713733624,0.6117715897933171,0.004513492905907931,0.9871588364889796,0.008327670605112508,0.004513492905907931,0.9871588364889796,0.008327670605112508,0.9871588364889796,0.004513492905907931,-0.9788311658838671,2,2,0.512,490.0,0.915975533425808,0.989622194411161,-0.4396221944111609
299,299,categorical_soft,0,0,False,0.0,0.0,1.0,0.0,0.0,1,-1.0,0.6178091349256672,1.1555617650406593,1.14729150737034,-2.3371497490506092,0.6178091349256672,0.4944851685879496,0.49041163429615553,0.015103197115894852,0.4944851685879496,0.49041163429615553,0.015103197115894852,0.4944851685879496,0.49041163429615553,-0.47938197147205475,1,1,0.0,540.0,0.1374301016330719,0.6619619019605973,-0.1119619019605973
300,300,categorical_soft,1,1,False,0.0,0.0,0.0,1.0,0.0,2,-1.0,0.65030908967361,-1.549983778747175,4.67059823448939,0.17742326735940378,0.65030908967361,0.001977244953751134,0.9866941556493266,0.011328599396922335,0.001977244953751134,0.9866941556493266,0.011328599396922335,0.9866941556493266,0.001977244953751134,-0.9753655562524043,2,2,0.512,650.0,0.9220624417066574,0.9878075660184856,-0.4378075660184856
301,301,categorical_soft,0,0,True,0.3926417585264873,0.0,0.6073582172393799,0.0,0.39264175295829773,1,-0.21471646428108215,0.35912067711585155,0.0879494888457121,-0.537997690503277,-0.04960284465106166,0.35912067711585155,0.4156398588348888,0.2223469648540818,0.36201317631102936,0.4156398588348888,0.2223469648540818,0.36201317631102936,0.4156398588348888,0.2223469648540818,-0.05362668252385944,1,1,0.0,780.0,0.17007821798324585,0.6325402226419574,-0.08254022264195737
302,302,categorical_soft,0,0,True,0.17886932257187405,0.0,0.8211306929588318,0.0,0.1788693219423294,1,-0.6422613710165024,0.28785460577013355,0.5330760555857587,-1.455421883720267,-0.3878525329527906,0.28785460577013355,0.65091447890935,0.0891002815296673,0.2599852395609828,0.65091447890935,0.0891002815296673,0.2599852395609828,0.65091447890935,0.0891002815296673,-0.39092923934836715,1,1,0.064,490.0,0.39768432080745697,0.8819542041042935,-0.33195420410429344
303,303,categorical_soft,1,1,False,0.0,0.0,0.0,1.0,0.0,2,-1.0,0.6027374340001116,1.2041731481575189,1.7903307953539145,-2.697706866785098,0.6027374340001116,0.3549460392407754,0.6378576843230311,0.007196276436193613,0.3549460392407754,0.6378576843230311,0.007196276436193613,0.6378576843230311,0.3549460392407754,-0.6306614078868376,2,2,0.0,570.0,0.11988545954227448,0.6340609673785624,-0.08406096737856239
304,304,categorical_soft,1,1,True,0.1426841499922351,0.0,0.0,0.8573158383369446,0.14268414676189423,2,-0.7146316915750504,0.2993950240499811,-2.708743641382508,4.222353191504231,1.5947771453876012,0.2993950240499811,0.0009282764374605868,0.9316910925860566,0.06738063097648261,0.0009282764374605868,0.9316910925860566,0.06738063097648261,0.9316910925860566,0.0009282764374605868,-0.864310461609574,2,2,0.256,1040.0,0.9303916841745377,0.9813929123148705,-0.4313929123148704
305,305,categorical_soft,1,1,True,0.15134368036888202,0.0,0.0,0.8486562967300415,0.1513436734676361,2,-0.6973126232624054,0.3409727115988415,-1.7024265023107847,2.3449344768633025,0.8058536720538786,0.3409727115988415,0.014301856940101474,0.8115453240183459,0.1741528190415528,0.014301856940101474,0.8115453240183459,0.1741528190415528,0.8115453240183459,0.014301856940101474,-0.6373925049767931,2,2,0.256,560.0,0.6133843287825584,0.9519607250283878,-0.40196072502838776
306,306,categorical_soft,1,1,True,0.17814919649739103,0.0,0.0,0.8218507766723633,0.17814919352531433,2,-0.643701583147049,0.4014640835841998,-1.6703779498502183,2.101002084295817,0.8355521528885737,0.4014640835841998,0.017787117195313593,0.7659994384586837,0.21621344434600265,0.017787117195313593,0.7659994384586837,0.21621344434600265,0.7659994384586837,0.017787117195313593,-0.549785994112681,2,2,0.128,830.0,0.48410578817129135,0.8834798048379447,-0.3334798048379447
307,307,categorical_soft,0,0,False,0.0,0.0,1.0,0.0,0.0,1,-1.0,0.6865947023484348,2.6860629010185932,-0.482070693664832,-4.225075629283526,0.6865947023484348,0.9586760661138504,0.0403673241095749,0.0009566097765746805,0.9586760661138504,0.0403673241095749,0.0009566097765746805,0.9586760661138504,0.0403673241095749,-0.9577194563372757,1,1,0.128,430.0,0.6822309195995331,0.9701567791206914,-0.4201567791206914
308,308,categorical_soft,0,0,True,0.19729139267598805,0.0,0.802708625793457,0.0,0.19729138910770416,1,-0.6054172366857529,0.39877739023017383,0.11867310114151523,0.32772121386948866,-0.45856890075306944,0.39877739023017383,0.35803156646150347,0.44021232364589374,0.20175610989260276,0.35803156646150347,0.44021232364589374,0.20175610989260276,0.35803156646150347,0.44021232364589374,-0.1562754565689007,2,2,0.032,520.0,0.3433762788772583,0.8465847675222417,-0.2965847675222416
309,309,categorical_soft,1,1,False,0.0,0.0,0.0,1.0,0.0,2,-1.0,0.6641710553752296,2.007338556322731,0.30372980229317,-3.495046676426912,0.6641710553752296,0.8430844449860387,0.15347484419680407,0.003440710817157193,0.8430844449860387,0.15347484419680407,0.003440710817157193,0.15347484419680407,0.8430844449860387,-0.15003413337964688,1,1,0.0,1000.0,0.5186137944401708,0.8797866948377613,-0.32978669483776124
310,310,categorical_soft,1,1,False,0.0,0.0,0.0,1.0,0.0,2,-1.0,0.5643687713298756,1.1167628931110642,2.18238640350237,-2.7356590173967357,0.5643687713298756,0.2548456391875188,0.7397197973124738,0.0054345635000075335,0.2548456391875188,0.7397197973124738,0.0054345635000075335,0.7397197973124738,0.2548456391875188,-0.7342852338124664,2,2,0.032,970.0,0.39643021300435066,0.8063145232842015,-0.25631452328420146
311,311,categorical_soft,1,1,True,0.15569712710598393,0.0,0.0,0.8443028926849365,0.15569712221622467,2,-0.6886057704687119,0.3651672343718066,-2.060645876500382,2.6249363064426574,1.050293270639874,0.3651672343718066,0.007657280083848614,0.8220440619444919,0.17029865797165947,0.007657280083848614,0.8220440619444919,0.17029865797165947,0.8220440619444919,0.007657280083848614,-0.6517454039728324,2,2,0.256,650.0,0.5836306642740965,0.9388779207407766,-0.38887792074077654
312,312,categorical_soft,1,1,False,0.0,0.0,0.0,1.0,0.0,2,-1.0,0.6741939403603127,-1.515991410081972,3.980921022094808,0.4276467299250504,0.6741939403603127,0.003995952242349573,0.9676771873339887,0.028326860423661837,0.003995952242349573,0.9676771873339887,0.028326860423661837,0.9676771873339887,0.003995952242349573,-0.9393503269103268,2,2,0.512,610.0,0.9209451451897621,0.9883116426258042,-0.43831164262580413
313,313,categorical_soft,0,0,False,0.0,0.0,1.0,0.0,0.0,1,-1.0,0.6628473950180168,3.882838379421686,-3.8907362093355062,-4.5748429630545875,0.6628473950180168,0.9993653626461011,0.00042090736617307124,0.0002137299877258911,0.9993653626461011,0.00042090736617307124,0.0002137299877258911,0.9993653626461011,0.00042090736617307124,-0.9991516326583753,1,1,0.512,640.0,1.0328418463468552,0.9929736339388011,-0.44297363393880107
314,314,categorical_soft,0,0,False,0.0,0.0,1.0,0.0,0.0,1,-1.0,0.674022409916314,2.3928673412091377,0.22908147444675855,-4.154706288839346,0.674022409916314,0.895766099776184,0.10294957554597098,0.0012843246778449463,0.895766099776184,0.10294957554597098,0.0012843246778449463,0.895766099776184,0.10294957554597098,-0.8944817750983391,1,1,0.064,740.0,0.653642937541008,0.9510753730288615,-0.4010753730288614
315,315,categorical_soft,1,1,True,0.18445459278003695,0.0,0.0,0.815545380115509,0.18445459008216858,2,-0.6310907900333405,0.36087863381943835,-0.2509479927752315,1.0242601367109596,-0.16231167922168005,0.36087863381943835,0.17648105308330989,0.6304345010420306,0.19308444587465956,0.17648105308330989,0.6304345010420306,0.19308444587465956,0.6304345010420306,0.17648105308330989,-0.437350055167371,2,2,0.064,410.0,0.3565915375947952,0.8705246549234951,-0.320524654923495
316,316,categorical_soft,1,1,True,0.14385024512179656,0.0,0.0,0.8561497330665588,0.14385025203227997,2,-0.7122994810342789,0.37150456205507815,-1.8647550965114235,2.5308524763590006,0.9354960754650626,0.37150456205507815,0.010267300279020173,0.8227971677594919,0.16693553196148805,0.010267300279020173,0.8227971677594919,0.16693553196148805,0.8227971677594919,0.010267300279020173,-0.6558616357980038,2,2,0.512,450.0,0.7426585806533694,0.9771188704324757,-0.42711887043247565
317,317,categorical_soft,1,1,True,0.2529653022322077,0.0,0.0,0.7470346689224243,0.2529653012752533,2,-0.494069367647171,0.28914682520355195,0.8147561630590889,-2.3259837847807736,-0.33870363235393264,0.28914682520355195,0.735412328522655,0.03182024232400836,0.23276742915333667,0.735412328522655,0.03182024232400836,0.23276742915333667,0.03182024232400836,0.735412328522655,0.20094718682932833,1,1,0.0,840.0,0.31598392128944397,0.7663283213325881,-0.21632832133258806
318,318,categorical_soft,1,1,False,0.0,0.0,0.0,1.0,0.0,2,-1.0,0.5604318935708167,0.2809950652626111,2.756969947853599,-1.5582268886508444,0.5604318935708167,0.07663157884593798,0.911065168743157,0.012303252410904908,0.07663157884593798,0.911065168743157,0.012303252410904908,0.911065168743157,0.07663157884593798,-0.8987619163322521,2,2,0.032,690.0,0.6099110618233681,0.9433591631568852,-0.3933591631568851
319,319,categorical_soft,0,0,False,0.0,0.0,1.0,0.0,0.0,1,-1.0,0.7156848814589983,2.92805521277383,-1.282791994508367,-4.2080080846993715,0.7156848814589983,0.9846009164469104,0.014614473517979194,0.0007846100351106514,0.9846009164469104,0.014614473517979194,0.0007846100351106514,0.9846009164469104,0.014614473517979194,-0.9838163064117997,1,1,0.256,420.0,0.8809878528118134,0.9886837339785269,-0.4386837339785269
320,320,categorical_soft,1,1,False,0.0,0.0,0.0,1.0,0.0,2,-1.0,0.6131197621909911,0.9675280551962302,1.1310329292849017,-1.9915064923188495,0.6131197621909911,0.4484864522741443,0.5281638636341572,0.023349684091698415,0.4484864522741443,0.5281638636341572,0.023349684091698415,0.5281638636341572,0.4484864522741443,-0.5048141795424588,2,2,0.0,700.0,0.10261709988117218,0.5764236634331203,-0.026423663433120304
321,321,categorical_soft,0,0,True,0.1402273227231401,0.0,0.8597726821899414,0.0,0.1402273178100586,1,-0.7195453643798828,0.5573037888202393,2.3290765961424666,-2.8848553093196956,-2.1518011090725415,0.5573037888202393,0.9828904661989121,0.005368621213290947,0.011740912587796956,0.9828904661989121,0.005368621213290947,0.011740912587796956,0.9828904661989121,0.005368621213290947,-0.9711495536111151,1,1,0.128,1000.0,1.0652206018567085,0.9907709267812306,-0.44077092678123053
322,322,categorical_soft,1,1,True,0.2867941577344816,0.0,0.0,0.7132058143615723,0.28679415583610535,2,-0.4264116585254669,0.36202127265382755,-0.08074554302688822,0.37871578160636926,-0.22102947339477136,0.36202127265382755,0.2896688812170435,0.45813656409358794,0.25219455468936863,0.2896688812170435,0.45813656409358794,0.25219455468936863,0.45813656409358794,0.2896688812170435,-0.2059420094042193,2,2,0.0,1030.0,0.3215598538517952,0.7283040136993101,-0.17830401369931004
323,323,categorical_soft,0,0,False,0.0,0.0,1.0,0.0,0.0,1,-1.0,0.6607174248183687,4.239896140054558,-5.20808838145167,-4.538655396463307,0.6607174248183687,0.999765879136999,7.889147150697714e-05,0.00015522939149376717,0.999765879136999,7.889147150697714e-05,0.00015522939149376717,0.999765879136999,7.889147150697714e-05,-0.9996106497455052,1,1,0.512,830.0,1.0152685642242432,0.9903932264934603,-0.44039322649346024
324,324,categorical_soft,1,1,True,0.406473696242102,0.0,0.0,0.593526303768158,0.40647369623184204,2,-0.18705260753631592,0.39018758852821417,-0.06937794224034596,-0.09556796410657892,-0.005039994248326898,0.39018758852821417,0.32897125337401095,0.3203978609542895,0.3506308856716995,0.32897125337401095,0.3203978609542895,0.3506308856716995,0.3203978609542895,0.32897125337401095,0.030233024717409962,3,3,0.032,910.0,0.19233771413564682,0.6214666338918414,-0.07146663389184138
325,325,categorical_soft,1,1,False,0.0,0.0,0.0,1.0,0.0,2,-1.0,0.5369404653520526,0.7518479468199889,1.9969110474931946,-2.0523898554213353,0.5369404653520526,0.22054862826240704,0.7659730689367329,0.01347830280086006,0.22054862826240704,0.7659730689367329,0.01347830280086006,0.7659730689367329,0.22054862826240704,-0.7524947661358729,2,2,0.032,580.0,0.3728146329522133,0.8557427906917575,-0.30574279069175747
326,326,categorical_soft,1,1,False,0.0,0.0,0.0,1.0,0.0,2,-1.0,0.6291941506650431,-1.560975114370672,5.346560504771434,-0.09688342735914839,0.6291941506650431,0.0010028229117698163,0.9945686800775994,0.00442849701063076,0.0010028229117698163,0.9945686800775994,0.00442849701063076,0.9945686800775994,0.0010028229117698163,-0.9901401830669686,2,2,0.256,1060.0,0.8593176230788231,0.9731977628428837,-0.4231977628428837
327,327,categorical_soft,1,1,False,0.0,0.0,0.0,1.0,0.0,2,-1.0,0.5632834150931806,-0.21440138472105197,3.6708567452916574,-1.2496193622313212,0.5632834150931806,0.020030187828240176,0.9727536384713069,0.007216173700452834,0.020030187828240176,0.9727536384713069,0.007216173700452834,0.9727536384713069,0.020030187828240176,-0.9655374647708541,2,2,0.064,1040.0,0.6845659837126732,0.9403402151492702,-0.3903402151492702
328,328,categorical_soft,1,1,True,0.1610820202706162,0.0,0.0,0.8389179706573486,0.16108201444149017,2,-0.6778359562158585,0.27188602191167377,-0.5465178429555687,1.9950296807295385,-0.07164622106175916,0.27188602191167377,0.06542462028233971,0.8286257478569101,0.10594963186075017,0.06542462028233971,0.8286257478569101,0.10594963186075017,0.8286257478569101,0.06542462028233971,-0.72267611599616,2,2,0.032,1080.0,0.6413864023052156,0.9239454056477846,-0.37394540564778456
329,329,categorical_soft,1,1,False,0.0,0.0,0.0,1.0,0.0,2,-1.0,0.5603371395884287,1.0706273030526134,2.1355471569978377,-2.6371560789819624,0.5603371395884287,0.25476271538229767,0.7389572191056247,0.00628006551207769,0.25476271538229767,0.7389572191056247,0.00628006551207769,0.7389572191056247,0.25476271538229767,-0.732677153593547,2,2,0.032,710.0,0.5105309039354324,0.9089025872845348,-0.3589025872845347
330,330,categorical_soft,0,0,True,0.13915241017614322,0.0,0.8608475923538208,0.0,0.1391524076461792,1,-0.7216951847076416,0.42881906616704013,1.898551359354683,-3.4897473584099146,-1.4361697275004273,0.42881906616704013,0.9601722232747182,0.004396401475347217,0.035431375249934415,0.9601722232747182,0.004396401475347217,0.035431375249934415,0.9601722232747182,0.004396401475347217,-0.9247408480247837,1,1,0.256,630.0,1.1019249856472015,0.9950456617702963,-0.44504566177029625
331,331,categorical_soft,0,0,False,0.0,0.0,1.0,0.0,0.0,1,-1.0,0.6140713196943949,1.4550044136256601,0.9920432382289167,-2.8563229282554525,0.6140713196943949,0.6086681605002757,0.38312079377009994,0.008211045729624345,0.6086681605002757,0.38312079377009994,0.008211045729624345,0.6086681605002757,0.38312079377009994,-0.6004571147706513,1,1,0.0,830.0,0.20126265287399292,0.6538655747685236,-0.10386557476852354
332,332,categorical_soft,0,0,True,0.2209024574979664,0.0,0.7790975570678711,0.0,0.2209024578332901,1,-0.558195099234581,0.5522718344764943,1.7255530513628272,-1.0317249727053288,-1.9887349302884,0.5522718344764943,0.9179785169005154,0.05849109012241942,0.023530392977065266,0.9179785169005154,0.05849109012241942,0.023530392977065266,0.9179785169005154,0.05849109012241942,-0.8944481239234501,1,1,0.064,730.0,0.34088726341724396,0.8088671033863649,-0.25886710338636487
333,333,categorical_soft,1,1,False,0.0,0.0,0.0,1.0,0.0,2,-1.0,0.5881053150913003,1.3055277406853265,2.25073265457273,-3.0838821474781883,0.5881053150913003,0.278883715295043,0.7176438810709869,0.0034724036339700824,0.278883715295043,0.7176438810709869,0.0034724036339700824,0.7176438810709869,0.278883715295043,-0.7141714774370168,2,2,0.0,1080.0,0.817897766828537,0.9665757296194332,-0.4165757296194331
334,334,categorical_soft,0,0,True,0.45591100746087365,0.0,0.5440890192985535,0.0,0.4559110105037689,1,-0.08817800879478455,0.3876464265957556,0.017859980316839538,-0.4206911673940189,0.0173261481055536,0.3876464265957556,0.3781499773173101,0.24410139537112271,0.3777486273115672,0.3781499773173101,0.24410139537112271,0.3777486273115672,0.3781499773173101,0.24410139537112271,-0.00040135000574287316,1,1,0.032,500.0,0.05920746922492981,0.5832016383152792,-0.033201638315279114
335,335,categorical_soft,1,1,True,0.29072301708682174,0.0,0.0,0.7092769742012024,0.2907230257987976,2,-0.4185539484024048,0.4256276651201715,0.40696750541638427,0.30944505125486443,-0.7960925374382863,0.4256276651201715,0.4527688134844336,0.41003379093269265,0.13719739558287375,0.4527688134844336,0.41003379093269265,0.13719739558287375,0.41003379093269265,0.4527688134844336,-0.2728363953498189,1,1,0.0,1190.0,0.3566339612007141,0.7242176165579642,-0.1742176165579642
336,336,categorical_soft,1,1,True,0.4317453803135542,0.0,0.0,0.5682545900344849,0.43174538016319275,2,-0.13650920987129211,0.3819929480105579,-0.08590342529023548,0.2912550339131534,-0.17641651929315977,0.3819929480105579,0.2967507419841467,0.4321395633147061,0.27110969470114715,0.2967507419841467,0.4321395633147061,0.27110969470114715,0.4321395633147061,0.2967507419841467,-0.16102986861355895,2,2,0.0,650.0,0.11160320788621902,0.6016966688828335,-0.05169666888283342
337,337,categorical_soft,0,0,False,0.0,0.0,1.0,0.0,0.0,1,-1.0,0.6521939965530257,3.9986402368679927,-5.567582498122716,-3.903247690107557,0.6521939965530257,0.9995583188052493,7.00483500838744e-05,0.00037163284466670886,0.9995583188052493,7.00483500838744e-05,0.00037163284466670886,0.9995583188052493,7.00483500838744e-05,-0.9991866859605826,1,1,0.256,1190.0,0.9339479058980942,0.9781629898726585,-0.42816298987265844
338,338,categorical_soft,1,1,False,0.0,0.0,0.0,1.0,0.0,2,-1.0,0.5900983328487988,-0.7221071895506286,4.215592978246372,-0.7809536625890623,0.5900983328487988,0.007104740909062176,0.9860819807824033,0.006813278308534694,0.007104740909062176,0.9860819807824033,0.006813278308534694,0.9860819807824033,0.007104740909062176,-0.9792687024738685,2,2,0.128,940.0,0.7707909550517797,0.964490488674304,-0.41449048867430394
339,339,categorical_soft,1,1,True,0.1604912039489657,0.0,0.0,0.8395087718963623,0.1604911983013153,2,-0.679017573595047,0.40080840011998653,-1.2910881280044773,1.7134332567295334,0.6111815324222772,0.40080840011998653,0.03612253523089841,0.7235425827110604,0.2403348820580411,0.03612253523089841,0.7235425827110604,0.2403348820580411,0.7235425827110604,0.03612253523089841,-0.4832077006530193,2,2,0.128,700.0,0.5527637246996164,0.9255232317218494,-0.3755232317218493
340,340,categorical_soft,0,0,False,0.0,0.0,1.0,0.0,0.0,1,-1.0,0.6762043043397099,2.9073054893146884,-2.3909344164844275,-3.580331107193441,0.6762043043397099,0.9935162695332431,0.004968571546621257,0.001515158920135517,0.9935162695332431,0.004968571546621257,0.001515158920135517,0.9935162695332431,0.004968571546621257,-0.9920011106131076,1,1,0.064,1130.0,0.7965922951698303,0.9608160830938423,-0.4108160830938422
341,341,categorical_soft,1,1,True,0.6383385305031333,0.0,0.0,0.36166146397590637,0.6383385062217712,3,0.27667704224586487,0.3907843001012987,0.1387070817416107,0.14246153806448195,-0.4301180814394957,0.3907843001012987,0.3892368197412068,0.3898331321320056,0.22093004812678765,0.3892368197412068,0.3898331321320056,0.22093004812678765,0.3898331321320056,0.3892368197412068,-0.16890308400521795,2,2,0.0,830.0,0.024197444319725037,0.44178459489913063,0.10821540510086941
342,342,categorical_soft,0,0,True,0.3484725113930036,0.0,0.651527464389801,0.0,0.3484725058078766,1,-0.30305495858192444,0.3559557831211026,0.004680695887824296,0.17740369620300148,-0.2720541775408841,0.3559557831211026,0.33938956823929756,0.40281860846155676,0.2577918232991457,0.33938956823929756,0.40281860846155676,0.2577918232991457,0.33938956823929756,0.40281860846155676,-0.08159774494015187,2,2,0.0,930.0,0.2401103377342224,0.6696039189278831,-0.11960391892788302
343,343,categorical_soft,0,0,True,0.1408680466465338,0.0,0.859131932258606,0.0,0.14086805284023285,1,-0.7182638794183731,0.5933938227599447,2.6203307625957692,-3.075614708358259,-2.4676242733666025,0.5933938227599447,0.9901816711547273,0.003337845748014862,0.006480483097257889,0.9901816711547273,0.003337845748014862,0.006480483097257889,0.9901816711547273,0.003337845748014862,-0.9837011880574694,1,1,0.128,930.0,0.998799242079258,0.9882740667620786,-0.4382740667620786
344,344,categorical_soft,1,1,False,0.0,0.0,0.0,1.0,0.0,2,-1.0,0.6045134209005167,-1.0904540900129083,4.892993996835227,-0.5567246927473393,0.6045134209005167,0.002518187194270605,0.9931023979199447,0.004379414885784763,0.002518187194270605,0.9931023979199447,0.004379414885784763,0.9931023979199447,0.002518187194270605,-0.98872298303416,2,2,0.128,1190.0,0.9841103702783585,0.9828513713934699,-0.43285137139346985
345,345,categorical_soft,0,0,False,0.0,0.0,1.0,0.0,0.0,1,-1.0,0.7159965276901825,2.6947480008770444,-1.2088043378016875,-3.831244599024265,0.7159965276901825,0.9788159182948112,0.019749553622797938,0.0014345280823907815,0.9788159182948112,0.019749553622797938,0.0014345280823907815,0.9788159182948112,0.019749553622797938,-0.9773813902124204,1,1,0.064,690.0,0.6364440619945526,0.9499356388377335,-0.3999356388377334
346,346,categorical_soft,0,0,False,0.0,0.0,1.0,0.0,0.0,1,-1.0,0.6166706908273363,1.6669755895223968,0.8883663882906525,-3.201280788102649,0.6166706908273363,0.6817425835842064,0.3129903795095915,0.005267036906202126,0.6817425835842064,0.3129903795095915,0.005267036906202126,0.6817425835842064,0.3129903795095915,-0.6764755466780042,1,1,0.032,640.0,0.6729329973459244,0.9601760593339327,-0.41017605933393264
347,347,categorical_soft,1,1,False,0.0,0.0,0.0,1.0,0.0,2,-1.0,0.656841539460679,-2.1011385960361997,5.538522149607899,0.5736100206643139,0.656841539460679,0.0004823708532213572,0.9923777529279318,0.007139876218846736,0.0004823708532213572,0.9923777529279318,0.007139876218846736,0.9923777529279318,0.0004823708532213572,-0.9852378767090851,2,2,0.512,850.0,0.9372682347893715,0.9856319148970634,-0.4356319148970633
348,348,categorical_soft,0,0,False,0.0,0.0,1.0,0.0,0.0,1,-1.0,0.7171034937960091,2.734065708992588,-1.1039786210424611,-3.95597491933309,0.7171034937960091,0.9777185046820691,0.0210652762729141,0.0012162190450168352,0.9777185046820691,0.0210652762729141,0.0012162190450168352,0.9777185046820691,0.0210652762729141,-0.9765022856370523,1,1,0.064,750.0,0.7316131889820099,0.965721529342436,-0.415721529342436
349,349,categorical_soft,1,1,False,0.0,0.0,0.0,1.0,0.0,2,-1.0,0.6341216216525741,-1.58993008054449,5.247694161195834,-0.014677046587760484,0.6341216216525741,0.0010745575763856173,0.9936248631946656,0.00530057922894891,0.0010745575763856173,0.9936248631946656,0.00530057922894891,0.9936248631946656,0.0010745575763856173,-0.9883242839657167,2,2,0.256,1070.0,1.012370828539133,0.9870300100435582,-0.4370300100435581
350,350,categorical_soft,1,1,True,0.14918507993551788,0.0,0.0,0.850814938545227,0.14918507635593414,2,-0.7016298621892929,0.3568345927871937,-0.7039280279190246,2.081737086769527,0.03511007775248891,0.3568345927871937,0.052281386201428026,0.8391118422990171,0.10860677149955475,0.052281386201428026,0.8391118422990171,0.10860677149955475,0.8391118422990171,0.052281386201428026,-0.7305050707994624,2,2,0.064,650.0,0.6683630901388824,0.9588353278858958,-0.4088353278858957
351,351,categorical_soft,0,0,False,0.0,0.0,1.0,0.0,0.0,1,-1.0,0.6901978298850304,5.179090036169411,-7.935870938446726,-4.824748181552141,0.6901978298850304,0.9999524153306216,2.0177726560892683e-06,4.556689672222072e-05,0.9999524153306216,2.0177726560892683e-06,4.556689672222072e-05,0.9999524153306216,2.0177726560892683e-06,-0.9999068484338994,1,1,0.512,1120.0,1.1905434653162956,0.994218091239636,-0.44421809123963596
352,352,categorical_soft,1,1,False,0.0,0.0,0.0,1.0,0.0,2,-1.0,0.5688500280386883,-0.19557572254663222,3.3367301302686014,-1.136499726910317,0.5688500280386883,0.028160390418969887,0.9607014863239938,0.011138123257036461,0.028160390418969887,0.9607014863239938,0.011138123257036461,0.9607014863239938,0.028160390418969887,-0.9495633630669573,2,2,0.256,400.0,0.7987911775708199,0.9835424597184669,-0.43354245971846683
353,353,categorical_soft,0,0,True,0.4211503580432464,0.0,0.5788496136665344,0.0,0.4211503565311432,1,-0.15769925713539124,0.40910861957380734,-0.09806729751042646,-0.09441686949336434,0.049851754148692154,0.40910861957380734,0.3161697197863299,0.31741996349622903,0.36641031671744106,0.3161697197863299,0.31741996349622903,0.36641031671744106,0.3161697197863299,0.31741996349622903,0.05024059693111116,3,3,0.0,610.0,0.1087988018989563,0.6099215844506183,-0.05992158445061824
354,354,categorical_soft,1,1,True,0.1510709433256638,0.0,0.0,0.8489290475845337,0.15107093751430511,2,-0.6978581100702286,0.28663479874453257,0.7197872435884074,-1.8756271809008809,-0.4464917865082326,0.28663479874453257,0.7205609260196049,0.05376516415212913,0.22567390982826607,0.7205609260196049,0.05376516415212913,0.22567390982826607,0.05376516415212913,0.7205609260196049,0.17190874567613695,1,1,0.0,970.0,0.7178128808736801,0.9528142824883851,-0.402814282488385
355,355,categorical_soft,1,1,True,0.1748082876324218,0.0,0.0,0.8251917362213135,0.1748082935810089,2,-0.6503834426403046,0.3051562097663206,0.3175512521994409,-0.94154728158596,-0.2639933756316962,0.3051562097663206,0.5424878352173266,0.1540132831727466,0.3034988816099269,0.5424878352173266,0.1540132831727466,0.3034988816099269,0.1540132831727466,0.5424878352173266,0.1494855984371803,1,1,0.0,900.0,0.5160111337900162,0.8907261062024602,-0.34072610620246013
356,356,categorical_soft,1,1,True,0.1575029186359953,0.0,0.0,0.8424971103668213,0.1575029194355011,2,-0.6849941909313202,0.46623036172974003,0.5193326285028326,1.3441982954195697,-1.0674672582263152,0.46623036172974003,0.28670840582744367,0.6541264902173431,0.059165103955213114,0.28670840582744367,0.6541264902173431,0.059165103955213114,0.6541264902173431,0.28670840582744367,-0.59496138626213,2,2,0.032,880.0,0.6224783137440681,0.9337274851666373,-0.38372748516663724
357,357,categorical_soft,0,0,True,0.16152437249962082,0.0,0.8384756445884705,0.0,0.16152437031269073,1,-0.6769512742757797,0.2944298800688671,0.45137954938835134,-1.4753144682113717,-0.21723749443779866,0.2944298800688671,0.6029699078071984,0.08786938794984908,0.30916070424295256,0.6029699078071984,0.08786938794984908,0.30916070424295256,0.6029699078071984,0.08786938794984908,-0.29380920356424584,1,1,0.064,680.0,0.5398712754249573,0.9227732052409395,-0.3727732052409395
358,358,categorical_soft,1,1,True,0.1639196719211149,0.0,0.0,0.8360803127288818,0.16391967236995697,2,-0.6721606403589249,0.31964461772554315,0.20848628100437297,-0.7723523819814485,-0.1498808970746605,0.31964461772554315,0.48222400760728074,0.1808533915663168,0.33692260082640246,0.48222400760728074,0.1808533915663168,0.33692260082640246,0.1808533915663168,0.48222400760728074,0.15606920926008566,1,1,0.0,490.0,0.4761205166578293,0.9165568128082685,-0.36655681280826846
359,359,categorical_soft,1,1,True,0.15313656571740325,0.0,0.0,0.8468634486198425,0.15313656628131866,2,-0.6937268823385239,0.3557560625171283,-1.8032686850955304,2.35448988888174,0.8818564435732853,0.3557560625171283,0.012667088832368441,0.8031239183889461,0.18420899277868547,0.012667088832368441,0.8031239183889461,0.18420899277868547,0.8031239183889461,0.012667088832368441,-0.6189149256102606,2,2,0.256,620.0,0.6048325188457966,0.9464525557523773,-0.39645255575237726
360,360,categorical_soft,1,1,True,0.19101452359725563,0.0,0.0,0.8089854717254639,0.19101452827453613,2,-0.6179709434509277,0.42138071800799937,-0.44570914342968787,0.5259821432728191,0.20122633600409817,0.42138071800799937,0.18020300160951414,0.4759054255539607,0.34389157283652516,0.18020300160951414,0.4759054255539607,0.34389157283652516,0.4759054255539607,0.18020300160951414,-0.13201385271743554,2,2,0.032,450.0,0.34453414287418127,0.8579223921921969,-0.30792239219219686
361,361,categorical_soft,1,1,False,0.0,0.0,0.0,1.0,0.0,2,-1.0,0.5525830465891296,0.006919266102909655,3.8985973756519323,-1.6335503341653783,0.5525830465891296,0.019941913370323507,0.9761412674026421,0.003916819227034504,0.019941913370323507,0.9761412674026421,0.003916819227034504,0.9761412674026421,0.019941913370323507,-0.9722244481756076,2,2,0.128,710.0,0.8633746355772018,0.9826042518450617,-0.4326042518450617
362,362,categorical_soft,0,0,True,0.14734526445152907,0.0,0.852654755115509,0.0,0.14734525978565216,1,-0.7053094953298569,0.3625877403129586,1.1349833721987266,-1.876222736659838,-1.0134368489246603,0.3625877403129586,0.8559350431098098,0.042170795959330216,0.10189416093086012,0.8559350431098098,0.042170795959330216,0.10189416093086012,0.8559350431098098,0.042170795959330216,-0.7540408821789497,1,1,0.064,960.0,0.7782713621854782,0.9649209701609414,-0.4149209701609413
363,363,categorical_soft,1,1,True,0.2824668882215106,0.0,0.0,0.7175331115722656,0.2824668884277344,2,-0.43506622314453125,0.46065306212301493,-0.7233889360137459,0.8907723015161233,0.3852427483959032,0.46065306212301493,0.11062739698392662,0.5547770167326405,0.3345955862834329,0.11062739698392662,0.5547770167326405,0.3345955862834329,0.5547770167326405,0.11062739698392662,-0.22018143044920757,2,2,0.064,1130.0,0.35082195699214935,0.7328745950828798,-0.18287459508287973
364,364,categorical_soft,0,0,False,0.0,0.0,1.0,0.0,0.0,1,-1.0,0.6796091079544601,2.590121612286154,-0.19064435506594593,-4.264629075511335,0.6796091079544601,0.9406703874190414,0.058335876076780105,0.0009937365041783307,0.9406703874190414,0.058335876076780105,0.0009937365041783307,0.9406703874190414,0.058335876076780105,-0.9396766509148631,1,1,0.032,530.0,0.5941829681396484,0.949229112265047,-0.399229112265047
365,365,categorical_soft,0,0,False,0.0,0.0,1.0,0.0,0.0,1,-1.0,0.6866582742145979,5.221614356010514,-6.895882347566021,-5.452030198415621,0.6866582742145979,0.9999711104767754,5.474994839829658e-06,2.3414528384806506e-05,0.9999711104767754,5.474994839829658e-06,2.3414528384806506e-05,0.9999711104767754,5.474994839829658e-06,-0.9999476959483906,1,1,0.512,1120.0,1.3508169502019882,0.9973610056548473,-0.44736100565484727
366,366,categorical_soft,1,1,False,0.0,0.0,0.0,1.0,0.0,2,-1.0,0.5920897766637463,-0.6863316772257695,4.031500253030607,-0.7523144753926316,0.5920897766637463,0.008821185618353499,0.9827855159554628,0.00839329842618369,0.008821185618353499,0.9827855159554628,0.00839329842618369,0.9827855159554628,0.008821185618353499,-0.9743922175292792,2,2,0.128,970.0,0.7826331406831741,0.9652369443596681,-0.41523694435966807
367,367,categorical_soft,0,0,False,0.0,0.0,1.0,0.0,0.0,1,-1.0,0.7084778843725845,2.8038613611336483,-1.606808047016535,-3.807821864758772,0.7084778843725845,0.98668366042995,0.011988453215300236,0.0013278863547497815,0.98668366042995,0.011988453215300236,0.0013278863547497815,0.98668366042995,0.011988453215300236,-0.9853557740752003,1,1,0.032,840.0,0.5968253463506699,0.9287462190401073,-0.3787462190401073
368,368,categorical_soft,0,0,False,0.0,0.0,1.0,0.0,0.0,1,-1.0,0.717248395544574,3.0264751059069708,-1.5092916148318511,-4.252501984083877,0.717248395544574,0.9887126522067625,0.01060412608124559,0.0006832217119918992,0.9887126522067625,0.01060412608124559,0.0006832217119918992,0.9887126522067625,0.01060412608124559,-0.9880294304947707,1,1,0.128,840.0,0.846636950969696,0.978011866019843,-0.428011866019843
369,369,categorical_soft,0,0,True,0.549994792500617,0.0,0.4500052034854889,0.0,0.5499947667121887,3,0.09998956322669983,0.378963465670909,-0.026752735114636557,-0.09753375625662541,-0.08382053076483696,0.378963465670909,0.3478399274763858,0.32385862428668993,0.32830144823692425,0.3478399274763858,0.32385862428668993,0.32830144823692425,0.3478399274763858,0.32385862428668993,-0.01953847923946156,1,1,0.0,670.0,0.04256966710090637,0.5123068033698828,0.037693196630117276
370,370,categorical_soft,0,0,False,0.0,0.0,1.0,0.0,0.0,1,-1.0,0.7059807833383028,2.5584862660440577,-0.6542566247959181,-3.8868899187400907,0.7059807833383028,0.959831383235916,0.03864398975319577,0.0015246270108880162,0.959831383235916,0.03864398975319577,0.0015246270108880162,0.959831383235916,0.03864398975319577,-0.9583067562250279,1,1,0.032,740.0,0.4386346563696861,0.8711185197845402,-0.3211185197845402
371,371,categorical_soft,1,1,True,0.7409121730578815,0.0,0.0,0.25908783078193665,0.7409121990203857,3,0.4818243682384491,0.3762973260821783,0.1947923675786993,-0.047037308434700505,-0.4439006001093941,0.3762973260821783,0.43234929911465486,0.3388076076997999,0.22884309318554533,0.43234929911465486,0.3388076076997999,0.22884309318554533,0.3388076076997999,0.43234929911465486,-0.10996451451425457,1,1,0.0,1170.0,0.02112467586994171,0.34098459826029615,0.2090154017397039
372,372,categorical_soft,0,0,False,0.0,0.0,1.0,0.0,0.0,1,-1.0,0.7050880472863633,2.817564099130119,-1.7222338147572551,-3.768765956522897,0.7050880472863633,0.9880852250549248,0.010550715138493306,0.0013640598065819075,0.9880852250549248,0.010550715138493306,0.0013640598065819075,0.9880852250549248,0.010550715138493306,-0.9867211652483429,1,1,0.032,1180.0,0.820691667497158,0.9629470093439594,-0.41294700934395934
373,373,categorical_soft,0,0,True,0.13859959724236742,0.0,0.8614004254341125,0.0,0.13859960436820984,1,-0.7228008210659027,0.34365224944792433,1.569474250031882,-4.2254650581688,-0.5829548372243314,0.34365224944792433,0.8927582023631867,0.0027183001761411697,0.1045234974606721,0.8927582023631867,0.0027183001761411697,0.1045234974606721,0.8927582023631867,0.0027183001761411697,-0.7882347049025146,1,1,0.256,720.0,1.2470764820463955,0.9972876295955952,-0.4472876295955952
374,374,categorical_soft,0,0,True,0.142547742111232,0.0,0.8574522733688354,0.0,0.14254774153232574,1,-0.7149045318365097,0.298727459770308,0.9416625261669698,-2.6156868576971815,-0.37238853523537163,0.298727459770308,0.7701715401226339,0.021968440614236393,0.20786001926312975,0.7701715401226339,0.021968440614236393,0.20786001926312975,0.7701715401226339,0.021968440614236393,-0.5623115208595042,1,1,0.064,680.0,0.8477915152907372,0.9819000580393523,-0.4319000580393523
375,375,categorical_soft,1,1,True,0.17110929758369697,0.0,0.0,0.8288906812667847,0.17110930383205414,2,-0.6577813774347305,0.3860492818974503,-0.10399020787605692,0.11272778998550452,-0.058875841516565594,0.3860492818974503,0.304257351307482,0.377615334537828,0.31812731415469,0.304257351307482,0.377615334537828,0.31812731415469,0.377615334537828,0.304257351307482,-0.059488020383137996,2,2,0.032,850.0,0.5218647550791502,0.8990958545060396,-0.3490958545060395
376,376,categorical_soft,0,0,False,0.0,0.0,1.0,0.0,0.0,1,-1.0,0.7055747287668527,2.7636946153692046,-1.6235227579651546,-3.727901644983212,0.7055747287668527,0.9862367097389164,0.012266796979526793,0.0014964932815568631,0.9862367097389164,0.012266796979526793,0.0014964932815568631,0.9862367097389164,0.012266796979526793,-0.9847402164573595,1,1,0.032,1110.0,0.7185393869876862,0.9448057440354843,-0.3948057440354843
377,377,categorical_soft,1,1,True,0.17171995835359766,0.0,0.0,0.8282800316810608,0.17171995341777802,2,-0.6565600782632828,0.3059191400686905,0.4431546665308348,-0.9636819799532667,-0.4699161763177552,0.3059191400686905,0.6068359347506114,0.14852899312355722,0.24463507212583124,0.6068359347506114,0.14852899312355722,0.24463507212583124,0.14852899312355722,0.6068359347506114,0.09610607900227403,1,1,0.0,510.0,0.43530239164829254,0.8976874868146086,-0.3476874868146086
378,378,categorical_soft,0,0,True,0.14159409893896185,0.0,0.8584058880805969,0.0,0.14159409701824188,1,-0.716811791062355,0.31268873199042335,1.1204624786337187,-2.9746440669653227,-0.4636482017791824,0.31268873199042335,0.8174657697833616,0.013619392817180897,0.16891483739945728,0.8174657697833616,0.013619392817180897,0.16891483739945728,0.8174657697833616,0.013619392817180897,-0.6485509323839043,1,1,0.128,680.0,0.8935141116380692,0.9854890640603567,-0.4354890640603567
379,379,categorical_soft,1,1,True,0.15317525639557306,0.0,0.0,0.8468247652053833,0.1531752496957779,2,-0.6936495155096054,0.3300954979292171,-1.2569374521344785,2.4611245926350014,0.4827809690530035,0.3300954979292171,0.021153399879299036,0.8597430272823946,0.11910357283830644,0.021153399879299036,0.8597430272823946,0.11910357283830644,0.8597430272823946,0.021153399879299036,-0.7406394544440882,2,2,0.256,510.0,0.5773737840354443,0.9463356041727776,-0.3963356041727776
380,380,categorical_soft,1,1,True,0.16881225547255846,0.0,0.0,0.8311877250671387,0.16881226003170013,2,-0.6623754650354385,0.38564520620404097,-0.8834149889085001,1.353069234088314,0.38022104005426366,0.38564520620404097,0.07227566499258302,0.6732271912394425,0.2544971437679744,0.07227566499258302,0.6732271912394425,0.2544971437679744,0.6732271912394425,0.07227566499258302,-0.41873004747146814,2,2,0.128,400.0,0.42385962195839966,0.9044932597432849,-0.3544932597432848
381,381,categorical_soft,0,0,True,0.13994749393293426,0.0,0.8600525259971619,0.0,0.13994748890399933,1,-0.7201050370931625,0.33881081784829536,1.322842148210709,-3.8481765744999805,-0.3129760648111358,0.33881081784829536,0.8323769677056301,0.004731710124102189,0.1628913221702676,0.8323769677056301,0.004731710124102189,0.1628913221702676,0.8323769677056301,0.004731710124102189,-0.6694856455353625,1,1,0.256,610.0,0.9956440702080727,0.9918732366503379,-0.44187323665033784
382,382,categorical_soft,0,0,False,0.0,0.0,1.0,0.0,0.0,1,-1.0,0.6894343327351343,2.9682720180446083,-0.7444259502718672,-4.582067407491397,0.6894343327351343,0.9756435319681487,0.023842214201892586,0.0005142538299588168,0.9756435319681487,0.023842214201892586,0.0005142538299588168,0.9756435319681487,0.023842214201892586,-0.9751292781381898,1,1,0.256,480.0,0.7710565626621246,0.9793193742271186,-0.4293193742271185
383,383,categorical_soft,1,1,True,0.14417076045447696,0.0,0.0,0.8558292388916016,0.14417076110839844,2,-0.7116584777832031,0.32589110230837,-2.1934599677369855,3.0594303094648883,1.1537557776404423,0.32589110230837,0.004586354002501256,0.8665300756107674,0.12888357038673123,0.004586354002501256,0.8665300756107674,0.12888357038673123,0.8665300756107674,0.004586354002501256,-0.7376465052240362,2,2,0.256,760.0,0.8084479738026857,0.9759628652576691,-0.425962865257669
384,384,categorical_soft,0,0,False,0.0,0.0,1.0,0.0,0.0,1,-1.0,0.656403629409547,3.3074421826716027,-3.4729874929221767,-3.7510454666571476,0.656403629409547,0.9980047478323527,0.00113387575536827,0.0008613764122791096,0.9980047478323527,0.00113387575536827,0.0008613764122791096,0.9980047478323527,0.00113387575536827,-0.9971433714200736,1,1,0.128,1080.0,0.9401882588863373,0.9813913142856413,-0.43139131428564126
385,385,categorical_soft,1,1,True,0.14549609815167108,0.0,0.0,0.8545039296150208,0.14549610018730164,2,-0.7090078294277191,0.34617509563054577,-2.0704828716363606,2.7480262460101774,1.04623004278151,0.34617509563054577,0.006856090609949786,0.839944245069532,0.1531996643205182,0.006856090609949786,0.839944245069532,0.1531996643205182,0.839944245069532,0.006856090609949786,-0.6867445807490138,2,2,0.256,770.0,0.7735878583043814,0.9712650823388411,-0.4212650823388411
386,386,categorical_soft,0,0,True,0.1386766372350519,0.0,0.861323356628418,0.0,0.13867664337158203,1,-0.7226467132568359,0.34301430784644976,1.561062317357547,-4.09661881293583,-0.6369440507011358,0.34301430784644976,0.8964294362430106,0.0031308808818238214,0.1004396828751655,0.8964294362430106,0.0031308808818238214,0.1004396828751655,0.8964294362430106,0.0031308808818238214,-0.7959897533678452,1,1,0.512,400.0,1.1461854800581932,0.9969733685655217,-0.4469733685655216
387,387,categorical_soft,0,0,False,0.0,0.0,1.0,0.0,0.0,1,-1.0,0.6919822419972472,3.259242798762436,-2.475993534002723,-4.164556188190858,0.6919822419972472,0.9961841753406336,0.003218991651298174,0.0005968330080682808,0.9961841753406336,0.003218991651298174,0.0005968330080682808,0.9961841753406336,0.003218991651298174,-0.9955873423325654,1,1,0.256,660.0,0.940440259873867,0.9887148115988028,-0.43871481159880277
388,388,categorical_soft,1,1,True,0.16684084755566841,0.0,0.0,0.8331591486930847,0.16684085130691528,2,-0.6663182973861694,0.2700942879063024,-1.5818647840430855,2.4727899840445597,0.7114522099464,0.2700942879063024,0.014684229188109835,0.8407777546502107,0.14453801616167952,0.014684229188109835,0.8407777546502107,0.14453801616167952,0.8407777546502107,0.014684229188109835,-0.6962397384885312,2,2,0.064,1010.0,0.5850121323019266,0.90925726285887,-0.35925726285886994
389,389,categorical_soft,0,0,False,0.0,0.0,1.0,0.0,0.0,1,-1.0,0.7076759451260871,2.655902542654161,-0.7630748765925189,-3.9997854729332163,0.7076759451260871,0.9670704426481287,0.03168461128897967,0.0012449460628916667,0.9670704426481287,0.03168461128897967,0.0012449460628916667,0.9670704426481287,0.03168461128897967,-0.965825496585237,1,1,0.064,880.0,0.4785623997449875,0.8741640467966116,-0.3241640467966116
390,390,categorical_soft,1,1,True,0.2760299416475489,0.0,0.0,0.7239700555801392,0.27602994441986084,2,-0.4479401111602783,0.32794472624307097,0.23767331185320498,-1.0061068524143828,-0.05716536846471536,0.32794472624307097,0.4918587430038971,0.1419855381679073,0.36615571882819553,0.4918587430038971,0.1419855381679073,0.36615571882819553,0.1419855381679073,0.4918587430038971,0.22417018066028824,1,1,0.0,1000.0,0.32620373368263245,0.7398172420363511,-0.18981724203635109
391,391,categorical_soft,0,0,False,0.0,0.0,1.0,0.0,0.0,1,-1.0,0.7155717803048656,3.0101215556128538,-1.6196235756276596,-4.165661767505661,0.7155717803048656,0.9895814524691596,0.009660407039161469,0.0007581404916789413,0.9895814524691596,0.009660407039161469,0.0007581404916789413,0.9895814524691596,0.009660407039161469,-0.9888233119774806,1,1,0.128,840.0,0.7657688558101654,0.9676319299768472,-0.41763192997684717
392,392,categorical_soft,0,0,True,0.1412916564522666,0.0,0.8587083220481873,0.0,0.14129166305065155,1,-0.7174166589975357,0.33415147674649937,1.2472398019019066,-3.6736598073327316,-0.28024912038796423,0.33415147674649937,0.8161799203208367,0.005959971396767701,0.17786010828239548,0.8161799203208367,0.005959971396767701,0.17786010828239548,0.8161799203208367,0.005959971396767701,-0.6383198120384412,1,1,0.064,930.0,0.9719650354236364,0.9866435474255073,-0.43664354742550726
393,393,categorical_soft,0,0,True,0.29355228838107594,0.0,0.7064477205276489,0.0,0.2935522794723511,1,-0.41289544105529785,0.38275991337491694,-0.04026752434584764,-0.009990253161766199,-0.10697221803194397,0.38275991337491694,0.3373172447183175,0.34738059260589493,0.3153021626757876,0.3373172447183175,0.34738059260589493,0.3153021626757876,0.3373172447183175,0.34738059260589493,-0.022015082042529888,2,2,0.0,420.0,0.16475437581539154,0.7213106216778917,-0.17131062167789168
394,394,categorical_soft,0,0,False,0.0,0.0,1.0,0.0,0.0,1,-1.0,0.7029146987594735,2.9399474713334364,-1.9158409404499905,-3.8836274150048773,0.7029146987594735,0.9912033379376325,0.007716681922423462,0.0010799801399439847,0.9912033379376325,0.007716681922423462,0.0010799801399439847,0.9912033379376325,0.007716681922423462,-0.9901233577976885,1,1,0.064,1130.0,0.5938400030136108,0.9005461713773014,-0.3505461713773014
395,395,categorical_soft,0,0,True,0.22105897632457006,0.0,0.7789410352706909,0.0,0.22105897963047028,1,-0.5578820556402206,0.30091060740652803,0.819272763404788,-2.6875811228768662,-0.10188947836132853,0.30091060740652803,0.7001667269484081,0.02103443055898574,0.27879884249260617,0.7001667269484081,0.02103443055898574,0.27879884249260617,0.7001667269484081,0.02103443055898574,-0.4213678844558019,1,1,0.032,1110.0,0.4338230639696121,0.8086384647508287,-0.25863846475082863
396,396,categorical_soft,1,1,False,0.0,0.0,0.0,1.0,0.0,2,-1.0,0.6315050224357235,-2.6182149772821997,7.26237422567012,0.568410056932895,0.6315050224357235,5.1753333416406894e-05,0.998662076442964,0.001286170223619701,5.1753333416406894e-05,0.998662076442964,0.001286170223619701,0.998662076442964,5.1753333416406894e-05,-0.9973759062193444,2,2,0.512,1110.0,0.9393975138664246,0.9806455907424554,-0.43064559074245534
397,397,categorical_soft,1,1,False,0.0,0.0,0.0,1.0,0.0,2,-1.0,0.6028404295752414,-1.3293690859183989,5.741486279855203,-0.5851960538098409,0.6028404295752414,0.0008532145678547849,0.9973089081368556,0.001837877295289479,0.0008532145678547849,0.9973089081368556,0.001837877295289479,0.9973089081368556,0.0008532145678547849,-0.9954710308415661,2,2,0.256,1050.0,0.9099549353122711,0.9792239661600461,-0.4292239661600461
398,398,categorical_soft,1,1,True,0.15284969822104216,0.0,0.0,0.8471503257751465,0.1528497040271759,2,-0.6943006217479706,0.34514105462507105,-0.761171833622158,1.522188398527005,0.2203756114795093,0.34514105462507105,0.07464813424010719,0.7271919101101351,0.1981599556497576,0.07464813424010719,0.7271919101101351,0.1981599556497576,0.7271919101101351,0.07464813424010719,-0.5290319544603774,2,2,0.128,490.0,0.5764550000894815,0.9473221554846154,-0.39732215548461536
399,399,categorical_soft,1,1,True,0.22781912808323002,0.0,0.0,0.7721808552742004,0.22781912982463837,2,-0.5443617254495621,0.38507032832500837,-0.3861781008083177,0.6750945698202172,0.07092484108167327,0.38507032832500837,0.18301870921481483,0.5281744297749811,0.2888068610102041,0.18301870921481483,0.5281744297749811,0.2888068610102041,0.5281744297749811,0.18301870921481483,-0.239367568764777,2,2,0.032,400.0,0.2471591681241989,0.7989866884283707,-0.24898668842837068
