source_trial_index,split,seed,motion_onset_step,motion_offset_step,sure_target_onset_step,go_cue_step,pre_go_start_step,pre_go_stop_step_exclusive,coherence,signed_coherence,motion_direction,stimulus_duration_ms,sure_offered,student_final_choice,student_final_choice_name,deterministic_p_left,deterministic_p_right,deterministic_p_sure,teacher_internal_margin,empirical_p_correct,teacher_sure_strength
0,train,8,20,114,177,216,206,216,0.512,-0.512,0,940,False,1,Left,0.9996412812760502,0.00010067167276001286,0.00025804705118986145,1.0484288111329079,0.9906774506351905,0.0
1,train,8,20,109,161,227,217,227,0.0,-0.0,0,890,True,1,Left,0.4553928168343406,0.128126332226756,0.4164808509389033,0.4134471267461777,0.8328962506168242,0.20536326275014355
2,train,8,20,71,121,181,171,181,0.256,0.256,1,510,True,2,Right,0.038742436335487115,0.7315714768875459,0.22968608677696695,0.4894590051844716,0.9196709493279273,0.1627092707452713
3,train,8,20,116,179,224,214,224,0.512,-0.512,0,960,False,1,Left,0.9997069659700498,4.062838833008836e-05,0.00025240564162015857,1.073611468076706,0.9915539535033948,0.0
4,train,8,20,122,178,228,218,228,0.128,-0.128,0,1020,False,1,Left,0.9953442637875731,0.003332252311399649,0.0013234839010271763,0.8045955151319504,0.9668002996095091,0.0
5,train,8,20,130,186,247,237,247,0.064,-0.064,0,1100,True,1,Left,0.7289991296731505,0.006360973781165941,0.26463989654568365,0.7740941792726517,0.9579179349019022,0.1494681574748153
6,train,8,20,112,174,219,209,219,0.128,-0.128,0,920,False,1,Left,0.9876501924692856,0.010059290376734883,0.002290517153979456,0.9184840470552444,0.9829027041866822,0.0
7,train,8,20,122,196,216,206,216,0.0,-0.0,0,1020,False,1,Left,0.5670637864439977,0.4103760272880058,0.022560186267996517,0.046841979026794434,0.4129663606271245,0.0
8,train,8,20,67,128,156,146,156,0.256,0.256,1,470,True,2,Right,0.018388551124799746,0.8441490754465729,0.13746237342862747,0.5237435521557927,0.9342915810289389,0.1573025373588735
9,validation,8,20,121,183,226,216,226,0.512,-0.512,0,1010,False,1,Left,0.9996979432092641,4.957202130446547e-05,0.00025248476943131616,1.1523869410157204,0.9938939755920116,0.0
10,train,8,20,137,211,236,226,236,0.032,0.032,1,1170,False,2,Right,0.3313372649769388,0.5984194605510703,0.07024327447199072,0.730802558362484,0.9441724449195158,0.0
11,train,8,20,76,144,182,172,182,0.064,0.064,1,560,True,2,Right,0.028320338973743586,0.7964512280215794,0.17522843300467705,0.5649214829318225,0.9398221432929741,0.15537181576585085
12,train,8,20,111,183,215,205,215,0.064,0.064,1,910,False,2,Right,0.011557550226669112,0.9217256631764694,0.06671678659686156,0.7842522263526917,0.9678326450270627,0.0
13,validation,8,20,66,119,182,172,182,0.032,0.032,1,460,False,2,Right,0.03161376766283404,0.8809114094244916,0.08747482291267435,0.8103487938642502,0.9832889224471807,0.0
14,train,8,20,69,142,181,171,181,0.064,0.064,1,490,False,2,Right,0.019190121194835805,0.9022113249487462,0.07859855385641784,0.6984655410051346,0.970371268883655,0.0
15,train,8,20,87,161,183,173,183,0.064,0.064,1,670,False,2,Right,0.22406108607840727,0.7027322959887373,0.07320661793285552,0.657180730602704,0.9555993270423452,0.0
16,train,8,20,119,173,236,226,236,0.032,-0.032,0,990,False,1,Left,0.9368723458591,0.05619456451833136,0.006933089622568759,0.6548107713460922,0.9353335886244387,0.0
17,test,8,20,136,187,243,233,243,0.064,-0.064,0,1160,False,1,Left,0.9864728417242027,0.010998176080307098,0.0025289821954903088,0.867465652525425,0.9710154946235546,0.0
18,train,8,20,108,166,215,205,215,0.064,-0.064,0,880,True,1,Left,0.5989883650935555,0.07204156693630595,0.3289700679701385,0.14334997534751892,0.5723013908026424,0.4703194649998598
19,test,8,20,109,169,197,187,197,0.064,-0.064,0,890,True,1,Left,0.8324165200276992,0.08044013873859943,0.0871433412337014,0.6218863129615784,0.9327954541479567,0.15783541674977236
20,validation,8,20,114,176,219,209,219,0.512,-0.512,0,940,True,1,Left,0.9779751894134545,6.069172345807963e-05,0.02196411886308735,1.331511277705431,0.9976637240031028,0.1385075905024299
21,train,8,20,80,134,193,183,193,0.128,-0.128,0,600,True,1,Left,0.6912707413454928,0.015091533279915173,0.2936377253745921,0.8269800916314125,0.9817964952979781,0.14257556409246797
22,test,8,20,101,155,214,204,214,0.256,0.256,1,810,True,2,Right,0.011018169256861023,0.8546634726634557,0.13431835807968348,0.5141643323004246,0.9000342722994452,0.17070501334162702
23,train,8,20,108,165,216,206,216,0.0,0.0,1,880,True,3,Sure,0.2959783406585304,0.3072770213946143,0.3967446379468552,0.4363681795075536,0.8495365426977518,0.19562216334397986
24,train,8,20,87,155,188,178,188,0.512,-0.512,0,670,True,1,Left,0.9818025668315379,0.0009028671778113357,0.017294565990650747,1.3751744218170643,0.9986372597710848,0.13827039345882153
25,test,8,20,69,143,162,152,162,0.512,-0.512,0,490,True,1,Left,0.9825920007408337,0.009343443893021577,0.008064555366144624,1.3256772384047508,0.9986011338836283,0.13827917050404648
26,train,8,20,119,175,215,205,215,0.032,-0.032,0,990,False,1,Left,0.8938707909911733,0.0985385861356548,0.007590622873171959,0.6256432682275772,0.9261054418610988,0.0
27,test,8,20,87,142,172,162,172,0.256,0.256,1,670,False,2,Right,0.0040602530749348515,0.9445850272321726,0.051354719692892695,1.0143475160002708,0.9920294334782974,0.0
28,test,8,20,90,155,178,168,178,0.256,0.256,1,700,True,2,Right,0.006174571564267737,0.9099465729114666,0.0838788555242656,0.6205295249819756,0.945465008707168,0.15346409575472014
29,train,8,20,131,192,227,217,227,0.128,0.128,1,1110,False,2,Right,0.0010188512427098332,0.9695941015771359,0.0293870471801544,0.8874989934265614,0.9751635105383551,0.0
30,train,8,20,130,204,223,213,223,0.512,-0.512,0,1100,True,1,Left,0.9990939587244014,3.3315210937967474e-05,0.0008727260646606366,1.502898057922721,0.9987780266649418,0.1382362113566537
31,train,8,20,128,200,240,230,240,0.0,0.0,1,1080,True,1,Left,0.7277459811590897,0.044995268258123285,0.227258750582787,0.4783298671245575,0.8450161845023628,0.1981886021193041
32,test,8,20,131,200,245,235,245,0.512,0.512,1,1110,True,2,Right,0.0003436325142129552,0.9678869180205989,0.031769449465188074,0.6674912087619305,0.930169693553761,0.15878169880904897
33,test,8,20,79,135,189,179,189,0.256,0.256,1,590,True,2,Right,0.02407102382088921,0.7948677460579289,0.18106123012118186,0.5813465155661106,0.9422921797796965,0.15452912015120251
34,train,8,20,118,171,229,219,229,0.512,0.512,1,980,True,2,Right,0.0014447494909588568,0.9390435044962837,0.05951174601275742,0.5830800868570805,0.9114341793520553,0.1659572057517602
35,train,8,20,94,169,180,170,180,0.256,0.256,1,740,False,2,Right,0.0030078473733438403,0.9515267532066505,0.04546539942000573,0.983464740216732,0.9899279505458738,0.0
36,train,8,20,111,168,226,216,226,0.0,-0.0,0,910,True,2,Right,0.2471627492627964,0.37870361850733647,0.37413363222986706,0.30457280576229095,0.7402439727377856,0.2756396611169857
37,train,8,20,73,133,176,166,176,0.0,0.0,1,530,True,1,Left,0.39356854703846345,0.24397173548781978,0.3624597174737168,0.03898046910762787,0.549928009768958,0.5000959869728804
38,test,8,20,62,129,180,170,180,0.128,-0.128,0,420,True,1,Left,0.6645113623063482,0.032911559438480405,0.3025770782551714,0.9765269681811333,0.9928931070173358,0.13969023630715088
39,train,8,20,120,187,220,210,220,0.256,0.256,1,1000,True,2,Right,0.0018829934263530413,0.9406639750759785,0.0574530314976683,0.9189697876572609,0.9812481310873736,0.1427231677156029
40,train,8,20,98,173,206,196,206,0.512,0.512,1,780,True,2,Right,0.0013655281979750513,0.9478880832157583,0.050746388586266546,0.7911144569516182,0.9732614526724147,0.1449283766718838
41,train,8,20,131,202,219,209,219,0.128,-0.128,0,1110,False,1,Left,0.991879683874236,0.006458038818187811,0.0016622773075761852,0.8105276525020599,0.9641567331433587,0.0
42,train,8,20,107,160,212,202,212,0.032,0.032,1,870,True,2,Right,0.24502229221695235,0.38614449915124,0.3688332086318077,0.47157008200883865,0.8716904059750423,0.18386932635116243
43,test,8,20,76,130,182,172,182,0.064,-0.064,0,560,False,1,Left,0.9325731847071808,0.06078024631908646,0.00664656897373276,0.5961449593305588,0.9479353693958872,0.0
44,train,8,20,129,200,238,228,238,0.032,-0.032,0,1090,False,1,Left,0.9828023491399434,0.014000049521207278,0.00319760133884943,0.8813283666968346,0.9750127157054449,0.0
45,train,8,20,69,143,184,174,184,0.064,-0.064,0,490,True,1,Left,0.629854673761445,0.09662366656850671,0.2735216596700482,0.3179522901773453,0.8346999382675498,0.2042680392286863
46,validation,8,20,116,172,229,219,229,0.256,-0.256,0,960,True,1,Left,0.8650363833158234,0.000637206206534006,0.13432641047764265,1.238908588886261,0.9962331804667848,0.13885866885625836
47,test,8,20,78,132,186,176,186,0.512,0.512,1,580,True,2,Right,0.011578741131785204,0.8544914859494686,0.13392977291874622,0.6515953863272443,0.9589142773357157,0.1491607895783002
48,validation,8,20,137,188,236,226,236,0.128,0.128,1,1170,False,2,Right,0.0007877582584548112,0.9729026724371297,0.026309569304415626,0.9544913917779922,0.9806802795219415,0.0
49,test,8,20,87,149,198,188,198,0.128,0.128,1,670,False,2,Right,0.004084174433741908,0.947756024002571,0.04815980156368709,0.8650231137871742,0.9835412539954715,0.0
50,train,8,20,71,136,184,174,184,0.032,-0.032,0,510,True,1,Left,0.39017880855730896,0.22607385830841054,0.3837473331342805,0.4125770479440689,0.8869672724728956,0.17652500160833862
51,train,8,20,120,185,235,225,235,0.256,0.256,1,1000,True,2,Right,0.0027208730700347787,0.9234003938574574,0.07387873307250777,0.7418664749711752,0.9563678204530032,0.14994993269699897
52,train,8,20,108,180,227,217,227,0.256,-0.256,0,880,True,1,Left,0.8845713617027885,0.0012579503142037675,0.11417068798300753,1.2093748897314072,0.9960460687413807,0.13890481310209313
53,train,8,20,97,156,199,189,199,0.032,0.032,1,770,True,2,Right,0.072322568675146,0.6587024422610893,0.2689749890637646,0.5076670087873936,0.9014911272737932,0.1700814905199407
54,train,8,20,127,201,223,213,223,0.064,0.064,1,1070,False,2,Right,0.002532955203202107,0.9573940310427448,0.0400730137540532,0.7707834392786026,0.9587128420090807,0.0
55,train,8,20,132,200,251,241,251,0.064,0.064,1,1120,False,2,Right,0.001226716160231905,0.9693881723889811,0.02938511145078706,0.8611905425786972,0.9715009364845482,0.0
56,train,8,20,89,139,205,195,205,0.512,-0.512,0,690,False,1,Left,0.9985324568828048,0.0008472951579677711,0.00062024795922738,0.9768161326646805,0.990199551493082,0.0
57,train,8,20,66,117,164,154,164,0.064,-0.064,0,460,True,1,Left,0.5442831221012467,0.11365178430429665,0.3420650935944568,0.500236913561821,0.9276486484729601,0.15970363701444518
58,test,8,20,73,126,166,156,166,0.032,0.032,1,530,True,2,Right,0.23468722350314364,0.412490765183153,0.3528220113137033,0.15421375632286072,0.6827785006137393,0.3336827505310743
59,train,8,20,107,157,214,204,214,0.064,0.064,1,870,False,2,Right,0.005400820293198735,0.9415020953339344,0.05309708437286688,0.7703574150800705,0.9672025823294294,0.0
60,train,8,20,127,202,231,221,231,0.256,-0.256,0,1070,True,1,Left,0.9856413091150467,0.0005873035925593499,0.013771387292393873,1.3255500122904778,0.9971874450250001,0.13862414130839523
61,train,8,20,107,180,217,207,217,0.512,0.512,1,870,False,2,Right,0.0003264208937247465,0.9810236699465925,0.018649909159682787,0.9255192875862122,0.9844256769823115,0.0
62,train,8,20,118,173,211,201,211,0.0,0.0,1,980,False,1,Left,0.5410161688103294,0.4338615251665326,0.02512230602313789,0.2789652496576309,0.6978387305640433,0.0
63,train,8,20,117,191,210,200,210,0.032,0.032,1,970,True,2,Right,0.180910212557153,0.5681265364516326,0.2509632509912144,0.5385469272732735,0.8932635050298142,0.17366902544088542
64,train,8,20,104,156,210,200,210,0.0,0.0,1,840,True,3,Sure,0.2766617553349556,0.3336537677870062,0.3896844768780382,0.12118034064769745,0.5573811719932862,0.4901604227321506
65,validation,8,20,129,193,245,235,245,0.0,0.0,1,1090,False,1,Left,0.848460929624145,0.14265730048667924,0.008881769889175738,0.4844055473804474,0.8473326432389668,0.0
66,test,8,20,109,181,211,201,211,0.512,-0.512,0,890,False,1,Left,0.9995808902089541,0.00014965167502083173,0.0002694581160250011,1.2261307686567307,0.9963133969089378,0.0
67,validation,8,20,130,192,241,231,241,0.128,0.128,1,1100,False,2,Right,0.0006666857335532353,0.9747811301449195,0.02455218412152723,0.8749115876853466,0.9739286109917756,0.0
68,validation,8,20,116,176,212,202,212,0.128,0.128,1,960,False,2,Right,0.001634897636575398,0.9631564659553108,0.035208636408113766,0.9685422331094742,0.9859270080561116,0.0
69,test,8,20,92,149,194,184,194,0.128,-0.128,0,720,False,1,Left,0.9807885991991478,0.01628052566133208,0.0029308751395200282,0.8523540496826172,0.9814357017170758,0.0
70,validation,8,20,92,163,196,186,196,0.0,-0.0,0,720,False,1,Left,0.4872142876296042,0.48141246775783875,0.031373244612557055,0.44834649562835693,0.8789702181222038,0.0
71,train,8,20,98,164,207,197,207,0.032,-0.032,0,780,False,1,Left,0.9677009332592172,0.02757979052197255,0.0047192762188102266,0.8637105077505112,0.981132042637916,0.0
72,train,8,20,130,188,225,215,225,0.064,0.064,1,1100,False,2,Right,0.0016961268900491286,0.9636652187066417,0.034638654403309224,0.8855261914432049,0.9752206615559437,0.0
73,test,8,20,127,194,225,215,225,0.032,0.032,1,1070,True,1,Left,0.3708329103431162,0.3341264689600994,0.2950406206967843,0.41934990882873535,0.805071285281604,0.22352256546050314
74,train,8,20,67,117,161,151,161,0.256,0.256,1,470,False,2,Right,0.008192868360294136,0.9261183876758683,0.06568874396383766,0.750457413494587,0.9774343798942589,0.0
75,test,8,20,133,208,251,241,251,0.512,-0.512,0,1130,True,1,Left,0.986632753461245,1.9421130741972124e-06,0.013365304425680707,1.367600105702877,0.9975399784909955,0.13853784026948351
76,train,8,20,77,149,186,176,186,0.256,0.256,1,570,False,2,Right,0.003418109892942513,0.9506336790638119,0.045948211043245646,0.875366348773241,0.9860973961582832,0.0
77,test,8,20,74,132,182,172,182,0.0,-0.0,0,540,True,3,Sure,0.25421395147491815,0.3723114347373467,0.3734746137877352,0.20403078198432922,0.7309183744348664,0.2843102796255571
78,train,8,20,82,144,194,184,194,0.0,-0.0,0,620,False,1,Left,0.5751257634838208,0.4029920585525133,0.02188217796366585,0.4462731406092644,0.8902290393494401,0.0
79,test,8,20,120,191,228,218,228,0.512,-0.512,0,1000,False,1,Left,0.999743056010044,2.7760276986426608e-05,0.00022918371296947026,1.1299725770950317,0.9932690070609597,0.0
80,train,8,20,100,173,190,180,190,0.064,-0.064,0,800,False,1,Left,0.9414714348495474,0.05239117978079859,0.006137385369653844,0.7522460445761681,0.9670563502311729,0.0
81,train,8,20,107,162,201,191,201,0.0,0.0,1,870,False,1,Left,0.7086582540070265,0.2780024583036272,0.013339287689346304,0.6061205714941025,0.9293726519956671,0.0
82,train,8,20,109,182,212,202,212,0.0,0.0,1,890,True,1,Left,0.5084660296939554,0.25883126676076357,0.2327027035452809,0.35041680932044983,0.7852620969120172,0.23795408725147604
83,train,8,20,115,177,202,192,202,0.0,-0.0,0,950,True,2,Right,0.3002799266538463,0.4165248430141394,0.2831952303320144,0.22867665439844131,0.651605641655162,0.36947866635092386
84,train,8,20,120,179,206,196,206,0.0,0.0,1,1000,False,2,Right,0.3868920255993049,0.5575701865036006,0.055537787897094536,0.550745278596878,0.8955086415069909,0.0
85,test,8,20,113,178,202,192,202,0.256,0.256,1,930,False,2,Right,0.0012660368256686115,0.9660788955736457,0.032655067600685754,0.8126536016352475,0.9712387698232933,0.0
86,train,8,20,92,146,203,193,203,0.128,-0.128,0,720,True,1,Left,0.7447844621891607,0.007572568780289522,0.24764296903054972,1.0018488429486752,0.99100729361372,0.1401671634825094
87,train,8,20,64,121,158,148,158,0.128,-0.128,0,440,True,1,Left,0.6964789424083003,0.09692445790982866,0.20659659968187113,0.5102233439683914,0.9324090586510734,0.1579737808476096
88,train,8,20,112,183,205,195,205,0.064,0.064,1,920,True,2,Right,0.009103789646820504,0.8931710136711392,0.09772519668204023,0.6466557011008263,0.9379630827620945,0.15601400032370472
89,test,8,20,75,130,183,173,183,0.512,-0.512,0,550,True,1,Left,0.8512569051510173,0.00199233151808331,0.14675076333089931,1.1821235120296478,0.9969605032899925,0.13867979422016208
90,train,8,20,108,161,205,195,205,0.512,-0.512,0,880,False,1,Left,0.9995093516221589,0.0002298943512343993,0.0002607540266068377,1.2769555374979973,0.997160080993963,0.0
91,train,8,20,128,182,237,227,237,0.512,-0.512,0,1080,True,1,Left,0.9641785821897004,9.210026399585141e-06,0.035812207783900145,1.366443656384945,0.9976703801408602,0.1385059640391194
92,train,8,20,76,137,188,178,188,0.256,0.256,1,560,False,2,Right,0.0030402865638181403,0.9532629389716243,0.0436967744645574,0.9402712360024452,0.9899754196958969,0.0
93,validation,8,20,121,185,221,211,221,0.256,-0.256,0,1010,False,1,Left,0.9980291443099863,0.001201493978106519,0.0007693617119072681,0.89406618475914,0.9786080040410493,0.0
94,train,8,20,139,212,225,215,225,0.032,-0.032,0,1190,False,1,Left,0.8962761004997688,0.09559288951470078,0.008131009985530409,0.02443823218345642,0.33922723566905744,0.0
95,test,8,20,80,144,171,161,171,0.128,0.128,1,600,False,2,Right,0.010431713253936747,0.9196892593858024,0.069879027360261,0.7799523025751114,0.9771726121679656,0.0
96,train,8,20,74,131,183,173,183,0.128,0.128,1,540,False,2,Right,0.007847234125256106,0.9323473820567681,0.05980538381797582,0.7702847868204117,0.9777200244845375,0.0
97,test,8,20,105,169,223,213,223,0.128,-0.128,0,850,False,1,Left,0.9864690510258504,0.010887051103597393,0.0026438978705521816,0.8069951236248016,0.9730954313510861,0.0
98,test,8,20,133,208,224,214,224,0.256,-0.256,0,1130,False,1,Left,0.9986163465570952,0.0008178891918652752,0.0005657642510395838,0.940323144197464,0.980270773974937,0.0
99,train,8,20,97,153,185,175,185,0.256,0.256,1,770,False,2,Right,0.002549628508878881,0.9549288053090361,0.04252156618208509,0.8457882143557072,0.9796723792946275,0.0
100,train,8,20,64,123,167,157,167,0.032,-0.032,0,440,True,3,Sure,0.34538569120105633,0.2783913529718936,0.3762229558270501,0.12880773842334747,0.6792309287486062,0.3376142361206555
101,train,8,20,103,159,215,205,215,0.128,-0.128,0,830,False,1,Left,0.988317286076119,0.009405574809298389,0.002277139114582427,0.830107644200325,0.9764743892344655,0.0
102,train,8,20,137,192,237,227,237,0.512,0.512,1,1170,False,2,Right,7.854217148244515e-05,0.9893415402383917,0.010579917590125887,0.895032768137753,0.9742936447438079,0.0
103,train,8,20,130,181,239,229,239,0.0,-0.0,0,1100,False,1,Left,0.8357568306214598,0.15511622385964724,0.009126945518892902,0.23338864743709564,0.6150104376710481,0.0
104,validation,8,20,74,149,162,152,162,0.032,0.032,1,540,True,2,Right,0.33746496105672347,0.51418049676277,0.14835454218050642,0.09940434992313385,0.618978002070126,0.4096164916586834
105,train,8,20,75,126,189,179,189,0.064,0.064,1,550,True,2,Right,0.0776922876294179,0.6180495459596249,0.30425816641095704,0.3758755214512348,0.8619496191417857,0.18887130337457675
106,train,8,20,70,131,182,172,182,0.064,0.064,1,500,False,2,Right,0.03565345614930073,0.8737004018129232,0.09064614203777602,0.7896378748118877,0.9806371703308566,0.0
107,train,8,20,129,189,228,218,228,0.064,-0.064,0,1090,False,1,Left,0.9900882187071256,0.007834793397217942,0.0020769878956563644,0.6760236322879791,0.9343389584901522,0.0
108,train,8,20,62,128,177,167,177,0.512,0.512,1,420,False,2,Right,0.003209464196060287,0.9518390863868177,0.04495144941712208,0.9626827612519264,0.9923966606535153,0.0
109,train,8,20,129,200,224,214,224,0.256,-0.256,0,1090,True,1,Left,0.9917574581280573,0.0010687287113582125,0.007173813160584673,1.2358582559973001,0.9955306831056581,0.13903218305788395
110,validation,8,20,69,126,179,169,179,0.032,0.032,1,490,False,2,Right,0.27534177401767357,0.6506625919832121,0.07399563399911438,0.6406727135181427,0.9610210045554824,0.0
111,train,8,20,80,145,172,162,172,0.032,0.032,1,600,False,2,Right,0.05894186174009051,0.8407878819531724,0.10027025630673711,0.29688987880945206,0.7995060550026047,0.0
112,test,8,20,129,197,244,234,244,0.064,0.064,1,1090,True,2,Right,0.010715284154160265,0.8645013529024279,0.12478336294341182,0.5347029687836766,0.8766373137828818,0.1814254125808215
113,train,8,20,94,156,190,180,190,0.128,-0.128,0,740,False,1,Left,0.9732652562696045,0.02314740511137889,0.003587338619016602,0.859238401055336,0.9816118736481374,0.0
114,train,8,20,131,186,219,209,219,0.128,-0.128,0,1110,True,1,Left,0.9308807523332291,0.007366073555069711,0.06175317411170148,1.143107857555151,0.992798274687235,0.1397140909595591
115,train,8,20,60,128,169,159,169,0.256,-0.256,0,400,False,1,Left,0.96695086809423,0.02882682417516471,0.004222307730605398,0.8786294907331467,0.9888229953165317,0.0
116,test,8,20,89,148,178,168,178,0.512,-0.512,0,690,True,1,Left,0.9832061307445457,0.0021086440313396624,0.014685225224114501,1.3690884998068213,0.9985617374980715,0.13828874431963267
117,validation,8,20,129,192,219,209,219,0.032,0.032,1,1090,True,2,Right,0.19649951802390106,0.5001753635864782,0.30332511838962073,0.25692538917064667,0.6447691894907673,0.3776829839284971
118,train,8,20,73,124,185,175,185,0.0,-0.0,0,530,False,2,Right,0.44069973782897387,0.5197708355024757,0.03952942666855047,0.14550048112869263,0.6734340588596291,0.0
119,train,8,20,122,182,229,219,229,0.032,0.032,1,1020,False,2,Right,0.10889466813583693,0.8000840242062438,0.09102130765791923,0.7461745217442513,0.9562448127595157,0.0
120,validation,8,20,134,185,249,239,249,0.064,-0.064,0,1140,False,1,Left,0.9836387253203489,0.013364404669993493,0.002996870009657554,0.8811020478606224,0.9734726540334536,0.0
121,train,8,20,123,198,209,199,209,0.032,0.032,1,1030,False,2,Right,0.32607612084170945,0.5999648922004317,0.07395898695785888,0.44420781126245856,0.8304270220552399,0.0
122,train,8,20,97,164,205,195,205,0.032,-0.032,0,770,False,1,Left,0.8364622642068813,0.1546533728880018,0.008884362905116938,0.5590284466743469,0.921742720182926,0.0
123,train,8,20,117,172,229,219,229,0.064,0.064,1,970,False,2,Right,0.010689261091197083,0.9250789487887625,0.0642317901200405,0.8382994756102562,0.9733338173655368,0.0
124,train,8,20,110,166,217,207,217,0.064,0.064,1,900,False,2,Right,0.010699715627584682,0.9250117148336567,0.06428856953875868,0.7135881632566452,0.9555940568279244,0.0
125,train,8,20,83,137,193,183,193,0.0,0.0,1,630,True,3,Sure,0.29847180108934734,0.29598825598577366,0.40553994292487905,0.014298170804977417,0.489638852732902,0.5794127886650615
126,train,8,20,91,153,183,173,183,0.064,-0.064,0,710,False,1,Left,0.9499279343779656,0.04497050136131299,0.00510156426072123,0.7786474227905273,0.9738569134677411,0.0
127,train,8,20,100,159,190,180,190,0.256,0.256,1,800,True,2,Right,0.006028507391758445,0.9051132851253734,0.08885820748286809,0.7053017374128103,0.9588614438144833,0.14917704361324657
128,train,8,20,101,167,210,200,210,0.256,-0.256,0,810,False,1,Left,0.9942722186884257,0.004399250718924982,0.001328530592649406,0.9328049719333649,0.9859995425646517,0.0
129,validation,8,20,94,159,199,189,199,0.0,0.0,1,740,False,2,Right,0.37201334825838983,0.5676927485954986,0.06029390314611156,0.4401589300541673,0.8719570289551434,0.0
130,train,8,20,96,168,213,203,213,0.256,-0.256,0,760,True,1,Left,0.8690334280030184,0.002776022077040553,0.12819054991994097,1.1072956509888172,0.9943598641772323,0.13932300532074077
131,train,8,20,65,121,176,166,176,0.0,0.0,1,450,True,3,Sure,0.2668102358263525,0.3484989011820385,0.384690862991609,0.20189611613750458,0.7497536010137897,0.26710387641292066
132,train,8,20,65,138,159,149,159,0.0,0.0,1,450,True,2,Right,0.2645181261502435,0.463771042237748,0.2717108316120085,0.33466777577996254,0.8519102310008333,0.1942978501231068
133,train,8,20,126,200,225,215,225,0.256,0.256,1,1060,True,2,Right,0.0010917589863658557,0.9556105010883996,0.043297739925234675,0.7902041841298342,0.9627634908850646,0.1479900162383735
134,train,8,20,62,121,180,170,180,0.512,0.512,1,420,False,2,Right,0.0025899392792823614,0.9560693139396254,0.04134074678109222,0.9185963869094849,0.9905750027375144,0.0
135,test,8,20,75,148,185,175,185,0.128,0.128,1,550,False,2,Right,0.006616811774225209,0.9369752274391324,0.05640796078664227,0.8471453636884689,0.9844363066557632,0.0
136,train,8,20,91,157,198,188,198,0.064,0.064,1,710,False,2,Right,0.007301572630227601,0.9352057495966841,0.05749267777308822,0.8296653404831886,0.9795348113878266,0.0
137,validation,8,20,137,187,222,212,222,0.256,0.256,1,1170,False,2,Right,0.0004888999809737015,0.977211756810456,0.022299343208570164,0.9370100349187851,0.9789839075363657,0.0
138,train,8,20,72,135,179,169,179,0.256,-0.256,0,520,False,1,Left,0.9813482290283,0.015863156237103434,0.0027886147345966327,0.7035814672708511,0.9700524971125286,0.0
139,test,8,20,75,127,170,160,170,0.032,-0.032,0,550,True,2,Right,0.2358957312007016,0.40713057925645196,0.35697368954284636,0.004771977663040161,0.5020469266401053,0.5633984061695912
140,train,8,20,111,178,215,205,215,0.032,-0.032,0,910,True,1,Left,0.7285418065501925,0.06832022792827995,0.20313796552152744,0.42986413836479187,0.8406197921304861,0.20074126903059886
141,train,8,20,129,198,223,213,223,0.256,-0.256,0,1090,True,1,Left,0.9916037383697347,0.0008136616360748748,0.007582599994190467,1.5090577974915504,0.9988286034420863,0.13822393699639696
142,validation,8,20,72,136,168,158,168,0.512,-0.512,0,520,True,1,Left,0.957134066683653,0.006456631411938636,0.03640930190440848,1.1852051876485348,0.9971120824108168,0.1386426140440054
143,train,8,20,102,174,190,180,190,0.128,0.128,1,820,False,2,Right,0.004061763379814307,0.9461701271111579,0.049768109509027846,0.8714949004352093,0.9809465115266203,0.0
144,train,8,20,113,172,214,204,214,0.0,-0.0,0,930,True,2,Right,0.24559859559660713,0.3930778024656041,0.36132360193778873,0.0715331882238388,0.46956332434263837,0.6047506896738587
145,train,8,20,92,145,186,176,186,0.0,-0.0,0,720,False,2,Right,0.38493418163610754,0.5587048621299611,0.05636095623393139,0.18114810436964035,0.6614705638313395,0.0
146,train,8,20,96,157,213,203,213,0.032,0.032,1,760,True,2,Right,0.05310829471012144,0.6920381644391312,0.25485354085074724,0.654623880982399,0.9501698761583731,0.1519203241885233
147,train,8,20,75,149,163,153,163,0.064,-0.064,0,550,True,1,Left,0.7982825710985059,0.17265897481747108,0.029058454084023022,0.8895179703831673,0.9873244413996682,0.14111425726669852
148,train,8,20,84,153,185,175,185,0.256,-0.256,0,640,False,1,Left,0.9888770979748263,0.009313757360280239,0.0018091446648935239,0.9410156607627869,0.989011461538332,0.0
149,train,8,20,121,188,212,202,212,0.512,0.512,1,1010,False,2,Right,0.0002453413541770524,0.9827476504514502,0.0170070081943727,0.884843185544014,0.9776384682656628,0.0
150,train,8,20,134,197,230,220,230,0.0,0.0,1,1140,True,1,Left,0.37471972863836556,0.3155091688387447,0.30977110252288975,0.39154666662216187,0.76804389163125,0.2515553254723077
151,train,8,20,65,119,164,154,164,0.064,0.064,1,450,True,2,Right,0.056752133863629387,0.6935190524536724,0.24972881368269806,0.4585789884440601,0.9136067979112812,0.16508592190326005
152,test,8,20,88,158,206,196,206,0.256,-0.256,0,680,True,1,Left,0.8292561125868361,0.004187577858134852,0.16655630955502904,1.0252197608351707,0.9923499347600208,0.13982705296845277
153,train,8,20,77,132,187,177,187,0.128,0.128,1,570,False,2,Right,0.0062145933964094235,0.9384372651549032,0.05534814144868742,0.8900863528251648,0.9870548531058613,0.0
154,train,8,20,62,127,161,151,161,0.0,0.0,1,420,True,2,Right,0.2807625945506939,0.38103019792071924,0.3382072075285868,0.08563469350337982,0.6369667935119121,0.38718682720448966
155,train,8,20,131,193,229,219,229,0.0,0.0,1,1110,True,2,Right,0.2843418156708557,0.3673515007037448,0.3483066836253995,0.05216918885707855,0.3931617373280032,0.6919414839182145
156,train,8,20,82,154,194,184,194,0.512,0.512,1,620,False,2,Right,0.0011331685876673167,0.9681890153875413,0.030677816024791256,1.0369794890284538,0.9932770033740341,0.0
157,train,8,20,139,202,258,248,258,0.256,-0.256,0,1190,True,1,Left,0.9133911144744783,0.00011026773898962316,0.08649861778653226,0.9762993305921555,0.9821923797642307,0.14246930285070097
158,train,8,20,117,173,204,194,204,0.032,-0.032,0,970,False,1,Left,0.8765063836910544,0.11561826014420884,0.007875356164736686,0.5593879073858261,0.9026409468277098,0.0
159,train,8,20,130,188,226,216,226,0.064,-0.064,0,1100,True,1,Left,0.7889343443577651,0.038507320780130846,0.17255833486210398,0.4242866486310959,0.8031953762369244,0.2248344800933998
160,train,8,20,77,150,195,185,195,0.0,-0.0,0,570,True,1,Left,0.392583160632883,0.23545007620485986,0.3719667631622572,0.29719260334968567,0.8054738559841625,0.22324250122744782
161,test,8,20,132,195,245,235,245,0.256,-0.256,0,1120,False,1,Left,0.9987518929090576,0.000519457168279419,0.0007286499226628852,0.8825294226408005,0.9742646649939778,0.0
162,train,8,20,137,202,247,237,247,0.064,-0.064,0,1170,False,1,Left,0.9873654399879997,0.010082232168016238,0.002552327843983972,0.6937208026647568,0.9337542971450663,0.0
163,validation,8,20,62,115,173,163,173,0.512,-0.512,0,420,False,1,Left,0.9886426450630201,0.009477492141760909,0.0018798627952191474,1.0640278086066246,0.9953650626985455,0.0
164,train,8,20,83,140,170,160,170,0.128,0.128,1,630,True,2,Right,0.019008446391076485,0.8399630284762021,0.14102852513272152,0.45692120492458344,0.8941022071415985,0.17329589949797325
165,train,8,20,65,123,158,148,158,0.032,-0.032,0,450,False,1,Left,0.5077900148054777,0.4638321110365876,0.028377874157934736,0.3405662328004837,0.8555293667070335,0.0
166,validation,8,20,99,169,215,205,215,0.0,0.0,1,790,False,2,Right,0.42151757533672696,0.5339678722131798,0.04451455245009337,0.5542556680738926,0.918242385703389,0.0
167,train,8,20,116,186,227,217,227,0.512,-0.512,0,960,False,1,Left,0.9996833200861894,4.356509423892081e-05,0.00027311481957172,1.1586555764079094,0.9944225634819186,0.0
168,train,8,20,135,195,226,216,226,0.512,-0.512,0,1150,True,1,Left,0.9970819786255756,1.4507648450731101e-05,0.002903513725973775,1.6639904230833054,0.9994114755264566,0.13808275097120648
169,validation,8,20,83,138,186,176,186,0.512,0.512,1,630,False,2,Right,0.0013267657107233204,0.9655770500158374,0.033096184273439334,0.9054725877940655,0.987096515143741,0.0
170,train,8,20,60,120,169,159,169,0.512,0.512,1,400,True,2,Right,0.022353008888122142,0.8068827433219419,0.17076424778993587,0.5329052275046706,0.941803186065585,0.15469499962109745
171,test,8,20,95,152,186,176,186,0.128,0.128,1,750,True,2,Right,0.01170034135494323,0.8693767868619284,0.11892287178312828,0.5967523828148842,0.9355792000910905,0.15684755429634534
172,train,8,20,120,179,210,200,210,0.064,-0.064,0,1000,False,1,Left,0.9568525095349708,0.03811335726177141,0.005034133203257859,0.7131521999835968,0.9500865290201956,0.0
173,train,8,20,91,164,191,181,191,0.512,0.512,1,710,False,2,Right,0.0009617674815293959,0.9698735267480897,0.029164705770380932,0.926895696669817,0.9872083280702392,0.0
174,train,8,20,71,141,171,161,171,0.128,0.128,1,510,False,2,Right,0.00976950658637942,0.9233882404679802,0.06684225294564038,0.8757945969700813,0.9870818102457184,0.0
175,train,8,20,62,130,171,161,171,0.032,0.032,1,420,False,2,Right,0.43951351395124466,0.5207017162307339,0.039784769818021426,0.14259213209152222,0.6989029943655043,0.0
176,validation,8,20,63,126,165,155,165,0.512,-0.512,0,430,False,1,Left,0.9873588739343189,0.010829771780825052,0.001811354284855949,0.9890631213784218,0.993234279246882,0.0
177,train,8,20,88,161,198,188,198,0.128,-0.128,0,680,True,1,Left,0.868638711301824,0.015612914730889844,0.11574837396728618,0.8628118187189102,0.9831660768651947,0.14220901230710697
178,validation,8,20,130,200,238,228,238,0.512,0.512,1,1100,False,2,Right,8.569078443151322e-05,0.9890345409997575,0.010879768215810983,0.9082893161103129,0.9777844890366508,0.0
179,train,8,20,73,132,160,150,160,0.0,-0.0,0,530,True,2,Right,0.31537890630473076,0.39164103768097275,0.29298005601429644,0.31519949436187744,0.826003236936907,0.2096389923333335
180,validation,8,20,86,139,173,163,173,0.032,-0.032,0,660,False,1,Left,0.9161162640342979,0.07745304134957495,0.006430694616127148,0.8083652555942535,0.9786259904641058,0.0
181,train,8,20,98,167,191,181,191,0.256,0.256,1,780,True,2,Right,0.0038885502159840962,0.9258779126465166,0.07023353713749927,0.7220612280070782,0.9628616094181124,0.14796051642241764
182,test,8,20,82,157,181,171,181,0.0,0.0,1,620,False,2,Right,0.41181642855607903,0.5409677807748909,0.04721579066903021,0.32470835000276566,0.8169446782905361,0.0
183,train,8,20,64,119,177,167,177,0.512,0.512,1,440,False,2,Right,0.002906937196937826,0.9536942331233561,0.04339882967970589,0.9864633828401566,0.9930653685045051,0.0
184,train,8,20,124,195,233,223,233,0.064,-0.064,0,1040,True,1,Left,0.8533424981830393,0.014034439533529647,0.1326230622834311,1.0746464524418116,0.9907534544092869,0.14023177311416907
185,validation,8,20,89,157,184,174,184,0.256,-0.256,0,690,False,1,Left,0.9894261744339626,0.008851670321155507,0.0017221552448818962,0.824377030134201,0.9794972389177028,0.0
186,train,8,20,98,167,211,201,211,0.064,0.064,1,780,False,2,Right,0.004676837127942325,0.9453967964483692,0.04992636642368845,0.8256258368492126,0.9773373939606169,0.0
187,train,8,20,119,182,217,207,217,0.032,-0.032,0,990,True,1,Left,0.8400840508022039,0.033270424201671395,0.12664552499612464,0.7931640520691872,0.9661522905281389,0.14698093772251564
188,test,8,20,102,161,214,204,214,0.512,-0.512,0,820,True,1,Left,0.9377432150290701,9.743209203661138e-05,0.06215935287889338,1.2002649754285812,0.9961531855960688,0.13887839029869398
189,train,8,20,107,178,220,210,220,0.0,0.0,1,870,True,2,Right,0.21835302837172707,0.43209561930175167,0.34955135232652124,0.1272290199995041,0.5557900779139849,0.4922808545515101
190,train,8,20,121,179,224,214,224,0.128,0.128,1,1010,True,2,Right,0.005800073034209223,0.89737620464899,0.09682372231680078,0.6217487994581461,0.9230908345077989,0.1614042197962
191,train,8,20,63,119,149,139,149,0.128,-0.128,0,430,False,1,Left,0.928241765619585,0.06629453940821628,0.005463694972198775,0.6901669502258301,0.971265268944122,0.0
192,train,8,20,73,130,160,150,160,0.512,0.512,1,530,False,2,Right,0.003541347542670313,0.9471369395586826,0.04932171289864706,0.8170751482248306,0.9824240518826223,0.0
193,train,8,20,128,185,230,220,230,0.128,-0.128,0,1080,True,1,Left,0.8482622724486196,0.0038191370590400188,0.1479185904923404,0.8427324146032333,0.9703012201844253,0.145772605207241
194,train,8,20,125,185,213,203,213,0.0,0.0,1,1050,False,1,Left,0.6781379933424038,0.3068888081514284,0.014973198506167832,0.24135959148406982,0.6382705062354783,0.0
195,train,8,20,78,136,196,186,196,0.0,0.0,1,580,False,1,Left,0.7578225564686253,0.2310340904369513,0.011143353094423413,0.03497976064682007,0.5300748520688947,0.0
196,train,8,20,129,203,244,234,244,0.128,0.128,1,1090,False,2,Right,0.0005857408169968204,0.9760910769591838,0.023323182223819315,0.8795745894312859,0.9748019174857763,0.0
197,train,8,20,73,144,166,156,166,0.0,0.0,1,530,False,1,Left,0.5270314186243372,0.44673368280803505,0.026234898567627674,0.456807479262352,0.9049384685594726,0.0
198,train,8,20,114,179,201,191,201,0.128,0.128,1,940,True,2,Right,0.004843517160037633,0.9199225394318835,0.07523394340807885,0.5513442233204842,0.9023456784161284,0.16971806602308326
199,train,8,20,83,141,188,178,188,0.064,-0.064,0,630,False,1,Left,0.924653484974236,0.0684719327066584,0.006874582319105567,0.6827080249786377,0.9624110985426224,0.0
200,train,8,20,71,121,171,161,171,0.256,-0.256,0,510,True,1,Left,0.7490212438213237,0.017488067951674964,0.23349068822700128,0.9216797426342964,0.9896623360021629,0.1405106175801334
201,test,8,20,136,202,254,244,254,0.128,-0.128,0,1160,False,1,Left,0.9970607438144439,0.0017042014683283392,0.001235054717227648,0.77137890458107,0.9543255483404679,0.0
202,validation,8,20,83,143,168,158,168,0.128,0.128,1,630,False,2,Right,0.009085816727931555,0.9235022626719912,0.0674119206000774,0.7733290158212185,0.9755886426620864,0.0
203,train,8,20,92,163,195,185,195,0.256,0.256,1,720,True,2,Right,0.005598426144782969,0.9074184396344634,0.08698313422075353,0.6883350163698196,0.9593743057190663,0.1490194756019766
204,train,8,20,108,179,200,190,200,0.032,0.032,1,880,False,2,Right,0.016526291524750356,0.9067524104747153,0.0767212980005342,0.786303885281086,0.9692417092065296,0.0
205,train,8,20,68,119,155,145,155,0.256,-0.256,0,480,False,1,Left,0.9621629043317187,0.034260068430392636,0.0035770272378887213,0.860015258193016,0.9865435989136945,0.0
206,train,8,20,106,169,198,188,198,0.512,-0.512,0,860,True,1,Left,0.9925486678982487,0.0004408251742993682,0.007010506927451926,1.2978549934923649,0.9974974387743648,0.13854824437373459
207,train,8,20,80,143,174,164,174,0.256,0.256,1,600,True,2,Right,0.011296322676536982,0.8740142618884585,0.11468941543500448,0.7358072251081467,0.9717991940936319,0.14534355196600074
208,train,8,20,75,126,176,166,176,0.512,-0.512,0,550,False,1,Left,0.9948514253575793,0.004214738554499676,0.0009338360879209733,0.9212616831064224,0.9891350999766536,0.0
209,test,8,20,112,162,217,207,217,0.128,-0.128,0,920,True,1,Left,0.7868646980115089,0.004385001367057603,0.20875030062143346,0.9757032729685307,0.9870385860373436,0.14118864567241024
210,train,8,20,132,182,220,210,220,0.128,0.128,1,1120,True,2,Right,0.004913363475655081,0.9085511393018703,0.08653549722247486,0.6714484915137291,0.9306480679911552,0.15860824482892266
211,train,8,20,83,133,202,192,202,0.128,0.128,1,630,False,2,Right,0.0036427595690484518,0.9510064041204067,0.04535083631054474,0.9032019004225731,0.9869536354201252,0.0
212,train,8,20,69,129,182,172,182,0.256,0.256,1,490,False,2,Right,0.0043960797301687195,0.945393076106399,0.05021084416343226,0.8382568582892418,0.9848693830353438,0.0
213,train,8,20,82,137,184,174,184,0.128,-0.128,0,620,True,1,Left,0.7378500130207934,0.02194950407508938,0.24020048290411725,0.9049015678465366,0.9872138017206691,0.1411430340477458
214,train,8,20,137,206,248,238,248,0.0,0.0,1,1170,True,1,Left,0.6592478281424268,0.06974831365065383,0.27100385820691947,0.3128942549228668,0.6845322045734847,0.33175343955558406
215,test,8,20,60,120,161,151,161,0.0,-0.0,0,400,True,3,Sure,0.2898619988198674,0.3388101414512399,0.37132785972889276,0.8201030120253563,0.9851543467679202,0.14168217634812003
216,test,8,20,127,202,214,204,214,0.032,0.032,1,1070,False,2,Right,0.003628810785429262,0.9498069522976132,0.04656423691695743,0.9571733213961124,0.9830576817710954,0.0
217,validation,8,20,71,130,160,150,160,0.128,0.128,1,510,True,2,Right,0.029373875883004018,0.8015787457350081,0.16904737838198805,0.6679420471191406,0.9649346902173321,0.14734119037216775
218,train,8,20,104,165,201,191,201,0.512,0.512,1,840,True,2,Right,0.0017764706896148258,0.9406995703009631,0.05752395900942216,0.7877875319682062,0.9708542288902703,0.14561376889664313
219,validation,8,20,99,171,188,178,188,0.256,-0.256,0,790,False,1,Left,0.9917508936878223,0.006952273666392159,0.0012968326457854602,0.9336192756891251,0.9863823598187527,0.0
220,train,8,20,113,172,214,204,214,0.032,0.032,1,930,False,2,Right,0.21752067107854733,0.708895369957057,0.07358395896439565,0.695711875683628,0.9500247111675635,0.0
221,train,8,20,80,153,186,176,186,0.256,0.256,1,600,True,2,Right,0.008546805869596753,0.887565374719626,0.10388781941077725,0.6674078479409218,0.9609741496551975,0.14853097830641065
222,train,8,20,112,170,213,203,213,0.128,0.128,1,920,True,2,Right,0.00699948390148927,0.8900143400430105,0.10298617605550031,0.6455166675150394,0.9376366289807997,0.1561274774266378
223,validation,8,20,128,200,236,226,236,0.512,0.512,1,1080,False,2,Right,9.914717128049267e-05,0.9883623084102805,0.011538544418439213,0.9951790161430836,0.9857344003738269,0.0
224,train,8,20,134,202,251,241,251,0.0,-0.0,0,1140,False,2,Right,0.4628869428497028,0.5018401235896615,0.03527293356063551,0.4604542929737363,0.8228637386141178,0.0
225,train,8,20,94,150,207,197,207,0.032,-0.032,0,740,False,1,Left,0.924107933693971,0.06849610875234524,0.00739595755368373,0.7069098949432373,0.9619124420023145,0.0
226,test,8,20,121,172,215,205,215,0.064,-0.064,0,1010,True,1,Left,0.7130966108241156,0.04294686354425419,0.24395652563163012,0.7045481577515602,0.9474461245798402,0.1528089201268638
227,train,8,20,62,113,174,164,174,0.512,0.512,1,420,True,2,Right,0.03535843415034261,0.7426263842124284,0.22201518163722883,0.5501690473174676,0.945042986345464,0.15360463462581997
228,validation,8,20,93,153,202,192,202,0.256,-0.256,0,730,True,1,Left,0.8335680953007861,0.0037145026472420488,0.1627174020519719,0.9654799997806549,0.9891379291663808,0.14064528422321942
229,test,8,20,93,154,204,194,204,0.064,0.064,1,730,False,2,Right,0.009966633359178639,0.927610699625449,0.062422667015372336,0.7088822452351451,0.9627012144069175,0.0
230,train,8,20,123,195,237,227,237,0.0,-0.0,0,1030,True,1,Left,0.5008294374861239,0.1659524754911472,0.333218087022729,0.08277012407779694,0.4533259793573495,0.6246148066422668
231,validation,8,20,117,170,211,201,211,0.128,0.128,1,970,True,2,Right,0.007220000958227835,0.8898727272262332,0.10290727181553902,0.6224888265132904,0.9266926392432918,0.1600567102224431
232,train,8,20,114,175,233,223,233,0.0,-0.0,0,940,True,1,Left,0.42607440909707944,0.16581665649337474,0.40810893440954576,0.03882630169391632,0.4268644092037139,0.6555425499959664
233,train,8,20,109,175,219,209,219,0.256,-0.256,0,890,True,1,Left,0.906722423606898,0.001429639579812787,0.09184793681328905,1.2117628089617938,0.9960447976541715,0.13890512674687916
234,train,8,20,135,186,247,237,247,0.256,0.256,1,1150,True,2,Right,0.0026805672296841823,0.9200758114684419,0.0772436213018739,0.618890518322587,0.9090657488465645,0.1669190986530561
235,train,8,20,65,130,179,169,179,0.0,-0.0,0,450,True,3,Sure,0.2580804219418159,0.3665698891692029,0.3753496888889812,0.11441224813461304,0.660932596719877,0.3584819305486807
236,train,8,20,138,196,243,233,243,0.512,-0.512,0,1180,False,1,Left,0.9998221033905839,5.0297347412856864e-06,0.0001728668746747726,1.1793404817581177,0.9934377917668306,0.0
237,train,8,20,124,176,227,217,227,0.512,0.512,1,1040,False,2,Right,0.0001382398173678012,0.9865725961221525,0.013289164060479683,0.8575209192931652,0.9735935369836438,0.0
238,validation,8,20,77,132,171,161,171,0.064,0.064,1,570,True,2,Right,0.04995121406719959,0.7226221556136968,0.22742663031910365,0.48624189104884863,0.912913889219907,0.1653626532142904
239,train,8,20,135,207,225,215,225,0.256,0.256,1,1150,False,2,Right,0.0004602247491631949,0.9779139407250839,0.021625834525753153,0.9062359754461795,0.9762034818176099,0.0
240,train,8,20,136,202,251,241,251,0.128,-0.128,0,1160,True,1,Left,0.8628385253850924,0.0015176357217499656,0.13564383889315754,1.1259546265937388,0.9916875020500079,0.13999451437870852
241,validation,8,20,98,153,195,185,195,0.256,-0.256,0,780,False,1,Left,0.9923081898555981,0.0062827505339504335,0.001409059610451498,0.9812496453523636,0.9893212358900684,0.0
242,train,8,20,96,155,188,178,188,0.032,0.032,1,760,False,2,Right,0.3680134271884788,0.5691961325771149,0.06279044023440626,0.40921776555478573,0.850970846419215,0.0
243,train,8,20,109,159,201,191,201,0.128,0.128,1,890,True,2,Right,0.010733784134750743,0.8678866081488945,0.12137960771635488,0.6839880559127778,0.9495773956125515,0.1521124229431609
244,train,8,20,66,127,162,152,162,0.064,0.064,1,460,False,2,Right,0.12138077439947585,0.7883492012782816,0.09027002432224261,0.5251156184822321,0.9354361738992932,0.0
245,test,8,20,120,189,226,216,226,0.256,0.256,1,1000,True,2,Right,0.00203394659417827,0.9370448345892122,0.06092121881660968,0.7283073337748647,0.9535017148259897,0.15085227026719744
246,train,8,20,87,152,187,177,187,0.512,-0.512,0,670,True,1,Left,0.970981279882821,0.0014008314264783894,0.027617888690700622,1.3359726145863533,0.9983482697746391,0.13834065920886074
247,train,8,20,95,156,198,188,198,0.512,0.512,1,750,True,2,Right,0.003140788747492196,0.9220695627973923,0.07478964845511556,0.6604041084647179,0.9520508505006002,0.15131481865765273
248,train,8,20,83,142,200,190,200,0.032,-0.032,0,630,True,1,Left,0.5847123087469965,0.05102201751327458,0.364265673739729,0.3886011242866516,0.8578638396277584,0.19104601399816412
249,test,8,20,103,163,221,211,221,0.064,-0.064,0,830,True,1,Left,0.6112237780575023,0.03907048690241555,0.3497057350400821,0.7157257348299026,0.9594510593295946,0.14899593500840919
250,train,8,20,89,159,203,193,203,0.512,-0.512,0,690,False,1,Left,0.9984655459987231,0.000911044889669908,0.0006234091116069422,1.0512995719909668,0.9931826741729747,0.0
251,train,8,20,66,133,182,172,182,0.512,0.512,1,460,True,2,Right,0.01523348141893736,0.839415382133593,0.14535113644746964,0.7096503600478172,0.9728817790571173,0.1450358315135591
252,test,8,20,129,184,248,238,248,0.0,-0.0,0,1090,False,1,Left,0.561310032086657,0.41561366815362877,0.02307629975971424,0.056773871183395386,0.4043661573593404,0.0
253,train,8,20,100,168,201,191,201,0.064,-0.064,0,800,True,1,Left,0.8565724724968831,0.032229396035521794,0.11119813146759512,0.913612388074398,0.9848176074796632,0.14177096366115877
254,train,8,20,110,180,202,192,202,0.128,-0.128,0,900,False,1,Left,0.9871370877299537,0.010760971198519586,0.002101941071526896,0.7917141616344452,0.9693153156346825,0.0
255,train,8,20,125,190,219,209,219,0.256,0.256,1,1050,True,2,Right,0.0015755307488260224,0.9465051219743831,0.05191934727679089,0.7642977461218834,0.9584047513164093,0.14931775281247062
256,train,8,20,84,159,170,160,170,0.064,-0.064,0,640,False,1,Left,0.8598775472684215,0.13246775016130505,0.007654702570273436,0.4652378112077713,0.8967989949471341,0.0
257,test,8,20,93,151,185,175,185,0.0,0.0,1,730,True,2,Right,0.262016474853037,0.3961291291465282,0.3418543960004348,0.20241867005825043,0.6818551039317605,0.33470239391383116
258,train,8,20,105,174,190,180,190,0.512,0.512,1,850,True,2,Right,0.0009892771514135766,0.9607922910125548,0.038218431836031644,0.8700185790657997,0.9801177867247022,0.14302894809337374
259,test,8,20,66,141,174,164,174,0.032,-0.032,0,460,True,1,Left,0.3805703150812083,0.3128158211601345,0.3066138637586572,0.3570415824651718,0.8638378982141887,0.18788168456132315
260,train,8,20,103,165,216,206,216,0.0,-0.0,0,830,True,2,Right,0.12488473406334019,0.5346768032337488,0.3404384627029109,0.28032926470041275,0.7358603937733131,0.2796784244066199
261,train,8,20,72,127,165,155,165,0.0,-0.0,0,520,True,2,Right,0.23541802147107652,0.41559259721618275,0.34898938131274077,0.1337961107492447,0.6633603266740746,0.3556582784721536
262,train,8,20,93,155,212,202,212,0.032,-0.032,0,730,True,1,Left,0.5914962081774979,0.049639897013407375,0.35886389480909464,0.713656947016716,0.9635345279378638,0.14775865724515563
263,train,8,20,63,124,150,140,150,0.064,0.064,1,430,False,2,Right,0.03080175868397293,0.8726904653441329,0.09650777597189422,0.7616479843854904,0.9796020092335416,0.0
264,test,8,20,84,148,175,165,175,0.032,0.032,1,640,False,2,Right,0.3245136387967997,0.6014060662018968,0.07408029500130338,0.5525830592960119,0.9303007074070531,0.0
265,train,8,20,66,126,151,141,151,0.032,0.032,1,460,True,2,Right,0.12978410186123548,0.5989200444352157,0.27129585370354886,0.504600090906024,0.9290743796082712,0.1591806303985685
266,test,8,20,127,180,212,202,212,0.0,-0.0,0,1070,True,1,Left,0.48410221494337274,0.2548741683291824,0.2610236167274449,0.5245995223522186,0.8738495799116713,0.18279476550159074
267,validation,8,20,74,131,193,183,193,0.256,-0.256,0,540,True,1,Left,0.7159117648041706,0.008394043432684042,0.27569419176314536,0.9865885153412819,0.9921885901687603,0.13986777918535542
268,train,8,20,125,198,227,217,227,0.032,-0.032,0,1050,True,1,Left,0.7610081827937424,0.11923660516896242,0.11975521203729525,0.7075030952692032,0.945742435098585,0.1533718956249439
269,test,8,20,98,151,199,189,199,0.0,0.0,1,780,True,3,Sure,0.2986408226732697,0.30813740682666424,0.393221770500066,0.41250117123126984,0.8499561995424352,0.19538686710282
270,test,8,20,68,141,180,170,180,0.0,0.0,1,480,False,1,Left,0.7475897795291184,0.2409453816690236,0.011464838801858033,0.10274922102689743,0.6396812171228674,0.0
271,train,8,20,89,158,206,196,206,0.032,-0.032,0,690,True,1,Left,0.599371866203854,0.07619426331421278,0.32443387048193323,0.5587776601314545,0.9283407491777317,0.1594492223485875
272,test,8,20,104,165,193,183,193,0.032,0.032,1,840,True,2,Right,0.10446349592168862,0.630842449744112,0.26469405433419935,0.6972966487519443,0.9552655773150365,0.15029517023535793
273,train,8,20,129,184,230,220,230,0.0,0.0,1,1090,True,3,Sure,0.2735324081557794,0.34519704013952573,0.3812705517046949,0.0686732679605484,0.41852326109160093,0.6648790529686728
274,train,8,20,138,202,242,232,242,0.128,-0.128,0,1180,False,1,Left,0.9954932735296035,0.003195650689779383,0.001311075780617071,0.8269686996936798,0.9640318690614057,0.0
275,train,8,20,105,170,197,187,197,0.256,0.256,1,850,False,2,Right,0.0017559607604761373,0.961543267805648,0.036700771433875734,1.0121175795793533,0.9900091090472307,0.0
276,train,8,20,135,199,249,239,249,0.512,-0.512,0,1150,False,1,Left,0.9997139463961642,4.54711460199964e-06,0.000281506489233792,1.1009928733110428,0.9907244605102499,0.0
277,train,8,20,88,142,182,172,182,0.128,-0.128,0,680,False,1,Left,0.9765704215168981,0.020264998996650407,0.0031645794864515924,0.9255853593349457,0.9875783536318303,0.0
278,train,8,20,105,172,213,203,213,0.032,0.032,1,850,True,2,Right,0.04003380242013115,0.7517218938895687,0.20824430369030011,0.6262553837150335,0.9370345759096455,0.15633731192870665
279,train,8,20,105,171,195,185,195,0.0,0.0,1,850,True,2,Right,0.2564193971151054,0.45198354099930604,0.29159706188558854,0.09916174411773682,0.5275465849209846,0.5298821104103935
280,train,8,20,85,148,200,190,200,0.0,0.0,1,650,True,2,Right,0.24337507939822375,0.38862027729674237,0.36800464330503385,0.3817058764398098,0.8506450788496379,0.1950017066658168
281,train,8,20,75,150,185,175,185,0.032,-0.032,0,550,True,1,Left,0.49963232743402824,0.21652067957149573,0.283846992994476,0.26255927979946136,0.7815645134853585,0.24079107969569813
282,train,8,20,64,117,182,172,182,0.512,-0.512,0,440,False,1,Left,0.9920029016766856,0.006446967547324721,0.0015501307759897619,0.9626259952783585,0.9922103971270537,0.0
283,train,8,20,119,178,206,196,206,0.0,-0.0,0,990,True,1,Left,0.367363801746436,0.35697813176397236,0.2756580664895917,0.1937071830034256,0.600143305897875,0.4337579858360813
284,train,8,20,138,200,251,241,251,0.512,0.512,1,1180,False,2,Right,4.5444410472634825e-05,0.9915706593164465,0.008383896273080876,1.0494448315293994,0.9876492570449825,0.0
285,train,8,20,94,158,200,190,200,0.064,-0.064,0,740,True,1,Left,0.6131426746106766,0.10058256917774613,0.2862747562115773,0.38829944282770157,0.8407161680580805,0.20068470657477516
286,train,8,20,134,201,242,232,242,0.512,0.512,1,1140,False,2,Right,7.670120731253552e-05,0.9895280673086964,0.010395231483990932,0.9693213626742363,0.9826413425144718,0.0
287,train,8,20,98,161,196,186,196,0.256,0.256,1,780,True,2,Right,0.0053301661379223115,0.9073291818079005,0.08734065205417711,0.7106173224747181,0.9607977457080538,0.1485846174179713
288,test,8,20,108,177,195,185,195,0.256,-0.256,0,880,False,1,Left,0.9937132095965454,0.0051617860442811974,0.0011250043591732877,0.9866893738508224,0.9882830661053026,0.0
289,train,8,20,112,184,221,211,221,0.064,-0.064,0,920,False,1,Left,0.9838690100187846,0.013324459305338477,0.0028065306758770447,0.7644073963165283,0.9642412099292518,0.0
290,train,8,20,80,136,167,157,167,0.512,-0.512,0,600,True,1,Left,0.9763722133102266,0.003840819573022286,0.019786967116751108,1.4786475822329521,0.9992462463328757,0.1381227231744136
291,test,8,20,112,184,227,217,227,0.0,0.0,1,920,True,3,Sure,0.31242897161969646,0.3092348688436537,0.37833615953664984,0.611028790473938,0.9269618633162482,0.15995708681233395
292,test,8,20,117,185,211,201,211,0.064,-0.064,0,970,False,1,Left,0.9701252079334631,0.025654636872379934,0.004220155194156887,0.7140514403581619,0.9519763772780255,0.0
293,train,8,20,133,204,227,217,227,0.512,0.512,1,1130,True,2,Right,0.0002103700696064178,0.9774992272740551,0.022290402656338568,0.881339731393382,0.9738120010607991,0.14477298929539312
294,test,8,20,100,158,219,209,219,0.128,0.128,1,800,False,2,Right,0.0015601586662144958,0.964884416106363,0.03355542522742244,0.8723767548799515,0.9814709344251706,0.0
295,validation,8,20,118,193,224,214,224,0.512,0.512,1,980,False,2,Right,0.00017187251836973992,0.9853718958641784,0.014456231617451937,0.9144380930811167,0.9812820490448256,0.0
296,test,8,20,71,128,170,160,170,0.512,0.512,1,510,True,2,Right,0.012609686181380541,0.8578912733308716,0.12949904048774794,0.6265748795121908,0.9573684414410254,0.14963844126577752
297,validation,8,20,133,190,237,227,237,0.512,0.512,1,1130,True,2,Right,0.0004084510185265595,0.965266066384077,0.0343254825973963,0.7884399071335793,0.9592798762345498,0.1490484519506305
298,train,8,20,69,134,182,172,182,0.512,0.512,1,490,False,2,Right,0.00222163388747835,0.9586262139728529,0.0391521521396687,0.915975533425808,0.989622194411161,0.0
299,train,8,20,74,144,189,179,189,0.0,-0.0,0,540,False,1,Left,0.5329698811937658,0.44127491914748573,0.025755199658748573,0.1374301016330719,0.6619619019605973,0.0
300,train,8,20,85,150,185,175,185,0.512,0.512,1,650,False,2,Right,0.0013569389583153102,0.9651626230452226,0.033480437996462206,0.9220624417066574,0.9878075660184856,0.0
301,validation,8,20,98,154,212,202,212,0.0,-0.0,0,780,True,3,Sure,0.29671538230417305,0.2955444420510519,0.40774017564477505,0.17007821798324585,0.6325402226419574,0.3926417585264873
302,train,8,20,69,136,180,170,180,0.064,-0.064,0,490,True,1,Left,0.481649940047569,0.16967994400546454,0.3486701159469664,0.39768432080745697,0.8819542041042935,0.17886932257187405
303,train,8,20,77,135,192,182,192,0.0,0.0,1,570,False,2,Right,0.36810194612043146,0.5708579256486734,0.061040128230895094,0.11988545954227448,0.6340609673785624,0.0
304,train,8,20,124,189,220,210,220,0.256,0.256,1,1040,True,2,Right,0.0015606915902552027,0.9458179452849178,0.052621363124827035,0.9303916841745377,0.9813929123148705,0.1426841499922351
305,train,8,20,76,140,183,173,183,0.256,0.256,1,560,True,2,Right,0.015313820147991136,0.8439487638675848,0.140737415984424,0.6133843287825584,0.9519607250283878,0.15134368036888202
306,train,8,20,103,157,221,211,221,0.128,0.128,1,830,True,2,Right,0.021438210046442162,0.7984700847285049,0.180091705225053,0.48410578817129135,0.8834798048379447,0.17814919649739103
307,test,8,20,63,130,172,162,172,0.128,-0.128,0,430,False,1,Left,0.9109923551863914,0.08193354236823792,0.007074102445370675,0.6822309195995331,0.9701567791206914,0.0
308,validation,8,20,72,134,162,152,162,0.032,-0.032,0,520,True,2,Right,0.26999961898628283,0.41897448551185174,0.31102589550186543,0.3433762788772583,0.8465847675222417,0.19729139267598805
309,train,8,20,120,183,225,215,225,0.0,0.0,1,1000,False,1,Left,0.7720047867551738,0.21739064969617844,0.010604563548647741,0.5186137944401708,0.8797866948377613,0.0
310,train,8,20,117,182,202,192,202,0.032,0.032,1,970,False,2,Right,0.253770956408384,0.6709812789184428,0.07524776467317318,0.39643021300435066,0.8063145232842015,0.0
311,test,8,20,85,145,202,192,202,0.256,0.256,1,650,True,2,Right,0.014580362066015012,0.8367672155600125,0.14865242237397241,0.5836306642740965,0.9388779207407766,0.15569712710598393
312,train,8,20,81,145,168,158,168,0.512,0.512,1,610,False,2,Right,0.0024790170667494662,0.9544882161187974,0.04303276681445318,0.9209451451897621,0.9883116426258042,0.0
313,train,8,20,84,150,195,185,195,0.512,-0.512,0,640,False,1,Left,0.9978167563568979,0.0014898393949045348,0.0006934042481973672,1.0328418463468552,0.9929736339388011,0.0
314,train,8,20,94,157,183,173,183,0.064,-0.064,0,740,False,1,Left,0.8101078568295119,0.18083035068098305,0.009061792489505161,0.653642937541008,0.9510753730288615,0.0
315,train,8,20,61,125,154,144,154,0.064,0.064,1,410,True,2,Right,0.10380845319828631,0.6265384371611589,0.2696531096405548,0.3565915375947952,0.8705246549234951,0.18445459278003695
316,validation,8,20,65,124,162,152,162,0.512,0.512,1,450,True,2,Right,0.01403817974468409,0.8542454117548017,0.13171640850051433,0.7426585806533694,0.9771188704324757,0.14385024512179656
317,train,8,20,104,175,222,212,222,0.0,0.0,1,840,True,1,Left,0.6374367753519283,0.0578925268702686,0.30467069777780303,0.31598392128944397,0.7663283213325881,0.2529653022322077
318,train,8,20,89,159,175,165,175,0.032,0.032,1,690,False,2,Right,0.015351089576960245,0.9099923012651356,0.0746566091579042,0.6099110618233681,0.9433591631568852,0.0
319,validation,8,20,62,132,171,161,171,0.256,-0.256,0,420,False,1,Left,0.9691812436413236,0.02681437387744487,0.004004382481231686,0.8809878528118134,0.9886837339785269,0.0
320,train,8,20,90,155,184,174,184,0.0,0.0,1,700,False,1,Left,0.5032122129223773,0.4673766112791832,0.02941117579843954,0.10261709988117218,0.5764236634331203,0.0
321,train,8,20,120,186,205,195,205,0.128,-0.128,0,1000,True,1,Left,0.9716953883155673,0.013635898226349832,0.014668713458082797,1.0652206018567085,0.9907709267812306,0.1402273227231401
322,train,8,20,123,180,220,210,220,0.0,0.0,1,1030,True,2,Right,0.16486836067276547,0.49488147109605485,0.34025016823117976,0.3215598538517952,0.7283040136993101,0.2867941577344816
323,train,8,20,103,164,217,207,217,0.512,-0.512,0,830,False,1,Left,0.9993271343093051,0.00024036251440252534,0.00043250317629217925,1.0152685642242432,0.9903932264934603,0.0
324,test,8,20,111,169,226,216,226,0.032,0.032,1,910,True,2,Right,0.24095069257961654,0.389167936462622,0.3698813709577616,0.19233771413564682,0.6214666338918414,0.406473696242102
325,train,8,20,78,133,168,158,168,0.032,0.032,1,580,False,2,Right,0.24415487638416825,0.6735354447226534,0.08230967889317828,0.3728146329522133,0.8557427906917575,0.0
326,validation,8,20,126,198,222,212,222,0.256,0.256,1,1060,False,2,Right,0.0006107555950902433,0.9752660621086247,0.024123182296285108,0.8593176230788231,0.9731977628428837,0.0
327,train,8,20,124,195,218,208,218,0.064,0.064,1,1040,False,2,Right,0.0031316417662181095,0.9523333711856286,0.04453498704815344,0.6845659837126732,0.9403402151492702,0.0
328,test,8,20,128,196,227,217,227,0.032,0.032,1,1080,True,2,Right,0.008475978639891257,0.8898782001825015,0.10164582117760734,0.6413864023052156,0.9239454056477846,0.1610820202706162
329,train,8,20,91,143,190,180,190,0.032,0.032,1,710,False,2,Right,0.26922548888444325,0.6563189213316044,0.07445558978395232,0.5105309039354324,0.9089025872845348,0.0
330,train,8,20,83,157,188,178,188,0.256,-0.256,0,630,True,1,Left,0.9428938646636871,0.008822850483443485,0.04828328485286935,1.1019249856472015,0.9950456617702963,0.13915241017614322
331,train,8,20,103,159,188,178,188,0.0,-0.0,0,830,False,1,Left,0.6339188277489126,0.3485069062800158,0.017574265971071472,0.20126265287399292,0.6538655747685236,0.0
332,train,8,20,93,163,181,171,181,0.064,-0.064,0,730,True,1,Left,0.8276603803021834,0.13465328445392827,0.03768633524388838,0.34088726341724396,0.8088671033863649,0.2209024574979664
333,test,8,20,128,189,226,216,226,0.0,0.0,1,1080,False,2,Right,0.17809827915967963,0.7458915547704816,0.07601016606983864,0.817897766828537,0.9665757296194332,0.0
334,test,8,20,70,124,188,178,188,0.032,-0.032,0,500,True,3,Sure,0.2799160954509713,0.3196851562260082,0.4003987483230206,0.05920746922492981,0.5832016383152792,0.45591100746087365
335,validation,8,20,139,210,233,223,233,0.0,0.0,1,1190,True,2,Right,0.34856099281138186,0.40903246083966166,0.24240654634895648,0.3566339612007141,0.7242176165579642,0.29072301708682174
336,train,8,20,85,144,183,173,183,0.0,0.0,1,650,True,2,Right,0.2178751287147267,0.43665480217577646,0.345470069109497,0.11160320788621902,0.6016966688828335,0.4317453803135542
337,train,8,20,139,198,251,241,251,0.256,-0.256,0,1190,False,1,Left,0.999210150131236,0.00019333020930216373,0.000596519659461745,0.9339479058980942,0.9781629898726585,0.0
338,train,8,20,114,178,209,199,209,0.128,0.128,1,940,False,2,Right,0.0019195085462525424,0.9606154886881647,0.037465002765582574,0.7707909550517797,0.964490488674304,0.0
339,test,8,20,90,147,199,189,199,0.128,0.128,1,700,True,2,Right,0.025034011057748516,0.7930203102277715,0.1819456787144798,0.5527637246996164,0.9255232317218494,0.1604912039489657
340,validation,8,20,133,192,249,239,249,0.064,-0.064,0,1130,False,1,Left,0.982421801266937,0.01438348449827257,0.0031947142347903785,0.7965922951698303,0.9608160830938423,0.0
341,validation,8,20,103,176,206,196,206,0.0,0.0,1,830,True,2,Right,0.293720036015762,0.39217781367316135,0.3141021503110766,0.024197444319725037,0.44178459489913063,0.6383385305031333
342,validation,8,20,113,187,228,218,228,0.0,-0.0,0,930,True,2,Right,0.21586797159710827,0.43676641837108815,0.34736561003180355,0.2401103377342224,0.6696039189278831,0.3484725113930036
343,train,8,20,113,183,200,190,200,0.128,-0.128,0,930,True,1,Left,0.9823705020265401,0.009174144590506694,0.008455353382953371,0.998799242079258,0.9882740667620786,0.1408680466465338
344,train,8,20,139,209,227,217,227,0.128,0.128,1,1190,False,2,Right,0.0009277498352976187,0.9704862270802502,0.02858602308445212,0.9841103702783585,0.9828513713934699,0.0
345,train,8,20,89,143,203,193,203,0.064,-0.064,0,690,False,1,Left,0.9497533494156161,0.044059665755304275,0.006186984829079691,0.6364440619945526,0.9499356388377335,0.0
346,train,8,20,84,152,177,167,177,0.032,-0.032,0,640,False,1,Left,0.6073398334881823,0.3733364344494239,0.019323732062393798,0.6729329973459244,0.9601760593339327,0.0
347,train,8,20,105,175,202,192,202,0.512,0.512,1,850,False,2,Right,0.0005068795536262349,0.9769079854212943,0.02258513502507922,0.9372682347893715,0.9856319148970634,0.0
348,train,8,20,95,155,203,193,203,0.064,-0.064,0,750,False,1,Left,0.948288225217396,0.04567119045977723,0.006040584322826693,0.7316131889820099,0.965721529342436,0.0
349,train,8,20,127,193,219,209,219,0.256,0.256,1,1070,False,2,Right,0.0006951528614233912,0.9738121985101053,0.025492648628471348,1.012370828539133,0.9870300100435582,0.0
350,validation,8,20,85,153,174,164,174,0.064,0.064,1,650,True,2,Right,0.017192585198008904,0.8563611324131795,0.12644628238881156,0.6683630901388824,0.9588353278858958,0.14918507993551788
351,test,8,20,132,202,249,239,249,0.512,-0.512,0,1120,False,1,Left,0.999724747204614,3.3695690514932217e-06,0.0002718832263346229,1.1905434653162956,0.994218091239636,0.0
352,validation,8,20,60,122,173,163,173,0.256,0.256,1,400,False,2,Right,0.007716376020451443,0.93179246644158,0.06049115753796862,0.7987911775708199,0.9835424597184669,0.0
353,test,8,20,81,136,197,187,197,0.0,-0.0,0,610,True,3,Sure,0.24986294558669098,0.3725060036923756,0.37763105072093345,0.1087988018989563,0.6099215844506183,0.4211503580432464
354,train,8,20,117,167,209,199,209,0.0,0.0,1,970,True,1,Left,0.6594467091674574,0.07472935881439512,0.2658239320181476,0.7178128808736801,0.9528142824883851,0.1510709433256638
355,train,8,20,110,174,218,208,218,0.0,0.0,1,900,True,1,Left,0.4473333988997375,0.19373246833704633,0.3589341327632162,0.5160111337900162,0.8907261062024602,0.1748082876324218
356,train,8,20,108,179,194,184,194,0.032,0.032,1,880,True,2,Right,0.21833032346828268,0.5499403118600215,0.23172936467169594,0.6224783137440681,0.9337274851666373,0.1575029186359953
357,train,8,20,88,145,198,188,198,0.064,-0.064,0,680,True,1,Left,0.47905924628111174,0.13540593314311322,0.385534820575775,0.5398712754249573,0.9227732052409395,0.16152437249962082
358,train,8,20,69,120,169,159,169,0.0,0.0,1,490,True,3,Sure,0.3188807710427845,0.2843472761181324,0.39677195283908306,0.4761205166578293,0.9165568128082685,0.1639196719211149
359,test,8,20,82,147,201,191,201,0.256,0.256,1,620,True,2,Right,0.01596848925641252,0.8320447804282534,0.151986730315334,0.6048325188457966,0.9464525557523773,0.15313656571740325
360,train,8,20,65,119,170,160,170,0.032,0.032,1,450,True,2,Right,0.11865907435655414,0.5433676991282738,0.337973226515172,0.34453414287418127,0.8579223921921969,0.19101452359725563
361,test,8,20,91,146,207,197,207,0.128,0.128,1,710,False,2,Right,0.0031565356274495466,0.9539491433555792,0.042894321016971285,0.8633746355772018,0.9826042518450617,0.0
362,train,8,20,116,169,204,194,204,0.064,-0.064,0,960,True,1,Left,0.8099116683447342,0.056789908614041006,0.13329842304122488,0.7782713621854782,0.9649209701609414,0.14734526445152907
363,train,8,20,133,185,250,240,250,0.064,0.064,1,1130,True,2,Right,0.02146433853987168,0.7982578544270047,0.18027780703312354,0.35082195699214935,0.7328745950828798,0.2824668882215106
364,test,8,20,73,129,172,162,172,0.032,-0.032,0,530,False,1,Left,0.8914994819974446,0.10121377237316906,0.007286745629386253,0.5941829681396484,0.949229112265047,0.0
365,test,8,20,132,183,229,219,229,0.512,-0.512,0,1120,False,1,Left,0.9998558525355096,1.0187483114222468e-05,0.00013395998137617622,1.3508169502019882,0.9973610056548473,0.0
366,train,8,20,117,175,204,194,204,0.128,0.128,1,970,False,2,Right,0.0023737384220609437,0.9569500866504651,0.040676174927473926,0.7826331406831741,0.9652369443596681,0.0
367,train,8,20,104,175,216,206,216,0.032,-0.032,0,840,False,1,Left,0.9694533355587291,0.025802068825033102,0.004744595616237855,0.5968253463506699,0.9287462190401073,0.0
368,train,8,20,104,179,196,186,196,0.128,-0.128,0,840,False,1,Left,0.9754474487558495,0.021313157906161225,0.0032393933379894027,0.846636950969696,0.978011866019843,0.0
369,test,8,20,87,143,193,183,193,0.0,-0.0,0,670,True,2,Right,0.2522861453559743,0.3755272144863526,0.37218664015767305,0.04256966710090637,0.5123068033698828,0.549994792500617
370,validation,8,20,94,146,202,192,202,0.032,-0.032,0,740,False,1,Left,0.9159218767793458,0.07676926521049116,0.007308858010162934,0.4386346563696861,0.8711185197845402,0.0
371,train,8,20,137,207,238,228,238,0.0,0.0,1,1170,True,2,Right,0.3230556823961401,0.36595248471897424,0.31099183288488574,0.02112467586994171,0.34098459826029615,0.7409121730578815
372,train,8,20,138,200,240,230,240,0.032,-0.032,0,1180,False,1,Left,0.9735966736524947,0.02234400624723006,0.004059320100275356,0.820691667497158,0.9629470093439594,0.0
373,train,8,20,92,151,199,189,199,0.256,-0.256,0,720,True,1,Left,0.8389356888976846,0.004202956915258059,0.15686135418705735,1.2470764820463955,0.9972876295955952,0.13859959724236742
374,train,8,20,88,150,198,188,198,0.064,-0.064,0,680,True,1,Left,0.6752258696786096,0.0382826663154068,0.28649146400598346,0.8477915152907372,0.9819000580393523,0.142547742111232
375,train,8,20,105,172,221,211,221,0.032,0.032,1,850,True,2,Right,0.22663700325324193,0.41209162590680926,0.3612713708399488,0.5218647550791502,0.8990958545060396,0.17110929758369697
376,validation,8,20,131,194,228,218,228,0.032,-0.032,0,1110,False,1,Left,0.9642481072088449,0.030751946971914225,0.00499994581924088,0.7185393869876862,0.9448057440354843,0.0
377,train,8,20,71,141,178,168,178,0.0,0.0,1,510,True,1,Left,0.4430897071174825,0.2402835969829013,0.3166266958996162,0.43530239164829254,0.8976874868146086,0.17171995835359766
378,validation,8,20,88,142,189,179,189,0.128,-0.128,0,680,True,1,Left,0.7511284339165386,0.019260267588102217,0.2296112984953591,0.8935141116380692,0.9854890640603567,0.14159409893896185
379,train,8,20,71,145,171,161,171,0.256,0.256,1,510,True,2,Right,0.01183988477087395,0.8754903382350496,0.11266977699407646,0.5773737840354443,0.9463356041727776,0.15317525639557306
380,train,8,20,60,135,178,168,178,0.128,0.128,1,400,True,2,Right,0.03476703339132049,0.7665694556992,0.19866351090947965,0.42385962195839966,0.9044932597432849,0.16881225547255846
381,train,8,20,81,140,194,184,194,0.256,-0.256,0,610,True,1,Left,0.7692448613329337,0.006854030093855083,0.22390110857321113,0.9956440702080727,0.9918732366503379,0.13994749393293426
382,train,8,20,68,129,154,144,154,0.256,-0.256,0,480,False,1,Left,0.9581765871621897,0.03805375250227218,0.0037696603355381387,0.7710565626621246,0.9793193742271186,0.0
383,train,8,20,96,160,201,191,201,0.256,0.256,1,760,True,2,Right,0.006238613831785788,0.8966583100590981,0.09710307610911607,0.8084479738026857,0.9759628652576691,0.14417076045447696
384,train,8,20,128,201,236,226,236,0.128,-0.128,0,1080,False,1,Left,0.9951413678747209,0.0034734311376930366,0.001385200987586114,0.9401882588863373,0.9813913142856413,0.0
385,train,8,20,97,152,199,189,199,0.256,0.256,1,770,True,2,Right,0.009455810861560018,0.8715487521909943,0.11899543694744583,0.7735878583043814,0.9712650823388411,0.14549609815167108
386,train,8,20,60,129,176,166,176,0.512,-0.512,0,400,True,1,Left,0.8248495513972911,0.00608667838851623,0.16906377021419283,1.1461854800581932,0.9969733685655217,0.1386766372350519
387,train,8,20,86,159,195,185,195,0.256,-0.256,0,660,False,1,Left,0.9896204111874637,0.008499636406627754,0.001879952405908557,0.940440259873867,0.9887148115988028,0.0
388,train,8,20,121,188,230,220,230,0.064,0.064,1,1010,True,2,Right,0.006718984903954188,0.8927207428338007,0.10056027226224513,0.5850121323019266,0.90925726285887,0.16684084755566841
389,train,8,20,108,165,213,203,213,0.064,-0.064,0,880,False,1,Left,0.9313911477047506,0.06212734277465544,0.006481509520593898,0.4785623997449875,0.8741640467966116,0.0
390,test,8,20,120,173,235,225,235,0.0,0.0,1,1000,True,1,Left,0.45324366082327466,0.1353711855394943,0.4113851536372309,0.32620373368263245,0.7398172420363511,0.2760299416475489
391,test,8,20,104,160,199,189,199,0.128,-0.128,0,840,False,1,Left,0.9764278608816639,0.020331263461744884,0.0032408756565911563,0.7657688558101654,0.9676319299768472,0.0
392,train,8,20,113,173,225,215,225,0.064,-0.064,0,930,True,1,Left,0.7504182875639919,0.009735064120891541,0.23984664831511648,0.9719650354236364,0.9866435474255073,0.1412916564522666
393,validation,8,20,62,127,173,163,173,0.0,-0.0,0,420,True,2,Right,0.24672533193905685,0.38669793902179395,0.3665767290391491,0.16475437581539154,0.7213106216778917,0.29355228838107594
394,validation,8,20,133,188,231,221,231,0.064,-0.064,0,1130,False,1,Left,0.9790478215889558,0.017625739777695732,0.003326438633348665,0.5938400030136108,0.9005461713773014,0.0
395,validation,8,20,131,181,241,231,241,0.032,-0.032,0,1110,True,1,Left,0.6203936388851131,0.030664716064324228,0.34894164505056263,0.4338230639696121,0.8086384647508287,0.22105897632457006
396,train,8,20,131,204,238,228,238,0.512,0.512,1,1110,False,2,Right,9.94528121304322e-05,0.9883366456631656,0.011563901524703931,0.9393975138664246,0.9806455907424554,0.0
397,validation,8,20,125,188,233,223,233,0.256,0.256,1,1050,False,2,Right,0.000478249687830372,0.9779137639722837,0.021607986339885928,0.9099549353122711,0.9792239661600461,0.0
398,train,8,20,69,142,177,167,177,0.128,0.128,1,490,True,2,Right,0.026635591874081592,0.8062432638519998,0.16712114427391855,0.5764550000894815,0.9473221554846154,0.15284969822104216
399,train,8,20,60,121,161,151,161,0.032,0.032,1,400,True,2,Right,0.1097815032400213,0.5797880940495029,0.31043040271047573,0.2471591681241989,0.7989866884283707,0.22781912808323002
400,train,8,20,70,141,162,152,162,0.128,0.128,1,500,True,2,Right,0.018273174004508418,0.8520943487996832,0.12963247719580853,0.6510275352629833,0.9624495194776698,0.14808452745888212
401,test,8,20,138,203,232,222,232,0.256,0.256,1,1180,False,2,Right,0.0003691643995921113,0.9798870434917262,0.01974379210868164,0.9689126767189009,0.9817634488063983,0.0
402,train,8,20,131,200,220,210,220,0.0,-0.0,0,1110,False,1,Left,0.544260669471393,0.43126899390840984,0.024470336620197323,0.5382402315735817,0.8759075416008257,0.0
403,train,8,20,63,132,170,160,170,0.064,-0.064,0,430,False,1,Left,0.919460243585163,0.07351117406573102,0.007028582349106143,0.5239856541156769,0.9372606944944687,0.0
404,train,8,20,71,122,176,166,176,0.064,-0.064,0,510,False,1,Left,0.875039391013769,0.11711347765396984,0.007847131332261037,0.4247845560312271,0.8928425872131802,0.0
405,train,8,20,132,206,227,217,227,0.064,0.064,1,1120,True,2,Right,0.0029070349846459934,0.9365040487934394,0.060588916221914715,0.6221565660089254,0.913290842138037,0.16521197445838237
406,train,8,20,132,204,234,224,234,0.0,-0.0,0,1120,False,1,Left,0.7734427239461857,0.21588758216608647,0.0106696938877277,0.1260450929403305,0.4792337290337553,0.0
407,validation,8,20,66,140,157,147,157,0.256,-0.256,0,460,True,1,Left,0.9349838760385815,0.04673072955106371,0.018285394410354847,0.9617030546069145,0.9919858440338747,0.13991901183174266
408,train,8,20,71,128,174,164,174,0.128,0.128,1,510,True,2,Right,0.03748635695978543,0.7522689081890809,0.2102447348511336,0.4698876840993762,0.9122740223355998,0.16561915242592062
409,train,8,20,106,174,224,214,224,0.128,-0.128,0,860,False,1,Left,0.9912585633123184,0.0068482597399315325,0.0018931769477499717,0.8363032788038254,0.9763425166037553,0.0
410,train,8,20,61,119,152,142,152,0.064,0.064,1,410,True,2,Right,0.09998946305681536,0.6177929130383559,0.28221762390482863,0.243329256772995,0.7939823838456587,0.23144290500686254
411,train,8,20,114,165,201,191,201,0.512,-0.512,0,940,True,1,Left,0.9888223058523771,0.00020514464597018634,0.01097254950165279,1.3963258666917682,0.9982998205511289,0.13835245125958523
412,test,8,20,93,168,194,184,194,0.128,0.128,1,730,True,2,Right,0.007965303048611174,0.8965901521543305,0.09544454479705815,0.5539274588227272,0.9233970137153366,0.1612886021025528
413,test,8,20,66,139,165,155,165,0.064,0.064,1,460,True,2,Right,0.04621972248891739,0.7590069457972888,0.1947733317137938,0.4856102019548416,0.9226744211922657,0.16156178441516306
414,train,8,20,98,157,184,174,184,0.512,-0.512,0,780,False,1,Left,0.9987702549530286,0.0009335957882879362,0.00029614925868363793,1.3143990561366081,0.9979040860857844,0.0
415,train,8,20,88,156,176,166,176,0.512,-0.512,0,680,True,1,Left,0.993428833910748,0.0026056472432536885,0.003965518845998274,1.4128426164388657,0.9988535276475093,0.1382178895757118
416,validation,8,20,61,114,160,150,160,0.512,0.512,1,410,False,2,Right,0.004973878659977881,0.9395269371266206,0.05549918421340154,0.8475517258048058,0.9868474902720271,0.0
417,test,8,20,93,148,196,186,196,0.064,0.064,1,730,True,2,Right,0.032369348326200295,0.7687358422908506,0.19889480938294907,0.5612882897257805,0.925916424653043,0.16034479186486927
418,test,8,20,65,132,154,144,154,0.256,-0.256,0,450,True,1,Left,0.9247745547448132,0.04622863599086831,0.028996809264318645,1.0706493556499481,0.9953482754807915,0.13907735712375402
419,test,8,20,61,125,149,139,149,0.0,0.0,1,410,False,2,Right,0.3621894592841024,0.5733378575013,0.0644726832145978,0.17980632185935974,0.7382676972455773,0.0
420,train,8,20,101,165,216,206,216,0.064,0.064,1,810,True,2,Right,0.021512985120742227,0.8095316442682101,0.16895537061104765,0.3529651314020157,0.8030654607233448,0.2249257555364953
421,train,8,20,115,172,229,219,229,0.128,0.128,1,950,True,2,Right,0.010312804725376453,0.8601049952269426,0.12958220004768087,0.5586085803806782,0.9044088337324342,0.1688476626179108
422,train,8,20,106,172,192,182,192,0.256,-0.256,0,860,True,1,Left,0.9817229172871546,0.008013366238012864,0.010263716474832646,1.1390355080366135,0.9945549415400361,0.13927440736666857
423,train,8,20,63,127,180,170,180,0.256,0.256,1,430,False,2,Right,0.005750782483871024,0.9398145713786589,0.05443464613747012,0.6961024105548859,0.9720681023187264,0.0
424,train,8,20,96,162,214,204,214,0.0,-0.0,0,760,True,2,Right,0.14680575721917422,0.500064728653791,0.35312951412703464,0.3938170075416565,0.8411173641465278,0.20044953905517465
425,train,8,20,120,191,205,195,205,0.128,0.128,1,1000,True,2,Right,0.0029579421567439,0.940052542944024,0.056989514899232076,0.7281397692859173,0.9534651984964322,0.15086386417463354
426,train,8,20,90,165,182,172,182,0.256,-0.256,0,700,True,1,Left,0.9824531063640712,0.009641989801490855,0.007904903834437971,1.1805421011522412,0.9963319326682925,0.13883433619008656
427,train,8,20,85,135,195,185,195,0.0,0.0,1,650,True,3,Sure,0.2696424370600471,0.3398480254424814,0.3905095374974715,0.1281706690788269,0.6210347703328152,0.40701821735955684
428,train,8,20,100,155,218,208,218,0.512,0.512,1,800,True,2,Right,0.004260445079141848,0.9018884804559999,0.09385107446485842,0.5266099944710732,0.9064306680818741,0.16800425316290307
429,train,8,20,110,164,205,195,205,0.0,-0.0,0,900,False,1,Left,0.5542173834997953,0.42231148615732605,0.023471130342878538,0.263420931994915,0.7020535284655232,0.0
430,train,8,20,128,190,225,215,225,0.032,0.032,1,1080,True,2,Right,0.02355422445674837,0.818650689830499,0.15779508571275253,0.6779068484902382,0.9356341982002805,0.15682819507402873
431,train,8,20,116,185,219,209,219,0.032,-0.032,0,960,True,1,Left,0.8167006662874545,0.05006009814521782,0.1332392355673275,0.1926386058330536,0.6075388508196464,0.4242086093134706
432,test,8,20,76,133,175,165,175,0.0,-0.0,0,560,False,1,Left,0.5714346764042497,0.40643476877880313,0.022130554816947125,0.3176489621400833,0.8225076943945947,0.0
433,train,8,20,126,180,220,210,220,0.256,-0.256,0,1060,False,1,Left,0.9980190496945699,0.0012757466355993057,0.000705203669830703,0.9418501108884811,0.9819716930439808,0.0
434,validation,8,20,89,149,188,178,188,0.256,-0.256,0,690,True,1,Left,0.8980818429202188,0.00789116409934082,0.0940269929804405,1.0477066040039062,0.993062096340808,0.13964776145061814
435,test,8,20,123,193,224,214,224,0.128,0.128,1,1030,False,2,Right,0.0011715428700032622,0.9680329467078517,0.03079551042214493,0.9524739161133766,0.9834712212670612,0.0
436,validation,8,20,129,203,214,204,214,0.032,0.032,1,1090,False,2,Right,0.32844353236786106,0.5955010673058235,0.07605540032631522,0.6171188168227673,0.914190477637941,0.0
437,train,8,20,67,126,166,156,166,0.256,-0.256,0,470,False,1,Left,0.9687085032168573,0.027668179026737405,0.0036233177564052683,0.9198752194643021,0.99005731528321,0.0
438,test,8,20,114,181,218,208,218,0.128,-0.128,0,940,False,1,Left,0.9896655453409865,0.008330709475005329,0.0020037451840082027,0.9625711217522621,0.9858542923962323,0.0
439,train,8,20,96,167,184,174,184,0.256,0.256,1,760,False,2,Right,0.002338358830245709,0.956323138773431,0.0413385023963234,0.8365349620580673,0.9789962743690366,0.0
440,train,8,20,120,172,218,208,218,0.064,0.064,1,1000,True,2,Right,0.01186579177612525,0.8588289031591595,0.12930530506471524,0.7216052450239658,0.9520197157244084,0.15132478752525552
441,train,8,20,118,175,210,200,210,0.256,-0.256,0,980,False,1,Left,0.9968971734099707,0.002268836896151117,0.0008339896938781937,1.0211837589740753,0.9888363294001801,0.0
442,train,8,20,122,175,213,203,213,0.128,-0.128,0,1020,True,1,Left,0.9149958719787504,0.004925980666984922,0.08007814735426458,1.2282139845192432,0.9957342813158666,0.1389818195608017
443,train,8,20,73,147,184,174,184,0.512,-0.512,0,530,True,1,Left,0.9402564025552262,0.003227074135656599,0.05651652330911701,1.2272518472746015,0.9976214080218818,0.13851793216718428
444,validation,8,20,74,134,159,149,159,0.032,-0.032,0,540,True,1,Left,0.4083033118351097,0.36335746749915726,0.228339220665733,0.12031148374080658,0.642891958697955,0.3799562276224868
445,train,8,20,95,157,202,192,202,0.128,0.128,1,750,True,2,Right,0.012679813875478568,0.8553213727165426,0.1319988134079788,0.5995864681899548,0.9364134015329557,0.15655457056854005
446,validation,8,20,134,207,234,224,234,0.0,-0.0,0,1140,False,2,Right,0.37166233259059184,0.5693856261575424,0.058952041251865685,0.6667817980051041,0.9275497687481209,0.0
447,train,8,20,111,177,225,215,225,0.128,0.128,1,910,False,2,Right,0.0014033870927542395,0.9663611037179356,0.0322355091893102,0.9703552946448326,0.9868553807048817,0.0
448,train,8,20,80,141,169,159,169,0.064,-0.064,0,600,True,1,Left,0.7491756766206891,0.1367715104119112,0.11405281296739977,1.0059428848326206,0.9923630493794342,0.1398237443405161
449,train,8,20,136,193,228,218,228,0.128,0.128,1,1160,True,2,Right,0.0032271064336727674,0.9249174730049583,0.07185542056136876,0.6044234968721867,0.9019553882787124,0.16988383709668864
450,validation,8,20,138,212,243,233,243,0.0,0.0,1,1180,True,1,Left,0.7373851942853322,0.11496100383434404,0.14765380188032357,0.6528831273317337,0.919319307201142,0.16284488940144848
451,train,8,20,121,172,238,228,238,0.256,-0.256,0,1010,False,1,Left,0.9985164384843198,0.0006783389847561563,0.0008052225309239508,0.9084952175617218,0.9800428796029969,0.0
452,train,8,20,129,194,214,204,214,0.032,0.032,1,1090,False,2,Right,0.029710185472733956,0.880513454122708,0.08977636040455808,0.727601170539856,0.9482775841090239,0.0
453,train,8,20,106,172,214,204,214,0.256,-0.256,0,860,False,1,Left,0.9965165620344388,0.0024386488586428464,0.0010447891069184033,0.8362694829702377,0.9763386808314691,0.0
454,validation,8,20,138,195,229,219,229,0.256,-0.256,0,1180,True,1,Left,0.9785263975414027,0.0005536476644704339,0.020919954794126772,1.0981682650744915,0.9902530921935212,0.14035941850629952
455,validation,8,20,103,158,188,178,188,0.064,-0.064,0,830,False,1,Left,0.9483491293778261,0.04658136336663452,0.005069507255539406,0.6803536713123322,0.9521227526739034,0.0
456,validation,8,20,96,161,201,191,201,0.064,-0.064,0,760,False,1,Left,0.964838230887532,0.030058574042488972,0.00510319506997902,0.5048251003026962,0.9013215626578855,0.0
457,train,8,20,115,179,211,201,211,0.0,0.0,1,950,False,1,Left,0.6000473080522012,0.380065646249507,0.019887045698291674,0.352602481842041,0.7746933755413095,0.0
458,train,8,20,132,199,219,209,219,0.064,0.064,1,1120,True,2,Right,0.005921709558174733,0.9140213284377025,0.08005696200412288,0.7045260388404131,0.9404314672845749,0.15516282102581358
459,validation,8,20,132,200,227,217,227,0.032,0.032,1,1120,True,2,Right,0.020425094745723373,0.8384123152058386,0.14116259004843817,0.6282000653445721,0.9156136762493688,0.16429043827555723
460,train,8,20,60,135,163,153,163,0.0,0.0,1,400,True,2,Right,0.30152672927848617,0.3994936984073093,0.2989795723142047,0.2201250046491623,0.7768048655545711,0.2445102251157253
461,train,8,20,82,156,167,157,167,0.512,0.512,1,620,False,2,Right,0.0022939119414246787,0.9554844925783966,0.04222159548017884,0.8534743785858154,0.9835983635924677,0.0
462,validation,8,20,134,196,233,223,233,0.128,-0.128,0,1140,False,1,Left,0.9950072091547932,0.0036197238737163857,0.00137306697149028,0.947479858994484,0.9807127656594847,0.0
463,test,8,20,66,119,181,171,181,0.0,0.0,1,460,True,3,Sure,0.2867649055356535,0.3083872073587648,0.4048478871055817,0.27071672677993774,0.8058690155963876,0.22296809812642804
464,validation,8,20,91,146,181,171,181,0.256,0.256,1,710,True,2,Right,0.009264844266521483,0.881766897503596,0.10896825822988261,0.7843308933079243,0.9745585515767988,0.14456308953084562
465,train,8,20,127,197,217,207,217,0.0,-0.0,0,1070,False,2,Right,0.26268018000657045,0.6586673982179823,0.07865242177544729,0.6624516695737839,0.9316782768206425,0.0
466,train,8,20,95,169,182,172,182,0.0,-0.0,0,750,False,1,Left,0.6990164849325422,0.2871246007404915,0.01385891432696627,0.2212870568037033,0.6965467961103203,0.0
467,test,8,20,116,180,204,194,204,0.512,-0.512,0,960,True,1,Left,0.9982064550146077,0.00011772133269028313,0.0016758236527019484,1.6845704540610313,0.9995768994920279,0.1380427715378778
468,train,8,20,100,174,218,208,218,0.0,-0.0,0,800,True,2,Right,0.23103982514648655,0.4125503361786665,0.3564098386748469,0.12005031108856201,0.5678808632181948,0.4761870409024673
469,test,8,20,111,164,218,208,218,0.064,-0.064,0,910,True,1,Left,0.735982489173833,0.010201874287290103,0.25381563653887695,1.009787067770958,0.9891454406295453,0.14064335230656688
470,test,8,20,63,129,149,139,149,0.064,-0.064,0,430,True,1,Left,0.42614336839222783,0.40445551353423925,0.16940111807353297,0.04836295545101166,0.5907424969990557,0.44600820301308286
471,validation,8,20,112,182,199,189,199,0.064,-0.064,0,920,False,1,Left,0.9637299049427119,0.032143372857021194,0.004126722200266864,0.758301243185997,0.963192200986049,0.0
472,train,8,20,86,152,197,187,197,0.512,-0.512,0,660,True,1,Left,0.9314395089112384,0.000774552298336087,0.06778593879042545,1.0954892113804817,0.994700011860699,0.13923830417396915
473,test,8,20,74,141,190,180,190,0.512,0.512,1,540,True,2,Right,0.009630115910602022,0.8691479548097927,0.1212219292796052,0.6937314942479134,0.9678727481623438,0.14647628443595762
474,train,8,20,122,184,219,209,219,0.032,-0.032,0,1020,False,1,Left,0.5981229704686091,0.3819465852464929,0.019930444284898007,0.5001098290085793,0.8670798789455598,0.0
475,train,8,20,86,155,195,185,195,0.512,0.512,1,660,True,2,Right,0.0041037974638568776,0.9140371481505403,0.08185905438560272,0.7598065827041864,0.9730219833818695,0.14499612291306868
476,validation,8,20,60,112,177,167,177,0.064,0.064,1,400,False,2,Right,0.05152047664652428,0.8550270155620545,0.09345250779142127,0.6400800123810768,0.964789351937524,0.0
477,train,8,20,121,180,218,208,218,0.512,0.512,1,1010,True,2,Right,0.0007084598420957118,0.9585249635481107,0.04076657660979351,0.9215152114629745,0.9812564312612142,0.14272092995653046
478,test,8,20,71,130,172,162,172,0.032,0.032,1,510,False,2,Right,0.20982815644620145,0.7095274236181718,0.08064441993562665,0.5967473834753036,0.9509694461824806,0.0
479,train,8,20,136,210,232,222,232,0.0,-0.0,0,1160,True,1,Left,0.43219942210513096,0.3789155590382635,0.1888850188566054,0.3587888330221176,0.7334571856101534,0.2819204167138582
480,test,8,20,95,154,190,180,190,0.512,0.512,1,750,True,2,Right,0.0028065456665892583,0.9284638358986956,0.06872961843471495,0.7454614294692874,0.9679039649100737,0.146467174930609
481,test,8,20,110,165,219,209,219,0.512,-0.512,0,900,False,1,Left,0.9995521958367231,0.00012200719867983636,0.00032579696459700556,1.1404194179922342,0.9943259635475866,0.0
482,train,8,20,70,123,174,164,174,0.0,-0.0,0,500,False,1,Left,0.7761414931002255,0.21346813630106104,0.010390370598713523,0.47609786689281464,0.9156215581110568,0.0
483,train,8,20,134,192,246,236,246,0.128,0.128,1,1140,True,2,Right,0.004775701817082928,0.9009952981751728,0.09422900000774434,0.6849634125828743,0.9333285612053067,0.15764501665490416
484,train,8,20,114,169,205,195,205,0.128,0.128,1,940,False,2,Right,0.0024326603313583254,0.956744642124588,0.04082269754405393,0.8274198211729527,0.972881370232382,0.0
485,train,8,20,136,198,230,220,230,0.512,-0.512,0,1160,False,1,Left,0.9998836675647607,1.008347158698281e-05,0.00010624896365231916,1.4044836983084679,0.9978714432641467,0.0
486,train,8,20,108,180,220,210,220,0.256,0.256,1,880,True,2,Right,0.003166305353031871,0.922946596446633,0.07388709820033504,0.6469899332150817,0.9408020273434355,0.15503607838879896
487,train,8,20,94,159,186,176,186,0.128,-0.128,0,740,False,1,Left,0.977321086018771,0.0195662229780304,0.0031126910031983902,0.7388107478618622,0.9672571032592482,0.0
488,train,8,20,115,166,216,206,216,0.032,-0.032,0,950,False,1,Left,0.8160944885822774,0.17464248973448138,0.00926302168324121,0.3838541507720947,0.8003619151255137,0.0
489,train,8,20,139,204,252,242,252,0.0,-0.0,0,1190,False,1,Left,0.8181671583394452,0.17255987574815296,0.00927296591240161,0.6164752691984177,0.9039748387174682,0.0
490,train,8,20,63,121,181,171,181,0.0,0.0,1,430,True,3,Sure,0.2958555014015724,0.29437709645285304,0.4097674021455746,0.2141714245080948,0.7652575636483095,0.25385039128891373
491,train,8,20,74,130,161,151,161,0.032,0.032,1,540,True,2,Right,0.2343300890251221,0.43913873611307935,0.3265311748617986,0.08211076259613037,0.598745762212122,0.43557165992225244
492,train,8,20,139,210,227,217,227,0.032,-0.032,0,1190,False,1,Left,0.9760065588446905,0.020209127182176524,0.003784313973132911,0.7592335566878319,0.949961263570411,0.0
493,train,8,20,139,200,236,226,236,0.128,-0.128,0,1190,True,1,Left,0.9479676556757743,0.001991020856898301,0.050041323467327245,1.113230041693896,0.9908332173454433,0.14021146047589417
494,train,8,20,72,141,189,179,189,0.128,0.128,1,520,True,2,Right,0.028998121095774747,0.7816313315883042,0.18937054731592107,0.5728468745946884,0.944566882725575,0.15376359483397112
495,train,8,20,84,145,184,174,184,0.256,-0.256,0,640,True,1,Left,0.8861225551458329,0.009684769740415943,0.10419267511375103,1.0368792340159416,0.9931106946309793,0.1396355544247394
496,train,8,20,121,182,229,219,229,0.128,0.128,1,1010,False,2,Right,0.0009512050181177964,0.9707595204063877,0.02828927457549458,0.9127851948142052,0.9804510055650107,0.0
497,validation,8,20,72,135,162,152,162,0.128,0.128,1,520,True,2,Right,0.020821868436979432,0.8356857619747954,0.14349236958822514,0.6815797863528132,0.9667472810309135,0.1468058336028416
498,train,8,20,110,177,202,192,202,0.032,-0.032,0,900,False,1,Left,0.8967342304448831,0.09533968141354851,0.007926088141568388,0.6242449581623077,0.9327662020782803,0.0
499,train,8,20,99,166,186,176,186,0.032,0.032,1,790,False,2,Right,0.3229135537239913,0.6096976134011055,0.06738883287490313,0.6315285116434097,0.9425880552352345,0.0
500,test,8,20,107,163,224,214,224,0.512,0.512,1,870,False,2,Right,0.00023630070922456221,0.9834688607692741,0.016294838521501393,0.9488132447004318,0.9860865478497804,0.0
501,train,8,20,78,135,185,175,185,0.256,0.256,1,580,False,2,Right,0.0034549772620840616,0.9501988923912574,0.04634613034665869,0.8449313370510936,0.9836988346342069,0.0
502,test,8,20,116,186,225,215,225,0.512,-0.512,0,960,False,1,Left,0.9996328581753126,6.786484448791848e-05,0.00029927698019951266,1.115258052945137,0.9931061125585006,0.0
503,train,8,20,97,159,184,174,184,0.064,0.064,1,770,False,2,Right,0.020610309911547404,0.8970084504067868,0.0823812396816658,0.9227237850427628,0.9859814345928942,0.0
504,train,8,20,70,124,171,161,171,0.064,0.064,1,500,False,2,Right,0.03467211017853228,0.8730731702065736,0.09225471961489422,0.7155191749334335,0.9723655986323585,0.0
505,train,8,20,129,192,244,234,244,0.128,0.128,1,1090,True,2,Right,0.004766805604473312,0.9020458547074375,0.09318733968808914,0.6372143067419529,0.921625959420091,0.16196014930470376
506,train,8,20,62,125,181,171,181,0.032,-0.032,0,420,False,1,Left,0.7002220816000702,0.2859376536345187,0.01384026476541109,0.6327779144048691,0.9626936536058189,0.0
507,train,8,20,70,122,188,178,188,0.256,-0.256,0,500,False,1,Left,0.980877207163752,0.016043437196228166,0.003079355640019845,0.8651085272431374,0.9865557308111067,0.0
508,test,8,20,68,127,172,162,172,0.512,0.512,1,480,False,2,Right,0.002950802736623592,0.9527110472408836,0.044338150022492695,0.8548667505383492,0.9862036089133772,0.0
509,train,8,20,61,117,176,166,176,0.512,0.512,1,410,False,2,Right,0.003244138783457283,0.9515210996208768,0.04523476159566561,0.8795453682541847,0.9887391825280573,0.0
510,train,8,20,137,203,244,234,244,0.512,-0.512,0,1170,False,1,Left,0.9997771303679513,6.740026666885968e-06,0.00021612960538163186,1.2158809453248978,0.9945757615515487,0.0
511,train,8,20,70,131,184,174,184,0.064,0.064,1,500,False,2,Right,0.3691865597838337,0.5696339286036171,0.06117951161254921,0.5313594192266464,0.9343684809197401,0.0
512,validation,8,20,132,196,237,227,237,0.512,0.512,1,1120,True,2,Right,0.0003560086740001718,0.9679833044451087,0.031660686880891006,0.7524011507630348,0.9523224119923812,0.15122794536158524
513,train,8,20,63,127,157,147,157,0.128,0.128,1,430,False,2,Right,0.017917778607210357,0.900162456970954,0.0819197644218358,0.7566453367471695,0.9791050170239488,0.0
514,test,8,20,120,189,228,218,228,0.0,0.0,1,1000,False,1,Left,0.9258917185146147,0.06658627989064739,0.007522001594737886,0.5398425310850143,0.8903886999770996,0.0
515,test,8,20,132,191,239,229,239,0.0,0.0,1,1120,False,1,Left,0.8422868315328766,0.14918682578111875,0.008526342686004561,0.07935963571071625,0.4225049993874604,0.0
516,validation,8,20,115,176,214,204,214,0.064,0.064,1,950,True,2,Right,0.010942012656497736,0.8702547402895794,0.118803247053923,0.5378368478268385,0.8952138191089969,0.172803979009732
517,train,8,20,112,169,197,187,197,0.512,-0.512,0,920,False,1,Left,0.9995309600463175,0.00027839759887436546,0.00019064235480816894,1.3290875479578972,0.9976919933515545,0.0
518,train,8,20,71,121,165,155,165,0.064,-0.064,0,510,False,1,Left,0.8417268547390767,0.15021278044118852,0.008060364819734742,0.678833469748497,0.9667010142456868,0.0
519,train,8,20,134,197,240,230,240,0.064,0.064,1,1140,False,2,Right,0.0015916429196724245,0.964670524778319,0.03373783230200869,0.8488612473011017,0.9690601225717423,0.0
520,train,8,20,90,159,205,195,205,0.064,-0.064,0,700,True,1,Left,0.7154280871642585,0.030179305181015175,0.2543926076547262,0.8505115732550621,0.9817080783945944,0.14259933075243264
521,validation,8,20,134,204,227,217,227,0.512,0.512,1,1140,True,2,Right,0.00020813680100370777,0.9775870185287132,0.022204844670282976,0.9110226184129715,0.9770160327492745,0.14387866900662782
522,train,8,20,137,189,231,221,231,0.0,-0.0,0,1170,True,3,Sure,0.356366996961148,0.2778092619654784,0.36582374107337357,0.5184676721692085,0.856282303367453,0.1919001850429644
523,train,8,20,130,195,228,218,228,0.128,-0.128,0,1100,True,1,Left,0.9490317048862227,0.0036291233819551226,0.0473391717318223,1.2928128214552999,0.9965770610070878,0.138773998738296
524,train,8,20,60,134,164,154,164,0.512,-0.512,0,400,False,1,Left,0.9854740166524824,0.012397560609298367,0.002128422738219167,0.8322305232286453,0.9860011020401782,0.0
525,train,8,20,113,185,229,219,229,0.064,0.064,1,930,False,2,Right,0.00465275007576289,0.9459459809918762,0.049401268932360874,0.9275201857089996,0.9834378206709656,0.0
526,test,8,20,107,166,224,214,224,0.032,0.032,1,870,True,2,Right,0.02717789822986899,0.7783915159491946,0.1944305858209364,0.6656653191894293,0.9463261398569189,0.15317838858594685
527,train,8,20,98,162,201,191,201,0.032,-0.032,0,780,False,1,Left,0.94362093452674,0.0497248002401673,0.006654265233092734,0.6103532910346985,0.9374026295122804,0.0
528,train,8,20,102,157,188,178,188,0.256,0.256,1,820,True,2,Right,0.005431175266682077,0.9093438155738374,0.08522500915948042,0.6162202898412943,0.9362548387840569,0.15661015252353072
529,train,8,20,93,162,199,189,199,0.256,-0.256,0,730,False,1,Left,0.9917430382758988,0.0066067680163211335,0.0016501937077798654,0.989592045545578,0.9903397601010023,0.0
530,train,8,20,67,129,153,143,153,0.512,0.512,1,470,False,2,Right,0.004830047733035556,0.9387998535837137,0.05637009868325069,0.8558765538036823,0.9864332398196638,0.0
531,validation,8,20,101,173,192,182,192,0.256,0.256,1,810,False,2,Right,0.0018994233380577531,0.9600090879459291,0.038091488716013304,0.8724322356283665,0.981255432389789,0.0
532,train,8,20,112,174,225,215,225,0.0,0.0,1,920,True,2,Right,0.23442501944068866,0.4015106943232113,0.3640642862361,0.13540416955947876,0.5508198042899861,0.4989069303341996
533,train,8,20,86,153,175,165,175,0.512,-0.512,0,660,False,1,Left,0.9971349164489629,0.0023313919340179094,0.0005336916170192735,1.179875060915947,0.9964925779083671,0.0
534,test,8,20,97,148,216,206,216,0.512,0.512,1,770,False,2,Right,0.00039309317634254854,0.97963190204038,0.0199750047832776,0.8793811872601509,0.9827118434063735,0.0
535,train,8,20,74,129,188,178,188,0.128,-0.128,0,540,True,1,Left,0.6493831684932353,0.024477051158755696,0.326139780348009,0.6603319421410561,0.9623588559711583,0.1481118512598566
536,train,8,20,96,162,188,178,188,0.064,-0.064,0,760,False,1,Left,0.8517108343305599,0.14022633670547155,0.008062828963968685,0.49141858518123627,0.8953059946594616,0.0
537,train,8,20,99,154,203,193,203,0.064,0.064,1,790,False,2,Right,0.004278388763302705,0.9469218719414709,0.048799739295226394,0.7241975143551826,0.9628058178698469,0.0
538,validation,8,20,114,174,214,204,214,0.256,-0.256,0,940,False,1,Left,0.9967557713758207,0.00229592849052386,0.0009483001336553345,1.0273979753255844,0.9896730677163089,0.0
539,train,8,20,95,160,209,199,209,0.256,0.256,1,750,True,2,Right,0.007823557305938625,0.8805879984857217,0.11158844420833973,0.6973630599677563,0.9596923897254187,0.14892198698619064
540,train,8,20,108,167,209,199,209,0.512,-0.512,0,880,False,1,Left,0.9995119680484545,0.00021024674460046118,0.00027778520694497294,1.0917864814400673,0.9929756331845713,0.0
541,test,8,20,125,195,235,225,235,0.064,-0.064,0,1050,False,1,Left,0.9635034249156776,0.031340048276695474,0.0051565268076269755,0.24212919175624847,0.6391430976504724,0.0
542,train,8,20,83,137,181,171,181,0.256,-0.256,0,630,True,1,Left,0.8447043719403282,0.009200416245048764,0.14609521181462298,1.0591012239456177,0.9938925124230952,0.1394396647217127
543,train,8,20,130,188,248,238,248,0.064,-0.064,0,1100,True,1,Left,0.7721555719606286,0.0031745627373256946,0.22466986530204575,1.0565677173435688,0.9891540004990699,0.1406411508501732
544,train,8,20,128,184,229,219,229,0.032,0.032,1,1080,True,2,Right,0.12181461763796389,0.5498977439184758,0.32828763844356035,0.5747755663469434,0.8975150600698143,0.17179504568650034
545,train,8,20,136,205,239,229,239,0.0,0.0,1,1160,False,1,Left,0.4931198094522412,0.47633105559295946,0.03054913495479942,0.673964262008667,0.9282974550936652,0.0
546,validation,8,20,139,213,252,242,252,0.256,-0.256,0,1190,True,1,Left,0.966654437017634,0.00020163945230268712,0.03314392353006325,1.1918502058833838,0.9937521742692628,0.13947475966423256
547,test,8,20,117,177,205,195,205,0.0,-0.0,0,970,False,2,Right,0.2694280794855179,0.6539443600084861,0.07662756050599592,0.6236785091459751,0.9270887493048869,0.0
548,validation,8,20,92,152,204,194,204,0.128,0.128,1,720,True,2,Right,0.02197330219250957,0.8062631910732392,0.1717635067342512,0.6747127957642078,0.9566839057688836,0.14985133930229982
549,train,8,20,65,140,167,157,167,0.032,-0.032,0,450,True,1,Left,0.6850856495916702,0.18508382061324385,0.1298305297950858,0.6662399619817734,0.9670359606905021,0.14672109664118782
550,train,8,20,116,176,217,207,217,0.128,-0.128,0,960,True,1,Left,0.8806003056995657,0.005151401473049414,0.11424829282738476,0.9388319924473763,0.9837510681818756,0.14205335647013362
551,train,8,20,107,178,204,194,204,0.032,0.032,1,870,False,2,Right,0.1325987417090931,0.7814308490762762,0.0859704092146306,0.6963666491210461,0.9534921430165674,0.0
552,train,8,20,97,165,187,177,187,0.0,0.0,1,770,True,2,Right,0.2264108020560786,0.49755982221249606,0.2760293757314253,0.32987818121910095,0.7925476665149164,0.2324969378199913
553,train,8,20,94,161,192,182,192,0.064,0.064,1,740,False,2,Right,0.00933517054807453,0.9275649558250579,0.06309987362686749,0.6739720851182938,0.9555192424423555,0.0
554,train,8,20,62,135,156,146,156,0.512,0.512,1,420,True,2,Right,0.008930099084677207,0.8946460896252351,0.09642381129008763,0.617919459939003,0.9599812572817237,0.14883360990675576
555,validation,8,20,122,188,221,211,221,0.0,0.0,1,1020,False,2,Right,0.4377074572971177,0.5222007203070022,0.04009182239588015,0.6068950742483139,0.9168322077860345,0.0
556,train,8,20,96,147,194,184,194,0.0,0.0,1,760,False,2,Right,0.4126718289210835,0.5405956388661048,0.046732532212811685,0.5850767716765404,0.9312663480293301,0.0
557,validation,8,20,70,122,187,177,187,0.064,-0.064,0,500,True,1,Left,0.5454967100326747,0.061418317765235195,0.3930849722020902,0.44367484748363495,0.9024706697955274,0.1696650526671104
558,train,8,20,125,185,213,203,213,0.128,-0.128,0,1050,False,1,Left,0.990140325475678,0.008072247773576235,0.0017874267507458391,0.8898889273405075,0.9771204718148903,0.0
559,train,8,20,65,124,180,170,180,0.128,0.128,1,450,True,2,Right,0.058574872652026454,0.6747237991124025,0.2667013282355709,0.5835210923105478,0.9513108776909803,0.151552234923987
560,train,8,20,119,182,214,204,214,0.512,0.512,1,990,False,2,Right,0.0002466714940054295,0.9828249649301061,0.01692836357588831,1.0013585314154625,0.9875609639147337,0.0
561,train,8,20,139,190,245,235,245,0.128,0.128,1,1190,True,2,Right,0.004556062756410663,0.9024140786676126,0.09302985857597683,0.7591362148523331,0.9499385236058482,0.15199525660823077
562,train,8,20,120,179,237,227,237,0.064,0.064,1,1000,False,2,Right,0.0026368578213642187,0.9579031660317538,0.039459976146882084,0.9004484266042709,0.9794982173428791,0.0
563,validation,8,20,62,113,150,140,150,0.128,-0.128,0,420,True,1,Left,0.6563224984133741,0.12057904484023696,0.22309845674638903,0.3120686709880829,0.8422134291022905,0.199809460196621
564,train,8,20,127,201,240,230,240,0.032,-0.032,0,1070,True,1,Left,0.6572241434172706,0.09384039103549834,0.24893546554723098,0.6064052581787109,0.9119258658384293,0.1657591003796619
565,validation,8,20,101,159,220,210,220,0.0,0.0,1,810,False,1,Left,0.6735929356861996,0.3107928498516243,0.015614214462176066,0.46731026843190193,0.8773306467516325,0.0
566,train,8,20,134,194,236,226,236,0.032,0.032,1,1140,True,2,Right,0.14654138916538767,0.5175644758062724,0.3358941350283399,0.4634198769927025,0.8249776373996138,0.2102875002107028
567,train,8,20,128,178,230,220,230,0.064,0.064,1,1080,True,2,Right,0.025233034851199414,0.7924483169184101,0.18231864823039046,0.48204924538731575,0.8473944732460426,0.1968310211605962
568,train,8,20,118,170,227,217,227,0.128,0.128,1,980,False,2,Right,0.001071785784600209,0.9695249765680872,0.029403237647312525,0.9360172003507614,0.9831333140970052,0.0
569,train,8,20,118,175,219,209,219,0.032,-0.032,0,980,True,1,Left,0.7558015661166871,0.02416929536025967,0.2200291385230532,1.0634268760913983,0.9909097631724179,0.1401919762485187
570,train,8,20,92,153,209,199,209,0.256,-0.256,0,720,False,1,Left,0.9949280820500599,0.0037721384312546817,0.0012997795186854319,0.9550249949097633,0.9887073070259372,0.0
571,validation,8,20,108,182,222,212,222,0.256,-0.256,0,880,True,1,Left,0.9257369710291901,0.001882001937572804,0.0723810270332369,1.0468073710799217,0.9912535239628878,0.1401045844395551
572,train,8,20,72,134,191,181,191,0.0,-0.0,0,520,False,1,Left,0.7742851249225563,0.21532789724215137,0.010386977835292249,0.14473074674606323,0.6752509619110838,0.0
573,train,8,20,76,140,189,179,189,0.032,0.032,1,560,True,2,Right,0.11200321399970477,0.560066140060117,0.3279306459401782,0.371822252869606,0.8581011029712401,0.19091846910268162
574,train,8,20,94,162,185,175,185,0.032,0.032,1,740,True,2,Right,0.05555206398534522,0.7434146400067378,0.20103329600791686,0.4794727936387062,0.8920197607553476,0.17422549092578338
575,test,8,20,92,159,202,192,202,0.032,0.032,1,720,True,2,Right,0.19229934232173587,0.4570061424260132,0.35069451525225104,0.1886429339647293,0.6696670882824889,0.34840037805009744
576,train,8,20,100,156,211,201,211,0.0,-0.0,0,800,True,3,Sure,0.27204464767226366,0.33993385266009424,0.3880214996676421,0.025200888514518738,0.4519424511901737,0.6262780710595937
577,train,8,20,74,142,168,158,168,0.064,0.064,1,540,True,2,Right,0.06062415114116236,0.7219731525587754,0.21740269630006223,0.4226658195257187,0.8883041289732493,0.17591044015262997
578,train,8,20,103,159,220,210,220,0.256,-0.256,0,830,True,1,Left,0.8169710120809535,0.0013836249813604174,0.18164536293768618,0.9376754984259605,0.9859970554110007,0.14146076225261867
579,test,8,20,130,183,227,217,227,0.128,0.128,1,1100,False,2,Right,0.0011036906473843727,0.9685912681326858,0.030305041219929663,0.8309232108294964,0.9678406989955974,0.0
580,validation,8,20,79,147,166,156,166,0.064,-0.064,0,590,True,1,Left,0.8209780347619281,0.13899409128734844,0.040027873950723394,0.9011518284678459,0.9874358365971174,0.141085303212512
581,train,8,20,69,133,159,149,159,0.064,0.064,1,490,True,2,Right,0.040400745693764076,0.7735467978310058,0.18605245647523008,0.27600082010030746,0.8042677241610886,0.2240831499005867
582,train,8,20,103,173,220,210,220,0.512,-0.512,0,830,False,1,Left,0.9995099919846535,0.00011489023694824005,0.00037511777839823916,1.0130104422569275,0.9902870857511098,0.0
583,train,8,20,104,173,218,208,218,0.064,-0.064,0,840,True,1,Left,0.7311183813412605,0.027324598029021215,0.24155702062971826,0.8682429790496826,0.9801825994535538,0.14301135932902664
584,train,8,20,107,171,219,209,219,0.064,0.064,1,870,True,2,Right,0.017479816124148773,0.8305711293527891,0.15194905452306234,0.5033281724900007,0.8881547077852436,0.17597891009979783
585,train,8,20,60,114,172,162,172,0.032,0.032,1,400,False,2,Right,0.3869328747115641,0.5581125155031719,0.054954609785263994,0.023656129837036133,0.5699892196291406,0.0
586,train,8,20,113,178,216,206,216,0.512,-0.512,0,930,True,1,Left,0.9875707082609662,6.363285648313514e-05,0.012365658882550855,1.5154502168297768,0.9990637434000883,0.1381669205589945
587,train,8,20,65,125,166,156,166,0.0,-0.0,0,450,False,1,Left,0.5372534600452603,0.43742599858293474,0.025320541371805033,0.03426770865917206,0.5679933079824403,0.0
588,train,8,20,130,187,233,223,233,0.512,-0.512,0,1100,False,1,Left,0.9998100410006694,1.2509223976966451e-05,0.00017744977535337858,1.2691183909773827,0.9961560600556151,0.0
589,validation,8,20,90,147,195,185,195,0.032,0.032,1,700,True,2,Right,0.24902002535760176,0.3816144875464329,0.3693654870959653,0.09928320348262787,0.572419198903953,0.4701632569342987
590,train,8,20,61,117,156,146,156,0.032,-0.032,0,410,False,1,Left,0.7700405550697221,0.21970863624757575,0.01025080868270222,0.1819992959499359,0.740344386452074,0.0
591,validation,8,20,70,131,178,168,178,0.0,-0.0,0,500,True,3,Sure,0.2847409475425032,0.3276828873833368,0.38757616507416,0.10493412613868713,0.6365925246023738,0.38764632010289735
592,train,8,20,119,191,215,205,215,0.0,0.0,1,990,True,1,Left,0.6545834557121524,0.22714788909198913,0.11826865519585847,0.35594677925109863,0.7690961763177315,0.2506954229505706
593,train,8,20,97,170,184,174,184,0.064,-0.064,0,770,True,1,Left,0.9001044838225669,0.07780191290504171,0.022093603272391377,0.32456330955028534,0.788221265367656,0.23571639811153222
594,validation,8,20,88,156,207,197,207,0.512,-0.512,0,680,True,1,Left,0.8969774946923268,0.0005948743653224839,0.10242763094235079,1.1998529210686684,0.9967420992231919,0.13873342530746796
595,train,8,20,83,152,192,182,192,0.512,-0.512,0,630,True,1,Left,0.9543128525750182,0.001018781007393325,0.04466836641758843,1.2604164420627058,0.9977199182849185,0.13849386117427365
596,train,8,20,106,161,205,195,205,0.0,-0.0,0,860,True,1,Left,0.6388381742987833,0.0745928758424338,0.286568949858783,0.9474154487252235,0.9861575418252901,0.14141872211559986
597,train,8,20,62,133,176,166,176,0.512,0.512,1,420,False,2,Right,0.003132521898578708,0.9521283689012308,0.044739109200190794,0.8606425523757935,0.9875088883686467,0.0
598,train,8,20,99,154,215,205,215,0.128,0.128,1,790,False,2,Right,0.002446039575698855,0.9584745506825753,0.03907940974172589,0.8962352126836777,0.9836813623810421,0.0
599,train,8,20,95,160,196,186,196,0.032,0.032,1,750,False,2,Right,0.26516878885062367,0.6601755419517784,0.07465566919759789,0.5789616107940674,0.9301057934784226,0.0
600,train,8,20,80,138,180,170,180,0.032,0.032,1,600,True,2,Right,0.1353357846665572,0.5333877897285688,0.3312764256048738,0.30806620977818966,0.8081639974397454,0.22138431297072442
601,test,8,20,112,164,230,220,230,0.256,0.256,1,920,True,2,Right,0.008835634990249117,0.8645296514662828,0.12663471354346822,0.7186525873839855,0.9556268276050831,0.1501817772019669
602,train,8,20,62,112,162,152,162,0.128,-0.128,0,420,False,1,Left,0.9240193651525784,0.06931550946820571,0.006665125379215835,0.48145511746406555,0.9246351463863585,0.0
603,train,8,20,92,167,191,181,191,0.128,-0.128,0,720,True,1,Left,0.9246739079490827,0.03416126132808288,0.041164830722834556,0.9719511680305004,0.9895991042895729,0.14052683293798524
604,test,8,20,68,126,156,146,156,0.0,0.0,1,480,True,2,Right,0.23332024418509895,0.443597039684858,0.323082716130043,0.029329851269721985,0.5531089211842547,0.49585492013777327
605,validation,8,20,112,165,206,196,206,0.256,-0.256,0,920,False,1,Left,0.9959102836827972,0.0031611683125534196,0.0009285480046493816,0.9342002421617508,0.9841531410866953,0.0
606,train,8,20,100,158,217,207,217,0.256,0.256,1,800,True,2,Right,0.010275314946219472,0.8590890345383497,0.13063565051543077,0.43955922685563564,0.863314245230369,0.18815515119344406
607,train,8,20,94,159,212,202,212,0.512,0.512,1,740,True,2,Right,0.003707810293576262,0.9113585897205383,0.08493359998588548,0.5626904033124447,0.9255612548150863,0.16047703116879014
608,test,8,20,63,135,179,169,179,0.064,-0.064,0,430,True,1,Left,0.5011897851997096,0.15487329067004932,0.34393692413024113,0.14399296045303345,0.697813345501595,0.31745376486028454
609,train,8,20,93,165,190,180,190,0.512,-0.512,0,730,True,1,Left,0.9934597137006724,0.0008995861588334151,0.005640700140494133,1.3745618648827076,0.9985307764443485,0.13829626983963972
610,train,8,20,97,147,200,190,200,0.256,0.256,1,770,True,2,Right,0.011664202018727966,0.8547099640512605,0.1336258339300115,0.49242077209055424,0.8946356595901076,0.17305945946422585
611,train,8,20,102,155,200,190,200,0.256,-0.256,0,820,True,1,Left,0.8815307408035015,0.0030988409080075557,0.11537041828849104,1.075358347967267,0.9929169048879857,0.1396842521901877
612,train,8,20,115,174,223,213,223,0.0,-0.0,0,950,True,1,Left,0.5146188301577884,0.12047644619654876,0.3649047236456628,0.14150269329547882,0.5492848316088141,0.5009535560485769
613,test,8,20,84,134,177,167,177,0.032,-0.032,0,640,True,1,Left,0.4337685970864992,0.21275714331517478,0.353474259598326,0.08442014455795288,0.5722490456812103,0.47038887512133387
614,train,8,20,74,146,185,175,185,0.512,0.512,1,540,True,2,Right,0.006274574699593858,0.897725651920472,0.09599977337993415,0.7529430910944939,0.9757863674599802,0.14421989013170644
615,train,8,20,65,118,154,144,154,0.064,-0.064,0,450,False,1,Left,0.744496915655412,0.24412995978137894,0.011373124563209035,0.3185720443725586,0.8416527765757044,0.0
616,train,8,20,66,126,181,171,181,0.032,-0.032,0,460,True,3,Sure,0.36705815062403324,0.22485108544006863,0.40809076393589816,0.0821526050567627,0.6217286527408415,0.4061435046510944
617,train,8,20,104,171,215,205,215,0.032,-0.032,0,840,False,1,Left,0.9532796338630053,0.04068003170033689,0.006040334436657758,0.5927846282720566,0.9274211261278079,0.0
618,train,8,20,81,152,199,189,199,0.128,0.128,1,610,True,2,Right,0.018854043794629467,0.8248386836365895,0.15630727256878096,0.6429772253613919,0.9557072058499873,0.1501565796968789
619,train,8,20,116,170,225,215,225,0.512,0.512,1,960,True,2,Right,0.0013644501647261944,0.9411697009542206,0.057465848881053196,0.7844817445147783,0.9659393060899802,0.1470437676274881
620,test,8,20,109,177,207,197,207,0.128,0.128,1,890,True,2,Right,0.0051905004023823365,0.9117849039695705,0.0830245956280472,0.7004512683488429,0.9533125875538562,0.1509123447053392
621,train,8,20,96,171,206,196,206,0.128,-0.128,0,760,False,1,Left,0.9857428427802161,0.011785803090402811,0.0024713541293811822,0.8214638233184814,0.9774183483761176,0.0
622,validation,8,20,133,192,221,211,221,0.256,-0.256,0,1130,True,1,Left,0.9849067311095359,0.0010323838177967387,0.014060885072667409,1.2692595440894365,0.9960178087688133,0.13891178690598338
623,test,8,20,97,163,212,202,212,0.064,0.064,1,770,False,2,Right,0.006595905383067223,0.9384787240160263,0.05492537060090634,0.802651010453701,0.9749932825883318,0.0
624,test,8,20,137,193,224,214,224,0.512,0.512,1,1170,False,2,Right,0.00011319397256659129,0.9874012065819489,0.012485599445484613,0.9784784838557243,0.9827912535472505,0.0
625,train,8,20,104,172,201,191,201,0.064,-0.064,0,840,False,1,Left,0.9486378213893492,0.04560590146788014,0.005756277142770624,0.7591814398765564,0.966602701561883,0.0
626,train,8,20,75,131,161,151,161,0.032,-0.032,0,550,False,1,Left,0.7777486650763974,0.21236875221505946,0.009882582708543064,0.13884016871452332,0.6608136224991676,0.0
627,train,8,20,73,129,191,181,191,0.128,-0.128,0,530,False,1,Left,0.9725517914180118,0.02335159216908939,0.004096616412898749,0.8169044405221939,0.9824095631244409,0.0
628,test,8,20,128,181,239,229,239,0.512,-0.512,0,1080,True,1,Left,0.9609737249567425,7.75609064575174e-06,0.03901851895261162,1.3182558761909604,0.9970498674105693,0.1386578703815753
629,train,8,20,65,129,158,148,158,0.0,0.0,1,450,False,2,Right,0.4171013644074189,0.5374582269509178,0.04544040864166344,0.020097166299819946,0.5508344110695341,0.0
630,validation,8,20,124,182,224,214,224,0.064,-0.064,0,1040,True,1,Left,0.8127923171297059,0.013463997254434751,0.17374368561585937,0.8484541960060596,0.9724237406904328,0.14516578670123614
631,train,8,20,111,168,218,208,218,0.128,0.128,1,910,True,2,Right,0.009710514294051883,0.8680574491667101,0.1222320365392378,0.6255768984556198,0.9324197520691683,0.15796994754645244
632,validation,8,20,132,207,244,234,244,0.512,0.512,1,1120,False,2,Right,6.93803115460265e-05,0.9899747605531527,0.00995585913530142,0.9833381671924144,0.9841581979406816,0.0
633,train,8,20,111,186,209,199,209,0.032,0.032,1,910,True,2,Right,0.024280438703555417,0.8292774433430177,0.14644211795342701,0.6960567198693752,0.951235767181789,0.15157639082131624
634,train,8,20,72,145,189,179,189,0.256,-0.256,0,520,False,1,Left,0.985312479536691,0.012209256962075908,0.0024782635012332082,0.7681397870182991,0.9780137586174789,0.0
635,validation,8,20,70,143,180,170,180,0.128,0.128,1,500,True,2,Right,0.025491739884587066,0.8080780211818965,0.1664302389335166,0.6201629731804132,0.956567554246687,0.14988761054535182
636,test,8,20,71,137,162,152,162,0.032,-0.032,0,510,False,1,Left,0.6863475022306569,0.2991872034422886,0.01446529432705444,0.4568299204111099,0.907001772137821,0.0
637,train,8,20,94,163,197,187,197,0.032,-0.032,0,740,True,1,Left,0.7663361623199967,0.07853325310365993,0.15513058457634338,0.6057022213935852,0.9388748731677315,0.15569817993819846
638,train,8,20,80,136,173,163,173,0.512,-0.512,0,600,False,1,Left,0.9954515761303746,0.0037762588833015337,0.000772164986323763,1.153191864490509,0.9962810492349634,0.0
639,train,8,20,120,174,217,207,217,0.256,0.256,1,1000,False,2,Right,0.0007359529633938562,0.9732916733768917,0.025972373659714554,0.9831293374300003,0.9862487007008579,0.0
640,train,8,20,125,190,225,215,225,0.064,-0.064,0,1050,False,1,Left,0.9825838367347748,0.014482499455013495,0.002933663810211681,0.8563636168837547,0.9731335549985088,0.0
641,train,8,20,106,165,200,190,200,0.512,0.512,1,860,False,2,Right,0.0005268354709605254,0.9764875128872548,0.022985651641784767,1.0377041026949883,0.9910729515973425,0.0
642,test,8,20,76,143,173,163,173,0.512,-0.512,0,560,False,1,Left,0.9939055896294494,0.005064625120224586,0.0010297852503261188,1.1200957894325256,0.9958322185504881,0.0
643,train,8,20,103,164,189,179,189,0.128,0.128,1,830,True,2,Right,0.00654840057603642,0.9060180180662236,0.08743358135774011,0.7053161486983299,0.9574137784137772,0.14962437099363707
644,test,8,20,97,171,202,192,202,0.128,-0.128,0,770,False,1,Left,0.9822959405400387,0.014872906642799314,0.002831152817162148,0.6094888597726822,0.9378592473091714,0.0
645,train,8,20,119,181,235,225,235,0.512,-0.512,0,990,False,1,Left,0.9996615205076322,2.512301628008092e-05,0.0003133564760876718,1.0254268869757652,0.9889329767486623,0.0
646,train,8,20,61,136,177,167,177,0.128,-0.128,0,410,False,1,Left,0.9523240353630043,0.04176522133525878,0.005910743301736898,0.6836492121219635,0.9710435907436072,0.0
647,train,8,20,109,168,213,203,213,0.0,-0.0,0,890,False,2,Right,0.24981301466212216,0.6785139752760433,0.07167301006183466,0.554817071184516,0.9089519787398975,0.0
648,train,8,20,139,214,252,242,252,0.0,0.0,1,1190,False,1,Left,0.9399497637207321,0.05323352451466899,0.006816711764598836,0.8813081979751587,0.9718985070938546,0.0
649,test,8,20,123,188,225,215,225,0.128,0.128,1,1030,True,2,Right,0.004398760828582198,0.9134179336928681,0.08218330547854977,0.8796808049082756,0.9765308986250042,0.14401299215051422
650,train,8,20,108,159,201,191,201,0.256,-0.256,0,880,False,1,Left,0.9937056423377075,0.005066937208264711,0.001227420454027709,0.9717281609773636,0.9874005570663333,0.0
651,train,8,20,118,182,208,198,208,0.064,0.064,1,980,False,2,Right,0.005169152545158097,0.9401322925905621,0.05469855486427984,0.8018731325864792,0.9679007580676369,0.0
652,validation,8,20,101,166,208,198,208,0.032,-0.032,0,810,True,3,Sure,0.3510378744570092,0.28273947931326154,0.3662226462297292,0.3552367836236954,0.8048247130684085,0.22369435993776488
653,train,8,20,64,126,154,144,154,0.128,0.128,1,440,False,2,Right,0.020059967566421266,0.8944511785775873,0.08548885385599135,0.6094339340925217,0.9573753048157738,0.0
654,train,8,20,99,159,202,192,202,0.064,-0.064,0,790,True,1,Left,0.7038251150896891,0.04645108114280365,0.24972380376750708,0.16536325216293335,0.6243158716245326,0.4028904671649378
655,train,8,20,113,174,224,214,224,0.0,-0.0,0,930,False,2,Right,0.350332132773719,0.582229342835162,0.06743852439111907,0.06951823830604553,0.4670981812610054,0.0
656,train,8,20,120,170,205,195,205,0.512,-0.512,0,1000,True,1,Left,0.993756953180946,8.624165190410866e-05,0.006156805167149875,1.675444908440113,0.9995356546937879,0.13805273579004945
657,train,8,20,82,138,183,173,183,0.512,-0.512,0,620,False,1,Left,0.997016526472051,0.0022912452817916134,0.0006922282461573458,1.1400470435619354,0.995937518626751,0.0
658,validation,8,20,94,156,185,175,185,0.032,0.032,1,740,False,2,Right,0.3518665036229163,0.5805307211035814,0.06760277527350236,0.24842500686645508,0.7263741317673141,0.0
659,validation,8,20,62,123,157,147,157,0.0,-0.0,0,420,True,2,Right,0.21633416834043845,0.44978492195374925,0.3338809097058123,0.11114203929901123,0.6654220717884176,0.35327319991280737
660,test,8,20,89,151,174,164,174,0.0,0.0,1,690,False,2,Right,0.47186669879545684,0.49399480364104525,0.03413849756349784,0.0957273542881012,0.571093125514092,0.0
661,validation,8,20,117,170,209,199,209,0.512,0.512,1,970,True,2,Right,0.0010878302439034375,0.9503825974899467,0.04852957226614994,0.8832433633506298,0.9785040303249233,0.14346907953043142
662,validation,8,20,99,165,212,202,212,0.128,-0.128,0,790,False,1,Left,0.9866136716163807,0.010973734249300109,0.0024125941343192793,0.848939374089241,0.9794998420091628,0.0
663,train,8,20,63,115,158,148,158,0.128,0.128,1,430,True,2,Right,0.05083580069761338,0.7127945876123623,0.23636961169002452,0.6647098083049059,0.9675608179060469,0.1465674023369602
664,train,8,20,134,188,226,216,226,0.512,-0.512,0,1140,True,1,Left,0.9935400828788886,1.3846335392356143e-05,0.006446070785718959,1.480198796838522,0.9985666579260761,0.1382875484696781
665,validation,8,20,84,153,175,165,175,0.512,-0.512,0,640,False,1,Left,0.995425316380896,0.003816781435907976,0.0007579021831960401,1.1658670529723167,0.9963327680738523,0.0
666,train,8,20,101,176,194,184,194,0.0,-0.0,0,810,False,1,Left,0.8366715725947061,0.15465554397371217,0.008672883431581771,0.8025302439928055,0.9737750851624771,0.0
667,validation,8,20,127,191,217,207,217,0.512,-0.512,0,1070,True,1,Left,0.9981884002151643,3.525338172251219e-05,0.0017763464031129595,1.601885862648487,0.9992749912954941,0.13811576633798572
668,train,8,20,68,138,158,148,158,0.0,-0.0,0,480,False,1,Left,0.5199046690757588,0.45311870125461456,0.026976629669626644,0.356000080704689,0.8603632835682564,0.0
669,train,8,20,114,181,207,197,207,0.512,-0.512,0,940,False,1,Left,0.9996439184934103,0.00015046390776559404,0.00020561759882418247,1.114089921116829,0.9932307585041461,0.0
670,train,8,20,136,186,238,228,238,0.256,0.256,1,1160,False,2,Right,0.00034298343970954904,0.9807042368889567,0.018952779671333707,0.9691123515367508,0.9822073105055134,0.0
671,test,8,20,127,191,215,205,215,0.128,0.128,1,1070,True,2,Right,0.0028020006166336797,0.9353743721587641,0.06182362722460222,0.6783601269125938,0.9364890108803776,0.15652808452617778
672,train,8,20,83,153,179,169,179,0.128,0.128,1,630,False,2,Right,0.006771429249761192,0.9330113266759671,0.06021724407427144,0.8902955651283264,0.9861113757702428,0.0
673,train,8,20,111,183,212,202,212,0.512,-0.512,0,910,False,1,Left,0.9996161815171218,0.00013154865137815478,0.000252269831499859,1.117570087313652,0.99357964125499,0.0
674,train,8,20,81,131,194,184,194,0.128,-0.128,0,610,False,1,Left,0.9791365318473236,0.017652337597684573,0.0032111305549917825,0.7727077901363373,0.9760851757004939,0.0
675,train,8,20,88,159,175,165,175,0.032,-0.032,0,680,False,1,Left,0.7814659974149718,0.20852474203451998,0.010009260550508197,0.4627566784620285,0.8910721850933602,0.0
676,test,8,20,108,165,197,187,197,0.0,0.0,1,880,False,1,Left,0.9404605082219295,0.05339089334044058,0.006148598437629769,0.8841263651847839,0.9807536167425195,0.0
677,train,8,20,95,159,194,184,194,0.032,-0.032,0,750,False,1,Left,0.7440568348247678,0.24431992851561807,0.011623236659614119,0.5308329313993454,0.9130802737448812,0.0
678,train,8,20,65,120,150,140,150,0.256,-0.256,0,450,True,1,Left,0.8961231247104283,0.03904084710513324,0.06483602818443843,1.196912758052349,0.9974932061835344,0.13854927970081404
679,validation,8,20,117,184,232,222,232,0.512,0.512,1,970,True,2,Right,0.0008288451284868229,0.9535764293305341,0.045594725540979195,0.85727958381176,0.9756503855655602,0.1442577769430986
680,train,8,20,95,163,181,171,181,0.064,0.064,1,750,False,2,Right,0.0685575013016265,0.8268329285835572,0.10460957011481617,0.8078342899680138,0.9761740341967462,0.0
681,train,8,20,120,180,222,212,222,0.064,-0.064,0,1000,True,1,Left,0.8115070590499254,0.014251900483902952,0.17424104046617164,0.9099751636385918,0.9804174100947106,0.14294769360174842
682,train,8,20,128,198,241,231,241,0.0,0.0,1,1080,False,2,Right,0.3294230737423639,0.6033467708342498,0.06723015542338626,0.45610511302948,0.8301703953075286,0.0
683,train,8,20,104,166,196,186,196,0.512,-0.512,0,840,True,1,Left,0.9930695520130575,0.00033520608538395403,0.006595241901558564,1.426816988736391,0.998702077282568,0.1382546503674345
684,train,8,20,110,161,205,195,205,0.0,0.0,1,900,False,1,Left,0.578682979609855,0.3999189410792826,0.021398079310862256,0.17377279698848724,0.6026732515210065,0.0
685,train,8,20,83,145,176,166,176,0.512,0.512,1,630,True,2,Right,0.004828365912847573,0.9137605458933468,0.08141108819380583,0.7106847241520882,0.9670797931229483,0.14670824297204454
686,validation,8,20,127,195,227,217,227,0.032,0.032,1,1070,True,2,Right,0.03355392539868008,0.7864931722002062,0.17995290240111378,0.5804342143237591,0.9011236997764145,0.17023827635870542
687,train,8,20,87,154,195,185,195,0.064,-0.064,0,670,True,1,Left,0.5626057927540506,0.13585294674308002,0.30154126050286933,0.3358859568834305,0.8161421284495959,0.21600861605070676
688,train,8,20,137,201,228,218,228,0.064,0.064,1,1170,False,2,Right,0.0029649271460819326,0.9543887402717601,0.042646332582157734,0.9110136106610298,0.9761886896743119,0.0
689,train,8,20,128,187,232,222,232,0.512,0.512,1,1080,True,2,Right,0.0005584114281493867,0.9609421906480764,0.038499397923774326,0.7865234762430191,0.9612208719254657,0.14845605043116272
690,train,8,20,126,192,227,217,227,0.128,0.128,1,1060,False,2,Right,0.0009315835452398046,0.9707066694996046,0.02836174695515557,0.7332327160984278,0.9513204942105481,0.0
691,validation,8,20,132,207,245,235,245,0.256,-0.256,0,1120,True,1,Left,0.9670357943513179,0.0002989997141630898,0.03266520593451905,1.1572285816073418,0.9931967778209476,0.1396139406023913
692,train,8,20,130,198,229,219,229,0.0,0.0,1,1100,True,1,Left,0.5586676382774393,0.2236587470038614,0.21767361471869928,0.4676598757505417,0.8347258478696509,0.2042523773113396
693,train,8,20,70,132,156,146,156,0.064,-0.064,0,500,False,1,Left,0.8597677078844187,0.1325977164359995,0.0076345756795819205,0.697184607386589,0.9698391314163182,0.0
694,train,8,20,86,149,174,164,174,0.032,0.032,1,660,True,2,Right,0.08601855397747314,0.6729356602669077,0.24104578575561927,0.30146585032343864,0.7913959348646165,0.23334796508702915
695,train,8,20,124,181,230,220,230,0.512,0.512,1,1040,True,2,Right,0.0007542567726152372,0.9550939085676733,0.044151834659711675,0.7571467664092779,0.9574748579767766,0.14960542091749196
696,train,8,20,68,121,153,143,153,0.256,0.256,1,480,True,2,Right,0.024145100340381944,0.8178960264483586,0.1579588732112595,0.5626743342727423,0.9444746684234687,0.15379443362345852
697,train,8,20,138,210,244,234,244,0.256,0.256,1,1180,False,2,Right,0.00027605893102256463,0.9823863959552386,0.017337545113738775,0.9139575511217117,0.9762446273726838,0.0
698,train,8,20,124,177,219,209,219,0.0,-0.0,0,1040,True,2,Right,0.2451400800989969,0.3939418423261616,0.3609180775748415,0.2430821880698204,0.6429944872382616,0.37983184806633646
699,validation,8,20,111,166,224,214,224,0.256,-0.256,0,910,False,1,Left,0.997525009181613,0.0015688787912761563,0.000906112027110717,0.9433346763253212,0.9850170661723393,0.0
700,train,8,20,111,166,206,196,206,0.0,0.0,1,910,True,2,Right,0.21711089684473567,0.4353554545421515,0.34753364861311287,0.0894937515258789,0.4976154286208318,0.5691447671107389
701,train,8,20,114,173,213,203,213,0.128,0.128,1,940,True,2,Right,0.006792806696054613,0.8934666950961422,0.09974049820780329,0.6703093647956848,0.9431114500520364,0.1542522469520401
702,train,8,20,103,167,213,203,213,0.0,-0.0,0,830,True,3,Sure,0.3560019087912945,0.26068358913544937,0.3833145020732561,8.466839790344238e-05,0.41280082140789226,0.6711624310019071
703,train,8,20,77,133,164,154,164,0.512,-0.512,0,570,True,1,Left,0.9729077840076122,0.004812208411923051,0.02228000758046477,1.3494279980659485,0.9986291418416932,0.138272365601875
704,validation,8,20,74,145,189,179,189,0.128,0.128,1,540,False,2,Right,0.007053548606053948,0.9363416169123304,0.05660483448161556,0.8121590800583363,0.9817877615370587,0.0
705,train,8,20,90,149,198,188,198,0.0,-0.0,0,700,True,2,Right,0.23098742374282794,0.4069723416682883,0.36204023458888374,0.15794579684734344,0.6410588261313315,0.3821843261188869
706,test,8,20,60,119,169,159,169,0.128,0.128,1,400,True,2,Right,0.05426718855889413,0.6940607355077522,0.2516720759333537,0.6278717890381813,0.9626938418780225,0.14801096686022963
707,test,8,20,130,202,238,228,238,0.256,-0.256,0,1100,False,1,Left,0.9987152769410109,0.0005690230353854769,0.0007157000236036846,0.8294788151979446,0.9676190714518601,0.0
708,train,8,20,112,171,224,214,224,0.032,0.032,1,920,True,2,Right,0.1233780675735291,0.5353420324983452,0.3412798999281256,0.4101884365081787,0.825507440236621,0.20995209343880283
709,train,8,20,64,114,166,156,166,0.128,-0.128,0,440,True,1,Left,0.5464372753235536,0.09359647283044682,0.35996625184599956,0.633139967918396,0.9618832615185591,0.14825542221249122
710,train,8,20,101,172,216,206,216,0.0,0.0,1,810,False,1,Left,0.8688189782091911,0.122709382326799,0.00847163946400997,0.40270939469337463,0.8388883039032348,0.0
711,train,8,20,135,192,241,231,241,0.064,-0.064,0,1150,True,1,Left,0.7944049095597338,0.00580367372232517,0.19979141671794104,1.0148836579173803,0.9859081181904624,0.14148407712524652
712,train,8,20,79,143,189,179,189,0.064,0.064,1,590,True,2,Right,0.04030938092504968,0.7438172312317062,0.21587338784324425,0.45749394223093987,0.8988382208321845,0.17122065440907608
713,train,8,20,97,154,207,197,207,0.128,0.128,1,770,True,2,Right,0.016644473955659444,0.8295126284896146,0.15384289755472602,0.5068489573895931,0.9011336052632658,0.17023404541073917
714,train,8,20,69,135,177,167,177,0.064,-0.064,0,490,True,1,Left,0.4014572509766702,0.2422912122067961,0.3562515368165336,0.09907437860965729,0.6327120248038324,0.39242922296781485
715,train,8,20,104,166,217,207,217,0.256,-0.256,0,840,True,1,Left,0.8634702511672346,0.0013914085357909414,0.13513834029697464,1.0458517745137215,0.9916229445169163,0.14001086999634388
716,train,8,20,138,205,241,231,241,0.512,0.512,1,1180,True,2,Right,0.00023650506753068352,0.9735990585882439,0.02616443634422545,0.8561454117298126,0.968685195759539,0.14623974522723215
717,test,8,20,138,188,235,225,235,0.032,-0.032,0,1180,True,1,Left,0.7332885410498082,0.021685024891703517,0.2450264340584883,1.0675342753529549,0.9886877526191281,0.14076122655324275
718,train,8,20,76,142,195,185,195,0.032,-0.032,0,560,True,1,Left,0.4434248445767593,0.1634210095537451,0.39315414586949565,0.3338770717382431,0.8338505103400696,0.20478261267880332
719,train,8,20,85,155,179,169,179,0.128,0.128,1,650,True,2,Right,0.010696203009148524,0.883000837817644,0.10630295917320746,0.7739696018397808,0.975084374671009,0.1444158055265416
720,train,8,20,66,136,168,158,168,0.0,-0.0,0,460,True,2,Right,0.20887909806149324,0.4648098970052332,0.32631100493327364,0.16707082837820053,0.713844850343493,0.3009484868235952
721,train,8,20,91,141,210,200,210,0.0,-0.0,0,710,False,1,Left,0.6146834869496234,0.366439657714022,0.018876855336354734,0.09921911358833313,0.5693887831610212,0.0
722,train,8,20,76,127,184,174,184,0.064,-0.064,0,560,False,1,Left,0.9049600212827752,0.0877152151034314,0.0073247636137934976,0.6545731723308563,0.9604137852308307,0.0
723,train,8,20,78,146,164,154,164,0.128,-0.128,0,580,True,1,Left,0.9252199325804333,0.05317738366350165,0.0216026837560649,0.9389944337308407,0.9896693469828397,0.14050882003843607
724,test,8,20,89,152,183,173,183,0.512,-0.512,0,690,True,1,Left,0.9849781657098431,0.0012891976850212118,0.013732636605135656,1.4279310647398233,0.9989224625601053,0.13820116846212682
725,train,8,20,107,175,214,204,214,0.0,-0.0,0,870,False,1,Left,0.679552383783479,0.30536202014716024,0.0150855960693607,0.019742995500564575,0.4245722767961517,0.0
726,test,8,20,128,181,239,229,239,0.0,0.0,1,1080,True,3,Sure,0.2858028966528104,0.3134541740194982,0.4007429293276914,0.10504268109798431,0.4655336337542983,0.6097372978431729
727,validation,8,20,110,160,225,215,225,0.256,0.256,1,900,True,2,Right,0.00984935008232216,0.8584779612376998,0.1316726886799781,0.5688189985230565,0.9135401418514014,0.16511249626324342
728,train,8,20,117,183,202,192,202,0.064,-0.064,0,970,False,1,Left,0.9603342195632356,0.035168318317106165,0.004497462119658202,0.7672620043158531,0.9626117414307599,0.0
729,train,8,20,133,202,219,209,219,0.512,0.512,1,1130,True,2,Right,0.00022580387673063937,0.9782025534581285,0.021571642665141038,1.0099229700863361,0.9859044659188286,0.14148503483232666
730,train,8,20,61,131,146,136,146,0.256,-0.256,0,410,True,1,Left,0.921307778574645,0.06281195219631423,0.015880269229040758,1.2071558833122253,0.9977279358323,0.13849190271437234
731,validation,8,20,71,144,181,171,181,0.064,0.064,1,510,True,2,Right,0.04955324210004682,0.7283178238862394,0.22212893401371372,0.567297138273716,0.9437649353225559,0.15403233612302103
732,train,8,20,107,158,204,194,204,0.032,-0.032,0,870,False,1,Left,0.9216576705491336,0.07140027634113007,0.006942053109736406,0.4764377772808075,0.8743417440510516,0.0
733,test,8,20,108,177,224,214,224,0.128,-0.128,0,880,False,1,Left,0.9918548936017771,0.006365351310911339,0.0017797550873115526,0.978863924741745,0.9878293692635131,0.0
734,validation,8,20,137,189,246,236,246,0.032,0.032,1,1170,True,2,Right,0.14532003820330933,0.49917059967433497,0.35550936212235573,0.5833535296842456,0.8912488211841376,0.17457230988199135
735,train,8,20,84,149,169,159,169,0.0,0.0,1,640,True,2,Right,0.12822468690480293,0.62855028794086,0.24322502515433694,0.3146878182888031,0.8057201263834649,0.2230714296529906
736,validation,8,20,104,166,191,181,191,0.512,0.512,1,840,False,2,Right,0.0007188075864440037,0.9728732758747685,0.02640791653878763,0.9777413234114647,0.9883322545323083,0.0
737,train,8,20,71,135,175,165,175,0.128,0.128,1,510,True,2,Right,0.031826794017629625,0.7807110539107025,0.187462152071668,0.4788298715138808,0.9157271833267967,0.16424571263435084
738,train,8,20,68,142,186,176,186,0.128,0.128,1,480,True,2,Right,0.027524066392298485,0.7920820992784562,0.1803938343292452,0.43927809223532677,0.9026911942179301,0.16957160921817316
739,validation,8,20,100,150,200,190,200,0.0,0.0,1,800,True,3,Sure,0.30280068341586236,0.2999199073663928,0.39727940921774485,0.08270430564880371,0.5224133260494646,0.5366789066499832
740,train,8,20,116,181,208,198,208,0.064,-0.064,0,960,True,1,Left,0.9224911583724973,0.02238673283466488,0.05512210879283787,0.9243688881397247,0.9825751982318705,0.14236678683880216
741,train,8,20,69,131,174,164,174,0.256,-0.256,0,490,True,1,Left,0.8050939702360292,0.017176181635401713,0.17772984812856896,1.048011191189289,0.9945485182872786,0.13927600662940925
742,train,8,20,93,146,204,194,204,0.512,0.512,1,730,False,2,Right,0.0005984887320022786,0.9755674414570935,0.023834069810904225,0.9650891870260239,0.9891172786582051,0.0
743,validation,8,20,85,143,175,165,175,0.256,0.256,1,650,True,2,Right,0.010142164527449118,0.8793040537852841,0.11055378168726662,0.6694278717041016,0.9590413299175976,0.14912172287858638
744,validation,8,20,137,208,248,238,248,0.128,0.128,1,1170,True,2,Right,0.002119560303074945,0.9347772489831885,0.06310319071373667,0.7306636273860931,0.9441364521506743,0.15390768223105328
745,train,8,20,112,181,199,189,199,0.032,0.032,1,920,True,2,Right,0.21545880056245773,0.5347305163478608,0.2498106830896814,0.6013873666524887,0.9236889945847457,0.16117853190231385
746,train,8,20,130,181,244,234,244,0.032,-0.032,0,1100,True,1,Left,0.6325083352305063,0.02308236588406163,0.344409298885432,0.21326327323913574,0.5913474466175718,0.44521651589082983
747,train,8,20,98,156,188,178,188,0.128,-0.128,0,780,True,1,Left,0.8954606455053409,0.02708000583921889,0.07745934865544035,1.0428037587553263,0.9920862135769869,0.13989364130073073
748,train,8,20,103,177,188,178,188,0.512,-0.512,0,830,True,1,Left,0.9980830530548594,0.0010658363331699395,0.0008511106119705441,1.4265294764190912,0.9987158000449784,0.13825131812660807
749,validation,8,20,120,193,220,210,220,0.064,0.064,1,1000,True,2,Right,0.004522426910077382,0.9189801550000375,0.07649741808988506,0.6539122201502323,0.9343302021483484,0.15728884174496444
750,train,8,20,129,201,228,218,228,0.0,0.0,1,1090,True,2,Right,0.3079953694816465,0.4011564388137751,0.2908481917045783,0.23621921241283417,0.6211392007223572,0.40688651137465626
751,train,8,20,66,125,162,152,162,0.0,0.0,1,460,True,2,Right,0.2607805256182748,0.38574441923476516,0.35347505514696,0.1498262882232666,0.6962284072995332,0.3191309180507229
752,validation,8,20,88,158,182,172,182,0.512,0.512,1,680,False,2,Right,0.0013610845644865285,0.9648517288357189,0.033787186599794676,0.944401953369379,0.9886628584654791,0.0
753,train,8,20,78,152,191,181,191,0.064,0.064,1,580,True,2,Right,0.03390095762217124,0.7753481187439428,0.19075092363388602,0.40348541736602783,0.8733678770292725,0.18303343521165183
754,train,8,20,137,202,222,212,222,0.064,0.064,1,1170,True,2,Right,0.004679149368834455,0.9225966666154296,0.07272418401573591,0.7883734293282032,0.9573405990722695,0.14964708395609505
755,validation,8,20,65,117,177,167,177,0.0,0.0,1,450,True,3,Sure,0.2601784550740373,0.35595331778508565,0.38386822714087704,0.02100907266139984,0.5519427247859978,0.49740973649308573
756,train,8,20,65,125,150,140,150,0.512,-0.512,0,450,False,1,Left,0.9814422055626029,0.016625878460986687,0.0019319159764101985,0.9861696660518646,0.9929717875455527,0.0
757,train,8,20,94,168,194,184,194,0.032,-0.032,0,740,False,1,Left,0.9165136730237166,0.0763930238468512,0.007093303129432427,0.42406319081783295,0.862864594242136,0.0
758,train,8,20,116,180,215,205,215,0.128,0.128,1,960,True,2,Right,0.005288791455415712,0.9076654762701603,0.08704573227442396,0.7081467842217535,0.9511952012610584,0.15158944139707664
759,train,8,20,126,199,217,207,217,0.256,0.256,1,1060,True,2,Right,0.0010356029555310712,0.9594487205607656,0.03951567648370326,0.783712855540216,0.9616030388771818,0.14834020255090752
760,train,8,20,104,175,209,199,209,0.256,-0.256,0,840,True,1,Left,0.9588209069505966,0.0023707847223893306,0.03880830832701407,1.2567689027637243,0.9970120415537436,0.13866714881772357
761,test,8,20,69,128,174,164,174,0.0,-0.0,0,490,False,1,Left,0.5249606605909587,0.4484983435868618,0.026540995822179392,0.14276254177093506,0.6810340161348797,0.0
762,test,8,20,85,135,204,194,204,0.128,-0.128,0,650,True,1,Left,0.6711000434497089,0.011345160385930204,0.31755479616436094,0.6408639699220657,0.9531590515267827,0.15096116256924375
763,test,8,20,136,187,249,239,249,0.0,-0.0,0,1160,False,1,Left,0.6936270307179919,0.2919349513698669,0.014438017912141037,0.45750169083476067,0.8171643857982723,0.0
764,train,8,20,80,132,194,184,194,0.0,0.0,1,600,False,1,Left,0.5282302749435801,0.4454227357918028,0.026346989264617177,0.527460128068924,0.9252628295210598,0.0
765,train,8,20,72,141,170,160,170,0.064,-0.064,0,520,True,1,Left,0.7093695716781193,0.15380293387501914,0.13682749444686157,0.6465015560388565,0.9607380614333411,0.14860277815423617
766,validation,8,20,96,153,193,183,193,0.128,0.128,1,760,False,2,Right,0.00348595499297812,0.9497323892907991,0.04678165571622285,0.8829670622944832,0.9832088362409732,0.0
767,validation,8,20,66,116,161,151,161,0.0,-0.0,0,460,True,2,Right,0.2476612817991982,0.3859966931339948,0.3663420250668069,0.1170177310705185,0.661099819562692,0.35828691384362377
768,test,8,20,122,189,234,224,234,0.064,0.064,1,1020,False,2,Right,0.0017358139159506202,0.9635764891372961,0.0346876969467533,0.8400351703166962,0.9719572389507132,0.0
769,train,8,20,113,177,232,222,232,0.064,0.064,1,930,True,2,Right,0.04181137579407869,0.7275986959733276,0.23058992823259367,0.49983615800738335,0.8789514746755994,0.18030397374280233
770,train,8,20,130,183,217,207,217,0.0,-0.0,0,1100,True,2,Right,0.28610207817252614,0.3769659709205523,0.33693195090692163,0.006082773208618164,0.34334388789252357,0.738898038801433
771,validation,8,20,79,129,196,186,196,0.512,-0.512,0,590,True,1,Left,0.8283841611880958,0.0008223480313883152,0.17079349078051598,1.1165203172713518,0.9956031501638439,0.13901425002069745
772,train,8,20,84,138,191,181,191,0.0,-0.0,0,640,True,3,Sure,0.2528307941398888,0.37316720786435653,0.3740019979957546,0.0070981234312057495,0.4777938672546055,0.5944578590875578
773,train,8,20,91,143,208,198,208,0.032,0.032,1,710,False,2,Right,0.08281240480236238,0.8286984427446024,0.08848915245303518,0.5768314581364393,0.9325207644318232,0.0
774,train,8,20,120,183,208,198,208,0.128,-0.128,0,1000,True,1,Left,0.9645740023772994,0.009590873768925184,0.02583512385377546,1.167901523411274,0.9944070513035572,0.13931124476963086
775,test,8,20,84,151,202,192,202,0.512,-0.512,0,640,True,1,Left,0.9051410057982403,0.0004849893023891806,0.09437400489937056,1.1607781872153282,0.9962402665617822,0.1388569223518452
776,train,8,20,69,129,188,178,188,0.032,-0.032,0,490,True,3,Sure,0.2913912174540141,0.3030385023567025,0.4055702801892834,0.04479445517063141,0.568851955994822,0.47489709249323003
777,train,8,20,109,180,225,215,225,0.128,-0.128,0,890,True,1,Left,0.83680268389548,0.004819734000670607,0.1583775821038495,0.9594870284199715,0.9864699763977605,0.14133699404905903
778,train,8,20,110,182,217,207,217,0.0,0.0,1,900,True,2,Right,0.22495571919564344,0.4375511437865366,0.33749313701781997,0.05109530687332153,0.45359623008896244,0.6242893534441236
779,train,8,20,95,165,182,172,182,0.032,0.032,1,750,False,2,Right,0.1624973775523687,0.7592352049982907,0.07826741744934076,0.5624731834977865,0.9246520565232225,0.0
780,train,8,20,119,179,236,226,236,0.032,0.032,1,990,False,2,Right,0.006797249564050728,0.9387060869779844,0.054496663457964986,0.6995846088975668,0.9474323352814923,0.0
781,train,8,20,72,122,160,150,160,0.0,0.0,1,520,True,2,Right,0.24478951625907835,0.402676949022349,0.3525335347185727,0.05544935166835785,0.5728170628791034,0.46963577571543225
782,train,8,20,75,140,176,166,176,0.512,-0.512,0,550,False,1,Left,0.9943174679081516,0.004645191725901195,0.001037340365947183,1.063430167734623,0.994567065176023,0.0
783,train,8,20,88,142,188,178,188,0.064,-0.064,0,680,False,1,Left,0.9348179898073108,0.058728061790038755,0.006453948402650518,0.5904736816883087,0.9387317654734678,0.0
784,train,8,20,136,189,252,242,252,0.128,-0.128,0,1160,True,1,Left,0.8178241632666097,0.0009968349848409066,0.18117900174854937,0.8964789621531963,0.9747692141596807,0.14450402745934088
785,train,8,20,61,130,163,153,163,0.256,0.256,1,410,True,2,Right,0.022161475378174818,0.8246950835285048,0.15314344109332043,0.7425699606537819,0.9781632579109041,0.14356256197394474
786,validation,8,20,118,183,231,221,231,0.512,-0.512,0,980,False,1,Left,0.9997035356592215,2.4952798605382983e-05,0.00027151154217304555,1.1685063168406487,0.9945556773432387,0.0
787,validation,8,20,108,176,211,201,211,0.064,0.064,1,880,False,2,Right,0.0043325916660462835,0.947274775470653,0.04839263286330079,0.8588115144520998,0.9782598686942022,0.0
788,test,8,20,78,147,196,186,196,0.256,-0.256,0,580,True,1,Left,0.7956211179948168,0.006974487180607715,0.19740439482457553,0.8245141059160233,0.9820096317997133,0.14251832396143288
789,test,8,20,83,143,202,192,202,0.0,-0.0,0,630,False,2,Right,0.36621418219158247,0.5712991819936954,0.062486635814722115,0.5534203890711069,0.9313419062980955,0.0
790,train,8,20,74,132,159,149,159,0.0,0.0,1,540,True,2,Right,0.3622837232917794,0.3688496324494192,0.2688666442588013,0.10277724266052246,0.6228787415880365,0.4046957887127497
791,train,8,20,74,129,172,162,172,0.256,0.256,1,540,False,2,Right,0.005184082153635222,0.9396129091820669,0.05520300866429798,0.8484897129237652,0.9847196497758514,0.0
792,train,8,20,139,194,234,224,234,0.256,0.256,1,1190,True,2,Right,0.0014230058561557901,0.9444364945968925,0.054140499546951604,0.7364818304777145,0.9443720699542445,0.15382876443048626
793,validation,8,20,107,169,219,209,219,0.064,0.064,1,870,True,2,Right,0.01657564854667258,0.8326972626249487,0.15072708882837874,0.6477391086518764,0.9416723985627563,0.15473944535775946
794,test,8,20,129,203,243,233,243,0.128,-0.128,0,1090,True,1,Left,0.9155905673255402,0.002114501408637093,0.08229493126582266,1.1834476827643812,0.9942255714448462,0.1393564936554309
795,train,8,20,89,142,181,171,181,0.256,0.256,1,690,True,2,Right,0.011668676548564811,0.8652488383755766,0.12308248507585859,0.6758503541350365,0.9583816455734023,0.14932488179322922
796,train,8,20,137,192,227,217,227,0.032,0.032,1,1170,False,2,Right,0.003827544836588881,0.9492215883734861,0.04695086678992508,0.7227213140577078,0.9420421856582946,0.0
797,validation,8,20,119,193,222,212,222,0.064,-0.064,0,990,True,1,Left,0.9153887274227257,0.020151841505491604,0.06445943107178279,1.0358459502458572,0.9894794661910771,0.14055753015521977
798,validation,8,20,135,195,233,223,233,0.128,0.128,1,1150,True,2,Right,0.003000183321198242,0.9256289768264869,0.07137083985231496,0.681454062461853,0.9314821117628501,0.15830695555088464
799,train,8,20,120,177,229,219,229,0.512,0.512,1,1000,False,2,Right,0.0001473808333294934,0.9863179346310813,0.013534684535589156,0.9055920001119375,0.979999624730932,0.0
800,test,8,20,83,144,186,176,186,0.0,0.0,1,630,True,2,Right,0.24406284331588884,0.39533487921225546,0.3606022774718557,0.2260872721672058,0.7308933691164324,0.28433392695614684
801,train,8,20,85,157,176,166,176,0.032,-0.032,0,650,True,1,Left,0.7721854851338539,0.17631030797906405,0.05150420688708205,0.6092634201049805,0.9457182689309465,0.15337992115666454
802,validation,8,20,81,142,172,162,172,0.064,0.064,1,610,True,2,Right,0.10882927523900013,0.6162946401591596,0.2748760846018404,0.3250996023416519,0.8190257731899665,0.21411481496388063
803,train,8,20,94,156,212,202,212,0.064,0.064,1,740,True,2,Right,0.030643933728589406,0.7661897139576974,0.2031663523137131,0.575817633420229,0.9298849519562975,0.1588851676490825
804,train,8,20,69,119,155,145,155,0.032,0.032,1,490,False,2,Right,0.17550638795255263,0.7384328941816599,0.08606071786578752,0.41747981030493975,0.8917102927043025,0.0
805,train,8,20,128,195,221,211,221,0.512,-0.512,0,1080,False,1,Left,0.9997998746943152,4.3540859791739954e-05,0.00015658444589312443,1.297959916293621,0.9967415112090481,0.0
806,train,8,20,85,142,195,185,195,0.256,-0.256,0,650,True,1,Left,0.7921967164272676,0.005067885356321491,0.2027353982164109,1.1465741973370314,0.9959209125786965,0.13893570729595672
807,train,8,20,103,165,195,185,195,0.128,-0.128,0,830,False,1,Left,0.9829915102552013,0.014553855044233541,0.002454634700565161,0.9390048384666443,0.9860869508533338,0.0
808,train,8,20,77,129,183,173,183,0.064,-0.064,0,570,False,1,Left,0.8282632122096556,0.1627601386206778,0.00897664916966644,0.7109378129243851,0.9693434095472984,0.0
809,train,8,20,62,132,166,156,166,0.256,0.256,1,420,False,2,Right,0.008481388606551449,0.9276513035711293,0.06386730782231939,0.8894836343824863,0.9891413660706255,0.0
810,validation,8,20,76,145,171,161,171,0.0,0.0,1,560,False,2,Right,0.24109611115785903,0.6795006584202529,0.07940323042188807,0.6069036722183228,0.9504833956209441,0.0
811,train,8,20,69,135,158,148,158,0.512,0.512,1,490,False,2,Right,0.004116986572109405,0.9436541394127156,0.05222887401517492,0.857127919793129,0.9861907388094523,0.0
812,train,8,20,64,116,172,162,172,0.0,0.0,1,440,False,1,Left,0.5743706577900463,0.4038092315068872,0.021820110703066612,0.3069358915090561,0.8355466838544507,0.0
813,validation,8,20,135,201,227,217,227,0.064,0.064,1,1150,False,2,Right,0.004108867826164007,0.9461665464669705,0.04972458570686529,0.7586813643574715,0.9520807652811722,0.0
814,validation,8,20,101,172,186,176,186,0.0,0.0,1,810,False,1,Left,0.6972784977734174,0.28907231833610375,0.013649183890478828,0.11649250984191895,0.560618788497813,0.0
815,train,8,20,112,178,201,191,201,0.256,0.256,1,920,False,2,Right,0.0013334612268591367,0.9653114678207497,0.0333550709523912,0.9748830050230026,0.9869869230464721,0.0
816,test,8,20,79,152,184,174,184,0.0,-0.0,0,590,False,1,Left,0.6582032209923023,0.3254529933755649,0.016343785632132724,0.3071356527507305,0.8093215023303788,0.0
817,train,8,20,68,143,172,162,172,0.128,-0.128,0,480,True,1,Left,0.8819880805038768,0.04008397783090616,0.07792794166521702,1.0184315787628293,0.9937761279118783,0.13946876738293984
818,train,8,20,104,171,199,189,199,0.0,0.0,1,840,True,2,Right,0.23642961089848136,0.4504688292616491,0.3131015598398696,0.22566944360733032,0.6778568256032212,0.33914726425012465
819,validation,8,20,98,165,186,176,186,0.032,0.032,1,780,True,2,Right,0.19149502179998407,0.5420994197012954,0.2664055584987205,0.41724492609500885,0.8529045140214098,0.19374786395700477
820,train,8,20,119,178,215,205,215,0.256,0.256,1,990,False,2,Right,0.0008053212615705395,0.9721592436503416,0.027035435088087957,0.9270023591816425,0.9821730291486189,0.0
821,train,8,20,123,174,223,213,223,0.256,0.256,1,1030,True,2,Right,0.003656747409398562,0.9135924688317882,0.08275078375881345,0.7407527528703213,0.9545968991951996,0.15050569289974702
822,validation,8,20,138,188,257,247,257,0.0,0.0,1,1180,False,2,Right,0.28987735556185973,0.6437485177545053,0.06637412668363502,0.7149912342429161,0.9392490467303526,0.0
823,train,8,20,137,212,234,224,234,0.256,-0.256,0,1170,False,1,Left,0.9989997496190378,0.0004749800345423825,0.0005252703464197416,1.0987391844391823,0.99039548659365,0.0
824,train,8,20,137,191,225,215,225,0.128,0.128,1,1170,False,2,Right,0.0009957342478424146,0.9694838548213266,0.02952041093083107,0.7838319502770901,0.9564199381117001,0.0
825,train,8,20,61,135,148,138,148,0.256,0.256,1,410,False,2,Right,0.014221605537465185,0.9058638358348559,0.07991455862767896,0.5955445505678654,0.956046904416881,0.0
826,train,8,20,97,152,202,192,202,0.0,-0.0,0,770,False,1,Left,0.5506481741642604,0.42526885836264416,0.024082967473095667,0.01858668029308319,0.4528512053463511,0.0
827,train,8,20,72,134,189,179,189,0.032,0.032,1,520,True,2,Right,0.1016250980901762,0.573603763451026,0.3247711384587979,0.16869734972715378,0.7005230654234286,0.314605094401122
828,test,8,20,110,160,217,207,217,0.064,0.064,1,900,True,2,Right,0.025086110402562856,0.7882240820236305,0.18668980757380668,0.5550091676414013,0.9080282040686022,0.16734447993658086
829,test,8,20,60,129,148,138,148,0.512,-0.512,0,400,True,1,Left,0.9589517475403518,0.02678633812773538,0.014261914331912748,1.3117841836065054,0.9986562293516524,0.13826578542761347
830,validation,8,20,138,200,254,244,254,0.512,-0.512,0,1180,False,1,Left,0.9997315767335946,1.943261747490802e-06,0.00026648000465777746,1.0028909519314766,0.9845240679418285,0.0
831,train,8,20,129,183,215,205,215,0.0,-0.0,0,1090,True,2,Right,0.2579987067412905,0.40919396047026585,0.33280733278844377,0.2140803262591362,0.5952251007216274,0.44015253809533783
832,test,8,20,100,151,216,206,216,0.256,0.256,1,800,True,2,Right,0.012968772352687957,0.840362363864329,0.14666886378298286,0.4261107090860605,0.855327999763428,0.19241896133249964
833,train,8,20,62,130,171,161,171,0.256,-0.256,0,420,False,1,Left,0.963518949314912,0.03196067142091473,0.00452037926417334,0.6796851307153702,0.9701436613089611,0.0
834,train,8,20,109,167,199,189,199,0.032,0.032,1,890,False,2,Right,0.348840218258438,0.5802669111473213,0.07089287059424068,0.36665739119052887,0.798411596389848,0.0
835,train,8,20,126,186,223,213,223,0.0,-0.0,0,1060,False,1,Left,0.6306255299949487,0.3517423397792049,0.01763213022584644,0.0021651089191436768,0.3499054545687039,0.0
836,test,8,20,117,190,216,206,216,0.0,0.0,1,970,False,1,Left,0.4883517451350106,0.4806031304545414,0.031045124410448134,0.05611538887023926,0.4388393258610803,0.0
837,validation,8,20,117,169,233,223,233,0.512,0.512,1,970,True,2,Right,0.0018862083575591966,0.9303345764094436,0.06777921523299733,0.5861378237605095,0.9135958748396745,0.16509027602334014
838,test,8,20,75,141,187,177,187,0.032,0.032,1,550,False,2,Right,0.31912189334819574,0.6115963600556868,0.06928174659611737,0.38993610441684723,0.8699666340839135,0.0
839,train,8,20,107,175,223,213,223,0.128,0.128,1,870,True,2,Right,0.00988329796111454,0.8684452005301662,0.12167150150871939,0.6601468045264482,0.9449321121427726,0.15364161399833143
840,train,8,20,63,116,162,152,162,0.128,0.128,1,430,True,2,Right,0.060311894563522615,0.6819311385690818,0.2577569668673957,0.5311981253325939,0.9393125461074245,0.15554716733358753
841,train,8,20,95,164,181,171,181,0.256,-0.256,0,750,False,1,Left,0.9899336794035094,0.008544904046862815,0.0015214165496278867,0.9438174813985825,0.9876418999027419,0.0
842,train,8,20,135,190,251,241,251,0.064,-0.064,0,1150,True,1,Left,0.7398923784882674,0.005368068933218917,0.25473955257851383,0.8774085268378258,0.9726814371027732,0.14509262945142215
843,train,8,20,121,181,239,229,239,0.512,-0.512,0,1010,True,1,Left,0.9585222026762812,8.35601739940716e-06,0.0414694413063194,1.2991488389670849,0.9970218150017602,0.13866475125211553
844,train,8,20,103,164,215,205,215,0.256,-0.256,0,830,False,1,Left,0.9958816160175317,0.0029438612742098635,0.001174522708258543,0.8210322260856628,0.9754279688479931,0.0
845,train,8,20,69,127,181,171,181,0.128,-0.128,0,490,True,1,Left,0.6345803557491363,0.03912972694865491,0.32628991730220874,0.8598698942223564,0.9863730181102293,0.14136234051122198
846,validation,8,20,134,202,233,223,233,0.064,-0.064,0,1140,False,1,Left,0.9873288570569001,0.010326229771109054,0.0023449131719909073,0.6310321241617203,0.9148225324478577,0.0
847,train,8,20,89,148,198,188,198,0.256,0.256,1,690,False,2,Right,0.002028356748193765,0.9602060625231259,0.03776558072868043,0.7660704776644707,0.9728801464893791,0.0
848,train,8,20,110,165,200,190,200,0.064,0.064,1,900,True,2,Right,0.011996371097876072,0.86710201520879,0.12090161369333388,0.6601454988121986,0.9430192508874735,0.15428334053676446
849,train,8,20,61,113,154,144,154,0.512,-0.512,0,410,True,1,Left,0.8656729816183409,0.01594877250098001,0.11837824588067894,1.258901134133339,0.9982371136983257,0.13836771858663272
850,train,8,20,124,195,231,221,231,0.128,0.128,1,1040,False,2,Right,0.0009640248489503237,0.9706695442515996,0.028366430899449978,0.8613200187683105,0.9740692205852438,0.0
851,validation,8,20,122,191,241,231,241,0.128,-0.128,0,1020,True,1,Left,0.8416543141830495,0.0021157263360501995,0.15622995948090032,1.0818687709979713,0.9912837624291476,0.14009690575241934
852,train,8,20,103,162,214,204,214,0.512,0.512,1,830,False,2,Right,0.00038414419826533487,0.9797020416170776,0.019913814184657132,1.010534267872572,0.990169360555203,0.0
853,train,8,20,88,160,185,175,185,0.256,0.256,1,680,False,2,Right,0.002969681554423017,0.9526961804967338,0.044334137948843354,0.8275664895772934,0.9800467179679536,0.0
854,train,8,20,61,131,156,146,156,0.064,0.064,1,410,True,2,Right,0.07851363484407277,0.6867425136378069,0.23474385151812024,0.33737999200820923,0.8595081789504988,0.19016526911648168
855,train,8,20,70,134,180,170,180,0.0,0.0,1,500,True,3,Sure,0.2621610051315676,0.3624708449743719,0.3753681498940606,0.17100244760513306,0.7079042026499279,0.30696638663008036
856,train,8,20,106,164,197,187,197,0.256,0.256,1,860,True,2,Right,0.0041848287264327,0.9175407673193243,0.0782744039542431,0.898280419409275,0.9824441137180168,0.14240186399243937
857,train,8,20,71,126,175,165,175,0.032,-0.032,0,510,False,1,Left,0.8614631006342025,0.13043054574615592,0.008106353619641498,0.31986258924007416,0.8326582142724291,0.0
858,train,8,20,122,177,222,212,222,0.128,-0.128,0,1020,False,1,Left,0.9913183875934335,0.006923284820554281,0.001758327586012216,0.9420911818742752,0.9828258416742152,0.0
859,train,8,20,85,143,172,162,172,0.064,0.064,1,650,False,2,Right,0.019852352319770058,0.8990819803528292,0.08106566732740095,0.5681150928139687,0.9343539355654708,0.0
860,train,8,20,110,182,225,215,225,0.064,0.064,1,900,False,2,Right,0.006304821489113872,0.9388668544995047,0.054828324011381324,0.7702251598238945,0.9660143942152435,0.0
861,train,8,20,127,194,246,236,246,0.032,0.032,1,1070,True,2,Right,0.24854930465588865,0.3809575552309269,0.37049314011318446,0.41899051144719124,0.804794014866488,0.22371576198392934
862,validation,8,20,103,162,212,202,212,0.032,0.032,1,830,True,2,Right,0.2501763916986432,0.378755468631694,0.37106813966966273,0.17852012813091278,0.6281598998000217,0.3980824010800101
863,train,8,20,91,155,184,174,184,0.128,0.128,1,710,False,2,Right,0.0038535689841457674,0.9467271182853718,0.04941931273048261,0.8665381483733654,0.9828679587750478,0.0
864,train,8,20,138,208,255,245,255,0.032,0.032,1,1180,True,2,Right,0.11628102751661577,0.5561874631600061,0.32753150932337805,0.3821573257446289,0.7508110546085416,0.2661738252396659
865,validation,8,20,119,177,213,203,213,0.064,-0.064,0,990,True,1,Left,0.8733027751316955,0.01524735380400313,0.11144987106430135,1.0681360960006714,0.9910090518327059,0.14016671630633998
866,validation,8,20,110,174,207,197,207,0.512,0.512,1,900,True,2,Right,0.0010420266767120813,0.9531940947638731,0.045763878559414974,0.77116618771106,0.9661658654355539,0.14697693582522814
867,validation,8,20,85,157,177,167,177,0.128,0.128,1,650,False,2,Right,0.006244633512875524,0.9356277625582212,0.05812760392890305,0.9471803903579712,0.9892078722161372,0.0
868,train,8,20,78,152,194,184,194,0.032,0.032,1,580,True,3,Sure,0.3172461641634737,0.3096013132249249,0.37315252261160153,0.0908394604921341,0.5974634937955061,0.4372381323657665
869,train,8,20,79,141,179,169,179,0.512,-0.512,0,590,False,1,Left,0.9950117215081802,0.004055605839383974,0.0009326726524358936,1.0456398576498032,0.9937827713735695,0.0
870,train,8,20,65,127,153,143,153,0.0,-0.0,0,450,False,2,Right,0.4509821880544589,0.5118095032102314,0.03720830873530974,0.20340663194656372,0.7511435215276371,0.0
871,train,8,20,96,151,212,202,212,0.256,-0.256,0,760,False,1,Left,0.9938747951188274,0.004656369176302998,0.0014688357048695182,0.824162170290947,0.9777091333351541,0.0
872,train,8,20,139,201,249,239,249,0.064,0.064,1,1190,False,2,Right,0.0009579696692827728,0.9709529833200392,0.028089047010677916,0.8895837459713221,0.9729879854716397,0.0
873,train,8,20,106,179,198,188,198,0.128,-0.128,0,860,False,1,Left,0.9780956066397856,0.018958716987345567,0.0029456763728689145,0.7709930539131165,0.9676806786140922,0.0
874,train,8,20,68,140,168,158,168,0.128,-0.128,0,480,False,1,Left,0.929294842065689,0.06428560937142314,0.006419548562887916,0.6329243034124374,0.9600346925655899,0.0
875,train,8,20,81,135,180,170,180,0.128,-0.128,0,610,True,1,Left,0.7556683264314383,0.023520996534946007,0.22081067703361562,1.0728102717548609,0.9944233962353948,0.13930717186422403
876,train,8,20,122,197,226,216,226,0.032,-0.032,0,1020,True,1,Left,0.8879448858762288,0.03235080741026407,0.07970430671350703,1.0121508464217186,0.9877663905798756,0.14099949847452953
877,validation,8,20,105,175,218,208,218,0.128,-0.128,0,850,False,1,Left,0.9916047048437455,0.006584485535599996,0.0018108096206545673,0.8202622979879379,0.9747504546914991,0.0
878,train,8,20,125,191,217,207,217,0.512,0.512,1,1050,True,2,Right,0.00046037363918877936,0.9682402102985772,0.03129941606223391,0.892400860786438,0.977394776006089,0.14377407170020395
879,train,8,20,110,184,195,185,195,0.128,0.128,1,900,False,2,Right,0.003219187306498182,0.9509932516954471,0.04578756099805471,0.797042079269886,0.970084448037462,0.0
880,validation,8,20,65,125,181,171,181,0.256,-0.256,0,450,True,1,Left,0.7147404417614897,0.013145450690360466,0.27211410754814985,0.9414681568741798,0.9912605679236035,0.14010279558780825
881,train,8,20,82,145,189,179,189,0.256,0.256,1,620,False,2,Right,0.002885250984628937,0.9538354763825604,0.04327927263281056,0.7782773375511169,0.9764399626777495,0.0
882,train,8,20,118,186,210,200,210,0.032,-0.032,0,980,True,1,Left,0.857143302709428,0.08069502783447435,0.062161669456097655,0.7641497254371643,0.9616149451225916,0.14833659752641826
883,train,8,20,91,163,203,193,203,0.0,0.0,1,710,True,1,Left,0.45252073096559464,0.21315919921861629,0.3343200698157891,0.7014459818601608,0.9622524375434466,0.14814394175582069
884,train,8,20,128,198,221,211,221,0.032,0.032,1,1080,True,2,Right,0.010692713790084959,0.8845579283857885,0.1047493578241265,0.5896350340917706,0.9040385068906437,0.16900316779571356
885,train,8,20,106,168,208,198,208,0.256,0.256,1,860,False,2,Right,0.001194997309035665,0.96746656005098,0.031338442639984504,0.7959695905447006,0.9713061060662712,0.0
886,train,8,20,74,148,159,149,159,0.128,0.128,1,540,False,2,Right,0.014884981224904345,0.9062843330401356,0.07883068573496019,0.6512792967259884,0.9607140622762729,0.0
887,train,8,20,104,157,217,207,217,0.032,-0.032,0,840,True,1,Left,0.5633142908363332,0.05918104357531935,0.37750466558834744,0.25631318986415863,0.7098191424049661,0.30501379522553895
888,train,8,20,111,176,215,205,215,0.0,0.0,1,910,False,1,Left,0.7751823483311087,0.21417146744424867,0.010646184224642733,0.5839915759861469,0.9183503081920684,0.0
889,train,8,20,78,151,189,179,189,0.512,-0.512,0,580,True,1,Left,0.9402969435186803,0.002630401568791985,0.0570726549125277,1.211295709013939,0.9972685513492068,0.13860427005143644
890,train,8,20,94,159,205,195,205,0.032,0.032,1,740,False,2,Right,0.05574395400159523,0.8521801284952328,0.09207591750317187,0.6349111720919609,0.9466105830188777,0.0
891,train,8,20,98,152,200,190,200,0.032,-0.032,0,780,False,1,Left,0.7676073918082774,0.22180684679773238,0.010585761393990279,0.345170222222805,0.8027279025624069,0.0
892,train,8,20,82,150,199,189,199,0.032,-0.032,0,620,False,1,Left,0.7776384088024233,0.21201465560255522,0.010346935595021443,0.26049739867448807,0.7649994231595286,0.0
893,train,8,20,127,200,227,217,227,0.512,-0.512,0,1070,True,1,Left,0.9974171028562848,1.632164108085796e-05,0.0025665755026343636,1.5214924737811089,0.9989241787274824,0.13820075227073048
894,train,8,20,136,200,248,238,248,0.064,0.064,1,1160,True,2,Right,0.016291621365158476,0.8357244071118158,0.14798397152302556,0.7044697850942612,0.9376558213541757,0.15612080017730245
895,train,8,20,120,172,215,205,215,0.064,-0.064,0,1000,False,1,Left,0.9776350387291904,0.018828485328657045,0.0035364759421524714,0.7429673969745636,0.9565929855764995,0.0
896,train,8,20,79,149,172,162,172,0.032,-0.032,0,590,False,1,Left,0.6325018883054553,0.3498255031645375,0.017672608530007128,0.2738908976316452,0.7828345385606008,0.0
897,train,8,20,135,194,254,244,254,0.256,-0.256,0,1150,True,1,Left,0.9073474886624704,0.00010035463357697946,0.09255215670395275,1.1158506581559777,0.9913718393326618,0.1400745476395555
898,validation,8,20,93,155,190,180,190,0.256,-0.256,0,730,False,1,Left,0.9915064787347536,0.0070233188904385195,0.0014702023748078945,0.9189905822277069,0.9863884885899393,0.0
899,validation,8,20,78,152,179,169,179,0.512,0.512,1,580,True,2,Right,0.003964041682891027,0.9232444056938437,0.07279155262326527,0.822327010333538,0.9818187962427566,0.14256957152556088
900,train,8,20,125,175,221,211,221,0.128,0.128,1,1050,True,2,Right,0.006534931615083133,0.89135779265193,0.10210727573298695,0.6897650863975286,0.9410925220645107,0.1549369091310589
901,train,8,20,124,174,217,207,217,0.128,-0.128,0,1040,False,1,Left,0.9927690940878113,0.0056947304836225425,0.0015361754285661824,1.079636536538601,0.9909753872518532,0.0
902,train,8,20,118,172,220,210,220,0.128,0.128,1,980,False,2,Right,0.0014229735950956226,0.9655375275374476,0.03303949886745673,0.8892947994172573,0.9788727333069317,0.0
903,test,8,20,92,152,187,177,187,0.064,0.064,1,720,False,2,Right,0.009189426418944128,0.9256122122845308,0.06519836129652509,0.7810058332979679,0.9738450036741837,0.0
904,train,8,20,80,141,172,162,172,0.256,0.256,1,600,True,2,Right,0.012008444825823052,0.8703910380009432,0.11760051717323376,0.6456363797187805,0.9567585163602867,0.14982809326888763
905,train,8,20,110,184,217,207,217,0.512,0.512,1,900,True,2,Right,0.0007990489554220547,0.9579911332454213,0.04120981779915653,0.749765083193779,0.9625548031164971,0.14805281572956908
906,validation,8,20,99,171,191,181,191,0.128,-0.128,0,790,False,1,Left,0.981840510602202,0.015494152958710821,0.002665336439087193,0.795722559094429,0.9735355628736734,0.0
907,train,8,20,82,147,174,164,174,0.032,-0.032,0,620,False,1,Left,0.7909154953989999,0.19920803497728937,0.009876469623710723,0.45889221131801605,0.896143056041238,0.0
908,test,8,20,95,145,213,203,213,0.128,-0.128,0,750,False,1,Left,0.9891460039123127,0.008680298534275089,0.0021736975534122497,0.9013007879257202,0.9848144026444254,0.0
909,validation,8,20,99,152,199,189,199,0.256,0.256,1,790,True,2,Right,0.008921943010512714,0.8747910008605924,0.11628705612889505,0.7854285538196564,0.9722007606872166,0.14522917837075705
910,test,8,20,65,115,175,165,175,0.032,0.032,1,450,True,2,Right,0.19509901583828254,0.43589584293460215,0.36900514122711536,0.4666531588882208,0.9166871263022804,0.16386859680164612
911,train,8,20,86,155,171,161,171,0.128,-0.128,0,660,True,1,Left,0.9383253032435709,0.04580453298123479,0.015870163775194512,0.8915120363235474,0.9856917804434885,0.14154084176784143
912,train,8,20,136,200,228,218,228,0.064,0.064,1,1160,False,2,Right,0.00525190374639828,0.941303743960864,0.05344435229273773,0.9060043916106224,0.9758950617966227,0.0
913,train,8,20,105,158,197,187,197,0.064,-0.064,0,850,True,1,Left,0.6466768527990634,0.10523272037922612,0.24809042682171062,0.7411923035979271,0.9632037368214253,0.14785778690604956
914,train,8,20,105,178,196,186,196,0.128,0.128,1,850,False,2,Right,0.003924750588881745,0.9468175582178212,0.04925769119329715,0.8706284314393997,0.980176094651136,0.0
915,train,8,20,111,168,198,188,198,0.512,0.512,1,910,True,2,Right,0.0011429969871924216,0.9524812909671727,0.04637571204563485,0.7478524837642908,0.9617738524321071,0.14828850696203788
916,test,8,20,71,128,179,169,179,0.032,-0.032,0,510,True,3,Sure,0.32334821725263063,0.2760510095666487,0.40060077318072074,0.1484154611825943,0.6818294227592361,0.3347307890287409
917,validation,8,20,86,148,174,164,174,0.512,-0.512,0,660,False,1,Left,0.9962389016963018,0.003122466051867854,0.0006386322518303457,1.1679497137665749,0.9962817095100702,0.0
918,validation,8,20,96,150,204,194,204,0.064,0.064,1,760,True,2,Right,0.20448814059074077,0.4296086337540806,0.3659032256551787,0.07930558919906616,0.5302720172194174,0.5262661264678699
919,train,8,20,126,182,243,233,243,0.032,-0.032,0,1060,False,1,Left,0.9327721847870534,0.06005144993863617,0.0071763652743104854,0.54867884516716,0.8875344939330039,0.0
920,train,8,20,68,127,167,157,167,0.256,0.256,1,480,True,2,Right,0.023665210282516926,0.8110123073872009,0.16532248233028207,0.7770935371518135,0.9799116573329457,0.1430849322309931
921,train,8,20,103,158,220,210,220,0.064,-0.064,0,830,True,1,Left,0.6322999123569355,0.024670731799247093,0.34302935584381744,0.8160398826003075,0.9748331321448573,0.14448612176921038
922,train,8,20,127,191,229,219,229,0.512,0.512,1,1070,True,2,Right,0.00042299321009972135,0.9662625367250219,0.03331447006487824,0.8078379780054092,0.9653470521537406,0.14721889546005557
923,train,8,20,100,170,207,197,207,0.0,-0.0,0,800,True,3,Sure,0.3142879179152541,0.3372020902066484,0.34850999187809756,0.006479665637016296,0.42927473661993926,0.6528062419419227
924,train,8,20,109,170,208,198,208,0.512,-0.512,0,890,True,1,Left,0.9859098897833215,0.00011467087168440934,0.013975439344993984,1.3563212975859642,0.9980520699078689,0.13841280511385434
925,test,8,20,92,159,208,198,208,0.128,-0.128,0,720,False,1,Left,0.984894634049378,0.012462590251634119,0.002642775698987716,0.9003482162952423,0.9852781626198425,0.0
926,train,8,20,100,170,193,183,193,0.512,0.512,1,800,False,2,Right,0.0007071381950605445,0.9733359080121147,0.025956953792824762,1.082140788435936,0.9933096228175374,0.0
927,train,8,20,89,144,196,186,196,0.0,0.0,1,690,True,3,Sure,0.26786164938635953,0.34943101493363293,0.3827073356800076,0.12369975447654724,0.604380919515281,0.4282759782021761
928,train,8,20,123,184,220,210,220,0.0,-0.0,0,1030,False,2,Right,0.4252855109997157,0.5312176460767094,0.043496842923574905,0.6357392035424709,0.9262000564547702,0.0
929,train,8,20,122,183,213,203,213,0.512,0.512,1,1020,True,2,Right,0.0005981813137458626,0.9634019770428581,0.035999841643395966,0.6791916005313396,0.9402113057345708,0.15523825080124032
930,train,8,20,94,163,213,203,213,0.512,-0.512,0,740,False,1,Left,0.9989839166819132,0.00046143306682395894,0.0005546502512626458,1.016559362411499,0.9914265613712494,0.0
931,train,8,20,136,192,225,215,225,0.512,0.512,1,1160,False,2,Right,0.00010987138334824279,0.9875601605142623,0.012329968102389368,1.0495570332277566,0.9879465043884493,0.0
932,train,8,20,92,166,198,188,198,0.0,-0.0,0,720,True,2,Right,0.274854860586128,0.39517909600404155,0.3299660434098303,0.19744956493377686,0.6791679088249523,0.3376844204951399
933,test,8,20,116,177,234,224,234,0.0,-0.0,0,960,False,1,Left,0.7943989762183407,0.19565416020400228,0.00994686357765703,0.3970257490873337,0.8086435035120988,0.0
934,train,8,20,86,138,178,168,178,0.064,-0.064,0,660,False,1,Left,0.8866682765907979,0.10606737846634892,0.007264344942853088,0.7691576927900314,0.9742022170769613,0.0
935,train,8,20,129,198,227,217,227,0.032,-0.032,0,1090,True,1,Left,0.6365253444107106,0.1943410941952859,0.16913356139400365,0.14918865263462067,0.5166858041727984,0.5442372398031077
936,validation,8,20,132,198,231,221,231,0.512,-0.512,0,1120,True,1,Left,0.994749450460023,1.569224718105721e-05,0.00523485729279582,1.3191729001700878,0.9969184434890507,0.13869011690050004
937,test,8,20,132,194,242,232,242,0.256,0.256,1,1120,False,2,Right,0.00027721527426261645,0.9823807565478978,0.017342028177839513,0.9724618047475815,0.9833030991517485,0.0
938,train,8,20,84,139,179,169,179,0.128,0.128,1,640,False,2,Right,0.008218929930309631,0.9285828241224671,0.06319824594722338,0.7683987393975258,0.9747095435491799,0.0
939,train,8,20,132,192,223,213,223,0.512,0.512,1,1120,False,2,Right,0.00014513144322147857,0.9861520287130286,0.013702839843749875,0.9236310720443726,0.9788713032053131,0.0
940,train,8,20,80,139,188,178,188,0.128,-0.128,0,600,False,1,Left,0.9696117637640198,0.02610835075222386,0.004279885483756227,0.780120387673378,0.9771910271005094,0.0
941,test,8,20,107,176,220,210,220,0.032,-0.032,0,870,False,1,Left,0.9476856635832405,0.046133335917717525,0.006181000499041938,0.41358643770217896,0.8363188812429895,0.0
942,train,8,20,94,144,179,169,179,0.0,0.0,1,740,True,2,Right,0.32210471746324953,0.3428146790479402,0.3350806034888102,0.3285292983055115,0.7973623998940097,0.22898637475021083
943,train,8,20,108,168,220,210,220,0.0,0.0,1,880,False,1,Left,0.7394761442379485,0.248605401501178,0.011918454260873493,0.5168344974517822,0.8934366829851373,0.0
944,train,8,20,79,149,191,181,191,0.512,0.512,1,590,True,2,Right,0.00604094955922369,0.8974451769911692,0.09651387344960734,0.7000784575939178,0.9669556966857247,0.1467446423102502
945,train,8,20,96,149,206,196,206,0.032,0.032,1,760,True,3,Sure,0.25032530336436687,0.37467582693474444,0.37499886970088875,0.0247163325548172,0.46332001103300874,0.6124610894740391
946,validation,8,20,110,167,201,191,201,0.064,0.064,1,900,False,2,Right,0.007665117895962493,0.9354397149121535,0.05689516719188391,0.6566088199615479,0.9420782842891902,0.0
947,train,8,20,94,153,187,177,187,0.064,0.064,1,740,True,2,Right,0.01928865279008208,0.8352604654752153,0.14545088173470264,0.6315080001950264,0.9457591701468779,0.15336633860837662
948,train,8,20,128,192,241,231,241,0.0,-0.0,0,1080,False,1,Left,0.6281659870325556,0.35373051944145867,0.01810349352598583,0.6407707557082176,0.9237325698028019,0.0
949,train,8,20,134,201,237,227,237,0.256,-0.256,0,1140,False,1,Left,0.9991312884811825,0.000328294601523754,0.0005404169172938988,0.944690391421318,0.9804518010198221,0.0
950,test,8,20,106,174,212,202,212,0.0,0.0,1,860,False,1,Left,0.9371666473828908,0.05594016639451782,0.006893186222591314,0.5996116995811462,0.9280535305406392,0.0
951,train,8,20,88,157,201,191,201,0.256,0.256,1,680,False,2,Right,0.0018210736295581537,0.9621845978712045,0.03599432849923735,0.9838235676288605,0.9906405426208574,0.0
952,test,8,20,63,119,151,141,151,0.512,-0.512,0,430,False,1,Left,0.9814764911019898,0.016481695598476072,0.0020418132995342142,1.0600503608584404,0.9952169789983204,0.0
953,train,8,20,134,202,221,211,221,0.256,-0.256,0,1140,False,1,Left,0.9985188316470701,0.0009275797044611632,0.0005535886484687159,1.1026996225118637,0.990910436232213,0.0
954,train,8,20,106,172,220,210,220,0.032,0.032,1,860,False,2,Right,0.3314802815973437,0.6022874086108889,0.06623230979176746,0.6682031434029341,0.9475582876918736,0.0
955,train,8,20,95,165,196,186,196,0.064,0.064,1,750,True,2,Right,0.03302278973688835,0.7898786870588264,0.17709852320428518,0.47759476117789745,0.8899525883576415,0.1751587182044993
956,test,8,20,62,126,152,142,152,0.256,-0.256,0,420,False,1,Left,0.9498545373696592,0.04565307095375528,0.004492391676585713,0.879043385386467,0.988576341252804,0.0
957,train,8,20,90,146,195,185,195,0.512,-0.512,0,700,False,1,Left,0.9986040869756178,0.0009051172392968677,0.0004907957850855771,0.9909373074769974,0.9907405325659796,0.0
958,train,8,20,95,158,210,200,210,0.256,0.256,1,750,False,2,Right,0.00135114684187621,0.9663942432513455,0.0322546099067783,0.7780936136841774,0.9725281249690685,0.0
959,train,8,20,61,119,173,163,173,0.128,-0.128,0,410,True,1,Left,0.48508097037769904,0.12844190136275316,0.3864771282595478,0.2005113959312439,0.7574440259986097,0.2604272029545679
960,train,8,20,119,189,231,221,231,0.128,0.128,1,990,True,2,Right,0.004088395934040211,0.9132248505104774,0.08268675355548219,0.6673242524266243,0.9389543779375664,0.15567071978498254
961,train,8,20,111,182,205,195,205,0.128,-0.128,0,910,False,1,Left,0.9783234097963938,0.018597137495440726,0.0030794527081655036,0.8550837337970734,0.9770704558406614,0.0
962,train,8,20,93,167,190,180,190,0.064,0.064,1,730,False,2,Right,0.0640950734009583,0.8391148309357563,0.09679009566328532,0.6869522780179977,0.9586332448824673,0.0
963,test,8,20,69,128,174,164,174,0.512,0.512,1,490,False,2,Right,0.0028072150675445195,0.9538725575120381,0.04332022742041749,0.8379102796316147,0.9848439861606756,0.0
964,validation,8,20,111,163,224,214,224,0.128,0.128,1,910,True,2,Right,0.016419035192050277,0.8248355822132105,0.1587453825947392,0.41882605850696564,0.8332186013828508,0.20516681337242826
965,test,8,20,60,119,160,150,160,0.0,0.0,1,400,False,2,Right,0.4627292399692927,0.5020440246792915,0.035226735351415635,0.014506876468658447,0.5589379693568853,0.0
966,validation,8,20,108,160,210,200,210,0.0,0.0,1,880,True,3,Sure,0.2640884371951063,0.35638480890311985,0.379526753901774,0.13730865716934204,0.5650205754379134,0.47998928466408414
967,train,8,20,78,131,172,162,172,0.0,-0.0,0,580,False,1,Left,0.6667820678127278,0.3174061435902348,0.015811788597037555,0.15839199721813202,0.6741074704342385,0.0
968,train,8,20,73,148,161,151,161,0.256,0.256,1,530,True,2,Right,0.009258814886561745,0.899401656224247,0.09133952888919136,0.6444668285548687,0.9598977060763374,0.14885915647918424
969,validation,8,20,106,160,205,195,205,0.256,0.256,1,860,True,2,Right,0.005523504051965644,0.8993829663817593,0.09509352956627512,0.6820500046014786,0.9508379512377609,0.15170450613434205
970,train,8,20,124,186,230,220,230,0.0,0.0,1,1040,False,1,Left,0.9266248313970771,0.06608616091788592,0.007289007685036974,0.2142169028520584,0.6098204233390587,0.0
971,train,8,20,74,145,159,149,159,0.0,-0.0,0,540,False,2,Right,0.3298993987515463,0.5954122262368147,0.0746883750116391,0.18663246929645538,0.7137774711560582,0.0
972,test,8,20,114,165,231,221,231,0.256,-0.256,0,940,False,1,Left,0.9982158046060118,0.0009370970799388444,0.0008470983140494116,1.0351084247231483,0.9900531638905576,0.0
973,test,8,20,126,182,239,229,239,0.512,0.512,1,1060,True,2,Right,0.0008007599008111784,0.9525409073692351,0.046658332729953664,0.885094977915287,0.9763106933112168,0.14407408993937576
974,train,8,20,138,207,229,219,229,0.0,0.0,1,1180,True,1,Left,0.4187369323226127,0.38475425690745974,0.19650881076992754,0.48521293979138136,0.8333140244957575,0.20510871957325288
975,test,8,20,69,132,158,148,158,0.032,0.032,1,490,False,2,Right,0.3540075815319371,0.5792582398734412,0.06673417859462172,0.2549487426877022,0.7874707432949173,0.0
976,train,8,20,109,170,224,214,224,0.0,-0.0,0,890,True,2,Right,0.2467502524436529,0.38219916661633024,0.37105058094001697,0.048759594559669495,0.4537397901309545,0.624116395125933
977,train,8,20,62,116,157,147,157,0.512,0.512,1,420,True,2,Right,0.021002373307104562,0.820643345354247,0.15835428133864848,0.6131993429735303,0.959080719954783,0.149109616945866
978,train,8,20,104,177,214,204,214,0.512,0.512,1,840,False,2,Right,0.00035781233327543584,0.9802779700457513,0.019364217620973217,0.9508576616644859,0.9867065306206833,0.0
979,train,8,20,79,129,179,169,179,0.064,0.064,1,590,True,2,Right,0.066143869572511,0.6621069682369464,0.2717491621905426,0.1142231822013855,0.6219294980277882,0.4058904945055798
980,train,8,20,126,177,244,234,244,0.0,0.0,1,1060,True,3,Sure,0.2859095434422691,0.30735252223547904,0.40673793432225186,0.1569032520055771,0.5351518724174472,0.5197813537339747
981,train,8,20,94,161,190,180,190,0.032,0.032,1,740,True,2,Right,0.2024425948878789,0.4835651896038968,0.3139922155082243,0.44470654614269733,0.8744310687808913,0.18250746332988083
982,train,8,20,127,181,233,223,233,0.128,-0.128,0,1070,False,1,Left,0.9951635941066262,0.0034727259672109835,0.0013636799261626772,0.9442723393440247,0.9819689643600292,0.0
983,train,8,20,122,187,229,219,229,0.256,-0.256,0,1020,True,1,Left,0.9392401564760281,0.0007718088156129373,0.05998803470835902,1.1820670142769814,0.9946544447686971,0.13924964092032366
984,train,8,20,62,119,173,163,173,0.064,0.064,1,420,True,2,Right,0.23652568451125533,0.3964124180811793,0.36706189740756534,0.23962947726249695,0.7889928814663429,0.23513767939236374
985,train,8,20,122,192,224,214,224,0.0,0.0,1,1020,False,2,Right,0.33892671946791464,0.5934561587604551,0.06761712177163028,0.5080782324075699,0.8715277662603961,0.0
986,train,8,20,124,188,234,224,234,0.0,0.0,1,1040,False,1,Left,0.6957088997490134,0.2900965437654245,0.014194556485562154,0.4882867634296417,0.8573166920197801,0.0
987,train,8,20,65,126,160,150,160,0.0,-0.0,0,450,True,2,Right,0.2782328050780961,0.3824094552553904,0.33935773966651356,0.28491097688674927,0.818346690368379,0.21455846180358662
988,validation,8,20,126,187,237,227,237,0.512,-0.512,0,1060,False,1,Left,0.9997258938584528,1.5470641379028944e-05,0.0002586355001680758,1.1083012595772743,0.991961685085572,0.0
989,validation,8,20,124,180,226,216,226,0.032,-0.032,0,1040,False,1,Left,0.9298580444796636,0.06275900873036193,0.007382946789974434,0.4991099536418915,0.8636990175352671,0.0
990,train,8,20,138,212,240,230,240,0.064,-0.064,0,1180,True,1,Left,0.9321251913435583,0.014926695275881825,0.05294811338055978,1.0951717644929886,0.990109955754516,0.14039600395040608
991,train,8,20,60,135,156,146,156,0.0,-0.0,0,400,True,1,Left,0.4121853211998891,0.40087136338095186,0.18694331541915907,0.05399544537067413,0.6060831155730331,0.4260816117890321
992,train,8,20,114,174,221,211,221,0.512,-0.512,0,940,False,1,Left,0.9996309267487978,7.969595656305293e-05,0.00028937729463909877,1.0428486540913582,0.9904207938801719,0.0
993,train,8,20,90,158,189,179,189,0.128,0.128,1,700,True,2,Right,0.010336664340678033,0.8791787610503669,0.11048457460895518,0.5864109676331282,0.9361473785680877,0.15664784988585956
994,train,8,20,92,163,207,197,207,0.128,-0.128,0,720,True,1,Left,0.8311678194017565,0.006783506950156115,0.16204867364808737,1.0450808219611645,0.9927157164259218,0.13973486918773925
995,train,8,20,117,175,219,209,219,0.512,-0.512,0,970,False,1,Left,0.9996941580266387,7.595634323393684e-05,0.00022988563012746438,1.278582613915205,0.9968607594944096,0.0
996,validation,8,20,111,179,220,210,220,0.256,-0.256,0,910,False,1,Left,0.9962562707339228,0.002632743618974072,0.001110985647103082,0.8960587382316589,0.9811730642342833,0.0
997,train,8,20,65,118,150,140,150,0.512,-0.512,0,450,True,1,Left,0.9431789942706663,0.013940967871563154,0.04288003785777052,1.2474312372505665,0.9980431483946217,0.13841498014064063
998,train,8,20,106,157,219,209,219,0.064,-0.064,0,860,False,1,Left,0.9403066150145791,0.05276143215439113,0.006931952831029799,0.6618389785289764,0.9459825141326811,0.0
999,train,8,20,125,190,239,229,239,0.512,0.512,1,1050,True,2,Right,0.0005901966242482667,0.9594103711905528,0.039999432185199,0.7320912107825279,0.9516181800523656,0.15145351469932816
