trial_index,dataset_index,student_action_objective,true_direction,dir_choice,sure_available,teacher_sure_strength,target_fixation,target_left,target_right,target_sure,predicted_fixation,predicted_left,predicted_right,predicted_sure,predicted_correct_direction,predicted_incorrect_direction,final_argmax_choice,action_argmax_choice,stimulus_coherence,stimulus_duration_ms,internal_margin,empirical_p_correct
0,0,categorical_soft,0,0,False,0.0,0.0,1.0,0.0,0.0,0.42413287311792375,0.9999243209179414,6.419555621095425e-05,1.1483525847690514e-05,0.9999243209179414,6.419555621095425e-05,1,1,0.512,940.0,1.0484288111329079,0.9906774506351905
1,1,categorical_soft,0,0,True,0.20536326275014355,0.0,0.7946367263793945,0.0,0.20536325871944427,0.5041029408574105,0.2645599646995659,0.29253490226028883,0.44290513304014534,0.2645599646995659,0.29253490226028883,3,3,0.0,890.0,0.4134471267461777,0.8328962506168242
2,2,categorical_soft,1,1,True,0.1627092707452713,0.0,0.0,0.8372907042503357,0.16270926594734192,0.4265265539288521,0.016843450437025113,0.7377501194113141,0.2454064301516609,0.7377501194113141,0.016843450437025113,2,2,0.256,510.0,0.4894590051844716,0.9196709493279273
3,3,categorical_soft,0,0,False,0.0,0.0,1.0,0.0,0.0,0.37986900061368944,0.9999675851465174,3.054157910001617e-05,1.873274382640084e-06,0.9999675851465174,3.054157910001617e-05,1,1,0.512,960.0,1.073611468076706,0.9915539535033948
4,4,categorical_soft,0,0,False,0.0,0.0,1.0,0.0,0.0,0.4509385198354721,0.9953281880457215,0.004533530548472739,0.00013828140580557027,0.9953281880457215,0.004533530548472739,1,1,0.128,1020.0,0.8045955151319504,0.9668002996095091
5,5,categorical_soft,0,0,True,0.1494681574748153,0.0,0.850531816482544,0.0,0.14946815371513367,0.29362734854221345,0.7848627883104188,0.011776667897726127,0.20336054379185517,0.7848627883104188,0.011776667897726127,1,1,0.064,1100.0,0.7740941792726517,0.9579179349019022
6,6,categorical_soft,0,0,False,0.0,0.0,1.0,0.0,0.0,0.47092251777648925,0.9905522447941058,0.009339023090843342,0.00010873211505084102,0.9905522447941058,0.009339023090843342,1,1,0.128,920.0,0.9184840470552444,0.9829027041866822
7,7,categorical_soft,0,0,False,0.0,0.0,1.0,0.0,0.0,0.4112890735268593,0.1444394700985531,0.7795632247373085,0.07599730516413843,0.1444394700985531,0.7795632247373085,2,2,0.0,1020.0,0.046841979026794434,0.4129663606271245
8,8,categorical_soft,1,1,True,0.1573025373588735,0.0,0.0,0.8426974415779114,0.15730254352092743,0.26286360509693624,0.0136036756565396,0.8384712729579998,0.14792505138546047,0.8384712729579998,0.0136036756565396,2,2,0.256,470.0,0.5237435521557927,0.9342915810289389
9,9,categorical_soft,0,0,False,0.0,0.0,1.0,0.0,0.0,0.3439449742436409,0.9999676215211037,2.85759928937156e-05,3.8024860024646275e-06,0.9999676215211037,2.85759928937156e-05,1,1,0.512,1010.0,1.1523869410157204,0.9938939755920116
10,10,categorical_soft,1,1,False,0.0,0.0,0.0,1.0,0.0,0.33598254844546316,0.027917062888550427,0.9660847581178118,0.005998178993638004,0.9660847581178118,0.027917062888550427,2,2,0.032,1170.0,0.730802558362484,0.9441724449195158
11,11,categorical_soft,1,1,True,0.15537181576585085,0.0,0.0,0.8446281552314758,0.15537181496620178,0.3228536192327738,0.049861009740400405,0.6505386944438993,0.29960029581570036,0.6505386944438993,0.049861009740400405,2,2,0.064,560.0,0.5649214829318225,0.9398221432929741
12,12,categorical_soft,1,1,False,0.0,0.0,0.0,1.0,0.0,0.4150771453976631,0.021015411866537045,0.97479709832339,0.004187489810072982,0.97479709832339,0.021015411866537045,2,2,0.064,910.0,0.7842522263526917,0.9678326450270627
13,13,categorical_soft,1,1,False,0.0,0.0,0.0,1.0,0.0,0.40864308923482895,0.24693224474786377,0.7072602239530845,0.0458075312990518,0.7072602239530845,0.24693224474786377,2,2,0.032,460.0,0.8103487938642502,0.9832889224471807
14,14,categorical_soft,1,1,False,0.0,0.0,0.0,1.0,0.0,0.4575417309999466,0.031279347797805654,0.9457373842478592,0.022983267954335283,0.9457373842478592,0.031279347797805654,2,2,0.064,490.0,0.6984655410051346,0.970371268883655
15,15,categorical_soft,1,1,False,0.0,0.0,0.0,1.0,0.0,0.48187323212623595,0.0984067922059404,0.8164941162024792,0.08509909159158024,0.8164941162024792,0.0984067922059404,2,2,0.064,670.0,0.657180730602704,0.9555993270423452
16,16,categorical_soft,0,0,False,0.0,0.0,1.0,0.0,0.0,0.39297121167182925,0.9096446110308035,0.08751328245891314,0.0028421065102833968,0.9096446110308035,0.08751328245891314,1,1,0.032,990.0,0.6548107713460922,0.9353335886244387
17,17,categorical_soft,0,0,False,0.0,0.0,1.0,0.0,0.0,0.4672621011734009,0.9849274654354717,0.01482874341989401,0.00024379114463429788,0.9849274654354717,0.01482874341989401,1,1,0.064,1160.0,0.867465652525425,0.9710154946235546
18,18,categorical_soft,0,0,True,0.4703194649998598,0.0,0.5296805500984192,0.0,0.4703194797039032,0.3114782780408859,0.5556565860316789,0.09795686089870961,0.3463865530696115,0.5556565860316789,0.09795686089870961,1,1,0.064,880.0,0.14334997534751892,0.5723013908026424
19,19,categorical_soft,0,0,True,0.15783541674977236,0.0,0.8421645760536194,0.0,0.15783542394638062,0.2347976416349411,0.7177965125166377,0.0987311083876576,0.1834723790957047,0.7177965125166377,0.0987311083876576,1,1,0.064,890.0,0.6218863129615784,0.9327954541479567
20,20,categorical_soft,0,0,True,0.1385075905024299,0.0,0.861492395401001,0.0,0.13850758969783783,0.21976226530969142,0.9871660599267674,2.523030518057228e-05,0.01280870976805209,0.9871660599267674,2.523030518057228e-05,1,1,0.512,940.0,1.331511277705431,0.9976637240031028
21,21,categorical_soft,0,0,True,0.14257556409246797,0.0,0.8574244379997253,0.0,0.14257556200027466,0.27160552591085435,0.7472669406860867,0.016368192481254932,0.23636486683265842,0.7472669406860867,0.016368192481254932,1,1,0.128,600.0,0.8269800916314125,0.9817964952979781
22,22,categorical_soft,1,1,True,0.17070501334162702,0.0,0.0,0.8292949795722961,0.17070502042770386,0.4200929716229439,0.006517949910345855,0.7794071587234149,0.21407489136623922,0.7794071587234149,0.006517949910345855,2,2,0.256,810.0,0.5141643323004246,0.9000342722994452
23,23,categorical_soft,1,1,True,0.19562216334397986,0.0,0.0,0.8043778538703918,0.19562216103076935,0.35076612383127215,0.3167803169050485,0.25058619639954643,0.4326334866954051,0.25058619639954643,0.3167803169050485,3,3,0.0,880.0,0.4363681795075536,0.8495365426977518
24,24,categorical_soft,0,0,True,0.13827039345882153,0.0,0.861729621887207,0.0,0.13827039301395416,0.28129444904625417,0.9940182976006738,0.0002977761602503258,0.005683926239075885,0.9940182976006738,0.0002977761602503258,1,1,0.512,670.0,1.3751744218170643,0.9986372597710848
25,25,categorical_soft,0,0,True,0.13827917050404648,0.0,0.8617208003997803,0.0,0.13827916979789734,0.33537447825074196,0.9941608558131405,0.002706029972509268,0.0031331142143502045,0.9941608558131405,0.002706029972509268,1,1,0.512,490.0,1.3256772384047508,0.9986011338836283
26,26,categorical_soft,0,0,False,0.0,0.0,1.0,0.0,0.0,0.5227563098073006,0.9168943907411844,0.08083913057383355,0.00226647868498205,0.9168943907411844,0.08083913057383355,1,1,0.032,990.0,0.6256432682275772,0.9261054418610988
27,27,categorical_soft,1,1,False,0.0,0.0,0.0,1.0,0.0,0.40115821212530134,0.00658658354236074,0.9811331529835703,0.0122802634740689,0.9811331529835703,0.00658658354236074,2,2,0.256,670.0,1.0143475160002708,0.9920294334782974
28,28,categorical_soft,1,1,True,0.15346409575472014,0.0,0.0,0.8465359210968018,0.15346409380435944,0.2403636883944273,0.008387432623413292,0.8954219065872714,0.0961906607893153,0.8954219065872714,0.008387432623413292,2,2,0.256,700.0,0.6205295249819756,0.945465008707168
29,29,categorical_soft,1,1,False,0.0,0.0,0.0,1.0,0.0,0.3166777271777391,0.0026487296533084003,0.9952568433425405,0.002094427004151157,0.9952568433425405,0.0026487296533084003,2,2,0.128,1110.0,0.8874989934265614,0.9751635105383551
30,30,categorical_soft,0,0,True,0.1382362113566537,0.0,0.8617637753486633,0.0,0.13823620975017548,0.3594348797574639,0.9999476287769455,1.2206591436533006e-05,4.016463161787112e-05,0.9999476287769455,1.2206591436533006e-05,1,1,0.512,1100.0,1.502898057922721,0.9987780266649418
31,31,categorical_soft,1,1,True,0.1981886021193041,0.0,0.0,0.8018113970756531,0.19818860292434692,0.38062289655208587,0.619677383024555,0.10975346066080054,0.2705691563146444,0.10975346066080054,0.619677383024555,1,1,0.0,1080.0,0.4783298671245575,0.8450161845023628
32,32,categorical_soft,1,1,True,0.15878169880904897,0.0,0.0,0.8412182927131653,0.15878169238567352,0.26502960845828055,0.0009738878369105087,0.9162395821722766,0.08278652999081285,0.9162395821722766,0.0009738878369105087,2,2,0.512,1110.0,0.6674912087619305,0.930169693553761
33,33,categorical_soft,1,1,True,0.15452912015120251,0.0,0.0,0.8454709053039551,0.1545291244983673,0.31130760088562964,0.015963412654751354,0.7655042742345775,0.21853231311067126,0.7655042742345775,0.015963412654751354,2,2,0.256,590.0,0.5813465155661106,0.9422921797796965
34,34,categorical_soft,1,1,True,0.1659572057517602,0.0,0.0,0.8340427875518799,0.16595721244812012,0.4752953380346298,0.002864804255235406,0.8293794956945911,0.16775570005017332,0.8293794956945911,0.002864804255235406,2,2,0.512,980.0,0.5830800868570805,0.9114341793520553
35,35,categorical_soft,1,1,False,0.0,0.0,0.0,1.0,0.0,0.3436578273773193,0.006975655817670566,0.9800711143321952,0.012953229850134465,0.9800711143321952,0.006975655817670566,2,2,0.256,740.0,0.983464740216732,0.9899279505458738
36,36,categorical_soft,0,0,True,0.2756396611169857,0.0,0.7243603467941284,0.0,0.2756396532058716,0.37608022540807723,0.26974075886703247,0.3307626090713921,0.3994966320615755,0.26974075886703247,0.3307626090713921,3,3,0.0,910.0,0.30457280576229095,0.7402439727377856
37,37,categorical_soft,1,1,True,0.5000959869728804,0.0,0.0,0.49990400671958923,0.5000959634780884,0.41313634216785433,0.3735710702981222,0.27541955165523374,0.3510093780466441,0.27541955165523374,0.3735710702981222,1,1,0.0,530.0,0.03898046910762787,0.549928009768958
38,38,categorical_soft,0,0,True,0.13969023630715088,0.0,0.8603097796440125,0.0,0.13969023525714874,0.32777929604053496,0.70591914645099,0.04526833872514803,0.24881251482386207,0.70591914645099,0.04526833872514803,1,1,0.128,420.0,0.9765269681811333,0.9928931070173358
39,39,categorical_soft,1,1,True,0.1427231677156029,0.0,0.0,0.8572768568992615,0.1427231729030609,0.10887833572924137,0.002195968697779464,0.9213900059407543,0.07641402536146635,0.9213900059407543,0.002195968697779464,2,2,0.256,1000.0,0.9189697876572609,0.9812481310873736
40,40,categorical_soft,1,1,True,0.1449283766718838,0.0,0.0,0.8550716042518616,0.14492838084697723,0.27477730363607406,0.0025321128815179836,0.8983617080575149,0.09910617906096712,0.8983617080575149,0.0025321128815179836,2,2,0.512,780.0,0.7911144569516182,0.9732614526724147
41,41,categorical_soft,0,0,False,0.0,0.0,1.0,0.0,0.0,0.3336924105882645,0.9938069522324012,0.0060377489819879475,0.0001552987856108439,0.9938069522324012,0.0060377489819879475,1,1,0.128,1110.0,0.8105276525020599,0.9641567331433587
42,42,categorical_soft,1,1,True,0.18386932635116243,0.0,0.0,0.8161306977272034,0.18386933207511902,0.31651750318706035,0.2146537309036999,0.39592289133209696,0.3894233777642031,0.39592289133209696,0.2146537309036999,2,2,0.032,870.0,0.47157008200883865,0.8716904059750423
43,43,categorical_soft,0,0,False,0.0,0.0,1.0,0.0,0.0,0.48812628984451295,0.869719197289692,0.12598559376608687,0.00429520894422118,0.869719197289692,0.12598559376608687,1,1,0.064,560.0,0.5961449593305588,0.9479353693958872
44,44,categorical_soft,0,0,False,0.0,0.0,1.0,0.0,0.0,0.44854572117328645,0.9808237697120081,0.018974946874912947,0.00020128341307890378,0.9808237697120081,0.018974946874912947,1,1,0.032,1090.0,0.8813283666968346,0.9750127157054449
45,45,categorical_soft,0,0,True,0.2042680392286863,0.0,0.7957319617271423,0.0,0.20426803827285767,0.41542633473873136,0.6423826020907165,0.09269321087013595,0.26492418703914755,0.6423826020907165,0.09269321087013595,1,1,0.064,490.0,0.3179522901773453,0.8346999382675498
46,46,categorical_soft,0,0,True,0.13885866885625836,0.0,0.8611413240432739,0.0,0.13885867595672607,0.3014660179615021,0.8773506522665115,0.0010447389384226344,0.1216046087950656,0.8773506522665115,0.0010447389384226344,1,1,0.256,960.0,1.238908588886261,0.9962331804667848
47,47,categorical_soft,1,1,True,0.1491607895783002,0.0,0.0,0.8508391976356506,0.14916078746318817,0.2516511520370841,0.005128591935406414,0.8370250276624585,0.157846380402135,0.8370250276624585,0.005128591935406414,2,2,0.512,580.0,0.6515953863272443,0.9589142773357157
48,48,categorical_soft,1,1,False,0.0,0.0,0.0,1.0,0.0,0.4674514696002007,0.0015557509281791488,0.9979570149843917,0.0004872340874291999,0.9979570149843917,0.0015557509281791488,2,2,0.128,1170.0,0.9544913917779922,0.9806802795219415
49,49,categorical_soft,1,1,False,0.0,0.0,0.0,1.0,0.0,0.3435914918780327,0.009333504492408546,0.9860373317632,0.004629163744391416,0.9860373317632,0.009333504492408546,2,2,0.128,670.0,0.8650231137871742,0.9835412539954715
50,50,categorical_soft,0,0,True,0.17652500160833862,0.0,0.8234750032424927,0.0,0.17652499675750732,0.46934818774461745,0.3884737362463736,0.22534608172354784,0.38618018203007864,0.3884737362463736,0.22534608172354784,1,1,0.032,510.0,0.4125770479440689,0.8869672724728956
51,51,categorical_soft,1,1,True,0.14994993269699897,0.0,0.0,0.8500500917434692,0.14994993805885315,0.34069574177265166,0.004308546768921296,0.832531169835845,0.16316028339523386,0.832531169835845,0.004308546768921296,2,2,0.256,1000.0,0.7418664749711752,0.9563678204530032
52,52,categorical_soft,0,0,True,0.13890481310209313,0.0,0.8610951900482178,0.0,0.13890480995178223,0.33942547291517255,0.9163223319610105,0.0016482178479521998,0.08202945019103715,0.9163223319610105,0.0016482178479521998,1,1,0.256,880.0,1.2093748897314072,0.9960460687413807
53,53,categorical_soft,1,1,True,0.1700814905199407,0.0,0.0,0.8299185037612915,0.1700814962387085,0.23079221062362193,0.13077602604415622,0.5616224801054341,0.30760149385040964,0.5616224801054341,0.13077602604415622,2,2,0.032,770.0,0.5076670087873936,0.9014911272737932
54,54,categorical_soft,1,1,False,0.0,0.0,0.0,1.0,0.0,0.4086651086807251,0.012134200465695941,0.984240115267878,0.0036256842664261673,0.984240115267878,0.012134200465695941,2,2,0.064,1070.0,0.7707834392786026,0.9587128420090807
55,55,categorical_soft,1,1,False,0.0,0.0,0.0,1.0,0.0,0.4607173800468445,0.01008529107620953,0.9894553628120901,0.0004593461117002709,0.9894553628120901,0.01008529107620953,2,2,0.064,1120.0,0.8611905425786972,0.9715009364845482
56,56,categorical_soft,0,0,False,0.0,0.0,1.0,0.0,0.0,0.458439701795578,0.9993632183360827,0.0006217079448028115,1.5073719114419307e-05,0.9993632183360827,0.0006217079448028115,1,1,0.512,690.0,0.9768161326646805,0.990199551493082
57,57,categorical_soft,0,0,True,0.15970363701444518,0.0,0.8402963876724243,0.0,0.15970364212989807,0.3844784930348396,0.6192323558855503,0.08820222655157098,0.29256541756287874,0.6192323558855503,0.08820222655157098,1,1,0.064,460.0,0.500236913561821,0.9276486484729601
58,58,categorical_soft,1,1,True,0.3336827505310743,0.0,0.0,0.6663172245025635,0.33368274569511414,0.3774028174579144,0.20616691250750518,0.44118047765481316,0.35265260983768154,0.44118047765481316,0.20616691250750518,2,2,0.032,530.0,0.15421375632286072,0.6827785006137393
59,59,categorical_soft,1,1,False,0.0,0.0,0.0,1.0,0.0,0.39311964213848116,0.015323616667050313,0.9801018288452719,0.004574554487677821,0.9801018288452719,0.015323616667050313,2,2,0.064,870.0,0.7703574150800705,0.9672025823294294
60,60,categorical_soft,0,0,True,0.13862414130839523,0.0,0.8613758683204651,0.0,0.1386241465806961,0.19760919995605947,0.9786513452921028,0.0006998076644442564,0.02064884704345285,0.9786513452921028,0.0006998076644442564,1,1,0.256,1070.0,1.3255500122904778,0.9971874450250001
61,61,categorical_soft,1,1,False,0.0,0.0,0.0,1.0,0.0,0.40625672191381457,0.0024171398981023178,0.9749144054836091,0.022668454618288657,0.9749144054836091,0.0024171398981023178,2,2,0.512,870.0,0.9255192875862122,0.9844256769823115
62,62,categorical_soft,1,1,False,0.0,0.0,0.0,1.0,0.0,0.4254240244626999,0.8627708650097754,0.13183320603786816,0.005395928952356438,0.13183320603786816,0.8627708650097754,1,1,0.0,980.0,0.2789652496576309,0.6978387305640433
63,63,categorical_soft,1,1,True,0.17366902544088542,0.0,0.0,0.8263309597969055,0.1736690253019333,0.414737743511796,0.3059565177570521,0.4274514881534418,0.26659199408950607,0.4274514881534418,0.3059565177570521,2,2,0.032,970.0,0.5385469272732735,0.8932635050298142
64,64,categorical_soft,1,1,True,0.4901604227321506,0.0,0.0,0.5098395943641663,0.49016043543815613,0.42120990306138995,0.3335773873806354,0.2398339656510778,0.42658864696828686,0.2398339656510778,0.3335773873806354,3,3,0.0,840.0,0.12118034064769745,0.5573811719932862
65,65,categorical_soft,1,1,False,0.0,0.0,0.0,1.0,0.0,0.4852380186319351,0.5843767811768099,0.3785563890599545,0.03706682976323569,0.3785563890599545,0.5843767811768099,1,1,0.0,1090.0,0.4844055473804474,0.8473326432389668
66,66,categorical_soft,0,0,False,0.0,0.0,1.0,0.0,0.0,0.4602878913283348,0.999951141253294,4.6041487717313735e-05,2.817258988773287e-06,0.999951141253294,4.6041487717313735e-05,1,1,0.512,890.0,1.2261307686567307,0.9963133969089378
67,67,categorical_soft,1,1,False,0.0,0.0,0.0,1.0,0.0,0.3515378266572952,0.0026009480487895927,0.9966525382074856,0.0007465137437246954,0.9966525382074856,0.0026009480487895927,2,2,0.128,1100.0,0.8749115876853466,0.9739286109917756
68,68,categorical_soft,1,1,False,0.0,0.0,0.0,1.0,0.0,0.4194176599383354,0.0049395701739235465,0.9932386103716835,0.0018218194543928503,0.9932386103716835,0.0049395701739235465,2,2,0.128,960.0,0.9685422331094742,0.9859270080561116
69,69,categorical_soft,0,0,False,0.0,0.0,1.0,0.0,0.0,0.5014753833413124,0.9710684646034675,0.028600133892308192,0.00033140150422423896,0.9710684646034675,0.028600133892308192,1,1,0.128,720.0,0.8523540496826172,0.9814357017170758
70,70,categorical_soft,0,0,False,0.0,0.0,1.0,0.0,0.0,0.4448700398206711,0.16127061601934903,0.8085423354256527,0.030187048554998264,0.16127061601934903,0.8085423354256527,2,2,0.0,720.0,0.44834649562835693,0.8789702181222038
71,71,categorical_soft,0,0,False,0.0,0.0,1.0,0.0,0.0,0.46393240839242933,0.9173175339502408,0.08047602553111818,0.0022064405186409154,0.9173175339502408,0.08047602553111818,1,1,0.032,780.0,0.8637105077505112,0.981132042637916
72,72,categorical_soft,1,1,False,0.0,0.0,0.0,1.0,0.0,0.3215940296649933,0.004067168830050426,0.9948161692703209,0.001116661899628587,0.9948161692703209,0.004067168830050426,2,2,0.064,1100.0,0.8855261914432049,0.9752206615559437
73,73,categorical_soft,1,1,True,0.22352256546050314,0.0,0.0,0.7764774560928345,0.22352255880832672,0.4583298698067665,0.5020635240110276,0.26205543720309243,0.23588103878588,0.26205543720309243,0.5020635240110276,1,1,0.032,1070.0,0.41934990882873535,0.805071285281604
74,74,categorical_soft,1,1,False,0.0,0.0,0.0,1.0,0.0,0.3161253213882446,0.015851300072375875,0.9724176629394294,0.011731036988194632,0.9724176629394294,0.015851300072375875,2,2,0.256,470.0,0.750457413494587,0.9774343798942589
75,75,categorical_soft,0,0,True,0.13853784026948351,0.0,0.8614621758460999,0.0,0.13853783905506134,0.27961440756917,0.9932689975585953,2.004887793196733e-06,0.006728997553611287,0.9932689975585953,2.004887793196733e-06,1,1,0.512,1130.0,1.367600105702877,0.9975399784909955
76,76,categorical_soft,1,1,False,0.0,0.0,0.0,1.0,0.0,0.35270110368728635,0.00608315046402734,0.9883036668868288,0.005613182649143763,0.9883036668868288,0.00608315046402734,2,2,0.256,570.0,0.875366348773241,0.9860973961582832
77,77,categorical_soft,0,0,True,0.2843102796255571,0.0,0.7156897187232971,0.0,0.2843102812767029,0.3550915136933327,0.26519061711696434,0.3148190555787042,0.4199903273043315,0.26519061711696434,0.3148190555787042,3,3,0.0,540.0,0.20403078198432922,0.7309183744348664
78,78,categorical_soft,0,0,False,0.0,0.0,1.0,0.0,0.0,0.5785391330718994,0.5910733953710945,0.3378355261400495,0.0710910784888559,0.5910733953710945,0.3378355261400495,1,1,0.0,620.0,0.4462731406092644,0.8902290393494401
79,79,categorical_soft,0,0,False,0.0,0.0,1.0,0.0,0.0,0.3234836392104626,0.999978487625324,1.6289410840797945e-05,5.222963835250237e-06,0.999978487625324,1.6289410840797945e-05,1,1,0.512,1000.0,1.1299725770950317,0.9932690070609597
80,80,categorical_soft,0,0,False,0.0,0.0,1.0,0.0,0.0,0.47719324976205824,0.9603431804661126,0.038666776795646875,0.0009900427382405457,0.9603431804661126,0.038666776795646875,1,1,0.064,800.0,0.7522460445761681,0.9670563502311729
81,81,categorical_soft,1,1,False,0.0,0.0,0.0,1.0,0.0,0.5467094838619232,0.2554820589268809,0.5851301762739893,0.15938776479912972,0.5851301762739893,0.2554820589268809,2,2,0.0,870.0,0.6061205714941025,0.9293726519956671
82,82,categorical_soft,1,1,True,0.23795408725147604,0.0,0.0,0.7620459198951721,0.23795408010482788,0.42102651447057726,0.6177071106353746,0.1498455684261911,0.23244732093843412,0.1498455684261911,0.6177071106353746,1,1,0.0,890.0,0.35041680932044983,0.7852620969120172
83,83,categorical_soft,0,0,True,0.36947866635092386,0.0,0.6305213570594788,0.0,0.36947867274284363,0.30448817685246465,0.5632873344922744,0.2313215237866859,0.20539114172103962,0.5632873344922744,0.2313215237866859,1,1,0.0,950.0,0.22867665439844131,0.651605641655162
84,84,categorical_soft,1,1,False,0.0,0.0,0.0,1.0,0.0,0.3871245577931404,0.13124989802739154,0.8031294869446037,0.0656206150280047,0.8031294869446037,0.13124989802739154,2,2,0.0,1000.0,0.550745278596878,0.8955086415069909
85,85,categorical_soft,1,1,False,0.0,0.0,0.0,1.0,0.0,0.4719780832529068,0.003899386737970821,0.9846250010937581,0.01147561216827094,0.9846250010937581,0.003899386737970821,2,2,0.256,930.0,0.8126536016352475,0.9712387698232933
86,86,categorical_soft,0,0,True,0.1401671634825094,0.0,0.8598328232765198,0.0,0.14016716182231903,0.33829852342605593,0.7592464727579545,0.024060120251094216,0.2166934069909512,0.7592464727579545,0.024060120251094216,1,1,0.128,720.0,1.0018488429486752,0.99100729361372
87,87,categorical_soft,0,0,True,0.1579737808476096,0.0,0.8420262336730957,0.0,0.1579737812280655,0.4132687583565712,0.3263100295780488,0.3125235601429007,0.3611664102790504,0.3263100295780488,0.3125235601429007,3,3,0.128,440.0,0.5102233439683914,0.9324090586510734
88,88,categorical_soft,1,1,True,0.15601400032370472,0.0,0.0,0.8439859747886658,0.15601399540901184,0.1613817449659109,0.010010129234307528,0.9236781229192527,0.06631174784644003,0.9236781229192527,0.010010129234307528,2,2,0.064,920.0,0.6466557011008263,0.9379630827620945
89,89,categorical_soft,0,0,True,0.13867979422016208,0.0,0.8613201975822449,0.0,0.13867978751659393,0.385166896879673,0.9005964892028266,0.0013451192380174654,0.09805839155915577,0.9005964892028266,0.0013451192380174654,1,1,0.512,550.0,1.1821235120296478,0.9969605032899925
90,90,categorical_soft,0,0,False,0.0,0.0,1.0,0.0,0.0,0.3952940359711647,0.9999323470118663,6.503219995305747e-05,2.620788180635202e-06,0.9999323470118663,6.503219995305747e-05,1,1,0.512,880.0,1.2769555374979973,0.997160080993963
91,91,categorical_soft,0,0,True,0.1385059640391194,0.0,0.8614940643310547,0.0,0.1385059654712677,0.3388106361031532,0.972067763741036,1.4649109448961889e-05,0.027917587149515095,0.972067763741036,1.4649109448961889e-05,1,1,0.512,1080.0,1.366443656384945,0.9976703801408602
92,92,categorical_soft,1,1,False,0.0,0.0,0.0,1.0,0.0,0.3825115144252777,0.006500213168970835,0.9910898151988953,0.0024099716321338764,0.9910898151988953,0.006500213168970835,2,2,0.256,560.0,0.9402712360024452,0.9899754196958969
93,93,categorical_soft,0,0,False,0.0,0.0,1.0,0.0,0.0,0.3773057863116264,0.9986597062735706,0.00122493696128877,0.00011535676514056985,0.9986597062735706,0.00122493696128877,1,1,0.256,1010.0,0.89406618475914,0.9786080040410493
94,94,categorical_soft,0,0,False,0.0,0.0,1.0,0.0,0.0,0.43300830870866774,0.7795290262822421,0.20605791580429003,0.014413057913468003,0.7795290262822421,0.20605791580429003,1,1,0.032,1190.0,0.02443823218345642,0.33922723566905744
95,95,categorical_soft,1,1,False,0.0,0.0,0.0,1.0,0.0,0.4632400557398796,0.022431733810819032,0.9505002236104996,0.027068042578681322,0.9505002236104996,0.022431733810819032,2,2,0.128,600.0,0.7799523025751114,0.9771726121679656
96,96,categorical_soft,1,1,False,0.0,0.0,0.0,1.0,0.0,0.40236619859933853,0.01632818288358134,0.9634976967275868,0.02017412038883176,0.9634976967275868,0.01632818288358134,2,2,0.128,540.0,0.7702847868204117,0.9777200244845375
97,97,categorical_soft,0,0,False,0.0,0.0,1.0,0.0,0.0,0.44868495911359785,0.9810549345428943,0.018723815578534246,0.00022124987857163213,0.9810549345428943,0.018723815578534246,1,1,0.128,850.0,0.8069951236248016,0.9730954313510861
98,98,categorical_soft,0,0,False,0.0,0.0,1.0,0.0,0.0,0.5371835336089135,0.9991557022616273,0.0008270194713879729,1.72782669846409e-05,0.9991557022616273,0.0008270194713879729,1,1,0.256,1130.0,0.940323144197464,0.980270773974937
99,99,categorical_soft,1,1,False,0.0,0.0,0.0,1.0,0.0,0.4188996061682701,0.006637459088826192,0.9850803586316698,0.008282182279504025,0.9850803586316698,0.006637459088826192,2,2,0.256,770.0,0.8457882143557072,0.9796723792946275
100,100,categorical_soft,0,0,True,0.3376142361206555,0.0,0.6623857617378235,0.0,0.3376142382621765,0.33769181966781614,0.2938502605826885,0.34508879398263853,0.36106094543467304,0.2938502605826885,0.34508879398263853,3,3,0.032,440.0,0.12880773842334747,0.6792309287486062
101,101,categorical_soft,0,0,False,0.0,0.0,1.0,0.0,0.0,0.39611055999994277,0.9891317370624944,0.010521240193728344,0.00034702274377722216,0.9891317370624944,0.010521240193728344,1,1,0.128,830.0,0.830107644200325,0.9764743892344655
102,102,categorical_soft,1,1,False,0.0,0.0,0.0,1.0,0.0,0.3648214012384415,0.0005753309445723415,0.9904156898934374,0.00900897916199032,0.9904156898934374,0.0005753309445723415,2,2,0.512,1170.0,0.895032768137753,0.9742936447438079
103,103,categorical_soft,0,0,False,0.0,0.0,1.0,0.0,0.0,0.44873942881822587,0.8566282086889739,0.1328431110160882,0.010528680294937925,0.8566282086889739,0.1328431110160882,1,1,0.0,1100.0,0.23338864743709564,0.6150104376710481
104,104,categorical_soft,1,1,True,0.4096164916586834,0.0,0.0,0.5903835296630859,0.40961650013923645,0.4411335114389658,0.3096472084198344,0.47939460679344476,0.21095818478672093,0.47939460679344476,0.3096472084198344,2,2,0.032,540.0,0.09940434992313385,0.618978002070126
105,105,categorical_soft,1,1,True,0.18887130337457675,0.0,0.0,0.8111286759376526,0.18887130916118622,0.3499889440834522,0.04543332572974882,0.6586183336027803,0.29594834066747094,0.6586183336027803,0.04543332572974882,2,2,0.064,550.0,0.3758755214512348,0.8619496191417857
106,106,categorical_soft,1,1,False,0.0,0.0,0.0,1.0,0.0,0.3607443496584892,0.03303485166444455,0.915915445393104,0.051049702942451536,0.915915445393104,0.03303485166444455,2,2,0.064,500.0,0.7896378748118877,0.9806371703308566
107,107,categorical_soft,0,0,False,0.0,0.0,1.0,0.0,0.0,0.34414428025484084,0.990491244810465,0.009394461643067642,0.00011429354646723825,0.990491244810465,0.009394461643067642,1,1,0.064,1090.0,0.6760236322879791,0.9343389584901522
108,108,categorical_soft,1,1,False,0.0,0.0,0.0,1.0,0.0,0.4733417645096779,0.005294534146128202,0.9862862035070996,0.008419262346772247,0.9862862035070996,0.005294534146128202,2,2,0.512,420.0,0.9626827612519264,0.9923966606535153
109,109,categorical_soft,0,0,True,0.13903218305788395,0.0,0.8609678149223328,0.0,0.13903218507766724,0.3266802530735731,0.9921524521132523,0.0006157928745448357,0.0072317550122027435,0.9921524521132523,0.0006157928745448357,1,1,0.256,1090.0,1.2358582559973001,0.9955306831056581
110,110,categorical_soft,1,1,False,0.0,0.0,0.0,1.0,0.0,0.38698580041527747,0.19084037788991973,0.7242031581576306,0.08495646395244953,0.7242031581576306,0.19084037788991973,2,2,0.032,490.0,0.6406727135181427,0.9610210045554824
111,111,categorical_soft,1,1,False,0.0,0.0,0.0,1.0,0.0,0.4487044185400009,0.07215712838510424,0.883782101796271,0.04406076981862467,0.883782101796271,0.07215712838510424,2,2,0.032,600.0,0.29688987880945206,0.7995060550026047
112,112,categorical_soft,1,1,True,0.1814254125808215,0.0,0.0,0.8185746073722839,0.18142540752887726,0.20838529393076896,0.014706736943929415,0.767232824016871,0.21806043903919953,0.767232824016871,0.014706736943929415,2,2,0.064,1090.0,0.5347029687836766,0.8766373137828818
113,113,categorical_soft,0,0,False,0.0,0.0,1.0,0.0,0.0,0.5202889695763588,0.9688674811417609,0.030572699764613943,0.0005598190936251979,0.9688674811417609,0.030572699764613943,1,1,0.128,740.0,0.859238401055336,0.9816118736481374
114,114,categorical_soft,0,0,True,0.1397140909595591,0.0,0.8602859377861023,0.0,0.1397140920162201,0.2580097699537873,0.9227782856772014,0.008062718593625564,0.06915899572917308,0.9227782856772014,0.008062718593625564,1,1,0.128,1110.0,1.143107857555151,0.992798274687235
115,115,categorical_soft,0,0,False,0.0,0.0,1.0,0.0,0.0,0.3968718320131302,0.9867331488363668,0.013003281126057637,0.00026357003757553424,0.9867331488363668,0.013003281126057637,1,1,0.256,400.0,0.8786294907331467,0.9888229953165317
116,116,categorical_soft,0,0,True,0.13828874431963267,0.0,0.8617112636566162,0.0,0.13828875124454498,0.2891365770250559,0.9857319158917767,0.0005114096926306989,0.013756674415592838,0.9857319158917767,0.0005114096926306989,1,1,0.512,690.0,1.3690884998068213,0.9985617374980715
117,117,categorical_soft,1,1,True,0.3776829839284971,0.0,0.0,0.6223170161247253,0.37768298387527466,0.24734878577291966,0.08304539174419223,0.7212454458441917,0.19570916241161612,0.7212454458441917,0.08304539174419223,2,2,0.032,1090.0,0.25692538917064667,0.6447691894907673
118,118,categorical_soft,0,0,False,0.0,0.0,1.0,0.0,0.0,0.5095824837684632,0.42669174372520524,0.5226445192062076,0.050663737068587275,0.42669174372520524,0.5226445192062076,2,2,0.0,530.0,0.14550048112869263,0.6734340588596291
119,119,categorical_soft,1,1,False,0.0,0.0,0.0,1.0,0.0,0.3986625462770462,0.06241952543477945,0.9079337950694496,0.029646679495770822,0.9079337950694496,0.06241952543477945,2,2,0.032,1020.0,0.7461745217442513,0.9562448127595157
120,120,categorical_soft,0,0,False,0.0,0.0,1.0,0.0,0.0,0.48488678932189944,0.9368604041168552,0.06122088855232606,0.0019187073308188384,0.9368604041168552,0.06122088855232606,1,1,0.064,1140.0,0.8811020478606224,0.9734726540334536
121,121,categorical_soft,1,1,False,0.0,0.0,0.0,1.0,0.0,0.4440571695566177,0.26281385844517713,0.6546056126717754,0.08258052888304748,0.6546056126717754,0.26281385844517713,2,2,0.032,1030.0,0.44420781126245856,0.8304270220552399
122,122,categorical_soft,0,0,False,0.0,0.0,1.0,0.0,0.0,0.41137301474809645,0.8616816413725303,0.13287251152607676,0.005445847101392963,0.8616816413725303,0.13287251152607676,1,1,0.032,770.0,0.5590284466743469,0.921742720182926
123,123,categorical_soft,1,1,False,0.0,0.0,0.0,1.0,0.0,0.5482481092214584,0.05427171557538124,0.9343183803694564,0.011409904055162338,0.9343183803694564,0.05427171557538124,2,2,0.064,970.0,0.8382994756102562,0.9733338173655368
124,124,categorical_soft,1,1,False,0.0,0.0,0.0,1.0,0.0,0.429429429769516,0.034716630308098115,0.9576472327879662,0.007636136903935699,0.9576472327879662,0.034716630308098115,2,2,0.064,900.0,0.7135881632566452,0.9555940568279244
125,125,categorical_soft,1,1,True,0.5794127886650615,0.0,0.0,0.4205872118473053,0.5794128179550171,0.46219669878482816,0.2880543999021164,0.31552857017975405,0.3964170299181295,0.31552857017975405,0.2880543999021164,3,3,0.0,630.0,0.014298170804977417,0.489638852732902
126,126,categorical_soft,0,0,False,0.0,0.0,1.0,0.0,0.0,0.4409998506307602,0.9506869275628885,0.04809967740372985,0.001213395033381761,0.9506869275628885,0.04809967740372985,1,1,0.064,710.0,0.7786474227905273,0.9738569134677411
127,127,categorical_soft,1,1,True,0.14917704361324657,0.0,0.0,0.8508229851722717,0.14917704463005066,0.12501180432736875,0.005379297848983901,0.894103613702215,0.10051708844880107,0.894103613702215,0.005379297848983901,2,2,0.256,800.0,0.7053017374128103,0.9588614438144833
128,128,categorical_soft,0,0,False,0.0,0.0,1.0,0.0,0.0,0.39262755066156385,0.9957547476244255,0.004179292872557852,6.595950301669732e-05,0.9957547476244255,0.004179292872557852,1,1,0.256,810.0,0.9328049719333649,0.9859995425646517
129,129,categorical_soft,1,1,False,0.0,0.0,0.0,1.0,0.0,0.46883592158555987,0.15958626697209416,0.7319198624229604,0.10849387060494542,0.7319198624229604,0.15958626697209416,2,2,0.0,740.0,0.4401589300541673,0.8719570289551434
130,130,categorical_soft,0,0,True,0.13932300532074077,0.0,0.8606770038604736,0.0,0.13932301104068756,0.31737798601388933,0.9029661357390978,0.001702332266731537,0.09533153199417058,0.9029661357390978,0.001702332266731537,1,1,0.256,760.0,1.1072956509888172,0.9943598641772323
131,131,categorical_soft,1,1,True,0.26710387641292066,0.0,0.0,0.7328961491584778,0.2671038806438446,0.3990237958729267,0.3279916440408176,0.2775027335124448,0.3945056224467377,0.2775027335124448,0.3279916440408176,3,3,0.0,450.0,0.20189611613750458,0.7497536010137897
132,132,categorical_soft,1,1,True,0.1942978501231068,0.0,0.0,0.8057021498680115,0.19429785013198853,0.3889029651880264,0.27111417965150963,0.41392408184408314,0.31496173850440734,0.41392408184408314,0.27111417965150963,2,2,0.0,450.0,0.33466777577996254,0.8519102310008333
133,133,categorical_soft,1,1,True,0.1479900162383735,0.0,0.0,0.8520100116729736,0.14799001812934875,0.26045347154140475,0.0028222232646807214,0.9202748377800599,0.0769029389552593,0.9202748377800599,0.0028222232646807214,2,2,0.256,1060.0,0.7902041841298342,0.9627634908850646
134,134,categorical_soft,1,1,False,0.0,0.0,0.0,1.0,0.0,0.3334460109472275,0.005783446342618447,0.9875440553670194,0.006672498290361917,0.9875440553670194,0.005783446342618447,2,2,0.512,420.0,0.9185963869094849,0.9905750027375144
135,135,categorical_soft,1,1,False,0.0,0.0,0.0,1.0,0.0,0.41363338828086854,0.015768491308041505,0.9670448110476922,0.017186697644266183,0.9670448110476922,0.015768491308041505,2,2,0.128,550.0,0.8471453636884689,0.9844363066557632
136,136,categorical_soft,1,1,False,0.0,0.0,0.0,1.0,0.0,0.40658746361732484,0.009110435039134505,0.9845480999180474,0.0063414650428179785,0.9845480999180474,0.009110435039134505,2,2,0.064,710.0,0.8296653404831886,0.9795348113878266
137,137,categorical_soft,1,1,False,0.0,0.0,0.0,1.0,0.0,0.3000749073922634,0.0021265072155955632,0.9847538281796586,0.013119664604745576,0.9847538281796586,0.0021265072155955632,2,2,0.256,1170.0,0.9370100349187851,0.9789839075363657
138,138,categorical_soft,0,0,False,0.0,0.0,1.0,0.0,0.0,0.4790832415223122,0.9830538243703018,0.016478056919896397,0.00046811870980198835,0.9830538243703018,0.016478056919896397,1,1,0.256,520.0,0.7035814672708511,0.9700524971125286
139,139,categorical_soft,0,0,True,0.5633984061695912,0.0,0.43660157918930054,0.0,0.5633984208106995,0.40742090791463853,0.14634306058816252,0.4299603510591735,0.423696588352664,0.14634306058816252,0.4299603510591735,2,2,0.032,550.0,0.004771977663040161,0.5020469266401053
140,140,categorical_soft,0,0,True,0.20074126903059886,0.0,0.7992587089538574,0.0,0.20074127614498138,0.26838878095149993,0.7806669327794534,0.042203667291839796,0.1771293999287067,0.7806669327794534,0.042203667291839796,1,1,0.032,910.0,0.42986413836479187,0.8406197921304861
141,141,categorical_soft,0,0,True,0.13822393699639696,0.0,0.8617760539054871,0.0,0.13822393119335175,0.22910723574459552,0.9914761199042312,0.0003412755305283328,0.008182604565240557,0.9914761199042312,0.0003412755305283328,1,1,0.256,1090.0,1.5090577974915504,0.9988286034420863
142,142,categorical_soft,0,0,True,0.1386426140440054,0.0,0.8613573908805847,0.0,0.13864260911941528,0.3608744092285633,0.9761533820222498,0.0021163304813842363,0.021730287496365897,0.9761533820222498,0.0021163304813842363,1,1,0.512,520.0,1.1852051876485348,0.9971120824108168
143,143,categorical_soft,1,1,False,0.0,0.0,0.0,1.0,0.0,0.4296186715364456,0.013303578706564406,0.979839301634976,0.006857119658459645,0.979839301634976,0.013303578706564406,2,2,0.128,820.0,0.8714949004352093,0.9809465115266203
144,144,categorical_soft,0,0,True,0.6047506896738587,0.0,0.39524930715560913,0.0,0.6047506928443909,0.4129869654774666,0.33179759199625575,0.29779180936080385,0.37041059864294046,0.33179759199625575,0.29779180936080385,3,3,0.0,930.0,0.0715331882238388,0.46956332434263837
145,145,categorical_soft,0,0,False,0.0,0.0,1.0,0.0,0.0,0.49077092707157133,0.17245788569145687,0.7564680982825196,0.07107401602602352,0.17245788569145687,0.7564680982825196,2,2,0.0,720.0,0.18114810436964035,0.6614705638313395
146,146,categorical_soft,1,1,True,0.1519203241885233,0.0,0.0,0.8480796813964844,0.15192031860351562,0.3099049307405949,0.06256562920249117,0.6253377945882002,0.3120965762093086,0.6253377945882002,0.06256562920249117,2,2,0.032,760.0,0.654623880982399,0.9501698761583731
147,147,categorical_soft,0,0,True,0.14111425726669852,0.0,0.8588857650756836,0.0,0.1411142498254776,0.4900165095925331,0.9083303087053212,0.05786056097964504,0.03380913031503375,0.9083303087053212,0.05786056097964504,1,1,0.064,550.0,0.8895179703831673,0.9873244413996682
148,148,categorical_soft,0,0,False,0.0,0.0,1.0,0.0,0.0,0.4513884007930756,0.9904918922919924,0.00935863084725532,0.0001494768607521027,0.9904918922919924,0.00935863084725532,1,1,0.256,640.0,0.9410156607627869,0.989011461538332
149,149,categorical_soft,1,1,False,0.0,0.0,0.0,1.0,0.0,0.4311057776212692,0.0010993259223275012,0.955469875882151,0.04343079819552147,0.955469875882151,0.0010993259223275012,2,2,0.512,1010.0,0.884843185544014,0.9776384682656628
150,150,categorical_soft,1,1,True,0.2515553254723077,0.0,0.0,0.748444676399231,0.25155532360076904,0.3175117377191782,0.4099160950818761,0.2729912844486364,0.31709262046948744,0.2729912844486364,0.4099160950818761,1,1,0.0,1140.0,0.39154666662216187,0.76804389163125
151,151,categorical_soft,1,1,True,0.16508592190326005,0.0,0.0,0.8349140882492065,0.16508592665195465,0.2790368489921093,0.044088556679005866,0.6453808092888782,0.3105306340321158,0.6453808092888782,0.044088556679005866,2,2,0.064,450.0,0.4585789884440601,0.9136067979112812
152,152,categorical_soft,0,0,True,0.13982705296845277,0.0,0.8601729273796082,0.0,0.13982705771923065,0.32845566868782045,0.8652474039907331,0.0071528344223030695,0.1275997615869638,0.8652474039907331,0.0071528344223030695,1,1,0.256,680.0,1.0252197608351707,0.9923499347600208
153,153,categorical_soft,1,1,False,0.0,0.0,0.0,1.0,0.0,0.3730970025062561,0.01305986303199753,0.9775715335578677,0.009368603410134782,0.9775715335578677,0.01305986303199753,2,2,0.128,570.0,0.8900863528251648,0.9870548531058613
154,154,categorical_soft,1,1,True,0.38718682720448966,0.0,0.0,0.6128131747245789,0.38718682527542114,0.38764554262161255,0.28905673702929185,0.37036017177602526,0.34058309119468294,0.37036017177602526,0.28905673702929185,2,2,0.0,420.0,0.08563469350337982,0.6369667935119121
155,155,categorical_soft,1,1,True,0.6919414839182145,0.0,0.0,0.3080585300922394,0.691941499710083,0.4897172376513481,0.2936334413583705,0.33590224640730004,0.37046431223432946,0.33590224640730004,0.2936334413583705,3,3,0.0,1110.0,0.05216918885707855,0.3931617373280032
156,156,categorical_soft,1,1,False,0.0,0.0,0.0,1.0,0.0,0.361095330119133,0.003964949241396386,0.9870573868764314,0.008977663882172063,0.9870573868764314,0.003964949241396386,2,2,0.512,620.0,1.0369794890284538,0.9932770033740341
157,157,categorical_soft,0,0,True,0.14246930285070097,0.0,0.8575307130813599,0.0,0.14246930181980133,0.3927601918578148,0.9388575682962539,0.00016347154552169443,0.06097896015822437,0.9388575682962539,0.00016347154552169443,1,1,0.256,1190.0,0.9762993305921555,0.9821923797642307
158,158,categorical_soft,0,0,False,0.0,0.0,1.0,0.0,0.0,0.47786491364240646,0.8885225327943449,0.10832000601540925,0.003157461190245744,0.8885225327943449,0.10832000601540925,1,1,0.032,970.0,0.5593879073858261,0.9026409468277098
159,159,categorical_soft,0,0,True,0.2248344800933998,0.0,0.7751654982566833,0.0,0.22483448684215546,0.45162166804075243,0.7729915267458112,0.0645187050633722,0.16248976819081662,0.7729915267458112,0.0645187050633722,1,1,0.064,1100.0,0.4242866486310959,0.8031953762369244
160,160,categorical_soft,0,0,True,0.22324250122744782,0.0,0.7767574787139893,0.0,0.22324250638484955,0.47727095931768415,0.30762569846029897,0.3309260178486815,0.36144828369101967,0.30762569846029897,0.3309260178486815,3,3,0.0,570.0,0.29719260334968567,0.8054738559841625
161,161,categorical_soft,0,0,False,0.0,0.0,1.0,0.0,0.0,0.43047400265932084,0.9989244457323426,0.0009559440078164147,0.00011961025984088892,0.9989244457323426,0.0009559440078164147,1,1,0.256,1120.0,0.8825294226408005,0.9742646649939778
162,162,categorical_soft,0,0,False,0.0,0.0,1.0,0.0,0.0,0.440047051012516,0.9808518730087485,0.018885202313573345,0.00026292467767821193,0.9808518730087485,0.018885202313573345,1,1,0.064,1170.0,0.6937208026647568,0.9337542971450663
163,163,categorical_soft,0,0,False,0.0,0.0,1.0,0.0,0.0,0.4016143873333931,0.9951995137896059,0.004666943768902332,0.00013354244149161437,0.9951995137896059,0.004666943768902332,1,1,0.512,420.0,1.0640278086066246,0.9953650626985455
164,164,categorical_soft,1,1,True,0.17329589949797325,0.0,0.0,0.8267040848731995,0.17329590022563934,0.23544582184404134,0.02166143374866867,0.8164971283602933,0.16184143789103805,0.8164971283602933,0.02166143374866867,2,2,0.128,630.0,0.45692120492458344,0.8941022071415985
165,165,categorical_soft,0,0,False,0.0,0.0,1.0,0.0,0.0,0.5712717592716217,0.3238320947512245,0.5228619428902872,0.1533059623584883,0.3238320947512245,0.5228619428902872,2,2,0.032,450.0,0.3405662328004837,0.8555293667070335
166,166,categorical_soft,1,1,False,0.0,0.0,0.0,1.0,0.0,0.4939851611852646,0.24114071124970046,0.6342006833332017,0.12465860541709786,0.6342006833332017,0.24114071124970046,2,2,0.0,790.0,0.5542556680738926,0.918242385703389
167,167,categorical_soft,0,0,False,0.0,0.0,1.0,0.0,0.0,0.449300953745842,0.9999640905052605,2.2913796869983325e-05,1.2995697869521642e-05,0.9999640905052605,2.2913796869983325e-05,1,1,0.512,960.0,1.1586555764079094,0.9944225634819186
168,168,categorical_soft,0,0,True,0.13808275097120648,0.0,0.86191725730896,0.0,0.13808275759220123,0.24389495477080345,0.9992738929878697,6.477315925829697e-06,0.000719629696204537,0.9992738929878697,6.477315925829697e-06,1,1,0.512,1150.0,1.6639904230833054,0.9994114755264566
169,169,categorical_soft,1,1,False,0.0,0.0,0.0,1.0,0.0,0.40276433899998665,0.0036028791086843807,0.9738534356356954,0.022543685255620033,0.9738534356356954,0.0036028791086843807,2,2,0.512,630.0,0.9054725877940655,0.987096515143741
170,170,categorical_soft,1,1,True,0.15469499962109745,0.0,0.0,0.8453050255775452,0.15469500422477722,0.30801604874432087,0.013999904745359743,0.7907887512638899,0.19521134399075044,0.7907887512638899,0.013999904745359743,2,2,0.512,400.0,0.5329052275046706,0.941803186065585
171,171,categorical_soft,1,1,True,0.15684755429634534,0.0,0.0,0.8431524634361267,0.15684755146503448,0.06818810179829597,0.0077778340012429085,0.8778041714053664,0.11441799459339067,0.8778041714053664,0.0077778340012429085,2,2,0.128,750.0,0.5967523828148842,0.9355792000910905
172,172,categorical_soft,0,0,False,0.0,0.0,1.0,0.0,0.0,0.47669405192136766,0.9096207453894195,0.08777445107921199,0.0026048035313684824,0.9096207453894195,0.08777445107921199,1,1,0.064,1000.0,0.7131521999835968,0.9500865290201956
173,173,categorical_soft,1,1,False,0.0,0.0,0.0,1.0,0.0,0.532507772743702,0.002182237054382668,0.9827216631041507,0.015096099841466598,0.9827216631041507,0.002182237054382668,2,2,0.512,710.0,0.926895696669817,0.9872083280702392
174,174,categorical_soft,1,1,False,0.0,0.0,0.0,1.0,0.0,0.3363390453159809,0.027363897837468936,0.9312862251531785,0.04134987700935267,0.9312862251531785,0.027363897837468936,2,2,0.128,510.0,0.8757945969700813,0.9870818102457184
175,175,categorical_soft,1,1,False,0.0,0.0,0.0,1.0,0.0,0.4815553933382034,0.42535878614243583,0.5054669394741662,0.06917427438339803,0.5054669394741662,0.42535878614243583,2,2,0.032,420.0,0.14259213209152222,0.6989029943655043
176,176,categorical_soft,0,0,False,0.0,0.0,1.0,0.0,0.0,0.42871928960084915,0.9941428120732411,0.005810942372198261,4.6245554560753854e-05,0.9941428120732411,0.005810942372198261,1,1,0.512,430.0,0.9890631213784218,0.993234279246882
177,177,categorical_soft,0,0,True,0.14220901230710697,0.0,0.857791006565094,0.0,0.1422090083360672,0.36009695678949355,0.8512344062277375,0.02491766106471094,0.12384793270755157,0.8512344062277375,0.02491766106471094,1,1,0.128,680.0,0.8628118187189102,0.9831660768651947
178,178,categorical_soft,1,1,False,0.0,0.0,0.0,1.0,0.0,0.44692697674036025,0.0006144761516688579,0.9784879010719323,0.020897622776398797,0.9784879010719323,0.0006144761516688579,2,2,0.512,1100.0,0.9082893161103129,0.9777844890366508
179,179,categorical_soft,0,0,True,0.2096389923333335,0.0,0.7903609871864319,0.0,0.20963899791240692,0.4204938724637032,0.34209993899878477,0.3442245029846013,0.31367555801661384,0.34209993899878477,0.3442245029846013,2,2,0.0,530.0,0.31519949436187744,0.826003236936907
180,180,categorical_soft,0,0,False,0.0,0.0,1.0,0.0,0.0,0.5494292423129081,0.9413512824661125,0.057040851823531066,0.0016078657103562627,0.9413512824661125,0.057040851823531066,1,1,0.032,660.0,0.8083652555942535,0.9786259904641058
181,181,categorical_soft,1,1,True,0.14796051642241764,0.0,0.0,0.8520394563674927,0.14796051383018494,0.294486253708601,0.007253977379097519,0.8755585948248527,0.1171874277960498,0.8755585948248527,0.007253977379097519,2,2,0.256,780.0,0.7220612280070782,0.9628616094181124
182,182,categorical_soft,1,1,False,0.0,0.0,0.0,1.0,0.0,0.4209600165486336,0.403338081302814,0.5110551044572704,0.08560681423991563,0.5110551044572704,0.403338081302814,2,2,0.0,620.0,0.32470835000276566,0.8169446782905361
183,183,categorical_soft,1,1,False,0.0,0.0,0.0,1.0,0.0,0.25033936034888027,0.005112353627998573,0.9839648061348225,0.010922840237178846,0.9839648061348225,0.005112353627998573,2,2,0.512,440.0,0.9864633828401566,0.9930653685045051
184,184,categorical_soft,0,0,True,0.14023177311416907,0.0,0.8597682118415833,0.0,0.14023177325725555,0.388325946778059,0.861092687908887,0.019090718339274036,0.11981659375183884,0.861092687908887,0.019090718339274036,1,1,0.064,1040.0,1.0746464524418116,0.9907534544092869
185,185,categorical_soft,0,0,False,0.0,0.0,1.0,0.0,0.0,0.4182892873883247,0.9944412959864938,0.005477213193214656,8.149082029154273e-05,0.9944412959864938,0.005477213193214656,1,1,0.256,690.0,0.824377030134201,0.9794972389177028
186,186,categorical_soft,1,1,False,0.0,0.0,0.0,1.0,0.0,0.44485422521829604,0.015837150545957673,0.9686238099671034,0.015539039486938865,0.9686238099671034,0.015837150545957673,2,2,0.064,780.0,0.8256258368492126,0.9773373939606169
187,187,categorical_soft,0,0,True,0.14698093772251564,0.0,0.8530190587043762,0.0,0.14698094129562378,0.3675096407532692,0.8720491287174786,0.023794884054992308,0.10415598722752914,0.8720491287174786,0.023794884054992308,1,1,0.032,990.0,0.7931640520691872,0.9661522905281389
188,188,categorical_soft,0,0,True,0.13887839029869398,0.0,0.8611215949058533,0.0,0.13887839019298553,0.307291767001152,0.9572614222860987,8.151455001673999e-05,0.04265706316388456,0.9572614222860987,8.151455001673999e-05,1,1,0.512,820.0,1.2002649754285812,0.9961531855960688
189,189,categorical_soft,1,1,True,0.4922808545515101,0.0,0.0,0.5077191591262817,0.49228084087371826,0.33180406838655474,0.2290726720567518,0.3685978251091557,0.4023295028340925,0.3685978251091557,0.2290726720567518,3,3,0.0,870.0,0.1272290199995041,0.5557900779139849
190,190,categorical_soft,1,1,True,0.1614042197962,0.0,0.0,0.8385958075523376,0.16140422224998474,0.14487479999661446,0.004834462976163296,0.8441210041442015,0.1510445328796351,0.8441210041442015,0.004834462976163296,2,2,0.128,1010.0,0.6217487994581461,0.9230908345077989
191,191,categorical_soft,0,0,False,0.0,0.0,1.0,0.0,0.0,0.599481400847435,0.9378945489056658,0.061219967144169364,0.0008854839501646254,0.9378945489056658,0.061219967144169364,1,1,0.128,430.0,0.6901669502258301,0.971265268944122
192,192,categorical_soft,1,1,False,0.0,0.0,0.0,1.0,0.0,0.5381253108382225,0.008144497361588477,0.9308814885880411,0.060974014050370416,0.9308814885880411,0.008144497361588477,2,2,0.512,530.0,0.8170751482248306,0.9824240518826223
193,193,categorical_soft,0,0,True,0.145772605207241,0.0,0.8542274236679077,0.0,0.14577260613441467,0.4025618925690651,0.9012975867908551,0.0036265476977140484,0.09507586551143099,0.9012975867908551,0.0036265476977140484,1,1,0.128,1080.0,0.8427324146032333,0.9703012201844253
194,194,categorical_soft,1,1,False,0.0,0.0,0.0,1.0,0.0,0.5416335672140121,0.6537100466205332,0.3172035786497368,0.02908637472972993,0.3172035786497368,0.6537100466205332,1,1,0.0,1050.0,0.24135959148406982,0.6382705062354783
195,195,categorical_soft,1,1,False,0.0,0.0,0.0,1.0,0.0,0.4594561725854874,0.4037351197543522,0.4933110904107954,0.10295378983485237,0.4933110904107954,0.4037351197543522,2,2,0.0,580.0,0.03497976064682007,0.5300748520688947
196,196,categorical_soft,1,1,False,0.0,0.0,0.0,1.0,0.0,0.3702165558934212,0.0021540732772855,0.9967169944620563,0.0011289322606580499,0.9967169944620563,0.0021540732772855,2,2,0.128,1090.0,0.8795745894312859,0.9748019174857763
197,197,categorical_soft,1,1,False,0.0,0.0,0.0,1.0,0.0,0.5105584725737572,0.4538390805118742,0.4403937989486574,0.10576712053946842,0.4403937989486574,0.4538390805118742,1,1,0.0,530.0,0.456807479262352,0.9049384685594726
198,198,categorical_soft,1,1,True,0.16971806602308326,0.0,0.0,0.8302819132804871,0.16971807181835175,0.15000259950757028,0.013767545180058408,0.9129496855242658,0.07328276929567591,0.9129496855242658,0.013767545180058408,2,2,0.128,940.0,0.5513442233204842,0.9023456784161284
199,199,categorical_soft,0,0,False,0.0,0.0,1.0,0.0,0.0,0.43776473999023435,0.8978169757549519,0.09898427078125598,0.00319875346379205,0.8978169757549519,0.09898427078125598,1,1,0.064,630.0,0.6827080249786377,0.9624110985426224
200,200,categorical_soft,0,0,True,0.1405106175801334,0.0,0.859489381313324,0.0,0.14051061868667603,0.3254077909514308,0.8324700407265452,0.012309097949468554,0.15522086132398616,0.8324700407265452,0.012309097949468554,1,1,0.256,510.0,0.9216797426342964,0.9896623360021629
201,201,categorical_soft,0,0,False,0.0,0.0,1.0,0.0,0.0,0.44749529510736463,0.9964886995643518,0.0032570715039250677,0.00025422893172310726,0.9964886995643518,0.0032570715039250677,1,1,0.128,1160.0,0.77137890458107,0.9543255483404679
202,202,categorical_soft,1,1,False,0.0,0.0,0.0,1.0,0.0,0.30662228241562844,0.015079723053862626,0.9750927796552105,0.009827497290927075,0.9750927796552105,0.015079723053862626,2,2,0.128,630.0,0.7733290158212185,0.9755886426620864
203,203,categorical_soft,1,1,True,0.1490194756019766,0.0,0.0,0.8509805202484131,0.14901947975158691,0.12344239689409733,0.005150805424499557,0.9109270939677044,0.083922100607796,0.9109270939677044,0.005150805424499557,2,2,0.256,720.0,0.6883350163698196,0.9593743057190663
204,204,categorical_soft,1,1,False,0.0,0.0,0.0,1.0,0.0,0.34453810602426527,0.055968332965831126,0.920289498736387,0.023742168297782085,0.920289498736387,0.055968332965831126,2,2,0.032,880.0,0.786303885281086,0.9692417092065296
205,205,categorical_soft,0,0,False,0.0,0.0,1.0,0.0,0.0,0.3497756063938141,0.9729282985387793,0.026730486695042903,0.00034121476617778935,0.9729282985387793,0.026730486695042903,1,1,0.256,480.0,0.860015258193016,0.9865435989136945
206,206,categorical_soft,0,0,True,0.13854824437373459,0.0,0.8614517450332642,0.0,0.13854824006557465,0.25933728739619255,0.9949753679221821,0.00013158672518327953,0.004893045352634807,0.9949753679221821,0.00013158672518327953,1,1,0.512,860.0,1.2978549934923649,0.9974974387743648
207,207,categorical_soft,1,1,True,0.14534355196600074,0.0,0.0,0.854656457901001,0.14534355700016022,0.17650689445436002,0.010086824576748381,0.8617143502270667,0.12819882519618506,0.8617143502270667,0.010086824576748381,2,2,0.256,600.0,0.7358072251081467,0.9717991940936319
208,208,categorical_soft,0,0,False,0.0,0.0,1.0,0.0,0.0,0.466969308257103,0.998315718235913,0.0016712200685369012,1.3061695549917998e-05,0.998315718235913,0.0016712200685369012,1,1,0.512,550.0,0.9212616831064224,0.9891350999766536
209,209,categorical_soft,0,0,True,0.14118864567241024,0.0,0.8588113784790039,0.0,0.14118865132331848,0.3429701581597328,0.8062198212592632,0.006651124106867684,0.18712905463386909,0.8062198212592632,0.006651124106867684,1,1,0.128,920.0,0.9757032729685307,0.9870385860373436
210,210,categorical_soft,1,1,True,0.15860824482892266,0.0,0.0,0.8413917422294617,0.15860824286937714,0.13308508992195128,0.006109106304790506,0.882925493038956,0.11096540065625346,0.882925493038956,0.006109106304790506,2,2,0.128,1120.0,0.6714484915137291,0.9306480679911552
211,211,categorical_soft,1,1,False,0.0,0.0,0.0,1.0,0.0,0.41389002203941344,0.009415220806516616,0.9891062768430189,0.0014785023504646738,0.9891062768430189,0.009415220806516616,2,2,0.128,630.0,0.9032019004225731,0.9869536354201252
212,212,categorical_soft,1,1,False,0.0,0.0,0.0,1.0,0.0,0.4746125042438507,0.01126753822024296,0.9808627430386634,0.007869718741093653,0.9808627430386634,0.01126753822024296,2,2,0.256,490.0,0.8382568582892418,0.9848693830353438
213,213,categorical_soft,0,0,True,0.1411430340477458,0.0,0.8588569760322571,0.0,0.1411430388689041,0.2809580210596323,0.8066040534371102,0.020294568619861505,0.17310137794302843,0.8066040534371102,0.020294568619861505,1,1,0.128,620.0,0.9049015678465366,0.9872138017206691
214,214,categorical_soft,1,1,True,0.33175343955558406,0.0,0.0,0.6682465672492981,0.3317534327507019,0.47517922818660735,0.6124257676936942,0.1022261408629076,0.28534809144339823,0.1022261408629076,0.6124257676936942,1,1,0.0,1170.0,0.3128942549228668,0.6845322045734847
215,215,categorical_soft,0,0,True,0.14168217634812003,0.0,0.8583178520202637,0.0,0.14168217778205872,0.4342561349272728,0.36589318712415897,0.34266063052992335,0.2914461823459177,0.36589318712415897,0.34266063052992335,1,1,0.0,400.0,0.8201030120253563,0.9851543467679202
216,216,categorical_soft,1,1,False,0.0,0.0,0.0,1.0,0.0,0.3501675002276897,0.013024005266739119,0.978800747420425,0.008175247312835964,0.978800747420425,0.013024005266739119,2,2,0.032,1070.0,0.9571733213961124,0.9830576817710954
217,217,categorical_soft,1,1,True,0.14734119037216775,0.0,0.0,0.8526588082313538,0.14734119176864624,0.24048311542719603,0.029894427646245107,0.7714255208665215,0.1986800514872334,0.7714255208665215,0.029894427646245107,2,2,0.128,510.0,0.6679420471191406,0.9649346902173321
218,218,categorical_soft,1,1,True,0.14561376889664313,0.0,0.0,0.8543862104415894,0.14561377465724945,0.34507589861750604,0.00438824685907251,0.8450378262941534,0.15057392684677418,0.8450378262941534,0.00438824685907251,2,2,0.512,840.0,0.7877875319682062,0.9708542288902703
219,219,categorical_soft,0,0,False,0.0,0.0,1.0,0.0,0.0,0.5170426964759827,0.991127295143626,0.008820271095446534,5.243376092759997e-05,0.991127295143626,0.008820271095446534,1,1,0.256,790.0,0.9336192756891251,0.9863823598187527
220,220,categorical_soft,1,1,False,0.0,0.0,0.0,1.0,0.0,0.4290498912334442,0.09991275748913811,0.8561150003662445,0.04397224214461735,0.8561150003662445,0.09991275748913811,2,2,0.032,930.0,0.695711875683628,0.9500247111675635
221,221,categorical_soft,1,1,True,0.14853097830641065,0.0,0.0,0.8514690399169922,0.148530974984169,0.2447915729135275,0.009464689884122161,0.8721904010739404,0.11834490904193726,0.8721904010739404,0.009464689884122161,2,2,0.256,600.0,0.6674078479409218,0.9609741496551975
222,222,categorical_soft,1,1,True,0.1561274774266378,0.0,0.0,0.8438725471496582,0.15612748265266418,0.1640189528465271,0.008782965294434817,0.8472604706740301,0.14395656403153523,0.8472604706740301,0.008782965294434817,2,2,0.128,920.0,0.6455166675150394,0.9376366289807997
223,223,categorical_soft,1,1,False,0.0,0.0,0.0,1.0,0.0,0.3227393690496683,0.0012076779568085919,0.9863272341365172,0.012465087906674182,0.9863272341365172,0.0012076779568085919,2,2,0.512,1080.0,0.9951790161430836,0.9857344003738269
224,224,categorical_soft,0,0,False,0.0,0.0,1.0,0.0,0.0,0.3652819961309433,0.10444707623297171,0.8721662135499271,0.02338671021710126,0.10444707623297171,0.8721662135499271,2,2,0.0,1140.0,0.4604542929737363,0.8228637386141178
225,225,categorical_soft,0,0,False,0.0,0.0,1.0,0.0,0.0,0.4249783158302307,0.9393276862147653,0.058835201705407424,0.001837112079827325,0.9393276862147653,0.058835201705407424,1,1,0.032,740.0,0.7069098949432373,0.9619124420023145
226,226,categorical_soft,0,0,True,0.1528089201268638,0.0,0.8471910953521729,0.0,0.15280891954898834,0.35226085782051086,0.6431547940646494,0.06949175766203233,0.28735344827331816,0.6431547940646494,0.06949175766203233,1,1,0.064,1010.0,0.7045481577515602,0.9474461245798402
227,227,categorical_soft,1,1,True,0.15360463462581997,0.0,0.0,0.8463953733444214,0.1536046415567398,0.3346253991127014,0.014555734953419528,0.7510939778704522,0.23435028717612827,0.7510939778704522,0.014555734953419528,2,2,0.512,420.0,0.5501690473174676,0.945042986345464
228,228,categorical_soft,0,0,True,0.14064528422321942,0.0,0.8593547344207764,0.0,0.14064528048038483,0.30401069968938826,0.8652260491069406,0.003629957776874362,0.1311439931161851,0.8652260491069406,0.003629957776874362,1,1,0.256,730.0,0.9654799997806549,0.9891379291663808
229,229,categorical_soft,1,1,False,0.0,0.0,0.0,1.0,0.0,0.3642876923084259,0.08340052608479351,0.8978255033290106,0.018773970586195975,0.8978255033290106,0.08340052608479351,2,2,0.064,730.0,0.7088822452351451,0.9627012144069175
230,230,categorical_soft,0,0,True,0.6246148066422668,0.0,0.37538519501686096,0.0,0.6246148347854614,0.4638756260275841,0.3701741564492195,0.24939205300311387,0.3804337905476666,0.3701741564492195,0.24939205300311387,3,3,0.0,1030.0,0.08277012407779694,0.4533259793573495
231,231,categorical_soft,1,1,True,0.1600567102224431,0.0,0.0,0.8399432897567749,0.1600567102432251,0.2809999015182257,0.007225534607712964,0.837361468813096,0.15541299657919114,0.837361468813096,0.007225534607712964,2,2,0.128,970.0,0.6224888265132904,0.9266926392432918
232,232,categorical_soft,0,0,True,0.6555425499959664,0.0,0.3444574475288391,0.0,0.6555425524711609,0.40459595769643786,0.31668648870491517,0.21820545673066544,0.46510805456441934,0.31668648870491517,0.21820545673066544,3,3,0.0,940.0,0.03882630169391632,0.4268644092037139
233,233,categorical_soft,0,0,True,0.13890512674687916,0.0,0.8610948920249939,0.0,0.1389051228761673,0.2484902523458004,0.9317716843163744,0.001407277077933252,0.06682103860569223,0.9317716843163744,0.001407277077933252,1,1,0.256,890.0,1.2117628089617938,0.9960447976541715
234,234,categorical_soft,1,1,True,0.1669190986530561,0.0,0.0,0.8330808877944946,0.16691909730434418,0.2090105751529336,0.0030862064479640445,0.8610659749942865,0.13584781855774944,0.8610659749942865,0.0030862064479640445,2,2,0.256,1150.0,0.618890518322587,0.9090657488465645
235,235,categorical_soft,0,0,True,0.3584819305486807,0.0,0.6415180563926697,0.0,0.3584819436073303,0.4034755930304527,0.28697503890073195,0.32188070759400234,0.39114425350526566,0.28697503890073195,0.32188070759400234,3,3,0.0,450.0,0.11441224813461304,0.660932596719877
236,236,categorical_soft,0,0,False,0.0,0.0,1.0,0.0,0.0,0.38265855610370636,0.9999964313959696,2.2666224504506426e-06,1.3019815800189088e-06,0.9999964313959696,2.2666224504506426e-06,1,1,0.512,1180.0,1.1793404817581177,0.9934377917668306
237,237,categorical_soft,1,1,False,0.0,0.0,0.0,1.0,0.0,0.4621530845761299,0.0011793914492562814,0.980624030971587,0.018196577579156766,0.980624030971587,0.0011793914492562814,2,2,0.512,1040.0,0.8575209192931652,0.9735935369836438
238,238,categorical_soft,1,1,True,0.1653626532142904,0.0,0.0,0.8346373438835144,0.1653626561164856,0.3292080327868462,0.18730192396712425,0.48472947846367387,0.327968597569202,0.48472947846367387,0.18730192396712425,2,2,0.064,570.0,0.48624189104884863,0.912913889219907
239,239,categorical_soft,1,1,False,0.0,0.0,0.0,1.0,0.0,0.36275854408741,0.0019627691111107114,0.9809216449829739,0.017115585905915384,0.9809216449829739,0.0019627691111107114,2,2,0.256,1150.0,0.9062359754461795,0.9762034818176099
240,240,categorical_soft,0,0,True,0.13999451437870852,0.0,0.8600054979324341,0.0,0.1399945169687271,0.3779197230935097,0.8791441362459198,0.0032788423019201388,0.11757702145216013,0.8791441362459198,0.0032788423019201388,1,1,0.128,1160.0,1.1259546265937388,0.9916875020500079
241,241,categorical_soft,0,0,False,0.0,0.0,1.0,0.0,0.0,0.42311643362045287,0.9947579061781395,0.005145025079159491,9.706874270107235e-05,0.9947579061781395,0.005145025079159491,1,1,0.256,780.0,0.9812496453523636,0.9893212358900684
242,242,categorical_soft,1,1,False,0.0,0.0,0.0,1.0,0.0,0.3193970412015915,0.1600931226050455,0.7872670595508126,0.0526398178441419,0.7872670595508126,0.1600931226050455,2,2,0.032,760.0,0.40921776555478573,0.850970846419215
243,243,categorical_soft,1,1,True,0.1521124229431609,0.0,0.0,0.8478875756263733,0.1521124243736267,0.23987266700714827,0.009134062706417218,0.8367206944200257,0.1541452428735571,0.8367206944200257,0.009134062706417218,2,2,0.128,890.0,0.6839880559127778,0.9495773956125515
244,244,categorical_soft,1,1,False,0.0,0.0,0.0,1.0,0.0,0.5258283212780952,0.1361537602388548,0.7905722628452823,0.07327397691586279,0.7905722628452823,0.1361537602388548,2,2,0.064,460.0,0.5251156184822321,0.9354361738992932
245,245,categorical_soft,1,1,True,0.15085227026719744,0.0,0.0,0.8491477370262146,0.1508522629737854,0.1986132875084877,0.0030496875397799115,0.893929226236511,0.10302108622370887,0.893929226236511,0.0030496875397799115,2,2,0.256,1000.0,0.7283073337748647,0.9535017148259897
246,246,categorical_soft,0,0,True,0.13834065920886074,0.0,0.8616593480110168,0.0,0.13834065198898315,0.29881743974983693,0.9874522236758685,0.00036612609218564127,0.012181650231945718,0.9874522236758685,0.00036612609218564127,1,1,0.512,670.0,1.3359726145863533,0.9983482697746391
247,247,categorical_soft,1,1,True,0.15131481865765273,0.0,0.0,0.8486852049827576,0.15131482481956482,0.2656527180224657,0.003434204879889026,0.8674924099376898,0.12907338518242117,0.8674924099376898,0.003434204879889026,2,2,0.512,750.0,0.6604041084647179,0.9520508505006002
248,248,categorical_soft,0,0,True,0.19104601399816412,0.0,0.8089540004730225,0.0,0.19104601442813873,0.2424233790487051,0.5446853794399942,0.0891879782799864,0.3661266422800195,0.5446853794399942,0.0891879782799864,1,1,0.032,630.0,0.3886011242866516,0.8578638396277584
249,249,categorical_soft,0,0,True,0.14899593500840919,0.0,0.8510040640830994,0.0,0.14899593591690063,0.20764802992343903,0.5081942314421365,0.09327975770035288,0.39852601085751066,0.5081942314421365,0.09327975770035288,1,1,0.064,830.0,0.7157257348299026,0.9594510593295946
250,250,categorical_soft,0,0,False,0.0,0.0,1.0,0.0,0.0,0.5369569212198257,0.9995395480765847,0.0004480468536043365,1.24050698109094e-05,0.9995395480765847,0.0004480468536043365,1,1,0.512,690.0,1.0512995719909668,0.9931826741729747
251,251,categorical_soft,1,1,True,0.1450358315135591,0.0,0.0,0.8549641966819763,0.14503583312034607,0.32007061168551443,0.007862369450089215,0.8208424468732876,0.17129518367662327,0.8208424468732876,0.007862369450089215,2,2,0.512,460.0,0.7096503600478172,0.9728817790571173
252,252,categorical_soft,0,0,False,0.0,0.0,1.0,0.0,0.0,0.4319482684135437,0.6834470877853491,0.2636200977622319,0.05293281445241914,0.6834470877853491,0.2636200977622319,1,1,0.0,1090.0,0.056773871183395386,0.4043661573593404
253,253,categorical_soft,0,0,True,0.14177096366115877,0.0,0.8582290410995483,0.0,0.14177095890045166,0.3651592269539833,0.8992471527255448,0.023039177263956503,0.07771367001049868,0.8992471527255448,0.023039177263956503,1,1,0.064,800.0,0.913612388074398,0.9848176074796632
254,254,categorical_soft,0,0,False,0.0,0.0,1.0,0.0,0.0,0.4223246842622757,0.9859904239682982,0.013836914073106037,0.00017266195859579262,0.9859904239682982,0.013836914073106037,1,1,0.128,900.0,0.7917141616344452,0.9693153156346825
255,255,categorical_soft,1,1,True,0.14931775281247062,0.0,0.0,0.850682258605957,0.14931775629520416,0.15262058191001415,0.003387901122837958,0.9185995445886223,0.07801255428853984,0.9185995445886223,0.003387901122837958,2,2,0.256,1050.0,0.7642977461218834,0.9584047513164093
256,256,categorical_soft,0,0,False,0.0,0.0,1.0,0.0,0.0,0.3923020392656326,0.843028497935741,0.15113258097177812,0.005838921092480984,0.843028497935741,0.15113258097177812,1,1,0.064,640.0,0.4652378112077713,0.8967989949471341
257,257,categorical_soft,1,1,True,0.33470239391383116,0.0,0.0,0.6652976274490356,0.33470240235328674,0.31080426685512064,0.1740607290851351,0.5209484690734298,0.30499080184143523,0.5209484690734298,0.1740607290851351,2,2,0.0,730.0,0.20241867005825043,0.6818551039317605
258,258,categorical_soft,1,1,True,0.14302894809337374,0.0,0.0,0.856971025466919,0.14302894473075867,0.3509751547127962,0.003010518534498762,0.9106781434423485,0.08631133802315262,0.9106781434423485,0.003010518534498762,2,2,0.512,850.0,0.8700185790657997,0.9801177867247022
259,259,categorical_soft,0,0,True,0.18788168456132315,0.0,0.8121182918548584,0.0,0.1878816783428192,0.45375184416770936,0.2859187871236556,0.3515180617007124,0.36256315117563204,0.2859187871236556,0.3515180617007124,3,3,0.032,460.0,0.3570415824651718,0.8638378982141887
260,260,categorical_soft,0,0,True,0.2796784244066199,0.0,0.7203215956687927,0.0,0.27967843413352966,0.3314010687172413,0.06180397464673908,0.6254269979721374,0.31276902738112355,0.06180397464673908,0.6254269979721374,2,2,0.0,830.0,0.28032926470041275,0.7358603937733131
261,261,categorical_soft,0,0,True,0.3556582784721536,0.0,0.6443417072296143,0.0,0.35565829277038574,0.34829116351902484,0.2350324735508841,0.3835229392381755,0.38144458721094043,0.2350324735508841,0.3835229392381755,2,2,0.0,520.0,0.1337961107492447,0.6633603266740746
262,262,categorical_soft,0,0,True,0.14775865724515563,0.0,0.8522413372993469,0.0,0.14775866270065308,0.2522566307336092,0.6308330488167954,0.05576302611210977,0.3134039250710948,0.6308330488167954,0.05576302611210977,1,1,0.032,730.0,0.713656947016716,0.9635345279378638
263,263,categorical_soft,1,1,False,0.0,0.0,0.0,1.0,0.0,0.3883365735411644,0.06725129596595382,0.877837063166656,0.05491164086739009,0.877837063166656,0.06725129596595382,2,2,0.064,430.0,0.7616479843854904,0.9796020092335416
264,264,categorical_soft,1,1,False,0.0,0.0,0.0,1.0,0.0,0.42473665028810503,0.3901135506373688,0.526074104458243,0.08381234490438828,0.526074104458243,0.3901135506373688,2,2,0.032,640.0,0.5525830592960119,0.9303007074070531
265,265,categorical_soft,1,1,True,0.1591806303985685,0.0,0.0,0.8408193588256836,0.1591806262731552,0.3004678202793002,0.10682988296665381,0.6077725614309354,0.285397555602411,0.6077725614309354,0.10682988296665381,2,2,0.032,460.0,0.504600090906024,0.9290743796082712
266,266,categorical_soft,0,0,True,0.18279476550159074,0.0,0.8172052502632141,0.0,0.18279476463794708,0.45367518365383147,0.35961112037782234,0.3286097873007338,0.3117790923214439,0.35961112037782234,0.3286097873007338,1,1,0.0,1070.0,0.5245995223522186,0.8738495799116713
267,267,categorical_soft,0,0,True,0.13986777918535542,0.0,0.8601322174072266,0.0,0.13986778259277344,0.22935130521655084,0.7348306570946318,0.008715069220801572,0.2564542736845667,0.7348306570946318,0.008715069220801572,1,1,0.256,540.0,0.9865885153412819,0.9921885901687603
268,268,categorical_soft,0,0,True,0.1533718956249439,0.0,0.8466281294822693,0.0,0.1533719003200531,0.3954831428825855,0.6431609390758458,0.16142819405151587,0.19541086687263828,0.6431609390758458,0.16142819405151587,1,1,0.032,1050.0,0.7075030952692032,0.945742435098585
269,269,categorical_soft,1,1,True,0.19538686710282,0.0,0.0,0.8046131134033203,0.1953868716955185,0.39298125356435776,0.2535050900259425,0.3458922453879924,0.40060266458606514,0.3458922453879924,0.2535050900259425,3,3,0.0,780.0,0.41250117123126984,0.8499561995424352
270,270,categorical_soft,1,1,False,0.0,0.0,0.0,1.0,0.0,0.5343474447727203,0.8372875317848296,0.15559367473136665,0.007118793483803965,0.15559367473136665,0.8372875317848296,1,1,0.0,480.0,0.10274922102689743,0.6396812171228674
271,271,categorical_soft,0,0,True,0.1594492223485875,0.0,0.8405507802963257,0.0,0.15944921970367432,0.32192243337631227,0.6899094363563536,0.050971041217478606,0.25911952242616765,0.6899094363563536,0.050971041217478606,1,1,0.032,690.0,0.5587776601314545,0.9283407491777317
272,272,categorical_soft,1,1,True,0.15029517023535793,0.0,0.0,0.8497048020362854,0.1502951681613922,0.22910167425870895,0.056812745264110606,0.7169660514471888,0.22622120328870055,0.7169660514471888,0.056812745264110606,2,2,0.032,840.0,0.6972966487519443,0.9552655773150365
273,273,categorical_soft,1,1,True,0.6648790529686728,0.0,0.0,0.33512094616889954,0.6648790240287781,0.3544971436262131,0.2004430450053321,0.41145547018718187,0.38810148480748596,0.41145547018718187,0.2004430450053321,2,2,0.0,1090.0,0.0686732679605484,0.41852326109160093
274,274,categorical_soft,0,0,False,0.0,0.0,1.0,0.0,0.0,0.33266536667943003,0.9950085649965483,0.004820923856399698,0.00017051114705193918,0.9950085649965483,0.004820923856399698,1,1,0.128,1180.0,0.8269686996936798,0.9640318690614057
275,275,categorical_soft,1,1,False,0.0,0.0,0.0,1.0,0.0,0.4850348562002182,0.003001613920727061,0.9922871624970258,0.004711223582247341,0.9922871624970258,0.003001613920727061,2,2,0.256,850.0,1.0121175795793533,0.9900091090472307
276,276,categorical_soft,0,0,False,0.0,0.0,1.0,0.0,0.0,0.35078722015023234,0.9999263196738857,3.841082373296583e-06,6.98392437410768e-05,0.9999263196738857,3.841082373296583e-06,1,1,0.512,1150.0,1.1009928733110428,0.9907244605102499
277,277,categorical_soft,0,0,False,0.0,0.0,1.0,0.0,0.0,0.4595486432313919,0.9805502599425886,0.019291735169188542,0.00015800488822292194,0.9805502599425886,0.019291735169188542,1,1,0.128,680.0,0.9255853593349457,0.9875783536318303
278,278,categorical_soft,1,1,True,0.15633731192870665,0.0,0.0,0.843662679195404,0.15633730590343475,0.2663950059562922,0.0373124304432981,0.694453124077258,0.268234445479444,0.694453124077258,0.0373124304432981,2,2,0.032,850.0,0.6262553837150335,0.9370345759096455
279,279,categorical_soft,1,1,True,0.5298821104103935,0.0,0.0,0.4701178967952728,0.5298821330070496,0.475534787774086,0.3984202969812689,0.3271873415165919,0.2743923615021392,0.3271873415165919,0.3984202969812689,1,1,0.0,850.0,0.09916174411773682,0.5275465849209846
280,280,categorical_soft,1,1,True,0.1950017066658168,0.0,0.0,0.8049982786178589,0.19500170648097992,0.3633773475885391,0.24092712868599758,0.36213759476571095,0.3969352765482914,0.36213759476571095,0.24092712868599758,3,3,0.0,650.0,0.3817058764398098,0.8506450788496379
281,281,categorical_soft,0,0,True,0.24079107969569813,0.0,0.7592089176177979,0.0,0.24079108238220215,0.3837305814027786,0.2247103248793974,0.4308002868359007,0.344489388284702,0.2247103248793974,0.4308002868359007,2,2,0.032,550.0,0.26255927979946136,0.7815645134853585
282,282,categorical_soft,0,0,False,0.0,0.0,1.0,0.0,0.0,0.4043374344706535,0.9951224259817973,0.004721129902899429,0.0001564441153030921,0.9951224259817973,0.004721129902899429,1,1,0.512,440.0,0.9626259952783585,0.9922103971270537
283,283,categorical_soft,0,0,True,0.4337579858360813,0.0,0.5662420392036438,0.0,0.4337579905986786,0.4330008316785097,0.393281325060989,0.31987277081550625,0.2868459041235048,0.393281325060989,0.31987277081550625,1,1,0.0,990.0,0.1937071830034256,0.600143305897875
284,284,categorical_soft,1,1,False,0.0,0.0,0.0,1.0,0.0,0.43713805079460144,0.0006352119841561722,0.9937551927587448,0.0056095952570990515,0.9937551927587448,0.0006352119841561722,2,2,0.512,1180.0,1.0494448315293994,0.9876492570449825
285,285,categorical_soft,0,0,True,0.20068470657477516,0.0,0.7993152737617493,0.0,0.20068471133708954,0.40364663302898407,0.5006755977333862,0.2067518678574342,0.2925725344091796,0.5006755977333862,0.2067518678574342,1,1,0.064,740.0,0.38829944282770157,0.8407161680580805
286,286,categorical_soft,1,1,False,0.0,0.0,0.0,1.0,0.0,0.3259510289877653,0.0007751487582023078,0.9850138714703549,0.014210979771442592,0.9850138714703549,0.0007751487582023078,2,2,0.512,1140.0,0.9693213626742363,0.9826413425144718
287,287,categorical_soft,1,1,True,0.1485846174179713,0.0,0.0,0.8514153957366943,0.14858461916446686,0.20692872125655412,0.0037962926786854973,0.8778011577197864,0.11840254960152816,0.8778011577197864,0.0037962926786854973,2,2,0.256,780.0,0.7106173224747181,0.9607977457080538
288,288,categorical_soft,0,0,False,0.0,0.0,1.0,0.0,0.0,0.42866182923316953,0.9965814268196365,0.0033936183223056615,2.4954858057818946e-05,0.9965814268196365,0.0033936183223056615,1,1,0.256,880.0,0.9866893738508224,0.9882830661053026
289,289,categorical_soft,0,0,False,0.0,0.0,1.0,0.0,0.0,0.4719763949513435,0.9722991225110882,0.027290782324979158,0.00041009516393255457,0.9722991225110882,0.027290782324979158,1,1,0.064,920.0,0.7644073963165283,0.9642412099292518
290,290,categorical_soft,0,0,True,0.1381227231744136,0.0,0.8618772625923157,0.0,0.13812272250652313,0.2744133658707142,0.9791885574813805,0.0017969849191213712,0.019014457599498064,0.9791885574813805,0.0017969849191213712,1,1,0.512,600.0,1.4786475822329521,0.9992462463328757
291,291,categorical_soft,1,1,True,0.15995708681233395,0.0,0.0,0.8400428891181946,0.15995708107948303,0.36935289204120636,0.2826086647888154,0.33537922340829696,0.3820121118028876,0.33537922340829696,0.2826086647888154,3,3,0.0,920.0,0.611028790473938,0.9269618633162482
292,292,categorical_soft,0,0,False,0.0,0.0,1.0,0.0,0.0,0.5220418035984039,0.9638077629141508,0.03516712295422981,0.0010251141316194306,0.9638077629141508,0.03516712295422981,1,1,0.064,970.0,0.7140514403581619,0.9519763772780255
293,293,categorical_soft,1,1,True,0.14477298929539312,0.0,0.0,0.855226993560791,0.1447729915380478,0.41838146895170214,0.0015238075671274828,0.9028969965298476,0.09557919590302506,0.9028969965298476,0.0015238075671274828,2,2,0.512,1130.0,0.881339731393382,0.9738120010607991
294,294,categorical_soft,1,1,False,0.0,0.0,0.0,1.0,0.0,0.38985795378684995,0.0034814814169116617,0.9951880430285447,0.00133047555454364,0.9951880430285447,0.0034814814169116617,2,2,0.128,800.0,0.8723767548799515,0.9814709344251706
295,295,categorical_soft,1,1,False,0.0,0.0,0.0,1.0,0.0,0.33051814064383506,0.0009621064194402284,0.9819421991327373,0.01709569444782268,0.9819421991327373,0.0009621064194402284,2,2,0.512,980.0,0.9144380930811167,0.9812820490448256
296,296,categorical_soft,1,1,True,0.14963844126577752,0.0,0.0,0.8503615856170654,0.14963844418525696,0.2647928029298782,0.00796763860439111,0.7937194265191769,0.19831293487643198,0.7937194265191769,0.00796763860439111,2,2,0.512,510.0,0.6265748795121908,0.9573684414410254
297,297,categorical_soft,1,1,True,0.1490484519506305,0.0,0.0,0.8509515523910522,0.14904844760894775,0.26475742887705567,0.0016037799974438914,0.876733326698431,0.12166289330412527,0.876733326698431,0.0016037799974438914,2,2,0.512,1130.0,0.7884399071335793,0.9592798762345498
298,298,categorical_soft,1,1,False,0.0,0.0,0.0,1.0,0.0,0.34704569876194,0.005116274755181751,0.9847827407881734,0.01010098445664465,0.9847827407881734,0.005116274755181751,2,2,0.512,490.0,0.915975533425808,0.989622194411161
299,299,categorical_soft,0,0,False,0.0,0.0,1.0,0.0,0.0,0.3752033457159996,0.37842619523796306,0.5086262202647959,0.11294758449724107,0.37842619523796306,0.5086262202647959,2,2,0.0,540.0,0.1374301016330719,0.6619619019605973
300,300,categorical_soft,1,1,False,0.0,0.0,0.0,1.0,0.0,0.3240139946341515,0.003995990341480364,0.98672039797285,0.009283611685669636,0.98672039797285,0.003995990341480364,2,2,0.512,650.0,0.9220624417066574,0.9878075660184856
301,301,categorical_soft,0,0,True,0.3926417585264873,0.0,0.6073582172393799,0.0,0.39264175295829773,0.5042923629283905,0.25940887509644583,0.33061934828343975,0.4099717766201144,0.25940887509644583,0.33061934828343975,3,3,0.0,780.0,0.17007821798324585,0.6325402226419574
302,302,categorical_soft,0,0,True,0.17886932257187405,0.0,0.8211306929588318,0.0,0.1788693219423294,0.32418929859995843,0.34604035427317126,0.2929171214413423,0.3610425242854865,0.34604035427317126,0.2929171214413423,3,3,0.064,490.0,0.39768432080745697,0.8819542041042935
303,303,categorical_soft,1,1,False,0.0,0.0,0.0,1.0,0.0,0.4671810448169708,0.32661115955416614,0.5840344349460007,0.08935440549983314,0.5840344349460007,0.32661115955416614,2,2,0.0,570.0,0.11988545954227448,0.6340609673785624
304,304,categorical_soft,1,1,True,0.1426841499922351,0.0,0.0,0.8573158383369446,0.14268414676189423,0.23739308603107928,0.002545980818092688,0.9068824014156072,0.09057161776630014,0.9068824014156072,0.002545980818092688,2,2,0.256,1040.0,0.9303916841745377,0.9813929123148705
305,305,categorical_soft,1,1,True,0.15134368036888202,0.0,0.0,0.8486562967300415,0.1513436734676361,0.3392863966524601,0.005558833974307981,0.8692914853932405,0.12514968063245155,0.8692914853932405,0.005558833974307981,2,2,0.256,560.0,0.6133843287825584,0.9519607250283878
306,306,categorical_soft,1,1,True,0.17814919649739103,0.0,0.0,0.8218507766723633,0.17814919352531433,0.3247140940278769,0.020189971744599293,0.7142813473307641,0.26552868092463655,0.7142813473307641,0.020189971744599293,2,2,0.128,830.0,0.48410578817129135,0.8834798048379447
307,307,categorical_soft,0,0,False,0.0,0.0,1.0,0.0,0.0,0.47311276495456694,0.8517746910717191,0.13789601635254736,0.010329292575733477,0.8517746910717191,0.13789601635254736,1,1,0.128,430.0,0.6822309195995331,0.9701567791206914
308,308,categorical_soft,0,0,True,0.19729139267598805,0.0,0.802708625793457,0.0,0.19729138910770416,0.34440796431154014,0.37270914360403407,0.34883156852325903,0.27845928787270685,0.37270914360403407,0.34883156852325903,1,1,0.032,520.0,0.3433762788772583,0.8465847675222417
309,309,categorical_soft,1,1,False,0.0,0.0,0.0,1.0,0.0,0.4050062492489815,0.9018581857681806,0.09564612109042295,0.0024956931413965813,0.09564612109042295,0.9018581857681806,1,1,0.0,1000.0,0.5186137944401708,0.8797866948377613
310,310,categorical_soft,1,1,False,0.0,0.0,0.0,1.0,0.0,0.47706651240587233,0.04724329262002772,0.9119948625652453,0.04076184481472698,0.9119948625652453,0.04724329262002772,2,2,0.032,970.0,0.39643021300435066,0.8063145232842015
311,311,categorical_soft,1,1,True,0.15569712710598393,0.0,0.0,0.8443028926849365,0.15569712221622467,0.3110209457576275,0.009616363239611467,0.7937267540748774,0.19665688268551104,0.7937267540748774,0.009616363239611467,2,2,0.256,650.0,0.5836306642740965,0.9388779207407766
312,312,categorical_soft,1,1,False,0.0,0.0,0.0,1.0,0.0,0.4360493987798691,0.006737043112289403,0.9613450326121317,0.03191792427557884,0.9613450326121317,0.006737043112289403,2,2,0.512,610.0,0.9209451451897621,0.9883116426258042
313,313,categorical_soft,0,0,False,0.0,0.0,1.0,0.0,0.0,0.5661472454667091,0.9989290209105152,0.001039592510548399,3.138657893653008e-05,0.9989290209105152,0.001039592510548399,1,1,0.512,640.0,1.0328418463468552,0.9929736339388011
314,314,categorical_soft,0,0,False,0.0,0.0,1.0,0.0,0.0,0.4473418012261391,0.9053207840618194,0.09176968672941611,0.00290952920876444,0.9053207840618194,0.09176968672941611,1,1,0.064,740.0,0.653642937541008,0.9510753730288615
315,315,categorical_soft,1,1,True,0.18445459278003695,0.0,0.0,0.815545380115509,0.18445459008216858,0.33076988253742456,0.2836431740669201,0.4258351749589397,0.2905216509741401,0.4258351749589397,0.2836431740669201,2,2,0.064,410.0,0.3565915375947952,0.8705246549234951
316,316,categorical_soft,1,1,True,0.14385024512179656,0.0,0.0,0.8561497330665588,0.14385025203227997,0.2679507613182068,0.007164871897610006,0.8196385875586545,0.1731965405437355,0.8196385875586545,0.007164871897610006,2,2,0.512,450.0,0.7426585806533694,0.9771188704324757
317,317,categorical_soft,1,1,True,0.2529653022322077,0.0,0.0,0.7470346689224243,0.2529653012752533,0.3529988586902618,0.682076149836251,0.060364671908556475,0.2575591782551926,0.060364671908556475,0.682076149836251,1,1,0.0,840.0,0.31598392128944397,0.7663283213325881
318,318,categorical_soft,1,1,False,0.0,0.0,0.0,1.0,0.0,0.397806291282177,0.03861276618404996,0.9325530880320105,0.02883414578393951,0.9325530880320105,0.03861276618404996,2,2,0.032,690.0,0.6099110618233681,0.9433591631568852
319,319,categorical_soft,0,0,False,0.0,0.0,1.0,0.0,0.0,0.4601294040679932,0.9799621788180284,0.01972238468841286,0.0003154364935588261,0.9799621788180284,0.01972238468841286,1,1,0.256,420.0,0.8809878528118134,0.9886837339785269
320,320,categorical_soft,1,1,False,0.0,0.0,0.0,1.0,0.0,0.5159319415688515,0.4356328769916595,0.4967960046080865,0.06757111840025407,0.4967960046080865,0.4356328769916595,2,2,0.0,700.0,0.10261709988117218,0.5764236634331203
321,321,categorical_soft,0,0,True,0.1402273227231401,0.0,0.8597726821899414,0.0,0.1402273178100586,0.42256569117307663,0.9785869490487021,0.01059916455763137,0.010813886393666391,0.9785869490487021,0.01059916455763137,1,1,0.128,1000.0,1.0652206018567085,0.9907709267812306
322,322,categorical_soft,1,1,True,0.2867941577344816,0.0,0.0,0.7132058143615723,0.28679415583610535,0.2281869761645794,0.08011585804819378,0.6539203192567709,0.26596382269503543,0.6539203192567709,0.08011585804819378,2,2,0.0,1030.0,0.3215598538517952,0.7283040136993101
323,323,categorical_soft,0,0,False,0.0,0.0,1.0,0.0,0.0,0.41110962331295015,0.9997482081800448,0.0002324605864160141,1.9331233538987535e-05,0.9997482081800448,0.0002324605864160141,1,1,0.512,830.0,1.0152685642242432,0.9903932264934603
324,324,categorical_soft,1,1,True,0.406473696242102,0.0,0.0,0.593526303768158,0.40647369623184204,0.40379655323922636,0.21119969706078306,0.3613088924968856,0.42749141044233135,0.3613088924968856,0.21119969706078306,3,3,0.032,910.0,0.19233771413564682,0.6214666338918414
325,325,categorical_soft,1,1,False,0.0,0.0,0.0,1.0,0.0,0.38412572592496874,0.07119971784316344,0.8361896725699142,0.0926106095869225,0.8361896725699142,0.07119971784316344,2,2,0.032,580.0,0.3728146329522133,0.8557427906917575
326,326,categorical_soft,1,1,False,0.0,0.0,0.0,1.0,0.0,0.45615451484918595,0.002144618824101997,0.9861049462210965,0.011750434954801683,0.9861049462210965,0.002144618824101997,2,2,0.256,1060.0,0.8593176230788231,0.9731977628428837
327,327,categorical_soft,1,1,False,0.0,0.0,0.0,1.0,0.0,0.3400988638401031,0.0026557050508240693,0.996395653431788,0.0009486415173879761,0.996395653431788,0.0026557050508240693,2,2,0.064,1040.0,0.6845659837126732,0.9403402151492702
328,328,categorical_soft,1,1,True,0.1610820202706162,0.0,0.0,0.8389179706573486,0.16108201444149017,0.20434146411716939,0.042702231927661524,0.7698748410489928,0.18742292702334562,0.7698748410489928,0.042702231927661524,2,2,0.032,1080.0,0.6413864023052156,0.9239454056477846
329,329,categorical_soft,1,1,False,0.0,0.0,0.0,1.0,0.0,0.5179907441139221,0.2634181254214608,0.6899865318980993,0.04659534268043982,0.6899865318980993,0.2634181254214608,2,2,0.032,710.0,0.5105309039354324,0.9089025872845348
330,330,categorical_soft,0,0,True,0.13915241017614322,0.0,0.8608475923538208,0.0,0.1391524076461792,0.2734181948006153,0.9503849897517384,0.0059199744061228365,0.043695035842138616,0.9503849897517384,0.0059199744061228365,1,1,0.256,630.0,1.1019249856472015,0.9950456617702963
331,331,categorical_soft,0,0,False,0.0,0.0,1.0,0.0,0.0,0.5174498587846756,0.5986470421628377,0.3669017974227079,0.03445116041445443,0.5986470421628377,0.3669017974227079,1,1,0.0,830.0,0.20126265287399292,0.6538655747685236
332,332,categorical_soft,0,0,True,0.2209024574979664,0.0,0.7790975570678711,0.0,0.2209024578332901,0.34108459278941156,0.7127242085017481,0.15084276706089592,0.13643302443735592,0.7127242085017481,0.15084276706089592,1,1,0.064,730.0,0.34088726341724396,0.8088671033863649
333,333,categorical_soft,1,1,False,0.0,0.0,0.0,1.0,0.0,0.39781778752803804,0.027724625575473182,0.960172685759433,0.012102688665093645,0.960172685759433,0.027724625575473182,2,2,0.0,1080.0,0.817897766828537,0.9665757296194332
334,334,categorical_soft,0,0,True,0.45591100746087365,0.0,0.5440890192985535,0.0,0.4559110105037689,0.4959455907344818,0.2736837290150342,0.31113738568569266,0.41517888529927316,0.2736837290150342,0.31113738568569266,3,3,0.032,500.0,0.05920746922492981,0.5832016383152792
335,335,categorical_soft,1,1,True,0.29072301708682174,0.0,0.0,0.7092769742012024,0.2907230257987976,0.32684366777539253,0.3212393144575908,0.3906573473039122,0.2881033382384971,0.3906573473039122,0.3212393144575908,2,2,0.0,1190.0,0.3566339612007141,0.7242176165579642
336,336,categorical_soft,1,1,True,0.4317453803135542,0.0,0.0,0.5682545900344849,0.43174538016319275,0.2622659243643284,0.16301721921552798,0.4840633909362274,0.35291938984824456,0.4840633909362274,0.16301721921552798,2,2,0.0,650.0,0.11160320788621902,0.6016966688828335
337,337,categorical_soft,0,0,False,0.0,0.0,1.0,0.0,0.0,0.41266740709543226,0.999669202607436,0.0002434432364593286,8.735415610479886e-05,0.999669202607436,0.0002434432364593286,1,1,0.256,1190.0,0.9339479058980942,0.9781629898726585
338,338,categorical_soft,1,1,False,0.0,0.0,0.0,1.0,0.0,0.35558992326259614,0.0051327076327558185,0.9898396933318295,0.005027599035414734,0.9898396933318295,0.0051327076327558185,2,2,0.128,940.0,0.7707909550517797,0.964490488674304
339,339,categorical_soft,1,1,True,0.1604912039489657,0.0,0.0,0.8395087718963623,0.1604911983013153,0.3268970862030983,0.014842975983623344,0.7613175192643522,0.22383950475202458,0.7613175192643522,0.014842975983623344,2,2,0.128,700.0,0.5527637246996164,0.9255232317218494
340,340,categorical_soft,0,0,False,0.0,0.0,1.0,0.0,0.0,0.3534415602684021,0.9924560327822208,0.007379804378853087,0.0001641628389261718,0.9924560327822208,0.007379804378853087,1,1,0.064,1130.0,0.7965922951698303,0.9608160830938423
341,341,categorical_soft,1,1,True,0.6383385305031333,0.0,0.0,0.36166146397590637,0.6383385062217712,0.3588242869824171,0.15670026498921436,0.48656590187037685,0.3567338331404088,0.48656590187037685,0.15670026498921436,2,2,0.0,830.0,0.024197444319725037,0.44178459489913063
342,342,categorical_soft,0,0,True,0.3484725113930036,0.0,0.651527464389801,0.0,0.3484725058078766,0.18418928626924752,0.11843152037607788,0.6024605705480064,0.27910790907591576,0.11843152037607788,0.6024605705480064,2,2,0.0,930.0,0.2401103377342224,0.6696039189278831
343,343,categorical_soft,0,0,True,0.1408680466465338,0.0,0.859131932258606,0.0,0.14086805284023285,0.30838175788521766,0.9830189353226363,0.009801034485280804,0.007180030192083004,0.9830189353226363,0.009801034485280804,1,1,0.128,930.0,0.998799242079258,0.9882740667620786
344,344,categorical_soft,1,1,False,0.0,0.0,0.0,1.0,0.0,0.34446752704679967,0.0021062070084319753,0.9956636859911677,0.0022301070004002526,0.9956636859911677,0.0021062070084319753,2,2,0.128,1190.0,0.9841103702783585,0.9828513713934699
345,345,categorical_soft,0,0,False,0.0,0.0,1.0,0.0,0.0,0.5509119123220444,0.9693300510009715,0.029722966607668978,0.0009469823913594999,0.9693300510009715,0.029722966607668978,1,1,0.064,690.0,0.6364440619945526,0.9499356388377335
346,346,categorical_soft,0,0,False,0.0,0.0,1.0,0.0,0.0,0.5529169082641602,0.7284960219102772,0.24249705294495644,0.02900692514476655,0.7284960219102772,0.24249705294495644,1,1,0.032,640.0,0.6729329973459244,0.9601760593339327
347,347,categorical_soft,1,1,False,0.0,0.0,0.0,1.0,0.0,0.3380138803273439,0.0017901415128442246,0.9798581356556939,0.01835172283146187,0.9798581356556939,0.0017901415128442246,2,2,0.512,850.0,0.9372682347893715,0.9856319148970634
348,348,categorical_soft,0,0,False,0.0,0.0,1.0,0.0,0.0,0.4847162202000618,0.9713309131786498,0.0279244815709964,0.0007446052503538166,0.9713309131786498,0.0279244815709964,1,1,0.064,750.0,0.7316131889820099,0.965721529342436
349,349,categorical_soft,1,1,False,0.0,0.0,0.0,1.0,0.0,0.32712552659213545,0.0023437504641894585,0.9920532983155186,0.005602951220291936,0.9920532983155186,0.0023437504641894585,2,2,0.256,1070.0,1.012370828539133,0.9870300100435582
350,350,categorical_soft,1,1,True,0.14918507993551788,0.0,0.0,0.850814938545227,0.14918507635593414,0.12561964131891729,0.026321569418124628,0.8713782773260992,0.10230015325577613,0.8713782773260992,0.026321569418124628,2,2,0.064,650.0,0.6683630901388824,0.9588353278858958
351,351,categorical_soft,0,0,False,0.0,0.0,1.0,0.0,0.0,0.3959132134914398,0.9999895818564429,2.2856405844775047e-06,8.132502972582001e-06,0.9999895818564429,2.2856405844775047e-06,1,1,0.512,1120.0,1.1905434653162956,0.994218091239636
352,352,categorical_soft,1,1,False,0.0,0.0,0.0,1.0,0.0,0.3199918372556567,0.010674611386915545,0.9817411337818571,0.007584254831227275,0.9817411337818571,0.010674611386915545,2,2,0.256,400.0,0.7987911775708199,0.9835424597184669
353,353,categorical_soft,0,0,True,0.4211503580432464,0.0,0.5788496136665344,0.0,0.4211503565311432,0.3569131374359131,0.11916286010858886,0.48128680043891076,0.39955033945250035,0.11916286010858886,0.48128680043891076,2,2,0.0,610.0,0.1087988018989563,0.6099215844506183
354,354,categorical_soft,1,1,True,0.1510709433256638,0.0,0.0,0.8489290475845337,0.15107093751430511,0.4226165145635605,0.3564083206909613,0.2653812039754338,0.37821047533360497,0.2653812039754338,0.3564083206909613,3,3,0.0,970.0,0.7178128808736801,0.9528142824883851
355,355,categorical_soft,1,1,True,0.1748082876324218,0.0,0.0,0.8251917362213135,0.1748082935810089,0.4537685438990593,0.4721430986171928,0.17714900088697522,0.350707900495832,0.17714900088697522,0.4721430986171928,1,1,0.0,900.0,0.5160111337900162,0.8907261062024602
356,356,categorical_soft,1,1,True,0.1575029186359953,0.0,0.0,0.8424971103668213,0.1575029194355011,0.2762425273656845,0.16779186116219388,0.6829832231426154,0.14922491569519078,0.6829832231426154,0.16779186116219388,2,2,0.032,880.0,0.6224783137440681,0.9337274851666373
357,357,categorical_soft,0,0,True,0.16152437249962082,0.0,0.8384756445884705,0.0,0.16152437031269073,0.3648058339953423,0.3158257769602146,0.27792449072355807,0.40624973231622724,0.3158257769602146,0.27792449072355807,3,3,0.064,680.0,0.5398712754249573,0.9227732052409395
358,358,categorical_soft,1,1,True,0.1639196719211149,0.0,0.0,0.8360803127288818,0.16391967236995697,0.38255601972341535,0.3117964782240771,0.3078468629548847,0.38035665882103825,0.3078468629548847,0.3117964782240771,3,3,0.0,490.0,0.4761205166578293,0.9165568128082685
359,359,categorical_soft,1,1,True,0.15313656571740325,0.0,0.0,0.8468634486198425,0.15313656628131866,0.31508897989988327,0.012191084662019323,0.7924049115498352,0.19540400378814554,0.7924049115498352,0.012191084662019323,2,2,0.256,620.0,0.6048325188457966,0.9464525557523773
360,360,categorical_soft,1,1,True,0.19101452359725563,0.0,0.0,0.8089854717254639,0.19101452827453613,0.34974862784147265,0.18741749475964953,0.4214169127959626,0.39116559244438787,0.4214169127959626,0.18741749475964953,2,2,0.032,450.0,0.34453414287418127,0.8579223921921969
361,361,categorical_soft,1,1,False,0.0,0.0,0.0,1.0,0.0,0.40058943182229995,0.0072841575022482095,0.9910758674670521,0.0016399750306996797,0.9910758674670521,0.0072841575022482095,2,2,0.128,710.0,0.8633746355772018,0.9826042518450617
362,362,categorical_soft,0,0,True,0.14734526445152907,0.0,0.852654755115509,0.0,0.14734525978565216,0.3086764011532068,0.8042712951849504,0.0432795213172389,0.1524491834978106,0.8042712951849504,0.0432795213172389,1,1,0.064,960.0,0.7782713621854782,0.9649209701609414
363,363,categorical_soft,1,1,True,0.2824668882215106,0.0,0.0,0.7175331115722656,0.2824668884277344,0.23753143809735774,0.03909512368157612,0.605285789897689,0.355619086420735,0.605285789897689,0.03909512368157612,2,2,0.064,1130.0,0.35082195699214935,0.7328745950828798
364,364,categorical_soft,0,0,False,0.0,0.0,1.0,0.0,0.0,0.4486764416098595,0.7508902383031402,0.23926316170395814,0.009846599992901646,0.7508902383031402,0.23926316170395814,1,1,0.032,530.0,0.5941829681396484,0.949229112265047
365,365,categorical_soft,0,0,False,0.0,0.0,1.0,0.0,0.0,0.44516132920980456,0.9999955737734918,3.9162882670830245e-06,5.099382411499942e-07,0.9999955737734918,3.9162882670830245e-06,1,1,0.512,1120.0,1.3508169502019882,0.9973610056548473
366,366,categorical_soft,1,1,False,0.0,0.0,0.0,1.0,0.0,0.34766487702727317,0.007082388642965458,0.9889586063474898,0.003959005009544802,0.9889586063474898,0.007082388642965458,2,2,0.128,970.0,0.7826331406831741,0.9652369443596681
367,367,categorical_soft,0,0,False,0.0,0.0,1.0,0.0,0.0,0.4629247784614563,0.9786304116119824,0.021023645583105644,0.00034594280491205803,0.9786304116119824,0.021023645583105644,1,1,0.032,840.0,0.5968253463506699,0.9287462190401073
368,368,categorical_soft,0,0,False,0.0,0.0,1.0,0.0,0.0,0.466232131421566,0.9801981374422342,0.019398970693712346,0.000402891864053423,0.9801981374422342,0.019398970693712346,1,1,0.128,840.0,0.846636950969696,0.978011866019843
369,369,categorical_soft,0,0,True,0.549994792500617,0.0,0.4500052034854889,0.0,0.5499947667121887,0.3769565984606743,0.25645036485746486,0.34520251956959375,0.39834711557294133,0.25645036485746486,0.34520251956959375,3,3,0.0,670.0,0.04256966710090637,0.5123068033698828
370,370,categorical_soft,0,0,False,0.0,0.0,1.0,0.0,0.0,0.45155863612890246,0.8927930681446279,0.105434250468156,0.0017726813872162308,0.8927930681446279,0.105434250468156,1,1,0.032,740.0,0.4386346563696861,0.8711185197845402
371,371,categorical_soft,1,1,True,0.7409121730578815,0.0,0.0,0.25908783078193665,0.7409121990203857,0.39403475672006605,0.4058461382657409,0.31539313132918656,0.27876073040507254,0.31539313132918656,0.4058461382657409,1,1,0.0,1170.0,0.02112467586994171,0.34098459826029615
372,372,categorical_soft,0,0,False,0.0,0.0,1.0,0.0,0.0,0.4370335638523102,0.9603833243607305,0.038735554347997525,0.0008811212912718679,0.9603833243607305,0.038735554347997525,1,1,0.032,1180.0,0.820691667497158,0.9629470093439594
373,373,categorical_soft,0,0,True,0.13859959724236742,0.0,0.8614004254341125,0.0,0.13859960436820984,0.4290647178888321,0.8757793767202477,0.004858954368705227,0.1193616689110472,0.8757793767202477,0.004858954368705227,1,1,0.256,720.0,1.2470764820463955,0.9972876295955952
374,374,categorical_soft,0,0,True,0.142547742111232,0.0,0.8574522733688354,0.0,0.14254774153232574,0.30333796590566636,0.7896632815883486,0.03269248328618399,0.1776442351254675,0.7896632815883486,0.03269248328618399,1,1,0.064,680.0,0.8477915152907372,0.9819000580393523
375,375,categorical_soft,1,1,True,0.17110929758369697,0.0,0.0,0.8288906812667847,0.17110930383205414,0.35107657462358477,0.2670250007868186,0.3068851279397383,0.426089871273443,0.3068851279397383,0.2670250007868186,3,3,0.032,850.0,0.5218647550791502,0.8990958545060396
376,376,categorical_soft,0,0,False,0.0,0.0,1.0,0.0,0.0,0.45636832118034365,0.9637958850955302,0.03516381232196872,0.0010403025825010573,0.9637958850955302,0.03516381232196872,1,1,0.032,1110.0,0.7185393869876862,0.9448057440354843
377,377,categorical_soft,1,1,True,0.17171995835359766,0.0,0.0,0.8282800316810608,0.17171995341777802,0.4862678661942482,0.33290533660390553,0.32656026538625366,0.34053439800984087,0.32656026538625366,0.33290533660390553,3,3,0.0,510.0,0.43530239164829254,0.8976874868146086
378,378,categorical_soft,0,0,True,0.14159409893896185,0.0,0.8584058880805969,0.0,0.14159409701824188,0.3463407948613167,0.7584854965151577,0.029306929279207146,0.21220757420563507,0.7584854965151577,0.029306929279207146,1,1,0.128,680.0,0.8935141116380692,0.9854890640603567
379,379,categorical_soft,1,1,True,0.15317525639557306,0.0,0.0,0.8468247652053833,0.1531752496957779,0.2546490207314491,0.0116241281009894,0.86672608864894,0.12164978325007063,0.86672608864894,0.0116241281009894,2,2,0.256,510.0,0.5773737840354443,0.9463356041727776
380,380,categorical_soft,1,1,True,0.16881225547255846,0.0,0.0,0.8311877250671387,0.16881226003170013,0.23092551827430724,0.043410810201601056,0.6666981548741633,0.28989103492423574,0.6666981548741633,0.043410810201601056,2,2,0.128,400.0,0.42385962195839966,0.9044932597432849
381,381,categorical_soft,0,0,True,0.13994749393293426,0.0,0.8600525259971619,0.0,0.13994748890399933,0.3689330443739891,0.8407737312028697,0.00937653964926736,0.149849729147863,0.8407737312028697,0.00937653964926736,1,1,0.256,610.0,0.9956440702080727,0.9918732366503379
382,382,categorical_soft,0,0,False,0.0,0.0,1.0,0.0,0.0,0.5009554535150528,0.9721766205427882,0.02720459374619579,0.0006187857110161393,0.9721766205427882,0.02720459374619579,1,1,0.256,480.0,0.7710565626621246,0.9793193742271186
383,383,categorical_soft,1,1,True,0.14417076045447696,0.0,0.0,0.8558292388916016,0.14417076110839844,0.32455347310751675,0.005620723577974772,0.866843590207065,0.12753568621496014,0.866843590207065,0.005620723577974772,2,2,0.256,760.0,0.8084479738026857,0.9759628652576691
384,384,categorical_soft,0,0,False,0.0,0.0,1.0,0.0,0.0,0.4101812973618507,0.9929040383597801,0.006737645852581792,0.00035831578763821154,0.9929040383597801,0.006737645852581792,1,1,0.128,1080.0,0.9401882588863373,0.9813913142856413
385,385,categorical_soft,1,1,True,0.14549609815167108,0.0,0.0,0.8545039296150208,0.14549610018730164,0.33238174244761465,0.007468039425677968,0.8502213958703578,0.14231056470396414,0.8502213958703578,0.007468039425677968,2,2,0.256,770.0,0.7735878583043814,0.9712650823388411
386,386,categorical_soft,0,0,True,0.1386766372350519,0.0,0.861323356628418,0.0,0.13867664337158203,0.3506047323346138,0.8916738731372733,0.0030478174973576164,0.10527830936536908,0.8916738731372733,0.0030478174973576164,1,1,0.512,400.0,1.1461854800581932,0.9969733685655217
387,387,categorical_soft,0,0,False,0.0,0.0,1.0,0.0,0.0,0.3701478257775307,0.9901201534987735,0.009772739157585997,0.00010710734364045339,0.9901201534987735,0.009772739157585997,1,1,0.256,660.0,0.940440259873867,0.9887148115988028
388,388,categorical_soft,1,1,True,0.16684084755566841,0.0,0.0,0.8331591486930847,0.16684085130691528,0.19889636598527433,0.007835649661485086,0.8414684524991151,0.15069589783939993,0.8414684524991151,0.007835649661485086,2,2,0.064,1010.0,0.5850121323019266,0.90925726285887
389,389,categorical_soft,0,0,False,0.0,0.0,1.0,0.0,0.0,0.5356437936425209,0.8514952225976723,0.14074626265805734,0.007758514744270353,0.8514952225976723,0.14074626265805734,1,1,0.064,880.0,0.4785623997449875,0.8741640467966116
390,390,categorical_soft,1,1,True,0.2760299416475489,0.0,0.0,0.7239700555801392,0.27602994441986084,0.42522605061531066,0.4220165572407801,0.1750980687453819,0.40288537401383806,0.1750980687453819,0.4220165572407801,1,1,0.0,1000.0,0.32620373368263245,0.7398172420363511
391,391,categorical_soft,0,0,False,0.0,0.0,1.0,0.0,0.0,0.5163662850856781,0.9784407059186622,0.021259791100185416,0.000299502981152561,0.9784407059186622,0.021259791100185416,1,1,0.128,840.0,0.7657688558101654,0.9676319299768472
392,392,categorical_soft,0,0,True,0.1412916564522666,0.0,0.8587083220481873,0.0,0.14129166305065155,0.34772417694330215,0.7408307955103532,0.032476780701006194,0.22669242378864057,0.7408307955103532,0.032476780701006194,1,1,0.064,930.0,0.9719650354236364,0.9866435474255073
393,393,categorical_soft,0,0,True,0.29355228838107594,0.0,0.7064477205276489,0.0,0.2935522794723511,0.4222147613763809,0.19673282883815754,0.42720748124871344,0.37605968991312894,0.19673282883815754,0.42720748124871344,2,2,0.0,420.0,0.16475437581539154,0.7213106216778917
394,394,categorical_soft,0,0,False,0.0,0.0,1.0,0.0,0.0,0.6530018836259842,0.9828076325806,0.016968636425848626,0.00022373099355148555,0.9828076325806,0.016968636425848626,1,1,0.064,1130.0,0.5938400030136108,0.9005461713773014
395,395,categorical_soft,0,0,True,0.22105897632457006,0.0,0.7789410352706909,0.0,0.22105897963047028,0.27861004173755644,0.5015705367011964,0.08539023124385776,0.41303923205494575,0.5015705367011964,0.08539023124385776,1,1,0.032,1110.0,0.4338230639696121,0.8086384647508287
396,396,categorical_soft,1,1,False,0.0,0.0,0.0,1.0,0.0,0.3310525968670845,0.0007060106659853596,0.9805955724364919,0.018698416897522767,0.9805955724364919,0.0007060106659853596,2,2,0.512,1110.0,0.9393975138664246,0.9806455907424554
397,397,categorical_soft,1,1,False,0.0,0.0,0.0,1.0,0.0,0.4175165057182312,0.0011577387585796385,0.994494839291997,0.004347421949423158,0.994494839291997,0.0011577387585796385,2,2,0.256,1050.0,0.9099549353122711,0.9792239661600461
398,398,categorical_soft,1,1,True,0.15284969822104216,0.0,0.0,0.8471503257751465,0.1528497040271759,0.29448777437210083,0.057519596319784684,0.6728767292697887,0.2696036744104266,0.6728767292697887,0.057519596319784684,2,2,0.128,490.0,0.5764550000894815,0.9473221554846154
399,399,categorical_soft,1,1,True,0.22781912808323002,0.0,0.0,0.7721808552742004,0.22781912982463837,0.2350128646939993,0.16972928301631834,0.46101328644141315,0.36925743054226856,0.46101328644141315,0.16972928301631834,2,2,0.032,400.0,0.2471591681241989,0.7989866884283707
