trial_index,dataset_index,coh,signed_coherence,dir_choice,true_direction,sure_available,choice,final_network_choice,chose_sure,chose_direction,correct,direction_correct,waived_sure,stimulus_duration_ms,delay_duration_ms,ts_latency_from_motion_offset_ms,ts_onset_step,ts_onset_ms,delay_end_step,go_cue_ms,confidence_near_ts,evidence_axis,sure_axis,sensory_margin,mean_sensory_margin,teacher_internal_margin,teacher_sure_strength,teacher_correct,teacher_direction_choice,teacher_p_correct_proxy,teacher_expected_direction_value,teacher_sure_advantage,external_sensory_margin,external_sure_strength
0,0,0.512,-0.512,0,0,False,1,1,False,True,True,True,False,940.0,1020.0,630.0,177,1770.0,216,2160.0,0.9998311511739327,0.7997498768087854,0.0941774038099617,47.53676986694336,0.50571031773344,1.0484288111329079,0.0,True,0,0.9906774506351905,0.9906774506351905,-0.4406774506351905,47.53676986694336,0.0
1,1,0.0,-0.0,0,0,True,3,3,True,False,False,False,False,890.0,1180.0,520.0,161,1610.0,227,2270.0,0.14087666586819997,0.04594759980517274,0.12203070384048398,1.5338339805603027,0.017234089669216884,0.4134471267461777,0.20536326275014355,True,0,0.8328962506168242,0.8328962506168242,-0.2828962506168241,1.5338339805603027,0.7422509375604425
2,2,0.256,0.256,1,1,True,2,2,False,True,True,True,True,510.0,1100.0,500.0,121,1210.0,181,1810.0,0.7912451098136025,0.2684924999826915,-0.10082359171982791,14.497037887573242,0.2842556448543773,0.4894590051844716,0.1627092707452713,True,1,0.9196709493279273,0.9196709493279273,-0.3696709493279272,14.497037887573242,0.13794070279306225
3,3,0.512,-0.512,0,0,False,1,1,False,True,True,True,False,960.0,1080.0,630.0,179,1790.0,224,2240.0,0.9999177508745821,0.9738556110487486,0.0681620142929907,50.949485778808594,0.5307238101959229,1.073611468076706,0.0,True,0,0.9915539535033948,0.9915539535033948,-0.44155395350339477,50.949485778808594,0.0
4,4,0.128,-0.128,0,0,False,1,1,False,True,True,True,False,1020.0,1060.0,560.0,178,1780.0,228,2280.0,0.9896671446475359,0.3901022236149712,-0.06703173838769558,16.28327178955078,0.15963991950539982,0.8045955151319504,0.0,True,0,0.9668002996095091,0.9668002996095091,-0.41680029960950904,16.28327178955078,0.0
5,5,0.064,-0.064,0,0,True,1,1,False,True,True,True,True,1100.0,1170.0,560.0,186,1860.0,247,2470.0,0.8936930860083663,0.15490664367280013,-0.0498339687058749,6.8178911209106445,0.06198082837191495,0.7740941792726517,0.1494681574748153,True,0,0.9579179349019022,0.9579179349019022,-0.4079179349019022,6.8178911209106445,0.13818826455551636
6,6,0.128,-0.128,0,0,False,1,1,False,True,True,True,False,920.0,1070.0,620.0,174,1740.0,219,2190.0,0.9786764465687237,0.3514209884170457,-0.070307557826777,10.008030891418457,0.10878294447193974,0.9184840470552444,0.0,True,0,0.9829027041866822,0.9829027041866822,-0.4329027041866822,10.008030891418457,0.0
7,7,0.0,-0.0,0,0,False,2,2,False,True,False,False,False,1020.0,940.0,740.0,196,1960.0,216,2160.0,0.623175150983809,0.02881464189658661,-0.03013727353478698,0.1612340807914734,0.001580726282269347,0.046841979026794434,0.0,False,1,0.4129663606271245,0.4129663606271245,0.13703363937287555,0.1612340807914734,0.0
8,8,0.256,0.256,1,1,True,2,2,False,True,True,True,True,470.0,890.0,610.0,128,1280.0,156,1560.0,0.8374627011451649,0.25712408878032444,-0.03698597552037926,12.522940635681152,0.2664455454400245,0.5237435521557927,0.1573025373588735,True,1,0.9342915810289389,0.9342915810289389,-0.3842915810289389,12.522940635681152,0.1379407698705435
9,9,0.512,-0.512,0,0,False,1,1,False,True,True,True,False,1010.0,1050.0,620.0,183,1830.0,226,2260.0,0.9999283244751478,0.8500586802452551,0.06487737137376326,49.54561996459961,0.490550692718808,1.1523869410157204,0.0,True,0,0.9938939755920116,0.9938939755920116,-0.4438939755920116,49.54561996459961,0.0
10,10,0.032,0.032,1,1,False,2,2,False,True,True,True,False,1170.0,990.0,740.0,211,2110.0,236,2360.0,0.9347683391643308,0.020111440642303326,0.007329868471348715,2.1431891918182373,0.018317856340326816,0.730802558362484,0.0,True,1,0.9441724449195158,0.9441724449195158,-0.39417244491951575,2.1431891918182373,0.0
11,11,0.064,0.064,1,1,True,2,2,False,True,True,True,True,560.0,1060.0,680.0,144,1440.0,182,1820.0,0.6434681736420568,0.1319749333252369,0.002822166949914112,4.79806661605835,0.08567976100104195,0.5649214829318225,0.15537181576585085,True,1,0.9398221432929741,0.9398221432929741,-0.38982214329297404,4.79806661605835,0.1425303201288346
12,12,0.064,0.064,1,1,False,2,2,False,True,True,True,False,910.0,1040.0,720.0,183,1830.0,215,2150.0,0.948405991624274,0.07152411402354122,0.007037144908512257,4.357733249664307,0.047887178567739636,0.7842522263526917,0.0,True,1,0.9678326450270627,0.9678326450270627,-0.41783264502706263,4.357733249664307,0.0
13,13,0.032,0.032,1,1,False,2,2,False,True,True,True,False,460.0,1160.0,530.0,119,1190.0,182,1820.0,0.4874825970845316,0.041401124770699876,0.11109050369037528,3.3716626167297363,0.07329701340716818,0.8103487938642502,0.0,True,1,0.9832889224471807,0.9832889224471807,-0.43328892244718065,3.3716626167297363,0.0
14,14,0.064,0.064,1,1,False,2,2,False,True,True,True,False,490.0,1120.0,730.0,142,1420.0,181,1810.0,0.896177281831239,0.12070952093176497,-0.02284145258014975,3.749843120574951,0.0765274106239786,0.6984655410051346,0.0,True,1,0.970371268883655,0.970371268883655,-0.42037126888365495,3.749843120574951,0.0
15,15,0.064,0.064,1,1,False,2,2,False,True,True,True,False,670.0,960.0,740.0,161,1610.0,183,1830.0,0.6959465170462935,0.08880257084034583,-0.024501812909144414,1.9966144561767578,0.029800215763832207,0.657180730602704,0.0,True,1,0.9555993270423452,0.9555993270423452,-0.40559932704234514,1.9966144561767578,0.0
16,16,0.032,-0.032,0,0,False,1,1,False,True,True,True,False,990.0,1170.0,540.0,173,1730.0,236,2360.0,0.7962718012791453,0.059335626853184505,-0.07363833497738673,2.6751301288604736,0.027021516453136097,0.6548107713460922,0.0,True,0,0.9353335886244387,0.9353335886244387,-0.38533358862443867,2.6751301288604736,0.0
17,17,0.064,-0.064,0,0,False,1,1,False,True,True,True,False,1160.0,1070.0,510.0,187,1870.0,243,2430.0,0.9653292973704523,0.31774219768905065,0.054386742537363635,7.746194362640381,0.0667775376089688,0.867465652525425,0.0,True,0,0.9710154946235546,0.9710154946235546,-0.4210154946235546,7.746194362640381,0.0
18,18,0.064,-0.064,0,0,True,1,1,False,True,True,True,True,880.0,1070.0,580.0,166,1660.0,215,2150.0,0.4832923684063124,0.05033067155184,0.01427875491019207,2.9908339977264404,0.03398674997416409,0.14334997534751892,0.4703194649998598,True,0,0.5723013908026424,0.5723013908026424,-0.022301390802642374,2.9908339977264404,0.22383128018034149
19,19,0.064,-0.064,0,0,True,1,1,False,True,True,True,True,890.0,880.0,600.0,169,1690.0,197,1970.0,0.6285579689356289,0.04888033814319351,0.07168615315141656,4.05043888092041,0.04551054922382483,0.6218863129615784,0.15783541674977236,True,0,0.9327954541479567,0.9327954541479567,-0.3827954541479567,4.05043888092041,0.1522119956669108
20,20,0.512,-0.512,0,0,True,1,1,False,True,True,True,True,940.0,1050.0,620.0,176,1760.0,219,2190.0,0.9995240266678714,0.8705850755046887,0.0952495447348273,47.68147659301758,0.5072497509895487,1.331511277705431,0.1385075905024299,True,0,0.9976637240031028,0.9976637240031028,-0.4476637240031027,47.68147659301758,0.13794069854205343
21,21,0.128,-0.128,0,0,True,1,1,False,True,True,True,True,600.0,1130.0,540.0,134,1340.0,193,1930.0,0.8656110111790087,0.12791528072079444,-0.05404191230221703,8.765481948852539,0.14609136581420898,0.8269800916314125,0.14257556409246797,True,0,0.9817964952979781,0.9817964952979781,-0.43179649529797803,8.765481948852539,0.13795599262616487
22,22,0.256,0.256,1,1,True,2,2,False,True,True,True,True,810.0,1130.0,540.0,155,1550.0,214,2140.0,0.8506437026184903,0.5792683401390226,0.00503527371137536,19.193248748779297,0.23695368825653454,0.5141643323004246,0.17070501334162702,True,1,0.9000342722994452,0.9000342722994452,-0.35003427229944517,19.193248748779297,0.13794069854723978
23,23,0.0,0.0,1,1,True,3,3,True,False,False,False,False,880.0,1080.0,570.0,165,1650.0,216,2160.0,0.01658844058460973,0.058846067652946386,0.12792252325454542,0.1073230504989624,0.001219580119306391,0.4363681795075536,0.19562216334397986,True,1,0.8495365426977518,0.8495365426977518,-0.29953654269775176,0.1073230504989624,0.8700909112415187
24,24,0.512,-0.512,0,0,True,1,1,False,True,True,True,True,670.0,1010.0,680.0,155,1550.0,188,1880.0,0.9965271644345297,0.5586650040356564,-0.02329628945806547,36.88393783569336,0.5505065348610949,1.3751744218170643,0.13827039345882153,True,0,0.9986372597710848,0.9986372597710848,-0.4486372597710847,36.88393783569336,0.13794069854205343
25,25,0.512,-0.512,0,0,True,1,1,False,True,True,True,True,490.0,930.0,740.0,143,1430.0,162,1620.0,0.9867633219531958,0.44095084669160367,-0.06733488606128991,25.857810974121094,0.5277104280432876,1.3256772384047508,0.13827917050404648,True,0,0.9986011338836283,0.9986011338836283,-0.4486011338836282,25.857810974121094,0.13794069854205376
26,26,0.032,-0.032,0,0,False,1,1,False,True,True,True,False,990.0,960.0,560.0,175,1750.0,215,2150.0,0.8055056701882624,0.038720444514188455,-0.1697459942314871,2.7516117095947266,0.027794057672674007,0.6256432682275772,0.0,True,0,0.9261054418610988,0.9261054418610988,-0.37610544186109873,2.7516117095947266,0.0
27,27,0.256,0.256,1,1,False,2,2,False,True,True,True,False,670.0,850.0,550.0,142,1420.0,172,1720.0,0.9672467967047971,0.29639633059322057,-0.03721542992764608,17.45024871826172,0.26045147340689134,1.0143475160002708,0.0,True,1,0.9920294334782974,0.9920294334782974,-0.4420294334782974,17.45024871826172,0.0
28,28,0.256,0.256,1,1,True,2,2,False,True,True,True,True,700.0,880.0,650.0,155,1550.0,178,1780.0,0.9092716668961469,0.3333939706018229,0.048340478261541864,17.43914031982422,0.24913057599748883,0.6205295249819756,0.15346409575472014,True,1,0.945465008707168,0.945465008707168,-0.39546500870716794,17.43914031982422,0.1379406986056086
29,29,0.128,0.128,1,1,False,2,2,False,True,True,True,False,1110.0,960.0,610.0,192,1920.0,227,2270.0,0.9909948959581621,0.3759411305395772,-0.04584537176234425,13.948391914367676,0.1256611884177268,0.8874989934265614,0.0,True,1,0.9751635105383551,0.9751635105383551,-0.4251635105383551,13.948391914367676,0.0
30,30,0.512,-0.512,0,0,True,1,1,False,True,True,True,True,1100.0,930.0,740.0,204,2040.0,223,2230.0,0.9998797450530816,1.0200719876082838,0.07133552104807526,55.08717346191406,0.5007924860174006,1.502898057922721,0.1382362113566537,True,0,0.9987780266649418,0.9987780266649418,-0.4487780266649417,55.08717346191406,0.13794069854205343
31,31,0.0,0.0,1,1,True,1,1,False,True,False,False,True,1080.0,1120.0,720.0,200,2000.0,240,2400.0,0.5627419963663616,0.0701392884732215,0.011802131057440718,2.0585837364196777,0.019060960522404424,0.4783298671245575,0.1981886021193041,False,0,0.8450161845023628,0.8450161845023628,-0.2950161845023628,2.0585837364196777,0.5386648190495265
32,32,0.512,0.512,1,1,True,2,2,False,True,True,True,True,1110.0,1140.0,690.0,200,2000.0,245,2450.0,0.947567130745166,0.9047392428800267,0.06619708641560058,55.93843460083008,0.5039498612687394,0.6674912087619305,0.15878169880904897,True,1,0.930169693553761,0.930169693553761,-0.38016969355376096,55.93843460083008,0.13794069854205343
33,33,0.256,0.256,1,1,True,2,2,False,True,True,True,True,590.0,1100.0,560.0,135,1350.0,189,1890.0,0.8487192068805846,0.1950070114659692,-0.022037866941410668,13.287983894348145,0.22522006600590075,0.5813465155661106,0.15452912015120251,True,1,0.9422921797796965,0.9422921797796965,-0.39229217977969644,13.287983894348145,0.13794072245395927
34,34,0.512,0.512,1,1,True,2,2,False,True,True,True,True,980.0,1110.0,530.0,171,1710.0,229,2290.0,0.8598782011170268,0.8648598039687707,0.01643485375354952,49.63691329956055,0.5064991153016383,0.5830800868570805,0.1659572057517602,True,1,0.9114341793520553,0.9114341793520553,-0.36143417935205524,49.63691329956055,0.13794069854205343
35,35,0.256,0.256,1,1,False,2,2,False,True,True,True,False,740.0,860.0,750.0,169,1690.0,180,1800.0,0.9651793493972275,0.4540289853591011,0.02398277740700447,17.839567184448242,0.24107523222227353,0.983464740216732,0.0,True,1,0.9899279505458738,0.9899279505458738,-0.43992795054587375,17.839567184448242,0.0
36,36,0.0,-0.0,0,0,True,3,3,True,False,False,False,False,910.0,1150.0,570.0,168,1680.0,226,2260.0,0.267093827787118,0.09787314066931897,0.1490194939566085,1.8932545185089111,0.02080499470888913,0.30457280576229095,0.2756396611169857,True,0,0.7402439727377856,0.7402439727377856,-0.1902439727377856,1.8932545185089111,0.6141408166304825
37,37,0.0,0.0,1,1,True,1,1,False,True,False,False,True,530.0,1030.0,600.0,133,1330.0,176,1760.0,0.03730489571522977,0.014672614524543904,0.13442769172079097,1.7566325664520264,0.03314401068777408,0.03898046910762787,0.5000959869728804,True,1,0.549928009768958,0.549928009768958,7.199023104209612e-05,1.7566325664520264,0.6699107821687932
38,38,0.128,-0.128,0,0,True,1,1,False,True,True,True,True,420.0,1180.0,670.0,129,1290.0,180,1800.0,0.7206430711509328,0.05521492160600085,-0.06299129536245897,6.331385135650635,0.15074726513453893,0.9765269681811333,0.13969023630715088,True,0,0.9928931070173358,0.9928931070173358,-0.44289310701733575,6.331385135650635,0.13843778131752305
39,39,0.256,0.256,1,1,True,2,2,False,True,True,True,True,1000.0,1000.0,670.0,187,1870.0,220,2200.0,0.967588824847362,0.5107717952867905,-0.0013484759586070262,25.148897171020508,0.25148897171020507,0.9189697876572609,0.1427231677156029,True,1,0.9812481310873736,0.9812481310873736,-0.4312481310873736,25.148897171020508,0.13794069854205449
40,40,0.512,0.512,1,1,True,2,2,False,True,True,True,True,780.0,1080.0,750.0,173,1730.0,206,2060.0,0.9315918193739968,0.6749275545045771,-0.04165282342060701,42.91523742675781,0.5501953516251001,0.7911144569516182,0.1449283766718838,True,1,0.9732614526724147,0.9732614526724147,-0.42326145267241466,42.91523742675781,0.13794069854205343
41,41,0.128,-0.128,0,0,False,1,1,False,True,True,True,False,1110.0,880.0,710.0,202,2020.0,219,2190.0,0.9861689714087611,0.3535122266051213,-0.007724907533808998,13.729206085205078,0.12368654130815386,0.8105276525020599,0.0,True,0,0.9641567331433587,0.9641567331433587,-0.41415673314335866,13.729206085205078,0.0
42,42,0.032,0.032,1,1,True,2,2,False,True,True,True,True,870.0,1050.0,530.0,160,1600.0,212,2120.0,0.4366845723620648,0.03170422181149227,0.07326152370208462,1.3688206672668457,0.015733570888124663,0.47157008200883865,0.18386932635116243,True,1,0.8716904059750423,0.8716904059750423,-0.3216904059750423,1.3688206672668457,0.7807497619993314
43,43,0.064,-0.064,0,0,False,1,1,False,True,True,True,False,560.0,1060.0,540.0,130,1300.0,182,1820.0,0.7100304474355184,0.09354727418105488,-0.005971731439439824,4.590950012207031,0.0819812502179827,0.5961449593305588,0.0,True,0,0.9479353693958872,0.9479353693958872,-0.39793536939588714,4.590950012207031,0.0
44,44,0.032,-0.032,0,0,False,1,1,False,True,True,True,False,1090.0,1090.0,710.0,200,2000.0,238,2380.0,0.9571500405583425,0.26868911712655896,-0.06687369925267643,5.931978225708008,0.05442181858447714,0.8813283666968346,0.0,True,0,0.9750127157054449,0.9750127157054449,-0.42501271570544485,5.931978225708008,0.0
45,45,0.064,-0.064,0,0,True,1,1,False,True,True,True,True,490.0,1150.0,740.0,143,1430.0,184,1840.0,0.5018072792536553,0.01948938215076607,-0.0071884310706911625,3.2564005851745605,0.06645715479948083,0.3179522901773453,0.2042680392286863,True,0,0.8346999382675498,0.8346999382675498,-0.2846999382675498,3.2564005851745605,0.19123013237405212
46,46,0.256,-0.256,0,0,True,1,1,False,True,True,True,True,960.0,1130.0,560.0,172,1720.0,229,2290.0,0.9896509760724399,0.5550498565099518,-0.03946016619869071,24.329814910888672,0.25343557198842365,1.238908588886261,0.13885866885625836,True,0,0.9962331804667848,0.9962331804667848,-0.44623318046678473,24.329814910888672,0.13794069854205676
47,47,0.512,0.512,1,1,True,2,2,False,True,True,True,True,580.0,1080.0,540.0,132,1320.0,186,1860.0,0.8438675914246033,0.574706403440886,0.05559077295650062,31.722442626953125,0.5469386659819504,0.6515953863272443,0.1491607895783002,True,1,0.9589142773357157,0.9589142773357157,-0.4089142773357156,31.722442626953125,0.13794069854205343
48,48,0.128,0.128,1,1,False,2,2,False,True,True,True,False,1170.0,990.0,510.0,188,1880.0,236,2360.0,0.9959557367068129,0.3191582591785731,-0.014945068329171534,14.95906925201416,0.12785529275225777,0.9544913917779922,0.0,True,1,0.9806802795219415,0.9806802795219415,-0.43068027952194143,14.95906925201416,0.0
49,49,0.128,0.128,1,1,False,2,2,False,True,True,True,False,670.0,1110.0,620.0,149,1490.0,198,1980.0,0.9718810685689058,0.19983095018420904,0.007217050624498968,8.08590030670166,0.12068507920450239,0.8650231137871742,0.0,True,1,0.9835412539954715,0.9835412539954715,-0.4335412539954715,8.08590030670166,0.0
50,50,0.032,-0.032,0,0,True,1,1,False,True,True,True,True,510.0,1130.0,650.0,136,1360.0,184,1840.0,0.04873887834004087,0.02234977906837847,0.04858737960380165,1.8775129318237305,0.03681397905536726,0.4125770479440689,0.17652500160833862,True,0,0.8869672724728956,0.8869672724728956,-0.3369672724728956,1.8775129318237305,0.6209435071006516
51,51,0.256,0.256,1,1,True,2,2,False,True,True,True,True,1000.0,1150.0,650.0,185,1850.0,235,2350.0,0.9237801678942692,0.5871336810928229,-0.01778938463694558,25.551233291625977,0.25551233291625974,0.7418664749711752,0.14994993269699897,True,1,0.9563678204530032,0.9563678204530032,-0.4063678204530031,25.551233291625977,0.13794069854205399
52,52,0.256,-0.256,0,0,True,1,1,False,True,True,True,True,880.0,1190.0,720.0,180,1800.0,227,2270.0,0.9861575464072705,0.37594242481070356,0.06362163836563549,20.801828384399414,0.23638441345908426,1.2093748897314072,0.13890481310209313,True,0,0.9960460687413807,0.9960460687413807,-0.44604606874138064,20.801828384399414,0.13794069854257446
53,53,0.032,0.032,1,1,True,2,2,False,True,True,True,True,770.0,1020.0,590.0,156,1560.0,199,1990.0,0.6120019731001194,0.009754212573691046,-0.047728528186896275,2.943404197692871,0.03822602854146586,0.5076670087873936,0.1700814905199407,True,1,0.9014911272737932,0.9014911272737932,-0.35149112727379317,2.943404197692871,0.23160827907970855
54,54,0.064,0.064,1,1,False,2,2,False,True,True,True,False,1070.0,960.0,740.0,201,2010.0,223,2230.0,0.970629291692691,0.12202548317043238,0.019464276581569198,6.347592830657959,0.059323297482784663,0.7707834392786026,0.0,True,1,0.9587128420090807,0.9587128420090807,-0.40871284200908065,6.347592830657959,0.0
55,55,0.064,0.064,1,1,False,2,2,False,True,True,True,False,1120.0,1190.0,680.0,200,2000.0,251,2510.0,0.9782697926507495,0.06102881223629629,0.08567718576946394,6.220828056335449,0.05554310764585223,0.8611905425786972,0.0,True,1,0.9715009364845482,0.9715009364845482,-0.4215009364845481,6.220828056335449,0.0
56,56,0.512,-0.512,0,0,False,1,1,False,True,True,True,False,690.0,1160.0,500.0,139,1390.0,205,2050.0,0.9985407175378459,0.6742407121136682,0.0317650200649475,33.84960174560547,0.4905739383421082,0.9768161326646805,0.0,True,0,0.990199551493082,0.990199551493082,-0.440199551493082,33.84960174560547,0.0
57,57,0.064,-0.064,0,0,True,1,1,False,True,True,True,True,460.0,980.0,510.0,117,1170.0,164,1640.0,0.4778219794009696,0.015869391606377993,-0.04583694977091351,3.9763340950012207,0.08644204554350479,0.500236913561821,0.15970363701444518,True,0,0.9276486484729601,0.9276486484729601,-0.3776486484729601,3.9763340950012207,0.15397899190967257
58,58,0.032,0.032,1,1,True,2,2,False,True,True,True,True,530.0,930.0,530.0,126,1260.0,166,1660.0,0.34073088998646794,0.011976487115099273,-0.04419875330857655,0.6503751873970032,0.012271229950886852,0.15421375632286072,0.3336827505310743,False,0,0.6827785006137393,0.6827785006137393,-0.1327785006137393,0.6503751873970032,0.855006660086381
59,59,0.064,0.064,1,1,False,2,2,False,True,True,True,False,870.0,1070.0,500.0,157,1570.0,214,2140.0,0.9583578614661687,0.06867323459962008,0.0380956826447616,5.660755634307861,0.06506615671618231,0.7703574150800705,0.0,True,1,0.9672025823294294,0.9672025823294294,-0.4172025823294293,5.660755634307861,0.0
60,60,0.256,-0.256,0,0,True,1,1,False,True,True,True,True,1070.0,1040.0,750.0,202,2020.0,231,2310.0,0.9949888655850637,0.5810346777708473,-0.0032758934043780144,28.39059066772461,0.26533262306284683,1.3255500122904778,0.13862414130839523,True,0,0.9971874450250001,0.9971874450250001,-0.4471874450250001,28.39059066772461,0.13794069854205343
61,61,0.512,0.512,1,1,False,2,2,False,True,True,True,False,870.0,1100.0,730.0,180,1800.0,217,2170.0,0.967441360655987,0.8326622762939629,0.06749459294504871,42.19583511352539,0.48500959900603896,0.9255192875862122,0.0,True,1,0.9844256769823115,0.9844256769823115,-0.4344256769823115,42.19583511352539,0.0
62,62,0.0,0.0,1,1,False,1,1,False,True,False,False,False,980.0,930.0,550.0,173,1730.0,211,2110.0,0.6842557291176449,0.038701911941540705,-0.019879140778530976,0.17171069979667664,0.0017521499979252719,0.2789652496576309,0.0,False,0,0.6978387305640433,0.6978387305640433,-0.14783873056404329,0.17171069979667664,0.0
63,63,0.032,0.032,1,1,True,2,2,False,True,True,True,True,970.0,930.0,740.0,191,1910.0,210,2100.0,0.23964526765259464,0.0031928319031440926,-0.008573623708329977,2.503619432449341,0.0258105096128798,0.5385469272732735,0.17366902544088542,True,1,0.8932635050298142,0.8932635050298142,-0.3432635050298142,2.503619432449341,0.3451917655404239
64,64,0.0,0.0,1,1,True,3,3,True,False,False,False,False,840.0,1060.0,520.0,156,1560.0,210,2100.0,0.007269662133330468,0.08697929869221138,0.13629267847834206,0.1827700436115265,0.0021758338525181727,0.12118034064769745,0.4901604227321506,True,1,0.5573811719932862,0.5573811719932862,-0.00738117199328614,0.1827700436115265,0.868788914641121
65,65,0.0,0.0,1,1,False,1,1,False,True,False,False,False,1090.0,1160.0,640.0,193,1930.0,245,2450.0,0.1423093282921093,0.015418840884470484,0.052894096855444724,0.5814660787582397,0.005334551181268255,0.4844055473804474,0.0,False,0,0.8473326432389668,0.8473326432389668,-0.2973326432389668,0.5814660787582397,0.0
66,66,0.512,-0.512,0,0,False,1,1,False,True,True,True,False,890.0,1020.0,720.0,181,1810.0,211,2110.0,0.9998760689083117,0.8503853589484134,0.0459210677964257,46.15190505981445,0.5185607310091511,1.2261307686567307,0.0,True,0,0.9963133969089378,0.9963133969089378,-0.4463133969089378,46.15190505981445,0.0
67,67,0.128,0.128,1,1,False,2,2,False,True,True,True,False,1100.0,1110.0,620.0,192,1920.0,241,2410.0,0.9933010462445492,0.35668571555915063,-0.054619808700241544,15.592090606689453,0.1417462782426314,0.8749115876853466,0.0,True,1,0.9739286109917756,0.9739286109917756,-0.4239286109917756,15.592090606689453,0.0
68,68,0.128,0.128,1,1,False,2,2,False,True,True,True,False,960.0,960.0,600.0,176,1760.0,212,2120.0,0.9872338052518319,0.23547855377375015,-0.025065552122015885,14.235103607177734,0.14828232924143472,0.9685422331094742,0.0,True,1,0.9859270080561116,0.9859270080561116,-0.4359270080561115,14.235103607177734,0.0
69,69,0.128,-0.128,0,0,False,1,1,False,True,True,True,False,720.0,1020.0,570.0,149,1490.0,194,1940.0,0.9298223971956139,0.23496958304574903,-0.12148562582808985,9.889787673950195,0.13735816213819715,0.8523540496826172,0.0,True,0,0.9814357017170758,0.9814357017170758,-0.4314357017170758,9.889787673950195,0.0
70,70,0.0,-0.0,0,0,False,2,2,False,True,False,False,False,720.0,1040.0,710.0,163,1630.0,196,1960.0,0.666786142605694,0.051001374207043884,0.010141178586918325,0.11356526613235474,0.0015772953629493713,0.44834649562835693,0.0,False,1,0.8789702181222038,0.8789702181222038,-0.32897021812220373,0.11356526613235474,0.0
71,71,0.032,-0.032,0,0,False,1,1,False,True,True,True,False,780.0,1090.0,660.0,164,1640.0,207,2070.0,0.819479228403732,0.03555621689579531,-0.10863565100214016,5.272502422332764,0.06759618490170209,0.8637105077505112,0.0,True,0,0.981132042637916,0.981132042637916,-0.43113204263791594,5.272502422332764,0.0
72,72,0.064,0.064,1,1,False,2,2,False,True,True,True,False,1100.0,950.0,580.0,188,1880.0,225,2250.0,0.9896195715252835,0.16727812375443363,-0.02182168701525317,9.508405685424805,0.08644005168568004,0.8855261914432049,0.0,True,1,0.9752206615559437,0.9752206615559437,-0.4252206615559436,9.508405685424805,0.0
73,73,0.032,0.032,1,1,True,1,1,False,True,False,False,True,1070.0,980.0,670.0,194,1940.0,225,2250.0,0.058609138391973736,0.09442450867476303,0.04564810812653274,0.5086007118225098,0.004753277680584204,0.41934990882873535,0.22352256546050314,True,1,0.805071285281604,0.805071285281604,-0.25507128528160394,0.5086007118225098,0.8605469935195205
74,74,0.256,0.256,1,1,False,2,2,False,True,True,True,False,470.0,940.0,500.0,117,1170.0,161,1610.0,0.944971649950159,0.19884830932484657,0.05597151508262448,11.919407844543457,0.2536044222243289,0.750457413494587,0.0,True,1,0.9774343798942589,0.9774343798942589,-0.4274343798942588,11.919407844543457,0.0
75,75,0.512,-0.512,0,0,True,1,1,False,True,True,True,True,1130.0,1180.0,750.0,208,2080.0,251,2510.0,0.9999733874908258,1.1487155506295625,0.14595543275112932,61.2270393371582,0.5418322065235239,1.367600105702877,0.13853784026948351,True,0,0.9975399784909955,0.9975399784909955,-0.44753997849099547,61.2270393371582,0.13794069854205343
76,76,0.256,0.256,1,1,False,2,2,False,True,True,True,False,570.0,1090.0,720.0,149,1490.0,186,1860.0,0.9791346133625377,0.25698613082672644,-0.020132100783703075,14.227642059326172,0.24960775542677494,0.875366348773241,0.0,True,1,0.9860973961582832,0.9860973961582832,-0.43609739615828313,14.227642059326172,0.0
77,77,0.0,-0.0,0,0,True,3,3,True,False,False,False,False,540.0,1080.0,580.0,132,1320.0,182,1820.0,0.2441379855131543,0.10805384800222707,0.09841454850104672,0.4880446791648865,0.00903786442897938,0.20403078198432922,0.2843102796255571,True,0,0.7309183744348664,0.7309183744348664,-0.18091837443486636,0.4880446791648865,0.8612300767013878
78,78,0.0,-0.0,0,0,False,1,1,False,True,True,True,False,620.0,1120.0,620.0,144,1440.0,194,1940.0,0.186130894194512,0.05426340410710939,0.025147610813931735,0.31742194294929504,0.005119708757246694,0.4462731406092644,0.0,False,1,0.8902290393494401,0.8902290393494401,-0.34022903934944004,0.31742194294929504,0.0
79,79,0.512,-0.512,0,0,False,1,1,False,True,True,True,False,1000.0,1080.0,710.0,191,1910.0,228,2280.0,0.9999545399672218,0.8691582080268961,0.12083961206387936,52.332237243652344,0.5233223724365235,1.1299725770950317,0.0,True,0,0.9932690070609597,0.9932690070609597,-0.4432690070609596,52.332237243652344,0.0
80,80,0.064,-0.064,0,0,False,1,1,False,True,True,True,False,800.0,900.0,730.0,173,1730.0,190,1900.0,0.9027966479975765,0.21553748639322523,-0.07980186710640175,4.652974605560303,0.058162182569503784,0.7522460445761681,0.0,True,0,0.9670563502311729,0.9670563502311729,-0.4170563502311728,4.652974605560303,0.0
81,81,0.0,0.0,1,1,False,2,2,False,True,True,True,False,870.0,940.0,550.0,162,1620.0,201,2010.0,0.31895526698672216,0.01559232755152826,0.16913860616279738,0.8597668409347534,0.00988237748200866,0.6061205714941025,0.0,False,0,0.9293726519956671,0.9293726519956671,-0.37937265199566705,0.8597668409347534,0.0
82,82,0.0,0.0,1,1,True,1,1,False,True,False,False,True,890.0,1030.0,730.0,182,1820.0,212,2120.0,0.5122018125123391,0.07419775895314508,-0.014827031063004191,0.5615484714508057,0.006309533387087704,0.35041680932044983,0.23795408725147604,False,0,0.7852620969120172,0.7852620969120172,-0.23526209691201716,0.5615484714508057,0.8586564511342019
83,83,0.0,-0.0,0,0,True,1,1,False,True,True,True,True,950.0,870.0,620.0,177,1770.0,202,2020.0,0.2443804560013007,0.03880403168778291,0.07288640510507215,0.59344482421875,0.006246787623355263,0.22867665439844131,0.36947866635092386,False,1,0.651605641655162,0.651605641655162,-0.10160564165516195,0.59344482421875,0.8574191410940487
84,84,0.0,0.0,1,1,False,2,2,False,True,True,True,False,1000.0,860.0,590.0,179,1790.0,206,2060.0,0.6553400556131111,0.000680683094003301,0.019712175769705173,1.6158939599990845,0.016158939599990846,0.550745278596878,0.0,True,1,0.8955086415069909,0.8955086415069909,-0.3455086415069909,1.6158939599990845,0.0
85,85,0.256,0.256,1,1,False,2,2,False,True,True,True,False,930.0,890.0,650.0,178,1780.0,202,2020.0,0.9761143509517487,0.49775315003025394,-0.00014970518292009444,22.54813003540039,0.24245301113333753,0.8126536016352475,0.0,True,1,0.9712387698232933,0.9712387698232933,-0.4212387698232932,22.54813003540039,0.0
86,86,0.128,-0.128,0,0,True,1,1,False,True,True,True,True,720.0,1110.0,540.0,146,1460.0,203,2030.0,0.7866387870668546,0.09809682125670087,-0.10918928930735466,10.964823722839355,0.15228921837276882,1.0018488429486752,0.1401671634825094,True,0,0.99100729361372,0.99100729361372,-0.44100729361371993,10.964823722839355,0.13794135916421857
87,87,0.128,-0.128,0,0,True,3,3,True,False,False,False,False,440.0,940.0,570.0,121,1210.0,158,1580.0,0.16279827112377093,0.0013360233739758034,0.08835607348887939,4.825659275054932,0.10967407443306663,0.5102233439683914,0.1579737808476096,True,0,0.9324090586510734,0.9324090586510734,-0.38240905865107333,4.825659275054932,0.14234680278249262
88,88,0.064,0.064,1,1,True,2,2,False,True,True,True,True,920.0,930.0,710.0,183,1830.0,205,2050.0,0.9432681702700125,0.3006508589363082,0.012805582534374908,7.0021867752075195,0.07611072581747304,0.6466557011008263,0.15601400032370472,True,1,0.9379630827620945,0.9379630827620945,-0.38796308276209446,7.0021867752075195,0.1381308687907028
89,89,0.512,-0.512,0,0,True,1,1,False,True,True,True,True,550.0,1080.0,550.0,130,1300.0,183,1830.0,0.9860458684459433,0.4270850421507239,-0.05034379605151519,28.99778938293457,0.527232534235174,1.1821235120296478,0.13867979422016208,True,0,0.9969605032899925,0.9969605032899925,-0.4469605032899925,28.99778938293457,0.13794069854205343
90,90,0.512,-0.512,0,0,False,1,1,False,True,True,True,False,880.0,970.0,530.0,161,1610.0,205,2050.0,0.9998266703177688,0.8310127012013602,0.1441196659983417,45.24507141113281,0.5141485387628729,1.2769555374979973,0.0,True,0,0.997160080993963,0.997160080993963,-0.447160080993963,45.24507141113281,0.0
91,91,0.512,-0.512,0,0,True,1,1,False,True,True,True,True,1080.0,1090.0,540.0,182,1820.0,237,2370.0,0.9996866864575381,0.9806207052450063,0.1329143780612227,54.290000915527344,0.5026851936622903,1.366443656384945,0.1385059640391194,True,0,0.9976703801408602,0.9976703801408602,-0.44767038014086014,54.290000915527344,0.13794069854205343
92,92,0.256,0.256,1,1,False,2,2,False,True,True,True,False,560.0,1120.0,610.0,137,1370.0,188,1880.0,0.9823656858811552,0.2483182143144026,-0.00590678074012974,15.935213088989258,0.2845573765890939,0.9402712360024452,0.0,True,1,0.9899754196958969,0.9899754196958969,-0.4399754196958968,15.935213088989258,0.0
93,93,0.256,-0.256,0,0,False,1,1,False,True,True,True,False,1010.0,1000.0,640.0,185,1850.0,221,2210.0,0.9971387525323462,0.5836779303123394,0.06740578674861565,26.828989028930664,0.26563355474188777,0.89406618475914,0.0,True,0,0.9786080040410493,0.9786080040410493,-0.42860800404104926,26.828989028930664,0.0
94,94,0.032,-0.032,0,0,False,1,1,False,True,True,True,False,1190.0,860.0,730.0,212,2120.0,225,2250.0,0.5320453732971642,0.02710608149662311,-0.003741520059654197,1.8279783725738525,0.015361162794738257,0.02443823218345642,0.0,False,1,0.33922723566905744,0.33922723566905744,0.2107727643309426,1.8279783725738525,0.0
95,95,0.128,0.128,1,1,False,2,2,False,True,True,True,False,600.0,910.0,640.0,144,1440.0,171,1710.0,0.9165862754433142,0.21004200095082556,-0.02761958091582289,6.92233943939209,0.11537232398986816,0.7799523025751114,0.0,True,1,0.9771726121679656,0.9771726121679656,-0.42717261216796554,6.92233943939209,0.0
96,96,0.128,0.128,1,1,False,2,2,False,True,True,True,False,540.0,1090.0,570.0,131,1310.0,183,1830.0,0.9336375006471261,0.1741103801979949,0.051884371084453165,6.6115875244140625,0.12243680600766782,0.7702847868204117,0.0,True,1,0.9777200244845375,0.9777200244845375,-0.4277200244845375,6.6115875244140625,0.0
97,97,0.128,-0.128,0,0,False,1,1,False,True,True,True,False,850.0,1180.0,640.0,169,1690.0,223,2230.0,0.9588113128859075,0.249019906276019,-0.09571701007959767,8.615514755249023,0.10135899712057675,0.8069951236248016,0.0,True,0,0.9730954313510861,0.9730954313510861,-0.42309543135108607,8.615514755249023,0.0
98,98,0.256,-0.256,0,0,False,1,1,False,True,True,True,False,1130.0,910.0,750.0,208,2080.0,224,2240.0,0.9979929728420874,0.6459680336991446,-0.09872828301772593,29.558902740478516,0.2615832100927302,0.940323144197464,0.0,True,0,0.980270773974937,0.980270773974937,-0.43027077397493696,29.558902740478516,0.0
99,99,0.256,0.256,1,1,False,2,2,False,True,True,True,False,770.0,880.0,560.0,153,1530.0,185,1850.0,0.9732467903262942,0.2303883028761272,-0.013741599531059079,19.246368408203125,0.24995283647017044,0.8457882143557072,0.0,True,1,0.9796723792946275,0.9796723792946275,-0.4296723792946274,19.246368408203125,0.0
100,100,0.032,-0.032,0,0,True,3,3,True,False,False,False,False,440.0,1030.0,590.0,123,1230.0,167,1670.0,0.07557633079871945,0.021140329792833437,0.06991496487061154,1.676081657409668,0.038092764941128815,0.12880773842334747,0.3376142361206555,True,0,0.6792309287486062,0.6792309287486062,-0.1292309287486062,1.676081657409668,0.6988701330529105
101,101,0.128,-0.128,0,0,False,1,1,False,True,True,True,False,830.0,1120.0,560.0,159,1590.0,215,2150.0,0.9762567552915543,0.2769191034312717,-0.06800700182107965,10.495356559753418,0.1264500790331737,0.830107644200325,0.0,True,0,0.9764743892344655,0.9764743892344655,-0.42647438923446546,10.495356559753418,0.0
102,102,0.512,0.512,1,1,False,2,2,False,True,True,True,False,1170.0,1000.0,550.0,192,1920.0,237,2370.0,0.986195875868485,0.9541659042511887,-0.003820278602568019,59.91424560546875,0.5120875692775106,0.895032768137753,0.0,True,1,0.9742936447438079,0.9742936447438079,-0.4242936447438078,59.91424560546875,0.0
103,103,0.0,-0.0,0,0,False,1,1,False,True,True,True,False,1100.0,1090.0,510.0,181,1810.0,239,2390.0,0.6967785444900695,0.01647386042826987,0.026474290124133538,0.5659278035163879,0.005144798213785345,0.23338864743709564,0.0,False,1,0.6150104376710481,0.6150104376710481,-0.06501043767104808,0.5659278035163879,0.0
104,104,0.032,0.032,1,1,True,2,2,False,True,True,True,True,540.0,880.0,750.0,149,1490.0,162,1620.0,0.23624492149359555,0.049236081143984534,0.06572434951096283,0.26766443252563477,0.0049567487504747175,0.09940434992313385,0.4096164916586834,False,0,0.618978002070126,0.618978002070126,-0.06897800207012594,0.26766443252563477,0.8670962223481966
105,105,0.064,0.064,1,1,True,2,2,False,True,True,True,True,550.0,1140.0,510.0,126,1260.0,189,1890.0,0.743635254114594,0.19385844040484193,-0.02923490950345013,4.670819282531738,0.08492398695512252,0.3758755214512348,0.18887130337457675,True,1,0.8619496191417857,0.8619496191417857,-0.31194961914178565,4.670819282531738,0.14348468509572837
106,106,0.064,0.064,1,1,False,2,2,False,True,True,True,False,500.0,1120.0,610.0,131,1310.0,182,1820.0,0.8643296275855941,0.23904866523534887,0.03486392465839698,3.243978500366211,0.06487957000732422,0.7896378748118877,0.0,True,1,0.9806371703308566,0.9806371703308566,-0.4306371703308566,3.243978500366211,0.0
107,107,0.064,-0.064,0,0,False,1,1,False,True,True,True,False,1090.0,990.0,600.0,189,1890.0,228,2280.0,0.9777490851535708,0.25856477393475374,-0.06029950295643378,10.062185287475586,0.09231362649060171,0.6760236322879791,0.0,True,0,0.9343389584901522,0.9343389584901522,-0.3843389584901522,10.062185287475586,0.0
108,108,0.512,0.512,1,1,False,2,2,False,True,True,True,False,420.0,1150.0,660.0,128,1280.0,177,1770.0,0.9739467540702599,0.36683161173595275,0.030423201128618647,20.267026901245117,0.48254825955345515,0.9626827612519264,0.0,True,1,0.9923966606535153,0.9923966606535153,-0.44239666065351524,20.267026901245117,0.0
109,109,0.256,-0.256,0,0,True,1,1,False,True,True,True,True,1090.0,950.0,710.0,200,2000.0,224,2240.0,0.9956401983100793,0.5687034125051297,-0.0025925823013270653,26.994304656982422,0.24765417116497634,1.2358582559973001,0.13903218305788395,True,0,0.9955306831056581,0.9955306831056581,-0.445530683105658,26.994304656982422,0.13794069854205349
110,110,0.032,0.032,1,1,False,2,2,False,True,True,True,False,490.0,1100.0,570.0,126,1260.0,179,1790.0,0.5265580872347473,0.0434700862047035,0.009736618383117266,1.6646552085876465,0.03397255527729891,0.6406727135181427,0.0,True,1,0.9610210045554824,0.9610210045554824,-0.4110210045554824,1.6646552085876465,0.0
111,111,0.032,0.032,1,1,False,2,2,False,True,True,True,False,600.0,920.0,650.0,145,1450.0,172,1720.0,0.7856169475625141,0.13826429977333168,-0.026969948776158187,3.274146318435669,0.05456910530726115,0.29688987880945206,0.0,True,1,0.7995060550026047,0.7995060550026047,-0.2495060550026047,3.274146318435669,0.0
112,112,0.064,0.064,1,1,True,2,2,False,True,True,True,True,1090.0,1150.0,680.0,197,1970.0,244,2440.0,0.8992580595802951,0.09984818540002079,-0.07869378932925734,7.310157775878906,0.06706566766861381,0.5347029687836766,0.1814254125808215,True,1,0.8766373137828818,0.8766373137828818,-0.32663731378288174,7.310157775878906,0.13806311097771973
113,113,0.128,-0.128,0,0,False,1,1,False,True,True,True,False,740.0,960.0,620.0,156,1560.0,190,1900.0,0.9220119515682735,0.15926466450599752,-0.07614864318272263,8.085958480834961,0.10926970920047245,0.859238401055336,0.0,True,0,0.9816118736481374,0.9816118736481374,-0.43161187364813736,8.085958480834961,0.0
114,114,0.128,-0.128,0,0,True,1,1,False,True,True,True,True,1110.0,880.0,550.0,186,1860.0,219,2190.0,0.9614247297666944,0.3056071548432336,0.0058642192127979975,10.921905517578125,0.09839554520340653,1.143107857555151,0.1397140909595591,True,0,0.992798274687235,0.992798274687235,-0.442798274687235,10.921905517578125,0.13794140093579826
115,115,0.256,-0.256,0,0,False,1,1,False,True,True,True,False,400.0,1090.0,680.0,128,1280.0,169,1690.0,0.9688375635502973,0.34567708555627474,-0.05347341293893299,10.65530776977539,0.26638269424438477,0.8786294907331467,0.0,True,0,0.9888229953165317,0.9888229953165317,-0.4388229953165317,10.65530776977539,0.0
116,116,0.512,-0.512,0,0,True,1,1,False,True,True,True,True,690.0,890.0,590.0,148,1480.0,178,1780.0,0.9957170079855961,0.6098633900792448,-0.0339043662089992,34.22489547729492,0.4960129779318105,1.3690884998068213,0.13828874431963267,True,0,0.9985617374980715,0.9985617374980715,-0.4485617374980715,34.22489547729492,0.13794069854205343
117,117,0.032,0.032,1,1,True,2,2,False,True,True,True,True,1090.0,900.0,630.0,192,1920.0,219,2190.0,0.687883402273692,0.010270849523490128,0.02783736660723943,2.2125720977783203,0.020298826585122203,0.25692538917064667,0.3776829839284971,True,1,0.6447691894907673,0.6447691894907673,-0.09476918949076729,2.2125720977783203,0.46629277586883655
118,118,0.0,-0.0,0,0,False,2,2,False,True,False,False,False,530.0,1120.0,510.0,124,1240.0,185,1850.0,0.1509441923332182,0.05532103717854474,0.12937183547874864,0.2879939675331116,0.0054338484440209734,0.14550048112869263,0.0,True,0,0.6734340588596291,0.6734340588596291,-0.1234340588596291,0.2879939675331116,0.0
119,119,0.032,0.032,1,1,False,2,2,False,True,True,True,False,1020.0,1070.0,600.0,182,1820.0,229,2290.0,0.8319538871794261,0.10629712183418007,0.055339020589376946,3.363971471786499,0.03298011246849509,0.7461745217442513,0.0,True,1,0.9562448127595157,0.9562448127595157,-0.4062448127595156,3.363971471786499,0.0
120,120,0.064,-0.064,0,0,False,1,1,False,True,True,True,False,1140.0,1150.0,510.0,185,1850.0,249,2490.0,0.840423314799233,0.0648758344969954,-0.010245791462430516,6.241305351257324,0.054748292554888806,0.8811020478606224,0.0,True,0,0.9734726540334536,0.9734726540334536,-0.4234726540334536,6.241305351257324,0.0
121,121,0.032,0.032,1,1,False,2,2,False,True,True,True,False,1030.0,860.0,750.0,198,1980.0,209,2090.0,0.38807557806715975,0.02533662865443673,0.11779667386049604,1.857310175895691,0.01803213763005525,0.44420781126245856,0.0,True,1,0.8304270220552399,0.8304270220552399,-0.28042702205523984,1.857310175895691,0.0
122,122,0.032,-0.032,0,0,False,1,1,False,True,True,True,False,770.0,1080.0,670.0,164,1640.0,205,2050.0,0.6839193396368535,0.0653720732443175,0.033268875896855746,1.8572252988815308,0.024119809076383517,0.5590284466743469,0.0,False,1,0.921742720182926,0.921742720182926,-0.371742720182926,1.8572252988815308,0.0
123,123,0.064,0.064,1,1,False,2,2,False,True,True,True,False,970.0,1120.0,550.0,172,1720.0,229,2290.0,0.8701979979262768,0.088356014362693,-0.038786678473321734,4.264593124389648,0.0439648775710273,0.8382994756102562,0.0,True,1,0.9733338173655368,0.9733338173655368,-0.42333381736553677,4.264593124389648,0.0
124,124,0.064,0.064,1,1,False,2,2,False,True,True,True,False,900.0,1070.0,560.0,166,1660.0,217,2170.0,0.9200237676773655,0.039273718013417495,0.05449200285977584,4.009028434753418,0.04454476038614909,0.7135881632566452,0.0,True,1,0.9555940568279244,0.9555940568279244,-0.4055940568279244,4.009028434753418,0.0
125,125,0.0,0.0,1,1,True,3,3,True,False,False,False,False,630.0,1100.0,540.0,137,1370.0,193,1930.0,0.12209676911172074,0.005789497376790333,0.13202832264929154,0.7905223965644836,0.012547974548642598,0.014298170804977417,0.5794127886650615,True,1,0.489638852732902,0.489638852732902,0.06036114726709807,0.7905223965644836,0.8477433903988199
126,126,0.064,-0.064,0,0,False,1,1,False,True,True,True,False,710.0,920.0,620.0,153,1530.0,183,1830.0,0.8908858251324171,0.06800377413603573,-0.07913349421777693,5.993908882141113,0.08442125186114244,0.7786474227905273,0.0,True,0,0.9738569134677411,0.9738569134677411,-0.423856913467741,5.993908882141113,0.0
127,127,0.256,0.256,1,1,True,2,2,False,True,True,True,True,800.0,900.0,590.0,159,1590.0,190,1900.0,0.9258285610834576,0.3752460294540863,-0.02651271862866378,18.095718383789062,0.2261964797973633,0.7053017374128103,0.14917704361324657,True,1,0.9588614438144833,0.9588614438144833,-0.4088614438144833,18.095718383789062,0.13794069856693025
128,128,0.256,-0.256,0,0,False,1,1,False,True,True,True,False,810.0,1090.0,660.0,167,1670.0,210,2100.0,0.9903270011659957,0.4468594323771647,-0.07534860472106762,18.925508499145508,0.23364825307587048,0.9328049719333649,0.0,True,0,0.9859995425646517,0.9859995425646517,-0.4359995425646517,18.925508499145508,0.0
129,129,0.0,0.0,1,1,False,2,2,False,True,True,True,False,740.0,1050.0,650.0,159,1590.0,199,1990.0,0.5551270896478754,0.01379264856349837,-0.0059493351805317875,1.263845682144165,0.01707899570465088,0.4401589300541673,0.0,True,1,0.8719570289551434,0.8719570289551434,-0.32195702895514333,1.263845682144165,0.0
130,130,0.256,-0.256,0,0,True,1,1,False,True,True,True,True,760.0,1170.0,720.0,168,1680.0,213,2130.0,0.9848544400536346,0.44170743179997046,0.02692554900313978,18.24440574645996,0.24005797034815737,1.1072956509888172,0.13932300532074077,True,0,0.9943598641772323,0.9943598641772323,-0.4443598641772323,18.24440574645996,0.13794069856216967
131,131,0.0,0.0,1,1,True,3,3,True,False,False,False,False,450.0,1110.0,560.0,121,1210.0,176,1760.0,0.15447052321424176,0.0439237070905632,0.10772548377893577,0.07085441052913666,0.0015745424562030369,0.20189611613750458,0.26710387641292066,False,0,0.7497536010137897,0.7497536010137897,-0.1997536010137897,0.07085441052913666,0.8706604936096862
132,132,0.0,0.0,1,1,True,2,2,False,True,True,True,True,450.0,940.0,730.0,138,1380.0,159,1590.0,0.20711178311575906,0.047612229810790524,-0.03261072319630236,0.5054261684417725,0.011231692632039388,0.33466777577996254,0.1942978501231068,True,1,0.8519102310008333,0.8519102310008333,-0.30191023100083325,0.5054261684417725,0.8606542678241533
133,133,0.256,0.256,1,1,True,2,2,False,True,True,True,True,1060.0,990.0,740.0,200,2000.0,225,2250.0,0.9352878021267553,0.6320267972692298,-0.09096197269718029,27.66627311706543,0.26100257657608894,0.7902041841298342,0.1479900162383735,True,1,0.9627634908850646,0.9627634908850646,-0.4127634908850646,27.66627311706543,0.13794069854205349
134,134,0.512,0.512,1,1,False,2,2,False,True,True,True,False,420.0,1180.0,590.0,121,1210.0,180,1800.0,0.9765999417897028,0.4409877259770496,-0.03014170994863644,23.90079116821289,0.5690664563860212,0.9185963869094849,0.0,True,1,0.9905750027375144,0.9905750027375144,-0.4405750027375144,23.90079116821289,0.0
135,135,0.128,0.128,1,1,False,2,2,False,True,True,True,False,550.0,1100.0,730.0,148,1480.0,185,1850.0,0.9452362734672883,0.2261994304887504,-0.02046088929516642,7.562997341156006,0.13750904256647284,0.8471453636884689,0.0,True,1,0.9844363066557632,0.9844363066557632,-0.43443630665576316,7.562997341156006,0.0
136,136,0.064,0.064,1,1,False,2,2,False,True,True,True,False,710.0,1070.0,660.0,157,1570.0,198,1980.0,0.9715338578789151,0.18548451513129316,-0.007993808709049829,5.092353343963623,0.07172328653469892,0.8296653404831886,0.0,True,1,0.9795348113878266,0.9795348113878266,-0.42953481138782657,5.092353343963623,0.0
137,137,0.256,0.256,1,1,False,2,2,False,True,True,True,False,1170.0,850.0,500.0,187,1870.0,222,2220.0,0.9773656800770169,0.530155396260283,0.05502003362477371,31.028783798217773,0.26520328032664764,0.9370100349187851,0.0,True,1,0.9789839075363657,0.9789839075363657,-0.4289839075363656,31.028783798217773,0.0
138,138,0.256,-0.256,0,0,False,1,1,False,True,True,True,False,520.0,1070.0,630.0,135,1350.0,179,1790.0,0.9620720495688853,0.3321938265706291,-0.12086925921518689,13.866924285888672,0.2666716208824745,0.7035814672708511,0.0,True,0,0.9700524971125286,0.9700524971125286,-0.42005249711252857,13.866924285888672,0.0
139,139,0.032,-0.032,0,0,True,2,2,False,True,False,False,True,550.0,950.0,520.0,127,1270.0,170,1700.0,0.4693049619057913,0.023471376798678643,0.07561789129453488,0.46501779556274414,0.008454869010231712,0.004771977663040161,0.5633984061695912,False,1,0.5020469266401053,0.5020469266401053,0.04795307335989474,0.46501779556274414,0.8619637616200027
140,140,0.032,-0.032,0,0,True,1,1,False,True,True,True,True,910.0,1040.0,670.0,178,1780.0,215,2150.0,0.8162354738730231,0.14596131361734105,-0.050936900103119125,2.263601303100586,0.024874739594511933,0.42986413836479187,0.20074126903059886,True,0,0.8406197921304861,0.8406197921304861,-0.29061979213048605,2.263601303100586,0.44299553849592677
141,141,0.256,-0.256,0,0,True,1,1,False,True,True,True,True,1090.0,940.0,690.0,198,1980.0,223,2230.0,0.9978586367636123,0.583849783300041,0.009534635889497288,29.312053680419922,0.26891792367357725,1.5090577974915504,0.13822393699639696,True,0,0.9988286034420863,0.9988286034420863,-0.4488286034420863,29.312053680419922,0.13794069854205343
142,142,0.512,-0.512,0,0,True,1,1,False,True,True,True,True,520.0,960.0,640.0,136,1360.0,168,1680.0,0.9825095249266249,0.4269456463356249,-0.05176503962205666,25.898319244384766,0.4980446008535532,1.1852051876485348,0.1386426140440054,True,0,0.9971120824108168,0.9971120824108168,-0.4471120824108168,25.898319244384766,0.13794069854205376
143,143,0.128,0.128,1,1,False,2,2,False,True,True,True,False,820.0,880.0,720.0,174,1740.0,190,1900.0,0.9624851473439789,0.09490537176984895,-0.08090713699841438,9.65363597869873,0.11772726803291135,0.8714949004352093,0.0,True,1,0.9809465115266203,0.9809465115266203,-0.4309465115266202,9.65363597869873,0.0
144,144,0.0,-0.0,0,0,True,3,3,True,False,False,False,False,930.0,1010.0,590.0,172,1720.0,214,2140.0,0.007792721616825704,0.10826735738491988,0.11372757568823837,1.333739995956421,0.0143412902791013,0.0715331882238388,0.6047506896738587,False,1,0.46956332434263837,0.46956332434263837,0.08043667565736168,1.333739995956421,0.7874746923062175
145,145,0.0,-0.0,0,0,False,2,2,False,True,False,False,False,720.0,940.0,530.0,145,1450.0,186,1860.0,0.5595350979595861,0.005643136821540823,0.0286186083840665,1.1804242134094238,0.01639478074179755,0.18114810436964035,0.0,False,1,0.6614705638313395,0.6614705638313395,-0.11147056383133946,1.1804242134094238,0.0
146,146,0.032,0.032,1,1,True,2,2,False,True,True,True,True,760.0,1170.0,610.0,157,1570.0,213,2130.0,0.7315901483715926,0.15180174329628918,-0.06301075570752476,3.703024387359619,0.048724005096837095,0.654623880982399,0.1519203241885233,True,1,0.9501698761583731,0.9501698761583731,-0.4001698761583731,3.703024387359619,0.16285182651615093
147,147,0.064,-0.064,0,0,True,1,1,False,True,True,True,True,550.0,880.0,740.0,149,1490.0,163,1630.0,0.7663735807760578,0.06559821414742069,-0.06430788725652749,3.2913286685943604,0.05984233942898837,0.8895179703831673,0.14111425726669852,True,0,0.9873244413996682,0.9873244413996682,-0.4373244413996682,3.2913286685943604,0.18805276665736748
148,148,0.256,-0.256,0,0,False,1,1,False,True,True,True,False,640.0,1010.0,690.0,153,1530.0,185,1850.0,0.978430048089471,0.3852763850440825,-0.05470628923332278,17.81612205505371,0.27837690711021423,0.9410156607627869,0.0,True,0,0.989011461538332,0.989011461538332,-0.4390114615383319,17.81612205505371,0.0
149,149,0.512,0.512,1,1,False,2,2,False,True,True,True,False,1010.0,910.0,670.0,188,1880.0,212,2120.0,0.946527816694241,0.8816938262156406,0.13737066768758535,52.296661376953125,0.5177887265044864,0.884843185544014,0.0,True,1,0.9776384682656628,0.9776384682656628,-0.42763846826566276,52.296661376953125,0.0
150,150,0.0,0.0,1,1,True,1,1,False,True,False,False,True,1140.0,960.0,630.0,197,1970.0,230,2300.0,0.12307741552394585,0.0513336937343515,0.07363930661055353,0.08856292068958282,0.0007768677253472177,0.39154666662216187,0.2515553254723077,False,0,0.76804389163125,0.76804389163125,-0.21804389163124993,0.08856292068958282,0.8703884802683173
151,151,0.064,0.064,1,1,True,2,2,False,True,True,True,True,450.0,990.0,540.0,119,1190.0,164,1640.0,0.6604330831840222,0.0007221352183185213,-0.05781163409496446,4.962207317352295,0.11027127371893988,0.4585789884440601,0.16508592190326005,True,1,0.9136067979112812,0.9136067979112812,-0.36360679791128114,4.962207317352295,0.14154374909802453
152,152,0.256,-0.256,0,0,True,1,1,False,True,True,True,True,680.0,1180.0,700.0,158,1580.0,206,2060.0,0.9554382405036587,0.2714905618708825,-0.07113738959979615,16.272193908691406,0.23929696924546184,1.0252197608351707,0.13982705296845277,True,0,0.9923499347600208,0.9923499347600208,-0.4423499347600207,16.272193908691406,0.13794069887868005
153,153,0.128,0.128,1,1,False,2,2,False,True,True,True,False,570.0,1100.0,550.0,132,1320.0,187,1870.0,0.9572032918530037,0.12428814435058412,-0.04497073287998849,7.040456771850586,0.12351678547106291,0.8900863528251648,0.0,True,1,0.9870548531058613,0.9870548531058613,-0.43705485310586123,7.040456771850586,0.0
154,154,0.0,0.0,1,1,True,2,2,False,True,True,True,True,420.0,990.0,650.0,127,1270.0,161,1610.0,0.12267523296209648,0.06147648425552861,-0.005663918628543638,0.5557317137718201,0.013231707470757621,0.08563469350337982,0.38718682720448966,False,0,0.6369667935119121,0.6369667935119121,-0.08696679351191205,0.5557317137718201,0.8588738394014397
155,155,0.0,0.0,1,1,True,3,3,True,False,False,False,False,1110.0,980.0,620.0,193,1930.0,229,2290.0,0.06911838135905629,0.012437442257612865,0.14773746673886812,0.8607726097106934,0.007754708195591832,0.05216918885707855,0.6919414839182145,True,1,0.3931617373280032,0.3931617373280032,0.15683826267199685,0.8607726097106934,0.8432380208982473
156,156,0.512,0.512,1,1,False,2,2,False,True,True,True,False,620.0,1120.0,720.0,154,1540.0,194,1940.0,0.9779447673186298,0.5460506929922873,0.036954722439834595,31.42005157470703,0.5067750253985005,1.0369794890284538,0.0,True,1,0.9932770033740341,0.9932770033740341,-0.4432770033740341,31.42005157470703,0.0
157,157,0.256,-0.256,0,0,True,1,1,False,True,True,True,True,1190.0,1190.0,630.0,202,2020.0,258,2580.0,0.9977845606045785,0.6324124615179573,0.014789824922417344,30.09769058227539,0.25292176959895285,0.9762993305921555,0.14246930285070097,True,0,0.9821923797642307,0.9821923797642307,-0.43219237976423064,30.09769058227539,0.13794069854205343
158,158,0.032,-0.032,0,0,False,1,1,False,True,True,True,False,970.0,870.0,560.0,173,1730.0,204,2040.0,0.7476750623953553,0.009359428544806658,-0.03524534846275994,2.6344797611236572,0.02715958516622327,0.5593879073858261,0.0,True,0,0.9026409468277098,0.9026409468277098,-0.35264094682770974,2.6344797611236572,0.0
159,159,0.064,-0.064,0,0,True,1,1,False,True,True,True,True,1100.0,960.0,580.0,188,1880.0,226,2260.0,0.7260506543848366,0.13919774264414106,-0.12782978815637303,4.258949279785156,0.0387177207253196,0.4242866486310959,0.2248344800933998,True,0,0.8031953762369244,0.8031953762369244,-0.25319537623692434,4.258949279785156,0.14826838931786712
160,160,0.0,-0.0,0,0,True,3,3,True,False,False,False,False,570.0,1180.0,730.0,150,1500.0,195,1950.0,0.14668926841919422,0.052164604119124824,0.14343307555371715,1.2596142292022705,0.02209849524916264,0.29719260334968567,0.22324250122744782,True,0,0.8054738559841625,0.8054738559841625,-0.2554738559841625,1.2596142292022705,0.8002116096143973
161,161,0.256,-0.256,0,0,False,1,1,False,True,True,True,False,1120.0,1130.0,630.0,195,1950.0,245,2450.0,0.997516419175187,0.48853323979595814,-0.05092428480617159,26.43669319152832,0.23604190349578857,0.8825294226408005,0.0,True,0,0.9742646649939778,0.9742646649939778,-0.42426466499397775,26.43669319152832,0.0
162,162,0.064,-0.064,0,0,False,1,1,False,True,True,True,False,1170.0,1100.0,650.0,202,2020.0,247,2470.0,0.9554877821260119,0.24465822134312512,-0.08355986660756223,7.087006568908691,0.0605727057171683,0.6937208026647568,0.0,True,0,0.9337542971450663,0.9337542971450663,-0.38375429714506626,7.087006568908691,0.0
163,163,0.512,-0.512,0,0,False,1,1,False,True,True,True,False,420.0,1110.0,530.0,115,1150.0,173,1730.0,0.9892714677818737,0.4211023647735414,0.06687347379187263,21.445648193359375,0.5106106712704613,1.0640278086066246,0.0,True,0,0.9953650626985455,0.9953650626985455,-0.4453650626985455,21.445648193359375,0.0
164,164,0.128,0.128,1,1,True,2,2,False,True,True,True,True,630.0,870.0,570.0,140,1400.0,170,1700.0,0.8316722802923053,0.08165822916107991,0.04798609623978243,8.268303871154785,0.1312429185897585,0.45692120492458344,0.17329589949797325,True,1,0.8941022071415985,0.8941022071415985,-0.34410220714159845,8.268303871154785,0.13797181861094565
165,165,0.032,-0.032,0,0,False,2,2,False,True,False,False,False,450.0,930.0,580.0,123,1230.0,158,1580.0,0.20262585831414165,0.01878886937994856,0.01270676575218117,1.011893630027771,0.022486525111728245,0.3405662328004837,0.0,True,0,0.8555293667070335,0.8555293667070335,-0.30552936670703346,1.011893630027771,0.0
166,166,0.0,0.0,1,1,False,2,2,False,True,True,True,False,790.0,1160.0,700.0,169,1690.0,215,2150.0,0.3507299910641009,0.032520708506980266,-0.058960073908005985,1.074230432510376,0.01359785357608071,0.5542556680738926,0.0,True,1,0.918242385703389,0.918242385703389,-0.36824238570338896,1.074230432510376,0.0
167,167,0.512,-0.512,0,0,False,1,1,False,True,True,True,False,960.0,1110.0,700.0,186,1860.0,227,2270.0,0.9999341657248421,1.0010939859681143,0.062130371085020696,49.5977668762207,0.5166434049606323,1.1586555764079094,0.0,True,0,0.9944225634819186,0.9944225634819186,-0.44442256348191855,49.5977668762207,0.0
168,168,0.512,-0.512,0,0,True,1,1,False,True,True,True,True,1150.0,910.0,600.0,195,1950.0,226,2260.0,0.9999029278804863,1.1035502777119344,0.05663218422604759,58.796974182128906,0.5112780363663383,1.6639904230833054,0.13808275097120648,True,0,0.9994114755264566,0.9994114755264566,-0.44941147552645655,58.796974182128906,0.13794069854205343
169,169,0.512,0.512,1,1,False,2,2,False,True,True,True,False,630.0,1030.0,550.0,138,1380.0,186,1860.0,0.9647225728339861,0.5553002443329278,-0.054882754910068623,33.28818893432617,0.5283839513385107,0.9054725877940655,0.0,True,1,0.987096515143741,0.987096515143741,-0.4370965151437409,33.28818893432617,0.0
170,170,0.512,0.512,1,1,True,2,2,False,True,True,True,True,400.0,1090.0,600.0,120,1200.0,169,1690.0,0.8291794631492536,0.3476469297134167,-0.0026218837256716367,22.088048934936523,0.552201223373413,0.5329052275046706,0.15469499962109745,True,1,0.941803186065585,0.941803186065585,-0.39180318606558495,22.088048934936523,0.13794069854213636
171,171,0.128,0.128,1,1,True,2,2,False,True,True,True,True,750.0,910.0,570.0,152,1520.0,186,1860.0,0.9067347436039549,0.2802978432479216,0.021075034898555105,11.018184661865234,0.14690912882486978,0.5967523828148842,0.15684755429634534,True,1,0.9355792000910905,0.9355792000910905,-0.3855792000910905,11.018184661865234,0.13794131067638016
172,172,0.064,-0.064,0,0,False,1,1,False,True,True,True,False,1000.0,900.0,590.0,179,1790.0,210,2100.0,0.795095745590737,0.038865230557518005,0.001400029095280497,5.156768798828125,0.05156768798828125,0.7131521999835968,0.0,True,0,0.9500865290201956,0.9500865290201956,-0.4000865290201956,5.156768798828125,0.0
173,173,0.512,0.512,1,1,False,2,2,False,True,True,True,False,710.0,1000.0,730.0,164,1640.0,191,1910.0,0.9745351062477083,0.5440169505684399,0.04121403942241536,36.2115364074707,0.5100216395418409,0.926895696669817,0.0,True,1,0.9872083280702392,0.9872083280702392,-0.4372083280702391,36.2115364074707,0.0
174,174,0.128,0.128,1,1,False,2,2,False,True,True,True,False,510.0,1000.0,700.0,141,1410.0,171,1710.0,0.8902217396105045,0.19444647020251069,0.015037523081082239,7.77743673324585,0.1524987594754088,0.8757945969700813,0.0,True,1,0.9870818102457184,0.9870818102457184,-0.43708181024571835,7.77743673324585,0.0
175,175,0.032,0.032,1,1,False,2,2,False,True,True,True,False,420.0,1090.0,680.0,130,1300.0,171,1710.0,0.15221337844829574,0.038016351943875024,0.08905538260065551,0.11449980735778809,0.002726185889471145,0.14259213209152222,0.0,False,0,0.6989029943655043,0.6989029943655043,-0.14890299436550425,0.11449980735778809,0.0
176,176,0.512,-0.512,0,0,False,1,1,False,True,True,True,False,430.0,1020.0,630.0,126,1260.0,165,1650.0,0.9873142346209653,0.4422364664615794,-0.060594097657161776,22.205013275146484,0.5163956575615462,0.9890631213784218,0.0,True,0,0.993234279246882,0.993234279246882,-0.44323427924688197,22.205013275146484,0.0
177,177,0.128,-0.128,0,0,True,1,1,False,True,True,True,True,680.0,1100.0,730.0,161,1610.0,198,1980.0,0.8836410861910026,0.09970467091675479,-0.04032643880222209,8.85292911529541,0.13019013404846191,0.8628118187189102,0.14220901230710697,True,0,0.9831660768651947,0.9831660768651947,-0.4331660768651947,8.85292911529541,0.1379541963397346
178,178,0.512,0.512,1,1,False,2,2,False,True,True,True,False,1100.0,1080.0,700.0,200,2000.0,238,2380.0,0.9738516043630296,1.0441469281854323,0.03257557434265429,57.68280029296875,0.5243890935724432,0.9082893161103129,0.0,True,1,0.9777844890366508,0.9777844890366508,-0.4277844890366508,57.68280029296875,0.0
179,179,0.0,-0.0,0,0,True,2,2,False,True,False,False,True,530.0,870.0,590.0,132,1320.0,160,1600.0,0.00020139329225071778,0.11364149762947173,0.033964529866011735,0.6865001916885376,0.012952833805444106,0.31519949436187744,0.2096389923333335,True,0,0.826003236936907,0.826003236936907,-0.276003236936907,0.6865001916885376,0.8533270881374178
180,180,0.032,-0.032,0,0,False,1,1,False,True,True,True,False,660.0,870.0,530.0,139,1390.0,173,1730.0,0.8558120528667607,0.004496401815661475,-0.05589479281337199,4.777615547180176,0.07238811435121478,0.8083652555942535,0.0,True,0,0.9786259904641058,0.9786259904641058,-0.42862599046410577,4.777615547180176,0.0
181,181,0.256,0.256,1,1,True,2,2,False,True,True,True,True,780.0,930.0,690.0,167,1670.0,191,1910.0,0.9032604779780243,0.3799304697371585,-0.08239369322129511,19.554622650146484,0.2507002903864934,0.7220612280070782,0.14796051642241764,True,1,0.9628616094181124,0.9628616094181124,-0.41286160941811234,19.554622650146484,0.1379406985451484
182,182,0.0,0.0,1,1,False,2,2,False,True,True,True,False,620.0,990.0,750.0,157,1570.0,181,1810.0,0.1128057039448942,0.01753619649420056,0.21833748383957446,0.676903486251831,0.010917798165352113,0.32470835000276566,0.0,True,1,0.8169446782905361,0.8169446782905361,-0.26694467829053603,0.676903486251831,0.0
183,183,0.512,0.512,1,1,False,2,2,False,True,True,True,False,440.0,1130.0,550.0,119,1190.0,177,1770.0,0.973972216175405,0.4296759096369962,0.018319429217745195,22.438962936401367,0.5099764303727583,0.9864633828401566,0.0,True,1,0.9930653685045051,0.9930653685045051,-0.44306536850450506,22.438962936401367,0.0
184,184,0.064,-0.064,0,0,True,1,1,False,True,True,True,True,1040.0,1090.0,710.0,195,1950.0,233,2330.0,0.9062135351692491,0.18826593220584492,-0.07064616754238695,6.4249587059021,0.0617784490952125,1.0746464524418116,0.14023177311416907,True,0,0.9907534544092869,0.9907534544092869,-0.4407534544092868,6.4249587059021,0.1383753581071458
185,185,0.256,-0.256,0,0,False,1,1,False,True,True,True,False,690.0,950.0,680.0,157,1570.0,184,1840.0,0.9863641754139967,0.42498711801947153,-0.06648663903146398,18.943265914916992,0.2745400857234347,0.824377030134201,0.0,True,0,0.9794972389177028,0.9794972389177028,-0.42949723891770275,18.943265914916992,0.0
186,186,0.064,0.064,1,1,False,2,2,False,True,True,True,False,780.0,1130.0,690.0,167,1670.0,211,2110.0,0.9431437481545543,0.2261513429873089,-0.005299556646093298,6.0189900398254395,0.07716653897212102,0.8256258368492126,0.0,True,1,0.9773373939606169,0.9773373939606169,-0.4273373939606169,6.0189900398254395,0.0
187,187,0.032,-0.032,0,0,True,1,1,False,True,True,True,True,990.0,980.0,630.0,182,1820.0,217,2170.0,0.8592056241078693,0.1867773940508693,-0.13101186051243288,5.240792274475098,0.052937295701768666,0.7931640520691872,0.14698093772251564,True,0,0.9661522905281389,0.9661522905281389,-0.41615229052813885,5.240792274475098,0.14033807896601153
188,188,0.512,-0.512,0,0,True,1,1,False,True,True,True,True,820.0,1120.0,590.0,161,1610.0,214,2140.0,0.9986580681286124,0.7567014902451497,0.04796896408079039,43.7683219909668,0.5337600242800828,1.2002649754285812,0.13887839029869398,True,0,0.9961531855960688,0.9961531855960688,-0.44615318559606876,43.7683219909668,0.13794069854205343
189,189,0.0,0.0,1,1,True,3,3,True,False,False,False,False,870.0,1130.0,710.0,178,1780.0,220,2200.0,0.3633366015068141,0.007004408036701909,0.10401250302751107,1.9789869785308838,0.0227469767647228,0.1272290199995041,0.4922808545515101,True,1,0.5557900779139849,0.5557900779139849,-0.005790077913984892,1.9789869785308838,0.5757467021077429
190,190,0.128,0.128,1,1,True,2,2,False,True,True,True,True,1010.0,1030.0,580.0,179,1790.0,224,2240.0,0.9506284282107483,0.34165395678742067,-0.08504800444647874,14.321244239807129,0.14179449742383296,0.6217487994581461,0.1614042197962,True,1,0.9230908345077989,0.9230908345077989,-0.3730908345077989,14.321244239807129,0.13794070400664898
191,191,0.128,-0.128,0,0,False,1,1,False,True,True,True,False,430.0,860.0,560.0,119,1190.0,149,1490.0,0.8483007028281422,0.13777869640025678,-0.13915084058450755,8.1013765335083,0.1884041054304256,0.6901669502258301,0.0,True,0,0.971265268944122,0.971265268944122,-0.421265268944122,8.1013765335083,0.0
192,192,0.512,0.512,1,1,False,2,2,False,True,True,True,False,530.0,870.0,570.0,130,1300.0,160,1600.0,0.9111938574070336,0.5031823027031322,-0.02182871162393524,27.462020874023438,0.5181513372457253,0.8170751482248306,0.0,True,1,0.9824240518826223,0.9824240518826223,-0.43242405188262223,27.462020874023438,0.0
193,193,0.128,-0.128,0,0,True,1,1,False,True,True,True,True,1080.0,1020.0,570.0,185,1850.0,230,2300.0,0.9736919894438322,0.322910836701607,-0.036892607027048434,11.831001281738281,0.10954630816424335,0.8427324146032333,0.145772605207241,True,0,0.9703012201844253,0.9703012201844253,-0.4203012201844253,11.831001281738281,0.13794089021329609
194,194,0.0,0.0,1,1,False,1,1,False,True,False,False,False,1050.0,880.0,600.0,185,1850.0,213,2130.0,0.2702114186899791,0.055104055501709166,0.08465952243193589,0.7734286189079285,0.007365986846742176,0.24135959148406982,0.0,False,0,0.6382705062354783,0.6382705062354783,-0.08827050623547827,0.7734286189079285,0.0
195,195,0.0,0.0,1,1,False,2,2,False,True,True,True,False,580.0,1180.0,580.0,136,1360.0,196,1960.0,0.15220526750953695,0.0020576445973293687,0.09383739996035494,1.2227215766906738,0.02108140649466679,0.03497976064682007,0.0,True,1,0.5300748520688947,0.5300748520688947,0.019925147931105336,1.2227215766906738,0.0
196,196,0.128,0.128,1,1,False,2,2,False,True,True,True,False,1090.0,1150.0,740.0,203,2030.0,244,2440.0,0.9934973544302788,0.4040682294536006,-0.023993176222502473,16.135913848876953,0.14803590687043075,0.8795745894312859,0.0,True,1,0.9748019174857763,0.9748019174857763,-0.4248019174857762,16.135913848876953,0.0
197,197,0.0,0.0,1,1,False,1,1,False,True,False,False,False,530.0,930.0,710.0,144,1440.0,166,1660.0,0.02756819350635914,0.03590650892715315,0.09733827793598228,0.769494891166687,0.014518771531446924,0.456807479262352,0.0,False,0,0.9049384685594726,0.9049384685594726,-0.35493846855947253,0.769494891166687,0.0
198,198,0.128,0.128,1,1,True,2,2,False,True,True,True,True,940.0,870.0,650.0,179,1790.0,201,2010.0,0.9309323325614336,0.2570856972411599,0.02093547718216652,10.69378662109375,0.11376368745844415,0.5513442233204842,0.16971806602308326,True,1,0.9023456784161284,0.9023456784161284,-0.3523456784161284,10.69378662109375,0.1379416715386071
199,199,0.064,-0.064,0,0,False,1,1,False,True,True,True,False,630.0,1050.0,580.0,141,1410.0,188,1880.0,0.7843611330341616,0.05792959301177301,0.04283190569042356,4.085320472717285,0.06484635670979817,0.6827080249786377,0.0,True,0,0.9624110985426224,0.9624110985426224,-0.41241109854262237,4.085320472717285,0.0
200,200,0.256,-0.256,0,0,True,1,1,False,True,True,True,True,510.0,1000.0,500.0,121,1210.0,171,1710.0,0.8843502273097014,0.15252137695397283,-0.033497896442783205,13.819595336914062,0.27097245758655025,0.9216797426342964,0.1405106175801334,True,0,0.9896623360021629,0.9896623360021629,-0.43966233600216287,13.819595336914062,0.13794070973105688
201,201,0.128,-0.128,0,0,False,1,1,False,True,True,True,False,1160.0,1180.0,660.0,202,2020.0,254,2540.0,0.9912520302147444,0.351192920493335,-0.07789661800267286,15.661027908325195,0.1350088612786655,0.77137890458107,0.0,True,0,0.9543255483404679,0.9543255483404679,-0.40432554834046786,15.661027908325195,0.0
202,202,0.128,0.128,1,1,False,2,2,False,True,True,True,False,630.0,850.0,600.0,143,1430.0,168,1680.0,0.9523524094277092,0.18842752138685723,-0.04633997679749636,8.660700798034668,0.13747144123864552,0.7733290158212185,0.0,True,1,0.9755886426620864,0.9755886426620864,-0.4255886426620864,8.660700798034668,0.0
203,203,0.256,0.256,1,1,True,2,2,False,True,True,True,True,720.0,1030.0,710.0,163,1630.0,195,1950.0,0.9509714573585003,0.3839040232921589,-0.01652855493921172,17.90630531311035,0.24869868490431044,0.6883350163698196,0.1490194756019766,True,1,0.9593743057190663,0.9593743057190663,-0.4093743057190663,17.90630531311035,0.13794069857466051
204,204,0.032,0.032,1,1,False,2,2,False,True,True,True,False,880.0,920.0,710.0,179,1790.0,200,2000.0,0.8560886422547909,0.02907696706331666,-0.019812992666301873,4.361506462097168,0.04956257343292236,0.786303885281086,0.0,True,1,0.9692417092065296,0.9692417092065296,-0.4192417092065296,4.361506462097168,0.0
205,205,0.256,-0.256,0,0,False,1,1,False,True,True,True,False,480.0,870.0,510.0,119,1190.0,155,1550.0,0.9334286481241763,0.1321253534687168,-0.028976290701826415,12.965367317199707,0.2701118191083272,0.860015258193016,0.0,True,0,0.9865435989136945,0.9865435989136945,-0.43654359891369443,12.965367317199707,0.0
206,206,0.512,-0.512,0,0,True,1,1,False,True,True,True,True,860.0,920.0,630.0,169,1690.0,198,1980.0,0.9987477245089765,0.7978915048495457,-0.0032192984057644682,41.595176696777344,0.48366484531136444,1.2978549934923649,0.13854824437373459,True,0,0.9974974387743648,0.9974974387743648,-0.44749743877436476,41.595176696777344,0.13794069854205343
207,207,0.256,0.256,1,1,True,2,2,False,True,True,True,True,600.0,940.0,630.0,143,1430.0,174,1740.0,0.8897691245794083,0.17639807725041964,-0.006660476775715294,14.194612503051758,0.23657687505086264,0.7358072251081467,0.14534355196600074,True,1,0.9717991940936319,0.9717991940936319,-0.42179919409363187,14.194612503051758,0.13794070509026923
208,208,0.512,-0.512,0,0,False,1,1,False,True,True,True,False,550.0,1010.0,510.0,126,1260.0,176,1760.0,0.9958740701629395,0.5059408838608318,0.10208335183394225,29.00887680053711,0.5274341236461293,0.9212616831064224,0.0,True,0,0.9891350999766536,0.9891350999766536,-0.43913509997665356,29.00887680053711,0.0
209,209,0.128,-0.128,0,0,True,1,1,False,True,True,True,True,920.0,1050.0,500.0,162,1620.0,217,2170.0,0.9237173024186095,0.18691940871239987,-0.17921446920161457,12.25473690032959,0.13320366196010425,0.9757032729685307,0.14118864567241024,True,0,0.9870385860373436,0.9870385860373436,-0.4370385860373436,12.25473690032959,0.13794080317351637
210,210,0.128,0.128,1,1,True,2,2,False,True,True,True,True,1120.0,880.0,500.0,182,1820.0,220,2200.0,0.9561654898414809,0.2515538887594284,-0.0014080122178727796,13.522514343261719,0.12073673520769392,0.6714484915137291,0.15860824482892266,True,1,0.9306480679911552,0.9306480679911552,-0.38064806799115514,13.522514343261719,0.13794071564640542
211,211,0.128,0.128,1,1,False,2,2,False,True,True,True,False,630.0,1190.0,500.0,133,1330.0,202,2020.0,0.9782422550649446,0.08925335722805777,-0.08045469708709926,8.237823486328125,0.13075910295758927,0.9032019004225731,0.0,True,1,0.9869536354201252,0.9869536354201252,-0.4369536354201251,8.237823486328125,0.0
212,212,0.256,0.256,1,1,False,2,2,False,True,True,True,False,490.0,1130.0,600.0,129,1290.0,182,1820.0,0.9672807654895852,0.2115685275212125,-0.036836613695753334,13.014498710632324,0.2656020145027005,0.8382568582892418,0.0,True,1,0.9848693830353438,0.9848693830353438,-0.4348693830353437,13.014498710632324,0.0
213,213,0.128,-0.128,0,0,True,1,1,False,True,True,True,True,620.0,1020.0,550.0,137,1370.0,184,1840.0,0.8654911622154964,0.19154713938738913,-0.11067451465027678,8.321462631225586,0.1342171392133159,0.9049015678465366,0.1411430340477458,True,0,0.9872138017206691,0.9872138017206691,-0.43721380172066904,8.321462631225586,0.1379695422762362
214,214,0.0,0.0,1,1,True,1,1,False,True,False,False,True,1170.0,1110.0,690.0,206,2060.0,248,2480.0,0.5182795308977582,0.09154021256516519,-0.07576467728313849,1.4472650289535522,0.012369786572252583,0.3128942549228668,0.33175343955558406,False,0,0.6845322045734847,0.6845322045734847,-0.1345322045734847,1.4472650289535522,0.7639292018656394
215,215,0.0,-0.0,0,0,True,1,1,False,True,True,True,True,400.0,1010.0,600.0,120,1200.0,161,1610.0,0.08398570335462668,0.015416240294849714,0.0469777624929452,0.9232500195503235,0.023081250488758087,0.8201030120253563,0.14168217634812003,True,0,0.9851543467679202,0.9851543467679202,-0.4351543467679202,0.9232500195503235,0.8386389068876242
216,216,0.032,0.032,1,1,False,2,2,False,True,True,True,False,1070.0,870.0,750.0,202,2020.0,214,2140.0,0.9586511626363039,0.21274592018778268,-0.10382384944053093,6.805217742919922,0.06360016582168151,0.9571733213961124,0.0,True,1,0.9830576817710954,0.9830576817710954,-0.4330576817710954,6.805217742919922,0.0
217,217,0.128,0.128,1,1,True,2,2,False,True,True,True,True,510.0,890.0,590.0,130,1300.0,160,1600.0,0.7581225523086211,0.020293128701329734,-0.06271115568101882,6.249016284942627,0.12252973107730641,0.6679420471191406,0.14734119037216775,True,1,0.9649346902173321,0.9649346902173321,-0.4149346902173321,6.249016284942627,0.13850014173754988
218,218,0.512,0.512,1,1,True,2,2,False,True,True,True,True,840.0,970.0,610.0,165,1650.0,201,2010.0,0.8570777147787598,0.7865180006420035,0.03263478336505275,42.462501525878906,0.5055059705461774,0.7877875319682062,0.14561376889664313,True,1,0.9708542288902703,0.9708542288902703,-0.42085422889027024,42.462501525878906,0.13794069854205343
219,219,0.256,-0.256,0,0,False,1,1,False,True,True,True,False,790.0,890.0,720.0,171,1710.0,188,1880.0,0.9801246302577693,0.29602263567247117,-0.0007219159292290721,20.522520065307617,0.25977873500389387,0.9336192756891251,0.0,True,0,0.9863823598187527,0.9863823598187527,-0.4363823598187526,20.522520065307617,0.0
220,220,0.032,0.032,1,1,False,2,2,False,True,True,True,False,930.0,1010.0,590.0,172,1720.0,214,2140.0,0.7311621926259718,0.05975511499040469,-0.007569716144914748,2.6486268043518066,0.02847985811130975,0.695711875683628,0.0,True,1,0.9500247111675635,0.9500247111675635,-0.40002471116756344,2.6486268043518066,0.0
221,221,0.256,0.256,1,1,True,2,2,False,True,True,True,True,600.0,1060.0,730.0,153,1530.0,186,1860.0,0.8991076919991816,0.15335962425383387,-0.018589998977461056,15.30712604522705,0.25511876742045086,0.6674078479409218,0.14853097830641065,True,1,0.9609741496551975,0.9609741496551975,-0.4109741496551974,15.30712604522705,0.13794069987833057
222,222,0.128,0.128,1,1,True,2,2,False,True,True,True,True,920.0,1010.0,580.0,170,1700.0,213,2130.0,0.9441792357196239,0.2049518092449964,-0.09549693247392654,14.518553733825684,0.1578103666720183,0.6455166675150394,0.1561274774266378,True,1,0.9376366289807997,0.9376366289807997,-0.38763662898079965,14.518553733825684,0.13794070266438702
223,223,0.512,0.512,1,1,False,2,2,False,True,True,True,False,1080.0,1080.0,720.0,200,2000.0,236,2360.0,0.9803238198112888,0.9068963204045017,-0.0190234212049964,55.05770492553711,0.5097935641253436,0.9951790161430836,0.0,True,1,0.9857344003738269,0.9857344003738269,-0.4357344003738268,55.05770492553711,0.0
224,224,0.0,-0.0,0,0,False,2,2,False,True,False,False,False,1140.0,1170.0,680.0,202,2020.0,251,2510.0,0.7718047761533293,0.026524818729610405,-0.008537567087223322,1.3728199005126953,0.012042279829058731,0.4604542929737363,0.0,False,1,0.8228637386141178,0.8228637386141178,-0.2728637386141177,1.3728199005126953,0.0
225,225,0.032,-0.032,0,0,False,1,1,False,True,True,True,False,740.0,1130.0,560.0,150,1500.0,207,2070.0,0.8575469292832993,0.01820401071409987,-0.06013034484263193,2.7784993648529053,0.03754728871422845,0.7069098949432373,0.0,True,0,0.9619124420023145,0.9619124420023145,-0.41191244200231447,2.7784993648529053,0.0
226,226,0.064,-0.064,0,0,True,1,1,False,True,True,True,True,1010.0,940.0,510.0,172,1720.0,215,2150.0,0.5694174894763507,0.09811833973380116,0.015634967359472212,4.2686238288879395,0.04226360226621722,0.7045481577515602,0.1528089201268638,True,0,0.9474461245798402,0.9474461245798402,-0.3974461245798402,4.2686238288879395,0.14811620409647075
227,227,0.512,0.512,1,1,True,2,2,False,True,True,True,True,420.0,1120.0,510.0,113,1130.0,174,1740.0,0.7385783120229334,0.43137883773934066,-0.1318126059133864,21.658113479614258,0.5156693685622442,0.5501690473174676,0.15360463462581997,True,1,0.945042986345464,0.945042986345464,-0.395042986345464,21.658113479614258,0.13794069854220675
228,228,0.256,-0.256,0,0,True,1,1,False,True,True,True,True,730.0,1090.0,600.0,153,1530.0,202,2020.0,0.97392686049041,0.3380212970174087,-0.061830066032586374,18.176166534423828,0.24898858266334012,0.9654799997806549,0.14064528422321942,True,0,0.9891379291663808,0.9891379291663808,-0.4391379291663807,18.176166534423828,0.13794069856422952
229,229,0.064,0.064,1,1,False,2,2,False,True,True,True,False,730.0,1110.0,610.0,154,1540.0,204,2040.0,0.8211128182594767,0.054997167785308734,0.07589956508034312,4.049680233001709,0.05547507168495492,0.7088822452351451,0.0,True,1,0.9627012144069175,0.9627012144069175,-0.4127012144069174,4.049680233001709,0.0
230,230,0.0,-0.0,0,0,True,3,3,True,False,False,False,False,1030.0,1140.0,720.0,195,1950.0,237,2370.0,0.2500555685353306,0.07288764394622455,0.15452968289645067,0.8559399247169495,0.008310096356475238,0.08277012407779694,0.6246148066422668,False,1,0.4533259793573495,0.4533259793573495,0.09667402064265057,0.8559399247169495,0.8435694121608357
231,231,0.128,0.128,1,1,True,2,2,False,True,True,True,True,970.0,940.0,530.0,170,1700.0,211,2110.0,0.9014577749973546,0.29457557209827057,-0.041984256388235386,13.149008750915527,0.13555679124655182,0.6224888265132904,0.1600567102224431,True,1,0.9266926392432918,0.9266926392432918,-0.37669263924329177,13.149008750915527,0.13794072770539378
232,232,0.0,-0.0,0,0,True,3,3,True,False,False,False,False,940.0,1190.0,610.0,175,1750.0,233,2330.0,0.07399189524233962,0.06617345338670197,0.13442631215997403,1.0576598644256592,0.011251700685379352,0.03882630169391632,0.6555425499959664,True,0,0.4268644092037139,0.4268644092037139,0.12313559079628617,1.0576598644256592,0.8264397943671431
233,233,0.256,-0.256,0,0,True,1,1,False,True,True,True,True,890.0,1100.0,660.0,175,1750.0,219,2190.0,0.9890602300966987,0.4700770928064625,-0.008907881997643892,22.494155883789062,0.25274332453695575,1.2117628089617938,0.13890512674687916,True,0,0.9960447976541715,0.9960447976541715,-0.4460447976541715,22.494155883789062,0.13794069854209984
234,234,0.256,0.256,1,1,True,2,2,False,True,True,True,True,1150.0,1120.0,510.0,186,1860.0,247,2470.0,0.9256645246647212,0.6641897374939862,-0.007346930631581928,29.221336364746094,0.25409857708474864,0.618890518322587,0.1669190986530561,True,1,0.9090657488465645,0.9090657488465645,-0.3590657488465645,29.221336364746094,0.13794069854205343
235,235,0.0,-0.0,0,0,True,3,3,True,False,False,False,False,450.0,1140.0,650.0,130,1300.0,179,1790.0,0.2930412332961199,0.009762662352443207,0.09333815773952298,0.17719197273254395,0.003937599394056532,0.11441224813461304,0.3584819305486807,True,0,0.660932596719877,0.660932596719877,-0.11093259671987699,0.17719197273254395,0.8688912984944763
236,236,0.512,-0.512,0,0,False,1,1,False,True,True,True,False,1180.0,1050.0,580.0,196,1960.0,243,2430.0,0.9999934167697522,1.1088022323202833,0.20887575274558623,60.58170700073242,0.5134042966163764,1.1793404817581177,0.0,True,0,0.9934377917668306,0.9934377917668306,-0.4434377917668305,60.58170700073242,0.0
237,237,0.512,0.512,1,1,False,2,2,False,True,True,True,False,1040.0,1030.0,520.0,176,1760.0,227,2270.0,0.9734121932661169,0.6728911899315477,0.03863724069479597,54.14457321166992,0.5206208962660569,0.8575209192931652,0.0,True,1,0.9735935369836438,0.9735935369836438,-0.42359353698364377,54.14457321166992,0.0
238,238,0.064,0.064,1,1,True,2,2,False,True,True,True,True,570.0,940.0,550.0,132,1320.0,171,1710.0,0.3270894572834348,0.04464941565912305,0.03504047543899798,3.898594379425049,0.06839639262149208,0.48624189104884863,0.1653626532142904,True,1,0.912913889219907,0.912913889219907,-0.36291388921990697,3.898594379425049,0.1560890023994546
239,239,0.256,0.256,1,1,False,2,2,False,True,True,True,False,1150.0,900.0,720.0,207,2070.0,225,2250.0,0.9741853736778827,0.6148743392062007,-0.00023736686581161262,31.653139114379883,0.27524468795112944,0.9062359754461795,0.0,True,1,0.9762034818176099,0.9762034818176099,-0.4262034818176098,31.653139114379883,0.0
240,240,0.128,-0.128,0,0,True,1,1,False,True,True,True,True,1160.0,1150.0,660.0,202,2020.0,251,2510.0,0.9742229999397487,0.27424737240721647,-0.03511880894890466,14.010382652282715,0.12077916079554064,1.1259546265937388,0.13999451437870852,True,0,0.9916875020500079,0.9916875020500079,-0.44168750205000784,14.010382652282715,0.1379407070617279
241,241,0.256,-0.256,0,0,False,1,1,False,True,True,True,False,780.0,970.0,550.0,153,1530.0,195,1950.0,0.9884415914993611,0.31888087781184266,-0.0166190720457653,19.510465621948242,0.2501341746403621,0.9812496453523636,0.0,True,0,0.9893212358900684,0.9893212358900684,-0.43932123589006833,19.510465621948242,0.0
242,242,0.032,0.032,1,1,False,2,2,False,True,True,True,False,760.0,920.0,590.0,155,1550.0,188,1880.0,0.6166449822507154,0.048384964345168965,-0.0014747420629207097,1.2459794282913208,0.016394466161727905,0.40921776555478573,0.0,True,1,0.850970846419215,0.850970846419215,-0.300970846419215,1.2459794282913208,0.0
243,243,0.128,0.128,1,1,True,2,2,False,True,True,True,True,890.0,920.0,500.0,159,1590.0,201,2010.0,0.913807679866434,0.259596579498805,-0.062104877446626,11.850342750549316,0.13314991854549793,0.6839880559127778,0.1521124229431609,True,1,0.9495773956125515,0.9495773956125515,-0.39957739561255146,11.850342750549316,0.13794088498977997
244,244,0.064,0.064,1,1,False,2,2,False,True,True,True,False,460.0,960.0,610.0,127,1270.0,162,1620.0,0.6383957453215405,0.022202641500741145,-0.04332472441509494,2.591611385345459,0.05633937794229259,0.5251156184822321,0.0,True,1,0.9354361738992932,0.9354361738992932,-0.3854361738992932,2.591611385345459,0.0
245,245,0.256,0.256,1,1,True,2,2,False,True,True,True,True,1000.0,1060.0,690.0,189,1890.0,226,2260.0,0.953699011951997,0.4615673159764005,-0.021565911980347508,24.148372650146484,0.24148372650146485,0.7283073337748647,0.15085227026719744,True,1,0.9535017148259897,0.9535017148259897,-0.4035017148259896,24.148372650146484,0.13794069854205782
246,246,0.512,-0.512,0,0,True,1,1,False,True,True,True,True,670.0,1000.0,650.0,152,1520.0,187,1870.0,0.9955780167505253,0.5725787818394451,-0.02299756259902496,33.42161560058594,0.49883008359083486,1.3359726145863533,0.13834065920886074,True,0,0.9983482697746391,0.9983482697746391,-0.44834826977463904,33.42161560058594,0.13794069854205343
247,247,0.512,0.512,1,1,True,2,2,False,True,True,True,True,750.0,1030.0,610.0,156,1560.0,198,1980.0,0.9006573651187011,0.6678357348034288,-0.05188226925169784,38.19879150390625,0.5093172200520834,0.6604041084647179,0.15131481865765273,True,1,0.9520508505006002,0.9520508505006002,-0.4020508505006002,38.19879150390625,0.13794069854205343
248,248,0.032,-0.032,0,0,True,1,1,False,True,True,True,True,630.0,1170.0,590.0,142,1420.0,200,2000.0,0.5649897957245522,0.0003096911424170864,-0.04165950252965695,3.534285545349121,0.05609977056109716,0.3886011242866516,0.19104601399816412,True,0,0.8578638396277584,0.8578638396277584,-0.3078638396277583,3.534285545349121,0.17092888597743439
249,249,0.064,-0.064,0,0,True,1,1,False,True,True,True,True,830.0,1180.0,600.0,163,1630.0,221,2210.0,0.44199331657010077,0.011550263015067836,-0.13601625740145346,4.11184549331665,0.04954030714839338,0.7157257348299026,0.14899593500840919,True,0,0.9594510593295946,0.9594510593295946,-0.4094510593295946,4.11184549331665,0.15090592635182148
250,250,0.512,-0.512,0,0,False,1,1,False,True,True,True,False,690.0,1140.0,700.0,159,1590.0,203,2030.0,0.9989233069963757,0.658460013779235,0.03071606148403132,34.27131652832031,0.4966857467872509,1.0512995719909668,0.0,True,0,0.9931826741729747,0.9931826741729747,-0.44318267417297463,34.27131652832031,0.0
251,251,0.512,0.512,1,1,True,2,2,False,True,True,True,True,460.0,1160.0,670.0,133,1330.0,182,1820.0,0.8756385458259882,0.35671363527978484,-0.029387516155293246,21.563661575317383,0.4687752516373344,0.7096503600478172,0.1450358315135591,True,1,0.9728817790571173,0.9728817790571173,-0.4228817790571172,21.563661575317383,0.1379406985422289
252,252,0.0,-0.0,0,0,False,1,1,False,True,True,True,False,1090.0,1190.0,550.0,184,1840.0,248,2480.0,0.4120267644616966,0.10187086446572494,0.04746960126797196,0.8625883460044861,0.007913654550499872,0.056773871183395386,0.0,False,1,0.4043661573593404,0.4043661573593404,0.14563384264065965,0.8625883460044861,0.0
253,253,0.064,-0.064,0,0,True,1,1,False,True,True,True,True,800.0,1010.0,680.0,168,1680.0,201,2010.0,0.858542555904901,0.12426243186298658,-0.06660214667885392,5.32502555847168,0.066562819480896,0.913612388074398,0.14177096366115877,True,0,0.9848176074796632,0.9848176074796632,-0.43481760747966314,5.32502555847168,0.14006161042684973
254,254,0.128,-0.128,0,0,False,1,1,False,True,True,True,False,900.0,920.0,700.0,180,1800.0,202,2020.0,0.9677446126947808,0.22815722624575638,-0.12208178441102396,12.319781303405762,0.13688645892673068,0.7917141616344452,0.0,True,0,0.9693153156346825,0.9693153156346825,-0.4193153156346825,12.319781303405762,0.0
255,255,0.256,0.256,1,1,True,2,2,False,True,True,True,True,1050.0,940.0,650.0,190,1900.0,219,2190.0,0.9379090218283782,0.5578572408224027,-0.06774458271463456,27.03697395324707,0.25749499003092446,0.7642977461218834,0.14931775281247062,True,1,0.9584047513164093,0.9584047513164093,-0.4084047513164093,27.03697395324707,0.13794069854205349
256,256,0.064,-0.064,0,0,False,1,1,False,True,True,True,False,640.0,860.0,750.0,159,1590.0,170,1700.0,0.6497920213431194,0.031271942379557806,0.01551501413877716,3.544240951538086,0.05537876486778259,0.4652378112077713,0.0,True,0,0.8967989949471341,0.8967989949471341,-0.34679899494713406,3.544240951538086,0.0
257,257,0.0,0.0,1,1,True,2,2,False,True,True,True,True,730.0,920.0,580.0,151,1510.0,185,1850.0,0.43675374359643665,0.0856597305155231,0.059227586773193334,0.418204665184021,0.005728831029918096,0.20241867005825043,0.33470239391383116,False,0,0.6818551039317605,0.6818551039317605,-0.13185510393176048,0.418204665184021,0.8633591215817107
258,258,0.512,0.512,1,1,True,2,2,False,True,True,True,True,850.0,850.0,690.0,174,1740.0,190,1900.0,0.881612779158919,0.7694195829003538,-0.07769350637037382,45.31723403930664,0.5331439298741958,0.8700185790657997,0.14302894809337374,True,1,0.9801177867247022,0.9801177867247022,-0.43011778672470213,45.31723403930664,0.13794069854205343
259,259,0.032,-0.032,0,0,True,3,3,True,False,False,False,False,460.0,1080.0,750.0,141,1410.0,174,1740.0,0.1615568215035707,0.02373328847853601,0.028653808979402756,1.254771113395691,0.027277632899906323,0.3570415824651718,0.18788168456132315,True,0,0.8638378982141887,0.8638378982141887,-0.3138378982141886,1.254771113395691,0.8009785100743707
260,260,0.0,-0.0,0,0,True,2,2,False,True,False,False,True,830.0,1130.0,620.0,165,1650.0,216,2160.0,0.6959738902958875,0.0031326552675521205,-0.11213878412265554,2.865478038787842,0.0345238317926246,0.28032926470041275,0.2796784244066199,False,1,0.7358603937733131,0.7358603937733131,-0.1858603937733131,2.865478038787842,0.24599111823000397
261,261,0.0,-0.0,0,0,True,2,2,False,True,False,False,True,520.0,930.0,550.0,127,1270.0,165,1650.0,0.2947512319789317,0.055286810206863275,0.028105097439966864,0.4599767029285431,0.008845705825548906,0.1337961107492447,0.3556582784721536,False,1,0.6633603266740746,0.6633603266740746,-0.11336032667407459,0.4599767029285431,0.8621200929199571
262,262,0.032,-0.032,0,0,True,1,1,False,True,True,True,True,730.0,1190.0,620.0,155,1550.0,212,2120.0,0.5574274920155804,0.07741915637787762,-0.04847956238816924,3.4386162757873535,0.04710433254503224,0.713656947016716,0.14775865724515563,True,0,0.9635345279378638,0.9635345279378638,-0.4135345279378637,3.4386162757873535,0.1767553884148551
263,263,0.064,0.064,1,1,False,2,2,False,True,True,True,False,430.0,870.0,610.0,124,1240.0,150,1500.0,0.7793578063772745,0.08187227342479925,0.07311686359235993,4.414380073547363,0.10266000171040379,0.7616479843854904,0.0,True,1,0.9796020092335416,0.9796020092335416,-0.4296020092335415,4.414380073547363,0.0
264,264,0.032,0.032,1,1,False,2,2,False,True,True,True,False,640.0,910.0,640.0,148,1480.0,175,1750.0,0.12989454041745224,0.006155458910950295,0.07238375209699006,1.2685563564300537,0.01982119306921959,0.5525830592960119,0.0,True,1,0.9303007074070531,0.9303007074070531,-0.380300707407053,1.2685563564300537,0.0
265,265,0.032,0.032,1,1,True,2,2,False,True,True,True,True,460.0,850.0,600.0,126,1260.0,151,1510.0,0.5832269098308295,0.07020613021125624,0.013330880697671042,2.303584337234497,0.05007792037466298,0.504600090906024,0.1591806303985685,True,1,0.9290743796082712,0.9290743796082712,-0.3790743796082712,2.303584337234497,0.42521682473125183
266,266,0.0,-0.0,0,0,True,1,1,False,True,True,True,True,1070.0,850.0,530.0,180,1800.0,212,2120.0,0.1392280757301655,0.029262428888651285,0.0852877576254867,1.27741277217865,0.011938437123164952,0.5245995223522186,0.18279476550159074,True,0,0.8738495799116713,0.8738495799116713,-0.3238495799116713,1.27741277217865,0.7973266805702552
267,267,0.256,-0.256,0,0,True,1,1,False,True,True,True,True,540.0,1190.0,570.0,131,1310.0,193,1930.0,0.8450837853146183,0.1993432491314756,-0.05045214318822335,12.71944808959961,0.23554533499258537,0.9865885153412819,0.13986777918535542,True,0,0.9921885901687603,0.9921885901687603,-0.4421885901687602,12.71944808959961,0.1379407524118924
268,268,0.032,-0.032,0,0,True,1,1,False,True,True,True,True,1050.0,1020.0,730.0,198,1980.0,227,2270.0,0.4661152282266392,0.09307459029260538,0.05158285160693462,2.4850785732269287,0.023667414983113606,0.7075030952692032,0.1533718956249439,True,0,0.945742435098585,0.945742435098585,-0.395742435098585,2.4850785732269287,0.3518846734436871
269,269,0.0,0.0,1,1,True,3,3,True,False,False,False,False,780.0,1010.0,530.0,151,1510.0,199,1990.0,0.30715766248171766,0.027880794322243968,0.03362142711273877,0.5443888902664185,0.006979344747005365,0.41250117123126984,0.19538686710282,False,0,0.8499561995424352,0.8499561995424352,-0.29995619954243513,0.5443888902664185,0.8592906882335345
270,270,0.0,0.0,1,1,False,1,1,False,True,False,False,False,480.0,1120.0,730.0,141,1410.0,180,1800.0,0.6401446609228154,0.10573784316788765,0.010370732430046414,1.476747989654541,0.030765583117802937,0.10274922102689743,0.0,True,1,0.6396812171228674,0.6396812171228674,-0.08968121712286736,1.476747989654541,0.0
271,271,0.032,-0.032,0,0,True,1,1,False,True,True,True,True,690.0,1170.0,690.0,158,1580.0,206,2060.0,0.6374189589885935,0.08202025338610709,-0.03145501111331339,2.9673705101013184,0.04300536971161331,0.5587776601314545,0.1594492223485875,True,0,0.9283407491777317,0.9283407491777317,-0.37834074917773164,2.9673705101013184,0.22759120281843154
272,272,0.032,0.032,1,1,True,2,2,False,True,True,True,True,840.0,890.0,610.0,165,1650.0,193,1930.0,0.7138186443065271,0.03816889593571465,-0.07029358067655754,2.814577102661133,0.03350687026977539,0.6972966487519443,0.15029517023535793,True,1,0.9552655773150365,0.9552655773150365,-0.40526557731503643,2.814577102661133,0.2565662008133624
273,273,0.0,0.0,1,1,True,2,2,False,True,True,True,True,1090.0,1010.0,550.0,184,1840.0,230,2300.0,0.3264612092513974,0.06808955359718137,-0.04258905542236634,0.6341327428817749,0.005817731586071329,0.0686732679605484,0.6648790529686728,False,0,0.41852326109160093,0.41852326109160093,0.13147673890839912,0.6341327428817749,0.8557230668757134
274,274,0.128,-0.128,0,0,False,1,1,False,True,True,True,False,1180.0,1040.0,640.0,202,2020.0,242,2420.0,0.988476716286318,0.3218798745961764,0.02245780285875956,14.244224548339844,0.12071376735881223,0.8269686996936798,0.0,True,0,0.9640318690614057,0.9640318690614057,-0.41403186906140566,14.244224548339844,0.0
275,275,0.256,0.256,1,1,False,2,2,False,True,True,True,False,850.0,920.0,650.0,170,1700.0,197,1970.0,0.9858951601665058,0.4730297267410207,-0.04997881049452043,19.071924209594727,0.22437557893640855,1.0121175795793533,0.0,True,1,0.9900091090472307,0.9900091090472307,-0.4400091090472307,19.071924209594727,0.0
276,276,0.512,-0.512,0,0,False,1,1,False,True,True,True,False,1150.0,1140.0,640.0,199,1990.0,249,2490.0,0.9999510485550234,1.0404287007802477,0.18576655189492577,58.46721267700195,0.5084105450174082,1.1009928733110428,0.0,True,0,0.9907244605102499,0.9907244605102499,-0.4407244605102498,58.46721267700195,0.0
277,277,0.128,-0.128,0,0,False,1,1,False,True,True,True,False,680.0,940.0,540.0,142,1420.0,182,1820.0,0.9507215046911909,0.34309573656266695,-0.11165816956454072,10.443350791931152,0.15357868811663458,0.9255853593349457,0.0,True,0,0.9875783536318303,0.9875783536318303,-0.4375783536318303,10.443350791931152,0.0
278,278,0.032,0.032,1,1,True,2,2,False,True,True,True,True,850.0,1080.0,670.0,172,1720.0,213,2130.0,0.7903778584750251,0.12876409968134991,-0.05957959246612926,4.235865116119385,0.04983370724846335,0.6262553837150335,0.15633731192870665,True,1,0.9370345759096455,0.9370345759096455,-0.3870345759096454,4.235865116119385,0.1486413454975446
279,279,0.0,0.0,1,1,True,1,1,False,True,False,False,True,850.0,900.0,660.0,171,1710.0,195,1950.0,0.018929268598716575,0.03307330246249169,-0.022903511047564787,1.0873669385910034,0.012792552218717687,0.09916174411773682,0.5298821104103935,False,0,0.5275465849209846,0.5275465849209846,0.022453415079015437,1.0873669385910034,0.8232440444671991
280,280,0.0,0.0,1,1,True,3,3,True,False,False,False,False,650.0,1150.0,630.0,148,1480.0,200,2000.0,0.4484920476804991,0.021722890469205447,0.05561243554591158,1.1145031452178955,0.017146202234121468,0.3817058764398098,0.1950017066658168,True,1,0.8506450788496379,0.8506450788496379,-0.30064507884963787,1.1145031452178955,0.8201444460638079
281,281,0.032,-0.032,0,0,True,2,2,False,True,False,False,True,550.0,1100.0,750.0,150,1500.0,185,1850.0,0.3393312235452898,0.013707730464868107,0.04530143007863763,1.9645767211914062,0.03571957674893466,0.26255927979946136,0.24079107969569813,True,0,0.7815645134853585,0.7815645134853585,-0.23156451348535845,1.9645767211914062,0.5823378641400955
282,282,0.512,-0.512,0,0,False,1,1,False,True,True,True,False,440.0,1180.0,530.0,117,1170.0,182,1820.0,0.9892208821180463,0.3728489552661231,0.04004496392223809,22.97501564025879,0.5221594463695179,0.9626259952783585,0.0,True,0,0.9922103971270537,0.9922103971270537,-0.4422103971270537,22.97501564025879,0.0
283,283,0.0,-0.0,0,0,True,1,1,False,True,True,True,True,990.0,870.0,590.0,178,1780.0,206,2060.0,0.061035476619964446,0.07368276271676523,0.011591887197279747,0.23275111615657806,0.0023510213753189704,0.1937071830034256,0.4337579858360813,True,0,0.600143305897875,0.600143305897875,-0.05014330589787497,0.23275111615657806,0.8678240730738304
284,284,0.512,0.512,1,1,False,2,2,False,True,True,True,False,1180.0,1130.0,620.0,200,2000.0,251,2510.0,0.990529002471903,0.9347274612576515,-0.003440070127158664,62.325382232666016,0.5281812053615764,1.0494448315293994,0.0,True,1,0.9876492570449825,0.9876492570449825,-0.4376492570449825,62.325382232666016,0.0
285,285,0.064,-0.064,0,0,True,1,1,False,True,True,True,True,740.0,1060.0,640.0,158,1580.0,200,2000.0,0.34281884712383565,0.01696833367408815,0.057954790974444434,3.0363736152648926,0.04103207588195801,0.38829944282770157,0.20068470657477516,True,0,0.8407161680580805,0.8407161680580805,-0.2907161680580804,3.0363736152648926,0.21699663968986266
286,286,0.512,0.512,1,1,False,2,2,False,True,True,True,False,1140.0,1080.0,670.0,201,2010.0,242,2420.0,0.9804322107120621,0.9048478604088773,-0.008157176830806794,56.756587982177734,0.4978648068612082,0.9693213626742363,0.0,True,1,0.9826413425144718,0.9826413425144718,-0.4326413425144717,56.756587982177734,0.0
287,287,0.256,0.256,1,1,True,2,2,False,True,True,True,True,780.0,980.0,630.0,161,1610.0,196,1960.0,0.9217173206122249,0.44152639866576227,0.00019432173092291156,21.151592254638672,0.27117425967485476,0.7106173224747181,0.1485846174179713,True,1,0.9607977457080538,0.9607977457080538,-0.4107977457080537,21.151592254638672,0.1379406985423695
288,288,0.256,-0.256,0,0,False,1,1,False,True,True,True,False,880.0,870.0,690.0,177,1770.0,195,1950.0,0.9920946470649489,0.3642344873706449,-0.03903886726525229,21.68947982788086,0.24647136168046432,0.9866893738508224,0.0,True,0,0.9882830661053026,0.9882830661053026,-0.43828306610530254,21.68947982788086,0.0
289,289,0.064,-0.064,0,0,False,1,1,False,True,True,True,False,920.0,1090.0,720.0,184,1840.0,221,2210.0,0.9356631286165984,0.16788798614310763,-0.06429163795549436,7.830349922180176,0.08511249915413234,0.7644073963165283,0.0,True,0,0.9642412099292518,0.9642412099292518,-0.41424120992925173,7.830349922180176,0.0
290,290,0.512,-0.512,0,0,True,1,1,False,True,True,True,True,600.0,870.0,560.0,136,1360.0,167,1670.0,0.9871471089211568,0.42840119600559,-0.03816734199581022,31.699033737182617,0.5283172289530437,1.4786475822329521,0.1381227231744136,True,0,0.9992462463328757,0.9992462463328757,-0.4492462463328757,31.699033737182617,0.13794069854205343
291,291,0.0,0.0,1,1,True,3,3,True,False,False,False,False,920.0,1150.0,720.0,184,1840.0,227,2270.0,0.13670267035927386,0.018143662103877925,0.11892540167251137,0.10446130484342575,0.0011354489656894104,0.611028790473938,0.15995708681233395,False,0,0.9269618633162482,0.9269618633162482,-0.37696186331624815,0.10446130484342575,0.870136942833408
292,292,0.064,-0.064,0,0,False,1,1,False,True,True,True,False,970.0,940.0,680.0,185,1850.0,211,2110.0,0.919241527686607,0.154789148292631,-0.08140871621784061,5.742473602294922,0.059200758786545585,0.7140514403581619,0.0,True,0,0.9519763772780255,0.9519763772780255,-0.4019763772780255,5.742473602294922,0.0
293,293,0.512,0.512,1,1,True,2,2,False,True,True,True,True,1130.0,940.0,710.0,204,2040.0,227,2270.0,0.9208866346041459,0.969912511411773,-0.04379676682569746,58.53644561767578,0.518021642634299,0.881339731393382,0.14477298929539312,True,1,0.9738120010607991,0.9738120010607991,-0.4238120010607991,58.53644561767578,0.13794069854205343
294,294,0.128,0.128,1,1,False,2,2,False,True,True,True,False,800.0,1190.0,580.0,158,1580.0,219,2190.0,0.9906766583958682,0.2402186248960063,-0.0029335138327306553,12.243170738220215,0.15303963422775269,0.8723767548799515,0.0,True,1,0.9814709344251706,0.9814709344251706,-0.4314709344251706,12.243170738220215,0.0
295,295,0.512,0.512,1,1,False,2,2,False,True,True,True,False,980.0,1060.0,750.0,193,1930.0,224,2240.0,0.9754754670683317,0.9264304006899848,0.001824300114354386,52.38554382324219,0.5345463655432876,0.9144380930811167,0.0,True,1,0.9812820490448256,0.9812820490448256,-0.4312820490448256,52.38554382324219,0.0
296,296,0.512,0.512,1,1,True,2,2,False,True,True,True,True,510.0,990.0,570.0,128,1280.0,170,1700.0,0.7849331960873274,0.5005506134177723,-0.015185225753515112,25.968427658081055,0.509184856040805,0.6265748795121908,0.14963844126577752,True,1,0.9573684414410254,0.9573684414410254,-0.40736844144102535,25.968427658081055,0.1379406985420537
297,297,0.512,0.512,1,1,True,2,2,False,True,True,True,True,1130.0,1040.0,570.0,190,1900.0,237,2370.0,0.9039676573869284,0.954250903013766,0.11474424630220113,59.8265495300293,0.5294384914161885,0.7884399071335793,0.1490484519506305,True,1,0.9592798762345498,0.9592798762345498,-0.40927987623454976,59.8265495300293,0.13794069854205343
298,298,0.512,0.512,1,1,False,2,2,False,True,True,True,False,490.0,1130.0,650.0,134,1340.0,182,1820.0,0.9779405927505915,0.47926423818988695,-0.05217830143818289,24.848108291625977,0.5071042508495097,0.915975533425808,0.0,True,1,0.989622194411161,0.989622194411161,-0.4396221944111609,24.848108291625977,0.0
299,299,0.0,-0.0,0,0,False,2,2,False,True,False,False,False,540.0,1150.0,700.0,144,1440.0,189,1890.0,0.15109500542113463,0.07563181999274758,0.11312183756429728,0.2357521653175354,0.004365780839213618,0.1374301016330719,0.0,True,0,0.6619619019605973,0.6619619019605973,-0.1119619019605973,0.2357521653175354,0.0
300,300,0.512,0.512,1,1,False,2,2,False,True,True,True,False,650.0,1000.0,650.0,150,1500.0,185,1850.0,0.9785377737765351,0.4166368104981354,-0.011723539946029602,32.465232849121094,0.49946512075570915,0.9220624417066574,0.0,True,1,0.9878075660184856,0.9878075660184856,-0.4378075660184856,32.465232849121094,0.0
301,301,0.0,-0.0,0,0,True,3,3,True,False,False,False,False,780.0,1140.0,560.0,154,1540.0,212,2120.0,0.03871755828751572,0.04668271119113655,0.13253206144157462,0.3075312376022339,0.003942708174387614,0.17007821798324585,0.3926417585264873,True,0,0.6325402226419574,0.6325402226419574,-0.08254022264195737,0.3075312376022339,0.8662060824943314
302,302,0.064,-0.064,0,0,True,3,3,True,False,False,False,False,490.0,1110.0,670.0,136,1360.0,180,1800.0,0.04983854620277817,0.07547403885429457,0.11104108067164362,2.4971914291381836,0.05096309039057517,0.39768432080745697,0.17886932257187405,True,0,0.8819542041042935,0.8819542041042935,-0.33195420410429344,2.4971914291381836,0.34749412438504595
303,303,0.0,0.0,1,1,False,2,2,False,True,True,True,False,570.0,1150.0,580.0,135,1350.0,192,1920.0,0.2470977145697436,0.0011153755285829303,0.14404088652964217,1.2152317762374878,0.021319855723464697,0.11988545954227448,0.0,True,1,0.6340609673785624,0.6340609673785624,-0.08406096737856239,1.2152317762374878,0.0
304,304,0.256,0.256,1,1,True,2,2,False,True,True,True,True,1040.0,960.0,650.0,189,1890.0,220,2200.0,0.9365091448983808,0.7124620285838,-0.012813074791202519,28.43626594543457,0.273425634090717,0.9303916841745377,0.1426841499922351,True,1,0.9813929123148705,0.9813929123148705,-0.4313929123148704,28.43626594543457,0.13794069854205343
305,305,0.256,0.256,1,1,True,2,2,False,True,True,True,True,560.0,1070.0,640.0,140,1400.0,183,1830.0,0.9226506155054278,0.32574585174699255,-0.04859444397061651,15.329034805297852,0.2737327643803188,0.6133843287825584,0.15134368036888202,True,1,0.9519607250283878,0.9519607250283878,-0.40196072502838776,15.329034805297852,0.13794069983715518
306,306,0.128,0.128,1,1,True,2,2,False,True,True,True,True,830.0,1180.0,540.0,157,1570.0,221,2210.0,0.8625285751006111,0.22287121551326497,0.009231316669034973,10.74910831451416,0.12950732909053206,0.48410578817129135,0.17814919649739103,True,1,0.8834798048379447,0.8834798048379447,-0.3334798048379447,10.74910831451416,0.13794159760129598
307,307,0.128,-0.128,0,0,False,1,1,False,True,True,True,False,430.0,1090.0,670.0,130,1300.0,172,1720.0,0.690188035079706,0.04424140238069222,0.03156018846936698,4.4631667137146,0.10379457473754883,0.6822309195995331,0.0,True,0,0.9701567791206914,0.9701567791206914,-0.4201567791206914,4.4631667137146,0.0
308,308,0.032,-0.032,0,0,True,1,1,False,True,True,True,True,520.0,900.0,620.0,134,1340.0,162,1620.0,0.09371576462515985,0.09270947479087975,0.062270838601601514,0.11977970600128174,0.0023034558846400334,0.3433762788772583,0.19729139267598805,True,0,0.8465847675222417,0.8465847675222417,-0.2965847675222416,0.11977970600128174,0.8698878073624665
309,309,0.0,0.0,1,1,False,1,1,False,True,False,False,False,1000.0,1050.0,630.0,183,1830.0,225,2250.0,0.7714883726818765,0.004613808207990261,-0.09097476305513715,0.6346911787986755,0.006346911787986755,0.5186137944401708,0.0,True,1,0.8797866948377613,0.8797866948377613,-0.32978669483776124,0.6346911787986755,0.0
310,310,0.032,0.032,1,1,False,2,2,False,True,True,True,False,970.0,850.0,650.0,182,1820.0,202,2020.0,0.8332957345941283,0.16774163279976584,-0.05196839640163757,2.122415065765381,0.021880567688302894,0.39643021300435066,0.0,True,1,0.8063145232842015,0.8063145232842015,-0.25631452328420146,2.122415065765381,0.0
311,311,0.256,0.256,1,1,True,2,2,False,True,True,True,True,650.0,1170.0,600.0,145,1450.0,202,2020.0,0.8871248398886893,0.21859531177665498,-0.03847189010028366,19.617237091064453,0.30180364755483774,0.5836306642740965,0.15569712710598393,True,1,0.9388779207407766,0.9388779207407766,-0.38887792074077654,19.617237091064453,0.1379406985448836
312,312,0.512,0.512,1,1,False,2,2,False,True,True,True,False,610.0,870.0,640.0,145,1450.0,168,1680.0,0.9463932821248527,0.5496058213392998,0.10007429390356853,29.925270080566406,0.49057819804207226,0.9209451451897621,0.0,True,1,0.9883116426258042,0.9883116426258042,-0.43831164262580413,29.925270080566406,0.0
313,313,0.512,-0.512,0,0,False,1,1,False,True,True,True,False,640.0,1110.0,660.0,150,1500.0,195,1950.0,0.9974731465477327,0.6302922986189584,-0.026616031501952468,32.512916564941406,0.5080143213272095,1.0328418463468552,0.0,True,0,0.9929736339388011,0.9929736339388011,-0.44297363393880107,32.512916564941406,0.0
314,314,0.064,-0.064,0,0,False,1,1,False,True,True,True,False,740.0,890.0,630.0,157,1570.0,183,1830.0,0.7815894544854142,0.0967012765548501,-0.1829512935150613,2.473653793334961,0.03342775396398596,0.653642937541008,0.0,True,0,0.9510753730288615,0.9510753730288615,-0.4010753730288614,2.473653793334961,0.0
315,315,0.064,0.064,1,1,True,2,2,False,True,True,True,True,410.0,930.0,640.0,125,1250.0,154,1540.0,0.3702510280150435,0.06700864405799221,0.013890525738137713,2.324395179748535,0.05669256535972037,0.3565915375947952,0.18445459278003695,True,1,0.8705246549234951,0.8705246549234951,-0.320524654923495,2.324395179748535,0.4161603803811076
316,316,0.512,0.512,1,1,True,2,2,False,True,True,True,True,450.0,970.0,590.0,124,1240.0,162,1620.0,0.8387328589279335,0.5436109832760345,0.03784866052800235,24.073036193847656,0.5349563598632813,0.7426585806533694,0.14385024512179656,True,1,0.9771188704324757,0.9771188704324757,-0.42711887043247565,24.073036193847656,0.13794069854205826
317,317,0.0,0.0,1,1,True,1,1,False,True,False,False,True,840.0,1180.0,710.0,175,1750.0,222,2220.0,0.591532440280911,0.01550423800724764,-0.01384877199033672,2.5763142108917236,0.03067040727252052,0.31598392128944397,0.2529653022322077,False,0,0.7663283213325881,0.7663283213325881,-0.21632832133258806,2.5763142108917236,0.3205026948072107
318,318,0.032,0.032,1,1,False,2,2,False,True,True,True,False,690.0,860.0,700.0,159,1590.0,175,1750.0,0.8796257996903345,0.09255904946454639,-0.025945427903525047,4.764862537384033,0.06905597880266715,0.6099110618233681,0.0,True,1,0.9433591631568852,0.9433591631568852,-0.3933591631568851,4.764862537384033,0.0
319,319,0.256,-0.256,0,0,False,1,1,False,True,True,True,False,420.0,1090.0,700.0,132,1320.0,171,1710.0,0.9550177800029369,0.16420463369944835,-0.1331634183835704,10.857475280761719,0.25851131620861234,0.8809878528118134,0.0,True,0,0.9886837339785269,0.9886837339785269,-0.4386837339785269,10.857475280761719,0.0
320,320,0.0,0.0,1,1,False,2,2,False,True,True,True,False,700.0,940.0,650.0,155,1550.0,184,1840.0,0.1291712389942275,0.07651074723462499,0.07190109289213814,0.07211481034755707,0.0010302115763936724,0.10261709988117218,0.0,True,1,0.5764236634331203,0.5764236634331203,-0.026423663433120304,0.07211481034755707,0.0
321,321,0.128,-0.128,0,0,True,1,1,False,True,True,True,True,1000.0,850.0,660.0,186,1860.0,205,2050.0,0.9557473169831657,0.3121290005879182,-0.18361768939115355,10.450356483459473,0.10450356483459472,1.0652206018567085,0.1402273227231401,True,0,0.9907709267812306,0.9907709267812306,-0.44077092678123053,10.450356483459473,0.1379420762014757
322,322,0.0,0.0,1,1,True,2,2,False,True,True,True,True,1030.0,970.0,570.0,180,1800.0,220,2200.0,0.6761030386471247,0.056555914348858045,-0.05668685864075686,2.796463966369629,0.02715013559582164,0.3215598538517952,0.2867941577344816,True,1,0.7283040136993101,0.7283040136993101,-0.17830401369931004,2.796463966369629,0.26057046765910374
323,323,0.512,-0.512,0,0,False,1,1,False,True,True,True,False,830.0,1140.0,610.0,164,1640.0,217,2170.0,0.999426259862979,0.7062060515521014,0.1338475145644667,40.28529357910156,0.4853649828807417,1.0152685642242432,0.0,True,0,0.9903932264934603,0.9903932264934603,-0.44039322649346024,40.28529357910156,0.0
324,324,0.032,0.032,1,1,True,3,3,True,False,False,False,False,910.0,1150.0,580.0,169,1690.0,226,2260.0,0.3864598114487017,0.038406256539600274,0.11459479559386959,1.985198736190796,0.021815370727371382,0.19233771413564682,0.406473696242102,True,1,0.6214666338918414,0.6214666338918414,-0.07146663389184138,1.985198736190796,0.5728913200879012
325,325,0.032,0.032,1,1,False,2,2,False,True,True,True,False,580.0,900.0,550.0,133,1330.0,168,1680.0,0.7274650304223684,0.09205044201164515,-0.04743009950013419,1.9559739828109741,0.0337236893588099,0.3728146329522133,0.0,True,1,0.8557427906917575,0.8557427906917575,-0.30574279069175747,1.9559739828109741,0.0
326,326,0.256,0.256,1,1,False,2,2,False,True,True,True,False,1060.0,960.0,720.0,198,1980.0,222,2220.0,0.9786395657354922,0.6272611951514955,0.02923857550614249,25.665117263793945,0.242123747771641,0.8593176230788231,0.0,True,1,0.9731977628428837,0.9731977628428837,-0.4231977628428837,25.665117263793945,0.0
327,327,0.064,0.064,1,1,False,2,2,False,True,True,True,False,1040.0,940.0,710.0,195,1950.0,218,2180.0,0.9930510292470206,0.3213656376533682,-0.027606848990083577,7.838044166564941,0.07536580929389367,0.6845659837126732,0.0,True,1,0.9403402151492702,0.9403402151492702,-0.3903402151492702,7.838044166564941,0.0
328,328,0.032,0.032,1,1,True,2,2,False,True,True,True,True,1080.0,990.0,680.0,196,1960.0,227,2270.0,0.7753507423746606,0.12318299889093055,-0.05502626187384763,5.6522626876831055,0.052335765626695424,0.6413864023052156,0.1610820202706162,True,1,0.9239454056477846,0.9239454056477846,-0.37394540564778456,5.6522626876831055,0.13926108468867138
329,329,0.032,0.032,1,1,False,2,2,False,True,True,True,False,710.0,990.0,520.0,143,1430.0,190,1900.0,0.45494399222312554,0.02694558035706915,0.10015033324660945,1.8855191469192505,0.026556607703088035,0.5105309039354324,0.0,True,1,0.9089025872845348,0.9089025872845348,-0.3589025872845347,1.8855191469192505,0.0
330,330,0.256,-0.256,0,0,True,1,1,False,True,True,True,True,630.0,1050.0,740.0,157,1570.0,188,1880.0,0.9630014857569685,0.3092860916777879,0.007849787077823094,16.345792770385742,0.259457028101361,1.1019249856472015,0.13915241017614322,True,0,0.9950456617702963,0.9950456617702963,-0.44504566177029625,16.345792770385742,0.1379406988450838
331,331,0.0,-0.0,0,0,False,1,1,False,True,True,True,False,830.0,850.0,560.0,159,1590.0,188,1880.0,0.1894849581773796,0.03595074774673864,0.04808721613078814,0.8115828633308411,0.009778106787118566,0.20126265287399292,0.0,True,0,0.6538655747685236,0.6538655747685236,-0.10386557476852354,0.8115828633308411,0.0
332,332,0.064,-0.064,0,0,True,1,1,False,True,True,True,True,730.0,880.0,700.0,163,1630.0,181,1810.0,0.5588274372772097,0.14741141815444092,-0.032863395726208305,3.3577868938446045,0.04599708073759732,0.34088726341724396,0.2209024574979664,True,0,0.8088671033863649,0.8088671033863649,-0.25886710338636487,3.3577868938446045,0.18256291660521196
333,333,0.0,0.0,1,1,False,2,2,False,True,True,True,False,1080.0,980.0,610.0,189,1890.0,226,2260.0,0.9259004673951365,0.21413817011812225,-0.04707325264694643,3.013542652130127,0.027903172704908583,0.817897766828537,0.0,True,1,0.9665757296194332,0.9665757296194332,-0.4165757296194331,3.013542652130127,0.0
334,334,0.032,-0.032,0,0,True,3,3,True,False,False,False,False,500.0,1180.0,540.0,124,1240.0,188,1880.0,0.056669141112427546,0.05742486575617684,0.1506349925493832,0.3115130364894867,0.0062302607297897335,0.05920746922492981,0.45591100746087365,True,0,0.5832016383152792,0.5832016383152792,-0.033201638315279114,0.3115130364894867,0.866113528766417
335,335,0.0,0.0,1,1,True,2,2,False,True,True,True,True,1190.0,940.0,710.0,210,2100.0,233,2330.0,0.2227853647025535,0.06269835625632846,0.03128043776894934,0.6682344675064087,0.005615415693331165,0.3566339612007141,0.29072301708682174,True,1,0.7242176165579642,0.7242176165579642,-0.1742176165579642,0.6682344675064087,0.8541915644281988
336,336,0.0,0.0,1,1,True,2,2,False,True,True,True,True,650.0,980.0,590.0,144,1440.0,183,1830.0,0.5130389321283393,0.036712418571677334,-0.013114796255630308,1.7166987657546997,0.026410750242379995,0.11160320788621902,0.4317453803135542,True,1,0.6016966688828335,0.6016966688828335,-0.05169666888283342,1.7166987657546997,0.6846582859009932
337,337,0.256,-0.256,0,0,False,1,1,False,True,True,True,False,1190.0,1120.0,590.0,198,1980.0,251,2510.0,0.9993421986067719,0.5970516411273682,-0.07618140826337205,32.10075759887695,0.2697542655367811,0.9339479058980942,0.0,True,0,0.9781629898726585,0.9781629898726585,-0.42816298987265844,32.10075759887695,0.0
338,338,0.128,0.128,1,1,False,2,2,False,True,True,True,False,940.0,950.0,640.0,178,1780.0,209,2090.0,0.9802599940139087,0.2755321158068044,-0.0019783179841196073,12.063461303710938,0.12833469472032913,0.7707909550517797,0.0,True,1,0.964490488674304,0.964490488674304,-0.41449048867430394,12.063461303710938,0.0
339,339,0.128,0.128,1,1,True,2,2,False,True,True,True,True,700.0,1090.0,570.0,147,1470.0,199,1990.0,0.8887189213327623,0.14998722852074378,-0.11190430749437508,7.531936168670654,0.1075990881238665,0.5527637246996164,0.1604912039489657,True,1,0.9255232317218494,0.9255232317218494,-0.3755232317218493,7.531936168670654,0.1380298460052643
340,340,0.064,-0.064,0,0,False,1,1,False,True,True,True,False,1130.0,1160.0,590.0,192,1920.0,249,2490.0,0.9831107634995222,0.3169928478373207,-0.10136454905734156,5.820917129516602,0.051512540969173466,0.7965922951698303,0.0,True,0,0.9608160830938423,0.9608160830938423,-0.4108160830938422,5.820917129516602,0.0
341,341,0.0,0.0,1,1,True,2,2,False,True,True,True,True,830.0,1030.0,730.0,176,1760.0,206,2060.0,0.3298968584839258,0.0485792851756637,0.030432980194134672,0.49497342109680176,0.00596353519393737,0.024197444319725037,0.6383385305031333,True,1,0.44178459489913063,0.44178459489913063,0.10821540510086941,0.49497342109680176,0.8610028610074517
342,342,0.0,-0.0,0,0,True,2,2,False,True,False,False,True,930.0,1150.0,740.0,187,1870.0,228,2280.0,0.7004244205183467,0.052188918494418333,-0.0446595608509339,2.0715014934539795,0.02227420960703204,0.2401103377342224,0.3484725113930036,True,0,0.6696039189278831,0.6696039189278831,-0.11960391892788302,2.0715014934539795,0.5325756043363948
343,343,0.128,-0.128,0,0,True,1,1,False,True,True,True,True,930.0,870.0,700.0,183,1830.0,200,2000.0,0.9655272899776687,0.23099451507543717,0.03157972844553817,14.877163887023926,0.1599695041615476,0.998799242079258,0.1408680466465338,True,0,0.9882740667620786,0.9882740667620786,-0.4382740667620786,14.877163887023926,0.137940701011809
344,344,0.128,0.128,1,1,False,2,2,False,True,True,True,False,1190.0,880.0,700.0,209,2090.0,227,2270.0,0.9922047475610001,0.37664604360281584,-0.03487408276039936,15.728994369506836,0.1321764232731667,0.9841103702783585,0.0,True,1,0.9828513713934699,0.9828513713934699,-0.43285137139346985,15.728994369506836,0.0
345,345,0.064,-0.064,0,0,False,1,1,False,True,True,True,False,690.0,1140.0,540.0,143,1430.0,203,2030.0,0.9245434222020661,0.21860517607663266,-0.11667426794323954,4.040311336517334,0.05855523676112078,0.6364440619945526,0.0,True,0,0.9499356388377335,0.9499356388377335,-0.3999356388377334,4.040311336517334,0.0
346,346,0.032,-0.032,0,0,False,1,1,False,True,True,True,False,640.0,930.0,680.0,152,1520.0,177,1770.0,0.4600765258231335,0.006425588958006608,0.003492333571289239,1.0569934844970703,0.016515523195266724,0.6729329973459244,0.0,False,1,0.9601760593339327,0.9601760593339327,-0.41017605933393264,1.0569934844970703,0.0
347,347,0.512,0.512,1,1,False,2,2,False,True,True,True,False,850.0,970.0,700.0,175,1750.0,202,2020.0,0.9744817917568379,0.7010688375059166,-0.018494848787047373,42.69736862182617,0.5023219837861903,0.9372682347893715,0.0,True,1,0.9856319148970634,0.9856319148970634,-0.4356319148970633,42.69736862182617,0.0
348,348,0.064,-0.064,0,0,False,1,1,False,True,True,True,False,750.0,1080.0,600.0,155,1550.0,203,2030.0,0.9348066545851019,0.20937104880943572,-0.18670813946018328,4.2814249992370605,0.057085666656494144,0.7316131889820099,0.0,True,0,0.965721529342436,0.965721529342436,-0.415721529342436,4.2814249992370605,0.0
349,349,0.256,0.256,1,1,False,2,2,False,True,True,True,False,1070.0,920.0,660.0,193,1930.0,219,2190.0,0.9867990702606416,0.392287889736761,0.08247294201495883,26.179224014282227,0.24466564499329183,1.012370828539133,0.0,True,1,0.9870300100435582,0.9870300100435582,-0.4370300100435581,26.179224014282227,0.0
350,350,0.064,0.064,1,1,True,2,2,False,True,True,True,True,650.0,890.0,680.0,153,1530.0,174,1740.0,0.8750067275032369,0.16712042196902988,-0.008385795797921442,5.806055068969727,0.0893239241379958,0.6683630901388824,0.14918507993551788,True,1,0.9588353278858958,0.9588353278858958,-0.4088353278858957,5.806055068969727,0.13899838250836916
351,351,0.512,-0.512,0,0,False,1,1,False,True,True,True,False,1120.0,1170.0,700.0,202,2020.0,249,2490.0,0.9999893062259869,1.1168092813965997,0.0881281527528371,59.82468032836914,0.5341489315032959,1.1905434653162956,0.0,True,0,0.994218091239636,0.994218091239636,-0.44421809123963596,59.82468032836914,0.0
352,352,0.256,0.256,1,1,False,2,2,False,True,True,True,False,400.0,1130.0,620.0,122,1220.0,173,1730.0,0.9641469980645627,0.11791435831129143,0.03551898555226512,9.41038990020752,0.235259747505188,0.7987911775708199,0.0,True,1,0.9835424597184669,0.9835424597184669,-0.43354245971846683,9.41038990020752,0.0
353,353,0.0,-0.0,0,0,True,2,2,False,True,False,False,True,610.0,1160.0,550.0,136,1360.0,197,1970.0,0.468153706570746,0.04570627062108795,-0.031135570503970984,1.4990285634994507,0.024574238745892634,0.1087988018989563,0.4211503580432464,True,0,0.6099215844506183,0.6099215844506183,-0.05992158445061824,1.4990285634994507,0.7513787947466091
354,354,0.0,0.0,1,1,True,3,3,True,False,False,False,False,970.0,920.0,500.0,167,1670.0,209,2090.0,0.034983782292512644,0.12275554147591591,0.10460154451347062,3.1986513137817383,0.03297578674001792,0.7178128808736801,0.1510709433256638,False,0,0.9528142824883851,0.9528142824883851,-0.402814282488385,3.1986513137817383,0.1969743616048094
355,355,0.0,0.0,1,1,True,1,1,False,True,False,False,True,900.0,1080.0,640.0,174,1740.0,218,2180.0,0.3682596250783309,0.06295689477329304,-0.05362390336046536,0.9465123414993286,0.010516803794436985,0.5160111337900162,0.1748082876324218,False,0,0.8907261062024602,0.8907261062024602,-0.34072610620246013,0.9465123414993286,0.836766843385051
356,356,0.032,0.032,1,1,True,2,2,False,True,True,True,True,880.0,860.0,710.0,179,1790.0,194,1940.0,0.5683482348790931,0.01871656364775882,0.04507453942979555,1.9513343572616577,0.022174254059791565,0.6224783137440681,0.1575029186359953,True,1,0.9337274851666373,0.9337274851666373,-0.38372748516663724,1.9513343572616577,0.5883510777003255
357,357,0.064,-0.064,0,0,True,3,3,True,False,False,False,False,680.0,1100.0,570.0,145,1450.0,198,1980.0,0.14470222867611598,0.07669267368449784,0.17013781667906366,2.436677932739258,0.03583349901087144,0.5398712754249573,0.16152437249962082,True,0,0.9227732052409395,0.9227732052409395,-0.3727732052409395,2.436677932739258,0.370095565958369
358,358,0.0,0.0,1,1,True,3,3,True,False,False,False,False,490.0,1000.0,510.0,120,1200.0,169,1690.0,0.07813044038256073,0.07810766450545607,0.1487379697950673,1.454906940460205,0.02969197837673888,0.4761205166578293,0.1639196719211149,False,0,0.9165568128082685,0.9165568128082685,-0.36655681280826846,1.454906940460205,0.7621514544883772
359,359,0.256,0.256,1,1,True,2,2,False,True,True,True,True,620.0,1190.0,650.0,147,1470.0,201,2010.0,0.8880465461743433,0.26093751981820335,-0.05023812193239588,14.94251823425293,0.24100835861698275,0.6048325188457966,0.15313656571740325,True,1,0.9464525557523773,0.9464525557523773,-0.39645255575237726,14.94251823425293,0.13794070079166104
360,360,0.032,0.032,1,1,True,2,2,False,True,True,True,True,450.0,1050.0,540.0,119,1190.0,170,1700.0,0.3279043203357638,0.03083997550132204,0.032284780283386744,3.0411605834960938,0.06758134629991319,0.34453414287418127,0.19101452359725563,True,1,0.8579223921921969,0.8579223921921969,-0.30792239219219686,3.0411605834960938,0.21631218538631847
361,361,0.128,0.128,1,1,False,2,2,False,True,True,True,False,710.0,1160.0,550.0,146,1460.0,207,2070.0,0.9821311968648424,0.11677261049541014,0.0983082625682035,8.057583808898926,0.11348709589998487,0.8633746355772018,0.0,True,1,0.9826042518450617,0.9826042518450617,-0.4326042518450617,8.057583808898926,0.0
362,362,0.064,-0.064,0,0,True,1,1,False,True,True,True,True,960.0,880.0,530.0,169,1690.0,204,2040.0,0.7930104007702626,0.1204894968156778,-0.04991664404602877,5.430817127227783,0.05657101174195608,0.7782713621854782,0.14734526445152907,True,0,0.9649209701609414,0.9649209701609414,-0.4149209701609413,5.430817127227783,0.13975972301526396
363,363,0.064,0.064,1,1,True,2,2,False,True,True,True,True,1130.0,1170.0,520.0,185,1850.0,250,2500.0,0.8686184771969768,0.09947810359056232,0.04327768922438845,5.144281387329102,0.04552461404716019,0.35082195699214935,0.2824668882215106,True,1,0.7328745950828798,0.7328745950828798,-0.18287459508287973,5.144281387329102,0.14070036024441457
364,364,0.032,-0.032,0,0,False,1,1,False,True,True,True,False,530.0,990.0,560.0,129,1290.0,172,1720.0,0.46863757451761495,0.03489380780720532,0.0877576901912505,3.849238634109497,0.07262714403980183,0.5941829681396484,0.0,True,0,0.949229112265047,0.949229112265047,-0.399229112265047,3.849238634109497,0.0
365,365,0.512,-0.512,0,0,False,1,1,False,True,True,True,False,1120.0,970.0,510.0,183,1830.0,229,2290.0,0.9999897452363213,1.0986771284208472,0.11018427191079012,60.092002868652344,0.5365357398986816,1.3508169502019882,0.0,True,0,0.9973610056548473,0.9973610056548473,-0.44736100565484727,60.092002868652344,0.0
366,366,0.128,0.128,1,1,False,2,2,False,True,True,True,False,970.0,870.0,580.0,175,1750.0,204,2040.0,0.9807049430391864,0.25528898528846533,-0.048065926361836646,11.772868156433105,0.12136977480858871,0.7826331406831741,0.0,True,1,0.9652369443596681,0.9652369443596681,-0.41523694435966807,11.772868156433105,0.0
367,367,0.032,-0.032,0,0,False,1,1,False,True,True,True,False,840.0,1120.0,710.0,175,1750.0,216,2160.0,0.9492540364019217,0.21031057430029,-0.12208528876675105,4.914050579071045,0.058500602131798154,0.5968253463506699,0.0,True,0,0.9287462190401073,0.9287462190401073,-0.3787462190401073,4.914050579071045,0.0
368,368,0.128,-0.128,0,0,False,1,1,False,True,True,True,False,840.0,920.0,750.0,179,1790.0,196,1960.0,0.9556046458931382,0.1991613686015962,-0.08162660109165137,8.494824409484863,0.10112886201767694,0.846636950969696,0.0,True,0,0.978011866019843,0.978011866019843,-0.428011866019843,8.494824409484863,0.0
369,369,0.0,-0.0,0,0,True,3,3,True,False,False,False,False,670.0,1060.0,560.0,143,1430.0,193,1930.0,0.19491174026010133,0.04973386205580603,0.12765776943793178,0.5980768203735352,0.008926519707067688,0.04256966710090637,0.549994792500617,True,0,0.5123068033698828,0.5123068033698828,0.037693196630117276,0.5980768203735352,0.8572328926501336
370,370,0.032,-0.032,0,0,False,1,1,False,True,True,True,False,740.0,1080.0,520.0,146,1460.0,202,2020.0,0.7514928161022395,0.06045399184969061,-0.01155290691598429,3.217844247817993,0.04348438172727018,0.4386346563696861,0.0,True,0,0.8711185197845402,0.8711185197845402,-0.3211185197845402,3.217844247817993,0.0
371,371,0.0,0.0,1,1,True,1,1,False,True,False,False,True,1170.0,1010.0,700.0,207,2070.0,238,2380.0,0.136188345263345,0.05884334851871471,0.11366240144885874,1.0170176029205322,0.008692458144619934,0.02112467586994171,0.7409121730578815,True,1,0.34098459826029615,0.34098459826029615,0.2090154017397039,1.0170176029205322,0.8304994644184123
372,372,0.032,-0.032,0,0,False,1,1,False,True,True,True,False,1180.0,1020.0,620.0,200,2000.0,240,2400.0,0.9036511585923134,0.08152752421901739,-0.12453979426037602,4.935088157653809,0.041822780997066177,0.820691667497158,0.0,True,0,0.9629470093439594,0.9629470093439594,-0.41294700934395934,4.935088157653809,0.0
373,373,0.256,-0.256,0,0,True,1,1,False,True,True,True,True,720.0,1070.0,590.0,151,1510.0,199,1990.0,0.9658182840073372,0.38420227422552905,-0.0700243365974496,18.151094436645508,0.25209853384229874,1.2470764820463955,0.13859959724236742,True,0,0.9972876295955952,0.9972876295955952,-0.4472876295955952,18.151094436645508,0.13794069856503816
374,374,0.064,-0.064,0,0,True,1,1,False,True,True,True,True,680.0,1100.0,620.0,150,1500.0,198,1980.0,0.7204014031584147,0.16954325596655234,-0.057870676206141634,4.514986038208008,0.06639685350305893,0.8477915152907372,0.142547742111232,True,0,0.9819000580393523,0.9819000580393523,-0.4319000580393523,4.514986038208008,0.144940963748795
375,375,0.032,0.032,1,1,True,3,3,True,False,False,False,False,850.0,1160.0,670.0,172,1720.0,221,2210.0,0.3280383743540158,0.012901206974667382,0.1348198355428917,2.302077293395996,0.027083262275247013,0.5218647550791502,0.17110929758369697,True,1,0.8990958545060396,0.8990958545060396,-0.3490958545060395,2.302077293395996,0.4258781724364999
376,376,0.032,-0.032,0,0,False,1,1,False,True,True,True,False,1110.0,970.0,630.0,194,1940.0,228,2280.0,0.9231632558791342,0.147698535548321,-0.1982223132837545,4.613260746002197,0.04156090762164142,0.7185393869876862,0.0,True,0,0.9448057440354843,0.9448057440354843,-0.3948057440354843,4.613260746002197,0.0
377,377,0.0,0.0,1,1,True,3,3,True,False,False,False,False,510.0,1070.0,700.0,141,1410.0,178,1780.0,0.021787998163062594,0.02904038835930829,0.15031328879594577,1.7449747323989868,0.03421519083135268,0.43530239164829254,0.17171995835359766,False,0,0.8976874868146086,0.8976874868146086,-0.3476874868146086,1.7449747323989868,0.6742939887687951
378,378,0.128,-0.128,0,0,True,1,1,False,True,True,True,True,680.0,1010.0,540.0,142,1420.0,189,1890.0,0.7877337404389648,0.06294734225223862,-0.042125139753234946,8.457283020019531,0.12437180911793429,0.8935141116380692,0.14159409893896185,True,0,0.9854890640603567,0.9854890640603567,-0.4354890640603567,8.457283020019531,0.13796445420841724
379,379,0.256,0.256,1,1,True,2,2,False,True,True,True,True,510.0,1000.0,740.0,145,1450.0,171,1710.0,0.8774292594793516,0.2904947875572803,-0.06807982170406572,11.722128868103027,0.2298456640804515,0.5773737840354443,0.15317525639557306,True,1,0.9463356041727776,0.9463356041727776,-0.3963356041727776,11.722128868103027,0.13794092246766737
380,380,0.128,0.128,1,1,True,2,2,False,True,True,True,True,400.0,1180.0,750.0,135,1350.0,178,1780.0,0.7696475511024313,0.07135398835302786,-0.07313068213299609,5.470157146453857,0.13675392866134645,0.42385962195839966,0.16881225547255846,True,1,0.9044932597432849,0.9044932597432849,-0.3544932597432848,5.470157146453857,0.1396589209469961
381,381,0.256,-0.256,0,0,True,1,1,False,True,True,True,True,610.0,1130.0,590.0,140,1400.0,194,1940.0,0.9188460498696799,0.18229172902943977,0.01592568040528621,14.675235748291016,0.2405776352178855,0.9956440702080727,0.13994749393293426,True,0,0.9918732366503379,0.9918732366503379,-0.44187323665033784,14.675235748291016,0.1379407018376524
382,382,0.256,-0.256,0,0,False,1,1,False,True,True,True,False,480.0,860.0,610.0,129,1290.0,154,1540.0,0.9419810117797742,0.1537313519482575,-0.043555823043121805,12.04690933227539,0.2509772777557373,0.7710565626621246,0.0,True,0,0.9793193742271186,0.9793193742271186,-0.4293193742271185,12.04690933227539,0.0
383,383,0.256,0.256,1,1,True,2,2,False,True,True,True,True,760.0,1050.0,640.0,160,1600.0,201,2010.0,0.8951676757550017,0.46687656759823243,0.019485572029666918,21.00424575805664,0.27637165471127156,0.8084479738026857,0.14417076045447696,True,1,0.9759628652576691,0.9759628652576691,-0.425962865257669,21.00424575805664,0.13794069854244362
384,384,0.128,-0.128,0,0,False,1,1,False,True,True,True,False,1080.0,1080.0,730.0,201,2010.0,236,2360.0,0.9842844022610103,0.3556842897305563,-0.09570465584144164,14.756017684936523,0.13662979337904188,0.9401882588863373,0.0,True,0,0.9813913142856413,0.9813913142856413,-0.43139131428564126,14.756017684936523,0.0
385,385,0.256,0.256,1,1,True,2,2,False,True,True,True,True,770.0,1020.0,550.0,152,1520.0,199,1990.0,0.9089674007113233,0.3899693952259295,-0.01071760127146198,18.620925903320312,0.24183020653662743,0.7735878583043814,0.14549609815167108,True,1,0.9712650823388411,0.9712650823388411,-0.4212650823388411,18.620925903320312,0.13794069855380092
386,386,0.512,-0.512,0,0,True,1,1,False,True,True,True,True,400.0,1160.0,690.0,129,1290.0,176,1760.0,0.9749662526492424,0.43551420026309967,-0.12272036170324524,21.688587188720703,0.5422146797180176,1.1461854800581932,0.1386766372350519,True,0,0.9969733685655217,0.9969733685655217,-0.4469733685655216,21.688587188720703,0.1379406985422002
387,387,0.256,-0.256,0,0,False,1,1,False,True,True,True,False,660.0,1090.0,730.0,159,1590.0,195,1950.0,0.9771472932990546,0.33523947231080936,-0.05040959255465086,16.276134490966797,0.24660809834798178,0.940440259873867,0.0,True,0,0.9887148115988028,0.9887148115988028,-0.43871481159880277,16.276134490966797,0.0
388,388,0.064,0.064,1,1,True,2,2,False,True,True,True,True,1010.0,1090.0,670.0,188,1880.0,230,2300.0,0.94332227409534,0.2264115667258649,0.015193941592938073,8.968048095703125,0.08879255540300124,0.5850121323019266,0.16684084755566841,True,1,0.90925726285887,0.90925726285887,-0.35925726285886994,8.968048095703125,0.13795214927474164
389,389,0.064,-0.064,0,0,False,1,1,False,True,True,True,False,880.0,1050.0,570.0,165,1650.0,213,2130.0,0.6943186513702625,0.02776330198120863,-0.04066941186938661,3.790708065032959,0.04307622801173817,0.4785623997449875,0.0,True,0,0.8741640467966116,0.8741640467966116,-0.3241640467966116,3.790708065032959,0.0
390,390,0.0,0.0,1,1,True,1,1,False,True,False,False,True,1000.0,1150.0,530.0,173,1730.0,235,2350.0,0.3487835380402493,0.026555639361069153,0.07330262738185268,1.5499712228775024,0.015499712228775024,0.32620373368263245,0.2760299416475489,False,0,0.7398172420363511,0.7398172420363511,-0.18981724203635109,1.5499712228775024,0.7378251100761207
391,391,0.128,-0.128,0,0,False,1,1,False,True,True,True,False,840.0,950.0,560.0,160,1600.0,199,1990.0,0.9516153798313178,0.27278885210073023,-0.03130342918448671,8.333120346069336,0.09920381364368257,0.7657688558101654,0.0,True,0,0.9676319299768472,0.9676319299768472,-0.41763192997684717,8.333120346069336,0.0
392,392,0.064,-0.064,0,0,True,1,1,False,True,True,True,True,930.0,1120.0,600.0,173,1730.0,225,2250.0,0.8031471916543595,0.11372840054277175,-0.16784050610228707,7.0929741859436035,0.07626853963380219,0.9719650354236364,0.1412916564522666,True,0,0.9866435474255073,0.9866435474255073,-0.43664354742550726,7.0929741859436035,0.13810770463562838
393,393,0.0,-0.0,0,0,True,2,2,False,True,False,False,True,420.0,1110.0,650.0,127,1270.0,173,1730.0,0.33737061836308735,0.017332020301488706,0.04676627784394865,0.43483129143714905,0.010353125986598787,0.16475437581539154,0.29355228838107594,True,0,0.7213106216778917,0.7213106216778917,-0.17131062167789168,0.43483129143714905,0.8628777434993775
394,394,0.064,-0.064,0,0,False,1,1,False,True,True,True,False,1130.0,980.0,550.0,188,1880.0,231,2310.0,0.9639039565739753,0.2839162945633657,-0.10889734946787004,6.441722393035889,0.05700639285872468,0.5938400030136108,0.0,True,0,0.9005461713773014,0.9005461713773014,-0.3505461713773014,6.441722393035889,0.0
395,395,0.032,-0.032,0,0,True,1,1,False,True,True,True,True,1110.0,1100.0,500.0,181,1810.0,241,2410.0,0.30738580129310117,0.04977873988913032,-0.03779795222285705,3.1771793365478516,0.028623237266196862,0.4338230639696121,0.22105897632457006,True,0,0.8086384647508287,0.8086384647508287,-0.25863846475082863,3.1771793365478516,0.1992783433995779
396,396,0.512,0.512,1,1,False,2,2,False,True,True,True,False,1110.0,1070.0,730.0,204,2040.0,238,2380.0,0.9783926870097598,0.9107155887996569,0.06510315828000932,53.124061584472656,0.4785951494096636,0.9393975138664246,0.0,True,1,0.9806455907424554,0.9806455907424554,-0.43064559074245534,53.124061584472656,0.0
397,397,0.256,0.256,1,1,False,2,2,False,True,True,True,False,1050.0,1080.0,630.0,188,1880.0,233,2330.0,0.9926852714686204,0.6492231608281149,-0.04590375616976577,24.8198299407959,0.23637933276948475,0.9099549353122711,0.0,True,1,0.9792239661600461,0.9792239661600461,-0.4292239661600461,24.8198299407959,0.0
398,398,0.128,0.128,1,1,True,2,2,False,True,True,True,True,490.0,1080.0,730.0,142,1420.0,177,1770.0,0.7581719287261433,0.013668217218213149,-0.07118894802082158,4.796732425689697,0.09789249848346321,0.5764550000894815,0.15284969822104216,True,1,0.9473221554846154,0.9473221554846154,-0.39732215548461536,4.796732425689697,0.14253939120224496
399,399,0.032,0.032,1,1,True,2,2,False,True,True,True,True,400.0,1010.0,610.0,121,1210.0,161,1610.0,0.3410780152646906,0.025761806293846553,-0.052643230937710554,2.949286937713623,0.07373217344284058,0.2471591681241989,0.22781912808323002,True,1,0.7989866884283707,0.7989866884283707,-0.24898668842837068,2.949286937713623,0.23060534005128408
