trial_index,dataset_index,student_action_objective,true_direction,dir_choice,sure_available,teacher_sure_strength,target_fixation,target_left,target_right,target_sure,teacher_preferred_action,target_action_margin,raw_post_go_fixation,raw_post_go_left,raw_post_go_right,raw_post_go_sure,predicted_fixation,predicted_left,predicted_right,predicted_sure,p_left,p_right,p_sure,predicted_correct_direction,predicted_incorrect_direction,predicted_action_margin,final_argmax_choice,action_argmax_choice,stimulus_coherence,stimulus_duration_ms,internal_margin,empirical_p_correct,delta_value
0,0,categorical_soft,0,0,False,0.0,0.0,1.0,0.0,0.0,1,-1.0,0.3862272936802989,7.006737525326429,-2.9486548097544913,-2.176420353977332,0.3862272936802989,0.9998462878420578,4.792948839936558e-05,0.000105782669542748,0.9998462878420578,4.792948839936558e-05,0.000105782669542748,0.9998462878420578,4.792948839936558e-05,-0.999740505172515,1,1,0.512,940.0,1.0484288111329079,0.9906774506351905,-0.4406774506351905
1,1,categorical_soft,0,0,True,0.20536326275014355,0.0,0.7946367263793945,0.0,0.20536325871944427,1,-0.5892734676599503,0.41626232164029336,0.19179781976474844,-0.3167945883340074,0.31149460227384534,0.41626232164029336,0.3664842545769432,0.22046037733507676,0.41305536808798005,0.3664842545769432,0.22046037733507676,0.41305536808798005,0.3664842545769432,0.22046037733507676,0.04657111351103682,3,3,0.0,890.0,0.4134471267461777,0.8328962506168242,-0.2828962506168241
2,2,categorical_soft,1,1,True,0.1627092707452713,0.0,0.0,0.8372907042503357,0.16270926594734192,2,-0.6745814383029938,0.3722750434396652,-2.071198654057846,1.7364862696478078,0.5447845922962491,0.3722750434396652,0.01677255578150898,0.7539128003003828,0.22931464391810813,0.01677255578150898,0.7539128003003828,0.22931464391810813,0.7539128003003828,0.01677255578150898,-0.5245981563822746,2,2,0.256,510.0,0.4894590051844716,0.9196709493279273,-0.3696709493279272
3,3,categorical_soft,0,0,False,0.0,0.0,1.0,0.0,0.0,1,-1.0,0.3706028307001953,7.193889197838615,-3.6475845272372474,-1.5772388270302096,0.3706028307001953,0.9998198398085585,1.97742762612397e-05,0.00016038591518030687,0.9998198398085585,1.97742762612397e-05,0.00016038591518030687,0.9998198398085585,1.97742762612397e-05,-0.9996594538933782,1,1,0.512,960.0,1.073611468076706,0.9915539535033948,-0.44155395350339477
4,4,categorical_soft,0,0,False,0.0,0.0,1.0,0.0,0.0,1,-1.0,0.4128993166625265,4.51687221518227,-1.1396445989540953,-2.1915543734502494,0.4128993166625265,0.9952810312878215,0.0034918810281466097,0.0012270876840320378,0.9952810312878215,0.0034918810281466097,0.0012270876840320378,0.9952810312878215,0.0034918810281466097,-0.9940539436037895,1,1,0.128,1020.0,0.8045955151319504,0.9668002996095091,-0.41680029960950904
5,5,categorical_soft,0,0,True,0.1494681574748153,0.0,0.850531816482544,0.0,0.14946815371513367,1,-0.7010636627674103,0.27772204872285733,1.9011024608610043,-1.9106679077260158,0.9225892128858044,0.27772204872285733,0.7151429225725299,0.015810472106125892,0.26904660532134417,0.7151429225725299,0.015810472106125892,0.26904660532134417,0.7151429225725299,0.015810472106125892,-0.4460963172511857,1,1,0.064,1100.0,0.7740941792726517,0.9579179349019022,-0.4079179349019022
6,6,categorical_soft,0,0,False,0.0,0.0,1.0,0.0,0.0,1,-1.0,0.4392842236136139,4.249859125844478,-0.07257170185435437,-3.0760296535818865,0.4392842236136139,0.9862020424433476,0.013146137422325312,0.0006518201343270558,0.9862020424433476,0.013146137422325312,0.0006518201343270558,0.9862020424433476,0.013146137422325312,-0.9855502223090206,1,1,0.128,920.0,0.9184840470552444,0.9829027041866822,-0.4329027041866822
7,7,categorical_soft,0,0,False,0.0,0.0,1.0,0.0,0.0,1,-1.0,0.4783942324416577,0.9958473467549755,0.9429390760827634,-1.381864289941569,0.4783942324416577,0.48983710991567264,0.46449224912883735,0.04567064095549001,0.48983710991567264,0.46449224912883735,0.04567064095549001,0.48983710991567264,0.46449224912883735,-0.44416646896018264,1,1,0.0,1020.0,0.046841979026794434,0.4129663606271245,0.13703363937287555
8,8,categorical_soft,1,1,True,0.1573025373588735,0.0,0.0,0.8426974415779114,0.15730254352092743,2,-0.685394898056984,0.2738308489775196,-1.9154236294314397,1.9702776401132276,0.38816517648809234,0.2738308489775196,0.01680253622906134,0.8155214909581948,0.16767597281274382,0.01680253622906134,0.8155214909581948,0.16767597281274382,0.8155214909581948,0.01680253622906134,-0.647845518145451,2,2,0.256,470.0,0.5237435521557927,0.9342915810289389,-0.3842915810289389
9,9,categorical_soft,0,0,False,0.0,0.0,1.0,0.0,0.0,1,-1.0,0.37564329280857695,7.183804717223259,-3.439283122853252,-1.7905034009010588,0.37564329280857695,0.999844628947202,2.4598261398473512e-05,0.00013077279139934276,0.999844628947202,2.4598261398473512e-05,0.00013077279139934276,0.999844628947202,2.4598261398473512e-05,-0.9997138561558027,1,1,0.512,1010.0,1.1523869410157204,0.9938939755920116,-0.4438939755920116
10,10,categorical_soft,1,1,False,0.0,0.0,0.0,1.0,0.0,2,-1.0,0.4689960479565528,0.5191896551294846,2.004182896446767,-1.6770250627390795,0.4689960479565528,0.1809794388982592,0.7987867713801899,0.020233789721550904,0.1809794388982592,0.7987867713801899,0.020233789721550904,0.7987867713801899,0.1809794388982592,-0.7785529816586391,2,2,0.032,1170.0,0.730802558362484,0.9441724449195158,-0.39417244491951575
11,11,categorical_soft,1,1,True,0.15537181576585085,0.0,0.0,0.8446281552314758,0.15537181496620178,2,-0.689256340265274,0.23314448913687333,-1.482539945902273,1.5441569390469454,0.2768034685567479,0.23314448913687333,0.03650628548943656,0.7517728448717462,0.21172086963881723,0.03650628548943656,0.7517728448717462,0.21172086963881723,0.7517728448717462,0.03650628548943656,-0.540051975232929,2,2,0.064,560.0,0.5649214829318225,0.9398221432929741,-0.38982214329297404
12,12,categorical_soft,1,1,False,0.0,0.0,0.0,1.0,0.0,2,-1.0,0.4042346169820516,-0.568162159859144,3.175356311808961,-1.6254512551891263,0.4042346169820516,0.02294105610170075,0.9689632081659101,0.008095735732389257,0.02294105610170075,0.9689632081659101,0.008095735732389257,0.9689632081659101,0.02294105610170075,-0.9608674724335208,2,2,0.064,910.0,0.7842522263526917,0.9678326450270627,-0.41783264502706263
13,13,categorical_soft,1,1,False,0.0,0.0,0.0,1.0,0.0,2,-1.0,0.4178641654588338,-0.2380886673219972,2.5512558487167585,-1.4612351183185202,0.4178641654588338,0.056924103678173646,0.9261130310906284,0.01696286523119813,0.056924103678173646,0.9261130310906284,0.01696286523119813,0.9261130310906284,0.056924103678173646,-0.9091501658594302,2,2,0.032,460.0,0.8103487938642502,0.9832889224471807,-0.43328892244718065
14,14,categorical_soft,1,1,False,0.0,0.0,0.0,1.0,0.0,2,-1.0,0.41057730284651733,-0.4645453940091162,2.667839239613592,-1.3534397005613696,0.41057730284651733,0.04108288608138479,0.9417924960556441,0.01712461786297116,0.04108288608138479,0.9417924960556441,0.01712461786297116,0.9417924960556441,0.04108288608138479,-0.9246678781926729,2,2,0.064,490.0,0.6984655410051346,0.970371268883655,-0.42037126888365495
15,15,categorical_soft,1,1,False,0.0,0.0,0.0,1.0,0.0,2,-1.0,0.43933923383601864,-0.011180165972844814,2.066871685623132,-1.2677938172995034,0.43933923383601864,0.10780457468872542,0.8612362842641212,0.030959141047153173,0.10780457468872542,0.8612362842641212,0.030959141047153173,0.8612362842641212,0.10780457468872542,-0.8302771432169681,2,2,0.064,670.0,0.657180730602704,0.9555993270423452,-0.40559932704234514
16,16,categorical_soft,0,0,False,0.0,0.0,1.0,0.0,0.0,1,-1.0,0.45682999561561666,2.740432026160015,0.7856410376933625,-2.8200777771646406,0.45682999561561666,0.8727419474194086,0.12388765641725974,0.0033703961633316576,0.8727419474194086,0.12388765641725974,0.0033703961633316576,0.8727419474194086,0.12388765641725974,-0.8693715512560769,1,1,0.032,990.0,0.6548107713460922,0.9353335886244387,-0.38533358862443867
17,17,categorical_soft,0,0,False,0.0,0.0,1.0,0.0,0.0,1,-1.0,0.44446106066436225,4.091704905037178,0.09105772374962603,-3.111247349667078,0.44446106066436225,0.9812228435730128,0.018045022957338536,0.0007321334696487386,0.9812228435730128,0.018045022957338536,0.0007321334696487386,0.9812228435730128,0.018045022957338536,-0.9804907101033641,1,1,0.064,1160.0,0.867465652525425,0.9710154946235546,-0.4210154946235546
18,18,categorical_soft,0,0,True,0.4703194649998598,0.0,0.5296805500984192,0.0,0.4703194797039032,1,-0.05936107039451599,0.3338719264997042,0.8796966829375265,-0.741616068171166,0.39256007192483,0.3338719264997042,0.5517684806247249,0.10913558724099556,0.3390959321342797,0.5517684806247249,0.10913558724099556,0.3390959321342797,0.5517684806247249,0.10913558724099556,-0.21267254849044526,1,1,0.064,880.0,0.14334997534751892,0.5723013908026424,-0.022301390802642374
19,19,categorical_soft,0,0,True,0.15783541674977236,0.0,0.8421645760536194,0.0,0.15783542394638062,1,-0.6843291521072388,0.3935709418775086,1.4987380768656309,-0.5276479369089615,0.03149627378799234,0.3935709418775086,0.7329514811902843,0.09671280879237579,0.17033571001733988,0.7329514811902843,0.09671280879237579,0.17033571001733988,0.7329514811902843,0.09671280879237579,-0.5626157711729445,1,1,0.064,890.0,0.6218863129615784,0.9327954541479567,-0.3827954541479567
20,20,categorical_soft,0,0,True,0.1385075905024299,0.0,0.861492395401001,0.0,0.13850758969783783,1,-0.7229848057031631,0.3085983135468135,5.227568704154931,-4.993215733670915,1.7834116048233615,0.3085983135468135,0.9685018887237147,3.530884219597392e-05,0.0314628024340893,0.9685018887237147,3.530884219597392e-05,0.0314628024340893,0.9685018887237147,3.530884219597392e-05,-0.9370390862896254,1,1,0.512,940.0,1.331511277705431,0.9976637240031028,-0.4476637240031027
21,21,categorical_soft,0,0,True,0.14257556409246797,0.0,0.8574244379997253,0.0,0.14257556200027466,1,-0.7148488759994507,0.28911736720474057,1.7245361378778619,-1.6669549959868033,0.7963848988074669,0.28911736720474057,0.6996198383076087,0.02354656366301892,0.27683359802937246,0.6996198383076087,0.02354656366301892,0.27683359802937246,0.6996198383076087,0.02354656366301892,-0.4227862402782362,1,1,0.128,600.0,0.8269800916314125,0.9817964952979781,-0.43179649529797803
22,22,categorical_soft,1,1,True,0.17070501334162702,0.0,0.0,0.8292949795722961,0.17070502042770386,2,-0.6585899591445923,0.3577392027027887,-2.589030168397568,2.2257698791060094,0.7215185468189764,0.3577392027027887,0.006602506255683885,0.8125285951718112,0.18086889857250488,0.006602506255683885,0.8125285951718112,0.18086889857250488,0.8125285951718112,0.006602506255683885,-0.6316596965993063,2,2,0.256,810.0,0.5141643323004246,0.9000342722994452,-0.35003427229944517
23,23,categorical_soft,1,1,True,0.19562216334397986,0.0,0.0,0.8043778538703918,0.19562216103076935,2,-0.6087556928396225,0.43498901293593156,0.02111161521830001,-0.07738285245626668,0.1730864688631285,0.43498901293593156,0.3257725854630549,0.29515641426707223,0.379071000269873,0.3257725854630549,0.29515641426707223,0.379071000269873,0.29515641426707223,0.3257725854630549,0.08391458600280077,3,3,0.0,880.0,0.4363681795075536,0.8495365426977518,-0.29953654269775176
24,24,categorical_soft,0,0,True,0.13827039345882153,0.0,0.861729621887207,0.0,0.13827039301395416,1,-0.7234592288732529,0.25761658692927314,4.500990864080842,-3.5230608254328324,0.9363388399634693,0.25761658692927314,0.9711751696077714,0.00031823587447496975,0.028506594517753732,0.9711751696077714,0.00031823587447496975,0.028506594517753732,0.9711751696077714,0.00031823587447496975,-0.9426685750900177,1,1,0.512,670.0,1.3751744218170643,0.9986372597710848,-0.4486372597710847
25,25,categorical_soft,0,0,True,0.13827917050404648,0.0,0.8617208003997803,0.0,0.13827916979789734,1,-0.7234416306018829,0.28858415092106293,4.251505297631835,-1.6345479306564208,-0.6703056224863622,0.28858415092106293,0.9896372985373182,0.002752025660396844,0.007610675802284994,0.9896372985373182,0.002752025660396844,0.007610675802284994,0.9896372985373182,0.002752025660396844,-0.9820266227350332,1,1,0.512,490.0,1.3256772384047508,0.9986011338836283,-0.4486011338836282
26,26,categorical_soft,0,0,False,0.0,0.0,1.0,0.0,0.0,1,-1.0,0.45642202892736466,2.3129658312012213,0.7888160694881039,-2.5089976656780926,0.45642202892736466,0.8154917447527147,0.17789832791797186,0.0066099273293132406,0.8154917447527147,0.17789832791797186,0.0066099273293132406,0.8154917447527147,0.17789832791797186,-0.8088818174234015,1,1,0.032,990.0,0.6256432682275772,0.9261054418610988,-0.37610544186109873
27,27,categorical_soft,1,1,False,0.0,0.0,0.0,1.0,0.0,2,-1.0,0.4001064754653756,-1.95255793567955,3.113058350999203,-0.2984159688643749,0.4001064754653756,0.006072345999078934,0.9617052106704215,0.0322224433304996,0.006072345999078934,0.9617052106704215,0.0322224433304996,0.9617052106704215,0.006072345999078934,-0.9294827673399219,2,2,0.256,670.0,1.0143475160002708,0.9920294334782974,-0.4420294334782974
28,28,categorical_soft,1,1,True,0.15346409575472014,0.0,0.0,0.8465359210968018,0.15346409380435944,2,-0.6930718272924423,0.2537386984491529,-2.2814898533933627,2.4765994302094794,0.456296239794297,0.2537386984491529,0.007557178543313512,0.8762334801480632,0.1162093413086233,0.007557178543313512,0.8762334801480632,0.1162093413086233,0.8762334801480632,0.007557178543313512,-0.76002413883944,2,2,0.256,700.0,0.6205295249819756,0.945465008707168,-0.39546500870716794
29,29,categorical_soft,1,1,False,0.0,0.0,0.0,1.0,0.0,2,-1.0,0.3834502576300925,-1.9341645546647457,3.9391741576503256,-0.9039214063146718,0.3834502576300925,0.002784726731025723,0.9892784292342338,0.007936844034740542,0.002784726731025723,0.9892784292342338,0.007936844034740542,0.9892784292342338,0.002784726731025723,-0.9813415851994933,2,2,0.128,1110.0,0.8874989934265614,0.9751635105383551,-0.4251635105383551
30,30,categorical_soft,0,0,True,0.1382362113566537,0.0,0.8617637753486633,0.0,0.13823620975017548,1,-0.7235275655984879,0.1900729119665217,6.955409158871137,-4.698809978559121,0.37221839962877346,0.1900729119665217,0.998454710269337,8.700528100948964e-06,0.001536589202562171,0.998454710269337,8.700528100948964e-06,0.001536589202562171,0.998454710269337,8.700528100948964e-06,-0.9969181210667748,1,1,0.512,1100.0,1.502898057922721,0.9987780266649418,-0.4487780266649417
31,31,categorical_soft,1,1,True,0.1981886021193041,0.0,0.0,0.8018113970756531,0.19818860292434692,2,-0.6036227941513062,0.3724621554390518,1.1766998025998,-0.7787494144136531,0.31433400788738475,0.3724621554390518,0.6391856447920299,0.09055276589009471,0.27026158931787536,0.6391856447920299,0.09055276589009471,0.27026158931787536,0.09055276589009471,0.6391856447920299,0.17970882342778066,1,1,0.0,1080.0,0.4783298671245575,0.8450161845023628,-0.2950161845023628
32,32,categorical_soft,1,1,True,0.15878169880904897,0.0,0.0,0.8412182927131653,0.15878169238567352,2,-0.6824366003274918,0.29298165711339935,-4.051522113862123,3.67319571275097,1.177358074404582,0.29298165711339935,0.0004082250818016345,0.9234421677421315,0.07614960717606688,0.0004082250818016345,0.9234421677421315,0.07614960717606688,0.9234421677421315,0.0004082250818016345,-0.8472925605660646,2,2,0.512,1110.0,0.6674912087619305,0.930169693553761,-0.38016969355376096
33,33,categorical_soft,1,1,True,0.15452912015120251,0.0,0.0,0.8454709053039551,0.1545291244983673,2,-0.6909417808055878,0.35153472735563474,-2.1647511921846982,1.8700740328717482,0.5633546811488083,0.35153472735563474,0.013754464962335131,0.775920804032393,0.21032473100527177,0.013754464962335131,0.775920804032393,0.21032473100527177,0.775920804032393,0.013754464962335131,-0.5655960730271212,2,2,0.256,590.0,0.5813465155661106,0.9422921797796965,-0.39229217977969644
34,34,categorical_soft,1,1,True,0.1659572057517602,0.0,0.0,0.8340427875518799,0.16595721244812012,2,-0.6680855751037598,0.34891621290960056,-3.684912465786467,3.2018266897919325,1.0957672300349277,0.34891621290960056,0.0009108573025418049,0.890452957746153,0.10863618495130534,0.0009108573025418049,0.890452957746153,0.10863618495130534,0.890452957746153,0.0009108573025418049,-0.7818167727948476,2,2,0.512,980.0,0.5830800868570805,0.9114341793520553,-0.36143417935205524
35,35,categorical_soft,1,1,False,0.0,0.0,0.0,1.0,0.0,2,-1.0,0.39670017427534054,-2.072054762075529,3.2288403223377893,-0.26299639833212474,0.39670017427534054,0.00481712816940417,0.9653366169817282,0.029846254848867732,0.00481712816940417,0.9653366169817282,0.029846254848867732,0.9653366169817282,0.00481712816940417,-0.9354903621328605,2,2,0.256,740.0,0.983464740216732,0.9899279505458738,-0.43992795054587375
36,36,categorical_soft,0,0,True,0.2756396611169857,0.0,0.7243603467941284,0.0,0.2756396532058716,1,-0.44872069358825684,0.41905848307482135,-0.34302077523710806,0.1255529950722021,0.10278782376331434,0.41905848307482135,0.24033828908870447,0.3842735882011993,0.37538812271009625,0.24033828908870447,0.3842735882011993,0.37538812271009625,0.24033828908870447,0.3842735882011993,0.13504983362139178,2,2,0.0,910.0,0.30457280576229095,0.7402439727377856,-0.1902439727377856
37,37,categorical_soft,1,1,True,0.5000959869728804,0.0,0.0,0.49990400671958923,0.5000959634780884,3,0.0001919567584991455,0.4210775396331572,0.2807968834717445,-0.18671247136549482,0.18286745678048621,0.4210775396331572,0.3947947773567604,0.24730336469902553,0.3579018579442141,0.3947947773567604,0.24730336469902553,0.3579018579442141,0.24730336469902553,0.3947947773567604,0.11059849324518856,1,1,0.0,530.0,0.03898046910762787,0.549928009768958,7.199023104209612e-05
38,38,categorical_soft,0,0,True,0.13969023630715088,0.0,0.8603097796440125,0.0,0.13969023525714874,1,-0.7206195443868637,0.32252057304552595,1.567399677072816,-1.3668299866319595,0.6197326465905788,0.32252057304552595,0.6937898573028866,0.0368978358849927,0.26931230681212076,0.6937898573028866,0.0368978358849927,0.26931230681212076,0.6937898573028866,0.0368978358849927,-0.4244775504907658,1,1,0.128,420.0,0.9765269681811333,0.9928931070173358,-0.44289310701733575
39,39,categorical_soft,1,1,True,0.1427231677156029,0.0,0.0,0.8572768568992615,0.1427231729030609,2,-0.7145536839962006,0.23668849178383383,-2.933435706807411,2.8922742879561056,0.7531969559860325,0.23668849178383383,0.002637192102423309,0.892273384350051,0.10508942354752593,0.002637192102423309,0.892273384350051,0.10508942354752593,0.892273384350051,0.002637192102423309,-0.7871839608025251,2,2,0.256,1000.0,0.9189697876572609,0.9812481310873736,-0.4312481310873736
40,40,categorical_soft,1,1,True,0.1449283766718838,0.0,0.0,0.8550716042518616,0.14492838084697723,2,-0.7101432234048843,0.24212758255514238,-3.3424203046508145,3.236812582190738,0.8954225365019264,0.24212758255514238,0.0012670893720966698,0.9110812880994985,0.08765162252840472,0.0012670893720966698,0.9110812880994985,0.08765162252840472,0.9110812880994985,0.0012670893720966698,-0.8234296655710938,2,2,0.512,780.0,0.7911144569516182,0.9732614526724147,-0.42326145267241466
41,41,categorical_soft,0,0,False,0.0,0.0,1.0,0.0,0.0,1,-1.0,0.42734844702543484,4.5195905854729626,-0.5399081196791615,-2.8100620995762875,0.42734844702543484,0.9930127852280755,0.006331043387479603,0.0006561713844446329,0.9930127852280755,0.006331043387479603,0.0006561713844446329,0.9930127852280755,0.006331043387479603,-0.9923566138436308,1,1,0.128,1110.0,0.8105276525020599,0.9641567331433587,-0.41415673314335866
42,42,categorical_soft,1,1,True,0.18386932635116243,0.0,0.0,0.8161306977272034,0.18386933207511902,2,-0.6322613656520844,0.39759484406587103,-0.33043801936213024,0.1481152273304525,0.10136413593623372,0.39759484406587103,0.24067557528561734,0.38865368451002547,0.37067074020435725,0.24067557528561734,0.38865368451002547,0.37067074020435725,0.38865368451002547,0.24067557528561734,-0.017982944305668214,2,2,0.032,870.0,0.47157008200883865,0.8716904059750423,-0.3216904059750423
43,43,categorical_soft,0,0,False,0.0,0.0,1.0,0.0,0.0,1,-1.0,0.46968519688499305,3.057282632718035,0.7841800468467837,-3.029808958760189,0.46968519688499305,0.9044691879140414,0.09346798825640243,0.0020628238295562003,0.9044691879140414,0.09346798825640243,0.0020628238295562003,0.9044691879140414,0.09346798825640243,-0.9024063640844852,1,1,0.064,560.0,0.5961449593305588,0.9479353693958872,-0.39793536939588714
44,44,categorical_soft,0,0,False,0.0,0.0,1.0,0.0,0.0,1,-1.0,0.4512952694939866,3.979533823503208,0.3167818764383583,-3.2299039357297894,0.4512952694939866,0.9741666655123831,0.025112496062861266,0.0007208384247554834,0.9741666655123831,0.025112496062861266,0.0007208384247554834,0.9741666655123831,0.025112496062861266,-0.9734458270876276,1,1,0.032,1090.0,0.8813283666968346,0.9750127157054449,-0.42501271570544485
45,45,categorical_soft,0,0,True,0.2042680392286863,0.0,0.7957319617271423,0.0,0.20426803827285767,1,-0.5914639234542847,0.3742974873895516,0.9543304132136912,-0.6400550518358881,0.28941603134464305,0.3742974873895516,0.5820605186564535,0.11828961622339747,0.299649865120149,0.5820605186564535,0.11828961622339747,0.299649865120149,0.5820605186564535,0.11828961622339747,-0.28241065353630446,1,1,0.064,490.0,0.3179522901773453,0.8346999382675498,-0.2846999382675498
46,46,categorical_soft,0,0,True,0.13885866885625836,0.0,0.8611413240432739,0.0,0.13885867595672607,1,-0.7222826480865479,0.3107864442927384,3.37373134951032,-3.473178759570515,1.552345564696333,0.3107864442927384,0.8597180888635446,0.0009141396869625548,0.1393677714494928,0.8597180888635446,0.0009141396869625548,0.1393677714494928,0.8597180888635446,0.0009141396869625548,-0.7203503174140518,1,1,0.256,960.0,1.238908588886261,0.9962331804667848,-0.44623318046678473
47,47,categorical_soft,1,1,True,0.1491607895783002,0.0,0.0,0.8508391976356506,0.14916078746318817,2,-0.7016784101724625,0.35407839079272313,-2.7422540592301354,2.367070644243202,0.7703800767192757,0.35407839079272313,0.0050063868570757696,0.8271093537455391,0.16788425939738508,0.0050063868570757696,0.8271093537455391,0.16788425939738508,0.8271093537455391,0.0050063868570757696,-0.659225094348154,2,2,0.512,580.0,0.6515953863272443,0.9589142773357157,-0.4089142773357156
48,48,categorical_soft,1,1,False,0.0,0.0,0.0,1.0,0.0,2,-1.0,0.3824748053946182,-1.857392393318238,4.153505203678093,-1.134937791600024,0.3824748053946182,0.002434771066276227,0.992460862840456,0.005104366093267964,0.002434771066276227,0.992460862840456,0.005104366093267964,0.992460862840456,0.002434771066276227,-0.9873564967471881,2,2,0.128,1170.0,0.9544913917779922,0.9806802795219415,-0.43068027952194143
49,49,categorical_soft,1,1,False,0.0,0.0,0.0,1.0,0.0,2,-1.0,0.3861822823187521,-1.263283672936001,3.463093125320454,-1.2221954597738762,0.3861822823187521,0.008704916119479714,0.9820639410161194,0.009231142864400929,0.008704916119479714,0.9820639410161194,0.009231142864400929,0.9820639410161194,0.008704916119479714,-0.9728327981517184,2,2,0.128,670.0,0.8650231137871742,0.9835412539954715,-0.4335412539954715
50,50,categorical_soft,0,0,True,0.17652500160833862,0.0,0.8234750032424927,0.0,0.17652499675750732,1,-0.6469500064849854,0.4197738444007383,0.23514540623317623,-0.2078867284073198,0.21785000061066434,0.4197738444007383,0.3810037590678542,0.24461290852893097,0.3743833324032147,0.3810037590678542,0.24461290852893097,0.3743833324032147,0.3810037590678542,0.24461290852893097,-0.006620426664639523,1,1,0.032,510.0,0.4125770479440689,0.8869672724728956,-0.3369672724728956
51,51,categorical_soft,1,1,True,0.14994993269699897,0.0,0.0,0.8500500917434692,0.14994993805885315,2,-0.7001001536846161,0.31172976554320697,-2.9754164888903203,2.6680408280921846,0.8291782790833366,0.31172976554320697,0.0030495540481218024,0.8600496595447096,0.13690078640716874,0.0030495540481218024,0.8600496595447096,0.13690078640716874,0.8600496595447096,0.0030495540481218024,-0.7231488731375408,2,2,0.256,1000.0,0.7418664749711752,0.9563678204530032,-0.4063678204530031
52,52,categorical_soft,0,0,True,0.13890481310209313,0.0,0.8610951900482178,0.0,0.13890480995178223,1,-0.7221903800964355,0.35333683639869806,3.2658289381654675,-3.103227209539953,1.3047126271757223,0.35333683639869806,0.8748492072743079,0.0015004797525698455,0.12365031297312201,0.8748492072743079,0.0015004797525698455,0.12365031297312201,0.8748492072743079,0.0015004797525698455,-0.7511988943011859,1,1,0.256,880.0,1.2093748897314072,0.9960460687413807,-0.44604606874138064
53,53,categorical_soft,1,1,True,0.1700814905199407,0.0,0.0,0.8299185037612915,0.1700814962387085,2,-0.659837007522583,0.21971806491852397,-0.8813867390419308,0.95940063552783,0.1159637354845047,0.21971806491852397,0.10003999547067224,0.6292348588580079,0.27072514567131994,0.10003999547067224,0.6292348588580079,0.27072514567131994,0.6292348588580079,0.10003999547067224,-0.35850971318668795,2,2,0.032,770.0,0.5076670087873936,0.9014911272737932,-0.35149112727379317
54,54,categorical_soft,1,1,False,0.0,0.0,0.0,1.0,0.0,2,-1.0,0.39006668045123394,-0.9436633545001174,3.8152115340597215,-1.7612765481209192,0.39006668045123394,0.008474071005716044,0.9877143736316052,0.003811555362678762,0.008474071005716044,0.9877143736316052,0.003811555362678762,0.9877143736316052,0.008474071005716044,-0.9839028182689264,2,2,0.064,1070.0,0.7707834392786026,0.9587128420090807,-0.40871284200908065
55,55,categorical_soft,1,1,False,0.0,0.0,0.0,1.0,0.0,2,-1.0,0.4062043564904457,-0.2945143829142563,4.426211407142928,-2.8116694977495906,0.4062043564904457,0.008824556122605149,0.9904492442346988,0.0007261996426961259,0.008824556122605149,0.9904492442346988,0.0007261996426961259,0.9904492442346988,0.008824556122605149,-0.9897230445920027,2,2,0.064,1120.0,0.8611905425786972,0.9715009364845482,-0.4215009364845481
56,56,categorical_soft,0,0,False,0.0,0.0,1.0,0.0,0.0,1,-1.0,0.39746611849095087,5.71181140463068,-2.075471335841276,-2.1186253309498766,0.39746611849095087,0.9991780787543327,0.00041736693369863074,0.00040455431196873584,0.9991780787543327,0.00041736693369863074,0.00040455431196873584,0.9991780787543327,0.00041736693369863074,-0.998773524442364,1,1,0.512,690.0,0.9768161326646805,0.990199551493082,-0.440199551493082
57,57,categorical_soft,0,0,True,0.15970363701444518,0.0,0.8402963876724243,0.0,0.15970364212989807,1,-0.6805927455425262,0.34573523057890543,0.8802482763113508,-0.7040430025793109,0.3639008584359428,0.34573523057890543,0.5548810548170942,0.1138936914695512,0.33122525371335476,0.5548810548170942,0.1138936914695512,0.33122525371335476,0.5548810548170942,0.1138936914695512,-0.2236558011037394,1,1,0.064,460.0,0.500236913561821,0.9276486484729601,-0.3776486484729601
58,58,categorical_soft,1,1,True,0.3336827505310743,0.0,0.0,0.6663172245025635,0.33368274569511414,2,-0.33263447880744934,0.3960553662116476,-0.22194369488072926,0.12808021657262103,0.08855541518329227,0.3960553662116476,0.2644405910777677,0.37513138115098504,0.36042802777124733,0.2644405910777677,0.37513138115098504,0.36042802777124733,0.37513138115098504,0.2644405910777677,-0.014703353379737716,2,2,0.032,530.0,0.15421375632286072,0.6827785006137393,-0.1327785006137393
59,59,categorical_soft,1,1,False,0.0,0.0,0.0,1.0,0.0,2,-1.0,0.3870246183198872,-1.0297664838667844,3.5035933482019352,-1.4647217922356508,0.3870246183198872,0.01056353134451464,0.9824735005396483,0.006962968115836942,0.01056353134451464,0.9824735005396483,0.006962968115836942,0.9824735005396483,0.01056353134451464,-0.9755105324238114,2,2,0.064,870.0,0.7703574150800705,0.9672025823294294,-0.4172025823294293
60,60,categorical_soft,0,0,True,0.13862414130839523,0.0,0.8613758683204651,0.0,0.1386241465806961,1,-0.722751721739769,0.2892547373689,4.281702858362474,-3.525473791633865,1.056825861832622,0.2892547373689,0.9604238700765,0.00039109176254812223,0.03918503816095191,0.9604238700765,0.00039109176254812223,0.03918503816095191,0.9604238700765,0.00039109176254812223,-0.9212388319155481,1,1,0.256,1070.0,1.3255500122904778,0.9971874450250001,-0.4471874450250001
61,61,categorical_soft,1,1,False,0.0,0.0,0.0,1.0,0.0,2,-1.0,0.37706518658287946,-2.924938399543897,4.427622868200065,-0.28889869108604305,0.37706518658287946,0.0006350303828546222,0.9903732941978017,0.008991675419343469,0.0006350303828546222,0.9903732941978017,0.008991675419343469,0.9903732941978017,0.0006350303828546222,-0.9813816187784583,2,2,0.512,870.0,0.9255192875862122,0.9844256769823115,-0.4344256769823115
62,62,categorical_soft,1,1,False,0.0,0.0,0.0,1.0,0.0,2,-1.0,0.4955639234608763,0.7118489312725367,0.8042177080568829,-1.0184716579858013,0.4955639234608763,0.43966582958678424,0.4821012108332855,0.07823295957993023,0.43966582958678424,0.4821012108332855,0.07823295957993023,0.4821012108332855,0.43966582958678424,-0.40386825125335524,2,2,0.0,980.0,0.2789652496576309,0.6978387305640433,-0.14783873056404329
63,63,categorical_soft,1,1,True,0.17366902544088542,0.0,0.0,0.8263309597969055,0.1736690253019333,2,-0.6526619344949722,0.2527972835041229,-0.22186474759098956,1.2875731191791782,-0.28653004565931517,0.2527972835041229,0.15511867152126868,0.6998889497795597,0.14499237869917153,0.15511867152126868,0.6998889497795597,0.14499237869917153,0.6998889497795597,0.15511867152126868,-0.5548965710803881,2,2,0.032,970.0,0.5385469272732735,0.8932635050298142,-0.3432635050298142
64,64,categorical_soft,1,1,True,0.4901604227321506,0.0,0.0,0.5098395943641663,0.49016043543815613,2,-0.019679158926010132,0.43263075876923063,-0.00484512946349881,-0.07143767785883616,0.1750147517205498,0.43263075876923063,0.3192833685995241,0.2986712798744059,0.38204535152606994,0.3192833685995241,0.2986712798744059,0.38204535152606994,0.2986712798744059,0.3192833685995241,0.08337407165166405,3,3,0.0,840.0,0.12118034064769745,0.5573811719932862,-0.00738117199328614
65,65,categorical_soft,1,1,False,0.0,0.0,0.0,1.0,0.0,2,-1.0,0.4839660641241775,1.4554327557060645,0.6263032528333663,-1.6210423595935457,0.4839660641241775,0.6743395992351229,0.2943137061238401,0.03134669464103694,0.6743395992351229,0.2943137061238401,0.03134669464103694,0.2943137061238401,0.6743395992351229,-0.26296701148280316,1,1,0.0,1090.0,0.4844055473804474,0.8473326432389668,-0.2973326432389668
66,66,categorical_soft,0,0,False,0.0,0.0,1.0,0.0,0.0,1,-1.0,0.3922015548136294,6.919811902871954,-2.677568282683132,-2.397941228307655,0.3922015548136294,0.9998391516724434,6.853965181033273e-05,9.230867574622452e-05,0.9998391516724434,6.853965181033273e-05,9.230867574622452e-05,0.9998391516724434,6.853965181033273e-05,-0.9997468429966971,1,1,0.512,890.0,1.2261307686567307,0.9963133969089378,-0.4463133969089378
67,67,categorical_soft,1,1,False,0.0,0.0,0.0,1.0,0.0,2,-1.0,0.3818563798382699,-1.8788571938007614,4.257345540928166,-1.1893725445187218,0.3818563798382699,0.0021502586985227626,0.9934874060410024,0.004362335260474871,0.0021502586985227626,0.9934874060410024,0.004362335260474871,0.9934874060410024,0.0021502586985227626,-0.9891250707805275,2,2,0.128,1100.0,0.8749115876853466,0.9739286109917756,-0.4239286109917756
68,68,categorical_soft,1,1,False,0.0,0.0,0.0,1.0,0.0,2,-1.0,0.385215888597514,-1.9068353881948266,3.6697303590062758,-0.7368080044981842,0.385215888597514,0.0037269761034053363,0.984062611065473,0.012210412831121623,0.0037269761034053363,0.984062611065473,0.012210412831121623,0.984062611065473,0.0037269761034053363,-0.9718521982343513,2,2,0.128,960.0,0.9685422331094742,0.9859270080561116,-0.4359270080561115
69,69,categorical_soft,0,0,False,0.0,0.0,1.0,0.0,0.0,1,-1.0,0.4534755830163838,4.1687429574322135,0.37465518175021867,-3.4374843217301816,0.4534755830163838,0.9774163514549326,0.02209718413350516,0.0004864644115624169,0.9774163514549326,0.02209718413350516,0.0004864644115624169,0.9774163514549326,0.02209718413350516,-0.9769298870433701,1,1,0.128,720.0,0.8523540496826172,0.9814357017170758,-0.4314357017170758
70,70,categorical_soft,0,0,False,0.0,0.0,1.0,0.0,0.0,1,-1.0,0.49418778443295197,0.7174731367989088,1.0459046044885965,-1.189419449323968,0.49418778443295197,0.3940958918918405,0.547134610951336,0.05876949715682348,0.3940958918918405,0.547134610951336,0.05876949715682348,0.3940958918918405,0.547134610951336,-0.335326394735017,2,2,0.0,720.0,0.44834649562835693,0.8789702181222038,-0.32897021812220373
71,71,categorical_soft,0,0,False,0.0,0.0,1.0,0.0,0.0,1,-1.0,0.47868048244329797,3.6226480631099904,0.653946882120478,-3.2736603913124425,0.47868048244329797,0.9500685870165599,0.048969152699215104,0.0009622602842250392,0.9500685870165599,0.048969152699215104,0.0009622602842250392,0.9500685870165599,0.048969152699215104,-0.9491063267323349,1,1,0.032,780.0,0.8637105077505112,0.981132042637916,-0.43113204263791594
72,72,categorical_soft,1,1,False,0.0,0.0,0.0,1.0,0.0,2,-1.0,0.3790747122353134,-1.3052909415105014,4.000971880972113,-1.567942785015363,0.3790747122353134,0.00492021715168192,0.9912234477445319,0.0038563351037864194,0.00492021715168192,0.9912234477445319,0.0038563351037864194,0.9912234477445319,0.00492021715168192,-0.9873671126407454,2,2,0.064,1100.0,0.8855261914432049,0.9752206615559437,-0.4252206615559436
73,73,categorical_soft,1,1,True,0.22352256546050314,0.0,0.0,0.7764774560928345,0.22352255880832672,2,-0.5529548972845078,0.38534938482339764,0.4398432886871104,0.05250666562194271,-0.056416279012165005,0.38534938482339764,0.43685882973334034,0.2963607390626807,0.26678043120397893,0.43685882973334034,0.2963607390626807,0.26678043120397893,0.2963607390626807,0.43685882973334034,-0.02958030785870175,1,1,0.032,1070.0,0.41934990882873535,0.805071285281604,-0.25507128528160394
74,74,categorical_soft,1,1,False,0.0,0.0,0.0,1.0,0.0,2,-1.0,0.4022746647202261,-1.5981900348522562,2.9205699931998765,-0.5088967627176597,0.4022746647202261,0.010451861652139951,0.9580073725700684,0.031540765777791885,0.010451861652139951,0.9580073725700684,0.031540765777791885,0.9580073725700684,0.010451861652139951,-0.9264666067922765,2,2,0.256,470.0,0.750457413494587,0.9774343798942589,-0.4274343798942588
75,75,categorical_soft,0,0,True,0.13853784026948351,0.0,0.8614621758460999,0.0,0.13853783905506134,1,-0.7229243367910385,0.29817764595410196,6.530468743924926,-6.768454843915896,2.557366845726795,0.29817764595410196,0.9813423065151108,1.649522321350347e-06,0.018656043962567936,0.9813423065151108,1.649522321350347e-06,0.018656043962567936,0.9813423065151108,1.649522321350347e-06,-0.9626862625525429,1,1,0.512,1130.0,1.367600105702877,0.9975399784909955,-0.44753997849099547
76,76,categorical_soft,1,1,False,0.0,0.0,0.0,1.0,0.0,2,-1.0,0.38915778027014997,-1.6472357459373352,3.417277065076463,-0.8116721221141946,0.38915778027014997,0.006189394037028116,0.9792950938377792,0.014515512125192509,0.006189394037028116,0.9792950938377792,0.014515512125192509,0.9792950938377792,0.006189394037028116,-0.9647795817125867,2,2,0.256,570.0,0.875366348773241,0.9860973961582832,-0.43609739615828313
77,77,categorical_soft,0,0,True,0.2843102796255571,0.0,0.7156897187232971,0.0,0.2843102812767029,1,-0.43137943744659424,0.43321758816660016,-0.1639791420930524,0.026182755271567115,0.11271964696737417,0.43321758816660016,0.28344253843481754,0.3428022915900382,0.3737551699751443,0.28344253843481754,0.3428022915900382,0.3737551699751443,0.28344253843481754,0.3428022915900382,0.09031263154032676,3,3,0.0,540.0,0.20403078198432922,0.7309183744348664,-0.18091837443486636
78,78,categorical_soft,0,0,False,0.0,0.0,1.0,0.0,0.0,1,-1.0,0.49599763025335697,0.7064675533382753,0.7262053445604265,-0.959500431901857,0.49599763025335697,0.4525895812776984,0.46151368844597246,0.08589673027632913,0.4525895812776984,0.46151368844597246,0.08589673027632913,0.4525895812776984,0.46151368844597246,-0.3666928510013693,2,2,0.0,620.0,0.4462731406092644,0.8902290393494401,-0.34022903934944004
79,79,categorical_soft,0,0,False,0.0,0.0,1.0,0.0,0.0,1,-1.0,0.36803653778367285,7.367298411742658,-3.810075871487095,-1.5366681175908359,0.36803653778367285,0.9998451536730087,1.4140134188955558e-05,0.00014070619280231647,0.9998451536730087,1.4140134188955558e-05,0.00014070619280231647,0.9998451536730087,1.4140134188955558e-05,-0.9997044474802065,1,1,0.512,1000.0,1.1299725770950317,0.9932690070609597,-0.4432690070609596
80,80,categorical_soft,0,0,False,0.0,0.0,1.0,0.0,0.0,1,-1.0,0.4720242666327928,3.148528687803013,0.7958889328401053,-3.1039408417428356,0.4720242666327928,0.9112457377346763,0.0869929162426362,0.0017613460226874266,0.9112457377346763,0.0869929162426362,0.0017613460226874266,0.9112457377346763,0.0869929162426362,-0.9094843917119889,1,1,0.064,800.0,0.7522460445761681,0.9670563502311729,-0.4170563502311728
81,81,categorical_soft,1,1,False,0.0,0.0,0.0,1.0,0.0,2,-1.0,0.47471281210067495,1.2625755574448652,0.7862397960544449,-1.536808189057058,0.47471281210067495,0.5944226872221763,0.3691864096017277,0.036390903176096015,0.5944226872221763,0.3691864096017277,0.036390903176096015,0.3691864096017277,0.5944226872221763,-0.3327955064256317,1,1,0.0,870.0,0.6061205714941025,0.9293726519956671,-0.37937265199566705
82,82,categorical_soft,1,1,True,0.23795408725147604,0.0,0.0,0.7620459198951721,0.23795408010482788,2,-0.5240918397903442,0.43048554072288353,0.3557949855757724,-0.017513005632436705,0.013097125145909227,0.43048554072288353,0.41696168675428913,0.2868380628207714,0.2962002504249396,0.41696168675428913,0.2868380628207714,0.2962002504249396,0.2868380628207714,0.41696168675428913,0.009362187604168182,1,1,0.0,890.0,0.35041680932044983,0.7852620969120172,-0.23526209691201716
83,83,categorical_soft,0,0,True,0.36947866635092386,0.0,0.6305213570594788,0.0,0.36947867274284363,1,-0.26104268431663513,0.4143811741007914,0.11617770698873837,0.21972080059887072,-0.07165904496083154,0.4143811741007914,0.34086777153199105,0.37714338045325113,0.2819888480147578,0.34086777153199105,0.37714338045325113,0.2819888480147578,0.34086777153199105,0.37714338045325113,-0.05887892351723323,2,2,0.0,950.0,0.22867665439844131,0.651605641655162,-0.10160564165516195
84,84,categorical_soft,1,1,False,0.0,0.0,0.0,1.0,0.0,2,-1.0,0.48048564330936216,0.2805427498211898,1.2758326391047516,-0.9526957037846678,0.48048564330936216,0.2500771974682547,0.6766354490268609,0.0732873535048844,0.2500771974682547,0.6766354490268609,0.0732873535048844,0.6766354490268609,0.2500771974682547,-0.6033480955219765,2,2,0.0,1000.0,0.550745278596878,0.8955086415069909,-0.3455086415069909
85,85,categorical_soft,1,1,False,0.0,0.0,0.0,1.0,0.0,2,-1.0,0.38421524327381607,-2.3475068633580602,3.632446041122802,-0.2786188247959357,0.38421524327381607,0.0024735150337690352,0.9776466513552264,0.019879833611004618,0.0024735150337690352,0.9776466513552264,0.019879833611004618,0.9776466513552264,0.0024735150337690352,-0.9577668177442218,2,2,0.256,930.0,0.8126536016352475,0.9712387698232933,-0.4212387698232932
86,86,categorical_soft,0,0,True,0.1401671634825094,0.0,0.8598328232765198,0.0,0.14016716182231903,1,-0.7196656614542007,0.31053468081136276,2.1461585986491647,-2.072251786455734,0.9588385614942434,0.31053468081136276,0.7574263361639827,0.0111510656657303,0.2314225981702871,0.7574263361639827,0.0111510656657303,0.2314225981702871,0.7574263361639827,0.0111510656657303,-0.5260037379936956,1,1,0.128,720.0,1.0018488429486752,0.99100729361372,-0.44100729361371993
87,87,categorical_soft,0,0,True,0.1579737808476096,0.0,0.8420262336730957,0.0,0.1579737812280655,1,-0.6840524524450302,0.3855631738125044,1.2393496757621225,-0.6991197449325222,0.23611694604208028,0.3855631738125044,0.6614741541953286,0.09532409297799566,0.24320175282667572,0.6614741541953286,0.09532409297799566,0.24320175282667572,0.6614741541953286,0.09532409297799566,-0.4182724013686529,1,1,0.128,440.0,0.5102233439683914,0.9324090586510734,-0.38240905865107333
88,88,categorical_soft,1,1,True,0.15601400032370472,0.0,0.0,0.8439859747886658,0.15601399540901184,2,-0.6879719793796539,0.18936149477312156,-1.7220390438936406,2.3574078825231837,0.13322811325097028,0.18936149477312156,0.015107323742897633,0.8887567431340153,0.096135933123087,0.015107323742897633,0.8887567431340153,0.096135933123087,0.8887567431340153,0.015107323742897633,-0.7926208100109283,2,2,0.064,920.0,0.6466557011008263,0.9379630827620945,-0.38796308276209446
89,89,categorical_soft,0,0,True,0.13867979422016208,0.0,0.8613201975822449,0.0,0.13867978751659393,1,-0.7226404100656509,0.3515002760205426,3.3139999970213694,-3.171295655718281,1.3399219608809267,0.3515002760205426,0.8764103640747315,0.0013381623093065666,0.12225147361596186,0.8764103640747315,0.0013381623093065666,0.12225147361596186,0.8764103640747315,0.0013381623093065666,-0.7541588904587696,1,1,0.512,550.0,1.1821235120296478,0.9969605032899925,-0.4469605032899925
90,90,categorical_soft,0,0,False,0.0,0.0,1.0,0.0,0.0,1,-1.0,0.40084752591944933,6.894021459629859,-2.3195397932018746,-2.758423421890506,0.40084752591944933,0.9998334695197674,0.00010058645854841772,6.594402168430723e-05,0.9998334695197674,0.00010058645854841772,6.594402168430723e-05,0.9998334695197674,0.00010058645854841772,-0.999767525498083,1,1,0.512,880.0,1.2769555374979973,0.997160080993963,-0.447160080993963
91,91,categorical_soft,0,0,True,0.1385059640391194,0.0,0.8614940643310547,0.0,0.1385059654712677,1,-0.722988098859787,0.31363162311305515,5.597716198030817,-5.896441414979071,2.3793155161101227,0.31363162311305515,0.961330805276404,9.813009337450803e-06,0.03865938171425855,0.961330805276404,9.813009337450803e-06,0.03865938171425855,0.961330805276404,9.813009337450803e-06,-0.9226714235621455,1,1,0.512,1080.0,1.366443656384945,0.9976703801408602,-0.44767038014086014
92,92,categorical_soft,1,1,False,0.0,0.0,0.0,1.0,0.0,2,-1.0,0.3880402097551098,-1.6755506118903896,3.487012759583749,-0.8334999172970916,0.3880402097551098,0.005621684607194638,0.9811071738882052,0.013271141504600148,0.005621684607194638,0.9811071738882052,0.013271141504600148,0.9811071738882052,0.005621684607194638,-0.967836032383605,2,2,0.256,560.0,0.9402712360024452,0.9899754196958969,-0.4399754196958968
93,93,categorical_soft,0,0,False,0.0,0.0,1.0,0.0,0.0,1,-1.0,0.40055701571821417,5.257580523542195,-1.822566958735388,-2.0418142159406663,0.40055701571821417,0.9984695298103293,0.0008450715183907663,0.0006853986712801147,0.9984695298103293,0.0008450715183907663,0.0006853986712801147,0.9984695298103293,0.0008450715183907663,-0.9977841311390492,1,1,0.256,1010.0,0.89406618475914,0.9786080040410493,-0.42860800404104926
94,94,categorical_soft,0,0,False,0.0,0.0,1.0,0.0,0.0,1,-1.0,0.4613698841164028,2.146679530174369,0.7354843182629864,-2.327601482275159,0.4613698841164028,0.7964482648464507,0.19440570704465976,0.009146028108889388,0.7964482648464507,0.19440570704465976,0.009146028108889388,0.7964482648464507,0.19440570704465976,-0.7873022367375613,1,1,0.032,1190.0,0.02443823218345642,0.33922723566905744,0.2107727643309426
95,95,categorical_soft,1,1,False,0.0,0.0,0.0,1.0,0.0,2,-1.0,0.4017221085442279,-1.317121936711309,2.8617152930969922,-0.7436220794102301,0.4017221085442279,0.01469537218620764,0.9588153707576401,0.026489257056152137,0.01469537218620764,0.9588153707576401,0.026489257056152137,0.9588153707576401,0.01469537218620764,-0.932326113701488,2,2,0.128,600.0,0.7799523025751114,0.9771726121679656,-0.42717261216796554
96,96,categorical_soft,1,1,False,0.0,0.0,0.0,1.0,0.0,2,-1.0,0.3883912971871786,-1.0978881014319826,3.2280431358492114,-1.2099291471216596,0.3883912971871786,0.012904365747458499,0.9753572673176016,0.011738366934939778,0.012904365747458499,0.9753572673176016,0.011738366934939778,0.9753572673176016,0.012904365747458499,-0.9636189003826618,2,2,0.128,540.0,0.7702847868204117,0.9777200244845375,-0.4277200244845375
97,97,categorical_soft,0,0,False,0.0,0.0,1.0,0.0,0.0,1,-1.0,0.4384951858153257,4.232720406736908,-0.09230065491606325,-3.0428894629273846,0.4384951858153257,0.9862029894180819,0.013111542410293522,0.0006854681716246905,0.9862029894180819,0.013111542410293522,0.0006854681716246905,0.9862029894180819,0.013111542410293522,-0.9855175212464572,1,1,0.128,850.0,0.8069951236248016,0.9730954313510861,-0.42309543135108607
98,98,categorical_soft,0,0,False,0.0,0.0,1.0,0.0,0.0,1,-1.0,0.40529464692522926,5.671337552688195,-1.7663341885394162,-2.4161636669577233,0.40529464692522926,0.999095731578781,0.000591869792304328,0.0003123986289146778,0.999095731578781,0.000591869792304328,0.0003123986289146778,0.999095731578781,0.000591869792304328,-0.9987833329498663,1,1,0.256,1130.0,0.940323144197464,0.980270773974937,-0.43027077397493696
99,99,categorical_soft,1,1,False,0.0,0.0,0.0,1.0,0.0,2,-1.0,0.39325287384251295,-2.1094009991780407,3.303274766063349,-0.2781214206161954,0.39325287384251295,0.0043207166518492565,0.9683014624996661,0.027377820848484592,0.0043207166518492565,0.9683014624996661,0.027377820848484592,0.9683014624996661,0.0043207166518492565,-0.9409236416511815,2,2,0.256,770.0,0.8457882143557072,0.9796723792946275,-0.4296723792946274
100,100,categorical_soft,0,0,True,0.3376142361206555,0.0,0.6623857617378235,0.0,0.3376142382621765,1,-0.324771523475647,0.4312015683066887,0.19618923741895894,-0.14157359539896777,0.17385033441230138,0.4312015683066887,0.3716439967790768,0.2650519829832314,0.3633040202376919,0.3716439967790768,0.2650519829832314,0.3633040202376919,0.3716439967790768,0.2650519829832314,-0.008339976541384853,1,1,0.032,440.0,0.12880773842334747,0.6792309287486062,-0.1292309287486062
101,101,categorical_soft,0,0,False,0.0,0.0,1.0,0.0,0.0,1,-1.0,0.4365101055673398,4.2584530026463305,-0.15309882309156983,-3.0018682724220733,0.4365101055673398,0.9872659583969746,0.012036961737665126,0.0006970798653602053,0.9872659583969746,0.012036961737665126,0.0006970798653602053,0.9872659583969746,0.012036961737665126,-0.9865688785316145,1,1,0.128,830.0,0.830107644200325,0.9764743892344655,-0.42647438923446546
102,102,categorical_soft,1,1,False,0.0,0.0,0.0,1.0,0.0,2,-1.0,0.38098066497586114,-3.768549098715648,4.97634703392748,0.1310159311186953,0.38098066497586114,0.00015803654239430283,0.9919368487565497,0.007905114701055987,0.00015803654239430283,0.9919368487565497,0.007905114701055987,0.9919368487565497,0.00015803654239430283,-0.9840317340554937,2,2,0.512,1170.0,0.895032768137753,0.9742936447438079,-0.4242936447438078
103,103,categorical_soft,0,0,False,0.0,0.0,1.0,0.0,0.0,1,-1.0,0.4841527727245733,1.3900670469305862,0.6350806745055564,-1.5637219907629587,0.4841527727245733,0.6567824098019694,0.30870871231867847,0.034508877879352154,0.6567824098019694,0.30870871231867847,0.034508877879352154,0.6567824098019694,0.30870871231867847,-0.6222735319226173,1,1,0.0,1100.0,0.23338864743709564,0.6150104376710481,-0.06501043767104808
104,104,categorical_soft,1,1,True,0.4096164916586834,0.0,0.0,0.5903835296630859,0.40961650013923645,2,-0.1807670295238495,0.41064244614462125,0.2205156831699803,0.7663407429847767,-0.2959497266579129,0.41064244614462125,0.301226070687388,0.5193289593014337,0.17944497001117832,0.301226070687388,0.5193289593014337,0.17944497001117832,0.5193289593014337,0.301226070687388,-0.33988398929025543,2,2,0.032,540.0,0.09940434992313385,0.618978002070126,-0.06897800207012594
105,105,categorical_soft,1,1,True,0.18887130337457675,0.0,0.0,0.8111286759376526,0.18887130916118622,2,-0.6222573667764664,0.37132060234375636,-1.4181183766154517,1.134573884091362,0.3276814364956854,0.37132060234375636,0.05115620209979943,0.655930248534353,0.29291354936584757,0.05115620209979943,0.655930248534353,0.29291354936584757,0.655930248534353,0.05115620209979943,-0.36301669916850543,2,2,0.064,550.0,0.3758755214512348,0.8619496191417857,-0.31194961914178565
106,106,categorical_soft,1,1,False,0.0,0.0,0.0,1.0,0.0,2,-1.0,0.41426062038689426,-0.35919280174656376,2.588384631390293,-1.386341108762317,0.41426062038689426,0.048971315248676095,0.933262361041372,0.01776632370995169,0.048971315248676095,0.933262361041372,0.01776632370995169,0.933262361041372,0.048971315248676095,-0.9154960373314203,2,2,0.064,500.0,0.7896378748118877,0.9806371703308566,-0.4306371703308566
107,107,categorical_soft,0,0,False,0.0,0.0,1.0,0.0,0.0,1,-1.0,0.431092082567807,4.158676222472148,-0.3057198651648524,-2.7697364249180785,0.431092082567807,0.9876098879401602,0.011417922686453986,0.0009721893733857281,0.9876098879401602,0.011417922686453986,0.0009721893733857281,0.9876098879401602,0.011417922686453986,-0.9866376985667745,1,1,0.064,1090.0,0.6760236322879791,0.9343389584901522,-0.3843389584901522
108,108,categorical_soft,1,1,False,0.0,0.0,0.0,1.0,0.0,2,-1.0,0.3874759080032232,-1.8135104798385981,3.4875196612241766,-0.6986061559751805,0.3874759080032232,0.004888867379059607,0.979954878951547,0.015156253669393596,0.004888867379059607,0.979954878951547,0.015156253669393596,0.979954878951547,0.004888867379059607,-0.9647986252821534,2,2,0.512,420.0,0.9626827612519264,0.9923966606535153,-0.44239666065351524
109,109,categorical_soft,0,0,True,0.13903218305788395,0.0,0.8609678149223328,0.0,0.13903218507766724,1,-0.7219356298446655,0.2733721241456118,4.452986158385316,-3.0541163027650953,0.5070202145762279,0.2733721241456118,0.9793581281728839,0.0005381410808660413,0.02010373074625005,0.9793581281728839,0.0005381410808660413,0.02010373074625005,0.9793581281728839,0.0005381410808660413,-0.9592543974266339,1,1,0.256,1090.0,1.2358582559973001,0.9955306831056581,-0.445530683105658
110,110,categorical_soft,1,1,False,0.0,0.0,0.0,1.0,0.0,2,-1.0,0.4540029926513614,0.07062838063208177,1.7533031288549856,-1.1071268358426334,0.4540029926513614,0.14946437536233637,0.8041146983504369,0.04642092628722679,0.14946437536233637,0.8041146983504369,0.04642092628722679,0.8041146983504369,0.14946437536233637,-0.7576937720632101,2,2,0.032,490.0,0.6406727135181427,0.9610210045554824,-0.4110210045554824
111,111,categorical_soft,1,1,False,0.0,0.0,0.0,1.0,0.0,2,-1.0,0.41621380282202425,-0.4778287599962182,2.2765825115194405,-1.067227856780398,0.41621380282202425,0.05790632849493893,0.9095596807558317,0.032533990749229455,0.05790632849493893,0.9095596807558317,0.032533990749229455,0.9095596807558317,0.05790632849493893,-0.8770256900066022,2,2,0.032,600.0,0.29688987880945206,0.7995060550026047,-0.2495060550026047
112,112,categorical_soft,1,1,True,0.1814254125808215,0.0,0.0,0.8185746073722839,0.18142540752887726,2,-0.6371491998434067,0.2690721250332597,-2.099353284915368,2.005656685781789,0.5095048236889185,0.2690721250332597,0.01331136054672007,0.8060644662543839,0.180624173198896,0.01331136054672007,0.8060644662543839,0.180624173198896,0.8060644662543839,0.01331136054672007,-0.6254402930554879,2,2,0.064,1090.0,0.5347029687836766,0.8766373137828818,-0.32663731378288174
113,113,categorical_soft,0,0,False,0.0,0.0,1.0,0.0,0.0,1,-1.0,0.47187075835390646,4.005250000241936,0.6797136988002035,-3.5889213791878545,0.47187075835390646,0.9646879132908968,0.034826382452689084,0.0004857042564140798,0.9646879132908968,0.034826382452689084,0.0004857042564140798,0.9646879132908968,0.034826382452689084,-0.9642022090344827,1,1,0.128,740.0,0.859238401055336,0.9816118736481374,-0.43161187364813736
114,114,categorical_soft,0,0,True,0.1397140909595591,0.0,0.8602859377861023,0.0,0.1397140920162201,1,-0.7205718457698822,0.3310906120083529,2.8969469562105217,-1.9054358245030194,0.5180384718766725,0.3310906120083529,0.9068600752954357,0.0074496899683094255,0.08569023473625491,0.9068600752954357,0.0074496899683094255,0.08569023473625491,0.9068600752954357,0.0074496899683094255,-0.8211698405591807,1,1,0.128,1110.0,1.143107857555151,0.992798274687235,-0.442798274687235
115,115,categorical_soft,0,0,False,0.0,0.0,1.0,0.0,0.0,1,-1.0,0.45879019859170506,4.0641974559552505,0.49854730308327594,-3.468289544598042,0.45879019859170506,0.9718772247865358,0.027602371493438645,0.0005204037200256162,0.9718772247865358,0.027602371493438645,0.0005204037200256162,0.9718772247865358,0.027602371493438645,-0.9713568210665102,1,1,0.256,400.0,0.8786294907331467,0.9888229953165317,-0.4388229953165317
116,116,categorical_soft,0,0,True,0.13828874431963267,0.0,0.8617112636566162,0.0,0.13828875124454498,1,-0.7234225124120712,0.2510805410486665,4.433986705879598,-2.9615424747723695,0.47063176122917627,0.2510805410486665,0.9795892764716074,0.0006019925117436893,0.019808731016648828,0.9795892764716074,0.0006019925117436893,0.019808731016648828,0.9795892764716074,0.0006019925117436893,-0.9597805454549586,1,1,0.512,690.0,1.3690884998068213,0.9985617374980715,-0.4485617374980715
117,117,categorical_soft,1,1,True,0.3776829839284971,0.0,0.0,0.6223170161247253,0.37768298387527466,2,-0.24463403224945068,0.23383179962401573,-0.2624099304316501,0.8669820183123736,-0.12888086503597984,0.23383179962401573,0.1914926968271425,0.5903885662552658,0.21811873691759165,0.1914926968271425,0.5903885662552658,0.21811873691759165,0.5903885662552658,0.1914926968271425,-0.37226982933767416,2,2,0.032,1090.0,0.25692538917064667,0.6447691894907673,-0.09476918949076729
118,118,categorical_soft,0,0,False,0.0,0.0,1.0,0.0,0.0,1,-1.0,0.4937901881411001,0.6712154666159174,1.1755753557080908,-1.2342976995713166,0.4937901881411001,0.35654202822221637,0.5902185319272306,0.053239439850553086,0.35654202822221637,0.5902185319272306,0.053239439850553086,0.35654202822221637,0.5902185319272306,-0.3033025883716633,2,2,0.0,530.0,0.14550048112869263,0.6734340588596291,-0.1234340588596291
119,119,categorical_soft,1,1,False,0.0,0.0,0.0,1.0,0.0,2,-1.0,0.43246365003799025,0.03622081755871316,2.4350834880357057,-1.5811218619752547,0.43246365003799025,0.08189591816033744,0.9017003830998173,0.016403698739845263,0.08189591816033744,0.9017003830998173,0.016403698739845263,0.9017003830998173,0.08189591816033744,-0.885296684359972,2,2,0.032,1020.0,0.7461745217442513,0.9562448127595157,-0.4062448127595156
120,120,categorical_soft,0,0,False,0.0,0.0,1.0,0.0,0.0,1,-1.0,0.4514375600332075,4.023050663609,0.3199550207138907,-3.268163588156905,0.4514375600332075,0.9751892809916294,0.024145722705066854,0.0006649963033036666,0.9751892809916294,0.024145722705066854,0.0006649963033036666,0.9751892809916294,0.024145722705066854,-0.9745242846883257,1,1,0.064,1140.0,0.8811020478606224,0.9734726540334536,-0.4234726540334536
121,121,categorical_soft,1,1,False,0.0,0.0,0.0,1.0,0.0,2,-1.0,0.4583336560980471,0.28113265481307675,1.856018320615902,-1.3613296252777416,0.4583336560980471,0.1659768406556352,0.8016726005817884,0.032350558762576455,0.1659768406556352,0.8016726005817884,0.032350558762576455,0.8016726005817884,0.1659768406556352,-0.7693220418192119,2,2,0.032,1030.0,0.44420781126245856,0.8304270220552399,-0.28042702205523984
122,122,categorical_soft,0,0,False,0.0,0.0,1.0,0.0,0.0,1,-1.0,0.47560567015495153,1.6931660731957798,0.7356124241841412,-1.9265215220532155,0.47560567015495153,0.7087637381927363,0.2720914650678793,0.019144796739384372,0.7087637381927363,0.2720914650678793,0.019144796739384372,0.7087637381927363,0.2720914650678793,-0.6896189414533519,1,1,0.032,770.0,0.5590284466743469,0.921742720182926,-0.371742720182926
123,123,categorical_soft,1,1,False,0.0,0.0,0.0,1.0,0.0,2,-1.0,0.41107640404113066,-0.3685645820802464,3.254908315593115,-1.8543671219339952,0.41107640404113066,0.025843817540219537,0.9682174381715274,0.005938744288252905,0.025843817540219537,0.9682174381715274,0.005938744288252905,0.9682174381715274,0.025843817540219537,-0.9622786938832745,2,2,0.064,970.0,0.8382994756102562,0.9733338173655368,-0.42333381736553677
124,124,categorical_soft,1,1,False,0.0,0.0,0.0,1.0,0.0,2,-1.0,0.4122116196616871,-0.3413067834608531,3.1921719904559023,-1.8326337074505639,0.4122116196616871,0.028193914843835877,0.9653647326768553,0.006441352479308766,0.028193914843835877,0.9653647326768553,0.006441352479308766,0.9653647326768553,0.028193914843835877,-0.9589233801975465,2,2,0.064,900.0,0.7135881632566452,0.9555940568279244,-0.4055940568279244
125,125,categorical_soft,1,1,True,0.5794127886650615,0.0,0.0,0.4205872118473053,0.5794128179550171,3,0.1588256061077118,0.44191898132593055,0.014752313209445655,-0.10795278634397054,0.1983603094369802,0.44191898132593055,0.3240891608496351,0.28665760149643726,0.3892532376539276,0.3240891608496351,0.28665760149643726,0.3892532376539276,0.28665760149643726,0.3240891608496351,0.10259563615749034,3,3,0.0,630.0,0.014298170804977417,0.489638852732902,0.06036114726709807
126,126,categorical_soft,0,0,False,0.0,0.0,1.0,0.0,0.0,1,-1.0,0.4751004778058979,3.3653209266847215,0.8287138483126653,-3.286160759603695,0.4751004778058979,0.9252615098704915,0.07353876345113108,0.001199726678377531,0.9252615098704915,0.07353876345113108,0.001199726678377531,0.9252615098704915,0.07353876345113108,-0.924061783192114,1,1,0.064,710.0,0.7786474227905273,0.9738569134677411,-0.423856913467741
127,127,categorical_soft,1,1,True,0.14917704361324657,0.0,0.0,0.8508229851722717,0.14917704463005066,2,-0.7016459405422211,0.25650942442027,-2.4327530784991334,2.4182088384085167,0.5796059641163473,0.25650942442027,0.006717612805877235,0.8569437447577506,0.13633864243637225,0.006717612805877235,0.8569437447577506,0.13633864243637225,0.8569437447577506,0.006717612805877235,-0.7206051023213783,2,2,0.256,800.0,0.7053017374128103,0.9588614438144833,-0.4088614438144833
128,128,categorical_soft,0,0,False,0.0,0.0,1.0,0.0,0.0,1,-1.0,0.42250402833725065,4.771111052104254,-0.8318988632153521,-2.704412896900423,0.42250402833725065,0.9957432825839888,0.0036866525484808206,0.0005700648675303078,0.9957432825839888,0.0036866525484808206,0.0005700648675303078,0.9957432825839888,0.0036866525484808206,-0.9951732177164585,1,1,0.256,810.0,0.9328049719333649,0.9859995425646517,-0.4359995425646517
129,129,categorical_soft,1,1,False,0.0,0.0,0.0,1.0,0.0,2,-1.0,0.4766616711421971,0.31368649301350304,1.3885669489623422,-1.0609583177243955,0.4766616711421971,0.23899437990676456,0.700193234426529,0.060812385666706346,0.23899437990676456,0.700193234426529,0.060812385666706346,0.700193234426529,0.23899437990676456,-0.6393808487598227,2,2,0.0,740.0,0.4401589300541673,0.8719570289551434,-0.32195702895514333
130,130,categorical_soft,0,0,True,0.13932300532074077,0.0,0.8606770038604736,0.0,0.13932301104068756,1,-0.7213539928197861,0.36094723405337437,3.037262374133589,-2.7196106530478676,1.1037574496514826,0.36094723405337437,0.8705384000255341,0.0027537815615504323,0.1267078184129153,0.8705384000255341,0.0027537815615504323,0.1267078184129153,0.8705384000255341,0.0027537815615504323,-0.7438305816126187,1,1,0.256,760.0,1.1072956509888172,0.9943598641772323,-0.4443598641772323
131,131,categorical_soft,1,1,True,0.26710387641292066,0.0,0.0,0.7328961491584778,0.2671038806438446,2,-0.4657922685146332,0.44364644807344733,-0.11327299113115079,-0.004975083119638708,0.1251351557418066,0.44364644807344733,0.29555980718145325,0.32936006770022314,0.3750801251183236,0.29555980718145325,0.32936006770022314,0.3750801251183236,0.32936006770022314,0.29555980718145325,0.04572005741810048,3,3,0.0,450.0,0.20189611613750458,0.7497536010137897,-0.1997536010137897
132,132,categorical_soft,1,1,True,0.1942978501231068,0.0,0.0,0.8057021498680115,0.19429785013198853,2,-0.611404299736023,0.40352639110868155,0.020392711681459653,0.40743294140992176,-0.09743678084996339,0.40352639110868155,0.2982114990706799,0.437649714554089,0.2641387863752311,0.2982114990706799,0.437649714554089,0.2641387863752311,0.437649714554089,0.2982114990706799,-0.17351092817885794,2,2,0.0,450.0,0.33466777577996254,0.8519102310008333,-0.30191023100083325
133,133,categorical_soft,1,1,True,0.1479900162383735,0.0,0.0,0.8520100116729736,0.14799001812934875,2,-0.7040199935436249,0.2111230502808104,-2.9581819195466386,3.205699985715628,0.6438689770572329,0.2111230502808104,0.0019559253081079804,0.9265427088473268,0.07150136584456519,0.0019559253081079804,0.9265427088473268,0.07150136584456519,0.9265427088473268,0.0019559253081079804,-0.8550413430027616,2,2,0.256,1060.0,0.7902041841298342,0.9627634908850646,-0.4127634908850646
134,134,categorical_soft,1,1,False,0.0,0.0,0.0,1.0,0.0,2,-1.0,0.3849844061986647,-1.933938751145071,3.631625149594588,-0.6831819633300565,0.3849844061986647,0.0037636124181637254,0.9828713245972086,0.013365062984627737,0.0037636124181637254,0.9828713245972086,0.013365062984627737,0.9828713245972086,0.0037636124181637254,-0.9695062616125809,2,2,0.512,420.0,0.9185963869094849,0.9905750027375144,-0.4405750027375144
135,135,categorical_soft,1,1,False,0.0,0.0,0.0,1.0,0.0,2,-1.0,0.38688943986155533,-1.1498833979311005,3.3363653507232875,-1.2390173551441466,0.38688943986155533,0.011030235434550811,0.9787011713910877,0.010268593174361748,0.011030235434550811,0.9787011713910877,0.010268593174361748,0.9787011713910877,0.011030235434550811,-0.9684325782167259,2,2,0.128,550.0,0.8471453636884689,0.9844363066557632,-0.43443630665576316
136,136,categorical_soft,1,1,False,0.0,0.0,0.0,1.0,0.0,2,-1.0,0.3940890431947355,-0.8552274978998795,3.293720789913794,-1.4651961947603689,0.3940890431947355,0.015411173552302431,0.9760702852791617,0.008518541168535823,0.015411173552302431,0.9760702852791617,0.008518541168535823,0.9760702852791617,0.015411173552302431,-0.9675517441106259,2,2,0.064,710.0,0.8296653404831886,0.9795348113878266,-0.42953481138782657
137,137,categorical_soft,1,1,False,0.0,0.0,0.0,1.0,0.0,2,-1.0,0.38071608427696085,-2.850531030275099,3.9850583189971345,-0.0408443563902726,0.38071608427696085,0.0010550131705372293,0.9811771219688966,0.017767864860566134,0.0010550131705372293,0.9811771219688966,0.017767864860566134,0.9811771219688966,0.0010550131705372293,-0.9634092571083305,2,2,0.256,1170.0,0.9370100349187851,0.9789839075363657,-0.4289839075363656
138,138,categorical_soft,0,0,False,0.0,0.0,1.0,0.0,0.0,1,-1.0,0.44403298232930793,4.287443070258358,0.05683723316603688,-3.2337172110175145,0.44403298232930793,0.9850676440665971,0.014397155748489853,0.000535200184913032,0.9850676440665971,0.014397155748489853,0.000535200184913032,0.9850676440665971,0.014397155748489853,-0.984532443881684,1,1,0.256,520.0,0.7035814672708511,0.9700524971125286,-0.42005249711252857
139,139,categorical_soft,0,0,True,0.5633984061695912,0.0,0.43660157918930054,0.0,0.5633984208106995,3,0.12679684162139893,0.3856963702562849,-0.22843912384745746,0.13538313618701076,0.09040836324041848,0.3856963702562849,0.26224686592771496,0.37726053121591535,0.36049260285636964,0.26224686592771496,0.37726053121591535,0.36049260285636964,0.26224686592771496,0.37726053121591535,0.09824573692865468,2,2,0.032,550.0,0.004771977663040161,0.5020469266401053,0.04795307335989474
140,140,categorical_soft,0,0,True,0.20074126903059886,0.0,0.7992587089538574,0.0,0.20074127614498138,1,-0.598517432808876,0.38642888397493674,1.144807000433269,-0.67437106489337,0.24867503101980248,0.38642888397493674,0.6364114585725845,0.10332098748126887,0.26026755394614653,0.6364114585725845,0.10332098748126887,0.26026755394614653,0.6364114585725845,0.10332098748126887,-0.376143904626438,1,1,0.032,910.0,0.42986413836479187,0.8406197921304861,-0.29061979213048605
141,141,categorical_soft,0,0,True,0.13822393699639696,0.0,0.8617760539054871,0.0,0.13822393119335175,1,-0.7235521227121353,0.26198560046345276,4.5140549287763125,-3.3194976617028225,0.7252576815599798,0.26198560046345276,0.9764226219381873,0.00038702766955356365,0.02319035039225909,0.9764226219381873,0.00038702766955356365,0.02319035039225909,0.9764226219381873,0.00038702766955356365,-0.9532322715459282,1,1,0.256,1090.0,1.5090577974915504,0.9988286034420863,-0.4488286034420863
142,142,categorical_soft,0,0,True,0.1386426140440054,0.0,0.8613573908805847,0.0,0.13864260911941528,1,-0.7227147817611694,0.28359478495825446,3.5901946157261135,-2.42404800147203,0.5474619090935613,0.28359478495825446,0.9508159276162592,0.0023245013113991878,0.04685957107234159,0.9508159276162592,0.0023245013113991878,0.04685957107234159,0.9508159276162592,0.0023245013113991878,-0.9039563565439176,1,1,0.512,520.0,1.1852051876485348,0.9971120824108168,-0.4471120824108168
143,143,categorical_soft,1,1,False,0.0,0.0,0.0,1.0,0.0,2,-1.0,0.3902952134155562,-1.5011514317721777,3.3368387443307634,-0.8983081824606123,0.3902952134155562,0.007751618128340363,0.9778426251141783,0.014405756757481371,0.007751618128340363,0.9778426251141783,0.014405756757481371,0.9778426251141783,0.007751618128340363,-0.963436868356697,2,2,0.128,820.0,0.8714949004352093,0.9809465115266203,-0.4309465115266202
144,144,categorical_soft,0,0,True,0.6047506896738587,0.0,0.39524930715560913,0.0,0.6047506928443909,3,0.20950138568878174,0.385314272001697,-0.22558322116853077,0.14043568072923732,0.08815108735201489,0.385314272001697,0.2625347263329288,0.37846093620043797,0.35900433746663324,0.2625347263329288,0.37846093620043797,0.35900433746663324,0.2625347263329288,0.37846093620043797,0.09646961113370445,2,2,0.0,930.0,0.0715331882238388,0.46956332434263837,0.08043667565736168
145,145,categorical_soft,0,0,False,0.0,0.0,1.0,0.0,0.0,1,-1.0,0.4832345830895289,0.2439986392371308,1.1783206818455443,-0.8517158187820482,0.4832345830895289,0.25760082407086865,0.6557937087999127,0.0866054671292186,0.25760082407086865,0.6557937087999127,0.0866054671292186,0.25760082407086865,0.6557937087999127,-0.17099535694165005,2,2,0.0,720.0,0.18114810436964035,0.6614705638313395,-0.11147056383133946
146,146,categorical_soft,1,1,True,0.1519203241885233,0.0,0.0,0.8480796813964844,0.15192031860351562,2,-0.6961593627929688,0.3169571285136506,-1.204069462427817,1.0219141811044903,0.2435502092716792,0.3169571285136506,0.06895699852095258,0.6379894520144627,0.29305354946458473,0.06895699852095258,0.6379894520144627,0.29305354946458473,0.6379894520144627,0.06895699852095258,-0.34493590254987794,2,2,0.032,760.0,0.654623880982399,0.9501698761583731,-0.4001698761583731
147,147,categorical_soft,0,0,True,0.14111425726669852,0.0,0.8588857650756836,0.0,0.1411142498254776,1,-0.717771515250206,0.4262768504669666,1.6166462184494428,0.07348095573848723,-0.5743088291937813,0.4262768504669666,0.7537872800347739,0.16113859444794562,0.08507412551728041,0.7537872800347739,0.16113859444794562,0.08507412551728041,0.7537872800347739,0.16113859444794562,-0.6687131545174935,1,1,0.064,550.0,0.8895179703831673,0.9873244413996682,-0.4373244413996682
148,148,categorical_soft,0,0,False,0.0,0.0,1.0,0.0,0.0,1,-1.0,0.4324209282038603,4.539970041687221,-0.34962864593864745,-3.0207107703223435,0.4324209282038603,0.9919822477630289,0.007497932574203429,0.0005198196627677357,0.9919822477630289,0.007497932574203429,0.0005198196627677357,0.9919822477630289,0.007497932574203429,-0.9914624281002612,1,1,0.256,640.0,0.9410156607627869,0.989011461538332,-0.4390114615383319
149,149,categorical_soft,1,1,False,0.0,0.0,0.0,1.0,0.0,2,-1.0,0.38660205720854346,-3.5189510767632455,4.418846301738876,0.2957611256301503,0.38660205720854346,0.000351222805855533,0.983514120366739,0.01613465682740528,0.000351222805855533,0.983514120366739,0.01613465682740528,0.983514120366739,0.000351222805855533,-0.9673794635393338,2,2,0.512,1010.0,0.884843185544014,0.9776384682656628,-0.42763846826566276
150,150,categorical_soft,1,1,True,0.2515553254723077,0.0,0.0,0.748444676399231,0.25155532360076904,2,-0.4968893527984619,0.4149604267548739,0.3247038354497861,-0.014836345925778155,0.03002059005957054,0.4149604267548739,0.4070203306874758,0.2896278577296919,0.3033518115828323,0.4070203306874758,0.2896278577296919,0.3033518115828323,0.2896278577296919,0.4070203306874758,0.013723953853140403,1,1,0.0,1140.0,0.39154666662216187,0.76804389163125,-0.21804389163124993
151,151,categorical_soft,1,1,True,0.16508592190326005,0.0,0.0,0.8349140882492065,0.16508592665195465,2,-0.6698281615972519,0.3135121501225405,-1.3656394649665253,1.2099558364528311,0.26814800570317515,0.3135121501225405,0.05198369444656664,0.6819740309879843,0.26604227456544915,0.05198369444656664,0.6819740309879843,0.26604227456544915,0.6819740309879843,0.05198369444656664,-0.4159317564225351,2,2,0.064,450.0,0.4585789884440601,0.9136067979112812,-0.36360679791128114
152,152,categorical_soft,0,0,True,0.13982705296845277,0.0,0.8601729273796082,0.0,0.13982705771923065,1,-0.7203458696603775,0.35906807198978796,2.8043216227098817,-2.5260656547214624,1.0535496629272518,0.35906807198978796,0.8479190244398296,0.004107810149539146,0.14797316541063138,0.8479190244398296,0.004107810149539146,0.14797316541063138,0.8479190244398296,0.004107810149539146,-0.6999458590291983,1,1,0.256,680.0,1.0252197608351707,0.9923499347600208,-0.4423499347600207
153,153,categorical_soft,1,1,False,0.0,0.0,0.0,1.0,0.0,2,-1.0,0.38648627733784563,-1.1481741150034837,3.3568777890481236,-1.2549335134603932,0.38648627733784563,0.01083105239848839,0.9792611455008304,0.00990780210068117,0.01083105239848839,0.9792611455008304,0.00990780210068117,0.9792611455008304,0.01083105239848839,-0.9693533434001492,2,2,0.128,570.0,0.8900863528251648,0.9870548531058613,-0.43705485310586123
154,154,categorical_soft,1,1,True,0.38718682720448966,0.0,0.0,0.6128131747245789,0.38718682527542114,2,-0.22562634944915771,0.43565032978362456,0.051134145360277015,0.06522936851456791,0.028860818636399537,0.43565032978362456,0.33440887183025747,0.33874831080586343,0.32684281736387905,0.33440887183025747,0.33874831080586343,0.32684281736387905,0.33874831080586343,0.33440887183025747,-0.011905493441984383,2,2,0.0,420.0,0.08563469350337982,0.6369667935119121,-0.08696679351191205
155,155,categorical_soft,1,1,True,0.6919414839182145,0.0,0.0,0.3080585300922394,0.691941499710083,3,0.38388296961784363,0.40801078046546113,0.08056675538878286,0.07915849616997603,0.02226837382138297,0.40801078046546113,0.34009984486326494,0.33922122833632307,0.3206789268004119,0.34009984486326494,0.33922122833632307,0.3206789268004119,0.33922122833632307,0.34009984486326494,-0.018542301535911188,1,1,0.0,1110.0,0.05216918885707855,0.3931617373280032,0.15683826267199685
156,156,categorical_soft,1,1,False,0.0,0.0,0.0,1.0,0.0,2,-1.0,0.3801131414515069,-2.358907419906304,3.9258254356597924,-0.478009036390072,0.3801131414515069,0.0018390237619968855,0.9859076891845214,0.012253287053481656,0.0018390237619968855,0.9859076891845214,0.012253287053481656,0.9859076891845214,0.0018390237619968855,-0.9736544021310398,2,2,0.512,620.0,1.0369794890284538,0.9932770033740341,-0.4432770033740341
157,157,categorical_soft,0,0,True,0.14246930285070097,0.0,0.8575307130813599,0.0,0.14246930181980133,1,-0.7150614112615585,0.29149690342147894,4.0606406496522816,-4.342316355015363,1.9242984563576482,0.29149690342147894,0.8940786383023254,0.00020062263176696152,0.10572073906590748,0.8940786383023254,0.00020062263176696152,0.10572073906590748,0.8940786383023254,0.00020062263176696152,-0.7883578992364179,1,1,0.256,1190.0,0.9762993305921555,0.9821923797642307,-0.43219237976423064
158,158,categorical_soft,0,0,False,0.0,0.0,1.0,0.0,0.0,1,-1.0,0.4615049533280716,2.1424119827589427,0.8135968086976151,-2.3887262926080552,0.4615049533280716,0.7837646333354915,0.2077259420439614,0.008509424620546992,0.7837646333354915,0.2077259420439614,0.008509424620546992,0.7837646333354915,0.2077259420439614,-0.7752552087149445,1,1,0.032,970.0,0.5593879073858261,0.9026409468277098,-0.35264094682770974
159,159,categorical_soft,0,0,True,0.2248344800933998,0.0,0.7751654982566833,0.0,0.22483448684215546,1,-0.5503310114145279,0.3732454615039607,1.5818162724368334,-0.9636672358488765,0.3155221393187179,0.3732454615039607,0.7344019823210106,0.057640406385123896,0.20795761129386542,0.7344019823210106,0.057640406385123896,0.20795761129386542,0.7344019823210106,0.057640406385123896,-0.5264443710271451,1,1,0.064,1100.0,0.4242866486310959,0.8031953762369244,-0.25319537623692434
160,160,categorical_soft,0,0,True,0.22324250122744782,0.0,0.7767574787139893,0.0,0.22324250638484955,1,-0.5535149723291397,0.4263164076176217,0.2146052911144139,-0.162319749213217,0.18691402573272084,0.4263164076176217,0.3761914823409966,0.25800194158501455,0.3658065760739888,0.3761914823409966,0.25800194158501455,0.3658065760739888,0.3761914823409966,0.25800194158501455,-0.010384906267007776,1,1,0.0,570.0,0.29719260334968567,0.8054738559841625,-0.2554738559841625
161,161,categorical_soft,0,0,False,0.0,0.0,1.0,0.0,0.0,1,-1.0,0.38742556832344566,5.343631704811426,-2.354317494387889,-1.5431695190383157,0.38742556832344566,0.998506449030249,0.00045578763167416944,0.0010377633380769958,0.998506449030249,0.00045578763167416944,0.0010377633380769958,0.998506449030249,0.00045578763167416944,-0.997468685692172,1,1,0.256,1120.0,0.8825294226408005,0.9742646649939778,-0.42426466499397775
162,162,categorical_soft,0,0,False,0.0,0.0,1.0,0.0,0.0,1,-1.0,0.4426233398059655,4.154637482447593,0.02717849064807789,-3.099847061255734,0.4426233398059655,0.9833717606931419,0.01593084368863356,0.0006973956182247038,0.9833717606931419,0.01593084368863356,0.0006973956182247038,0.9833717606931419,0.01593084368863356,-0.9826743650749172,1,1,0.064,1170.0,0.6937208026647568,0.9337542971450663,-0.38375429714506626
163,163,categorical_soft,0,0,False,0.0,0.0,1.0,0.0,0.0,1,-1.0,0.42975483565151695,4.692289703870339,-0.5008416052665128,-2.983595415247303,0.42975483565151695,0.9939894715539548,0.0055456499820753045,0.00046487846396989116,0.9939894715539548,0.0055456499820753045,0.00046487846396989116,0.9939894715539548,0.0055456499820753045,-0.9935245930899849,1,1,0.512,420.0,1.0640278086066246,0.9953650626985455,-0.4453650626985455
164,164,categorical_soft,1,1,True,0.17329589949797325,0.0,0.0,0.8267040848731995,0.17329590022563934,2,-0.6534081846475601,0.24173391448587714,-1.7882552180891538,1.905904969602986,0.34350790489989635,0.24173391448587714,0.02020509095997604,0.8099816479417777,0.16981326109824618,0.02020509095997604,0.8099816479417777,0.16981326109824618,0.8099816479417777,0.02020509095997604,-0.6401683868435315,2,2,0.128,630.0,0.45692120492458344,0.8941022071415985,-0.34410220714159845
165,165,categorical_soft,0,0,False,0.0,0.0,1.0,0.0,0.0,1,-1.0,0.4943202220929163,0.7305224930531781,0.8137061824435511,-1.0424940790364141,0.4943202220929163,0.4430653097643293,0.4813850805150687,0.07554960972060196,0.4430653097643293,0.4813850805150687,0.07554960972060196,0.4430653097643293,0.4813850805150687,-0.36751570004372736,2,2,0.032,450.0,0.3405662328004837,0.8555293667070335,-0.30552936670703346
166,166,categorical_soft,1,1,False,0.0,0.0,0.0,1.0,0.0,2,-1.0,0.4921354059807168,0.6012443933710045,1.2919166827119806,-1.2495315765651784,0.4921354059807168,0.31721344937193713,0.6327426417198802,0.050043908908182576,0.31721344937193713,0.6327426417198802,0.050043908908182576,0.6327426417198802,0.31721344937193713,-0.5826987328116976,2,2,0.0,790.0,0.5542556680738926,0.918242385703389,-0.36824238570338896
167,167,categorical_soft,0,0,False,0.0,0.0,1.0,0.0,0.0,1,-1.0,0.37070025534036755,7.150060998248465,-3.6298387891863526,-1.562686403447057,0.37070025534036755,0.9998090065882408,2.1027344840725623e-05,0.00016996606691842625,0.9998090065882408,2.1027344840725623e-05,0.00016996606691842625,0.9998090065882408,2.1027344840725623e-05,-0.9996390405213224,1,1,0.512,960.0,1.1586555764079094,0.9944225634819186,-0.44442256348191855
168,168,categorical_soft,0,0,True,0.13808275097120648,0.0,0.86191725730896,0.0,0.13808275759220123,1,-0.7238344997167587,0.17379085942889394,6.594765341609914,-5.59807305830701,1.4727229687891308,0.17379085942889394,0.9936977169196097,5.038041294214085e-06,0.00629724503909618,0.9936977169196097,5.038041294214085e-06,0.00629724503909618,0.9936977169196097,5.038041294214085e-06,-0.9874004718805135,1,1,0.512,1150.0,1.6639904230833054,0.9994114755264566,-0.44941147552645655
169,169,categorical_soft,1,1,False,0.0,0.0,0.0,1.0,0.0,2,-1.0,0.38146848848261194,-2.5264279473544358,3.763717078157941,-0.19737977034198856,0.38146848848261194,0.0018167947513961092,0.9792494230969903,0.018933782151613492,0.0018167947513961092,0.9792494230969903,0.018933782151613492,0.9792494230969903,0.0018167947513961092,-0.9603156409453768,2,2,0.512,630.0,0.9054725877940655,0.987096515143741,-0.4370965151437409
170,170,categorical_soft,1,1,True,0.15469499962109745,0.0,0.0,0.8453050255775452,0.15469500422477722,2,-0.6906100213527679,0.34568404526102536,-2.2997373655737485,2.003174763264613,0.602818969221657,0.34568404526102536,0.01075736641890176,0.7933873670458886,0.19585526653520952,0.01075736641890176,0.7933873670458886,0.19585526653520952,0.7933873670458886,0.01075736641890176,-0.5975321005106791,2,2,0.512,400.0,0.5329052275046706,0.941803186065585,-0.39180318606558495
171,171,categorical_soft,1,1,True,0.15684755429634534,0.0,0.0,0.8431524634361267,0.15684755146503448,2,-0.6863049119710922,0.2617045342104404,-2.133873288483511,2.1164775601799866,0.4860120519991636,0.2617045342104404,0.01180783376294586,0.8263018267211117,0.16189033951594237,0.01180783376294586,0.8263018267211117,0.16189033951594237,0.8263018267211117,0.01180783376294586,-0.6644114872051694,2,2,0.128,750.0,0.5967523828148842,0.9355792000910905,-0.3855792000910905
172,172,categorical_soft,0,0,False,0.0,0.0,1.0,0.0,0.0,1,-1.0,0.4813154609152228,3.4760151527064074,0.7844575413029821,-3.3116795147507396,0.4813154609152228,0.9352978745471624,0.06364442392572522,0.0010577015271122296,0.9352978745471624,0.06364442392572522,0.0010577015271122296,0.9352978745471624,0.06364442392572522,-0.9342401730200501,1,1,0.064,1000.0,0.7131521999835968,0.9500865290201956,-0.4000865290201956
173,173,categorical_soft,1,1,False,0.0,0.0,0.0,1.0,0.0,2,-1.0,0.3803685831565921,-2.7030016381236353,3.8801470972734506,-0.10855864990361519,0.3803685831565921,0.0013566767609711594,0.9802139148749089,0.018429408364119913,0.0013566767609711594,0.9802139148749089,0.018429408364119913,0.9802139148749089,0.0013566767609711594,-0.9617845065107891,2,2,0.512,710.0,0.926895696669817,0.9872083280702392,-0.4372083280702391
174,174,categorical_soft,1,1,False,0.0,0.0,0.0,1.0,0.0,2,-1.0,0.3984437021027537,-1.2925804651841717,2.9683749905546963,-0.8433140993548289,0.3984437021027537,0.013619145656023355,0.9646904304407723,0.021690423903204352,0.013619145656023355,0.9646904304407723,0.021690423903204352,0.9646904304407723,0.013619145656023355,-0.943000006537568,2,2,0.128,510.0,0.8757945969700813,0.9870818102457184,-0.43708181024571835
175,175,categorical_soft,1,1,False,0.0,0.0,0.0,1.0,0.0,2,-1.0,0.49747747756319616,0.5598765728944193,1.0581033595340528,-1.0512810550692915,0.49747747756319616,0.3513704196607459,0.5781963133197222,0.07043326701953193,0.3513704196607459,0.5781963133197222,0.07043326701953193,0.5781963133197222,0.3513704196607459,-0.5077630463001903,2,2,0.032,420.0,0.14259213209152222,0.6989029943655043,-0.14890299436550425
176,176,categorical_soft,0,0,False,0.0,0.0,1.0,0.0,0.0,1,-1.0,0.43630222464251983,4.776759121074645,-0.2708017028408257,-3.284825542811499,0.43630222464251983,0.9932715988347758,0.006412804264001254,0.0003155969012231336,0.9932715988347758,0.006412804264001254,0.0003155969012231336,0.9932715988347758,0.006412804264001254,-0.9929560019335526,1,1,0.512,430.0,0.9890631213784218,0.993234279246882,-0.44323427924688197
177,177,categorical_soft,0,0,True,0.14220901230710697,0.0,0.857791006565094,0.0,0.1422090083360672,1,-0.7155819982290268,0.36526305642012724,2.41476876473738,-1.593626553515416,0.4963276441603718,0.36526305642012724,0.8570089446219379,0.015571008544428156,0.1274200468336338,0.8570089446219379,0.015571008544428156,0.1274200468336338,0.8570089446219379,0.015571008544428156,-0.729588897788304,1,1,0.128,680.0,0.8628118187189102,0.9831660768651947,-0.4331660768651947
178,178,categorical_soft,1,1,False,0.0,0.0,0.0,1.0,0.0,2,-1.0,0.38125212534167374,-3.567486405211016,5.0173785935292035,-0.09706811215711678,0.38125212534167374,0.00018581947691159083,0.9937602605482043,0.0060539199748841956,0.00018581947691159083,0.9937602605482043,0.0060539199748841956,0.9937602605482043,0.00018581947691159083,-0.9877063405733201,2,2,0.512,1100.0,0.9082893161103129,0.9777844890366508,-0.4277844890366508
179,179,categorical_soft,0,0,True,0.2096389923333335,0.0,0.7903609871864319,0.0,0.20963899791240692,1,-0.580721989274025,0.4403703598674179,0.16210756710430047,0.11243120652720309,-0.04006204790750281,0.4403703598674179,0.3614674320157616,0.34337318271029454,0.29515938527394386,0.3614674320157616,0.34337318271029454,0.29515938527394386,0.3614674320157616,0.34337318271029454,-0.06630804674181773,1,1,0.0,530.0,0.31519949436187744,0.826003236936907,-0.276003236936907
180,180,categorical_soft,0,0,False,0.0,0.0,1.0,0.0,0.0,1,-1.0,0.4564860815808583,2.7941007313811133,0.8057527106412928,-2.880657733127612,0.4564860815808583,0.8766317390191677,0.1203482100562763,0.003020050924556004,0.8766317390191677,0.1203482100562763,0.003020050924556004,0.8766317390191677,0.1203482100562763,-0.8736116880946116,1,1,0.032,660.0,0.8083652555942535,0.9786259904641058,-0.42862599046410577
181,181,categorical_soft,1,1,True,0.14796051642241764,0.0,0.0,0.8520394563674927,0.14796051383018494,2,-0.7040789425373077,0.23890177108558736,-2.47172396070581,2.6657299976948456,0.5191442608502201,0.23890177108558736,0.0052532959021578665,0.8906422554954417,0.10410444860240017,0.0052532959021578665,0.8906422554954417,0.10410444860240017,0.8906422554954417,0.0052532959021578665,-0.7865378068930415,2,2,0.256,780.0,0.7220612280070782,0.9628616094181124,-0.41286160941811234
182,182,categorical_soft,1,1,False,0.0,0.0,0.0,1.0,0.0,2,-1.0,0.4890365356016096,0.45454367438048066,1.266341290970176,-1.0996504225437935,0.4890365356016096,0.2886578881934151,0.6500377959990107,0.06130431580757425,0.2886578881934151,0.6500377959990107,0.06130431580757425,0.6500377959990107,0.2886578881934151,-0.5887334801914365,2,2,0.0,620.0,0.32470835000276566,0.8169446782905361,-0.26694467829053603
183,183,categorical_soft,1,1,False,0.0,0.0,0.0,1.0,0.0,2,-1.0,0.386352280641349,-1.9095625903954527,3.523763363497441,-0.6301714796951259,0.386352280641349,0.00428345883815328,0.980066086056229,0.015650455105617717,0.00428345883815328,0.980066086056229,0.015650455105617717,0.980066086056229,0.00428345883815328,-0.9644156309506113,2,2,0.512,440.0,0.9864633828401566,0.9930653685045051,-0.44306536850450506
184,184,categorical_soft,0,0,True,0.14023177311416907,0.0,0.8597682118415833,0.0,0.14023177325725555,1,-0.7195364385843277,0.3697778320009724,2.263754257486733,-1.5110968081467888,0.49107161488046647,0.3697778320009724,0.8371015455160025,0.01920824282134833,0.14369021166264911,0.8371015455160025,0.01920824282134833,0.14369021166264911,0.8371015455160025,0.01920824282134833,-0.6934113338533534,1,1,0.064,1040.0,1.0746464524418116,0.9907534544092869,-0.4407534544092868
185,185,categorical_soft,0,0,False,0.0,0.0,1.0,0.0,0.0,1,-1.0,0.4330619134479864,4.64914473630814,-0.35670201589705763,-3.0980107506078554,0.4330619134479864,0.99288632321508,0.006681676301419232,0.0004320004835008646,0.99288632321508,0.006681676301419232,0.0004320004835008646,0.99288632321508,0.006681676301419232,-0.9924543227315791,1,1,0.256,690.0,0.824377030134201,0.9794972389177028,-0.42949723891770275
186,186,categorical_soft,1,1,False,0.0,0.0,0.0,1.0,0.0,2,-1.0,0.38788304848150423,-1.0084583954282778,3.521496187270892,-1.495729180884729,0.38788304848150423,0.010602329881585205,0.9827654471625067,0.006632222955908061,0.010602329881585205,0.9827654471625067,0.006632222955908061,0.9827654471625067,0.010602329881585205,-0.9761332242065986,2,2,0.064,780.0,0.8256258368492126,0.9773373939606169,-0.4273373939606169
187,187,categorical_soft,0,0,True,0.14698093772251564,0.0,0.8530190587043762,0.0,0.14698094129562378,1,-0.7060381174087524,0.37296472287833266,1.8771455649398046,-1.067914571325533,0.29778432790109544,0.37296472287833266,0.7933235619736798,0.04173094037686228,0.16494549764945782,0.7933235619736798,0.04173094037686228,0.16494549764945782,0.7933235619736798,0.04173094037686228,-0.628378064324222,1,1,0.032,990.0,0.7931640520691872,0.9661522905281389,-0.41615229052813885
188,188,categorical_soft,0,0,True,0.13887839029869398,0.0,0.8611215949058533,0.0,0.13887839019298553,1,-0.7222432047128677,0.3419591734750774,4.6583588991488405,-4.729507654402541,1.9180186735085596,0.3419591734750774,0.938990804430446,7.873678175503611e-05,0.06093045878779886,0.938990804430446,7.873678175503611e-05,0.06093045878779886,0.938990804430446,7.873678175503611e-05,-0.8780603456426471,1,1,0.512,820.0,1.2002649754285812,0.9961531855960688,-0.44615318559606876
189,189,categorical_soft,1,1,True,0.4922808545515101,0.0,0.0,0.5077191591262817,0.49228084087371826,2,-0.015438318252563477,0.30201723933789215,-0.44355150570292956,0.4283250170105807,0.07710703801681802,0.30201723933789215,0.19718987779028127,0.47123851940157147,0.33157160280814735,0.19718987779028127,0.47123851940157147,0.33157160280814735,0.47123851940157147,0.19718987779028127,-0.13966691659342412,2,2,0.0,870.0,0.1272290199995041,0.5557900779139849,-0.005790077913984892
190,190,categorical_soft,1,1,True,0.1614042197962,0.0,0.0,0.8385958075523376,0.16140422224998474,2,-0.6771915853023529,0.29528772033214784,-2.564187902662141,2.3531852412147756,0.6710711213746745,0.29528772033214784,0.0061419369032139366,0.8379031820538719,0.15595488104291413,0.0061419369032139366,0.8379031820538719,0.15595488104291413,0.8379031820538719,0.0061419369032139366,-0.6819483010109578,2,2,0.128,1010.0,0.6217487994581461,0.9230908345077989,-0.3730908345077989
191,191,categorical_soft,0,0,False,0.0,0.0,1.0,0.0,0.0,1,-1.0,0.4736562138081709,3.4243951463269227,0.8569157512359281,-3.359268971674706,0.4736562138081709,0.9274563758521854,0.0714899665601126,0.0010536575877021274,0.9274563758521854,0.0714899665601126,0.0010536575877021274,0.9274563758521854,0.0714899665601126,-0.9264027182644833,1,1,0.128,430.0,0.6901669502258301,0.971265268944122,-0.421265268944122
192,192,categorical_soft,1,1,False,0.0,0.0,0.0,1.0,0.0,2,-1.0,0.4159956072220063,-2.339104986219853,3.1763365080423416,0.01671149680064312,0.4159956072220063,0.0038464553574516975,0.9550122631328313,0.04114128150971693,0.0038464553574516975,0.9550122631328313,0.04114128150971693,0.9550122631328313,0.0038464553574516975,-0.9138709816231143,2,2,0.512,530.0,0.8170751482248306,0.9824240518826223,-0.43242405188262223
193,193,categorical_soft,0,0,True,0.145772605207241,0.0,0.8542274236679077,0.0,0.14577260613441467,1,-0.708454817533493,0.36468911064447723,2.6962475102828614,-2.305736569408373,0.9263430245638652,0.36468911064447723,0.8487747885376734,0.005710530847726857,0.14551468061459974,0.8487747885376734,0.005710530847726857,0.14551468061459974,0.8487747885376734,0.005710530847726857,-0.7032601079230737,1,1,0.128,1080.0,0.8427324146032333,0.9703012201844253,-0.4203012201844253
194,194,categorical_soft,1,1,False,0.0,0.0,0.0,1.0,0.0,2,-1.0,0.468595429722871,1.4648639984657386,0.9796792430451318,-1.862858977202341,0.468595429722871,0.6053923282115654,0.37274863277344716,0.021859039014987324,0.6053923282115654,0.37274863277344716,0.021859039014987324,0.37274863277344716,0.6053923282115654,-0.35088959375845985,1,1,0.0,1050.0,0.24135959148406982,0.6382705062354783,-0.08827050623547827
195,195,categorical_soft,1,1,False,0.0,0.0,0.0,1.0,0.0,2,-1.0,0.49034947566733633,1.2250587980303842,0.5415795481234518,-1.3384009786484088,0.49034947566733633,0.6319455529432467,0.3190332929928668,0.04902115406388648,0.6319455529432467,0.3190332929928668,0.04902115406388648,0.3190332929928668,0.6319455529432467,-0.27001213892898035,1,1,0.0,580.0,0.03497976064682007,0.5300748520688947,0.019925147931105336
196,196,categorical_soft,1,1,False,0.0,0.0,0.0,1.0,0.0,2,-1.0,0.3816470198730658,-1.9265820659927624,4.318811661660659,-1.187240123797074,0.3816470198730658,0.001928737793719776,0.9939584084773472,0.004112853728932905,0.001928737793719776,0.9939584084773472,0.004112853728932905,0.9939584084773472,0.001928737793719776,-0.9898455547484143,2,2,0.128,1090.0,0.8795745894312859,0.9748019174857763,-0.4248019174857762
197,197,categorical_soft,1,1,False,0.0,0.0,0.0,1.0,0.0,2,-1.0,0.4950698895930003,0.7201090955696379,0.7807027674392366,-1.0099597923209738,0.4950698895930003,0.4463832443769464,0.4741608181290271,0.07945593749402663,0.4463832443769464,0.4741608181290271,0.07945593749402663,0.4741608181290271,0.4463832443769464,-0.3947048806350005,2,2,0.0,530.0,0.456807479262352,0.9049384685594726,-0.35493846855947253
198,198,categorical_soft,1,1,True,0.16971806602308326,0.0,0.0,0.8302819132804871,0.16971807181835175,2,-0.6605638414621353,0.21888446732966246,-2.1412246315630936,2.60180054112898,0.3152330826663353,0.21888446732966246,0.007885315952343227,0.900594484267101,0.09152019978055577,0.007885315952343227,0.900594484267101,0.09152019978055577,0.900594484267101,0.007885315952343227,-0.8090742844865452,2,2,0.128,940.0,0.5513442233204842,0.9023456784161284,-0.3523456784161284
199,199,categorical_soft,0,0,False,0.0,0.0,1.0,0.0,0.0,1,-1.0,0.4612131441500643,2.852247842046584,0.7780136119812375,-2.8863548596200195,0.4612131441500643,0.8855582393958639,0.11157965668824066,0.002862103915895541,0.8855582393958639,0.11157965668824066,0.002862103915895541,0.8855582393958639,0.11157965668824066,-0.8826961354799683,1,1,0.064,630.0,0.6827080249786377,0.9624110985426224,-0.41241109854262237
200,200,categorical_soft,0,0,True,0.1405106175801334,0.0,0.859489381313324,0.0,0.14051061868667603,1,-0.718978762626648,0.3569886635116246,2.1872573891160405,-1.8605610275178652,0.7818905316274736,0.3569886635116246,0.7913062145302472,0.013818375643883617,0.19487540982586923,0.7913062145302472,0.013818375643883617,0.19487540982586923,0.7913062145302472,0.013818375643883617,-0.5964308047043779,1,1,0.256,510.0,0.9216797426342964,0.9896623360021629,-0.43966233600216287
201,201,categorical_soft,0,0,False,0.0,0.0,1.0,0.0,0.0,1,-1.0,0.4006860289516195,4.493221795930651,-1.6092920983073191,-1.6853234269145918,0.4006860289516195,0.9956749711760269,0.0022368747539578183,0.002088154070015222,0.9956749711760269,0.0022368747539578183,0.002088154070015222,0.9956749711760269,0.0022368747539578183,-0.9935868171060117,1,1,0.128,1160.0,0.77137890458107,0.9543255483404679,-0.40432554834046786
202,202,categorical_soft,1,1,False,0.0,0.0,0.0,1.0,0.0,2,-1.0,0.4009383975048986,-1.4286872583880015,2.9062586560876875,-0.6653669464517785,0.4009383975048986,0.0125866009840158,0.9599847641225399,0.027428634893444336,0.0125866009840158,0.9599847641225399,0.027428634893444336,0.9599847641225399,0.0125866009840158,-0.9325561292290955,2,2,0.128,630.0,0.7733290158212185,0.9755886426620864,-0.4255886426620864
203,203,categorical_soft,1,1,True,0.1490194756019766,0.0,0.0,0.8509805202484131,0.14901947975158691,2,-0.7019610404968262,0.23082043078384995,-2.406521027241752,2.4623529601869345,0.5620855102798498,0.23082043078384995,0.0066534145546351285,0.8641241769556431,0.12922240848972166,0.0066534145546351285,0.8641241769556431,0.12922240848972166,0.8641241769556431,0.0066534145546351285,-0.7349017684659215,2,2,0.256,720.0,0.6883350163698196,0.9593743057190663,-0.4093743057190663
204,204,categorical_soft,1,1,False,0.0,0.0,0.0,1.0,0.0,2,-1.0,0.4034875718927132,-0.6723378998884932,2.8122632500550706,-1.2796126736813624,0.4034875718927132,0.029282171987129808,0.9545227485377714,0.01619507947509892,0.029282171987129808,0.9545227485377714,0.01619507947509892,0.9545227485377714,0.029282171987129808,-0.9383276690626725,2,2,0.032,880.0,0.786303885281086,0.9692417092065296,-0.4192417092065296
205,205,categorical_soft,0,0,False,0.0,0.0,1.0,0.0,0.0,1,-1.0,0.4706912513000773,4.181391913081123,0.6955380875489727,-3.745017121061926,0.4706912513000773,0.9698204077119664,0.02982938813760111,0.00035020415043234904,0.9698204077119664,0.02982938813760111,0.00035020415043234904,0.9698204077119664,0.02982938813760111,-0.9694702035615341,1,1,0.256,480.0,0.860015258193016,0.9865435989136945,-0.43654359891369443
206,206,categorical_soft,0,0,True,0.13854824437373459,0.0,0.8614517450332642,0.0,0.13854824006557465,1,-0.7229035049676895,0.22611604851611133,5.151751985925745,-3.80954902408521,0.7678082035125173,0.22611604851611133,0.9866684697482391,0.00012662718254437673,0.013204903069216609,0.9866684697482391,0.00012662718254437673,0.013204903069216609,0.9866684697482391,0.00012662718254437673,-0.9734635666790225,1,1,0.512,860.0,1.2978549934923649,0.9974974387743648,-0.44749743877436476
207,207,categorical_soft,1,1,True,0.14534355196600074,0.0,0.0,0.854656457901001,0.14534355700016022,2,-0.7093129009008408,0.2571070574448947,-2.1379355113811767,2.164126266403858,0.4748888123013562,0.2571070574448947,0.011329091833860001,0.8345226001466438,0.15414830801949614,0.011329091833860001,0.8345226001466438,0.15414830801949614,0.8345226001466438,0.011329091833860001,-0.6803742921271476,2,2,0.256,600.0,0.7358072251081467,0.9717991940936319,-0.42179919409363187
208,208,categorical_soft,0,0,False,0.0,0.0,1.0,0.0,0.0,1,-1.0,0.4282888541968591,5.3656526997413465,-0.8130882053491151,-3.1831981134262666,0.4282888541968591,0.9977251184113298,0.0020791429130855173,0.0001957386755846922,0.9977251184113298,0.0020791429130855173,0.0001957386755846922,0.9977251184113298,0.0020791429130855173,-0.9975293797357452,1,1,0.512,550.0,0.9212616831064224,0.9891350999766536,-0.43913509997665356
209,209,categorical_soft,0,0,True,0.14118864567241024,0.0,0.8588113784790039,0.0,0.14118865132331848,1,-0.7176227271556854,0.3248124374246039,2.383488734672641,-2.288629878520859,1.0373809118290065,0.3248124374246039,0.7873043386962997,0.007363906977895765,0.20533175432580456,0.7873043386962997,0.007363906977895765,0.20533175432580456,0.7873043386962997,0.007363906977895765,-0.5819725843704951,1,1,0.128,920.0,0.9757032729685307,0.9870385860373436,-0.4370385860373436
210,210,categorical_soft,1,1,True,0.15860824482892266,0.0,0.0,0.8413917422294617,0.15860824286937714,2,-0.6827834993600845,0.2549043672274443,-2.494648728193797,2.4171798848166777,0.6239361691993951,0.2549043672274443,0.006278828622580927,0.8518900723793414,0.14183109899807742,0.006278828622580927,0.8518900723793414,0.14183109899807742,0.8518900723793414,0.006278828622580927,-0.710058973381264,2,2,0.128,1120.0,0.6714484915137291,0.9306480679911552,-0.38064806799115514
211,211,categorical_soft,1,1,False,0.0,0.0,0.0,1.0,0.0,2,-1.0,0.38240515314702267,-1.172969163413935,3.650348200264544,-1.440318037749242,0.38240515314702267,0.007932292278295991,0.985882920401643,0.006184787320060905,0.007932292278295991,0.985882920401643,0.006184787320060905,0.985882920401643,0.007932292278295991,-0.9796981330815822,2,2,0.128,630.0,0.9032019004225731,0.9869536354201252,-0.4369536354201251
212,212,categorical_soft,1,1,False,0.0,0.0,0.0,1.0,0.0,2,-1.0,0.389875424848263,-1.512801269666313,3.3554063768343054,-0.8999835603025719,0.389875424848263,0.0075247750799149055,0.9783506121512874,0.01412461276879771,0.0075247750799149055,0.9783506121512874,0.01412461276879771,0.9783506121512874,0.0075247750799149055,-0.9642259993824897,2,2,0.256,490.0,0.8382568582892418,0.9848693830353438,-0.4348693830353437
213,213,categorical_soft,0,0,True,0.1411430340477458,0.0,0.8588569760322571,0.0,0.1411430388689041,1,-0.717713937163353,0.35544901032771803,1.9495819471319091,-1.5815337838166617,0.6522467276114254,0.35544901032771803,0.7671111602146135,0.022456070009495798,0.2104327697758907,0.7671111602146135,0.022456070009495798,0.2104327697758907,0.7671111602146135,0.022456070009495798,-0.5566783904387227,1,1,0.128,620.0,0.9049015678465366,0.9872138017206691,-0.43721380172066904
214,214,categorical_soft,1,1,True,0.33175343955558406,0.0,0.0,0.6682465672492981,0.3317534327507019,2,-0.3364931344985962,0.3699236343304073,0.8714305606704347,-0.6108058079800996,0.29719540317822,0.3699236343304073,0.5584002029412148,0.12693124262766048,0.3146685544311246,0.5584002029412148,0.12693124262766048,0.3146685544311246,0.12693124262766048,0.5584002029412148,0.18773731180346415,1,1,0.0,1170.0,0.3128942549228668,0.6845322045734847,-0.1345322045734847
215,215,categorical_soft,0,0,True,0.14168217634812003,0.0,0.8583178520202637,0.0,0.14168217778205872,1,-0.716635674238205,0.439370035267971,0.08087555328743204,-0.036329185313467044,0.11506416286775897,0.439370035267971,0.342104191935973,0.30409000502643707,0.35380580303758985,0.342104191935973,0.30409000502643707,0.35380580303758985,0.342104191935973,0.30409000502643707,0.011701611101616827,3,3,0.0,400.0,0.8201030120253563,0.9851543467679202,-0.4351543467679202
216,216,categorical_soft,1,1,False,0.0,0.0,0.0,1.0,0.0,2,-1.0,0.38442890831880994,-1.2025933120903134,3.518009464007906,-1.3188347896984058,0.38442890831880994,0.008766727319350106,0.9832868685565403,0.007946404124109453,0.008766727319350106,0.9832868685565403,0.007946404124109453,0.9832868685565403,0.008766727319350106,-0.9753404644324309,2,2,0.032,1070.0,0.9571733213961124,0.9830576817710954,-0.4330576817710954
217,217,categorical_soft,1,1,True,0.14734119037216775,0.0,0.0,0.8526588082313538,0.14734119176864624,2,-0.7053176164627075,0.24234346596660455,-1.5352664242822693,1.6601965275050397,0.26237345183535504,0.24234346596660455,0.03188267811039822,0.7762549351004445,0.1918623867891573,0.03188267811039822,0.7762549351004445,0.1918623867891573,0.7762549351004445,0.03188267811039822,-0.5843925483112873,2,2,0.128,510.0,0.6679420471191406,0.9649346902173321,-0.4149346902173321
218,218,categorical_soft,1,1,True,0.14561376889664313,0.0,0.0,0.8543862104415894,0.14561377465724945,2,-0.7087724357843399,0.2809598273095723,-3.3355268151524484,3.096766921122127,0.9137764701807853,0.2809598273095723,0.001445785091803821,0.8973446817904172,0.10120953311777918,0.001445785091803821,0.8973446817904172,0.10120953311777918,0.8973446817904172,0.001445785091803821,-0.796135148672638,2,2,0.512,840.0,0.7877875319682062,0.9708542288902703,-0.42085422889027024
219,219,categorical_soft,0,0,False,0.0,0.0,1.0,0.0,0.0,1,-1.0,0.4367815201883025,4.880253931401333,-0.28256019188948245,-3.3529974600269257,0.4367815201883025,0.9940144719614823,0.005719382231197679,0.00026614580732006634,0.9940144719614823,0.005719382231197679,0.00026614580732006634,0.9940144719614823,0.005719382231197679,-0.9937483261541622,1,1,0.256,790.0,0.9336192756891251,0.9863823598187527,-0.4363823598187526
220,220,categorical_soft,1,1,False,0.0,0.0,0.0,1.0,0.0,2,-1.0,0.45106266214765756,0.26166912259905956,2.1732419188343464,-1.5697218532946289,0.45106266214765756,0.12618779392398016,0.8534383489481391,0.020373857127880812,0.12618779392398016,0.8534383489481391,0.020373857127880812,0.8534383489481391,0.12618779392398016,-0.8330644918202583,2,2,0.032,930.0,0.695711875683628,0.9500247111675635,-0.40002471116756344
221,221,categorical_soft,1,1,True,0.14853097830641065,0.0,0.0,0.8514690399169922,0.148530974984169,2,-0.7029380649328232,0.23217336937237687,-2.21624335474651,2.282864691992491,0.5002623447745955,0.23217336937237687,0.009449367107663722,0.8479172186181151,0.14263341427422122,0.009449367107663722,0.8479172186181151,0.14263341427422122,0.8479172186181151,0.009449367107663722,-0.7052838043438938,2,2,0.256,600.0,0.6674078479409218,0.9609741496551975,-0.4109741496551974
222,222,categorical_soft,1,1,True,0.1561274774266378,0.0,0.0,0.8438725471496582,0.15612748265266418,2,-0.687745064496994,0.29073295095977436,-2.4700032518103043,2.2862179502199487,0.6324734325894055,0.29073295095977436,0.007176694625589919,0.8332769783581405,0.15954632701626967,0.007176694625589919,0.8332769783581405,0.15954632701626967,0.8332769783581405,0.007176694625589919,-0.6737306513418708,2,2,0.128,920.0,0.6455166675150394,0.9376366289807997,-0.38763662898079965
223,223,categorical_soft,1,1,False,0.0,0.0,0.0,1.0,0.0,2,-1.0,0.3801085739792431,-3.481257418310969,4.940708097552506,-0.12422780267862606,0.3801085739792431,0.00021862159876363222,0.9934220266180016,0.0063593517832347905,0.00021862159876363222,0.9934220266180016,0.0063593517832347905,0.9934220266180016,0.00021862159876363222,-0.9870626748347668,2,2,0.512,1080.0,0.9951790161430836,0.9857344003738269,-0.4357344003738268
224,224,categorical_soft,0,0,False,0.0,0.0,1.0,0.0,0.0,1,-1.0,0.4796487724632457,1.1174513615071795,1.218487185910694,-1.6811023526385802,0.4796487724632457,0.46144138182705186,0.5103305859409704,0.028228032231977875,0.46144138182705186,0.5103305859409704,0.028228032231977875,0.46144138182705186,0.5103305859409704,-0.43321334959507396,2,2,0.0,1140.0,0.4604542929737363,0.8228637386141178,-0.2728637386141177
225,225,categorical_soft,0,0,False,0.0,0.0,1.0,0.0,0.0,1,-1.0,0.45917829782378466,2.6300070782800122,0.7352261465280249,-2.689579434028707,0.45917829782378466,0.8653660052198798,0.13038066468952392,0.004253330090596308,0.8653660052198798,0.13038066468952392,0.004253330090596308,0.8653660052198798,0.13038066468952392,-0.8611126751292835,1,1,0.032,740.0,0.7069098949432373,0.9619124420023145,-0.41191244200231447
226,226,categorical_soft,0,0,True,0.1528089201268638,0.0,0.8471910953521729,0.0,0.15280891954898834,1,-0.6943821758031845,0.35995167870952866,1.4108528789225614,-1.0033334528318143,0.4009234567502413,0.35995167870952866,0.6874991580137811,0.06154355778811382,0.25095728419810504,0.6874991580137811,0.06154355778811382,0.25095728419810504,0.6874991580137811,0.06154355778811382,-0.4365418738156761,1,1,0.064,1010.0,0.7045481577515602,0.9474461245798402,-0.3974461245798402
227,227,categorical_soft,1,1,True,0.15360463462581997,0.0,0.0,0.8463953733444214,0.1536046415567398,2,-0.6927907317876816,0.3763302050776067,-2.2511181655836907,1.8861798663809843,0.6121513278939628,0.3763302050776067,0.012345391876757438,0.771470062567702,0.21618454555554062,0.012345391876757438,0.771470062567702,0.21618454555554062,0.771470062567702,0.012345391876757438,-0.5552855170121613,2,2,0.512,420.0,0.5501690473174676,0.945042986345464,-0.395042986345464
228,228,categorical_soft,0,0,True,0.14064528422321942,0.0,0.8593547344207764,0.0,0.14064528048038483,1,-0.7187094539403915,0.3561821095306541,2.849756161363488,-2.6113505203897076,1.1011787980663292,0.3561821095306541,0.8481257739344373,0.0036053287321084876,0.14826889733345422,0.8481257739344373,0.0036053287321084876,0.14826889733345422,0.8481257739344373,0.0036053287321084876,-0.6998568766009832,1,1,0.256,730.0,0.9654799997806549,0.9891379291663808,-0.4391379291663807
229,229,categorical_soft,1,1,False,0.0,0.0,0.0,1.0,0.0,2,-1.0,0.4083092267031231,-0.45451612882807757,3.1667899121700147,-1.7168954401674412,0.4083092267031231,0.025860821957863732,0.9667085023313075,0.0074306757108287495,0.025860821957863732,0.9667085023313075,0.0074306757108287495,0.9667085023313075,0.025860821957863732,-0.9592778266204787,2,2,0.064,730.0,0.7088822452351451,0.9627012144069175,-0.4127012144069174
230,230,categorical_soft,0,0,True,0.6246148066422668,0.0,0.37538519501686096,0.0,0.6246148347854614,3,0.24922963976860046,0.3995068226362469,0.42073141896019706,-0.26076656250986513,0.19562746871810438,0.3995068226362469,0.43397053527738416,0.21947585286451027,0.3465536118581055,0.43397053527738416,0.21947585286451027,0.3465536118581055,0.43397053527738416,0.21947585286451027,-0.08741692341927865,1,1,0.0,1030.0,0.08277012407779694,0.4533259793573495,0.09667402064265057
231,231,categorical_soft,1,1,True,0.1600567102224431,0.0,0.0,0.8399432897567749,0.1600567102432251,2,-0.6798865795135498,0.2780188266013527,-2.406884249965487,2.2691264989367372,0.6031352078870537,0.2780188266013527,0.007786567765756666,0.8344146704862133,0.15779876174803004,0.007786567765756666,0.8344146704862133,0.15779876174803004,0.8344146704862133,0.007786567765756666,-0.6766159087381833,2,2,0.128,970.0,0.6224888265132904,0.9266926392432918,-0.37669263924329177
232,232,categorical_soft,0,0,True,0.6555425499959664,0.0,0.3444574475288391,0.0,0.6555425524711609,3,0.3110851049423218,0.42653117118963824,0.16426398751873889,-0.24586702305738023,0.2666234799445585,0.42653117118963824,0.3608455531266318,0.23949283317109873,0.3996616137022694,0.3608455531266318,0.23949283317109873,0.3996616137022694,0.3608455531266318,0.23949283317109873,0.03881606057563758,3,3,0.0,940.0,0.03882630169391632,0.4268644092037139,0.12313559079628617
233,233,categorical_soft,0,0,True,0.13890512674687916,0.0,0.8610948920249939,0.0,0.1389051228761673,1,-0.7221897691488266,0.3576395749627917,3.3915249065443214,-3.1036804295325253,1.2445570971557678,0.3576395749627917,0.8935291663710249,0.0013512321293828696,0.10511960149959235,0.8935291663710249,0.0013512321293828696,0.10511960149959235,0.8935291663710249,0.0013512321293828696,-0.7884095648714325,1,1,0.256,890.0,1.2117628089617938,0.9960447976541715,-0.4460447976541715
234,234,categorical_soft,1,1,True,0.1669190986530561,0.0,0.0,0.8330808877944946,0.16691909730434418,2,-0.6661617904901505,0.3531941621288758,-3.166993909216545,2.741135360982256,0.9225120331240959,0.3531941621288758,0.0023360885013570015,0.8581171030965535,0.1395468084020895,0.0023360885013570015,0.8581171030965535,0.1395468084020895,0.8581171030965535,0.0023360885013570015,-0.7185702946944641,2,2,0.256,1150.0,0.618890518322587,0.9090657488465645,-0.3590657488465645
235,235,categorical_soft,0,0,True,0.3584819305486807,0.0,0.6415180563926697,0.0,0.3584819436073303,1,-0.28303611278533936,0.4365628607376751,-0.11269893750536723,0.01347092128115876,0.11420388014953346,0.4365628607376751,0.2951025933209003,0.33472352906089237,0.3701738776182074,0.2951025933209003,0.33472352906089237,0.3701738776182074,0.2951025933209003,0.33472352906089237,0.07507128429730714,3,3,0.0,450.0,0.11441224813461304,0.660932596719877,-0.11093259671987699
236,236,categorical_soft,0,0,False,0.0,0.0,1.0,0.0,0.0,1,-1.0,0.3494083188046492,8.080994841262319,-4.803324831208094,-1.0257338486516923,0.3494083188046492,0.9998813927035848,2.571542722106803e-06,0.00011603575369310377,0.9998813927035848,2.571542722106803e-06,0.00011603575369310377,0.9998813927035848,2.571542722106803e-06,-0.9997653569498917,1,1,0.512,1180.0,1.1793404817581177,0.9934377917668306,-0.4434377917668305
237,237,categorical_soft,1,1,False,0.0,0.0,0.0,1.0,0.0,2,-1.0,0.37754713369387116,-3.5054061797320903,4.744977616510309,0.04545491552157817,0.37754713369387116,0.0002587968306231131,0.9906043497318804,0.009136853437496609,0.0002587968306231131,0.9906043497318804,0.009136853437496609,0.9906043497318804,0.0002587968306231131,-0.9814674962943838,2,2,0.512,1040.0,0.8575209192931652,0.9735935369836438,-0.42359353698364377
238,238,categorical_soft,1,1,True,0.1653626532142904,0.0,0.0,0.8346373438835144,0.1653626561164856,2,-0.6692746877670288,0.2573412063526196,-1.1829825546371002,1.1778072240438466,0.19347528645208883,0.2573412063526196,0.06434743605684475,0.6810607712371242,0.2545917927060311,0.06434743605684475,0.6810607712371242,0.2545917927060311,0.6810607712371242,0.06434743605684475,-0.42646897853109306,2,2,0.064,570.0,0.48624189104884863,0.912913889219907,-0.36291388921990697
239,239,categorical_soft,1,1,False,0.0,0.0,0.0,1.0,0.0,2,-1.0,0.37769906581555407,-2.7878780094673554,4.05975043196436,-0.15526165683420273,0.37769906581555407,0.0010456001189589866,0.9841998633834445,0.01475453649759661,0.0010456001189589866,0.9841998633834445,0.01475453649759661,0.9841998633834445,0.0010456001189589866,-0.9694453268858478,2,2,0.256,1150.0,0.9062359754461795,0.9762034818176099,-0.4262034818176098
240,240,categorical_soft,0,0,True,0.13999451437870852,0.0,0.8600054979324341,0.0,0.1399945169687271,1,-0.720010980963707,0.3459458555258913,2.9073307746467285,-2.772751294749853,1.2024016980549728,0.3459458555258913,0.8432992402192049,0.0028796892796883553,0.15382107050110683,0.8432992402192049,0.0028796892796883553,0.15382107050110683,0.8432992402192049,0.0028796892796883553,-0.689478169718098,1,1,0.128,1160.0,1.1259546265937388,0.9916875020500079,-0.44168750205000784
241,241,categorical_soft,0,0,False,0.0,0.0,1.0,0.0,0.0,1,-1.0,0.4291340190122025,4.753639441121662,-0.547592379144076,-2.9831233504048793,0.4291340190122025,0.9945816932971262,0.00498041744749924,0.0004378892553744936,0.9945816932971262,0.00498041744749924,0.0004378892553744936,0.9945816932971262,0.00498041744749924,-0.9941438040417517,1,1,0.256,780.0,0.9812496453523636,0.9893212358900684,-0.43932123589006833
242,242,categorical_soft,1,1,False,0.0,0.0,0.0,1.0,0.0,2,-1.0,0.4722728315111812,0.19025409198582974,1.3776257758280932,-0.945606551148271,0.4722728315111812,0.2172950470585901,0.7124414769465048,0.07026347599490526,0.2172950470585901,0.7124414769465048,0.07026347599490526,0.7124414769465048,0.2172950470585901,-0.6421780009515996,2,2,0.032,760.0,0.40921776555478573,0.850970846419215,-0.300970846419215
243,243,categorical_soft,1,1,True,0.1521124229431609,0.0,0.0,0.8478875756263733,0.1521124243736267,2,-0.6957751512527466,0.29914941389507627,-2.29513060065882,2.117782830643178,0.5703255671909394,0.29914941389507627,0.009911981865788271,0.8162649401310974,0.17382307800311447,0.009911981865788271,0.8162649401310974,0.17382307800311447,0.8162649401310974,0.009911981865788271,-0.6424418621279829,2,2,0.128,890.0,0.6839880559127778,0.9495773956125515,-0.39957739561255146
244,244,categorical_soft,1,1,False,0.0,0.0,0.0,1.0,0.0,2,-1.0,0.42307853083026464,-0.30012314694272174,2.0850617882153157,-1.0709873050100815,0.42307853083026464,0.08111922631647231,0.8809251502126516,0.03795562347087612,0.08111922631647231,0.8809251502126516,0.03795562347087612,0.8809251502126516,0.08111922631647231,-0.8429695267417755,2,2,0.064,460.0,0.5251156184822321,0.9354361738992932,-0.3854361738992932
245,245,categorical_soft,1,1,True,0.15085227026719744,0.0,0.0,0.8491477370262146,0.1508522629737854,2,-0.6982954740524292,0.24022113884265014,-2.906340767247634,2.823698249445628,0.760385062903348,0.24022113884265014,0.002876302065012336,0.8847149885323569,0.11240870940263077,0.002876302065012336,0.8847149885323569,0.11240870940263077,0.8847149885323569,0.002876302065012336,-0.772306279129726,2,2,0.256,1000.0,0.7283073337748647,0.9535017148259897,-0.4035017148259896
246,246,categorical_soft,0,0,True,0.13834065920886074,0.0,0.8616593480110168,0.0,0.13834065198898315,1,-0.7233186960220337,0.27744560503287896,4.162943302856554,-3.2811948075320325,0.9375275715097675,0.27744560503287896,0.960170312336091,0.0005619737818652476,0.03926771388204379,0.960170312336091,0.0005619737818652476,0.03926771388204379,0.960170312336091,0.0005619737818652476,-0.9209025984540472,1,1,0.512,670.0,1.3359726145863533,0.9983482697746391,-0.44834826977463904
247,247,categorical_soft,1,1,True,0.15131481865765273,0.0,0.0,0.8486852049827576,0.15131482481956482,2,-0.6973703801631927,0.30389729138664257,-3.1373044753151658,2.8400433480847522,0.8681023803385781,0.30389729138664257,0.002224016582783812,0.8757405779296574,0.12203540548755872,0.002224016582783812,0.8757405779296574,0.12203540548755872,0.8757405779296574,0.002224016582783812,-0.7537051724420987,2,2,0.512,750.0,0.6604041084647179,0.9520508505006002,-0.4020508505006002
248,248,categorical_soft,0,0,True,0.19104601399816412,0.0,0.8089540004730225,0.0,0.19104601442813873,1,-0.6179079860448837,0.28300636059861584,0.9175353155487341,-0.9161081339082887,0.5121288041751284,0.28300636059861584,0.5474423054258349,0.08755011795373493,0.36500757662043004,0.5474423054258349,0.08755011795373493,0.36500757662043004,0.5474423054258349,0.08755011795373493,-0.1824347288054049,1,1,0.032,630.0,0.3886011242866516,0.8578638396277584,-0.3078638396277583
249,249,categorical_soft,0,0,True,0.14899593500840919,0.0,0.8510040640830994,0.0,0.14899593591690063,1,-0.7020081281661987,0.2826825560619167,1.0274254311349342,-1.0053731757852178,0.5387298646277142,0.2826825560619167,0.5732096068491346,0.07512126134436552,0.35166913180649995,0.5732096068491346,0.07512126134436552,0.35166913180649995,0.5732096068491346,0.07512126134436552,-0.22154047504263463,1,1,0.064,830.0,0.7157257348299026,0.9594510593295946,-0.4094510593295946
250,250,categorical_soft,0,0,False,0.0,0.0,1.0,0.0,0.0,1,-1.0,0.4010821897496385,5.788219741768162,-1.95884489296506,-2.3003299998383997,0.4010821897496385,0.9992528846273044,0.00043457247016232827,0.0003125429025332111,0.9992528846273044,0.00043457247016232827,0.0003125429025332111,0.9992528846273044,0.00043457247016232827,-0.9989403417247712,1,1,0.512,690.0,1.0512995719909668,0.9931826741729747,-0.44318267417297463
251,251,categorical_soft,1,1,True,0.1450358315135591,0.0,0.0,0.8549641966819763,0.14503583312034607,2,-0.7099283635616302,0.3320991296898652,-2.3868169858688244,2.1090387854562556,0.6274103586835299,0.3320991296898652,0.009023315989427846,0.8072845554980222,0.18369212851255004,0.009023315989427846,0.8072845554980222,0.18369212851255004,0.8072845554980222,0.009023315989427846,-0.6235924269854722,2,2,0.512,460.0,0.7096503600478172,0.9728817790571173,-0.4228817790571172
252,252,categorical_soft,0,0,False,0.0,0.0,1.0,0.0,0.0,1,-1.0,0.47164591080489593,1.1275795366723815,0.9499541350670773,-1.512903076825826,0.47164591080489593,0.5238693948688973,0.4385700119366234,0.03756059319447938,0.5238693948688973,0.4385700119366234,0.03756059319447938,0.5238693948688973,0.4385700119366234,-0.4863088016744179,1,1,0.0,1090.0,0.056773871183395386,0.4043661573593404,0.14563384264065965
253,253,categorical_soft,0,0,True,0.14177096366115877,0.0,0.8582290410995483,0.0,0.14177095890045166,1,-0.7164580821990967,0.37310097407611187,2.020433617184344,-1.0784288129012125,0.25925047454193806,0.37310097407611187,0.8203433346777409,0.03699727005475596,0.14265939526750318,0.8203433346777409,0.03699727005475596,0.14265939526750318,0.8203433346777409,0.03699727005475596,-0.6776839394102377,1,1,0.064,800.0,0.913612388074398,0.9848176074796632,-0.43481760747966314
254,254,categorical_soft,0,0,False,0.0,0.0,1.0,0.0,0.0,1,-1.0,0.443213931258141,4.300018952007062,0.03014244860954211,-3.217462633641631,0.443213931258141,0.9856123029723156,0.013850093163270951,0.0005376038644132656,0.9856123029723156,0.013850093163270951,0.0005376038644132656,0.9856123029723156,0.013850093163270951,-0.9850746991079024,1,1,0.128,900.0,0.7917141616344452,0.9693153156346825,-0.4193153156346825
255,255,categorical_soft,1,1,True,0.14931775281247062,0.0,0.0,0.850682258605957,0.14931775629520416,2,-0.7013645023107529,0.23283007059674815,-2.9824898154736657,3.0064736293439625,0.7434361283229528,0.23283007059674815,0.002270243491336299,0.9037059298993462,0.0940238266093175,0.002270243491336299,0.9037059298993462,0.0940238266093175,0.9037059298993462,0.002270243491336299,-0.8096821032900287,2,2,0.256,1050.0,0.7642977461218834,0.9584047513164093,-0.4084047513164093
256,256,categorical_soft,0,0,False,0.0,0.0,1.0,0.0,0.0,1,-1.0,0.45941635109595785,2.199018306281828,0.8347293260330746,-2.454292598225305,0.45941635109595785,0.7902315400041849,0.20217551318015778,0.007592946815657189,0.7902315400041849,0.20217551318015778,0.007592946815657189,0.7902315400041849,0.20217551318015778,-0.7826385931885278,1,1,0.064,640.0,0.4652378112077713,0.8967989949471341,-0.34679899494713406
257,257,categorical_soft,1,1,True,0.33470239391383116,0.0,0.0,0.6652976274490356,0.33470240235328674,2,-0.3305952250957489,0.411410065314776,-0.06869459326321097,0.10489761953192915,0.04473396173277373,0.411410065314776,0.3024130671167081,0.3592347012744759,0.338352231608816,0.3024130671167081,0.3592347012744759,0.338352231608816,0.3592347012744759,0.3024130671167081,-0.020882469665659875,2,2,0.0,730.0,0.20241867005825043,0.6818551039317605,-0.13185510393176048
258,258,categorical_soft,1,1,True,0.14302894809337374,0.0,0.0,0.856971025466919,0.14302894473075867,2,-0.7139420807361603,0.31189649154383414,-3.336085540820939,3.519084124337436,0.7471755757684478,0.31189649154383414,0.0009964235056814017,0.940117018641204,0.05888655785311451,0.0009964235056814017,0.940117018641204,0.05888655785311451,0.940117018641204,0.0009964235056814017,-0.8812304607880895,2,2,0.512,850.0,0.8700185790657997,0.9801177867247022,-0.43011778672470213
259,259,categorical_soft,0,0,True,0.18788168456132315,0.0,0.8121182918548584,0.0,0.1878816783428192,1,-0.6242366135120392,0.42593644861031105,0.27950458612373585,-0.019110333974477554,0.04350872606656388,0.42593644861031105,0.39506802566999405,0.29284579209575395,0.3120861822342521,0.39506802566999405,0.29284579209575395,0.3120861822342521,0.39506802566999405,0.29284579209575395,-0.08298184343574194,1,1,0.032,460.0,0.3570415824651718,0.8638378982141887,-0.3138378982141886
260,260,categorical_soft,0,0,True,0.2796784244066199,0.0,0.7203215956687927,0.0,0.27967843413352966,1,-0.44064316153526306,0.28392717656568855,-0.8362346587897924,0.7099280107148168,0.12088191973787392,0.28392717656568855,0.12058444020373649,0.5655376656168996,0.31387789417936385,0.12058444020373649,0.5655376656168996,0.31387789417936385,0.12058444020373649,0.5655376656168996,0.19329345397562736,2,2,0.0,830.0,0.28032926470041275,0.7358603937733131,-0.1858603937733131
261,261,categorical_soft,0,0,True,0.3556582784721536,0.0,0.6443417072296143,0.0,0.35565829277038574,1,-0.2886834144592285,0.393808120748003,-0.18765547414214323,0.13250539687770757,0.07756842724534764,0.393808120748003,0.2718576156747891,0.37413243906888205,0.3540099452563289,0.2718576156747891,0.37413243906888205,0.3540099452563289,0.2718576156747891,0.37413243906888205,0.08215232958153978,2,2,0.0,520.0,0.1337961107492447,0.6633603266740746,-0.11336032667407459
262,262,categorical_soft,0,0,True,0.14775865724515563,0.0,0.8522413372993469,0.0,0.14775866270065308,1,-0.7044826745986938,0.2889262827021103,0.9045000537128466,-0.8892646260032298,0.4964229480603223,0.2889262827021103,0.5460255228573379,0.09087793533041442,0.3630965418122477,0.5460255228573379,0.09087793533041442,0.3630965418122477,0.5460255228573379,0.09087793533041442,-0.18292898104509014,1,1,0.032,730.0,0.713656947016716,0.9635345279378638,-0.4135345279378637
263,263,categorical_soft,1,1,False,0.0,0.0,0.0,1.0,0.0,2,-1.0,0.40485535869935274,-0.8827995699116297,2.3295423310112833,-0.7647542623246673,0.40485535869935274,0.037098981067704845,0.9205686511324069,0.042332367799888124,0.037098981067704845,0.9205686511324069,0.042332367799888124,0.9205686511324069,0.037098981067704845,-0.8782362833325188,2,2,0.064,430.0,0.7616479843854904,0.9796020092335416,-0.4296020092335415
264,264,categorical_soft,1,1,False,0.0,0.0,0.0,1.0,0.0,2,-1.0,0.4632242816945604,0.15619214497506245,1.5743852084524688,-1.054645876984471,0.4632242816945604,0.18415974937284588,0.7605434694970679,0.05529678113008611,0.18415974937284588,0.7605434694970679,0.05529678113008611,0.7605434694970679,0.18415974937284588,-0.7052466883669818,2,2,0.032,640.0,0.5525830592960119,0.9303007074070531,-0.380300707407053
265,265,categorical_soft,1,1,True,0.1591806303985685,0.0,0.0,0.8408193588256836,0.1591806262731552,2,-0.6816387325525284,0.2789644194156703,-0.620057450693204,0.9146850108450468,-0.008986812395273047,0.2789644194156703,0.13421662370447449,0.619765098475616,0.24601827781990945,0.13421662370447449,0.619765098475616,0.24601827781990945,0.619765098475616,0.13421662370447449,-0.3737468206557065,2,2,0.032,460.0,0.504600090906024,0.9290743796082712,-0.3790743796082712
266,266,categorical_soft,0,0,True,0.18279476550159074,0.0,0.8172052502632141,0.0,0.18279476463794708,1,-0.634410485625267,0.39639755531099985,0.654801680933695,-0.17730579869669905,0.04926711344390712,0.39639755531099985,0.5044613680222915,0.21951917892471692,0.27601945305299164,0.5044613680222915,0.21951917892471692,0.27601945305299164,0.5044613680222915,0.21951917892471692,-0.22844191496929983,1,1,0.0,1070.0,0.5245995223522186,0.8738495799116713,-0.3238495799116713
267,267,categorical_soft,0,0,True,0.13986777918535542,0.0,0.8601322174072266,0.0,0.13986778259277344,1,-0.7202644348144531,0.2843490539877982,2.1268602757804134,-2.145432640834202,1.0225013031424004,0.2843490539877982,0.7430873055160867,0.010365802503141737,0.24654689198077157,0.7430873055160867,0.010365802503141737,0.24654689198077157,0.7430873055160867,0.010365802503141737,-0.49654041353531514,1,1,0.256,540.0,0.9865885153412819,0.9921885901687603,-0.4421885901687602
268,268,categorical_soft,0,0,True,0.1533718956249439,0.0,0.8466281294822693,0.0,0.1533719003200531,1,-0.6932562291622162,0.39485456815119574,1.2100655826567832,-0.3964039796454439,0.032832203578363195,0.39485456815119574,0.661939253637033,0.13295878669955885,0.20510195966340827,0.661939253637033,0.13295878669955885,0.20510195966340827,0.661939253637033,0.13295878669955885,-0.4568372939736247,1,1,0.032,1050.0,0.7075030952692032,0.945742435098585,-0.395742435098585
269,269,categorical_soft,1,1,True,0.19538686710282,0.0,0.0,0.8046131134033203,0.1953868716955185,2,-0.6092262417078018,0.4323257621459596,0.05535907397637859,-0.07704732856678799,0.16580669756722785,0.4323257621459596,0.3342299885819175,0.2926957018606089,0.37307430955747367,0.3342299885819175,0.2926957018606089,0.37307430955747367,0.2926957018606089,0.3342299885819175,0.08037860769686478,3,3,0.0,780.0,0.41250117123126984,0.8499561995424352,-0.29995619954243513
270,270,categorical_soft,1,1,False,0.0,0.0,0.0,1.0,0.0,2,-1.0,0.4898975029917782,1.276085191222897,0.5523562209467683,-1.395382180365607,0.4898975029917782,0.6432563094902136,0.31193772560077637,0.04480596490901005,0.6432563094902136,0.31193772560077637,0.04480596490901005,0.31193772560077637,0.6432563094902136,-0.2671317606917663,1,1,0.0,480.0,0.10274922102689743,0.6396812171228674,-0.08968121712286736
271,271,categorical_soft,0,0,True,0.1594492223485875,0.0,0.8405507802963257,0.0,0.15944921970367432,1,-0.6811015605926514,0.34008857224390965,0.8538618033919896,-0.7053323854588601,0.3747960368909314,0.34008857224390965,0.5464442076797503,0.11500467860000554,0.33855111372024405,0.5464442076797503,0.11500467860000554,0.33855111372024405,0.5464442076797503,0.11500467860000554,-0.20789309395950628,1,1,0.032,690.0,0.5587776601314545,0.9283407491777317,-0.37834074917773164
272,272,categorical_soft,1,1,True,0.15029517023535793,0.0,0.0,0.8497048020362854,0.1502951681613922,2,-0.6994096338748932,0.20163123408887204,-0.6143589780265253,1.1355685225563494,-0.06421051809464925,0.20163123408887204,0.118180188204922,0.677654396056803,0.20416541573827499,0.118180188204922,0.677654396056803,0.20416541573827499,0.677654396056803,0.118180188204922,-0.47348898031852804,2,2,0.032,840.0,0.6972966487519443,0.9552655773150365,-0.40526557731503643
273,273,categorical_soft,1,1,True,0.6648790529686728,0.0,0.0,0.33512094616889954,0.6648790240287781,3,0.32975807785987854,0.41964313212069493,-0.017482864212536434,0.0010118580537119165,0.1158295861643798,0.41964313212069493,0.3164271392289425,0.3221811899633971,0.36139167080766027,0.3164271392289425,0.3221811899633971,0.36139167080766027,0.3221811899633971,0.3164271392289425,0.03921048084426315,3,3,0.0,1090.0,0.0686732679605484,0.41852326109160093,0.13147673890839912
274,274,categorical_soft,0,0,False,0.0,0.0,1.0,0.0,0.0,1,-1.0,0.41934031980657016,4.553815045282193,-0.8833832688116479,-2.4836242345331714,0.41934031980657016,0.9947720047746376,0.0043460377832579685,0.0008819574421044144,0.9947720047746376,0.0043460377832579685,0.0008819574421044144,0.9947720047746376,0.0043460377832579685,-0.9938900473325332,1,1,0.128,1180.0,0.8269686996936798,0.9640318690614057,-0.41403186906140566
275,275,categorical_soft,1,1,False,0.0,0.0,0.0,1.0,0.0,2,-1.0,0.3856831528178483,-2.130453302021349,3.5455148042807743,-0.42886603794166644,0.3856831528178483,0.0033533513164794174,0.9779696875750485,0.018676961108472147,0.0033533513164794174,0.9779696875750485,0.018676961108472147,0.9779696875750485,0.0033533513164794174,-0.9592927264665764,2,2,0.256,850.0,1.0121175795793533,0.9900091090472307,-0.4400091090472307
276,276,categorical_soft,0,0,False,0.0,0.0,1.0,0.0,0.0,1,-1.0,0.33548981798907973,7.7420207418855655,-5.255611023798378,-0.28858213173535263,0.33548981798907973,0.9996575522598723,2.2938857149763823e-06,0.0003401538544125545,0.9996575522598723,2.2938857149763823e-06,0.0003401538544125545,0.9996575522598723,2.2938857149763823e-06,-0.9993173984054597,1,1,0.512,1150.0,1.1009928733110428,0.9907244605102499,-0.4407244605102498
277,277,categorical_soft,0,0,False,0.0,0.0,1.0,0.0,0.0,1,-1.0,0.45647268401203867,4.144338669228709,0.4509265365926008,-3.48843857254449,0.45647268401203867,0.9751504760219172,0.02437707974785778,0.00047244423022509217,0.9751504760219172,0.02437707974785778,0.00047244423022509217,0.9751504760219172,0.02437707974785778,-0.9746780317916921,1,1,0.128,680.0,0.9255853593349457,0.9875783536318303,-0.4375783536318303
278,278,categorical_soft,1,1,True,0.15633731192870665,0.0,0.0,0.843662679195404,0.15633730590343475,2,-0.6873253732919693,0.22905335302168792,-1.3206021906557734,1.374361699694677,0.23671361493798102,0.22905335302168792,0.048727605224405036,0.7203187936565955,0.2309536011189995,0.048727605224405036,0.7203187936565955,0.2309536011189995,0.7203187936565955,0.048727605224405036,-0.4893651925375959,2,2,0.032,850.0,0.6262553837150335,0.9370345759096455,-0.3870345759096454
279,279,categorical_soft,1,1,True,0.5298821104103935,0.0,0.0,0.4701178967952728,0.5298821330070496,3,0.05976423621177673,0.3390102849391757,-0.0247979642117267,0.523855831282424,-0.11543963161846107,0.3390102849391757,0.27509403075729305,0.47446417114294787,0.2504417980997591,0.27509403075729305,0.47446417114294787,0.2504417980997591,0.47446417114294787,0.27509403075729305,-0.22402237304318878,2,2,0.0,850.0,0.09916174411773682,0.5275465849209846,0.022453415079015437
280,280,categorical_soft,1,1,True,0.1950017066658168,0.0,0.0,0.8049982786178589,0.19500170648097992,2,-0.609996572136879,0.3903030497883175,-0.31496882819576355,0.14901389112041077,0.10174404277542397,0.3903030497883175,0.24339455049763395,0.38735405426336084,0.36925139523900524,0.24339455049763395,0.38735405426336084,0.36925139523900524,0.38735405426336084,0.24339455049763395,-0.018102659024355594,2,2,0.0,650.0,0.3817058764398098,0.8506450788496379,-0.30064507884963787
281,281,categorical_soft,0,0,True,0.24079107969569813,0.0,0.7592089176177979,0.0,0.24079108238220215,1,-0.5184178352355957,0.40780558112413245,0.5166691441564033,-0.20821041221443531,0.11801212305111757,0.40780558112413245,0.4638090860914811,0.22459498214687973,0.3115959317616392,0.4638090860914811,0.22459498214687973,0.3115959317616392,0.4638090860914811,0.22459498214687973,-0.1522131543298419,1,1,0.032,550.0,0.26255927979946136,0.7815645134853585,-0.23156451348535845
282,282,categorical_soft,0,0,False,0.0,0.0,1.0,0.0,0.0,1,-1.0,0.4213887712000724,4.769440257534588,-0.8776516089790218,-2.656094922776288,0.4213887712000724,0.9958724594999708,0.003528082908152202,0.0005994575918769534,0.9958724594999708,0.003528082908152202,0.0005994575918769534,0.9958724594999708,0.003528082908152202,-0.9952730019080939,1,1,0.512,440.0,0.9626259952783585,0.9922103971270537,-0.4422103971270537
283,283,categorical_soft,0,0,True,0.4337579858360813,0.0,0.5662420392036438,0.0,0.4337579905986786,1,-0.1324840486049652,0.4324154057414228,0.2657014230274089,0.0998232692796856,-0.05874910892173539,0.4324154057414228,0.38922426900487533,0.32925700973125316,0.28151872126387145,0.38922426900487533,0.32925700973125316,0.28151872126387145,0.38922426900487533,0.32925700973125316,-0.10770554774100388,1,1,0.0,990.0,0.1937071830034256,0.600143305897875,-0.05014330589787497
284,284,categorical_soft,1,1,False,0.0,0.0,0.0,1.0,0.0,2,-1.0,0.3861205665796374,-3.7153823624098905,5.317809092322284,-0.1768761923224825,0.3861205665796374,0.00011891610241136037,0.9957323446389816,0.0041487392586071255,0.00011891610241136037,0.9957323446389816,0.0041487392586071255,0.9957323446389816,0.00011891610241136037,-0.9915836053803745,2,2,0.512,1180.0,1.0494448315293994,0.9876492570449825,-0.4376492570449825
285,285,categorical_soft,0,0,True,0.20068470657477516,0.0,0.7993152737617493,0.0,0.20068471133708954,1,-0.5986305624246597,0.37171565724162725,0.8712419573446087,-0.601714071204581,0.2907112996045991,0.37171565724162725,0.5588346506741885,0.12821590025739846,0.31294944906841315,0.5588346506741885,0.12821590025739846,0.31294944906841315,0.5588346506741885,0.12821590025739846,-0.24588520160577532,1,1,0.064,740.0,0.38829944282770157,0.8407161680580805,-0.2907161680580804
286,286,categorical_soft,1,1,False,0.0,0.0,0.0,1.0,0.0,2,-1.0,0.3817292713058575,-3.562712374019669,5.040787907038361,-0.11917760359306018,0.3817292713058575,0.0001824388320774961,0.9940312411532466,0.005786320014676033,0.0001824388320774961,0.9940312411532466,0.005786320014676033,0.9940312411532466,0.0001824388320774961,-0.9882449211385705,2,2,0.512,1140.0,0.9693213626742363,0.9826413425144718,-0.4326413425144717
287,287,categorical_soft,1,1,True,0.1485846174179713,0.0,0.0,0.8514153957366943,0.14858461916446686,2,-0.7028307765722275,0.26220540119316793,-2.5535981285457416,2.4686827826783206,0.6373179016581902,0.26220540119316793,0.005657218171105029,0.856985430330881,0.13735735149801412,0.005657218171105029,0.856985430330881,0.13735735149801412,0.856985430330881,0.005657218171105029,-0.719628078832867,2,2,0.256,780.0,0.7106173224747181,0.9607977457080538,-0.4107977457080537
288,288,categorical_soft,0,0,False,0.0,0.0,1.0,0.0,0.0,1,-1.0,0.43130748669903574,4.991765443429893,-0.543193304748635,-3.171864991101715,0.43130748669903574,0.9957655613494898,0.003948075717523755,0.0002863629329864889,0.9957655613494898,0.003948075717523755,0.0002863629329864889,0.9957655613494898,0.003948075717523755,-0.9954791984165033,1,1,0.256,880.0,0.9866893738508224,0.9882830661053026,-0.43828306610530254
289,289,categorical_soft,0,0,False,0.0,0.0,1.0,0.0,0.0,1,-1.0,0.447917240942011,4.027820846505794,0.21451176195785554,-3.1751613524210107,0.447917240942011,0.9775905149073518,0.02168091568618298,0.000728569406465142,0.9775905149073518,0.02168091568618298,0.000728569406465142,0.9775905149073518,0.02168091568618298,-0.9768619455008867,1,1,0.064,920.0,0.7644073963165283,0.9642412099292518,-0.41424120992925173
290,290,categorical_soft,0,0,True,0.1381227231744136,0.0,0.8618772625923157,0.0,0.13812272250652313,1,-0.7237545400857925,0.2628546953177379,4.09111551455788,-2.6825237941269537,0.4481657179710156,0.2628546953177379,0.9720206389830391,0.001112047749818055,0.0268673132671428,0.9720206389830391,0.001112047749818055,0.0268673132671428,0.9720206389830391,0.001112047749818055,-0.9451533257158964,1,1,0.512,600.0,1.4786475822329521,0.9992462463328757,-0.4492462463328757
291,291,categorical_soft,1,1,True,0.15995708681233395,0.0,0.0,0.8400428891181946,0.15995708107948303,2,-0.6800858080387115,0.43012597753793747,0.08524840796261195,-0.04900933111618797,0.13242902494129177,0.43012597753793747,0.34227015899865953,0.2991157850109062,0.35861405599043433,0.34227015899865953,0.2991157850109062,0.35861405599043433,0.2991157850109062,0.34227015899865953,0.059498270979528145,3,3,0.0,920.0,0.611028790473938,0.9269618633162482,-0.37696186331624815
292,292,categorical_soft,0,0,False,0.0,0.0,1.0,0.0,0.0,1,-1.0,0.4810429134428557,3.6888771242741734,0.7162719071024657,-3.384541070167608,0.4810429134428557,0.9503843867246472,0.048808989704356945,0.0008066235709959469,0.9503843867246472,0.048808989704356945,0.0008066235709959469,0.9503843867246472,0.048808989704356945,-0.9495777631536513,1,1,0.064,970.0,0.7140514403581619,0.9519763772780255,-0.4019763772780255
293,293,categorical_soft,1,1,True,0.14477298929539312,0.0,0.0,0.855226993560791,0.1447729915380478,2,-0.7104540020227432,0.2596418778923197,-4.070917998408358,4.085703958816289,1.0361714899018504,0.2596418778923197,0.0002744965068074685,0.9544998927167697,0.04522561077642287,0.0002744965068074685,0.9544998927167697,0.04522561077642287,0.9544998927167697,0.0002744965068074685,-0.9092742819403469,2,2,0.512,1130.0,0.881339731393382,0.9738120010607991,-0.4238120010607991
294,294,categorical_soft,1,1,False,0.0,0.0,0.0,1.0,0.0,2,-1.0,0.3809184330476322,-1.491745273917756,3.9945959677947256,-1.3795837422099477,0.3809184330476322,0.00410914854966109,0.9912083426342498,0.0046825088160892476,0.00410914854966109,0.9912083426342498,0.0046825088160892476,0.9912083426342498,0.00410914854966109,-0.9865258338181606,2,2,0.128,800.0,0.8723767548799515,0.9814709344251706,-0.4314709344251706
295,295,categorical_soft,1,1,False,0.0,0.0,0.0,1.0,0.0,2,-1.0,0.3770616191808739,-3.3590445768690578,4.7117751508754555,-0.07360477400910244,0.3770616191808739,0.0003099270616659577,0.9912970354387136,0.00839303749962044,0.0003099270616659577,0.9912970354387136,0.00839303749962044,0.9912970354387136,0.0003099270616659577,-0.9829039979390932,2,2,0.512,980.0,0.9144380930811167,0.9812820490448256,-0.4312820490448256
296,296,categorical_soft,1,1,True,0.14963844126577752,0.0,0.0,0.8503615856170654,0.14963844418525696,2,-0.7007231414318085,0.3261478792350979,-2.483365961640408,2.218402131068867,0.6460540612874489,0.3261478792350979,0.00747708232674871,0.8217422460347821,0.17078067163846913,0.00747708232674871,0.8217422460347821,0.17078067163846913,0.8217422460347821,0.00747708232674871,-0.650961574396313,2,2,0.512,510.0,0.6265748795121908,0.9573684414410254,-0.40736844144102535
297,297,categorical_soft,1,1,True,0.1490484519506305,0.0,0.0,0.8509515523910522,0.14904844760894775,2,-0.7019031047821045,0.31752609104945334,-4.145518994023313,3.6903743900860073,1.2227381911157535,0.31752609104945334,0.0003645734258785541,0.9214324735735971,0.07820295300052427,0.0003645734258785541,0.9214324735735971,0.07820295300052427,0.9214324735735971,0.0003645734258785541,-0.8432295205730729,2,2,0.512,1130.0,0.7884399071335793,0.9592798762345498,-0.40927987623454976
298,298,categorical_soft,1,1,False,0.0,0.0,0.0,1.0,0.0,2,-1.0,0.38417025552230516,-2.024704324044919,3.6492154132300856,-0.6066670344490134,0.38417025552230516,0.0033756416961861248,0.9824575004501629,0.014166857853651002,0.0033756416961861248,0.9824575004501629,0.014166857853651002,0.9824575004501629,0.0033756416961861248,-0.9682906425965119,2,2,0.512,490.0,0.915975533425808,0.989622194411161,-0.4396221944111609
299,299,categorical_soft,0,0,False,0.0,0.0,1.0,0.0,0.0,1,-1.0,0.49383738299238544,0.7407637384973629,0.8186966527012297,-1.0555208237676896,0.49383738299238544,0.4449600429481514,0.48091030142615365,0.07412965562569508,0.4449600429481514,0.48091030142615365,0.07412965562569508,0.4449600429481514,0.48091030142615365,-0.3708303873224563,2,2,0.0,540.0,0.1374301016330719,0.6619619019605973,-0.1119619019605973
300,300,categorical_soft,1,1,False,0.0,0.0,0.0,1.0,0.0,2,-1.0,0.38263387678211563,-2.5200961148559307,3.7220198662302786,-0.17393002078664488,0.38263387678211563,0.0019036133758178584,0.9779168163721371,0.020179570252045004,0.0019036133758178584,0.9779168163721371,0.020179570252045004,0.9779168163721371,0.0019036133758178584,-0.9577372461200921,2,2,0.512,650.0,0.9220624417066574,0.9878075660184856,-0.4378075660184856
301,301,categorical_soft,0,0,True,0.3926417585264873,0.0,0.6073582172393799,0.0,0.39264175295829773,1,-0.21471646428108215,0.4390484068798295,0.02859165558370778,-0.1290282185986733,0.21553959759711452,0.4390484068798295,0.32686753414672914,0.2792192895719182,0.3939131762813526,0.32686753414672914,0.2792192895719182,0.3939131762813526,0.32686753414672914,0.2792192895719182,0.06704564213462344,3,3,0.0,780.0,0.17007821798324585,0.6325402226419574,-0.08254022264195737
302,302,categorical_soft,0,0,True,0.17886932257187405,0.0,0.8211306929588318,0.0,0.1788693219423294,1,-0.6422613710165024,0.38005595527113534,0.5358077733867914,-0.3868647953295442,0.25289045265111365,0.38005595527113534,0.464848905575577,0.184751539068899,0.3503995553555239,0.464848905575577,0.184751539068899,0.3503995553555239,0.464848905575577,0.184751539068899,-0.11444935022005309,1,1,0.064,490.0,0.39768432080745697,0.8819542041042935,-0.33195420410429344
303,303,categorical_soft,1,1,False,0.0,0.0,0.0,1.0,0.0,2,-1.0,0.475060238970344,0.39973179434259387,1.5127867814664593,-1.2234567668150507,0.475060238970344,0.23574326512945323,0.7174908318754732,0.04676590299507365,0.23574326512945323,0.7174908318754732,0.04676590299507365,0.7174908318754732,0.23574326512945323,-0.6707249288803996,2,2,0.0,570.0,0.11988545954227448,0.6340609673785624,-0.08406096737856239
304,304,categorical_soft,1,1,True,0.1426841499922351,0.0,0.0,0.8573158383369446,0.14268414676189423,2,-0.7146316915750504,0.23921989092041165,-3.030516394992082,2.993759255218004,0.7784497317578836,0.23921989092041165,0.002180588534346893,0.8996400392240356,0.09817937224161755,0.002180588534346893,0.8996400392240356,0.09817937224161755,0.8996400392240356,0.002180588534346893,-0.801460666982418,2,2,0.256,1040.0,0.9303916841745377,0.9813929123148705,-0.4313929123148704
305,305,categorical_soft,1,1,True,0.15134368036888202,0.0,0.0,0.8486562967300415,0.1513436734676361,2,-0.6973126232624054,0.30831605185682054,-2.1992752288163713,2.010355232560682,0.5411495033857181,0.30831605185682054,0.011951466167585852,0.8030992969371956,0.18494923689521842,0.011951466167585852,0.8030992969371956,0.18494923689521842,0.8030992969371956,0.011951466167585852,-0.6181500600419771,2,2,0.256,560.0,0.6133843287825584,0.9519607250283878,-0.40196072502838776
306,306,categorical_soft,1,1,True,0.17814919649739103,0.0,0.0,0.8218507766723633,0.17814919352531433,2,-0.643701583147049,0.3683031998489663,-2.222091391538198,1.885883783981137,0.5981592790222383,0.3683031998489663,0.012745430305160236,0.7735016504929703,0.21375291920186953,0.012745430305160236,0.7735016504929703,0.21375291920186953,0.7735016504929703,0.012745430305160236,-0.5597487312911007,2,2,0.128,830.0,0.48410578817129135,0.8834798048379447,-0.3334798048379447
307,307,categorical_soft,0,0,False,0.0,0.0,1.0,0.0,0.0,1,-1.0,0.45592774782551554,2.908466934376631,0.8456559233594255,-3.0017348007030558,0.45592774782551554,0.8847971168847273,0.1127946026719715,0.00240828044330125,0.8847971168847273,0.1127946026719715,0.00240828044330125,0.8847971168847273,0.1127946026719715,-0.8823888364414261,1,1,0.128,430.0,0.6822309195995331,0.9701567791206914,-0.4201567791206914
308,308,categorical_soft,0,0,True,0.19729139267598805,0.0,0.802708625793457,0.0,0.19729138910770416,1,-0.6054172366857529,0.4065427502574087,0.02402083508135256,0.1881096724863181,-0.025923568529047075,0.4065427502574087,0.31997774303062576,0.37620439312486703,0.30381786384450715,0.31997774303062576,0.37620439312486703,0.30381786384450715,0.31997774303062576,0.37620439312486703,-0.01615987918611861,2,2,0.032,520.0,0.3433762788772583,0.8465847675222417,-0.2965847675222416
309,309,categorical_soft,1,1,False,0.0,0.0,0.0,1.0,0.0,2,-1.0,0.4784995132269535,1.2253820453268196,0.7033954744528564,-1.446106425948558,0.4784995132269535,0.6013512174374311,0.3568073599436995,0.04184142261886938,0.6013512174374311,0.3568073599436995,0.04184142261886938,0.3568073599436995,0.6013512174374311,-0.31496593732483014,1,1,0.0,1000.0,0.5186137944401708,0.8797866948377613,-0.32978669483776124
310,310,categorical_soft,1,1,False,0.0,0.0,0.0,1.0,0.0,2,-1.0,0.44915778844270016,0.0896583187890333,1.9140405354536365,-1.237371040632207,0.44915778844270016,0.13393156015059285,0.8302378919517922,0.03583054789761504,0.13393156015059285,0.8302378919517922,0.03583054789761504,0.8302378919517922,0.13393156015059285,-0.7944073440541771,2,2,0.032,970.0,0.39643021300435066,0.8063145232842015,-0.25631452328420146
311,311,categorical_soft,1,1,True,0.15569712710598393,0.0,0.0,0.8443028926849365,0.15569712221622467,2,-0.6886057704687119,0.3540129879854137,-2.444876978332406,2.108186327310447,0.6671947179885921,0.3540129879854137,0.008461556653767533,0.8015132697910771,0.19002517355515544,0.008461556653767533,0.8015132697910771,0.19002517355515544,0.8015132697910771,0.008461556653767533,-0.6114880962359216,2,2,0.256,650.0,0.5836306642740965,0.9388779207407766,-0.38887792074077654
312,312,categorical_soft,1,1,False,0.0,0.0,0.0,1.0,0.0,2,-1.0,0.40976296960369707,-2.4809441372519396,3.333482822312559,0.047645903961574844,0.40976296960369707,0.0028689277581477493,0.9606471931156916,0.03648387912616075,0.0028689277581477493,0.9606471931156916,0.03648387912616075,0.9606471931156916,0.0028689277581477493,-0.9241633139895308,2,2,0.512,610.0,0.9209451451897621,0.9883116426258042,-0.43831164262580413
313,313,categorical_soft,0,0,False,0.0,0.0,1.0,0.0,0.0,1,-1.0,0.4084043665692153,5.623373688075609,-1.6353379547197597,-2.518049250249982,0.4084043665692153,0.9989965283177762,0.0007076822854013276,0.00029578939682249085,0.9989965283177762,0.0007076822854013276,0.00029578939682249085,0.9989965283177762,0.0007076822854013276,-0.9987007389209537,1,1,0.512,640.0,1.0328418463468552,0.9929736339388011,-0.44297363393880107
314,314,categorical_soft,0,0,False,0.0,0.0,1.0,0.0,0.0,1,-1.0,0.47504240018467164,1.728846770992309,0.792939188757946,-2.001776060576295,0.47504240018467164,0.7059671611888033,0.27696130234043437,0.017071536470762323,0.7059671611888033,0.27696130234043437,0.017071536470762323,0.7059671611888033,0.27696130234043437,-0.688895624718041,1,1,0.064,740.0,0.653642937541008,0.9510753730288615,-0.4010753730288614
315,315,categorical_soft,1,1,True,0.18445459278003695,0.0,0.0,0.815545380115509,0.18445459008216858,2,-0.6310907900333405,0.24632913222468295,-0.7362005342608627,0.9835614170000746,0.025138491432303844,0.24632913222468295,0.11506022802118483,0.6396670644516806,0.2452727075271345,0.11506022802118483,0.6396670644516806,0.2452727075271345,0.6396670644516806,0.11506022802118483,-0.39439435692454616,2,2,0.064,410.0,0.3565915375947952,0.8705246549234951,-0.320524654923495
316,316,categorical_soft,1,1,True,0.14385024512179656,0.0,0.0,0.8561497330665588,0.14385025203227997,2,-0.7122994810342789,0.31471678413863086,-2.3723127934165413,2.16321233446065,0.5922653786804296,0.31471678413863086,0.008816874115833798,0.8204669154454688,0.17071621043869736,0.008816874115833798,0.8204669154454688,0.17071621043869736,0.8204669154454688,0.008816874115833798,-0.6497507050067715,2,2,0.512,450.0,0.7426585806533694,0.9771188704324757,-0.42711887043247565
317,317,categorical_soft,1,1,True,0.2529653022322077,0.0,0.0,0.7470346689224243,0.2529653012752533,2,-0.494069367647171,0.34133932881256557,0.9843653277028693,-0.7919739245579009,0.3922006384189891,0.34133932881256557,0.5804468486477994,0.0983394445400838,0.3212137068121168,0.5804468486477994,0.0983394445400838,0.3212137068121168,0.0983394445400838,0.5804468486477994,0.222874262272033,1,1,0.0,840.0,0.31598392128944397,0.7663283213325881,-0.21632832133258806
318,318,categorical_soft,1,1,False,0.0,0.0,0.0,1.0,0.0,2,-1.0,0.40094297632456416,-0.8236867472139602,2.721163941078971,-1.089196395961583,0.40094297632456416,0.027478279627435688,0.9511256249034575,0.02139609546910674,0.027478279627435688,0.9511256249034575,0.02139609546910674,0.9511256249034575,0.027478279627435688,-0.9297295294343508,2,2,0.032,690.0,0.6099110618233681,0.9433591631568852,-0.3933591631568851
319,319,categorical_soft,0,0,False,0.0,0.0,1.0,0.0,0.0,1,-1.0,0.4577782684375632,4.114677194590269,0.4788829013247824,-3.490483411637457,0.4577782684375632,0.9737315350830207,0.025783561757655414,0.0004849031593237341,0.9737315350830207,0.025783561757655414,0.0004849031593237341,0.9737315350830207,0.025783561757655414,-0.973246631923697,1,1,0.256,420.0,0.8809878528118134,0.9886837339785269,-0.4386837339785269
320,320,categorical_soft,1,1,False,0.0,0.0,0.0,1.0,0.0,2,-1.0,0.5033468970831515,0.5358422667492999,0.7965916760330007,-0.8484540326940252,0.5033468970831515,0.3922957637891844,0.5090886266480453,0.09861560956277046,0.3922957637891844,0.5090886266480453,0.09861560956277046,0.5090886266480453,0.3922957637891844,-0.41047301708527484,2,2,0.0,700.0,0.10261709988117218,0.5764236634331203,-0.026423663433120304
321,321,categorical_soft,0,0,True,0.1402273227231401,0.0,0.8597726821899414,0.0,0.1402273178100586,1,-0.7195453643798828,0.343555516873831,3.382257087793519,-1.0943951370503313,-0.554143075818745,0.343555516873831,0.9692175651830629,0.011024730220338067,0.01975770459659908,0.9692175651830629,0.011024730220338067,0.01975770459659908,0.9692175651830629,0.011024730220338067,-0.9494598605864638,1,1,0.128,1000.0,1.0652206018567085,0.9907709267812306,-0.44077092678123053
322,322,categorical_soft,1,1,True,0.2867941577344816,0.0,0.0,0.7132058143615723,0.28679415583610535,2,-0.4264116585254669,0.2580901886676961,-0.591523026301838,0.6506451982562613,0.05878979365375405,0.2580901886676961,0.1569557213758937,0.5427569383440924,0.3002873402800139,0.1569557213758937,0.5427569383440924,0.3002873402800139,0.5427569383440924,0.1569557213758937,-0.24246959806407853,2,2,0.0,1030.0,0.3215598538517952,0.7283040136993101,-0.17830401369931004
323,323,categorical_soft,0,0,False,0.0,0.0,1.0,0.0,0.0,1,-1.0,0.38630317755354593,6.330243972273544,-2.723071104399673,-1.901501192286816,0.38630317755354593,0.9996095972886186,0.00011790867135966919,0.00027249404002170966,0.9996095972886186,0.00011790867135966919,0.00027249404002170966,0.9996095972886186,0.00011790867135966919,-0.9993371032485969,1,1,0.512,830.0,1.0152685642242432,0.9903932264934603,-0.44039322649346024
324,324,categorical_soft,1,1,True,0.406473696242102,0.0,0.0,0.593526303768158,0.40647369623184204,2,-0.18705260753631592,0.3810418334304691,-0.49400196968066046,0.27917271140272104,0.10212910483360053,0.3810418334304691,0.20065928105139852,0.4350496099021946,0.3642911090464069,0.20065928105139852,0.4350496099021946,0.3642911090464069,0.4350496099021946,0.20065928105139852,-0.07075850085578772,2,2,0.032,910.0,0.19233771413564682,0.6214666338918414,-0.07146663389184138
325,325,categorical_soft,1,1,False,0.0,0.0,0.0,1.0,0.0,2,-1.0,0.44667608209407117,-0.15302529869999487,1.668920226528605,-0.8667307358212352,0.44667608209407117,0.13024642606271936,0.8053879874294563,0.06436558650782434,0.13024642606271936,0.8053879874294563,0.06436558650782434,0.8053879874294563,0.13024642606271936,-0.741022400921632,2,2,0.032,580.0,0.3728146329522133,0.8557427906917575,-0.30574279069175747
326,326,categorical_soft,1,1,False,0.0,0.0,0.0,1.0,0.0,2,-1.0,0.3792257933276277,-2.554225942901126,4.007440645036744,-0.3457817170402666,0.3792257933276277,0.001393896724953968,0.9857264998199582,0.012879603455087646,0.001393896724953968,0.9857264998199582,0.012879603455087646,0.9857264998199582,0.001393896724953968,-0.9728468963648705,2,2,0.256,1060.0,0.8593176230788231,0.9731977628428837,-0.4231977628428837
327,327,categorical_soft,1,1,False,0.0,0.0,0.0,1.0,0.0,2,-1.0,0.3868033078605783,-1.4086166995686602,3.4916756126119446,-1.0991516372883687,0.3868033078605783,0.0073185716165440635,0.9825332975241471,0.010148130859308987,0.0073185716165440635,0.9825332975241471,0.010148130859308987,0.9825332975241471,0.0073185716165440635,-0.9723851666648381,2,2,0.064,1040.0,0.6845659837126732,0.9403402151492702,-0.3903402151492702
328,328,categorical_soft,1,1,True,0.1610820202706162,0.0,0.0,0.8389179706573486,0.16108201444149017,2,-0.6778359562158585,0.11177893772534139,-1.585700291936011,2.2113548414468363,0.14043876506775516,0.11177893772534139,0.01958298677317461,0.870596581648341,0.10982043157848438,0.01958298677317461,0.870596581648341,0.10982043157848438,0.870596581648341,0.01958298677317461,-0.7607761500698565,2,2,0.032,1080.0,0.6413864023052156,0.9239454056477846,-0.37394540564778456
329,329,categorical_soft,1,1,False,0.0,0.0,0.0,1.0,0.0,2,-1.0,0.4501797909246048,0.07674839783624489,1.8660986852336898,-1.1924389865786362,0.4501797909246048,0.13756946718708613,0.8234343458235385,0.0389961869893753,0.13756946718708613,0.8234343458235385,0.0389961869893753,0.8234343458235385,0.13756946718708613,-0.7844381588341631,2,2,0.032,710.0,0.5105309039354324,0.9089025872845348,-0.3589025872845347
330,330,categorical_soft,0,0,True,0.13915241017614322,0.0,0.8608475923538208,0.0,0.1391524076461792,1,-0.7216951847076416,0.3144875256608323,3.096626055620678,-2.030429732460264,0.5078584952713602,0.3144875256608323,0.9234949713529638,0.005483140353364411,0.07102188829367187,0.9234949713529638,0.005483140353364411,0.07102188829367187,0.9234949713529638,0.005483140353364411,-0.8524730830592919,1,1,0.256,630.0,1.1019249856472015,0.9950456617702963,-0.44504566177029625
331,331,categorical_soft,0,0,False,0.0,0.0,1.0,0.0,0.0,1,-1.0,0.48169297700977987,0.9324837491281459,0.771100147897567,-1.2065767930627431,0.48169297700977987,0.5078267251629944,0.43205835879962634,0.06011491603737932,0.5078267251629944,0.43205835879962634,0.06011491603737932,0.5078267251629944,0.43205835879962634,-0.4477118091256151,1,1,0.0,830.0,0.20126265287399292,0.6538655747685236,-0.10386557476852354
332,332,categorical_soft,0,0,True,0.2209024574979664,0.0,0.7790975570678711,0.0,0.2209024578332901,1,-0.558195099234581,0.4087920064854599,1.594948698741469,-0.12449517727980478,-0.3497471154625835,0.4087920064854599,0.755189571646949,0.1355324608279854,0.10927796752506558,0.755189571646949,0.1355324608279854,0.10927796752506558,0.755189571646949,0.1355324608279854,-0.6459116041218834,1,1,0.064,730.0,0.34088726341724396,0.8088671033863649,-0.25886710338636487
333,333,categorical_soft,1,1,False,0.0,0.0,0.0,1.0,0.0,2,-1.0,0.4475733650802446,0.2381854505346474,2.325400438360002,-1.6590329273192368,0.4475733650802446,0.10854169800323843,0.8750450450369712,0.016413256959790276,0.10854169800323843,0.8750450450369712,0.016413256959790276,0.8750450450369712,0.10854169800323843,-0.858631788077181,2,2,0.0,1080.0,0.817897766828537,0.9665757296194332,-0.4165757296194331
334,334,categorical_soft,0,0,True,0.45591100746087365,0.0,0.5440890192985535,0.0,0.4559110105037689,1,-0.08817800879478455,0.4517937934395759,-0.07217002685596126,-0.056375710448130265,0.15684467297358046,0.4517937934395759,0.30551055327768195,0.31041385576427416,0.3840755909580439,0.30551055327768195,0.31041385576427416,0.3840755909580439,0.30551055327768195,0.31041385576427416,0.07856503768036194,3,3,0.032,500.0,0.05920746922492981,0.5832016383152792,-0.033201638315279114
335,335,categorical_soft,1,1,True,0.29072301708682174,0.0,0.0,0.7092769742012024,0.2907230257987976,2,-0.4185539484024048,0.39686516789261705,0.39269747586665743,0.2873744806923118,-0.20220742003763492,0.39686516789261705,0.4081134721971969,0.3666363336797717,0.22525019412303138,0.4081134721971969,0.3666363336797717,0.22525019412303138,0.3666363336797717,0.4081134721971969,-0.14138613955674034,1,1,0.0,1190.0,0.3566339612007141,0.7242176165579642,-0.1742176165579642
336,336,categorical_soft,1,1,True,0.4317453803135542,0.0,0.0,0.5682545900344849,0.43174538016319275,2,-0.13650920987129211,0.3394768578037242,-0.4223290717622402,0.3526061162055975,0.08464419548491534,0.3394768578037242,0.2071342351526368,0.4493328600125954,0.34353290483476784,0.2071342351526368,0.4493328600125954,0.34353290483476784,0.4493328600125954,0.2071342351526368,-0.10579995517782759,2,2,0.0,650.0,0.11160320788621902,0.6016966688828335,-0.05169666888283342
337,337,categorical_soft,0,0,False,0.0,0.0,1.0,0.0,0.0,1,-1.0,0.37336762349162483,5.731238804643773,-3.0486734484416087,-1.1011895686261481,0.37336762349162483,0.9987444894823257,0.0001546740811853065,0.0011008364364889507,0.9987444894823257,0.0001546740811853065,0.0011008364364889507,0.9987444894823257,0.0001546740811853065,-0.9976436530458368,1,1,0.256,1190.0,0.9339479058980942,0.9781629898726585,-0.42816298987265844
338,338,categorical_soft,1,1,False,0.0,0.0,0.0,1.0,0.0,2,-1.0,0.3865399572911975,-1.8465763775244703,3.599290645780735,-0.7457368507141153,0.3865399572911975,0.004241897567826324,0.9827893678369147,0.012968734595258925,0.004241897567826324,0.9827893678369147,0.012968734595258925,0.9827893678369147,0.004241897567826324,-0.9698206332416558,2,2,0.128,940.0,0.7707909550517797,0.964490488674304,-0.41449048867430394
339,339,categorical_soft,1,1,True,0.1604912039489657,0.0,0.0,0.8395087718963623,0.1604911983013153,2,-0.679017573595047,0.3347121406149759,-1.9723188307418191,1.7401925715983009,0.48640965928293617,0.3347121406149759,0.018673574869738908,0.7632756440897653,0.21805078104049583,0.018673574869738908,0.7632756440897653,0.21805078104049583,0.7632756440897653,0.018673574869738908,-0.5452248630492695,2,2,0.128,700.0,0.5527637246996164,0.9255232317218494,-0.3755232317218493
340,340,categorical_soft,0,0,False,0.0,0.0,1.0,0.0,0.0,1,-1.0,0.449501870440673,4.010317926180657,0.2653725421570507,-3.207498288566442,0.449501870440673,0.9761049249829641,0.02317858329706952,0.0007164917199662334,0.9761049249829641,0.02317858329706952,0.0007164917199662334,0.9761049249829641,0.02317858329706952,-0.9753884332629978,1,1,0.064,1130.0,0.7965922951698303,0.9608160830938423,-0.4108160830938422
341,341,categorical_soft,1,1,True,0.6383385305031333,0.0,0.0,0.36166146397590637,0.6383385062217712,3,0.27667704224586487,0.4185780407651585,0.07252078468907626,0.12689153678957021,-0.016259334280026436,0.4185780407651585,0.33690064952164633,0.35510507379902323,0.3079942766793304,0.33690064952164633,0.35510507379902323,0.3079942766793304,0.35510507379902323,0.33690064952164633,-0.04711079711969285,2,2,0.0,830.0,0.024197444319725037,0.44178459489913063,0.10821540510086941
342,342,categorical_soft,0,0,True,0.3484725113930036,0.0,0.651527464389801,0.0,0.3484725058078766,1,-0.30305495858192444,0.29428842195015437,-0.3469276805506256,0.40431394095986917,0.05973224917516209,0.29428842195015437,0.21662551170254168,0.458565719572592,0.3248087687248663,0.21662551170254168,0.458565719572592,0.3248087687248663,0.21662551170254168,0.458565719572592,0.10818325702232462,2,2,0.0,930.0,0.2401103377342224,0.6696039189278831,-0.11960391892788302
343,343,categorical_soft,0,0,True,0.1408680466465338,0.0,0.859131932258606,0.0,0.14086805284023285,1,-0.7182638794183731,0.33020290268470975,3.796840948663307,-1.328235445907926,-0.66523354345158,0.33020290268470975,0.9822914491798975,0.005844309714498485,0.01186424110560395,0.9822914491798975,0.005844309714498485,0.01186424110560395,0.9822914491798975,0.005844309714498485,-0.9704272080742936,1,1,0.128,930.0,0.998799242079258,0.9882740667620786,-0.4382740667620786
344,344,categorical_soft,1,1,False,0.0,0.0,0.0,1.0,0.0,2,-1.0,0.38255559788751897,-2.1559641588284393,3.86342968744344,-0.6318703224598693,0.38255559788751897,0.0023991333944988792,0.9864066760409053,0.011194190564595873,0.0023991333944988792,0.9864066760409053,0.011194190564595873,0.9864066760409053,0.0023991333944988792,-0.9752124854763093,2,2,0.128,1190.0,0.9841103702783585,0.9828513713934699,-0.43285137139346985
345,345,categorical_soft,0,0,False,0.0,0.0,1.0,0.0,0.0,1,-1.0,0.48217036297539684,3.2364231476202923,0.7255862152889606,-3.0844187446006313,0.48217036297539684,0.9231172184193696,0.07521651958834416,0.0016662619922861543,0.9231172184193696,0.07521651958834416,0.0016662619922861543,0.9231172184193696,0.07521651958834416,-0.9214509564270834,1,1,0.064,690.0,0.6364440619945526,0.9499356388377335,-0.3999356388377334
346,346,categorical_soft,0,0,False,0.0,0.0,1.0,0.0,0.0,1,-1.0,0.48337634340237995,0.9003053450326114,0.7456278004500392,-1.1585825046396292,0.48337634340237995,0.5038369441773735,0.4315444595932429,0.06461859622938357,0.5038369441773735,0.4315444595932429,0.06461859622938357,0.5038369441773735,0.4315444595932429,-0.43921834794798986,1,1,0.032,640.0,0.6729329973459244,0.9601760593339327,-0.41017605933393264
347,347,categorical_soft,1,1,False,0.0,0.0,0.0,1.0,0.0,2,-1.0,0.37949268319735524,-3.043304116185435,4.140107770085537,0.03597095281006597,0.37949268319735524,0.0007462851389661165,0.9827999539942741,0.01645376086675967,0.0007462851389661165,0.9827999539942741,0.01645376086675967,0.9827999539942741,0.0007462851389661165,-0.9663461931275145,2,2,0.512,850.0,0.9372682347893715,0.9856319148970634,-0.4356319148970633
348,348,categorical_soft,0,0,False,0.0,0.0,1.0,0.0,0.0,1,-1.0,0.4737472741135952,3.180725096165708,0.7900067527401272,-3.118160099564956,0.4737472741135952,0.9142848799074743,0.08402814854127186,0.0016869715512539453,0.9142848799074743,0.08402814854127186,0.0016869715512539453,0.9142848799074743,0.08402814854127186,-0.9125979083562203,1,1,0.064,750.0,0.7316131889820099,0.965721529342436,-0.415721529342436
349,349,categorical_soft,1,1,False,0.0,0.0,0.0,1.0,0.0,2,-1.0,0.37987844107887736,-2.533351030010585,3.913038635780535,-0.2982410636730846,0.37987844107887736,0.0015608874074955572,0.9836278109332725,0.01481130165923184,0.0015608874074955572,0.9836278109332725,0.01481130165923184,0.9836278109332725,0.0015608874074955572,-0.9688165092740406,2,2,0.256,1070.0,1.012370828539133,0.9870300100435582,-0.4370300100435581
350,350,categorical_soft,1,1,True,0.14918507993551788,0.0,0.0,0.850814938545227,0.14918507635593414,2,-0.7016298621892929,0.21824157806956634,-1.4859876621591581,2.0383615633347674,0.09670595373413468,0.21824157806956634,0.025272560092556212,0.8524200551217083,0.12230738478573537,0.025272560092556212,0.8524200551217083,0.12230738478573537,0.8524200551217083,0.025272560092556212,-0.7301126703359729,2,2,0.064,650.0,0.6683630901388824,0.9588353278858958,-0.4088353278858957
351,351,categorical_soft,0,0,False,0.0,0.0,1.0,0.0,0.0,1,-1.0,0.3334894795418447,7.829375651101872,-5.366012217350024,-0.2378770905616741,0.3334894795418447,0.9996697925746559,1.8828698500928396e-06,0.00032832455549401164,0.9996697925746559,1.8828698500928396e-06,0.00032832455549401164,0.9996697925746559,1.8828698500928396e-06,-0.9993414680191619,1,1,0.512,1120.0,1.1905434653162956,0.994218091239636,-0.44421809123963596
352,352,categorical_soft,1,1,False,0.0,0.0,0.0,1.0,0.0,2,-1.0,0.39305352042517516,-1.3035461473358239,3.17293790111148,-0.977139408089894,0.39305352042517516,0.011076209319774983,0.9733136233391007,0.015610167341124529,0.011076209319774983,0.9733136233391007,0.015610167341124529,0.9733136233391007,0.011076209319774983,-0.9577034559979761,2,2,0.256,400.0,0.7987911775708199,0.9835424597184669,-0.43354245971846683
353,353,categorical_soft,0,0,True,0.4211503580432464,0.0,0.5788496136665344,0.0,0.4211503565311432,1,-0.15769925713539124,0.43703662606486293,-0.3733601321680449,0.12433012793094689,0.10509380113524487,0.43703662606486293,0.23474746663799745,0.3864438101064633,0.3788087232555394,0.23474746663799745,0.3864438101064633,0.3788087232555394,0.23474746663799745,0.3864438101064633,0.14406125661754193,2,2,0.0,610.0,0.1087988018989563,0.6099215844506183,-0.05992158445061824
354,354,categorical_soft,1,1,True,0.1510709433256638,0.0,0.0,0.8489290475845337,0.15107093751430511,2,-0.6978581100702286,0.3684715557383309,0.9644636060941474,-0.6725801918191132,0.30986211152236914,0.3684715557383309,0.5831468906851388,0.11356328308197028,0.3032898262328909,0.5831468906851388,0.11356328308197028,0.3032898262328909,0.11356328308197028,0.5831468906851388,0.18972654315092063,1,1,0.0,970.0,0.7178128808736801,0.9528142824883851,-0.402814282488385
355,355,categorical_soft,1,1,True,0.1748082876324218,0.0,0.0,0.8251917362213135,0.1748082935810089,2,-0.6503834426403046,0.42119076601049227,0.26909312572525307,-0.19246916622903756,0.19183088794038433,0.42119076601049227,0.3912931241852407,0.2465806061179916,0.36212626969676764,0.3912931241852407,0.2465806061179916,0.36212626969676764,0.2465806061179916,0.3912931241852407,0.11554566357877605,1,1,0.0,900.0,0.5160111337900162,0.8907261062024602,-0.34072610620246013
356,356,categorical_soft,1,1,True,0.1575029186359953,0.0,0.0,0.8424971103668213,0.1575029194355011,2,-0.6849941909313202,0.32201625717121446,-0.15132859879583363,1.2117742066717068,-0.296975568318069,0.32201625717121446,0.17358375837237366,0.6767296947637638,0.14968654686386254,0.17358375837237366,0.6767296947637638,0.14968654686386254,0.6767296947637638,0.17358375837237366,-0.5270431478999013,2,2,0.032,880.0,0.6224783137440681,0.9337274851666373,-0.38372748516663724
357,357,categorical_soft,0,0,True,0.16152437249962082,0.0,0.8384756445884705,0.0,0.16152437031269073,1,-0.6769512742757797,0.37341136152730897,0.41533457511058014,-0.406431728770089,0.31744264588208493,0.37341136152730897,0.4261943610508281,0.18737445381400544,0.3864311851351665,0.4261943610508281,0.18737445381400544,0.3864311851351665,0.4261943610508281,0.18737445381400544,-0.039763175915661586,1,1,0.064,680.0,0.5398712754249573,0.9227732052409395,-0.3727732052409395
358,358,categorical_soft,1,1,True,0.1639196719211149,0.0,0.0,0.8360803127288818,0.16391967236995697,2,-0.6721606403589249,0.438532856316984,0.13817052415327732,-0.1559452567532688,0.20119968076268552,0.438532856316984,0.3558999686245822,0.26519704886879125,0.3789029825066267,0.3558999686245822,0.26519704886879125,0.3789029825066267,0.26519704886879125,0.3558999686245822,0.11370593363783543,3,3,0.0,490.0,0.4761205166578293,0.9165568128082685,-0.36655681280826846
359,359,categorical_soft,1,1,True,0.15313656571740325,0.0,0.0,0.8468634486198425,0.15313656628131866,2,-0.6937268823385239,0.34112860337899037,-2.2921212812298166,2.004042321254613,0.6041459055946772,0.34112860337899037,0.010826870175397029,0.793287036538357,0.19588609328624595,0.010826870175397029,0.793287036538357,0.19588609328624595,0.793287036538357,0.010826870175397029,-0.597400943252111,2,2,0.256,620.0,0.6048325188457966,0.9464525557523773,-0.39645255575237726
360,360,categorical_soft,1,1,True,0.19101452359725563,0.0,0.0,0.8089854717254639,0.19101452827453613,2,-0.6179709434509277,0.32935925981764436,-1.0050289372693757,0.7944398657116992,0.16602519069669808,0.32935925981764436,0.09744105040085857,0.5885143960568899,0.31404455354225147,0.09744105040085857,0.5885143960568899,0.31404455354225147,0.5885143960568899,0.09744105040085857,-0.27446984251463846,2,2,0.032,450.0,0.34453414287418127,0.8579223921921969,-0.30792239219219686
361,361,categorical_soft,1,1,False,0.0,0.0,0.0,1.0,0.0,2,-1.0,0.3822026636418433,-1.1660614042806532,3.7194339444865783,-1.497012403277324,0.3822026636418433,0.007463132404079187,0.987075369067749,0.005461498528171837,0.007463132404079187,0.987075369067749,0.005461498528171837,0.987075369067749,0.007463132404079187,-0.9816138705395772,2,2,0.128,710.0,0.8633746355772018,0.9826042518450617,-0.4326042518450617
362,362,categorical_soft,0,0,True,0.14734526445152907,0.0,0.852654755115509,0.0,0.14734525978565216,1,-0.7053094953298569,0.37442636878820057,1.6165545854261225,-0.8140442407707781,0.2003036669156432,0.37442636878820057,0.7505782089523005,0.0660892854491666,0.18333250559853287,0.7505782089523005,0.0660892854491666,0.18333250559853287,0.7505782089523005,0.0660892854491666,-0.5672457033537677,1,1,0.064,960.0,0.7782713621854782,0.9649209701609414,-0.4149209701609413
363,363,categorical_soft,1,1,True,0.2824668882215106,0.0,0.0,0.7175331115722656,0.2824668884277344,2,-0.43506622314453125,0.35188125865314884,-1.8456947803525332,1.5923227406237728,0.460562488909315,0.35188125865314884,0.023759327505007897,0.7380330348843894,0.23820763761060268,0.023759327505007897,0.7380330348843894,0.23820763761060268,0.7380330348843894,0.023759327505007897,-0.4998253972737867,2,2,0.064,1130.0,0.35082195699214935,0.7328745950828798,-0.18287459508287973
364,364,categorical_soft,0,0,False,0.0,0.0,1.0,0.0,0.0,1,-1.0,0.45347522692943365,2.4614454795277907,0.8283388517789187,-2.661630213622437,0.45347522692943365,0.8321330094703153,0.16287975860408643,0.004987231925598139,0.8321330094703153,0.16287975860408643,0.004987231925598139,0.8321330094703153,0.16287975860408643,-0.8271457775447172,1,1,0.032,530.0,0.5941829681396484,0.949229112265047,-0.399229112265047
365,365,categorical_soft,0,0,False,0.0,0.0,1.0,0.0,0.0,1,-1.0,0.3645060485315802,8.062096737936292,-4.182547889409876,-1.6698570709412468,0.3645060485315802,0.9999332284465826,4.873846788224952e-06,6.189770662914785e-05,0.9999332284465826,4.873846788224952e-06,6.189770662914785e-05,0.9999332284465826,4.873846788224952e-06,-0.9998713307399535,1,1,0.512,1120.0,1.3508169502019882,0.9973610056548473,-0.44736100565484727
366,366,categorical_soft,1,1,False,0.0,0.0,0.0,1.0,0.0,2,-1.0,0.38846536698604084,-1.7822346101257043,3.468656393513413,-0.7158505811724848,0.38846536698604084,0.005138851429566044,0.9796837199553791,0.015177428615055045,0.005138851429566044,0.9796837199553791,0.015177428615055045,0.9796837199553791,0.005138851429566044,-0.9645062913403241,2,2,0.128,970.0,0.7826331406831741,0.9652369443596681,-0.41523694435966807
367,367,categorical_soft,0,0,False,0.0,0.0,1.0,0.0,0.0,1,-1.0,0.47818268225443006,3.6666920578519333,0.6621599687933852,-3.3135421877942894,0.47818268225443006,0.9517778003318449,0.04733592659235429,0.0008862730758006837,0.9517778003318449,0.04733592659235429,0.0008862730758006837,0.9517778003318449,0.04733592659235429,-0.9508915272560442,1,1,0.032,840.0,0.5968253463506699,0.9287462190401073,-0.3787462190401073
368,368,categorical_soft,0,0,False,0.0,0.0,1.0,0.0,0.0,1,-1.0,0.46950106285705945,4.0497548492524595,0.6581346889192263,-3.604629613306097,0.46950106285705945,0.966866918487036,0.03267477980286532,0.0004583017100987643,0.966866918487036,0.03267477980286532,0.0004583017100987643,0.966866918487036,0.03267477980286532,-0.9664086167769372,1,1,0.128,840.0,0.846636950969696,0.978011866019843,-0.428011866019843
369,369,categorical_soft,0,0,True,0.549994792500617,0.0,0.4500052034854889,0.0,0.5499947667121887,3,0.09998956322669983,0.4212977168184094,-0.16838932130333004,0.04165631982592175,0.1087077994293045,0.4212977168184094,0.28146094911208147,0.3472503438219066,0.3712887070660119,0.28146094911208147,0.3472503438219066,0.3712887070660119,0.28146094911208147,0.3472503438219066,0.08982775795393044,3,3,0.0,670.0,0.04256966710090637,0.5123068033698828,0.037693196630117276
370,370,categorical_soft,0,0,False,0.0,0.0,1.0,0.0,0.0,1,-1.0,0.4548506605427116,2.5963409461105953,0.7828410311458276,-2.718976662126798,0.4548506605427116,0.8558747917622137,0.13989932665762392,0.00422588158016232,0.8558747917622137,0.13989932665762392,0.00422588158016232,0.8558747917622137,0.13989932665762392,-0.8516489101820514,1,1,0.032,740.0,0.4386346563696861,0.8711185197845402,-0.3211185197845402
371,371,categorical_soft,1,1,True,0.7409121730578815,0.0,0.0,0.25908783078193665,0.7409121990203857,3,0.4818243682384491,0.418166014919778,0.2000648331788347,0.09604783724046047,-0.02901528130128127,0.418166014919778,0.3710284549456276,0.3338843966534818,0.2950871484008906,0.3710284549456276,0.3338843966534818,0.2950871484008906,0.3338843966534818,0.3710284549456276,-0.03879724825259118,1,1,0.0,1170.0,0.02112467586994171,0.34098459826029615,0.2090154017397039
372,372,categorical_soft,0,0,False,0.0,0.0,1.0,0.0,0.0,1,-1.0,0.47772941085126996,3.697098893171984,0.6678003808964827,-3.3413448171045568,0.47772941085126996,0.9529256712226898,0.04623724223114386,0.0008370865461662885,0.9529256712226898,0.04623724223114386,0.0008370865461662885,0.9529256712226898,0.04623724223114386,-0.9520885846765235,1,1,0.032,1180.0,0.820691667497158,0.9629470093439594,-0.41294700934395934
373,373,categorical_soft,0,0,True,0.13859959724236742,0.0,0.8614004254341125,0.0,0.13859960436820984,1,-0.7228008210659027,0.36125095707008237,2.83416108590617,-2.514397891735468,1.0323749931488018,0.36125095707008237,0.8541865375082669,0.004063860673936954,0.14174960181779625,0.8541865375082669,0.004063860673936954,0.14174960181779625,0.8541865375082669,0.004063860673936954,-0.7124369356904706,1,1,0.256,720.0,1.2470764820463955,0.9972876295955952,-0.4472876295955952
374,374,categorical_soft,0,0,True,0.142547742111232,0.0,0.8574522733688354,0.0,0.14254774153232574,1,-0.7149045318365097,0.33494481338738635,1.3065850189579442,-1.063881325057307,0.48194354174806664,0.33494481338738635,0.6525972536804873,0.06102612214928117,0.2863766241702315,0.6525972536804873,0.06102612214928117,0.2863766241702315,0.6525972536804873,0.06102612214928117,-0.36622062951025575,1,1,0.064,680.0,0.8477915152907372,0.9819000580393523,-0.4319000580393523
375,375,categorical_soft,1,1,True,0.17110929758369697,0.0,0.0,0.8288906812667847,0.17110930383205414,2,-0.6577813774347305,0.33296200737015913,-0.6022530880275219,0.43797409389679,0.09499041767780672,0.33296200737015913,0.1712501956945895,0.4847503301100846,0.3439994741953259,0.1712501956945895,0.4847503301100846,0.3439994741953259,0.4847503301100846,0.1712501956945895,-0.14075085591475872,2,2,0.032,850.0,0.5218647550791502,0.8990958545060396,-0.3490958545060395
376,376,categorical_soft,0,0,False,0.0,0.0,1.0,0.0,0.0,1,-1.0,0.4786411643977974,3.6211508024165697,0.6533179870353804,-3.2720960204082394,0.4786411643977974,0.9500256784836354,0.04900915125494186,0.0009651702614225672,0.9500256784836354,0.04900915125494186,0.0009651702614225672,0.9500256784836354,0.04900915125494186,-0.9490605082222128,1,1,0.032,1110.0,0.7185393869876862,0.9448057440354843,-0.3948057440354843
377,377,categorical_soft,1,1,True,0.17171995835359766,0.0,0.0,0.8282800316810608,0.17171995341777802,2,-0.6565600782632828,0.4135117375191263,0.4102017850546774,-0.18066473951765424,0.13081349955688498,0.4135117375191263,0.432878164609699,0.2396580783284325,0.3274637570618685,0.432878164609699,0.2396580783284325,0.3274637570618685,0.2396580783284325,0.432878164609699,0.08780567873343598,1,1,0.0,510.0,0.43530239164829254,0.8976874868146086,-0.3476874868146086
378,378,categorical_soft,0,0,True,0.14159409893896185,0.0,0.8584058880805969,0.0,0.14159409701824188,1,-0.716811791062355,0.3562475626369108,1.9399140301239797,-1.5599227267149909,0.6394859205010557,0.3562475626369108,0.767045823846457,0.023167452862797724,0.20978672329074527,0.767045823846457,0.023167452862797724,0.20978672329074527,0.767045823846457,0.023167452862797724,-0.5572591005557117,1,1,0.128,680.0,0.8935141116380692,0.9854890640603567,-0.4354890640603567
379,379,categorical_soft,1,1,True,0.15317525639557306,0.0,0.0,0.8468247652053833,0.1531752496957779,2,-0.6936495155096054,0.22348430054885177,-1.9427698363820682,2.207923351425516,0.3411934242611536,0.22348430054885177,0.013517253657861624,0.8543653855297615,0.13211736081237674,0.013517253657861624,0.8543653855297615,0.13211736081237674,0.8543653855297615,0.013517253657861624,-0.7222480247173848,2,2,0.256,510.0,0.5773737840354443,0.9463356041727776,-0.3963356041727776
380,380,categorical_soft,1,1,True,0.16881225547255846,0.0,0.0,0.8311877250671387,0.16881226003170013,2,-0.6623754650354385,0.27961018292371453,-1.5602006020812378,1.4868619378052566,0.3199775321589682,0.27961018292371453,0.03500696489122516,0.7358125061318213,0.22918052897695373,0.03500696489122516,0.7358125061318213,0.22918052897695373,0.7358125061318213,0.03500696489122516,-0.5066319771548675,2,2,0.128,400.0,0.42385962195839966,0.9044932597432849,-0.3544932597432848
381,381,categorical_soft,0,0,True,0.13994749393293426,0.0,0.8600525259971619,0.0,0.13994748890399933,1,-0.7201050370931625,0.33854100186943065,2.440546642289859,-2.2854003505480387,1.0133444907458002,0.33854100186943065,0.8003193412591907,0.007093744376187728,0.19258691436462164,0.8003193412591907,0.007093744376187728,0.19258691436462164,0.8003193412591907,0.007093744376187728,-0.6077324268945691,1,1,0.256,610.0,0.9956440702080727,0.9918732366503379,-0.44187323665033784
382,382,categorical_soft,0,0,False,0.0,0.0,1.0,0.0,0.0,1,-1.0,0.4751141264304354,4.067752013468128,0.7368152021757035,-3.6923510093258542,0.4751141264304354,0.9649392650161221,0.0346491132724035,0.0004116217114741876,0.9649392650161221,0.0346491132724035,0.0004116217114741876,0.9649392650161221,0.0346491132724035,-0.9645276433046479,1,1,0.256,480.0,0.7710565626621246,0.9793193742271186,-0.4293193742271185
383,383,categorical_soft,1,1,True,0.14417076045447696,0.0,0.0,0.8558292388916016,0.14417076110839844,2,-0.7116584777832031,0.29211253633180057,-2.587039855014615,2.3908511363150113,0.6694594348429402,0.29211253633180057,0.005819086328692961,0.8432689942084538,0.15091191946285315,0.005819086328692961,0.8432689942084538,0.15091191946285315,0.8432689942084538,0.005819086328692961,-0.6923570747456007,2,2,0.256,760.0,0.8084479738026857,0.9759628652576691,-0.425962865257669
384,384,categorical_soft,0,0,False,0.0,0.0,1.0,0.0,0.0,1,-1.0,0.4138120062448709,4.484610241427952,-1.088865504016151,-2.2188547011083526,0.4138120062448709,0.9949747794845767,0.0037927405751673124,0.0012324799402560031,0.9949747794845767,0.0037927405751673124,0.0012324799402560031,0.9949747794845767,0.0037927405751673124,-0.9937422995443207,1,1,0.128,1080.0,0.9401882588863373,0.9813913142856413,-0.43139131428564126
385,385,categorical_soft,1,1,True,0.14549609815167108,0.0,0.0,0.8545039296150208,0.14549610018730164,2,-0.7090078294277191,0.3246859678416233,-2.4982014178280854,2.2251379637841957,0.6605358170636098,0.3246859678416233,0.007307235695826758,0.8208016485610482,0.17189111574312493,0.007307235695826758,0.8208016485610482,0.17189111574312493,0.8208016485610482,0.007307235695826758,-0.6489105328179232,2,2,0.256,770.0,0.7735878583043814,0.9712650823388411,-0.4212650823388411
386,386,categorical_soft,0,0,True,0.1386766372350519,0.0,0.861323356628418,0.0,0.13867664337158203,1,-0.7226467132568359,0.36180358026235016,2.8978752081351935,-2.5620900546177614,1.0423720841041444,0.36180358026235016,0.8608863511644618,0.0036641969836580307,0.13544945185188023,0.8608863511644618,0.0036641969836580307,0.13544945185188023,0.8608863511644618,0.0036641969836580307,-0.7254368993125815,1,1,0.512,400.0,1.1461854800581932,0.9969733685655217,-0.4469733685655216
387,387,categorical_soft,0,0,False,0.0,0.0,1.0,0.0,0.0,1,-1.0,0.4294751762255683,4.477173566846452,-0.44242302788155785,-2.8770609589283582,0.4294751762255683,0.992085090427407,0.0072756686050573435,0.0006392409675355876,0.992085090427407,0.0072756686050573435,0.0006392409675355876,0.992085090427407,0.0072756686050573435,-0.9914458494598715,1,1,0.256,660.0,0.940440259873867,0.9887148115988028,-0.43871481159880277
388,388,categorical_soft,1,1,True,0.16684084755566841,0.0,0.0,0.8331591486930847,0.16684085130691528,2,-0.6663182973861694,0.23388857648825573,-2.193494215508956,2.193817388620878,0.5246534507457156,0.23388857648825573,0.010369120763636667,0.8327203334479417,0.15691054578842162,0.010369120763636667,0.8327203334479417,0.15691054578842162,0.8327203334479417,0.010369120763636667,-0.6758097876595202,2,2,0.064,1010.0,0.5850121323019266,0.90925726285887,-0.35925726285886994
389,389,categorical_soft,0,0,False,0.0,0.0,1.0,0.0,0.0,1,-1.0,0.45216366595754803,2.8363093591494133,0.8755617740667179,-2.984606731004992,0.45216366595754803,0.8739880185373566,0.12341092893208297,0.0026010525305603114,0.8739880185373566,0.12341092893208297,0.0026010525305603114,0.8739880185373566,0.12341092893208297,-0.8713869660067963,1,1,0.064,880.0,0.4785623997449875,0.8741640467966116,-0.3241640467966116
390,390,categorical_soft,1,1,True,0.2760299416475489,0.0,0.0,0.7239700555801392,0.27602994441986084,2,-0.4479401111602783,0.38124750087814585,0.31511764226266087,-0.40479913949697216,0.3483745015386076,0.38124750087814585,0.3967277881758542,0.1931616183588784,0.4101105934652674,0.3967277881758542,0.1931616183588784,0.4101105934652674,0.1931616183588784,0.3967277881758542,0.216948975106389,3,3,0.0,1000.0,0.32620373368263245,0.7398172420363511,-0.18981724203635109
391,391,categorical_soft,0,0,False,0.0,0.0,1.0,0.0,0.0,1,-1.0,0.462165017129912,4.025526450636241,0.5555689891579534,-3.49055375542292,0.462165017129912,0.9691855079540586,0.030286986536032918,0.0005275055099084644,0.9691855079540586,0.030286986536032918,0.0005275055099084644,0.9691855079540586,0.030286986536032918,-0.9686580024441501,1,1,0.128,840.0,0.7657688558101654,0.9676319299768472,-0.41763192997684717
392,392,categorical_soft,0,0,True,0.1412916564522666,0.0,0.8587083220481873,0.0,0.14129166305065155,1,-0.7174166589975357,0.3331345784674699,1.9674440225028345,-1.762875363901205,0.7846655523207973,0.3331345784674699,0.7512441446795718,0.018019066141163775,0.23073678917926438,0.7512441446795718,0.018019066141163775,0.23073678917926438,0.7512441446795718,0.018019066141163775,-0.5205073555003075,1,1,0.064,930.0,0.9719650354236364,0.9866435474255073,-0.43664354742550726
393,393,categorical_soft,0,0,True,0.29355228838107594,0.0,0.7064477205276489,0.0,0.2935522794723511,1,-0.41289544105529785,0.4203532260154568,-0.1674915209030921,0.04802909065330095,0.10429923360786979,0.4203532260154568,0.2814994518115963,0.3491655942859485,0.3693349539024552,0.2814994518115963,0.3491655942859485,0.3693349539024552,0.2814994518115963,0.3491655942859485,0.08783550209085889,3,3,0.0,420.0,0.16475437581539154,0.7213106216778917,-0.17131062167789168
394,394,categorical_soft,0,0,False,0.0,0.0,1.0,0.0,0.0,1,-1.0,0.4647970429546522,3.989747193048307,0.5874327357004377,-3.491285505991461,0.4647970429546522,0.9671192930778435,0.0323355415957503,0.0005451653264061971,0.9671192930778435,0.0323355415957503,0.0005451653264061971,0.9671192930778435,0.0323355415957503,-0.9665741277514373,1,1,0.064,1130.0,0.5938400030136108,0.9005461713773014,-0.3505461713773014
395,395,categorical_soft,0,0,True,0.22105897632457006,0.0,0.7789410352706909,0.0,0.22105897963047028,1,-0.5578820556402206,0.27102994842697437,0.974958658899094,-0.9951842618897766,0.5507341536351554,0.27102994842697437,0.5574653723345097,0.07777447770510018,0.3647601499603902,0.5574653723345097,0.07777447770510018,0.3647601499603902,0.5574653723345097,0.07777447770510018,-0.19270522237411947,1,1,0.032,1110.0,0.4338230639696121,0.8086384647508287,-0.25863846475082863
396,396,categorical_soft,1,1,False,0.0,0.0,0.0,1.0,0.0,2,-1.0,0.3793200987690109,-3.463815756568169,4.886139048385794,-0.100717096583409,0.3793200987690109,0.00023481992286321905,0.9928931510988424,0.0068720289782945075,0.00023481992286321905,0.9928931510988424,0.0068720289782945075,0.9928931510988424,0.00023481992286321905,-0.9860211221205478,2,2,0.512,1110.0,0.9393975138664246,0.9806455907424554,-0.43064559074245534
397,397,categorical_soft,1,1,False,0.0,0.0,0.0,1.0,0.0,2,-1.0,0.38106931008328637,-2.3199492658830514,4.2523308883665125,-0.7532132024533347,0.38106931008328637,0.001387842566156805,0.9918535210963917,0.006758636337451654,0.001387842566156805,0.9918535210963917,0.006758636337451654,0.9918535210963917,0.001387842566156805,-0.98509488475894,2,2,0.256,1050.0,0.9099549353122711,0.9792239661600461,-0.4292239661600461
398,398,categorical_soft,1,1,True,0.15284969822104216,0.0,0.0,0.8471503257751465,0.1528497040271759,2,-0.6943006217479706,0.21038460159537903,-1.497765283447467,1.650262960471954,0.26268309318691047,0.21038460159537903,0.03329107714309843,0.7735617275535013,0.19314719530340027,0.03329107714309843,0.7735617275535013,0.19314719530340027,0.7735617275535013,0.03329107714309843,-0.580414532250101,2,2,0.128,490.0,0.5764550000894815,0.9473221554846154,-0.39732215548461536
399,399,categorical_soft,1,1,True,0.22781912808323002,0.0,0.0,0.7721808552742004,0.22781912982463837,2,-0.5443617254495621,0.28980621647081684,-0.8811429719288674,0.7953759052537172,0.10340928963345557,0.28980621647081684,0.11096390459731711,0.592403190207206,0.2966329051954767,0.11096390459731711,0.592403190207206,0.2966329051954767,0.592403190207206,0.11096390459731711,-0.2957702850117293,2,2,0.032,400.0,0.2471591681241989,0.7989866884283707,-0.24898668842837068
