trial_index,dataset_index,student_action_objective,true_direction,dir_choice,sure_available,teacher_sure_strength,target_fixation,target_left,target_right,target_sure,teacher_preferred_action,target_action_margin,raw_post_go_fixation,raw_post_go_left,raw_post_go_right,raw_post_go_sure,predicted_fixation,predicted_left,predicted_right,predicted_sure,p_left,p_right,p_sure,predicted_correct_direction,predicted_incorrect_direction,predicted_action_margin,final_argmax_choice,action_argmax_choice,stimulus_coherence,stimulus_duration_ms,internal_margin,empirical_p_correct,delta_value
0,0,categorical_soft,0,0,False,0.0,0.0,1.0,0.0,0.0,1,-1.0,0.42413287311792375,7.782413959503174,-1.8833975315093994,-3.6050535440444946,0.42413287311792375,0.9999243209179414,6.419555621095425e-05,1.1483525847690514e-05,0.9999243209179414,6.419555621095425e-05,1.1483525847690514e-05,0.9999243209179414,6.419555621095425e-05,-0.9999128373920937,1,1,0.512,940.0,1.0484288111329079,0.9906774506351905,-0.4406774506351905
1,1,categorical_soft,0,0,True,0.20536326275014355,0.0,0.7946367263793945,0.0,0.20536325871944427,1,-0.5892734676599503,0.5041029408574105,-0.24744377732276918,-0.14830663278698922,0.26767655909061433,0.5041029408574105,0.2645599646995659,0.29253490226028883,0.44290513304014534,0.2645599646995659,0.29253490226028883,0.44290513304014534,0.2645599646995659,0.29253490226028883,0.17834516834057945,3,3,0.0,890.0,0.4134471267461777,0.8328962506168242,-0.2828962506168241
2,2,categorical_soft,1,1,True,0.1627092707452713,0.0,0.0,0.8372907042503357,0.16270926594734192,2,-0.6745814383029938,0.4265265539288521,-2.2680811405181887,1.5115641355514526,0.40860950350761416,0.4265265539288521,0.016843450437025113,0.7377501194113141,0.2454064301516609,0.016843450437025113,0.7377501194113141,0.2454064301516609,0.7377501194113141,0.016843450437025113,-0.4923436892596532,2,2,0.256,510.0,0.4894590051844716,0.9196709493279273,-0.3696709493279272
3,3,categorical_soft,0,0,False,0.0,0.0,1.0,0.0,0.0,1,-1.0,0.37986900061368944,8.714820957183838,-1.7009862899780273,-4.493258237838745,0.37986900061368944,0.9999675851465174,3.054157910001617e-05,1.873274382640084e-06,0.9999675851465174,3.054157910001617e-05,1.873274382640084e-06,0.9999675851465174,3.054157910001617e-05,-0.9999657118721348,1,1,0.512,960.0,1.073611468076706,0.9915539535033948,-0.44155395350339477
4,4,categorical_soft,0,0,False,0.0,0.0,1.0,0.0,0.0,1,-1.0,0.4509385198354721,5.262232112884521,-0.1322389230132103,-3.62511727809906,0.4509385198354721,0.9953281880457215,0.004533530548472739,0.00013828140580557027,0.9953281880457215,0.004533530548472739,0.00013828140580557027,0.9953281880457215,0.004533530548472739,-0.995189906639916,1,1,0.128,1020.0,0.8045955151319504,0.9668002996095091,-0.41680029960950904
5,5,categorical_soft,0,0,True,0.1494681574748153,0.0,0.850531816482544,0.0,0.14946815371513367,1,-0.7010636627674103,0.29362734854221345,2.313260817527771,-1.8866512060165406,0.9624226570129395,0.29362734854221345,0.7848627883104188,0.011776667897726127,0.20336054379185517,0.7848627883104188,0.011776667897726127,0.20336054379185517,0.7848627883104188,0.011776667897726127,-0.5815022445185636,1,1,0.064,1100.0,0.7740941792726517,0.9579179349019022,-0.4079179349019022
6,6,categorical_soft,0,0,False,0.0,0.0,1.0,0.0,0.0,1,-1.0,0.47092251777648925,5.0318022727966305,0.36405271887779234,-4.088714838027954,0.47092251777648925,0.9905522447941058,0.009339023090843342,0.00010873211505084102,0.9905522447941058,0.009339023090843342,0.00010873211505084102,0.9905522447941058,0.009339023090843342,-0.990443512679055,1,1,0.128,920.0,0.9184840470552444,0.9829027041866822,-0.4329027041866822
7,7,categorical_soft,0,0,False,0.0,0.0,1.0,0.0,0.0,1,-1.0,0.4112890735268593,-0.2384879156947136,1.4475640416145326,-0.8875828325748444,0.4112890735268593,0.1444394700985531,0.7795632247373085,0.07599730516413843,0.1444394700985531,0.7795632247373085,0.07599730516413843,0.1444394700985531,0.7795632247373085,-0.06844216493441467,2,2,0.0,1020.0,0.046841979026794434,0.4129663606271245,0.13703363937287555
8,8,categorical_soft,1,1,True,0.1573025373588735,0.0,0.0,0.8426974415779114,0.15730254352092743,2,-0.685394898056984,0.26286360509693624,-2.2112065315246583,1.9135726332664489,0.17817974388599395,0.26286360509693624,0.0136036756565396,0.8384712729579998,0.14792505138546047,0.0136036756565396,0.8384712729579998,0.14792505138546047,0.8384712729579998,0.0136036756565396,-0.6905462215725393,2,2,0.256,470.0,0.5237435521557927,0.9342915810289389,-0.3842915810289389
9,9,categorical_soft,0,0,False,0.0,0.0,1.0,0.0,0.0,1,-1.0,0.3439449742436409,8.464377975463867,-2.003718388080597,-4.034483456611634,0.3439449742436409,0.9999676215211037,2.85759928937156e-05,3.8024860024646275e-06,0.9999676215211037,2.85759928937156e-05,3.8024860024646275e-06,0.9999676215211037,2.85759928937156e-05,-0.9999638190351012,1,1,0.512,1010.0,1.1523869410157204,0.9938939755920116,-0.4438939755920116
10,10,categorical_soft,1,1,False,0.0,0.0,0.0,1.0,0.0,2,-1.0,0.33598254844546316,-0.40629844069480897,3.140471267700195,-1.9614764332771302,0.33598254844546316,0.027917062888550427,0.9660847581178118,0.005998178993638004,0.027917062888550427,0.9660847581178118,0.005998178993638004,0.9660847581178118,0.027917062888550427,-0.9600865791241738,2,2,0.032,1170.0,0.730802558362484,0.9441724449195158,-0.39417244491951575
11,11,categorical_soft,1,1,True,0.15537181576585085,0.0,0.0,0.8446281552314758,0.15537181496620178,2,-0.689256340265274,0.3228536192327738,-1.5828001737594604,0.9868381261825562,0.21107571870088576,0.3228536192327738,0.049861009740400405,0.6505386944438993,0.29960029581570036,0.049861009740400405,0.6505386944438993,0.29960029581570036,0.6505386944438993,0.049861009740400405,-0.350938398628199,2,2,0.064,560.0,0.5649214829318225,0.9398221432929741,-0.38982214329297404
12,12,categorical_soft,1,1,False,0.0,0.0,0.0,1.0,0.0,2,-1.0,0.4150771453976631,-0.4936177164316177,3.3437804698944094,-2.128779745101929,0.4150771453976631,0.021015411866537045,0.97479709832339,0.004187489810072982,0.021015411866537045,0.97479709832339,0.004187489810072982,0.97479709832339,0.021015411866537045,-0.970609608513317,2,2,0.064,910.0,0.7842522263526917,0.9678326450270627,-0.41783264502706263
13,13,categorical_soft,1,1,False,0.0,0.0,0.0,1.0,0.0,2,-1.0,0.40864308923482895,0.4219793021678925,1.475008451938629,-1.2675286650657653,0.40864308923482895,0.24693224474786377,0.7072602239530845,0.0458075312990518,0.24693224474786377,0.7072602239530845,0.0458075312990518,0.7072602239530845,0.24693224474786377,-0.6614526926540327,2,2,0.032,460.0,0.8103487938642502,0.9832889224471807,-0.43328892244718065
14,14,categorical_soft,1,1,False,0.0,0.0,0.0,1.0,0.0,2,-1.0,0.4575417309999466,-0.913802832365036,2.4989281415939333,-1.2345744490623474,0.4575417309999466,0.031279347797805654,0.9457373842478592,0.022983267954335283,0.031279347797805654,0.9457373842478592,0.022983267954335283,0.9457373842478592,0.031279347797805654,-0.922754116293524,2,2,0.064,490.0,0.6984655410051346,0.970371268883655,-0.42037126888365495
15,15,categorical_soft,1,1,False,0.0,0.0,0.0,1.0,0.0,2,-1.0,0.48187323212623595,-0.5688362360000611,1.5482630252838134,-0.7258438169956207,0.48187323212623595,0.0984067922059404,0.8164941162024792,0.08509909159158024,0.0984067922059404,0.8164941162024792,0.08509909159158024,0.8164941162024792,0.0984067922059404,-0.731395024610899,2,2,0.064,670.0,0.657180730602704,0.9555993270423452,-0.40559932704234514
16,16,categorical_soft,0,0,False,0.0,0.0,1.0,0.0,0.0,1,-1.0,0.39297121167182925,2.9366902351379394,0.5923468232154846,-2.8442188501358032,0.39297121167182925,0.9096446110308035,0.08751328245891314,0.0028421065102833968,0.9096446110308035,0.08751328245891314,0.0028421065102833968,0.9096446110308035,0.08751328245891314,-0.9068025045205201,1,1,0.032,990.0,0.6548107713460922,0.9353335886244387,-0.38533358862443867
17,17,categorical_soft,0,0,False,0.0,0.0,1.0,0.0,0.0,1,-1.0,0.4672621011734009,4.535552263259888,0.3384278446435928,-3.7696632146835327,0.4672621011734009,0.9849274654354717,0.01482874341989401,0.00024379114463429788,0.9849274654354717,0.01482874341989401,0.00024379114463429788,0.9849274654354717,0.01482874341989401,-0.9846836742908374,1,1,0.064,1160.0,0.867465652525425,0.9710154946235546,-0.4210154946235546
18,18,categorical_soft,0,0,True,0.4703194649998598,0.0,0.5296805500984192,0.0,0.4703194797039032,1,-0.05936107039451599,0.3114782780408859,0.9432358622550965,-0.7936200618743896,0.47049659490585327,0.3114782780408859,0.5556565860316789,0.09795686089870961,0.3463865530696115,0.5556565860316789,0.09795686089870961,0.3463865530696115,0.5556565860316789,0.09795686089870961,-0.20927003296206736,1,1,0.064,880.0,0.14334997534751892,0.5723013908026424,-0.022301390802642374
19,19,categorical_soft,0,0,True,0.15783541674977236,0.0,0.8421645760536194,0.0,0.15783542394638062,1,-0.6843291521072388,0.2347976416349411,1.4388131976127625,-0.5457531630992889,0.06758513748645782,0.2347976416349411,0.7177965125166377,0.0987311083876576,0.1834723790957047,0.7177965125166377,0.0987311083876576,0.1834723790957047,0.7177965125166377,0.0987311083876576,-0.534324133420933,1,1,0.064,890.0,0.6218863129615784,0.9327954541479567,-0.3827954541479567
20,20,categorical_soft,0,0,True,0.1385075905024299,0.0,0.861492395401001,0.0,0.13850758969783783,1,-0.7229848057031631,0.21976226530969142,5.9457048892974855,-4.629657745361328,1.5596223592758178,0.21976226530969142,0.9871660599267674,2.523030518057228e-05,0.01280870976805209,0.9871660599267674,2.523030518057228e-05,0.01280870976805209,0.9871660599267674,2.523030518057228e-05,-0.9743573501587154,1,1,0.512,940.0,1.331511277705431,0.9976637240031028,-0.4476637240031027
21,21,categorical_soft,0,0,True,0.14257556409246797,0.0,0.8574244379997253,0.0,0.14257556200027466,1,-0.7148488759994507,0.27160552591085435,2.0471826434135436,-1.774649715423584,0.8953556716442108,0.27160552591085435,0.7472669406860867,0.016368192481254932,0.23636486683265842,0.7472669406860867,0.016368192481254932,0.23636486683265842,0.7472669406860867,0.016368192481254932,-0.5109020738534282,1,1,0.128,600.0,0.8269800916314125,0.9817964952979781,-0.43179649529797803
22,22,categorical_soft,1,1,True,0.17070501334162702,0.0,0.0,0.8292949795722961,0.17070502042770386,2,-0.6585899591445923,0.4200929716229439,-2.836849308013916,1.9476096391677857,0.6548490881919861,0.4200929716229439,0.006517949910345855,0.7794071587234149,0.21407489136623922,0.006517949910345855,0.7794071587234149,0.21407489136623922,0.7794071587234149,0.006517949910345855,-0.5653322673571757,2,2,0.256,810.0,0.5141643323004246,0.9000342722994452,-0.35003427229944517
23,23,categorical_soft,1,1,True,0.19562216334397986,0.0,0.0,0.8043778538703918,0.19562216103076935,2,-0.6087556928396225,0.35076612383127215,0.035765689611434934,-0.19791628122329713,0.3479097604751587,0.35076612383127215,0.3167803169050485,0.25058619639954643,0.4326334866954051,0.3167803169050485,0.25058619639954643,0.4326334866954051,0.25058619639954643,0.3167803169050485,0.18204729029585864,3,3,0.0,880.0,0.4363681795075536,0.8495365426977518,-0.29953654269775176
24,24,categorical_soft,0,0,True,0.13827039345882153,0.0,0.861729621887207,0.0,0.13827039301395416,1,-0.7234592288732529,0.28129444904625417,5.379166221618652,-2.734643840789795,0.1473224490880966,0.28129444904625417,0.9940182976006738,0.0002977761602503258,0.005683926239075885,0.9940182976006738,0.0002977761602503258,0.005683926239075885,0.9940182976006738,0.0002977761602503258,-0.988334371361598,1,1,0.512,670.0,1.3751744218170643,0.9986372597710848,-0.4486372597710847
25,25,categorical_soft,0,0,True,0.13827917050404648,0.0,0.8617208003997803,0.0,0.13827916979789734,1,-0.7234416306018829,0.33537447825074196,4.673778343200683,-1.2330575823783874,-1.1185808897018432,0.33537447825074196,0.9941608558131405,0.002706029972509268,0.0031331142143502045,0.9941608558131405,0.002706029972509268,0.0031331142143502045,0.9941608558131405,0.002706029972509268,-0.9910277415987903,1,1,0.512,490.0,1.3256772384047508,0.9986011338836283,-0.4486011338836282
26,26,categorical_soft,0,0,False,0.0,0.0,1.0,0.0,0.0,1,-1.0,0.5227563098073006,3.1614793062210085,0.728310477733612,-2.8540170669555662,0.5227563098073006,0.9168943907411844,0.08083913057383355,0.00226647868498205,0.9168943907411844,0.08083913057383355,0.00226647868498205,0.9168943907411844,0.08083913057383355,-0.9146279120562023,1,1,0.032,990.0,0.6256432682275772,0.9261054418610988,-0.37610544186109873
27,27,categorical_soft,1,1,False,0.0,0.0,0.0,1.0,0.0,2,-1.0,0.40115821212530134,-1.7034910202026368,3.303108787536621,-1.1045093417167664,0.40115821212530134,0.00658658354236074,0.9811331529835703,0.0122802634740689,0.00658658354236074,0.9811331529835703,0.0122802634740689,0.9811331529835703,0.00658658354236074,-0.9688528895095014,2,2,0.256,670.0,1.0143475160002708,0.9920294334782974,-0.4420294334782974
28,28,categorical_soft,1,1,True,0.15346409575472014,0.0,0.0,0.8465359210968018,0.15346409380435944,2,-0.6930718272924423,0.2403636883944273,-2.313437509536743,2.3714622497558593,0.1392146646976471,0.2403636883944273,0.008387432623413292,0.8954219065872714,0.0961906607893153,0.008387432623413292,0.8954219065872714,0.0961906607893153,0.8954219065872714,0.008387432623413292,-0.7992312457979561,2,2,0.256,700.0,0.6205295249819756,0.945465008707168,-0.39546500870716794
29,29,categorical_soft,1,1,False,0.0,0.0,0.0,1.0,0.0,2,-1.0,0.3166777271777391,-1.652893030643463,4.2804577350616455,-1.9154388904571533,0.3166777271777391,0.0026487296533084003,0.9952568433425405,0.002094427004151157,0.0026487296533084003,0.9952568433425405,0.002094427004151157,0.9952568433425405,0.0026487296533084003,-0.9931624163383893,2,2,0.128,1110.0,0.8874989934265614,0.9751635105383551,-0.4251635105383551
30,30,categorical_soft,0,0,True,0.1382362113566537,0.0,0.8617637753486633,0.0,0.13823620975017548,1,-0.7235275655984879,0.3594348797574639,8.283731603622437,-3.035152769088745,-1.9718366146087647,0.3594348797574639,0.9999476287769455,1.2206591436533006e-05,4.016463161787112e-05,0.9999476287769455,1.2206591436533006e-05,4.016463161787112e-05,0.9999476287769455,1.2206591436533006e-05,-0.9999074641453277,1,1,0.512,1100.0,1.502898057922721,0.9987780266649418,-0.4487780266649417
31,31,categorical_soft,1,1,True,0.1981886021193041,0.0,0.0,0.8018113970756531,0.19818860292434692,2,-0.6036227941513062,0.38062289655208587,1.1204124450683595,-0.6111273854970932,0.29045122265815737,0.38062289655208587,0.619677383024555,0.10975346066080054,0.2705691563146444,0.619677383024555,0.10975346066080054,0.2705691563146444,0.10975346066080054,0.619677383024555,0.16081569565384385,1,1,0.0,1080.0,0.4783298671245575,0.8450161845023628,-0.2950161845023628
32,32,categorical_soft,1,1,True,0.15878169880904897,0.0,0.0,0.8412182927131653,0.15878169238567352,2,-0.6824366003274918,0.26502960845828055,-3.7378297805786134,3.1097198724746704,0.7050008475780487,0.26502960845828055,0.0009738878369105087,0.9162395821722766,0.08278652999081285,0.0009738878369105087,0.9162395821722766,0.08278652999081285,0.9162395821722766,0.0009738878369105087,-0.8334530521814638,2,2,0.512,1110.0,0.6674912087619305,0.930169693553761,-0.38016969355376096
33,33,categorical_soft,1,1,True,0.15452912015120251,0.0,0.0,0.8454709053039551,0.1545291244983673,2,-0.6909417808055878,0.31130760088562964,-2.235077714920044,1.636686623096466,0.3791937828063965,0.31130760088562964,0.015963412654751354,0.7655042742345775,0.21853231311067126,0.015963412654751354,0.7655042742345775,0.21853231311067126,0.7655042742345775,0.015963412654751354,-0.5469719611239062,2,2,0.256,590.0,0.5813465155661106,0.9422921797796965,-0.39229217977969644
34,34,categorical_soft,1,1,True,0.1659572057517602,0.0,0.0,0.8340427875518799,0.16595721244812012,2,-0.6680855751037598,0.4752953380346298,-3.3587467432022096,2.3096388816833495,0.7072217285633087,0.4752953380346298,0.002864804255235406,0.8293794956945911,0.16775570005017332,0.002864804255235406,0.8293794956945911,0.16775570005017332,0.8293794956945911,0.002864804255235406,-0.6616237956444178,2,2,0.512,980.0,0.5830800868570805,0.9114341793520553,-0.36143417935205524
35,35,categorical_soft,1,1,False,0.0,0.0,0.0,1.0,0.0,2,-1.0,0.3436578273773193,-1.6998398542404174,3.2483869075775145,-1.1054640471935273,0.3436578273773193,0.006975655817670566,0.9800711143321952,0.012953229850134465,0.006975655817670566,0.9800711143321952,0.012953229850134465,0.9800711143321952,0.006975655817670566,-0.9671178844820607,2,2,0.256,740.0,0.983464740216732,0.9899279505458738,-0.43992795054587375
36,36,categorical_soft,0,0,True,0.2756396611169857,0.0,0.7243603467941284,0.0,0.2756396532058716,1,-0.44872069358825684,0.37608022540807723,-0.21937411427497863,-0.01617046557366848,0.17307153344154358,0.37608022540807723,0.26974075886703247,0.3307626090713921,0.3994966320615755,0.26974075886703247,0.3307626090713921,0.3994966320615755,0.26974075886703247,0.3307626090713921,0.12975587319454301,3,3,0.0,910.0,0.30457280576229095,0.7402439727377856,-0.1902439727377856
37,37,categorical_soft,1,1,True,0.5000959869728804,0.0,0.0,0.49990400671958923,0.5000959634780884,3,0.0001919567584991455,0.41313634216785433,0.19999763667583464,-0.10287241637706757,0.13925028294324876,0.41313634216785433,0.3735710702981222,0.27541955165523374,0.3510093780466441,0.3735710702981222,0.27541955165523374,0.3510093780466441,0.27541955165523374,0.3735710702981222,0.07558982639141038,1,1,0.0,530.0,0.03898046910762787,0.549928009768958,7.199023104209612e-05
38,38,categorical_soft,0,0,True,0.13969023630715088,0.0,0.8603097796440125,0.0,0.13969023525714874,1,-0.7206195443868637,0.32777929604053496,1.5782611966133118,-1.1688108563423156,0.5335987091064454,0.32777929604053496,0.70591914645099,0.04526833872514803,0.24881251482386207,0.70591914645099,0.04526833872514803,0.24881251482386207,0.70591914645099,0.04526833872514803,-0.4571066316271279,1,1,0.128,420.0,0.9765269681811333,0.9928931070173358,-0.44289310701733575
39,39,categorical_soft,1,1,True,0.1427231677156029,0.0,0.0,0.8572768568992615,0.1427231729030609,2,-0.7145536839962006,0.10887833572924137,-3.164766263961792,2.8769227504730224,0.38642836809158326,0.10887833572924137,0.002195968697779464,0.9213900059407543,0.07641402536146635,0.002195968697779464,0.9213900059407543,0.07641402536146635,0.9213900059407543,0.002195968697779464,-0.8449759805792879,2,2,0.256,1000.0,0.9189697876572609,0.9812481310873736,-0.4312481310873736
40,40,categorical_soft,1,1,True,0.1449283766718838,0.0,0.0,0.8550716042518616,0.14492838084697723,2,-0.7101432234048843,0.27477730363607406,-3.209906506538391,2.6628918170928957,0.45744805932044985,0.27477730363607406,0.0025321128815179836,0.8983617080575149,0.09910617906096712,0.0025321128815179836,0.8983617080575149,0.09910617906096712,0.8983617080575149,0.0025321128815179836,-0.7992555289965478,2,2,0.512,780.0,0.7911144569516182,0.9732614526724147,-0.42326145267241466
41,41,categorical_soft,0,0,False,0.0,0.0,1.0,0.0,0.0,1,-1.0,0.3336924105882645,5.0375528812408445,-0.06895489394664764,-3.731738638877869,0.3336924105882645,0.9938069522324012,0.0060377489819879475,0.0001552987856108439,0.9938069522324012,0.0060377489819879475,0.0001552987856108439,0.9938069522324012,0.0060377489819879475,-0.9936516534467904,1,1,0.128,1110.0,0.8105276525020599,0.9641567331433587,-0.41415673314335866
42,42,categorical_soft,1,1,True,0.18386932635116243,0.0,0.0,0.8161306977272034,0.18386933207511902,2,-0.6322613656520844,0.31651750318706035,-0.46446370184421537,0.14761799499392508,0.13219466507434846,0.31651750318706035,0.2146537309036999,0.39592289133209696,0.3894233777642031,0.2146537309036999,0.39592289133209696,0.3894233777642031,0.39592289133209696,0.2146537309036999,-0.006499513567893855,2,2,0.032,870.0,0.47157008200883865,0.8716904059750423,-0.3216904059750423
43,43,categorical_soft,0,0,False,0.0,0.0,1.0,0.0,0.0,1,-1.0,0.48812628984451295,2.6079020500183105,0.6731029987335205,-2.7073354721069336,0.48812628984451295,0.869719197289692,0.12598559376608687,0.00429520894422118,0.869719197289692,0.12598559376608687,0.00429520894422118,0.869719197289692,0.12598559376608687,-0.8654239883454709,1,1,0.064,560.0,0.5961449593305588,0.9479353693958872,-0.39793536939588714
44,44,categorical_soft,0,0,False,0.0,0.0,1.0,0.0,0.0,1,-1.0,0.44854572117328645,4.521047639846802,0.5732036709785462,-3.9773954153060913,0.44854572117328645,0.9808237697120081,0.018974946874912947,0.00020128341307890378,0.9808237697120081,0.018974946874912947,0.00020128341307890378,0.9808237697120081,0.018974946874912947,-0.9806224862989292,1,1,0.032,1090.0,0.8813283666968346,0.9750127157054449,-0.42501271570544485
45,45,categorical_soft,0,0,True,0.2042680392286863,0.0,0.7957319617271423,0.0,0.20426803827285767,1,-0.5914639234542847,0.41542633473873136,1.185511314868927,-0.7509939074516296,0.2977928563952446,0.41542633473873136,0.6423826020907165,0.09269321087013595,0.26492418703914755,0.6423826020907165,0.09269321087013595,0.26492418703914755,0.6423826020907165,0.09269321087013595,-0.37745841505156896,1,1,0.064,490.0,0.3179522901773453,0.8346999382675498,-0.2846999382675498
46,46,categorical_soft,0,0,True,0.13885866885625836,0.0,0.8611413240432739,0.0,0.13885867595672607,1,-0.7222826480865479,0.3014660179615021,3.5646142244338987,-3.169026494026184,1.5859362602233886,0.3014660179615021,0.8773506522665115,0.0010447389384226344,0.1216046087950656,0.8773506522665115,0.0010447389384226344,0.1216046087950656,0.8773506522665115,0.0010447389384226344,-0.7557460434714459,1,1,0.256,960.0,1.238908588886261,0.9962331804667848,-0.44623318046678473
47,47,categorical_soft,1,1,True,0.1491607895783002,0.0,0.0,0.8508391976356506,0.14916078746318817,2,-0.7016784101724625,0.2516511520370841,-2.905469298362732,2.1905803203582765,0.5182825565338135,0.2516511520370841,0.005128591935406414,0.8370250276624585,0.157846380402135,0.005128591935406414,0.8370250276624585,0.157846380402135,0.8370250276624585,0.005128591935406414,-0.6791786472603234,2,2,0.512,580.0,0.6515953863272443,0.9589142773357157,-0.4089142773357156
48,48,categorical_soft,1,1,False,0.0,0.0,0.0,1.0,0.0,2,-1.0,0.4674514696002007,-1.432666265964508,5.034430599212646,-2.6132299661636353,0.4674514696002007,0.0015557509281791488,0.9979570149843917,0.0004872340874291999,0.0015557509281791488,0.9979570149843917,0.0004872340874291999,0.9979570149843917,0.0015557509281791488,-0.9974697808969625,2,2,0.128,1170.0,0.9544913917779922,0.9806802795219415,-0.43068027952194143
49,49,categorical_soft,1,1,False,0.0,0.0,0.0,1.0,0.0,2,-1.0,0.3435914918780327,-1.0889724016189575,3.572748827934265,-1.8046983003616333,0.3435914918780327,0.009333504492408546,0.9860373317632,0.004629163744391416,0.009333504492408546,0.9860373317632,0.004629163744391416,0.9860373317632,0.009333504492408546,-0.9814081680188086,2,2,0.128,670.0,0.8650231137871742,0.9835412539954715,-0.4335412539954715
50,50,categorical_soft,0,0,True,0.17652500160833862,0.0,0.8234750032424927,0.0,0.17652499675750732,1,-0.6469500064849854,0.46934818774461745,0.2629600211977959,-0.28169614970684054,0.25715409964323044,0.46934818774461745,0.3884737362463736,0.22534608172354784,0.38618018203007864,0.3884737362463736,0.22534608172354784,0.38618018203007864,0.3884737362463736,0.22534608172354784,-0.0022935542162949574,1,1,0.032,510.0,0.4125770479440689,0.8869672724728956,-0.3369672724728956
51,51,categorical_soft,1,1,True,0.14994993269699897,0.0,0.0,0.8500500917434692,0.14994993805885315,2,-0.7001001536846161,0.34069574177265166,-3.0252531290054323,2.2386466026306153,0.6039382457733155,0.34069574177265166,0.004308546768921296,0.832531169835845,0.16316028339523386,0.004308546768921296,0.832531169835845,0.16316028339523386,0.832531169835845,0.004308546768921296,-0.6693708864406112,2,2,0.256,1000.0,0.7418664749711752,0.9563678204530032,-0.4063678204530031
52,52,categorical_soft,0,0,True,0.13890481310209313,0.0,0.8610951900482178,0.0,0.13890480995178223,1,-0.7221903800964355,0.33942547291517255,3.6201048374176024,-2.702057385444641,1.1997530460357666,0.33942547291517255,0.9163223319610105,0.0016482178479521998,0.08202945019103715,0.9163223319610105,0.0016482178479521998,0.08202945019103715,0.9163223319610105,0.0016482178479521998,-0.8342928817699734,1,1,0.256,880.0,1.2093748897314072,0.9960460687413807,-0.44604606874138064
53,53,categorical_soft,1,1,True,0.1700814905199407,0.0,0.0,0.8299185037612915,0.1700814962387085,2,-0.659837007522583,0.23079221062362193,-0.8205769658088684,0.6373186945915222,0.034581283852458,0.23079221062362193,0.13077602604415622,0.5616224801054341,0.30760149385040964,0.13077602604415622,0.5616224801054341,0.30760149385040964,0.5616224801054341,0.13077602604415622,-0.2540209862550245,2,2,0.032,770.0,0.5076670087873936,0.9014911272737932,-0.35149112727379317
54,54,categorical_soft,1,1,False,0.0,0.0,0.0,1.0,0.0,2,-1.0,0.4086651086807251,-0.7588548481464386,3.6371676921844482,-1.985760509967804,0.4086651086807251,0.012134200465695941,0.984240115267878,0.0036256842664261673,0.012134200465695941,0.984240115267878,0.0036256842664261673,0.984240115267878,0.012134200465695941,-0.9806144310014518,2,2,0.064,1070.0,0.7707834392786026,0.9587128420090807,-0.40871284200908065
55,55,categorical_soft,1,1,False,0.0,0.0,0.0,1.0,0.0,2,-1.0,0.4607173800468445,-0.13311675190925598,4.453313875198364,-3.239049220085144,0.4607173800468445,0.01008529107620953,0.9894553628120901,0.0004593461117002709,0.01008529107620953,0.9894553628120901,0.0004593461117002709,0.9894553628120901,0.01008529107620953,-0.9889960167003898,2,2,0.064,1120.0,0.8611905425786972,0.9715009364845482,-0.4215009364845481
56,56,categorical_soft,0,0,False,0.0,0.0,1.0,0.0,0.0,1,-1.0,0.458439701795578,6.7791825294494625,-0.6070618748664856,-4.326232147216797,0.458439701795578,0.9993632183360827,0.0006217079448028115,1.5073719114419307e-05,0.9993632183360827,0.0006217079448028115,1.5073719114419307e-05,0.9993632183360827,0.0006217079448028115,-0.9993481446169682,1,1,0.512,690.0,0.9768161326646805,0.990199551493082,-0.440199551493082
57,57,categorical_soft,0,0,True,0.15970363701444518,0.0,0.8402963876724243,0.0,0.15970364212989807,1,-0.6805927455425262,0.3844784930348396,1.1346891164779662,-0.8155724883079529,0.3841947436332703,0.3844784930348396,0.6192323558855503,0.08820222655157098,0.29256541756287874,0.6192323558855503,0.08820222655157098,0.29256541756287874,0.6192323558855503,0.08820222655157098,-0.3266669383226715,1,1,0.064,460.0,0.500236913561821,0.9276486484729601,-0.3776486484729601
58,58,categorical_soft,1,1,True,0.3336827505310743,0.0,0.0,0.6663172245025635,0.33368274569511414,2,-0.33263447880744934,0.3774028174579144,-0.5340761035680771,0.22643564343452455,0.0031341254711151124,0.3774028174579144,0.20616691250750518,0.44118047765481316,0.35265260983768154,0.20616691250750518,0.44118047765481316,0.35265260983768154,0.44118047765481316,0.20616691250750518,-0.08852786781713162,2,2,0.032,530.0,0.15421375632286072,0.6827785006137393,-0.1327785006137393
59,59,categorical_soft,1,1,False,0.0,0.0,0.0,1.0,0.0,2,-1.0,0.39311964213848116,-0.6948585867881775,3.4672578811645507,-1.9124916315078735,0.39311964213848116,0.015323616667050313,0.9801018288452719,0.004574554487677821,0.015323616667050313,0.9801018288452719,0.004574554487677821,0.9801018288452719,0.015323616667050313,-0.975527274357594,2,2,0.064,870.0,0.7703574150800705,0.9672025823294294,-0.4172025823294293
60,60,categorical_soft,0,0,True,0.13862414130839523,0.0,0.8613758683204651,0.0,0.1386241465806961,1,-0.722751721739769,0.19760919995605947,4.513581657409668,-2.730110931396484,0.5788763448596,0.19760919995605947,0.9786513452921028,0.0006998076644442564,0.02064884704345285,0.9786513452921028,0.0006998076644442564,0.02064884704345285,0.9786513452921028,0.0006998076644442564,-0.95800249824865,1,1,0.256,1070.0,1.3255500122904778,0.9971874450250001,-0.4471874450250001
61,61,categorical_soft,1,1,False,0.0,0.0,0.0,1.0,0.0,2,-1.0,0.40625672191381457,-2.667632007598877,3.3336647033691404,-0.4390860289335251,0.40625672191381457,0.0024171398981023178,0.9749144054836091,0.022668454618288657,0.0024171398981023178,0.9749144054836091,0.022668454618288657,0.9749144054836091,0.0024171398981023178,-0.9522459508653204,2,2,0.512,870.0,0.9255192875862122,0.9844256769823115,-0.4344256769823115
62,62,categorical_soft,1,1,False,0.0,0.0,0.0,1.0,0.0,2,-1.0,0.4254240244626999,2.58802330493927,0.7032214045524597,-2.4937931060791017,0.4254240244626999,0.8627708650097754,0.13183320603786816,0.005395928952356438,0.8627708650097754,0.13183320603786816,0.005395928952356438,0.13183320603786816,0.8627708650097754,-0.12643727708551172,1,1,0.0,980.0,0.2789652496576309,0.6978387305640433,-0.14783873056404329
63,63,categorical_soft,1,1,True,0.17366902544088542,0.0,0.0,0.8263309597969055,0.1736690253019333,2,-0.6526619344949722,0.414737743511796,0.009908750001341105,0.3487676352262497,-0.12408727332949639,0.414737743511796,0.3059565177570521,0.4274514881534418,0.26659199408950607,0.3059565177570521,0.4274514881534418,0.26659199408950607,0.4274514881534418,0.3059565177570521,-0.16085949406393574,2,2,0.032,970.0,0.5385469272732735,0.8932635050298142,-0.3432635050298142
64,64,categorical_soft,1,1,True,0.4901604227321506,0.0,0.0,0.5098395943641663,0.49016043543815613,2,-0.019679158926010132,0.42120990306138995,0.06417348925024272,-0.2671366840600967,0.3097228318452835,0.42120990306138995,0.3335773873806354,0.2398339656510778,0.42658864696828686,0.3335773873806354,0.2398339656510778,0.42658864696828686,0.2398339656510778,0.3335773873806354,0.18675468131720904,3,3,0.0,840.0,0.12118034064769745,0.5573811719932862,-0.00738117199328614
65,65,categorical_soft,1,1,False,0.0,0.0,0.0,1.0,0.0,2,-1.0,0.4852380186319351,1.22105313539505,0.7866856098175049,-1.5396340489387512,0.4852380186319351,0.5843767811768099,0.3785563890599545,0.03706682976323569,0.5843767811768099,0.3785563890599545,0.03706682976323569,0.3785563890599545,0.5843767811768099,-0.34148955929671876,1,1,0.0,1090.0,0.4844055473804474,0.8473326432389668,-0.2973326432389668
66,66,categorical_soft,0,0,False,0.0,0.0,1.0,0.0,0.0,1,-1.0,0.4602878913283348,8.395595741271972,-1.6123363494873046,-4.400547075271606,0.4602878913283348,0.999951141253294,4.6041487717313735e-05,2.817258988773287e-06,0.999951141253294,4.6041487717313735e-05,2.817258988773287e-06,0.999951141253294,4.6041487717313735e-05,-0.9999483239943052,1,1,0.512,890.0,1.2261307686567307,0.9963133969089378,-0.4463133969089378
67,67,categorical_soft,1,1,False,0.0,0.0,0.0,1.0,0.0,2,-1.0,0.3515378266572952,-1.2680318832397461,4.6831817626953125,-2.529071402549744,0.3515378266572952,0.0026009480487895927,0.9966525382074856,0.0007465137437246954,0.0026009480487895927,0.9966525382074856,0.0007465137437246954,0.9966525382074856,0.0026009480487895927,-0.9959060244637609,2,2,0.128,1100.0,0.8749115876853466,0.9739286109917756,-0.4239286109917756
68,68,categorical_soft,1,1,False,0.0,0.0,0.0,1.0,0.0,2,-1.0,0.4194176599383354,-1.1583569169044494,4.149467849731446,-2.169751763343811,0.4194176599383354,0.0049395701739235465,0.9932386103716835,0.0018218194543928503,0.0049395701739235465,0.9932386103716835,0.0018218194543928503,0.9932386103716835,0.0049395701739235465,-0.9914167909172906,2,2,0.128,960.0,0.9685422331094742,0.9859270080561116,-0.4359270080561115
69,69,categorical_soft,0,0,False,0.0,0.0,1.0,0.0,0.0,1,-1.0,0.5014753833413124,4.166944122314453,0.6342387557029724,-3.822226047515869,0.5014753833413124,0.9710684646034675,0.028600133892308192,0.00033140150422423896,0.9710684646034675,0.028600133892308192,0.00033140150422423896,0.9710684646034675,0.028600133892308192,-0.9707370630992432,1,1,0.128,720.0,0.8523540496826172,0.9814357017170758,-0.4314357017170758
70,70,categorical_soft,0,0,False,0.0,0.0,1.0,0.0,0.0,1,-1.0,0.4448700398206711,0.2349859043955803,1.8477490544319153,-1.4453729510307312,0.4448700398206711,0.16127061601934903,0.8085423354256527,0.030187048554998264,0.16127061601934903,0.8085423354256527,0.030187048554998264,0.16127061601934903,0.8085423354256527,-0.13108356746435076,2,2,0.0,720.0,0.44834649562835693,0.8789702181222038,-0.32897021812220373
71,71,categorical_soft,0,0,False,0.0,0.0,1.0,0.0,0.0,1,-1.0,0.46393240839242933,3.0837395906448366,0.6482089042663575,-2.954368996620178,0.46393240839242933,0.9173175339502408,0.08047602553111818,0.0022064405186409154,0.9173175339502408,0.08047602553111818,0.0022064405186409154,0.9173175339502408,0.08047602553111818,-0.9151110934315999,1,1,0.032,780.0,0.8637105077505112,0.981132042637916,-0.43113204263791594
72,72,categorical_soft,1,1,False,0.0,0.0,0.0,1.0,0.0,2,-1.0,0.3215940296649933,-1.1378595352172851,4.362710905075073,-2.450859713554382,0.3215940296649933,0.004067168830050426,0.9948161692703209,0.001116661899628587,0.004067168830050426,0.9948161692703209,0.001116661899628587,0.9948161692703209,0.004067168830050426,-0.9936995073706923,2,2,0.064,1100.0,0.8855261914432049,0.9752206615559437,-0.4252206615559436
73,73,categorical_soft,1,1,True,0.22352256546050314,0.0,0.0,0.7764774560928345,0.22352255880832672,2,-0.5529548972845078,0.4583298698067665,0.6137382566928864,-0.03610759843140841,-0.1439922496676445,0.4583298698067665,0.5020635240110276,0.26205543720309243,0.23588103878588,0.5020635240110276,0.26205543720309243,0.23588103878588,0.26205543720309243,0.5020635240110276,-0.026174398417212447,1,1,0.032,1070.0,0.41934990882873535,0.805071285281604,-0.25507128528160394
74,74,categorical_soft,1,1,False,0.0,0.0,0.0,1.0,0.0,2,-1.0,0.3161253213882446,-1.098992943763733,3.020982599258423,-1.4340292096138,0.3161253213882446,0.015851300072375875,0.9724176629394294,0.011731036988194632,0.015851300072375875,0.9724176629394294,0.011731036988194632,0.9724176629394294,0.015851300072375875,-0.9606866259512348,2,2,0.256,470.0,0.750457413494587,0.9774343798942589,-0.4274343798942588
75,75,categorical_soft,0,0,True,0.13853784026948351,0.0,0.8614621758460999,0.0,0.13853783905506134,1,-0.7229243367910385,0.27961440756917,7.243439817428589,-5.87738823890686,2.234059238433838,0.27961440756917,0.9932689975585953,2.004887793196733e-06,0.006728997553611287,0.9932689975585953,2.004887793196733e-06,0.006728997553611287,0.9932689975585953,2.004887793196733e-06,-0.986540000004984,1,1,0.512,1130.0,1.367600105702877,0.9975399784909955,-0.44753997849099547
76,76,categorical_soft,1,1,False,0.0,0.0,0.0,1.0,0.0,2,-1.0,0.35270110368728635,-1.4348650574684143,3.659179663658142,-1.5325726985931396,0.35270110368728635,0.00608315046402734,0.9883036668868288,0.005613182649143763,0.00608315046402734,0.9883036668868288,0.005613182649143763,0.9883036668868288,0.00608315046402734,-0.982690484237685,2,2,0.256,570.0,0.875366348773241,0.9860973961582832,-0.43609739615828313
77,77,categorical_soft,0,0,True,0.2843102796255571,0.0,0.7156897187232971,0.0,0.2843102812767029,1,-0.43137943744659424,0.3550915136933327,-0.25721258372068406,-0.08619949221611023,0.20321692824363707,0.3550915136933327,0.26519061711696434,0.3148190555787042,0.4199903273043315,0.26519061711696434,0.3148190555787042,0.4199903273043315,0.26519061711696434,0.3148190555787042,0.15479971018736716,3,3,0.0,540.0,0.20403078198432922,0.7309183744348664,-0.18091837443486636
78,78,categorical_soft,0,0,False,0.0,0.0,1.0,0.0,0.0,1,-1.0,0.5785391330718994,1.0268701314926147,0.46768049001693723,-1.1073062241077423,0.5785391330718994,0.5910733953710945,0.3378355261400495,0.0710910784888559,0.5910733953710945,0.3378355261400495,0.0710910784888559,0.5910733953710945,0.3378355261400495,-0.5199823168822386,1,1,0.0,620.0,0.4462731406092644,0.8902290393494401,-0.34022903934944004
79,79,categorical_soft,0,0,False,0.0,0.0,1.0,0.0,0.0,1,-1.0,0.3234836392104626,8.556159114837646,-2.476649808883667,-3.646990919113159,0.3234836392104626,0.999978487625324,1.6289410840797945e-05,5.222963835250237e-06,0.999978487625324,1.6289410840797945e-05,5.222963835250237e-06,0.999978487625324,1.6289410840797945e-05,-0.9999732646614888,1,1,0.512,1000.0,1.1299725770950317,0.9932690070609597,-0.4432690070609596
80,80,categorical_soft,0,0,False,0.0,0.0,1.0,0.0,0.0,1,-1.0,0.47719324976205824,3.748278021812439,0.5277214407920837,-3.130216193199158,0.47719324976205824,0.9603431804661126,0.038666776795646875,0.0009900427382405457,0.9603431804661126,0.038666776795646875,0.0009900427382405457,0.9603431804661126,0.038666776795646875,-0.959353137727872,1,1,0.064,800.0,0.7522460445761681,0.9670563502311729,-0.4170563502311728
81,81,categorical_soft,1,1,False,0.0,0.0,0.0,1.0,0.0,2,-1.0,0.5467094838619232,-0.07012953236699104,0.7584517478942872,-0.5453467309474945,0.5467094838619232,0.2554820589268809,0.5851301762739893,0.15938776479912972,0.2554820589268809,0.5851301762739893,0.15938776479912972,0.5851301762739893,0.2554820589268809,-0.4257424114748596,2,2,0.0,870.0,0.6061205714941025,0.9293726519956671,-0.37937265199566705
82,82,categorical_soft,1,1,True,0.23795408725147604,0.0,0.0,0.7620459198951721,0.23795408010482788,2,-0.5240918397903442,0.42102651447057726,1.0396302461624145,-0.3779808521270752,0.059240122139453885,0.42102651447057726,0.6177071106353746,0.1498455684261911,0.23244732093843412,0.6177071106353746,0.1498455684261911,0.23244732093843412,0.1498455684261911,0.6177071106353746,0.08260175251224303,1,1,0.0,890.0,0.35041680932044983,0.7852620969120172,-0.23526209691201716
83,83,categorical_soft,0,0,True,0.36947866635092386,0.0,0.6305213570594788,0.0,0.36947867274284363,1,-0.26104268431663513,0.30448817685246465,0.8876991033554077,-0.0021910045295953752,-0.12456978484988213,0.30448817685246465,0.5632873344922744,0.2313215237866859,0.20539114172103962,0.5632873344922744,0.2313215237866859,0.20539114172103962,0.5632873344922744,0.2313215237866859,-0.3578961927712348,1,1,0.0,950.0,0.22867665439844131,0.651605641655162,-0.10160564165516195
84,84,categorical_soft,1,1,False,0.0,0.0,0.0,1.0,0.0,2,-1.0,0.3871245577931404,-0.21768115162849427,1.5946637511253356,-0.9156924724578858,0.3871245577931404,0.13124989802739154,0.8031294869446037,0.0656206150280047,0.13124989802739154,0.8031294869446037,0.0656206150280047,0.8031294869446037,0.13124989802739154,-0.737508871916599,2,2,0.0,1000.0,0.550745278596878,0.8955086415069909,-0.3455086415069909
85,85,categorical_soft,1,1,False,0.0,0.0,0.0,1.0,0.0,2,-1.0,0.4719780832529068,-2.056216907501221,3.4783583164215086,-0.9975188493728637,0.4719780832529068,0.003899386737970821,0.9846250010937581,0.01147561216827094,0.003899386737970821,0.9846250010937581,0.01147561216827094,0.9846250010937581,0.003899386737970821,-0.9731493889254871,2,2,0.256,930.0,0.8126536016352475,0.9712387698232933,-0.4212387698232932
86,86,categorical_soft,0,0,True,0.1401671634825094,0.0,0.8598328232765198,0.0,0.14016716182231903,1,-0.7196656614542007,0.33829852342605593,1.9358964443206788,-1.5185328602790833,0.681131112575531,0.33829852342605593,0.7592464727579545,0.024060120251094216,0.2166934069909512,0.7592464727579545,0.024060120251094216,0.2166934069909512,0.7592464727579545,0.024060120251094216,-0.5425530657670034,1,1,0.128,720.0,1.0018488429486752,0.99100729361372,-0.44100729361371993
87,87,categorical_soft,0,0,True,0.1579737808476096,0.0,0.8420262336730957,0.0,0.1579737812280655,1,-0.6840524524450302,0.4132687583565712,0.021486527100205422,-0.01974390409886837,0.1231673002243042,0.4132687583565712,0.3263100295780488,0.3125235601429007,0.3611664102790504,0.3263100295780488,0.3125235601429007,0.3611664102790504,0.3263100295780488,0.3125235601429007,0.03485638070100161,3,3,0.128,440.0,0.5102233439683914,0.9324090586510734,-0.38240905865107333
88,88,categorical_soft,1,1,True,0.15601400032370472,0.0,0.0,0.8439859747886658,0.15601399540901184,2,-0.6879719793796539,0.1613817449659109,-2.037448012828827,2.502800130844116,-0.13209198638796807,0.1613817449659109,0.010010129234307528,0.9236781229192527,0.06631174784644003,0.010010129234307528,0.9236781229192527,0.06631174784644003,0.9236781229192527,0.010010129234307528,-0.8573663750728127,2,2,0.064,920.0,0.6466557011008263,0.9379630827620945,-0.38796308276209446
89,89,categorical_soft,0,0,True,0.13867979422016208,0.0,0.8613201975822449,0.0,0.13867978751659393,1,-0.7226404100656509,0.385166896879673,3.548123264312744,-2.960662841796875,1.3258177518844605,0.385166896879673,0.9005964892028266,0.0013451192380174654,0.09805839155915577,0.9005964892028266,0.0013451192380174654,0.09805839155915577,0.9005964892028266,0.0013451192380174654,-0.8025380976436709,1,1,0.512,550.0,1.1821235120296478,0.9969605032899925,-0.4469605032899925
90,90,categorical_soft,0,0,False,0.0,0.0,1.0,0.0,0.0,1,-1.0,0.3952940359711647,8.274587917327882,-1.3796067357063293,-4.592446136474609,0.3952940359711647,0.9999323470118663,6.503219995305747e-05,2.620788180635202e-06,0.9999323470118663,6.503219995305747e-05,2.620788180635202e-06,0.9999323470118663,6.503219995305747e-05,-0.9999297262236857,1,1,0.512,880.0,1.2769555374979973,0.997160080993963,-0.447160080993963
91,91,categorical_soft,0,0,True,0.1385059640391194,0.0,0.8614940643310547,0.0,0.1385059654712677,1,-0.722988098859787,0.3388106361031532,5.841699934005737,-5.263366556167602,2.280066442489624,0.3388106361031532,0.972067763741036,1.4649109448961889e-05,0.027917587149515095,0.972067763741036,1.4649109448961889e-05,0.027917587149515095,0.972067763741036,1.4649109448961889e-05,-0.9441501765915209,1,1,0.512,1080.0,1.366443656384945,0.9976703801408602,-0.44767038014086014
92,92,categorical_soft,1,1,False,0.0,0.0,0.0,1.0,0.0,2,-1.0,0.3825115144252777,-1.1524810314178466,3.8758286476135253,-2.160934793949127,0.3825115144252777,0.006500213168970835,0.9910898151988953,0.0024099716321338764,0.006500213168970835,0.9910898151988953,0.0024099716321338764,0.9910898151988953,0.006500213168970835,-0.9886798435667614,2,2,0.256,560.0,0.9402712360024452,0.9899754196958969,-0.4399754196958968
93,93,categorical_soft,0,0,False,0.0,0.0,1.0,0.0,0.0,1,-1.0,0.3773057863116264,5.771698427200318,-0.9334474325180053,-3.3046277284622194,0.3773057863116264,0.9986597062735706,0.00122493696128877,0.00011535676514056985,0.9986597062735706,0.00122493696128877,0.00011535676514056985,0.9986597062735706,0.00122493696128877,-0.9985443495084301,1,1,0.256,1010.0,0.89406618475914,0.9786080040410493,-0.42860800404104926
94,94,categorical_soft,0,0,False,0.0,0.0,1.0,0.0,0.0,1,-1.0,0.43300830870866774,1.9851333260536195,0.6523843884468079,-2.014765191078186,0.43300830870866774,0.7795290262822421,0.20605791580429003,0.014413057913468003,0.7795290262822421,0.20605791580429003,0.014413057913468003,0.7795290262822421,0.20605791580429003,-0.765115968368774,1,1,0.032,1190.0,0.02443823218345642,0.33922723566905744,0.2107727643309426
95,95,categorical_soft,1,1,False,0.0,0.0,0.0,1.0,0.0,2,-1.0,0.4632400557398796,-1.1468668937683106,2.6026909351348877,-0.9723957300186157,0.4632400557398796,0.022431733810819032,0.9505002236104996,0.027068042578681322,0.022431733810819032,0.9505002236104996,0.027068042578681322,0.9505002236104996,0.022431733810819032,-0.9234321810318182,2,2,0.128,600.0,0.7799523025751114,0.9771726121679656,-0.42717261216796554
96,96,categorical_soft,1,1,False,0.0,0.0,0.0,1.0,0.0,2,-1.0,0.40236619859933853,-1.3097525238990784,2.7711762189865112,-1.1085894644260406,0.40236619859933853,0.01632818288358134,0.9634976967275868,0.02017412038883176,0.01632818288358134,0.9634976967275868,0.02017412038883176,0.9634976967275868,0.01632818288358134,-0.9433235763387551,2,2,0.128,540.0,0.7702847868204117,0.9777200244845375,-0.4277200244845375
97,97,categorical_soft,0,0,False,0.0,0.0,1.0,0.0,0.0,1,-1.0,0.44868495911359785,4.444505739212036,0.4836461365222931,-3.956914496421814,0.44868495911359785,0.9810549345428943,0.018723815578534246,0.00022124987857163213,0.9810549345428943,0.018723815578534246,0.00022124987857163213,0.9810549345428943,0.018723815578534246,-0.9808336846643226,1,1,0.128,850.0,0.8069951236248016,0.9730954313510861,-0.42309543135108607
98,98,categorical_soft,0,0,False,0.0,0.0,1.0,0.0,0.0,1,-1.0,0.5371835336089135,6.626994943618774,-0.4757778376340866,-4.353988838195801,0.5371835336089135,0.9991557022616273,0.0008270194713879729,1.72782669846409e-05,0.9991557022616273,0.0008270194713879729,1.72782669846409e-05,0.9991557022616273,0.0008270194713879729,-0.9991384239946427,1,1,0.256,1130.0,0.940323144197464,0.980270773974937,-0.43027077397493696
99,99,categorical_soft,1,1,False,0.0,0.0,0.0,1.0,0.0,2,-1.0,0.4188996061682701,-1.5777534365653991,3.4237937450408937,-1.376578116416931,0.4188996061682701,0.006637459088826192,0.9850803586316698,0.008282182279504025,0.006637459088826192,0.9850803586316698,0.008282182279504025,0.9850803586316698,0.006637459088826192,-0.9767981763521657,2,2,0.256,770.0,0.8457882143557072,0.9796723792946275,-0.4296723792946274
100,100,categorical_soft,0,0,True,0.3376142361206555,0.0,0.6623857617378235,0.0,0.3376142382621765,1,-0.324771523475647,0.33769181966781614,-0.10594110917299986,0.05547645110636949,0.10016546994447709,0.33769181966781614,0.2938502605826885,0.34508879398263853,0.36106094543467304,0.2938502605826885,0.34508879398263853,0.36106094543467304,0.2938502605826885,0.34508879398263853,0.06721068485198456,3,3,0.032,440.0,0.12880773842334747,0.6792309287486062,-0.1292309287486062
101,101,categorical_soft,0,0,False,0.0,0.0,1.0,0.0,0.0,1,-1.0,0.39611055999994277,4.558970928192139,0.01379875596612692,-3.398107719421387,0.39611055999994277,0.9891317370624944,0.010521240193728344,0.00034702274377722216,0.9891317370624944,0.010521240193728344,0.00034702274377722216,0.9891317370624944,0.010521240193728344,-0.9887847143187172,1,1,0.128,830.0,0.830107644200325,0.9764743892344655,-0.42647438923446546
102,102,categorical_soft,1,1,False,0.0,0.0,0.0,1.0,0.0,2,-1.0,0.3648214012384415,-3.2619447231292726,4.189192771911621,-0.5246696949005127,0.3648214012384415,0.0005753309445723415,0.9904156898934374,0.00900897916199032,0.0005753309445723415,0.9904156898934374,0.00900897916199032,0.9904156898934374,0.0005753309445723415,-0.9814067107314471,2,2,0.512,1170.0,0.895032768137753,0.9742936447438079,-0.4242936447438078
103,103,categorical_soft,0,0,False,0.0,0.0,1.0,0.0,0.0,1,-1.0,0.44873942881822587,2.3474422454833985,0.48124873340129853,-2.0555285930633547,0.44873942881822587,0.8566282086889739,0.1328431110160882,0.010528680294937925,0.8566282086889739,0.1328431110160882,0.010528680294937925,0.8566282086889739,0.1328431110160882,-0.846099528394036,1,1,0.0,1100.0,0.23338864743709564,0.6150104376710481,-0.06501043767104808
104,104,categorical_soft,1,1,True,0.4096164916586834,0.0,0.0,0.5903835296630859,0.40961650013923645,2,-0.1807670295238495,0.4411335114389658,0.1836312457919121,0.6215144693851471,-0.19775139391422272,0.4411335114389658,0.3096472084198344,0.47939460679344476,0.21095818478672093,0.3096472084198344,0.47939460679344476,0.21095818478672093,0.47939460679344476,0.3096472084198344,-0.2684364220067238,2,2,0.032,540.0,0.09940434992313385,0.618978002070126,-0.06897800207012594
105,105,categorical_soft,1,1,True,0.18887130337457675,0.0,0.0,0.8111286759376526,0.18887130916118622,2,-0.6222573667764664,0.3499889440834522,-1.6066076040267945,1.0671092033386231,0.2657125979661942,0.3499889440834522,0.04543332572974882,0.6586183336027803,0.29594834066747094,0.04543332572974882,0.6586183336027803,0.29594834066747094,0.6586183336027803,0.04543332572974882,-0.3626699929353094,2,2,0.064,550.0,0.3758755214512348,0.8619496191417857,-0.31194961914178565
106,106,categorical_soft,1,1,False,0.0,0.0,0.0,1.0,0.0,2,-1.0,0.3607443496584892,-1.1778242111206054,2.144904136657715,-0.7465983688831329,0.3607443496584892,0.03303485166444455,0.915915445393104,0.051049702942451536,0.03303485166444455,0.915915445393104,0.051049702942451536,0.915915445393104,0.03303485166444455,-0.8648657424506525,2,2,0.064,500.0,0.7896378748118877,0.9806371703308566,-0.4306371703308566
107,107,categorical_soft,0,0,False,0.0,0.0,1.0,0.0,0.0,1,-1.0,0.34414428025484084,5.017388486862183,0.3554388076066971,-4.050656938552857,0.34414428025484084,0.990491244810465,0.009394461643067642,0.00011429354646723825,0.990491244810465,0.009394461643067642,0.00011429354646723825,0.990491244810465,0.009394461643067642,-0.9903769512639978,1,1,0.064,1090.0,0.6760236322879791,0.9343389584901522,-0.3843389584901522
108,108,categorical_soft,1,1,False,0.0,0.0,0.0,1.0,0.0,2,-1.0,0.4733417645096779,-1.7564788937568665,3.4769657135009764,-1.316814112663269,0.4733417645096779,0.005294534146128202,0.9862862035070996,0.008419262346772247,0.005294534146128202,0.9862862035070996,0.008419262346772247,0.9862862035070996,0.005294534146128202,-0.9778669411603274,2,2,0.512,420.0,0.9626827612519264,0.9923966606535153,-0.44239666065351524
109,109,categorical_soft,0,0,True,0.13903218305788395,0.0,0.8609678149223328,0.0,0.13903218507766724,1,-0.7219356298446655,0.3266802530735731,4.971858024597168,-2.4140199303627012,-0.06250099204480648,0.3266802530735731,0.9921524521132523,0.0006157928745448357,0.0072317550122027435,0.9921524521132523,0.0006157928745448357,0.0072317550122027435,0.9921524521132523,0.0006157928745448357,-0.9849206971010496,1,1,0.256,1090.0,1.2358582559973001,0.9955306831056581,-0.445530683105658
110,110,categorical_soft,1,1,False,0.0,0.0,0.0,1.0,0.0,2,-1.0,0.38698580041527747,-0.025687570590525864,1.3081624507904053,-0.8411582052707672,0.38698580041527747,0.19084037788991973,0.7242031581576306,0.08495646395244953,0.19084037788991973,0.7242031581576306,0.08495646395244953,0.7242031581576306,0.19084037788991973,-0.6392466942051811,2,2,0.032,490.0,0.6406727135181427,0.9610210045554824,-0.4110210045554824
111,111,categorical_soft,1,1,False,0.0,0.0,0.0,1.0,0.0,2,-1.0,0.4487044185400009,-0.507276001572609,1.9987263679504395,-1.0198593318462372,0.4487044185400009,0.07215712838510424,0.883782101796271,0.04406076981862467,0.07215712838510424,0.883782101796271,0.04406076981862467,0.883782101796271,0.07215712838510424,-0.8397213319776464,2,2,0.032,600.0,0.29688987880945206,0.7995060550026047,-0.2495060550026047
112,112,categorical_soft,1,1,True,0.1814254125808215,0.0,0.0,0.8185746073722839,0.18142540752887726,2,-0.6371491998434067,0.20838529393076896,-2.2827409982681273,1.6728801369667052,0.4125362515449524,0.20838529393076896,0.014706736943929415,0.767232824016871,0.21806043903919953,0.014706736943929415,0.767232824016871,0.21806043903919953,0.767232824016871,0.014706736943929415,-0.5491723849776715,2,2,0.064,1090.0,0.5347029687836766,0.8766373137828818,-0.32663731378288174
113,113,categorical_soft,0,0,False,0.0,0.0,1.0,0.0,0.0,1,-1.0,0.5202889695763588,4.004553246498108,0.5386936873197555,-3.462697720527649,0.5202889695763588,0.9688674811417609,0.030572699764613943,0.0005598190936251979,0.9688674811417609,0.030572699764613943,0.0005598190936251979,0.9688674811417609,0.030572699764613943,-0.9683076620481357,1,1,0.128,740.0,0.859238401055336,0.9816118736481374,-0.43161187364813736
114,114,categorical_soft,0,0,True,0.1397140909595591,0.0,0.8602859377861023,0.0,0.1397140920162201,1,-0.7205718457698822,0.2580097699537873,3.042844772338867,-1.6980108380317689,0.42889983057975767,0.2580097699537873,0.9227782856772014,0.008062718593625564,0.06915899572917308,0.9227782856772014,0.008062718593625564,0.06915899572917308,0.9227782856772014,0.008062718593625564,-0.8536192899480284,1,1,0.128,1110.0,1.143107857555151,0.992798274687235,-0.442798274687235
115,115,categorical_soft,0,0,False,0.0,0.0,1.0,0.0,0.0,1,-1.0,0.3968718320131302,4.575778245925903,0.24252933859825135,-3.6539391756057737,0.3968718320131302,0.9867331488363668,0.013003281126057637,0.00026357003757553424,0.9867331488363668,0.013003281126057637,0.00026357003757553424,0.9867331488363668,0.013003281126057637,-0.9864695787987913,1,1,0.256,400.0,0.8786294907331467,0.9888229953165317,-0.4388229953165317
116,116,categorical_soft,0,0,True,0.13828874431963267,0.0,0.8617112636566162,0.0,0.13828875124454498,1,-0.7234225124120712,0.2891365770250559,4.791916465759277,-2.7726053476333616,0.4317409619688988,0.2891365770250559,0.9857319158917767,0.0005114096926306989,0.013756674415592838,0.9857319158917767,0.0005114096926306989,0.013756674415592838,0.9857319158917767,0.0005114096926306989,-0.9719752414761839,1,1,0.512,690.0,1.3690884998068213,0.9985617374980715,-0.4485617374980715
117,117,categorical_soft,1,1,True,0.3776829839284971,0.0,0.0,0.6223170161247253,0.37768298387527466,2,-0.24463403224945068,0.24734878577291966,-0.9393617331981658,1.2310250759124757,-0.07339422516524792,0.24734878577291966,0.08304539174419223,0.7212454458441917,0.19570916241161612,0.08304539174419223,0.7212454458441917,0.19570916241161612,0.7212454458441917,0.08304539174419223,-0.5255362834325756,2,2,0.032,1090.0,0.25692538917064667,0.6447691894907673,-0.09476918949076729
118,118,categorical_soft,0,0,False,0.0,0.0,1.0,0.0,0.0,1,-1.0,0.5095824837684632,0.8732220709323884,1.077584707736969,-1.2712100744247437,0.5095824837684632,0.42669174372520524,0.5226445192062076,0.050663737068587275,0.42669174372520524,0.5226445192062076,0.050663737068587275,0.42669174372520524,0.5226445192062076,-0.37602800665661795,2,2,0.0,530.0,0.14550048112869263,0.6734340588596291,-0.1234340588596291
119,119,categorical_soft,1,1,False,0.0,0.0,0.0,1.0,0.0,2,-1.0,0.3986625462770462,-0.38543554246425626,2.2923840045928956,-1.1493387758731841,0.3986625462770462,0.06241952543477945,0.9079337950694496,0.029646679495770822,0.06241952543477945,0.9079337950694496,0.029646679495770822,0.9079337950694496,0.06241952543477945,-0.8782871155736788,2,2,0.032,1020.0,0.7461745217442513,0.9562448127595157,-0.4062448127595156
120,120,categorical_soft,0,0,False,0.0,0.0,1.0,0.0,0.0,1,-1.0,0.48488678932189944,3.3001285076141356,0.5640078008174896,-2.899796414375305,0.48488678932189944,0.9368604041168552,0.06122088855232606,0.0019187073308188384,0.9368604041168552,0.06122088855232606,0.0019187073308188384,0.9368604041168552,0.06122088855232606,-0.9349416967860363,1,1,0.064,1140.0,0.8811020478606224,0.9734726540334536,-0.4234726540334536
121,121,categorical_soft,1,1,False,0.0,0.0,0.0,1.0,0.0,2,-1.0,0.4440571695566177,0.2642775237560272,1.1768627166748047,-0.9048319518566131,0.4440571695566177,0.26281385844517713,0.6546056126717754,0.08258052888304748,0.26281385844517713,0.6546056126717754,0.08258052888304748,0.6546056126717754,0.26281385844517713,-0.572025083788728,2,2,0.032,1030.0,0.44420781126245856,0.8304270220552399,-0.28042702205523984
122,122,categorical_soft,0,0,False,0.0,0.0,1.0,0.0,0.0,1,-1.0,0.41137301474809645,2.548287010192871,0.6751994132995606,-2.518672323226929,0.41137301474809645,0.8616816413725303,0.13287251152607676,0.005445847101392963,0.8616816413725303,0.13287251152607676,0.005445847101392963,0.8616816413725303,0.13287251152607676,-0.8562357942711374,1,1,0.032,770.0,0.5590284466743469,0.921742720182926,-0.371742720182926
123,123,categorical_soft,1,1,False,0.0,0.0,0.0,1.0,0.0,2,-1.0,0.5482481092214584,-0.13928213343024254,2.7083848476409913,-1.718550717830658,0.5482481092214584,0.05427171557538124,0.9343183803694564,0.011409904055162338,0.05427171557538124,0.9343183803694564,0.011409904055162338,0.9343183803694564,0.05427171557538124,-0.9229084763142941,2,2,0.064,970.0,0.8382994756102562,0.9733338173655368,-0.42333381736553677
124,124,categorical_soft,1,1,False,0.0,0.0,0.0,1.0,0.0,2,-1.0,0.429429429769516,-0.3204531162977219,2.9972928762435913,-1.8518086671829224,0.429429429769516,0.034716630308098115,0.9576472327879662,0.007636136903935699,0.034716630308098115,0.9576472327879662,0.007636136903935699,0.9576472327879662,0.034716630308098115,-0.9500110958840304,2,2,0.064,900.0,0.7135881632566452,0.9555940568279244,-0.4055940568279244
125,125,categorical_soft,1,1,True,0.5794127886650615,0.0,0.0,0.4205872118473053,0.5794128179550171,3,0.1588256061077118,0.46219669878482816,-0.1193354681134224,-0.028168538957834242,0.20012615323066713,0.46219669878482816,0.2880543999021164,0.31552857017975405,0.3964170299181295,0.2880543999021164,0.31552857017975405,0.3964170299181295,0.31552857017975405,0.2880543999021164,0.08088845973837544,3,3,0.0,630.0,0.014298170804977417,0.489638852732902,0.06036114726709807
126,126,categorical_soft,0,0,False,0.0,0.0,1.0,0.0,0.0,1,-1.0,0.4409998506307602,3.5982048511505127,0.610684335231781,-3.081942892074585,0.4409998506307602,0.9506869275628885,0.04809967740372985,0.001213395033381761,0.9506869275628885,0.04809967740372985,0.001213395033381761,0.9506869275628885,0.04809967740372985,-0.9494735325295067,1,1,0.064,710.0,0.7786474227905273,0.9738569134677411,-0.423856913467741
127,127,categorical_soft,1,1,True,0.14917704361324657,0.0,0.0,0.8508229851722717,0.14917704463005066,2,-0.7016459405422211,0.12501180432736875,-2.6414902448654174,2.4814237117767335,0.29537201672792435,0.12501180432736875,0.005379297848983901,0.894103613702215,0.10051708844880107,0.005379297848983901,0.894103613702215,0.10051708844880107,0.894103613702215,0.005379297848983901,-0.793586525253414,2,2,0.256,800.0,0.7053017374128103,0.9588614438144833,-0.4088614438144833
128,128,categorical_soft,0,0,False,0.0,0.0,1.0,0.0,0.0,1,-1.0,0.39262755066156385,5.4841608047485355,0.00686723068356514,-4.139054250717163,0.39262755066156385,0.9957547476244255,0.004179292872557852,6.595950301669732e-05,0.9957547476244255,0.004179292872557852,6.595950301669732e-05,0.9957547476244255,0.004179292872557852,-0.9956887881214088,1,1,0.256,810.0,0.9328049719333649,0.9859995425646517,-0.4359995425646517
129,129,categorical_soft,1,1,False,0.0,0.0,0.0,1.0,0.0,2,-1.0,0.46883592158555987,-0.2223507896065712,1.3006885409355164,-0.6133259773254395,0.46883592158555987,0.15958626697209416,0.7319198624229604,0.10849387060494542,0.15958626697209416,0.7319198624229604,0.10849387060494542,0.7319198624229604,0.15958626697209416,-0.623425991818015,2,2,0.0,740.0,0.4401589300541673,0.8719570289551434,-0.32195702895514333
130,130,categorical_soft,0,0,True,0.13932300532074077,0.0,0.8606770038604736,0.0,0.13932301104068756,1,-0.7213539928197861,0.31737798601388933,3.490589070320129,-2.7833218336105348,1.2324197053909303,0.31737798601388933,0.9029661357390978,0.001702332266731537,0.09533153199417058,0.9029661357390978,0.001702332266731537,0.09533153199417058,0.9029661357390978,0.001702332266731537,-0.8076346037449272,1,1,0.256,760.0,1.1072956509888172,0.9943598641772323,-0.4443598641772323
131,131,categorical_soft,1,1,True,0.26710387641292066,0.0,0.0,0.7328961491584778,0.2671038806438446,2,-0.4657922685146332,0.3990237958729267,0.020159072242677212,-0.14743275791406632,0.20515306740999223,0.3990237958729267,0.3279916440408176,0.2775027335124448,0.3945056224467377,0.3279916440408176,0.2775027335124448,0.3945056224467377,0.2775027335124448,0.3279916440408176,0.11700288893429289,3,3,0.0,450.0,0.20189611613750458,0.7497536010137897,-0.1997536010137897
132,132,categorical_soft,1,1,True,0.1942978501231068,0.0,0.0,0.8057021498680115,0.19429785013198853,2,-0.611404299736023,0.3889029651880264,-0.1538421954959631,0.2717548832297325,0.0004093419760465622,0.3889029651880264,0.27111417965150963,0.41392408184408314,0.31496173850440734,0.27111417965150963,0.41392408184408314,0.31496173850440734,0.41392408184408314,0.27111417965150963,-0.0989623433396758,2,2,0.0,450.0,0.33466777577996254,0.8519102310008333,-0.30191023100083325
133,133,categorical_soft,1,1,True,0.1479900162383735,0.0,0.0,0.8520100116729736,0.14799001812934875,2,-0.7040199935436249,0.26045347154140475,-2.995798850059509,2.79705696105957,0.3144627407193184,0.26045347154140475,0.0028222232646807214,0.9202748377800599,0.0769029389552593,0.0028222232646807214,0.9202748377800599,0.0769029389552593,0.9202748377800599,0.0028222232646807214,-0.8433718988248006,2,2,0.256,1060.0,0.7902041841298342,0.9627634908850646,-0.4127634908850646
134,134,categorical_soft,1,1,False,0.0,0.0,0.0,1.0,0.0,2,-1.0,0.3334460109472275,-1.5775344371795654,3.5693917274475098,-1.461025869846344,0.3334460109472275,0.005783446342618447,0.9875440553670194,0.006672498290361917,0.005783446342618447,0.9875440553670194,0.006672498290361917,0.9875440553670194,0.005783446342618447,-0.9808715570766575,2,2,0.512,420.0,0.9185963869094849,0.9905750027375144,-0.4405750027375144
135,135,categorical_soft,1,1,False,0.0,0.0,0.0,1.0,0.0,2,-1.0,0.41363338828086854,-1.2445553183555602,2.8721718788146973,-1.1657456636428833,0.41363338828086854,0.015768491308041505,0.9670448110476922,0.017186697644266183,0.015768491308041505,0.9670448110476922,0.017186697644266183,0.9670448110476922,0.015768491308041505,-0.9498581134034261,2,2,0.128,550.0,0.8471453636884689,0.9844363066557632,-0.43443630665576316
136,136,categorical_soft,1,1,False,0.0,0.0,0.0,1.0,0.0,2,-1.0,0.40658746361732484,-1.2760955214500427,3.4075069665908813,-1.6522334933280944,0.40658746361732484,0.009110435039134505,0.9845480999180474,0.0063414650428179785,0.009110435039134505,0.9845480999180474,0.0063414650428179785,0.9845480999180474,0.009110435039134505,-0.9782066348752294,2,2,0.064,710.0,0.8296653404831886,0.9795348113878266,-0.42953481138782657
137,137,categorical_soft,1,1,False,0.0,0.0,0.0,1.0,0.0,2,-1.0,0.3000749073922634,-2.543434715270996,3.5961177825927733,-0.7394474983215332,0.3000749073922634,0.0021265072155955632,0.9847538281796586,0.013119664604745576,0.0021265072155955632,0.9847538281796586,0.013119664604745576,0.9847538281796586,0.0021265072155955632,-0.9716341635749131,2,2,0.256,1170.0,0.9370100349187851,0.9789839075363657,-0.4289839075363656
138,138,categorical_soft,0,0,False,0.0,0.0,1.0,0.0,0.0,1,-1.0,0.4790832415223122,4.31658935546875,0.22587313875555992,-3.334280848503113,0.4790832415223122,0.9830538243703018,0.016478056919896397,0.00046811870980198835,0.9830538243703018,0.016478056919896397,0.00046811870980198835,0.9830538243703018,0.016478056919896397,-0.9825857056604997,1,1,0.256,520.0,0.7035814672708511,0.9700524971125286,-0.42005249711252857
139,139,categorical_soft,0,0,True,0.5633984061695912,0.0,0.43660157918930054,0.0,0.5633984208106995,3,0.12679684162139893,0.40742090791463853,-0.7984465777873992,0.2782269433140755,0.2637445956468582,0.40742090791463853,0.14634306058816252,0.4299603510591735,0.423696588352664,0.14634306058816252,0.4299603510591735,0.423696588352664,0.14634306058816252,0.4299603510591735,0.2773535277645015,2,2,0.032,550.0,0.004771977663040161,0.5020469266401053,0.04795307335989474
140,140,categorical_soft,0,0,True,0.20074126903059886,0.0,0.7992587089538574,0.0,0.20074127614498138,1,-0.598517432808876,0.26838878095149993,1.876082968711853,-1.041605496406555,0.38557660579681396,0.26838878095149993,0.7806669327794534,0.042203667291839796,0.1771293999287067,0.7806669327794534,0.042203667291839796,0.1771293999287067,0.7806669327794534,0.042203667291839796,-0.6035375328507467,1,1,0.032,910.0,0.42986413836479187,0.8406197921304861,-0.29061979213048605
141,141,categorical_soft,0,0,True,0.13822393699639696,0.0,0.8617760539054871,0.0,0.13822393119335175,1,-0.7235521227121353,0.22910723574459552,5.146563768386841,-2.82799551486969,0.2596030343323946,0.22910723574459552,0.9914761199042312,0.0003412755305283328,0.008182604565240557,0.9914761199042312,0.0003412755305283328,0.008182604565240557,0.9914761199042312,0.0003412755305283328,-0.9832935153389907,1,1,0.256,1090.0,1.5090577974915504,0.9988286034420863,-0.4488286034420863
142,142,categorical_soft,0,0,True,0.1386426140440054,0.0,0.8613573908805847,0.0,0.13864260911941528,1,-0.7227147817611694,0.3608744092285633,4.002519726753235,-2.131516218185425,0.16167550384998322,0.3608744092285633,0.9761533820222498,0.0021163304813842363,0.021730287496365897,0.9761533820222498,0.0021163304813842363,0.021730287496365897,0.9761533820222498,0.0021163304813842363,-0.9544230945258839,1,1,0.512,520.0,1.1852051876485348,0.9971120824108168,-0.4471120824108168
143,143,categorical_soft,1,1,False,0.0,0.0,0.0,1.0,0.0,2,-1.0,0.4296186715364456,-1.03440922498703,3.2663693904876707,-1.7115103244781493,0.4296186715364456,0.013303578706564406,0.979839301634976,0.006857119658459645,0.013303578706564406,0.979839301634976,0.006857119658459645,0.979839301634976,0.013303578706564406,-0.9729821819765163,2,2,0.128,820.0,0.8714949004352093,0.9809465115266203,-0.4309465115266202
144,144,categorical_soft,0,0,True,0.6047506896738587,0.0,0.39524930715560913,0.0,0.6047506928443909,3,0.20950138568878174,0.4129869654774666,0.047707910370081666,-0.059716124832630155,0.15828824341297149,0.4129869654774666,0.33179759199625575,0.29779180936080385,0.37041059864294046,0.33179759199625575,0.29779180936080385,0.37041059864294046,0.33179759199625575,0.29779180936080385,0.03861300664668471,3,3,0.0,930.0,0.0715331882238388,0.46956332434263837,0.08043667565736168
145,145,categorical_soft,0,0,False,0.0,0.0,1.0,0.0,0.0,1,-1.0,0.49077092707157133,-0.04700397336855531,1.4316568732261659,-0.9434540629386902,0.49077092707157133,0.17245788569145687,0.7564680982825196,0.07107401602602352,0.17245788569145687,0.7564680982825196,0.07107401602602352,0.17245788569145687,0.7564680982825196,-0.10138386966543335,2,2,0.0,720.0,0.18114810436964035,0.6614705638313395,-0.11147056383133946
146,146,categorical_soft,1,1,True,0.1519203241885233,0.0,0.0,0.8480796813964844,0.15192031860351562,2,-0.6961593627929688,0.3099049307405949,-1.3725931763648986,0.9297857761383057,0.2344643861055374,0.3099049307405949,0.06256562920249117,0.6253377945882002,0.3120965762093086,0.06256562920249117,0.6253377945882002,0.3120965762093086,0.6253377945882002,0.06256562920249117,-0.3132412183788916,2,2,0.032,760.0,0.654623880982399,0.9501698761583731,-0.4001698761583731
147,147,categorical_soft,0,0,True,0.14111425726669852,0.0,0.8588857650756836,0.0,0.1411142498254776,1,-0.717771515250206,0.4900165095925331,2.50186927318573,-0.2521912857890129,-0.7956901669502259,0.4900165095925331,0.9083303087053212,0.05786056097964504,0.03380913031503375,0.9083303087053212,0.05786056097964504,0.03380913031503375,0.9083303087053212,0.05786056097964504,-0.8745211783902874,1,1,0.064,550.0,0.8895179703831673,0.9873244413996682,-0.4373244413996682
148,148,categorical_soft,0,0,False,0.0,0.0,1.0,0.0,0.0,1,-1.0,0.4513884007930756,4.913128471374511,0.24914247691631317,-3.88609664440155,0.4513884007930756,0.9904918922919924,0.00935863084725532,0.0001494768607521027,0.9904918922919924,0.00935863084725532,0.0001494768607521027,0.9904918922919924,0.00935863084725532,-0.9903424154312404,1,1,0.256,640.0,0.9410156607627869,0.989011461538332,-0.4390114615383319
149,149,categorical_soft,1,1,False,0.0,0.0,0.0,1.0,0.0,2,-1.0,0.4311057776212692,-3.440849709510803,3.327085852622986,0.2292091965675354,0.4311057776212692,0.0010993259223275012,0.955469875882151,0.04343079819552147,0.0010993259223275012,0.955469875882151,0.04343079819552147,0.955469875882151,0.0010993259223275012,-0.9120390776866296,2,2,0.512,1010.0,0.884843185544014,0.9776384682656628,-0.42763846826566276
150,150,categorical_soft,1,1,True,0.2515553254723077,0.0,0.0,0.748444676399231,0.25155532360076904,2,-0.4968893527984619,0.3175117377191782,0.29419087767601015,-0.11230771988630295,0.0372727170586586,0.3175117377191782,0.4099160950818761,0.2729912844486364,0.31709262046948744,0.4099160950818761,0.2729912844486364,0.31709262046948744,0.2729912844486364,0.4099160950818761,0.044101336020851034,1,1,0.0,1140.0,0.39154666662216187,0.76804389163125,-0.21804389163124993
151,151,categorical_soft,1,1,True,0.16508592190326005,0.0,0.0,0.8349140882492065,0.16508592665195465,2,-0.6698281615972519,0.2790368489921093,-1.6389755129814148,1.0448005676269532,0.31261335015296937,0.2790368489921093,0.044088556679005866,0.6453808092888782,0.3105306340321158,0.044088556679005866,0.6453808092888782,0.3105306340321158,0.6453808092888782,0.044088556679005866,-0.3348501752567624,2,2,0.064,450.0,0.4585789884440601,0.9136067979112812,-0.36360679791128114
152,152,categorical_soft,0,0,True,0.13982705296845277,0.0,0.8601729273796082,0.0,0.13982705771923065,1,-0.7203458696603775,0.32845566868782045,2.787248206138611,-2.0128891229629517,0.8675315499305725,0.32845566868782045,0.8652474039907331,0.0071528344223030695,0.1275997615869638,0.8652474039907331,0.0071528344223030695,0.1275997615869638,0.8652474039907331,0.0071528344223030695,-0.7376476424037692,1,1,0.256,680.0,1.0252197608351707,0.9923499347600208,-0.4423499347600207
153,153,categorical_soft,1,1,False,0.0,0.0,0.0,1.0,0.0,2,-1.0,0.3730970025062561,-1.1349512577056884,3.1817471742630006,-1.4836912274360656,0.3730970025062561,0.01305986303199753,0.9775715335578677,0.009368603410134782,0.01305986303199753,0.9775715335578677,0.009368603410134782,0.9775715335578677,0.01305986303199753,-0.968202930147733,2,2,0.128,570.0,0.8900863528251648,0.9870548531058613,-0.43705485310586123
154,154,categorical_soft,1,1,True,0.38718682720448966,0.0,0.0,0.6128131747245789,0.38718682527542114,2,-0.22562634944915771,0.38764554262161255,-0.1423063131980598,0.10667720958590507,0.02343296557664871,0.38764554262161255,0.28905673702929185,0.37036017177602526,0.34058309119468294,0.28905673702929185,0.37036017177602526,0.34058309119468294,0.37036017177602526,0.28905673702929185,-0.02977708058134232,2,2,0.0,420.0,0.08563469350337982,0.6369667935119121,-0.08696679351191205
155,155,categorical_soft,1,1,True,0.6919414839182145,0.0,0.0,0.3080585300922394,0.691941499710083,3,0.38388296961784363,0.4897172376513481,-0.07681896947324277,0.060741651058197024,0.1579974412918091,0.4897172376513481,0.2936334413583705,0.33590224640730004,0.37046431223432946,0.2936334413583705,0.33590224640730004,0.37046431223432946,0.33590224640730004,0.2936334413583705,0.03456206582702942,3,3,0.0,1110.0,0.05216918885707855,0.3931617373280032,0.15683826267199685
156,156,categorical_soft,1,1,False,0.0,0.0,0.0,1.0,0.0,2,-1.0,0.361095330119133,-1.9625003457069397,3.557147431373596,-1.169652771949768,0.361095330119133,0.003964949241396386,0.9870573868764314,0.008977663882172063,0.003964949241396386,0.9870573868764314,0.008977663882172063,0.9870573868764314,0.003964949241396386,-0.9780797229942594,2,2,0.512,620.0,1.0369794890284538,0.9932770033740341,-0.4432770033740341
157,157,categorical_soft,0,0,True,0.14246930285070097,0.0,0.8575307130813599,0.0,0.14246930181980133,1,-0.7150614112615585,0.3927601918578148,4.593220043182373,-4.063211846351623,1.856848406791687,0.3927601918578148,0.9388575682962539,0.00016347154552169443,0.06097896015822437,0.9388575682962539,0.00016347154552169443,0.06097896015822437,0.9388575682962539,0.00016347154552169443,-0.8778786081380295,1,1,0.256,1190.0,0.9762993305921555,0.9821923797642307,-0.43219237976423064
158,158,categorical_soft,0,0,False,0.0,0.0,1.0,0.0,0.0,1,-1.0,0.47786491364240646,2.8773427486419676,0.7705246090888977,-2.7671506881713865,0.47786491364240646,0.8885225327943449,0.10832000601540925,0.003157461190245744,0.8885225327943449,0.10832000601540925,0.003157461190245744,0.8885225327943449,0.10832000601540925,-0.8853650716040992,1,1,0.032,970.0,0.5593879073858261,0.9026409468277098,-0.35264094682770974
159,159,categorical_soft,0,0,True,0.2248344800933998,0.0,0.7751654982566833,0.0,0.22483448684215546,1,-0.5503310114145279,0.45162166804075243,1.7216973781585694,-0.7645907521247863,0.15538307875394822,0.45162166804075243,0.7729915267458112,0.0645187050633722,0.16248976819081662,0.7729915267458112,0.0645187050633722,0.16248976819081662,0.7729915267458112,0.0645187050633722,-0.6105017585549946,1,1,0.064,1100.0,0.4242866486310959,0.8031953762369244,-0.25319537623692434
160,160,categorical_soft,0,0,True,0.22324250122744782,0.0,0.7767574787139893,0.0,0.22324250638484955,1,-0.5535149723291397,0.47727095931768415,-0.06631879322230816,0.007598630338907242,0.09678624719381332,0.47727095931768415,0.30762569846029897,0.3309260178486815,0.36144828369101967,0.30762569846029897,0.3309260178486815,0.36144828369101967,0.30762569846029897,0.3309260178486815,0.0538225852307207,3,3,0.0,570.0,0.29719260334968567,0.8054738559841625,-0.2554738559841625
161,161,categorical_soft,0,0,False,0.0,0.0,1.0,0.0,0.0,1,-1.0,0.43047400265932084,5.899962759017944,-1.0565975785255433,-3.132201051712036,0.43047400265932084,0.9989244457323426,0.0009559440078164147,0.00011961025984088892,0.9989244457323426,0.0009559440078164147,0.00011961025984088892,0.9989244457323426,0.0009559440078164147,-0.9988048354725018,1,1,0.256,1120.0,0.8825294226408005,0.9742646649939778,-0.42426466499397775
162,162,categorical_soft,0,0,False,0.0,0.0,1.0,0.0,0.0,1,-1.0,0.440047051012516,4.453177070617675,0.49757752418518064,-3.7765520334243776,0.440047051012516,0.9808518730087485,0.018885202313573345,0.00026292467767821193,0.9808518730087485,0.018885202313573345,0.00026292467767821193,0.9808518730087485,0.018885202313573345,-0.9805889483310704,1,1,0.064,1170.0,0.6937208026647568,0.9337542971450663,-0.38375429714506626
163,163,categorical_soft,0,0,False,0.0,0.0,1.0,0.0,0.0,1,-1.0,0.4016143873333931,5.214189863204956,-0.1499177549034357,-3.7075241565704347,0.4016143873333931,0.9951995137896059,0.004666943768902332,0.00013354244149161437,0.9951995137896059,0.004666943768902332,0.00013354244149161437,0.9951995137896059,0.004666943768902332,-0.9950659713481143,1,1,0.512,420.0,1.0640278086066246,0.9953650626985455,-0.4453650626985455
164,164,categorical_soft,1,1,True,0.17329589949797325,0.0,0.0,0.8267040848731995,0.17329590022563934,2,-0.6534081846475601,0.23544582184404134,-1.8788435220718385,1.7593705773353576,0.14015187919139863,0.23544582184404134,0.02166143374866867,0.8164971283602933,0.16184143789103805,0.02166143374866867,0.8164971283602933,0.16184143789103805,0.8164971283602933,0.02166143374866867,-0.6546556904692553,2,2,0.128,630.0,0.45692120492458344,0.8941022071415985,-0.34410220714159845
165,165,categorical_soft,0,0,False,0.0,0.0,1.0,0.0,0.0,1,-1.0,0.5712717592716217,0.1923747569322586,0.6715074777603149,-0.5573753118515015,0.5712717592716217,0.3238320947512245,0.5228619428902872,0.1533059623584883,0.3238320947512245,0.5228619428902872,0.1533059623584883,0.3238320947512245,0.5228619428902872,-0.17052613239273617,2,2,0.032,450.0,0.3405662328004837,0.8555293667070335,-0.30552936670703346
166,166,categorical_soft,1,1,False,0.0,0.0,0.0,1.0,0.0,2,-1.0,0.4939851611852646,0.01830207658931613,0.9852361679077148,-0.6484419763088226,0.4939851611852646,0.24114071124970046,0.6342006833332017,0.12465860541709786,0.24114071124970046,0.6342006833332017,0.12465860541709786,0.6342006833332017,0.24114071124970046,-0.5095420779161038,2,2,0.0,790.0,0.5542556680738926,0.918242385703389,-0.36824238570338896
167,167,categorical_soft,0,0,False,0.0,0.0,1.0,0.0,0.0,1,-1.0,0.449300953745842,8.17671537399292,-2.5210398197174073,-3.096916437149048,0.449300953745842,0.9999640905052605,2.2913796869983325e-05,1.2995697869521642e-05,0.9999640905052605,2.2913796869983325e-05,1.2995697869521642e-05,0.9999640905052605,2.2913796869983325e-05,-0.999951094807391,1,1,0.512,960.0,1.1586555764079094,0.9944225634819186,-0.44442256348191855
168,168,categorical_soft,0,0,True,0.13808275097120648,0.0,0.86191725730896,0.0,0.13808275759220123,1,-0.7238344997167587,0.24389495477080345,7.560247230529785,-4.387028670310974,0.1667107529938221,0.24389495477080345,0.9992738929878697,6.477315925829697e-06,0.000719629696204537,0.9992738929878697,6.477315925829697e-06,0.000719629696204537,0.9992738929878697,6.477315925829697e-06,-0.9985542632916652,1,1,0.512,1150.0,1.6639904230833054,0.9994114755264566,-0.44941147552645655
169,169,categorical_soft,1,1,False,0.0,0.0,0.0,1.0,0.0,2,-1.0,0.40276433899998665,-2.3904314756393434,3.211257791519165,-0.5585242927074432,0.40276433899998665,0.0036028791086843807,0.9738534356356954,0.022543685255620033,0.0036028791086843807,0.9738534356356954,0.022543685255620033,0.9738534356356954,0.0036028791086843807,-0.9513097503800754,2,2,0.512,630.0,0.9054725877940655,0.987096515143741,-0.4370965151437409
170,170,categorical_soft,1,1,True,0.15469499962109745,0.0,0.0,0.8453050255775452,0.15469500422477722,2,-0.6906100213527679,0.30801604874432087,-2.2846391916275026,1.7506117939949035,0.3484767436981201,0.30801604874432087,0.013999904745359743,0.7907887512638899,0.19521134399075044,0.013999904745359743,0.7907887512638899,0.19521134399075044,0.7907887512638899,0.013999904745359743,-0.5955774072731395,2,2,0.512,400.0,0.5329052275046706,0.941803186065585,-0.39180318606558495
171,171,categorical_soft,1,1,True,0.15684755429634534,0.0,0.0,0.8431524634361267,0.15684755146503448,2,-0.6863049119710922,0.06818810179829597,-2.403916025161743,2.3228037357330322,0.28365789651870726,0.06818810179829597,0.0077778340012429085,0.8778041714053664,0.11441799459339067,0.0077778340012429085,0.8778041714053664,0.11441799459339067,0.8778041714053664,0.0077778340012429085,-0.7633861768119757,2,2,0.128,750.0,0.5967523828148842,0.9355792000910905,-0.3855792000910905
172,172,categorical_soft,0,0,False,0.0,0.0,1.0,0.0,0.0,1,-1.0,0.47669405192136766,2.9934926986694337,0.6534215688705445,-2.879183864593506,0.47669405192136766,0.9096207453894195,0.08777445107921199,0.0026048035313684824,0.9096207453894195,0.08777445107921199,0.0026048035313684824,0.9096207453894195,0.08777445107921199,-0.907015941858051,1,1,0.064,1000.0,0.7131521999835968,0.9500865290201956,-0.4000865290201956
173,173,categorical_soft,1,1,False,0.0,0.0,0.0,1.0,0.0,2,-1.0,0.532507772743702,-2.5553247690200807,3.558649468421936,-0.6362345695495606,0.532507772743702,0.002182237054382668,0.9827216631041507,0.015096099841466598,0.002182237054382668,0.9827216631041507,0.015096099841466598,0.9827216631041507,0.002182237054382668,-0.967625563262684,2,2,0.512,710.0,0.926895696669817,0.9872083280702392,-0.4372083280702391
174,174,categorical_soft,1,1,False,0.0,0.0,0.0,1.0,0.0,2,-1.0,0.3363390453159809,-1.1924696922302247,2.335400438308716,-0.797743970155716,0.3363390453159809,0.027363897837468936,0.9312862251531785,0.04134987700935267,0.027363897837468936,0.9312862251531785,0.04134987700935267,0.9312862251531785,0.027363897837468936,-0.8899363481438258,2,2,0.128,510.0,0.8757945969700813,0.9870818102457184,-0.43708181024571835
175,175,categorical_soft,1,1,False,0.0,0.0,0.0,1.0,0.0,2,-1.0,0.4815553933382034,0.6740542232990265,0.8483284831047058,-1.1463744163513183,0.4815553933382034,0.42535878614243583,0.5054669394741662,0.06917427438339803,0.42535878614243583,0.5054669394741662,0.06917427438339803,0.5054669394741662,0.42535878614243583,-0.4362926650907682,2,2,0.032,420.0,0.14259213209152222,0.6989029943655043,-0.14890299436550425
176,176,categorical_soft,0,0,False,0.0,0.0,1.0,0.0,0.0,1,-1.0,0.42871928960084915,5.570611000061035,0.4247766822576523,-4.405971479415894,0.42871928960084915,0.9941428120732411,0.005810942372198261,4.6245554560753854e-05,0.9941428120732411,0.005810942372198261,4.6245554560753854e-05,0.9941428120732411,0.005810942372198261,-0.9940965665186803,1,1,0.512,430.0,0.9890631213784218,0.993234279246882,-0.44323427924688197
177,177,categorical_soft,0,0,True,0.14220901230710697,0.0,0.857791006565094,0.0,0.1422090083360672,1,-0.7155819982290268,0.36009695678949355,2.278326320648193,-1.2547625422477722,0.3347330868244171,0.36009695678949355,0.8512344062277375,0.02491766106471094,0.12384793270755157,0.8512344062277375,0.02491766106471094,0.12384793270755157,0.8512344062277375,0.02491766106471094,-0.7273864735201859,1,1,0.128,680.0,0.8628118187189102,0.9831660768651947,-0.4331660768651947
178,178,categorical_soft,1,1,False,0.0,0.0,0.0,1.0,0.0,2,-1.0,0.44692697674036025,-3.56072256565094,3.813417387008667,-0.047572731599211694,0.44692697674036025,0.0006144761516688579,0.9784879010719323,0.020897622776398797,0.0006144761516688579,0.9784879010719323,0.020897622776398797,0.9784879010719323,0.0006144761516688579,-0.9575902782955334,2,2,0.512,1100.0,0.9082893161103129,0.9777844890366508,-0.4277844890366508
179,179,categorical_soft,0,0,True,0.2096389923333335,0.0,0.7903609871864319,0.0,0.20963899791240692,1,-0.580721989274025,0.4204938724637032,0.13128380915150045,0.13905701339244841,0.04444813020527363,0.4204938724637032,0.34209993899878477,0.3442245029846013,0.31367555801661384,0.34209993899878477,0.3442245029846013,0.31367555801661384,0.34209993899878477,0.3442245029846013,-0.028424380982170927,2,2,0.0,530.0,0.31519949436187744,0.826003236936907,-0.276003236936907
180,180,categorical_soft,0,0,False,0.0,0.0,1.0,0.0,0.0,1,-1.0,0.5494292423129081,3.3933205127716066,0.5811140894889831,-2.984703707695007,0.5494292423129081,0.9413512824661125,0.057040851823531066,0.0016078657103562627,0.9413512824661125,0.057040851823531066,0.0016078657103562627,0.9413512824661125,0.057040851823531066,-0.9397434167557562,1,1,0.032,660.0,0.8083652555942535,0.9786259904641058,-0.42862599046410577
181,181,categorical_soft,1,1,True,0.14796051642241764,0.0,0.0,0.8520394563674927,0.14796051383018494,2,-0.7040789425373077,0.294486253708601,-2.497606039047241,2.3007782220840456,0.28872678577899935,0.294486253708601,0.007253977379097519,0.8755585948248527,0.1171874277960498,0.007253977379097519,0.8755585948248527,0.1171874277960498,0.8755585948248527,0.007253977379097519,-0.7583711670288028,2,2,0.256,780.0,0.7220612280070782,0.9628616094181124,-0.41286160941811234
182,182,categorical_soft,1,1,False,0.0,0.0,0.0,1.0,0.0,2,-1.0,0.4209600165486336,0.5750347137451172,0.8116386413574219,-0.9831669092178345,0.4209600165486336,0.403338081302814,0.5110551044572704,0.08560681423991563,0.403338081302814,0.5110551044572704,0.08560681423991563,0.5110551044572704,0.403338081302814,-0.4254482902173548,2,2,0.0,620.0,0.32470835000276566,0.8169446782905361,-0.26694467829053603
183,183,categorical_soft,1,1,False,0.0,0.0,0.0,1.0,0.0,2,-1.0,0.25033936034888027,-1.8588300228118897,3.4066720485687254,-1.1199832797050475,0.25033936034888027,0.005112353627998573,0.9839648061348225,0.010922840237178846,0.005112353627998573,0.9839648061348225,0.010922840237178846,0.9839648061348225,0.005112353627998573,-0.9730419658976437,2,2,0.512,440.0,0.9864633828401566,0.9930653685045051,-0.44306536850450506
184,184,categorical_soft,0,0,True,0.14023177311416907,0.0,0.8597682118415833,0.0,0.14023177325725555,1,-0.7195364385843277,0.388325946778059,2.396785569190979,-1.4123074769973756,0.4135560214519501,0.388325946778059,0.861092687908887,0.019090718339274036,0.11981659375183884,0.861092687908887,0.019090718339274036,0.11981659375183884,0.861092687908887,0.019090718339274036,-0.7412760941570482,1,1,0.064,1040.0,1.0746464524418116,0.9907534544092869,-0.4407534544092868
185,185,categorical_soft,0,0,False,0.0,0.0,1.0,0.0,0.0,1,-1.0,0.4182892873883247,5.364984035491943,0.15527532286942006,-4.0457940101623535,0.4182892873883247,0.9944412959864938,0.005477213193214656,8.149082029154273e-05,0.9944412959864938,0.005477213193214656,8.149082029154273e-05,0.9944412959864938,0.005477213193214656,-0.9943598051662023,1,1,0.256,690.0,0.824377030134201,0.9794972389177028,-0.42949723891770275
186,186,categorical_soft,1,1,False,0.0,0.0,0.0,1.0,0.0,2,-1.0,0.44485422521829604,-1.2198569416999816,2.8991775512695312,-1.2549203753471374,0.44485422521829604,0.015837150545957673,0.9686238099671034,0.015539039486938865,0.015837150545957673,0.9686238099671034,0.015539039486938865,0.9686238099671034,0.015837150545957673,-0.9530847704801645,2,2,0.064,780.0,0.8256258368492126,0.9773373939606169,-0.4273373939606169
187,187,categorical_soft,0,0,True,0.14698093772251564,0.0,0.8530190587043762,0.0,0.14698094129562378,1,-0.7060381174087524,0.3675096407532692,2.4088422298431396,-1.1928303599357606,0.26471016854047774,0.3675096407532692,0.8720491287174786,0.023794884054992308,0.10415598722752914,0.8720491287174786,0.023794884054992308,0.10415598722752914,0.8720491287174786,0.023794884054992308,-0.7678931414899495,1,1,0.032,990.0,0.7931640520691872,0.9661522905281389,-0.41615229052813885
188,188,categorical_soft,0,0,True,0.13887839029869398,0.0,0.8611215949058533,0.0,0.13887839019298553,1,-0.7222432047128677,0.307291767001152,5.039797449111939,-4.333686399459839,1.9199335694313049,0.307291767001152,0.9572614222860987,8.151455001673999e-05,0.04265706316388456,0.9572614222860987,8.151455001673999e-05,0.04265706316388456,0.9572614222860987,8.151455001673999e-05,-0.9146043591222142,1,1,0.512,820.0,1.2002649754285812,0.9961531855960688,-0.44615318559606876
189,189,categorical_soft,1,1,True,0.4922808545515101,0.0,0.0,0.5077191591262817,0.49228084087371826,2,-0.015438318252563477,0.33180406838655474,-0.41104734539985655,0.062129276990890506,0.15034239292144774,0.33180406838655474,0.2290726720567518,0.3685978251091557,0.4023295028340925,0.2290726720567518,0.3685978251091557,0.4023295028340925,0.3685978251091557,0.2290726720567518,0.03373167772493685,3,3,0.0,870.0,0.1272290199995041,0.5557900779139849,-0.005790077913984892
190,190,categorical_soft,1,1,True,0.1614042197962,0.0,0.0,0.8385958075523376,0.16140422224998474,2,-0.6771915853023529,0.14487479999661446,-2.905662941932678,2.257059597969055,0.5361271858215332,0.14487479999661446,0.004834462976163296,0.8441210041442015,0.1510445328796351,0.004834462976163296,0.8441210041442015,0.1510445328796351,0.8441210041442015,0.004834462976163296,-0.6930764712645665,2,2,0.128,1010.0,0.6217487994581461,0.9230908345077989,-0.3730908345077989
191,191,categorical_soft,0,0,False,0.0,0.0,1.0,0.0,0.0,1,-1.0,0.599481400847435,3.561557984352112,0.8260250926017761,-3.410246992111206,0.599481400847435,0.9378945489056658,0.061219967144169364,0.0008854839501646254,0.9378945489056658,0.061219967144169364,0.0008854839501646254,0.9378945489056658,0.061219967144169364,-0.9370090649555012,1,1,0.128,430.0,0.6901669502258301,0.971265268944122,-0.421265268944122
192,192,categorical_soft,1,1,False,0.0,0.0,0.0,1.0,0.0,2,-1.0,0.5381253108382225,-2.300109028816223,2.439999508857727,-0.29167341589927676,0.5381253108382225,0.008144497361588477,0.9308814885880411,0.060974014050370416,0.008144497361588477,0.9308814885880411,0.060974014050370416,0.9308814885880411,0.008144497361588477,-0.8699074745376707,2,2,0.512,530.0,0.8170751482248306,0.9824240518826223,-0.43242405188262223
193,193,categorical_soft,0,0,True,0.145772605207241,0.0,0.8542274236679077,0.0,0.14577260613441467,1,-0.708454817533493,0.4025618925690651,3.2134572744369505,-2.302278518676758,0.9561268866062165,0.4025618925690651,0.9012975867908551,0.0036265476977140484,0.09507586551143099,0.9012975867908551,0.0036265476977140484,0.09507586551143099,0.9012975867908551,0.0036265476977140484,-0.8062217212794242,1,1,0.128,1080.0,0.8427324146032333,0.9703012201844253,-0.4203012201844253
194,194,categorical_soft,1,1,False,0.0,0.0,0.0,1.0,0.0,2,-1.0,0.5416335672140121,1.4191121339797974,0.6958537936210633,-1.7092886328697205,0.5416335672140121,0.6537100466205332,0.3172035786497368,0.02908637472972993,0.6537100466205332,0.3172035786497368,0.02908637472972993,0.3172035786497368,0.6537100466205332,-0.2881172039200069,1,1,0.0,1050.0,0.24135959148406982,0.6382705062354783,-0.08827050623547827
195,195,categorical_soft,1,1,False,0.0,0.0,0.0,1.0,0.0,2,-1.0,0.4594561725854874,0.5522981286048889,0.7530180454254151,-0.8143338561058044,0.4594561725854874,0.4037351197543522,0.4933110904107954,0.10295378983485237,0.4037351197543522,0.4933110904107954,0.10295378983485237,0.4933110904107954,0.4037351197543522,-0.39035730057594303,2,2,0.0,580.0,0.03497976064682007,0.5300748520688947,0.019925147931105336
196,196,categorical_soft,1,1,False,0.0,0.0,0.0,1.0,0.0,2,-1.0,0.3702165558934212,-1.5426098227500915,4.594970703125,-2.2258891344070433,0.3702165558934212,0.0021540732772855,0.9967169944620563,0.0011289322606580499,0.0021540732772855,0.9967169944620563,0.0011289322606580499,0.9967169944620563,0.0021540732772855,-0.9955880622013983,2,2,0.128,1090.0,0.8795745894312859,0.9748019174857763,-0.4248019174857762
197,197,categorical_soft,1,1,False,0.0,0.0,0.0,1.0,0.0,2,-1.0,0.5105584725737572,0.5748205304145813,0.5444872349500656,-0.8828833043575287,0.5105584725737572,0.4538390805118742,0.4403937989486574,0.10576712053946842,0.4538390805118742,0.4403937989486574,0.10576712053946842,0.4403937989486574,0.4538390805118742,-0.33462667840918897,1,1,0.0,530.0,0.456807479262352,0.9049384685594726,-0.35493846855947253
198,198,categorical_soft,1,1,True,0.16971806602308326,0.0,0.0,0.8302819132804871,0.16971807181835175,2,-0.6605638414621353,0.15000259950757028,-1.8365363121032714,2.3702747106552122,-0.1533821329474449,0.15000259950757028,0.013767545180058408,0.9129496855242658,0.07328276929567591,0.013767545180058408,0.9129496855242658,0.07328276929567591,0.9129496855242658,0.013767545180058408,-0.8396669162285899,2,2,0.128,940.0,0.5513442233204842,0.9023456784161284,-0.3523456784161284
199,199,categorical_soft,0,0,False,0.0,0.0,1.0,0.0,0.0,1,-1.0,0.43776473999023435,2.831137013435364,0.6253142178058624,-2.815078353881836,0.43776473999023435,0.8978169757549519,0.09898427078125598,0.00319875346379205,0.8978169757549519,0.09898427078125598,0.00319875346379205,0.8978169757549519,0.09898427078125598,-0.8946182222911598,1,1,0.064,630.0,0.6827080249786377,0.9624110985426224,-0.41241109854262237
200,200,categorical_soft,0,0,True,0.1405106175801334,0.0,0.859489381313324,0.0,0.14051061868667603,1,-0.718978762626648,0.3254077909514308,2.4343986034393312,-1.7795918345451356,0.7479429244995117,0.3254077909514308,0.8324700407265452,0.012309097949468554,0.15522086132398616,0.8324700407265452,0.012309097949468554,0.15522086132398616,0.8324700407265452,0.012309097949468554,-0.677249179402559,1,1,0.256,510.0,0.9216797426342964,0.9896623360021629,-0.43966233600216287
201,201,categorical_soft,0,0,False,0.0,0.0,1.0,0.0,0.0,1,-1.0,0.44749529510736463,5.1213277816772464,-0.6125012397766113,-3.1528637170791627,0.44749529510736463,0.9964886995643518,0.0032570715039250677,0.00025422893172310726,0.9964886995643518,0.0032570715039250677,0.00025422893172310726,0.9964886995643518,0.0032570715039250677,-0.9962344706326287,1,1,0.128,1160.0,0.77137890458107,0.9543255483404679,-0.40432554834046786
202,202,categorical_soft,1,1,False,0.0,0.0,0.0,1.0,0.0,2,-1.0,0.30662228241562844,-1.074717777967453,3.098077344894409,-1.5250286340713501,0.30662228241562844,0.015079723053862626,0.9750927796552105,0.009827497290927075,0.015079723053862626,0.9750927796552105,0.009827497290927075,0.9750927796552105,0.015079723053862626,-0.9652652823642834,2,2,0.128,630.0,0.7733290158212185,0.9755886426620864,-0.4255886426620864
203,203,categorical_soft,1,1,True,0.1490194756019766,0.0,0.0,0.8509805202484131,0.14901947975158691,2,-0.7019610404968262,0.12344239689409733,-2.578023648262024,2.6011305809020997,0.21620709598064422,0.12344239689409733,0.005150805424499557,0.9109270939677044,0.083922100607796,0.005150805424499557,0.9109270939677044,0.083922100607796,0.9109270939677044,0.005150805424499557,-0.8270049933599084,2,2,0.256,720.0,0.6883350163698196,0.9593743057190663,-0.4093743057190663
204,204,categorical_soft,1,1,False,0.0,0.0,0.0,1.0,0.0,2,-1.0,0.34453810602426527,-0.44165177643299103,2.3604207038879395,-1.3025794863700866,0.34453810602426527,0.055968332965831126,0.920289498736387,0.023742168297782085,0.055968332965831126,0.920289498736387,0.023742168297782085,0.920289498736387,0.055968332965831126,-0.8965473304386049,2,2,0.032,880.0,0.786303885281086,0.9692417092065296,-0.4192417092065296
205,205,categorical_soft,0,0,False,0.0,0.0,1.0,0.0,0.0,1,-1.0,0.3497756063938141,4.248914289474487,0.645342206954956,-3.711434841156006,0.3497756063938141,0.9729282985387793,0.026730486695042903,0.00034121476617778935,0.9729282985387793,0.026730486695042903,0.00034121476617778935,0.9729282985387793,0.026730486695042903,-0.9725870837726015,1,1,0.256,480.0,0.860015258193016,0.9865435989136945,-0.43654359891369443
206,206,categorical_soft,0,0,True,0.13854824437373459,0.0,0.8614517450332642,0.0,0.13854824006557465,1,-0.7229035049676895,0.25933728739619255,5.742036008834839,-3.1892241716384886,0.296769230440259,0.25933728739619255,0.9949753679221821,0.00013158672518327953,0.004893045352634807,0.9949753679221821,0.00013158672518327953,0.004893045352634807,0.9949753679221821,0.00013158672518327953,-0.9900823225695473,1,1,0.512,860.0,1.2978549934923649,0.9974974387743648,-0.44749743877436476
207,207,categorical_soft,1,1,True,0.14534355196600074,0.0,0.0,0.854656457901001,0.14534355700016022,2,-0.7093129009008408,0.17650689445436002,-2.3343488454818724,2.116741895675659,0.2111777037382126,0.17650689445436002,0.010086824576748381,0.8617143502270667,0.12819882519618506,0.010086824576748381,0.8617143502270667,0.12819882519618506,0.8617143502270667,0.010086824576748381,-0.7335155250308816,2,2,0.256,600.0,0.7358072251081467,0.9717991940936319,-0.42179919409363187
208,208,categorical_soft,0,0,False,0.0,0.0,1.0,0.0,0.0,1,-1.0,0.466969308257103,6.471146202087402,0.07206450775265694,-4.773166751861572,0.466969308257103,0.998315718235913,0.0016712200685369012,1.3061695549917998e-05,0.998315718235913,0.0016712200685369012,1.3061695549917998e-05,0.998315718235913,0.0016712200685369012,-0.9983026565403631,1,1,0.512,550.0,0.9212616831064224,0.9891350999766536,-0.43913509997665356
209,209,categorical_soft,0,0,True,0.14118864567241024,0.0,0.8588113784790039,0.0,0.14118865132331848,1,-0.7176227271556854,0.3429701581597328,2.5628968238830567,-2.2345083713531495,1.0974693238735198,0.3429701581597328,0.8062198212592632,0.006651124106867684,0.18712905463386909,0.8062198212592632,0.006651124106867684,0.18712905463386909,0.8062198212592632,0.006651124106867684,-0.6190907666253941,1,1,0.128,920.0,0.9757032729685307,0.9870385860373436,-0.4370385860373436
210,210,categorical_soft,1,1,True,0.15860824482892266,0.0,0.0,0.8413917422294617,0.15860824286937714,2,-0.6827834993600845,0.13308508992195128,-2.5797926902771,2.3960480213165285,0.32152911424636843,0.13308508992195128,0.006109106304790506,0.882925493038956,0.11096540065625346,0.006109106304790506,0.882925493038956,0.11096540065625346,0.882925493038956,0.006109106304790506,-0.7719600923827025,2,2,0.128,1120.0,0.6714484915137291,0.9306480679911552,-0.38064806799115514
211,211,categorical_soft,1,1,False,0.0,0.0,0.0,1.0,0.0,2,-1.0,0.41389002203941344,-0.625358647108078,4.029884719848633,-2.499159097671509,0.41389002203941344,0.009415220806516616,0.9891062768430189,0.0014785023504646738,0.009415220806516616,0.9891062768430189,0.0014785023504646738,0.9891062768430189,0.009415220806516616,-0.9876277744925542,2,2,0.128,630.0,0.9032019004225731,0.9869536354201252,-0.4369536354201251
212,212,categorical_soft,1,1,False,0.0,0.0,0.0,1.0,0.0,2,-1.0,0.4746125042438507,-1.17886323928833,3.288321280479431,-1.5612325072288513,0.4746125042438507,0.01126753822024296,0.9808627430386634,0.007869718741093653,0.01126753822024296,0.9808627430386634,0.007869718741093653,0.9808627430386634,0.01126753822024296,-0.9729930242975697,2,2,0.256,490.0,0.8382568582892418,0.9848693830353438,-0.4348693830353437
213,213,categorical_soft,0,0,True,0.1411430340477458,0.0,0.8588569760322571,0.0,0.1411430388689041,1,-0.717713937163353,0.2809580210596323,2.1791526317596435,-1.5036585211753846,0.6339016795158386,0.2809580210596323,0.8066040534371102,0.020294568619861505,0.17310137794302843,0.8066040534371102,0.020294568619861505,0.17310137794302843,0.8066040534371102,0.020294568619861505,-0.6335026754940818,1,1,0.128,620.0,0.9049015678465366,0.9872138017206691,-0.43721380172066904
214,214,categorical_soft,1,1,True,0.33175343955558406,0.0,0.0,0.6682465672492981,0.3317534327507019,2,-0.3364931344985962,0.47517922818660735,1.048461025953293,-0.7420304536819458,0.2842969253659248,0.47517922818660735,0.6124257676936942,0.1022261408629076,0.28534809144339823,0.6124257676936942,0.1022261408629076,0.28534809144339823,0.1022261408629076,0.6124257676936942,0.18312195058049063,1,1,0.0,1170.0,0.3128942549228668,0.6845322045734847,-0.1345322045734847
215,215,categorical_soft,0,0,True,0.14168217634812003,0.0,0.8583178520202637,0.0,0.14168217778205872,1,-0.716635674238205,0.4342561349272728,0.10707296887412668,0.04240253921598196,-0.1192255973815918,0.4342561349272728,0.36589318712415897,0.34266063052992335,0.2914461823459177,0.36589318712415897,0.34266063052992335,0.2914461823459177,0.36589318712415897,0.34266063052992335,-0.07444700477824129,1,1,0.0,400.0,0.8201030120253563,0.9851543467679202,-0.4351543467679202
216,216,categorical_soft,1,1,False,0.0,0.0,0.0,1.0,0.0,2,-1.0,0.3501675002276897,-1.1046303272247315,3.217153716087341,-1.5828712105751037,0.3501675002276897,0.013024005266739119,0.978800747420425,0.008175247312835964,0.013024005266739119,0.978800747420425,0.008175247312835964,0.978800747420425,0.013024005266739119,-0.9706255001075891,2,2,0.032,1070.0,0.9571733213961124,0.9830576817710954,-0.4330576817710954
217,217,categorical_soft,1,1,True,0.14734119037216775,0.0,0.0,0.8526588082313538,0.14734119176864624,2,-0.7053176164627075,0.24048311542719603,-1.6953302264213561,1.5618304014205933,0.20489746630191802,0.24048311542719603,0.029894427646245107,0.7714255208665215,0.1986800514872334,0.029894427646245107,0.7714255208665215,0.1986800514872334,0.7714255208665215,0.029894427646245107,-0.5727454693792882,2,2,0.128,510.0,0.6679420471191406,0.9649346902173321,-0.4149346902173321
218,218,categorical_soft,1,1,True,0.14561376889664313,0.0,0.0,0.8543862104415894,0.14561377465724945,2,-0.7087724357843399,0.34507589861750604,-3.0116323947906496,2.2515694856643678,0.5242734909057617,0.34507589861750604,0.00438824685907251,0.8450378262941534,0.15057392684677418,0.00438824685907251,0.8450378262941534,0.15057392684677418,0.8450378262941534,0.00438824685907251,-0.6944638994473792,2,2,0.512,840.0,0.7877875319682062,0.9708542288902703,-0.42085422889027024
219,219,categorical_soft,0,0,False,0.0,0.0,1.0,0.0,0.0,1,-1.0,0.5170426964759827,5.331759977340698,0.6076518774032593,-4.516408014297485,0.5170426964759827,0.991127295143626,0.008820271095446534,5.243376092759997e-05,0.991127295143626,0.008820271095446534,5.243376092759997e-05,0.991127295143626,0.008820271095446534,-0.9910748613826984,1,1,0.256,790.0,0.9336192756891251,0.9863823598187527,-0.4363823598187526
220,220,categorical_soft,1,1,False,0.0,0.0,0.0,1.0,0.0,2,-1.0,0.4290498912334442,-0.2848000705242157,1.864133608341217,-1.1235432744026184,0.4290498912334442,0.09991275748913811,0.8561150003662445,0.04397224214461735,0.09991275748913811,0.8561150003662445,0.04397224214461735,0.8561150003662445,0.09991275748913811,-0.8121427582216272,2,2,0.032,930.0,0.695711875683628,0.9500247111675635,-0.40002471116756344
221,221,categorical_soft,1,1,True,0.14853097830641065,0.0,0.0,0.8514690399169922,0.148530974984169,2,-0.7029380649328232,0.2447915729135275,-2.3136123418807983,2.2114510774612426,0.213903246819973,0.2447915729135275,0.009464689884122161,0.8721904010739404,0.11834490904193726,0.009464689884122161,0.8721904010739404,0.11834490904193726,0.8721904010739404,0.009464689884122161,-0.7538454920320031,2,2,0.256,600.0,0.6674078479409218,0.9609741496551975,-0.4109741496551974
222,222,categorical_soft,1,1,True,0.1561274774266378,0.0,0.0,0.8438725471496582,0.15612748265266418,2,-0.687745064496994,0.1640189528465271,-2.4180763244628904,2.151380753517151,0.3785574436187744,0.1640189528465271,0.008782965294434817,0.8472604706740301,0.14395656403153523,0.008782965294434817,0.8472604706740301,0.14395656403153523,0.8472604706740301,0.008782965294434817,-0.7033039066424949,2,2,0.128,920.0,0.6455166675150394,0.9376366289807997,-0.38763662898079965
223,223,categorical_soft,1,1,False,0.0,0.0,0.0,1.0,0.0,2,-1.0,0.3227393690496683,-2.8840550899505617,3.82346396446228,-0.5741694748401642,0.3227393690496683,0.0012076779568085919,0.9863272341365172,0.012465087906674182,0.0012076779568085919,0.9863272341365172,0.012465087906674182,0.9863272341365172,0.0012076779568085919,-0.973862146229843,2,2,0.512,1080.0,0.9951790161430836,0.9857344003738269,-0.4357344003738268
224,224,categorical_soft,0,0,False,0.0,0.0,1.0,0.0,0.0,1,-1.0,0.3652819961309433,0.007401682250201702,2.1300284624099732,-1.4982241630554198,0.3652819961309433,0.10444707623297171,0.8721662135499271,0.02338671021710126,0.10444707623297171,0.8721662135499271,0.02338671021710126,0.10444707623297171,0.8721662135499271,-0.08106036601587045,2,2,0.0,1140.0,0.4604542929737363,0.8228637386141178,-0.2728637386141177
225,225,categorical_soft,0,0,False,0.0,0.0,1.0,0.0,0.0,1,-1.0,0.4249783158302307,3.280983901023865,0.5081182718276978,-2.9595130681991577,0.4249783158302307,0.9393276862147653,0.058835201705407424,0.001837112079827325,0.9393276862147653,0.058835201705407424,0.001837112079827325,0.9393276862147653,0.058835201705407424,-0.937490574134938,1,1,0.032,740.0,0.7069098949432373,0.9619124420023145,-0.41191244200231447
226,226,categorical_soft,0,0,True,0.1528089201268638,0.0,0.8471910953521729,0.0,0.15280891954898834,1,-0.6943821758031845,0.35226085782051086,1.2806162238121033,-0.945000159740448,0.4739564061164856,0.35226085782051086,0.6431547940646494,0.06949175766203233,0.28735344827331816,0.6431547940646494,0.06949175766203233,0.28735344827331816,0.6431547940646494,0.06949175766203233,-0.3558013457913312,1,1,0.064,1010.0,0.7045481577515602,0.9474461245798402,-0.3974461245798402
227,227,categorical_soft,1,1,True,0.15360463462581997,0.0,0.0,0.8463953733444214,0.1536046415567398,2,-0.6927907317876816,0.3346253991127014,-2.3349940538406373,1.6089028596878052,0.4421652019023895,0.3346253991127014,0.014555734953419528,0.7510939778704522,0.23435028717612827,0.014555734953419528,0.7510939778704522,0.23435028717612827,0.7510939778704522,0.014555734953419528,-0.5167436906943239,2,2,0.512,420.0,0.5501690473174676,0.945042986345464,-0.395042986345464
228,228,categorical_soft,0,0,True,0.14064528422321942,0.0,0.8593547344207764,0.0,0.14064528048038483,1,-0.7187094539403915,0.30401069968938826,3.0139052152633665,-2.4617504119873046,1.1252753257751464,0.30401069968938826,0.8652260491069406,0.003629957776874362,0.1311439931161851,0.8652260491069406,0.003629957776874362,0.1311439931161851,0.8652260491069406,0.003629957776874362,-0.7340820559907555,1,1,0.256,730.0,0.9654799997806549,0.9891379291663808,-0.4391379291663807
229,229,categorical_soft,1,1,False,0.0,0.0,0.0,1.0,0.0,2,-1.0,0.3642876923084259,-0.0850669803097844,2.292260503768921,-1.5840660572052,0.3642876923084259,0.08340052608479351,0.8978255033290106,0.018773970586195975,0.08340052608479351,0.8978255033290106,0.018773970586195975,0.8978255033290106,0.08340052608479351,-0.8790515327428146,2,2,0.064,730.0,0.7088822452351451,0.9627012144069175,-0.4127012144069174
230,230,categorical_soft,0,0,True,0.6246148066422668,0.0,0.37538519501686096,0.0,0.6246148347854614,3,0.24922963976860046,0.4638756260275841,0.2106708511710167,-0.1840056970715523,0.23822921067476271,0.4638756260275841,0.3701741564492195,0.24939205300311387,0.3804337905476666,0.3701741564492195,0.24939205300311387,0.3804337905476666,0.3701741564492195,0.24939205300311387,0.010259634098447046,3,3,0.0,1030.0,0.08277012407779694,0.4533259793573495,0.09667402064265057
231,231,categorical_soft,1,1,True,0.1600567102224431,0.0,0.0,0.8399432897567749,0.1600567102432251,2,-0.6798865795135498,0.2809999015182257,-2.661526846885681,2.0914059400558473,0.40596439242362975,0.2809999015182257,0.007225534607712964,0.837361468813096,0.15541299657919114,0.007225534607712964,0.837361468813096,0.15541299657919114,0.837361468813096,0.007225534607712964,-0.6819484722339049,2,2,0.128,970.0,0.6224888265132904,0.9266926392432918,-0.37669263924329177
232,232,categorical_soft,0,0,True,0.6555425499959664,0.0,0.3444574475288391,0.0,0.6555425524711609,3,0.3110851049423218,0.40459595769643786,0.04259503143839538,-0.33003165423870084,0.42706226706504824,0.40459595769643786,0.31668648870491517,0.21820545673066544,0.46510805456441934,0.31668648870491517,0.21820545673066544,0.46510805456441934,0.31668648870491517,0.21820545673066544,0.14842156585950417,3,3,0.0,940.0,0.03882630169391632,0.4268644092037139,0.12313559079628617
233,233,categorical_soft,0,0,True,0.13890512674687916,0.0,0.8610948920249939,0.0,0.1389051228761673,1,-0.7221897691488266,0.2484902523458004,3.794631266593933,-2.7011121034622194,1.1497212767601013,0.2484902523458004,0.9317716843163744,0.001407277077933252,0.06682103860569223,0.9317716843163744,0.001407277077933252,0.06682103860569223,0.9317716843163744,0.001407277077933252,-0.8649506457106821,1,1,0.256,890.0,1.2117628089617938,0.9960447976541715,-0.4460447976541715
234,234,categorical_soft,1,1,True,0.1669190986530561,0.0,0.0,0.8330808877944946,0.16691909730434418,2,-0.6661617904901505,0.2090105751529336,-3.1502896547317505,2.4814286470413207,0.6334594786167145,0.2090105751529336,0.0030862064479640445,0.8610659749942865,0.13584781855774944,0.0030862064479640445,0.8610659749942865,0.13584781855774944,0.8610659749942865,0.0030862064479640445,-0.7252181564365371,2,2,0.256,1150.0,0.618890518322587,0.9090657488465645,-0.3590657488465645
235,235,categorical_soft,0,0,True,0.3584819305486807,0.0,0.6415180563926697,0.0,0.3584819436073303,1,-0.28303611278533936,0.4034755930304527,-0.1723789244890213,-0.05797661580145359,0.13721718788146972,0.4034755930304527,0.28697503890073195,0.32188070759400234,0.39114425350526566,0.28697503890073195,0.32188070759400234,0.39114425350526566,0.28697503890073195,0.32188070759400234,0.10416921460453371,3,3,0.0,450.0,0.11441224813461304,0.660932596719877,-0.11093259671987699
236,236,categorical_soft,0,0,False,0.0,0.0,1.0,0.0,0.0,1,-1.0,0.38265855610370636,9.871160125732422,-3.1356786727905273,-3.717966365814209,0.38265855610370636,0.9999964313959696,2.2666224504506426e-06,1.3019815800189088e-06,0.9999964313959696,2.2666224504506426e-06,1.3019815800189088e-06,0.9999964313959696,2.2666224504506426e-06,-0.9999951294143896,1,1,0.512,1180.0,1.1793404817581177,0.9934377917668306,-0.4434377917668305
237,237,categorical_soft,1,1,False,0.0,0.0,0.0,1.0,0.0,2,-1.0,0.4621530845761299,-3.096881294250488,3.628538227081299,-0.3739645257592201,0.4621530845761299,0.0011793914492562814,0.980624030971587,0.018196577579156766,0.0011793914492562814,0.980624030971587,0.018196577579156766,0.980624030971587,0.0011793914492562814,-0.9624274533924303,2,2,0.512,1040.0,0.8575209192931652,0.9735935369836438,-0.42359353698364377
238,238,categorical_soft,1,1,True,0.1653626532142904,0.0,0.0,0.8346373438835144,0.1653626561164856,2,-0.6692746877670288,0.3292080327868462,-0.5637248069047928,0.3888282835483551,-0.001278103142976761,0.3292080327868462,0.18730192396712425,0.48472947846367387,0.327968597569202,0.18730192396712425,0.48472947846367387,0.327968597569202,0.48472947846367387,0.18730192396712425,-0.15676088089447188,2,2,0.064,570.0,0.48624189104884863,0.912913889219907,-0.36291388921990697
239,239,categorical_soft,1,1,False,0.0,0.0,0.0,1.0,0.0,2,-1.0,0.36275854408741,-2.734092450141907,3.484185743331909,-0.592036372423172,0.36275854408741,0.0019627691111107114,0.9809216449829739,0.017115585905915384,0.0019627691111107114,0.9809216449829739,0.017115585905915384,0.9809216449829739,0.0019627691111107114,-0.9638060590770585,2,2,0.256,1150.0,0.9062359754461795,0.9762034818176099,-0.4262034818176098
240,240,categorical_soft,0,0,True,0.13999451437870852,0.0,0.8600054979324341,0.0,0.1399945169687271,1,-0.720010980963707,0.3779197230935097,3.163599729537964,-2.4298613548278807,1.1456155896186828,0.3779197230935097,0.8791441362459198,0.0032788423019201388,0.11757702145216013,0.8791441362459198,0.0032788423019201388,0.11757702145216013,0.8791441362459198,0.0032788423019201388,-0.7615671147937597,1,1,0.128,1160.0,1.1259546265937388,0.9916875020500079,-0.44168750205000784
241,241,categorical_soft,0,0,False,0.0,0.0,1.0,0.0,0.0,1,-1.0,0.42311643362045287,5.316752290725708,0.049982834793627265,-3.9183600187301635,0.42311643362045287,0.9947579061781395,0.005145025079159491,9.706874270107235e-05,0.9947579061781395,0.005145025079159491,9.706874270107235e-05,0.9947579061781395,0.005145025079159491,-0.9946608374354384,1,1,0.256,780.0,0.9812496453523636,0.9893212358900684,-0.43932123589006833
242,242,categorical_soft,1,1,False,0.0,0.0,0.0,1.0,0.0,2,-1.0,0.3193970412015915,0.029965922981500626,1.6230419635772706,-1.100587832927704,0.3193970412015915,0.1600931226050455,0.7872670595508126,0.0526398178441419,0.1600931226050455,0.7872670595508126,0.0526398178441419,0.7872670595508126,0.1600931226050455,-0.7346272417066706,2,2,0.032,760.0,0.40921776555478573,0.850970846419215,-0.300970846419215
243,243,categorical_soft,1,1,True,0.1521124229431609,0.0,0.0,0.8478875756263733,0.1521124243736267,2,-0.6957751512527466,0.23987266700714827,-2.436740183830261,2.082490658760071,0.3895682096481323,0.23987266700714827,0.009134062706417218,0.8367206944200257,0.1541452428735571,0.009134062706417218,0.8367206944200257,0.1541452428735571,0.8367206944200257,0.009134062706417218,-0.6825754515464686,2,2,0.128,890.0,0.6839880559127778,0.9495773956125515,-0.39957739561255146
244,244,categorical_soft,1,1,False,0.0,0.0,0.0,1.0,0.0,2,-1.0,0.5258283212780952,-0.201823391020298,1.5575528264045715,-0.8337724030017852,0.5258283212780952,0.1361537602388548,0.7905722628452823,0.07327397691586279,0.1361537602388548,0.7905722628452823,0.07327397691586279,0.7905722628452823,0.1361537602388548,-0.7172982859294195,2,2,0.064,460.0,0.5251156184822321,0.9354361738992932,-0.3854361738992932
245,245,categorical_soft,1,1,True,0.15085227026719744,0.0,0.0,0.8491477370262146,0.1508522629737854,2,-0.6982954740524292,0.1986132875084877,-3.0417696952819826,2.639584279060364,0.4783171534538269,0.1986132875084877,0.0030496875397799115,0.893929226236511,0.10302108622370887,0.0030496875397799115,0.893929226236511,0.10302108622370887,0.893929226236511,0.0030496875397799115,-0.7909081400128022,2,2,0.256,1000.0,0.7283073337748647,0.9535017148259897,-0.4035017148259896
246,246,categorical_soft,0,0,True,0.13834065920886074,0.0,0.8616593480110168,0.0,0.13834065198898315,1,-0.7233186960220337,0.29881743974983693,4.94900541305542,-2.951586127281189,0.4780309900641441,0.29881743974983693,0.9874522236758685,0.00036612609218564127,0.012181650231945718,0.9874522236758685,0.00036612609218564127,0.012181650231945718,0.9874522236758685,0.00036612609218564127,-0.9752705734439228,1,1,0.512,670.0,1.3359726145863533,0.9983482697746391,-0.44834826977463904
247,247,categorical_soft,1,1,True,0.15131481865765273,0.0,0.0,0.8486852049827576,0.15131482481956482,2,-0.6973703801631927,0.2656527180224657,-3.10015389919281,2.433090901374817,0.5270195007324219,0.2656527180224657,0.003434204879889026,0.8674924099376898,0.12907338518242117,0.003434204879889026,0.8674924099376898,0.12907338518242117,0.8674924099376898,0.003434204879889026,-0.7384190247552687,2,2,0.512,750.0,0.6604041084647179,0.9520508505006002,-0.4020508505006002
248,248,categorical_soft,0,0,True,0.19104601399816412,0.0,0.8089540004730225,0.0,0.19104601442813873,1,-0.6179079860448837,0.2424233790487051,0.9525077223777771,-0.8595351576805115,0.5546753346920014,0.2424233790487051,0.5446853794399942,0.0891879782799864,0.3661266422800195,0.5446853794399942,0.0891879782799864,0.3661266422800195,0.5446853794399942,0.0891879782799864,-0.17855873715997467,1,1,0.032,630.0,0.3886011242866516,0.8578638396277584,-0.3078638396277583
249,249,categorical_soft,0,0,True,0.14899593500840919,0.0,0.8510040640830994,0.0,0.14899593591690063,1,-0.7020081281661987,0.20764802992343903,0.8249098062515259,-0.8705801129341125,0.581787496805191,0.20764802992343903,0.5081942314421365,0.09327975770035288,0.39852601085751066,0.5081942314421365,0.09327975770035288,0.39852601085751066,0.5081942314421365,0.09327975770035288,-0.10966822058462583,1,1,0.064,830.0,0.7157257348299026,0.9594510593295946,-0.4094510593295946
250,250,categorical_soft,0,0,False,0.0,0.0,1.0,0.0,0.0,1,-1.0,0.5369569212198257,6.969556570053101,-0.7436011910438538,-4.338672542572022,0.5369569212198257,0.9995395480765847,0.0004480468536043365,1.24050698109094e-05,0.9995395480765847,0.0004480468536043365,1.24050698109094e-05,0.9995395480765847,0.0004480468536043365,-0.9995271430067738,1,1,0.512,690.0,1.0512995719909668,0.9931826741729747,-0.44318267417297463
251,251,categorical_soft,1,1,True,0.1450358315135591,0.0,0.0,0.8549641966819763,0.14503583312034607,2,-0.7099283635616302,0.32007061168551443,-2.613468861579895,2.037064588069916,0.4669084131717682,0.32007061168551443,0.007862369450089215,0.8208424468732876,0.17129518367662327,0.007862369450089215,0.8208424468732876,0.17129518367662327,0.8208424468732876,0.007862369450089215,-0.6495472631966643,2,2,0.512,460.0,0.7096503600478172,0.9728817790571173,-0.4228817790571172
252,252,categorical_soft,0,0,False,0.0,0.0,1.0,0.0,0.0,1,-1.0,0.4319482684135437,1.2855479001998902,0.33263478577136996,-1.2798285365104676,0.4319482684135437,0.6834470877853491,0.2636200977622319,0.05293281445241914,0.6834470877853491,0.2636200977622319,0.05293281445241914,0.6834470877853491,0.2636200977622319,-0.63051427333293,1,1,0.0,1090.0,0.056773871183395386,0.4043661573593404,0.14563384264065965
253,253,categorical_soft,0,0,True,0.14177096366115877,0.0,0.8582290410995483,0.0,0.14177095890045166,1,-0.7164580821990967,0.3651592269539833,2.662483644485474,-1.0019079923629761,0.19093256816267967,0.3651592269539833,0.8992471527255448,0.023039177263956503,0.07771367001049868,0.8992471527255448,0.023039177263956503,0.07771367001049868,0.8992471527255448,0.023039177263956503,-0.8215334827150461,1,1,0.064,800.0,0.913612388074398,0.9848176074796632,-0.43481760747966314
254,254,categorical_soft,0,0,False,0.0,0.0,1.0,0.0,0.0,1,-1.0,0.4223246842622757,4.68736720085144,0.41898185908794405,-3.9650704145431517,0.4223246842622757,0.9859904239682982,0.013836914073106037,0.00017266195859579262,0.9859904239682982,0.013836914073106037,0.00017266195859579262,0.9859904239682982,0.013836914073106037,-0.9858177620097024,1,1,0.128,900.0,0.7917141616344452,0.9693153156346825,-0.4193153156346825
255,255,categorical_soft,1,1,True,0.14931775281247062,0.0,0.0,0.850682258605957,0.14931775629520416,2,-0.7013645023107529,0.15262058191001415,-2.8546006441116334,2.752554178237915,0.28593644350767133,0.15262058191001415,0.003387901122837958,0.9185995445886223,0.07801255428853984,0.003387901122837958,0.9185995445886223,0.07801255428853984,0.9185995445886223,0.003387901122837958,-0.8405869903000824,2,2,0.256,1050.0,0.7642977461218834,0.9584047513164093,-0.4084047513164093
256,256,categorical_soft,0,0,False,0.0,0.0,1.0,0.0,0.0,1,-1.0,0.3923020392656326,2.4230760812759398,0.7016507625579834,-2.572510075569153,0.3923020392656326,0.843028497935741,0.15113258097177812,0.005838921092480984,0.843028497935741,0.15113258097177812,0.005838921092480984,0.843028497935741,0.15113258097177812,-0.83718957684326,1,1,0.064,640.0,0.4652378112077713,0.8967989949471341,-0.34679899494713406
257,257,categorical_soft,1,1,True,0.33470239391383116,0.0,0.0,0.6652976274490356,0.33470240235328674,2,-0.3305952250957489,0.31080426685512064,-0.5544030398130417,0.5431697994470597,0.00792112685739994,0.31080426685512064,0.1740607290851351,0.5209484690734298,0.30499080184143523,0.1740607290851351,0.5209484690734298,0.30499080184143523,0.5209484690734298,0.1740607290851351,-0.2159576672319946,2,2,0.0,730.0,0.20241867005825043,0.6818551039317605,-0.13185510393176048
258,258,categorical_soft,1,1,True,0.14302894809337374,0.0,0.0,0.856971025466919,0.14302894473075867,2,-0.7139420807361603,0.3509751547127962,-3.0389097690582276,2.6790079355239866,0.31867954730987547,0.3509751547127962,0.003010518534498762,0.9106781434423485,0.08631133802315262,0.003010518534498762,0.9106781434423485,0.08631133802315262,0.9106781434423485,0.003010518534498762,-0.8243668054191959,2,2,0.512,850.0,0.8700185790657997,0.9801177867247022,-0.43011778672470213
259,259,categorical_soft,0,0,True,0.18788168456132315,0.0,0.8121182918548584,0.0,0.1878816783428192,1,-0.6242366135120392,0.45375184416770936,-0.14939561411738395,0.06034312099218368,0.09331307113170624,0.45375184416770936,0.2859187871236556,0.3515180617007124,0.36256315117563204,0.2859187871236556,0.3515180617007124,0.36256315117563204,0.2859187871236556,0.3515180617007124,0.07664436405197644,3,3,0.032,460.0,0.3570415824651718,0.8638378982141887,-0.3138378982141886
260,260,categorical_soft,0,0,True,0.2796784244066199,0.0,0.7203215956687927,0.0,0.27967843413352966,1,-0.44064316153526306,0.3314010687172413,-1.4219540238380433,0.8940834879875184,0.1990291640162468,0.3314010687172413,0.06180397464673908,0.6254269979721374,0.31276902738112355,0.06180397464673908,0.6254269979721374,0.31276902738112355,0.06180397464673908,0.6254269979721374,0.25096505273438446,2,2,0.0,830.0,0.28032926470041275,0.7358603937733131,-0.1858603937733131
261,261,categorical_soft,0,0,True,0.3556582784721536,0.0,0.6443417072296143,0.0,0.35565829277038574,1,-0.2886834144592285,0.34829116351902484,-0.33602725267410277,0.15243741348385811,0.14776134192943574,0.34829116351902484,0.2350324735508841,0.3835229392381755,0.38144458721094043,0.2350324735508841,0.3835229392381755,0.38144458721094043,0.2350324735508841,0.3835229392381755,0.14641211366005633,2,2,0.0,520.0,0.1337961107492447,0.6633603266740746,-0.11336032667407459
262,262,categorical_soft,0,0,True,0.14775865724515563,0.0,0.8522413372993469,0.0,0.14775866270065308,1,-0.7044826745986938,0.2522566307336092,1.3231186270713806,-1.1042245507240296,0.6229672253131866,0.2522566307336092,0.6308330488167954,0.05576302611210977,0.3134039250710948,0.6308330488167954,0.05576302611210977,0.3134039250710948,0.6308330488167954,0.05576302611210977,-0.31742912374570054,1,1,0.032,730.0,0.713656947016716,0.9635345279378638,-0.4135345279378637
263,263,categorical_soft,1,1,False,0.0,0.0,0.0,1.0,0.0,2,-1.0,0.3883365735411644,-0.6414022266864776,1.9322049021720886,-0.8547647416591644,0.3883365735411644,0.06725129596595382,0.877837063166656,0.05491164086739009,0.06725129596595382,0.877837063166656,0.05491164086739009,0.877837063166656,0.06725129596595382,-0.8229254222992659,2,2,0.064,430.0,0.7616479843854904,0.9796020092335416,-0.4296020092335415
264,264,categorical_soft,1,1,False,0.0,0.0,0.0,1.0,0.0,2,-1.0,0.42473665028810503,0.6232055604457856,0.9223128199577332,-0.9162580907344818,0.42473665028810503,0.3901135506373688,0.526074104458243,0.08381234490438828,0.3901135506373688,0.526074104458243,0.08381234490438828,0.526074104458243,0.3901135506373688,-0.4422617595538547,2,2,0.032,640.0,0.5525830592960119,0.9303007074070531,-0.380300707407053
265,265,categorical_soft,1,1,True,0.1591806303985685,0.0,0.0,0.8408193588256836,0.1591806262731552,2,-0.6816387325525284,0.3004678202793002,-0.9672638595104217,0.7734092235565185,0.017452824115753173,0.3004678202793002,0.10682988296665381,0.6077725614309354,0.285397555602411,0.10682988296665381,0.6077725614309354,0.285397555602411,0.6077725614309354,0.10682988296665381,-0.3223750058285244,2,2,0.032,460.0,0.504600090906024,0.9290743796082712,-0.3790743796082712
266,266,categorical_soft,0,0,True,0.18279476550159074,0.0,0.8172052502632141,0.0,0.18279476463794708,1,-0.634410485625267,0.45367518365383147,0.12517894990742207,0.03590634670108557,-0.017244072258472444,0.45367518365383147,0.35961112037782234,0.3286097873007338,0.3117790923214439,0.35961112037782234,0.3286097873007338,0.3117790923214439,0.35961112037782234,0.3286097873007338,-0.04783202805637843,1,1,0.0,1070.0,0.5245995223522186,0.8738495799116713,-0.3238495799116713
267,267,categorical_soft,0,0,True,0.13986777918535542,0.0,0.8601322174072266,0.0,0.13986778259277344,1,-0.7202644348144531,0.22935130521655084,2.2572200775146483,-2.178775763511658,1.2042797207832336,0.22935130521655084,0.7348306570946318,0.008715069220801572,0.2564542736845667,0.7348306570946318,0.008715069220801572,0.2564542736845667,0.7348306570946318,0.008715069220801572,-0.4783763834100651,1,1,0.256,540.0,0.9865885153412819,0.9921885901687603,-0.4421885901687602
268,268,categorical_soft,0,0,True,0.1533718956249439,0.0,0.8466281294822693,0.0,0.1533719003200531,1,-0.6932562291622162,0.3954831428825855,1.197756004333496,-0.1875544898211956,-0.0004989795386791229,0.3954831428825855,0.6431609390758458,0.16142819405151587,0.19541086687263828,0.6431609390758458,0.16142819405151587,0.19541086687263828,0.6431609390758458,0.16142819405151587,-0.4477500722032075,1,1,0.032,1050.0,0.7075030952692032,0.945742435098585,-0.395742435098585
269,269,categorical_soft,1,1,True,0.19538686710282,0.0,0.0,0.8046131134033203,0.1953868716955185,2,-0.6092262417078018,0.39298125356435776,-0.30741734951734545,0.003402702324092388,0.15078040957450867,0.39298125356435776,0.2535050900259425,0.3458922453879924,0.40060266458606514,0.2535050900259425,0.3458922453879924,0.40060266458606514,0.3458922453879924,0.2535050900259425,0.054710419198072735,3,3,0.0,780.0,0.41250117123126984,0.8499561995424352,-0.29995619954243513
270,270,categorical_soft,1,1,False,0.0,0.0,0.0,1.0,0.0,2,-1.0,0.5343474447727203,2.3467977046966553,0.661767590045929,-2.42321400642395,0.5343474447727203,0.8372875317848296,0.15559367473136665,0.007118793483803965,0.8372875317848296,0.15559367473136665,0.007118793483803965,0.15559367473136665,0.8372875317848296,-0.1484748812475627,1,1,0.0,480.0,0.10274922102689743,0.6396812171228674,-0.08968121712286736
271,271,categorical_soft,0,0,True,0.1594492223485875,0.0,0.8405507802963257,0.0,0.15944921970367432,1,-0.6811015605926514,0.32192243337631227,1.5227046847343444,-1.0853758335113526,0.5415042698383331,0.32192243337631227,0.6899094363563536,0.050971041217478606,0.25911952242616765,0.6899094363563536,0.050971041217478606,0.25911952242616765,0.6899094363563536,0.050971041217478606,-0.43078991393018595,1,1,0.032,690.0,0.5587776601314545,0.9283407491777317,-0.37834074917773164
272,272,categorical_soft,1,1,True,0.15029517023535793,0.0,0.0,0.8497048020362854,0.1502951681613922,2,-0.6994096338748932,0.22910167425870895,-1.317863142490387,1.2219840049743653,0.06822001114487648,0.22910167425870895,0.056812745264110606,0.7169660514471888,0.22622120328870055,0.056812745264110606,0.7169660514471888,0.22622120328870055,0.7169660514471888,0.056812745264110606,-0.4907448481584883,2,2,0.032,840.0,0.6972966487519443,0.9552655773150365,-0.40526557731503643
273,273,categorical_soft,1,1,True,0.6648790529686728,0.0,0.0,0.33512094616889954,0.6648790240287781,3,0.32975807785987854,0.3544971436262131,-0.5392452657222748,0.1782095029950142,0.11864228323101997,0.3544971436262131,0.2004430450053321,0.41145547018718187,0.38810148480748596,0.2004430450053321,0.41145547018718187,0.38810148480748596,0.41145547018718187,0.2004430450053321,-0.023353985379695907,2,2,0.0,1090.0,0.0686732679605484,0.41852326109160093,0.13147673890839912
274,274,categorical_soft,0,0,False,0.0,0.0,1.0,0.0,0.0,1,-1.0,0.33266536667943003,5.186760282516479,-0.14800378493964672,-3.489311385154724,0.33266536667943003,0.9950085649965483,0.004820923856399698,0.00017051114705193918,0.9950085649965483,0.004820923856399698,0.00017051114705193918,0.9950085649965483,0.004820923856399698,-0.9948380538494964,1,1,0.128,1180.0,0.8269686996936798,0.9640318690614057,-0.41403186906140566
275,275,categorical_soft,1,1,False,0.0,0.0,0.0,1.0,0.0,2,-1.0,0.4850348562002182,-1.9029215693473815,3.903592014312744,-1.4719118475914001,0.4850348562002182,0.003001613920727061,0.9922871624970258,0.004711223582247341,0.003001613920727061,0.9922871624970258,0.004711223582247341,0.9922871624970258,0.003001613920727061,-0.9875759389147785,2,2,0.256,850.0,1.0121175795793533,0.9900091090472307,-0.4400091090472307
276,276,categorical_soft,0,0,False,0.0,0.0,1.0,0.0,0.0,1,-1.0,0.35078722015023234,8.304586124420165,-4.16870436668396,-1.3236716210842132,0.35078722015023234,0.9999263196738857,3.841082373296583e-06,6.98392437410768e-05,0.9999263196738857,3.841082373296583e-06,6.98392437410768e-05,0.9999263196738857,3.841082373296583e-06,-0.9998564804301446,1,1,0.512,1150.0,1.1009928733110428,0.9907244605102499,-0.4407244605102498
277,277,categorical_soft,0,0,False,0.0,0.0,1.0,0.0,0.0,1,-1.0,0.4595486432313919,4.677880668640137,0.7433042287826538,-4.062027072906494,0.4595486432313919,0.9805502599425886,0.019291735169188542,0.00015800488822292194,0.9805502599425886,0.019291735169188542,0.00015800488822292194,0.9805502599425886,0.019291735169188542,-0.9803922550543657,1,1,0.128,680.0,0.9255853593349457,0.9875783536318303,-0.4375783536318303
278,278,categorical_soft,1,1,True,0.15633731192870665,0.0,0.0,0.843662679195404,0.15633730590343475,2,-0.6873253732919693,0.2663950059562922,-1.6638441324234008,1.2605032086372376,0.3080967843532562,0.2663950059562922,0.0373124304432981,0.694453124077258,0.268234445479444,0.0373124304432981,0.694453124077258,0.268234445479444,0.694453124077258,0.0373124304432981,-0.42621867859781404,2,2,0.032,850.0,0.6262553837150335,0.9370345759096455,-0.3870345759096454
279,279,categorical_soft,1,1,True,0.5298821104103935,0.0,0.0,0.4701178967952728,0.5298821330070496,3,0.05976423621177673,0.475534787774086,0.2525136858224869,0.05583954509347677,-0.12083901017904282,0.475534787774086,0.3984202969812689,0.3271873415165919,0.2743923615021392,0.3984202969812689,0.3271873415165919,0.2743923615021392,0.3271873415165919,0.3984202969812689,-0.05279498001445271,1,1,0.0,850.0,0.09916174411773682,0.5275465849209846,0.022453415079015437
280,280,categorical_soft,1,1,True,0.1950017066658168,0.0,0.0,0.8049982786178589,0.19500170648097992,2,-0.609996572136879,0.3633773475885391,-0.32612851858139036,0.08072577696293592,0.17309946417808533,0.3633773475885391,0.24092712868599758,0.36213759476571095,0.3969352765482914,0.24092712868599758,0.36213759476571095,0.3969352765482914,0.36213759476571095,0.24092712868599758,0.03479768178258047,3,3,0.0,650.0,0.3817058764398098,0.8506450788496379,-0.30064507884963787
281,281,categorical_soft,0,0,True,0.24079107969569813,0.0,0.7592089176177979,0.0,0.24079108238220215,1,-0.5184178352355957,0.3837305814027786,-0.37456020414829255,0.2788201943039894,0.0555344820022583,0.3837305814027786,0.2247103248793974,0.4308002868359007,0.344489388284702,0.2247103248793974,0.4308002868359007,0.344489388284702,0.2247103248793974,0.4308002868359007,0.11977906340530459,2,2,0.032,550.0,0.26255927979946136,0.7815645134853585,-0.23156451348535845
282,282,categorical_soft,0,0,False,0.0,0.0,1.0,0.0,0.0,1,-1.0,0.4043374344706535,5.197908163070679,-0.15656189545989035,-3.5653000354766844,0.4043374344706535,0.9951224259817973,0.004721129902899429,0.0001564441153030921,0.9951224259817973,0.004721129902899429,0.0001564441153030921,0.9951224259817973,0.004721129902899429,-0.9949659818664942,1,1,0.512,440.0,0.9626259952783585,0.9922103971270537,-0.4422103971270537
283,283,categorical_soft,0,0,True,0.4337579858360813,0.0,0.5662420392036438,0.0,0.4337579905986786,1,-0.1324840486049652,0.4330008316785097,0.2369935542345047,0.03258097395300865,-0.07783974371850491,0.4330008316785097,0.393281325060989,0.31987277081550625,0.2868459041235048,0.393281325060989,0.31987277081550625,0.2868459041235048,0.393281325060989,0.31987277081550625,-0.1064354209374842,1,1,0.0,990.0,0.1937071830034256,0.600143305897875,-0.05014330589787497
284,284,categorical_soft,1,1,False,0.0,0.0,0.0,1.0,0.0,2,-1.0,0.43713805079460144,-3.0206703662872316,4.334706258773804,-0.8627946555614472,0.43713805079460144,0.0006352119841561722,0.9937551927587448,0.0056095952570990515,0.0006352119841561722,0.9937551927587448,0.0056095952570990515,0.9937551927587448,0.0006352119841561722,-0.9881455975016458,2,2,0.512,1180.0,1.0494448315293994,0.9876492570449825,-0.4376492570449825
285,285,categorical_soft,0,0,True,0.20068470657477516,0.0,0.7993152737617493,0.0,0.20068471133708954,1,-0.5986305624246597,0.40364663302898407,0.6278952360153198,-0.2585708200931549,0.08848404064774514,0.40364663302898407,0.5006755977333862,0.2067518678574342,0.2925725344091796,0.5006755977333862,0.2067518678574342,0.2925725344091796,0.5006755977333862,0.2067518678574342,-0.20810306332420664,1,1,0.064,740.0,0.38829944282770157,0.8407161680580805,-0.2907161680580804
286,286,categorical_soft,1,1,False,0.0,0.0,0.0,1.0,0.0,2,-1.0,0.3259510289877653,-3.271543550491333,3.877278542518616,-0.3751710817217827,0.3259510289877653,0.0007751487582023078,0.9850138714703549,0.014210979771442592,0.0007751487582023078,0.9850138714703549,0.014210979771442592,0.9850138714703549,0.0007751487582023078,-0.9708028916989123,2,2,0.512,1140.0,0.9693213626742363,0.9826413425144718,-0.4326413425144717
287,287,categorical_soft,1,1,True,0.1485846174179713,0.0,0.0,0.8514153957366943,0.14858461916446686,2,-0.7028307765722275,0.20692872125655412,-2.965291452407837,2.479356527328491,0.47559638023376466,0.20692872125655412,0.0037962926786854973,0.8778011577197864,0.11840254960152816,0.0037962926786854973,0.8778011577197864,0.11840254960152816,0.8778011577197864,0.0037962926786854973,-0.7593986081182582,2,2,0.256,780.0,0.7106173224747181,0.9607977457080538,-0.4107977457080537
288,288,categorical_soft,0,0,False,0.0,0.0,1.0,0.0,0.0,1,-1.0,0.42866182923316953,5.940020656585693,0.2526839807629585,-4.655096912384034,0.42866182923316953,0.9965814268196365,0.0033936183223056615,2.4954858057818946e-05,0.9965814268196365,0.0033936183223056615,2.4954858057818946e-05,0.9965814268196365,0.0033936183223056615,-0.9965564719615786,1,1,0.256,880.0,0.9866893738508224,0.9882830661053026,-0.43828306610530254
289,289,categorical_soft,0,0,False,0.0,0.0,1.0,0.0,0.0,1,-1.0,0.4719763949513435,4.146661543846131,0.5696086823940277,-3.630678963661194,0.4719763949513435,0.9722991225110882,0.027290782324979158,0.00041009516393255457,0.9722991225110882,0.027290782324979158,0.00041009516393255457,0.9722991225110882,0.027290782324979158,-0.9718890273471557,1,1,0.064,920.0,0.7644073963165283,0.9642412099292518,-0.41424120992925173
290,290,categorical_soft,0,0,True,0.1381227231744136,0.0,0.8618772625923157,0.0,0.13812272250652313,1,-0.7237545400857925,0.2744133658707142,4.1664448261260985,-2.134315812587738,0.15458438359200954,0.2744133658707142,0.9791885574813805,0.0017969849191213712,0.019014457599498064,0.9791885574813805,0.0017969849191213712,0.019014457599498064,0.9791885574813805,0.0017969849191213712,-0.9601740998818824,1,1,0.512,600.0,1.4786475822329521,0.9992462463328757,-0.4492462463328757
291,291,categorical_soft,1,1,True,0.15995708681233395,0.0,0.0,0.8400428891181946,0.15995708107948303,2,-0.6800858080387115,0.36935289204120636,-0.17298869863152505,-0.0023964609950780868,0.12844108492136003,0.36935289204120636,0.2826086647888154,0.33537922340829696,0.3820121118028876,0.2826086647888154,0.33537922340829696,0.3820121118028876,0.33537922340829696,0.2826086647888154,0.04663288839459062,3,3,0.0,920.0,0.611028790473938,0.9269618633162482,-0.37696186331624815
292,292,categorical_soft,0,0,False,0.0,0.0,1.0,0.0,0.0,1,-1.0,0.5220418035984039,3.755995512008667,0.4432890713214874,-3.094818615913391,0.5220418035984039,0.9638077629141508,0.03516712295422981,0.0010251141316194306,0.9638077629141508,0.03516712295422981,0.0010251141316194306,0.9638077629141508,0.03516712295422981,-0.9627826487825314,1,1,0.064,970.0,0.7140514403581619,0.9519763772780255,-0.4019763772780255
293,293,categorical_soft,1,1,True,0.14477298929539312,0.0,0.0,0.855226993560791,0.1447729915380478,2,-0.7104540020227432,0.41838146895170214,-3.583240294456482,2.8015241384506226,0.5544936001300812,0.41838146895170214,0.0015238075671274828,0.9028969965298476,0.09557919590302506,0.0015238075671274828,0.9028969965298476,0.09557919590302506,0.9028969965298476,0.0015238075671274828,-0.8073178006268225,2,2,0.512,1130.0,0.881339731393382,0.9738120010607991,-0.4238120010607991
294,294,categorical_soft,1,1,False,0.0,0.0,0.0,1.0,0.0,2,-1.0,0.38985795378684995,-1.2547590136528015,4.401714611053467,-2.246294152736664,0.38985795378684995,0.0034814814169116617,0.9951880430285447,0.00133047555454364,0.0034814814169116617,0.9951880430285447,0.00133047555454364,0.9951880430285447,0.0034814814169116617,-0.993857567474001,2,2,0.128,800.0,0.8723767548799515,0.9814709344251706,-0.4314709344251706
295,295,categorical_soft,1,1,False,0.0,0.0,0.0,1.0,0.0,2,-1.0,0.33051814064383506,-3.165841746330261,3.7629801988601685,-0.31054369211196897,0.33051814064383506,0.0009621064194402284,0.9819421991327373,0.01709569444782268,0.0009621064194402284,0.9819421991327373,0.01709569444782268,0.9819421991327373,0.0009621064194402284,-0.9648465046849146,2,2,0.512,980.0,0.9144380930811167,0.9812820490448256,-0.4312820490448256
296,296,categorical_soft,1,1,True,0.14963844126577752,0.0,0.0,0.8503615856170654,0.14963844418525696,2,-0.7007231414318085,0.2647928029298782,-2.706807041168213,1.8947285175323487,0.5056021869182586,0.2647928029298782,0.00796763860439111,0.7937194265191769,0.19831293487643198,0.00796763860439111,0.7937194265191769,0.19831293487643198,0.7937194265191769,0.00796763860439111,-0.595406491642745,2,2,0.512,510.0,0.6265748795121908,0.9573684414410254,-0.40736844144102535
297,297,categorical_soft,1,1,True,0.1490484519506305,0.0,0.0,0.8509515523910522,0.14904844760894775,2,-0.7019031047821045,0.26475742887705567,-3.581504201889038,2.723056960105896,0.7451647281646728,0.26475742887705567,0.0016037799974438914,0.876733326698431,0.12166289330412527,0.0016037799974438914,0.876733326698431,0.12166289330412527,0.876733326698431,0.0016037799974438914,-0.7550704333943057,2,2,0.512,1130.0,0.7884399071335793,0.9592798762345498,-0.40927987623454976
298,298,categorical_soft,1,1,False,0.0,0.0,0.0,1.0,0.0,2,-1.0,0.34704569876194,-1.7947049856185913,3.465738320350647,-1.1161433696746825,0.34704569876194,0.005116274755181751,0.9847827407881734,0.01010098445664465,0.005116274755181751,0.9847827407881734,0.01010098445664465,0.9847827407881734,0.005116274755181751,-0.9746817563315288,2,2,0.512,490.0,0.915975533425808,0.989622194411161,-0.4396221944111609
299,299,categorical_soft,0,0,False,0.0,0.0,1.0,0.0,0.0,1,-1.0,0.3752033457159996,0.42112884521484373,0.717156183719635,-0.7897223591804504,0.3752033457159996,0.37842619523796306,0.5086262202647959,0.11294758449724107,0.37842619523796306,0.5086262202647959,0.11294758449724107,0.37842619523796306,0.5086262202647959,-0.265478610740722,2,2,0.0,540.0,0.1374301016330719,0.6619619019605973,-0.1119619019605973
300,300,categorical_soft,1,1,False,0.0,0.0,0.0,1.0,0.0,2,-1.0,0.3240139946341515,-1.9421766638755797,3.5699209928512574,-1.1083491325378418,0.3240139946341515,0.003995990341480364,0.98672039797285,0.009283611685669636,0.003995990341480364,0.98672039797285,0.009283611685669636,0.98672039797285,0.003995990341480364,-0.9774367862871804,2,2,0.512,650.0,0.9220624417066574,0.9878075660184856,-0.4378075660184856
301,301,categorical_soft,0,0,True,0.3926417585264873,0.0,0.6073582172393799,0.0,0.39264175295829773,1,-0.21471646428108215,0.5042923629283905,-0.2749320477247238,-0.03228631019592285,0.18336682617664338,0.5042923629283905,0.25940887509644583,0.33061934828343975,0.4099717766201144,0.25940887509644583,0.33061934828343975,0.4099717766201144,0.25940887509644583,0.33061934828343975,0.15056290152366858,3,3,0.0,780.0,0.17007821798324585,0.6325402226419574,-0.08254022264195737
302,302,categorical_soft,0,0,True,0.17886932257187405,0.0,0.8211306929588318,0.0,0.1788693219423294,1,-0.6422613710165024,0.32418929859995843,0.1278252847492695,-0.03876472394913435,0.17006710767745972,0.32418929859995843,0.34604035427317126,0.2929171214413423,0.3610425242854865,0.34604035427317126,0.2929171214413423,0.3610425242854865,0.34604035427317126,0.2929171214413423,0.015002170012315241,3,3,0.064,490.0,0.39768432080745697,0.8819542041042935,-0.33195420410429344
303,303,categorical_soft,1,1,False,0.0,0.0,0.0,1.0,0.0,2,-1.0,0.4671810448169708,0.4218367785215378,1.002938950061798,-0.8804001450538635,0.4671810448169708,0.32661115955416614,0.5840344349460007,0.08935440549983314,0.32661115955416614,0.5840344349460007,0.08935440549983314,0.5840344349460007,0.32661115955416614,-0.49468002944616757,2,2,0.0,570.0,0.11988545954227448,0.6340609673785624,-0.08406096737856239
304,304,categorical_soft,1,1,True,0.1426841499922351,0.0,0.0,0.8573158383369446,0.14268414676189423,2,-0.7146316915750504,0.23739308603107928,-3.1250694751739503,2.757422137260437,0.4526216387748718,0.23739308603107928,0.002545980818092688,0.9068824014156072,0.09057161776630014,0.002545980818092688,0.9068824014156072,0.09057161776630014,0.9068824014156072,0.002545980818092688,-0.816310783649307,2,2,0.256,1040.0,0.9303916841745377,0.9813929123148705,-0.4313929123148704
305,305,categorical_soft,1,1,True,0.15134368036888202,0.0,0.0,0.8486562967300415,0.1513436734676361,2,-0.6973126232624054,0.3392863966524601,-2.7418058633804323,2.312795090675354,0.37279353141784666,0.3392863966524601,0.005558833974307981,0.8692914853932405,0.12514968063245155,0.005558833974307981,0.8692914853932405,0.12514968063245155,0.8692914853932405,0.005558833974307981,-0.744141804760789,2,2,0.256,560.0,0.6133843287825584,0.9519607250283878,-0.40196072502838776
306,306,categorical_soft,1,1,True,0.17814919649739103,0.0,0.0,0.8218507766723633,0.17814919352531433,2,-0.643701583147049,0.3247140940278769,-2.0733623027801515,1.493210995197296,0.5001516103744507,0.3247140940278769,0.020189971744599293,0.7142813473307641,0.26552868092463655,0.020189971744599293,0.7142813473307641,0.26552868092463655,0.7142813473307641,0.020189971744599293,-0.44875266640612754,2,2,0.128,830.0,0.48410578817129135,0.8834798048379447,-0.3334798048379447
307,307,categorical_soft,0,0,False,0.0,0.0,1.0,0.0,0.0,1,-1.0,0.47311276495456694,2.26051664352417,0.4373902291059494,-2.159658098220825,0.47311276495456694,0.8517746910717191,0.13789601635254736,0.010329292575733477,0.8517746910717191,0.13789601635254736,0.010329292575733477,0.8517746910717191,0.13789601635254736,-0.8414453984959857,1,1,0.128,430.0,0.6822309195995331,0.9701567791206914,-0.4201567791206914
308,308,categorical_soft,0,0,True,0.19729139267598805,0.0,0.802708625793457,0.0,0.19729138910770416,1,-0.6054172366857529,0.34440796431154014,0.21961771622300147,0.15596563518047332,-0.07104863859713077,0.34440796431154014,0.37270914360403407,0.34883156852325903,0.27845928787270685,0.37270914360403407,0.34883156852325903,0.27845928787270685,0.37270914360403407,0.34883156852325903,-0.09424985573132721,1,1,0.032,520.0,0.3433762788772583,0.8465847675222417,-0.2965847675222416
309,309,categorical_soft,1,1,False,0.0,0.0,0.0,1.0,0.0,2,-1.0,0.4050062492489815,2.988491582870483,0.7385180354118347,-2.9094777584075926,0.4050062492489815,0.9018581857681806,0.09564612109042295,0.0024956931413965813,0.9018581857681806,0.09564612109042295,0.0024956931413965813,0.09564612109042295,0.9018581857681806,-0.09315042794902637,1,1,0.0,1000.0,0.5186137944401708,0.8797866948377613,-0.32978669483776124
310,310,categorical_soft,1,1,False,0.0,0.0,0.0,1.0,0.0,2,-1.0,0.47706651240587233,-0.867873615026474,2.097516429424286,-1.0255477547645568,0.47706651240587233,0.04724329262002772,0.9119948625652453,0.04076184481472698,0.04724329262002772,0.9119948625652453,0.04076184481472698,0.9119948625652453,0.04724329262002772,-0.8712330177505183,2,2,0.032,970.0,0.39643021300435066,0.8063145232842015,-0.25631452328420146
311,311,categorical_soft,1,1,True,0.15569712710598393,0.0,0.0,0.8443028926849365,0.15569712221622467,2,-0.6886057704687119,0.3110209457576275,-2.5074931621551513,1.906719446182251,0.5100826442241668,0.3110209457576275,0.009616363239611467,0.7937267540748774,0.19665688268551104,0.009616363239611467,0.7937267540748774,0.19665688268551104,0.7937267540748774,0.009616363239611467,-0.5970698713893663,2,2,0.256,650.0,0.5836306642740965,0.9388779207407766,-0.38887792074077654
312,312,categorical_soft,1,1,False,0.0,0.0,0.0,1.0,0.0,2,-1.0,0.4360493987798691,-2.1230775356292724,2.8388333559036254,-0.5793109655380249,0.4360493987798691,0.006737043112289403,0.9613450326121317,0.03191792427557884,0.006737043112289403,0.9613450326121317,0.03191792427557884,0.9613450326121317,0.006737043112289403,-0.9294271083365528,2,2,0.512,610.0,0.9209451451897621,0.9883116426258042,-0.43831164262580413
313,313,categorical_soft,0,0,False,0.0,0.0,1.0,0.0,0.0,1,-1.0,0.5661472454667091,6.326694917678833,-0.5470518141984939,-4.052237796783447,0.5661472454667091,0.9989290209105152,0.001039592510548399,3.138657893653008e-05,0.9989290209105152,0.001039592510548399,3.138657893653008e-05,0.9989290209105152,0.001039592510548399,-0.9988976343315786,1,1,0.512,640.0,1.0328418463468552,0.9929736339388011,-0.44297363393880107
314,314,categorical_soft,0,0,False,0.0,0.0,1.0,0.0,0.0,1,-1.0,0.4473418012261391,3.0270742416381835,0.7337604641914368,-2.7282318115234374,0.4473418012261391,0.9053207840618194,0.09176968672941611,0.00290952920876444,0.9053207840618194,0.09176968672941611,0.00290952920876444,0.9053207840618194,0.09176968672941611,-0.902411254853055,1,1,0.064,740.0,0.653642937541008,0.9510753730288615,-0.4010753730288614
315,315,categorical_soft,1,1,True,0.18445459278003695,0.0,0.0,0.815545380115509,0.18445459008216858,2,-0.6310907900333405,0.33076988253742456,-0.029876864235848188,0.37901559472084045,-0.004718341678380966,0.33076988253742456,0.2836431740669201,0.4258351749589397,0.2905216509741401,0.2836431740669201,0.4258351749589397,0.2905216509741401,0.4258351749589397,0.2836431740669201,-0.13531352398479957,2,2,0.064,410.0,0.3565915375947952,0.8705246549234951,-0.320524654923495
316,316,categorical_soft,1,1,True,0.14385024512179656,0.0,0.0,0.8561497330665588,0.14385025203227997,2,-0.7122994810342789,0.2679507613182068,-2.694283366203308,2.046565091609955,0.49100457429885863,0.2679507613182068,0.007164871897610006,0.8196385875586545,0.1731965405437355,0.007164871897610006,0.8196385875586545,0.1731965405437355,0.8196385875586545,0.007164871897610006,-0.646442047014919,2,2,0.512,450.0,0.7426585806533694,0.9771188704324757,-0.42711887043247565
317,317,categorical_soft,1,1,True,0.2529653022322077,0.0,0.0,0.7470346689224243,0.2529653012752533,2,-0.494069367647171,0.3529988586902618,1.4406264901161194,-0.989146602153778,0.4664864122867584,0.3529988586902618,0.682076149836251,0.060364671908556475,0.2575591782551926,0.682076149836251,0.060364671908556475,0.2575591782551926,0.060364671908556475,0.682076149836251,0.1971945063466361,1,1,0.0,840.0,0.31598392128944397,0.7663283213325881,-0.21632832133258806
318,318,categorical_soft,1,1,False,0.0,0.0,0.0,1.0,0.0,2,-1.0,0.397806291282177,-0.8228129029273987,2.362532901763916,-1.1274938344955445,0.397806291282177,0.03861276618404996,0.9325530880320105,0.02883414578393951,0.03861276618404996,0.9325530880320105,0.02883414578393951,0.9325530880320105,0.03861276618404996,-0.903718942248071,2,2,0.032,690.0,0.6099110618233681,0.9433591631568852,-0.3933591631568851
319,319,categorical_soft,0,0,False,0.0,0.0,1.0,0.0,0.0,1,-1.0,0.4601294040679932,4.365093469619751,0.45644492506980894,-3.6777244567871095,0.4601294040679932,0.9799621788180284,0.01972238468841286,0.0003154364935588261,0.9799621788180284,0.01972238468841286,0.0003154364935588261,0.9799621788180284,0.01972238468841286,-0.9796467423244696,1,1,0.256,420.0,0.8809878528118134,0.9886837339785269,-0.4386837339785269
320,320,categorical_soft,1,1,False,0.0,0.0,0.0,1.0,0.0,2,-1.0,0.5159319415688515,0.7014812350273132,0.8344607949256897,-1.1656436264514922,0.5159319415688515,0.4356328769916595,0.4967960046080865,0.06757111840025407,0.4356328769916595,0.4967960046080865,0.06757111840025407,0.4967960046080865,0.4356328769916595,-0.4292248862078324,2,2,0.0,700.0,0.10261709988117218,0.5764236634331203,-0.026423663433120304
321,321,categorical_soft,0,0,True,0.1402273227231401,0.0,0.8597726821899414,0.0,0.1402273178100586,1,-0.7195453643798828,0.42256569117307663,3.697327995300293,-0.8292033910751343,-0.8337202727794647,0.42256569117307663,0.9785869490487021,0.01059916455763137,0.010813886393666391,0.9785869490487021,0.01059916455763137,0.010813886393666391,0.9785869490487021,0.01059916455763137,-0.9677730626550357,1,1,0.128,1000.0,1.0652206018567085,0.9907709267812306,-0.44077092678123053
322,322,categorical_soft,1,1,True,0.2867941577344816,0.0,0.0,0.7132058143615723,0.28679415583610535,2,-0.4264116585254669,0.2281869761645794,-1.105181622505188,0.9977694511413574,0.09740802943706513,0.2281869761645794,0.08011585804819378,0.6539203192567709,0.26596382269503543,0.08011585804819378,0.6539203192567709,0.26596382269503543,0.6539203192567709,0.08011585804819378,-0.3879564965617354,2,2,0.0,1030.0,0.3215598538517952,0.7283040136993101,-0.17830401369931004
323,323,categorical_soft,0,0,False,0.0,0.0,1.0,0.0,0.0,1,-1.0,0.41110962331295015,7.06745400428772,-1.3073030710220337,-3.8051406860351564,0.41110962331295015,0.9997482081800448,0.0002324605864160141,1.9331233538987535e-05,0.9997482081800448,0.0002324605864160141,1.9331233538987535e-05,0.9997482081800448,0.0002324605864160141,-0.9997288769465058,1,1,0.512,830.0,1.0152685642242432,0.9903932264934603,-0.44039322649346024
324,324,categorical_soft,1,1,True,0.406473696242102,0.0,0.0,0.593526303768158,0.40647369623184204,2,-0.18705260753631592,0.40379655323922636,-0.48478721976280215,0.049571356177330016,0.21896241307258607,0.40379655323922636,0.21119969706078306,0.3613088924968856,0.42749141044233135,0.21119969706078306,0.3613088924968856,0.42749141044233135,0.3613088924968856,0.21119969706078306,0.06618251794544577,3,3,0.032,910.0,0.19233771413564682,0.6214666338918414,-0.07146663389184138
325,325,categorical_soft,1,1,False,0.0,0.0,0.0,1.0,0.0,2,-1.0,0.38412572592496874,-0.8149936079978943,1.648854637145996,-0.5711323916912079,0.38412572592496874,0.07119971784316344,0.8361896725699142,0.0926106095869225,0.07119971784316344,0.8361896725699142,0.0926106095869225,0.8361896725699142,0.07119971784316344,-0.7435790629829917,2,2,0.032,580.0,0.3728146329522133,0.8557427906917575,-0.30574279069175747
326,326,categorical_soft,1,1,False,0.0,0.0,0.0,1.0,0.0,2,-1.0,0.45615451484918595,-2.503553032875061,3.6304042816162108,-0.8370228290557862,0.45615451484918595,0.002144618824101997,0.9861049462210965,0.011750434954801683,0.002144618824101997,0.9861049462210965,0.011750434954801683,0.9861049462210965,0.002144618824101997,-0.9743545112662948,2,2,0.256,1060.0,0.8593176230788231,0.9731977628428837,-0.4231977628428837
327,327,categorical_soft,1,1,False,0.0,0.0,0.0,1.0,0.0,2,-1.0,0.3400988638401031,-1.3618356466293335,4.566796541213989,-2.4081589937210084,0.3400988638401031,0.0026557050508240693,0.996395653431788,0.0009486415173879761,0.0026557050508240693,0.996395653431788,0.0009486415173879761,0.996395653431788,0.0026557050508240693,-0.9954470119144001,2,2,0.064,1040.0,0.6845659837126732,0.9403402151492702,-0.3903402151492702
328,328,categorical_soft,1,1,True,0.1610820202706162,0.0,0.0,0.8389179706573486,0.16108201444149017,2,-0.6778359562158585,0.20434146411716939,-1.4012842297554016,1.4941359758377075,0.08107746616005898,0.20434146411716939,0.042702231927661524,0.7698748410489928,0.18742292702334562,0.042702231927661524,0.7698748410489928,0.18742292702334562,0.7698748410489928,0.042702231927661524,-0.5824519140256472,2,2,0.032,1080.0,0.6413864023052156,0.9239454056477846,-0.37394540564778456
329,329,categorical_soft,1,1,False,0.0,0.0,0.0,1.0,0.0,2,-1.0,0.5179907441139221,0.40383765697479246,1.3675466418266295,-1.3376565337181092,0.5179907441139221,0.2634181254214608,0.6899865318980993,0.04659534268043982,0.2634181254214608,0.6899865318980993,0.04659534268043982,0.6899865318980993,0.2634181254214608,-0.6433911892176595,2,2,0.032,710.0,0.5105309039354324,0.9089025872845348,-0.3589025872845347
330,330,categorical_soft,0,0,True,0.13915241017614322,0.0,0.8608475923538208,0.0,0.1391524076461792,1,-0.7216951847076416,0.2734181948006153,3.3473144292831423,-1.7312566041946411,0.22345895916223527,0.2734181948006153,0.9503849897517384,0.0059199744061228365,0.043695035842138616,0.9503849897517384,0.0059199744061228365,0.043695035842138616,0.9503849897517384,0.0059199744061228365,-0.9066899539095997,1,1,0.256,630.0,1.1019249856472015,0.9950456617702963,-0.44504566177029625
331,331,categorical_soft,0,0,False,0.0,0.0,1.0,0.0,0.0,1,-1.0,0.5174498587846756,1.3040085315704346,0.8143598556518554,-1.5618919372558593,0.5174498587846756,0.5986470421628377,0.3669017974227079,0.03445116041445443,0.5986470421628377,0.3669017974227079,0.03445116041445443,0.5986470421628377,0.3669017974227079,-0.5641958817483833,1,1,0.0,830.0,0.20126265287399292,0.6538655747685236,-0.10386557476852354
332,332,categorical_soft,0,0,True,0.2209024574979664,0.0,0.7790975570678711,0.0,0.2209024578332901,1,-0.558195099234581,0.34108459278941156,1.3595443964004517,-0.19364543706178666,-0.2977582663297653,0.34108459278941156,0.7127242085017481,0.15084276706089592,0.13643302443735592,0.7127242085017481,0.15084276706089592,0.13643302443735592,0.7127242085017481,0.15084276706089592,-0.5762911840643922,1,1,0.064,730.0,0.34088726341724396,0.8088671033863649,-0.25886710338636487
333,333,categorical_soft,1,1,False,0.0,0.0,0.0,1.0,0.0,2,-1.0,0.39781778752803804,-0.7065008819103241,2.838433790206909,-1.5657340288162231,0.39781778752803804,0.027724625575473182,0.960172685759433,0.012102688665093645,0.027724625575473182,0.960172685759433,0.012102688665093645,0.960172685759433,0.027724625575473182,-0.9480699970943394,2,2,0.0,1080.0,0.817897766828537,0.9665757296194332,-0.4165757296194331
334,334,categorical_soft,0,0,True,0.45591100746087365,0.0,0.5440890192985535,0.0,0.4559110105037689,1,-0.08817800879478455,0.4959455907344818,-0.22044126689434052,-0.09456202313303948,0.19537754207849503,0.4959455907344818,0.2736837290150342,0.31113738568569266,0.41517888529927316,0.2736837290150342,0.31113738568569266,0.41517888529927316,0.2736837290150342,0.31113738568569266,0.14149515628423898,3,3,0.032,500.0,0.05920746922492981,0.5832016383152792,-0.033201638315279114
335,335,categorical_soft,1,1,True,0.29072301708682174,0.0,0.0,0.7092769742012024,0.2907230257987976,2,-0.4185539484024048,0.32684366777539253,0.013236484536901117,0.2135261282324791,-0.09316281825304032,0.32684366777539253,0.3212393144575908,0.3906573473039122,0.2881033382384971,0.3212393144575908,0.3906573473039122,0.2881033382384971,0.3906573473039122,0.3212393144575908,-0.10255400906541512,2,2,0.0,1190.0,0.3566339612007141,0.7242176165579642,-0.1742176165579642
336,336,categorical_soft,1,1,True,0.4317453803135542,0.0,0.0,0.5682545900344849,0.43174538016319275,2,-0.13650920987129211,0.2622659243643284,-0.6542743861675262,0.43372583091259004,0.11743117421865464,0.2622659243643284,0.16301721921552798,0.4840633909362274,0.35291938984824456,0.16301721921552798,0.4840633909362274,0.35291938984824456,0.4840633909362274,0.16301721921552798,-0.13114400108798285,2,2,0.0,650.0,0.11160320788621902,0.6016966688828335,-0.05169666888283342
337,337,categorical_soft,0,0,False,0.0,0.0,1.0,0.0,0.0,1,-1.0,0.41266740709543226,6.522367238998413,-1.8055796027183533,-2.838293528556824,0.41266740709543226,0.999669202607436,0.0002434432364593286,8.735415610479886e-05,0.999669202607436,0.0002434432364593286,8.735415610479886e-05,0.999669202607436,0.0002434432364593286,-0.9995818484513311,1,1,0.256,1190.0,0.9339479058980942,0.9781629898726585,-0.42816298987265844
338,338,categorical_soft,1,1,False,0.0,0.0,0.0,1.0,0.0,2,-1.0,0.35558992326259614,-1.558075225353241,3.709848427772522,-1.6042992353439331,0.35558992326259614,0.0051327076327558185,0.9898396933318295,0.005027599035414734,0.0051327076327558185,0.9898396933318295,0.005027599035414734,0.9898396933318295,0.0051327076327558185,-0.9848120942964148,2,2,0.128,940.0,0.7707909550517797,0.964490488674304,-0.41449048867430394
339,339,categorical_soft,1,1,True,0.1604912039489657,0.0,0.0,0.8395087718963623,0.1604911983013153,2,-0.679017573595047,0.3268970862030983,-2.2755511522293093,1.6626083970069885,0.4346260905265808,0.3268970862030983,0.014842975983623344,0.7613175192643522,0.22383950475202458,0.014842975983623344,0.7613175192643522,0.22383950475202458,0.7613175192643522,0.014842975983623344,-0.5374780145123277,2,2,0.128,700.0,0.5527637246996164,0.9255232317218494,-0.3755232317218493
340,340,categorical_soft,0,0,False,0.0,0.0,1.0,0.0,0.0,1,-1.0,0.3534415602684021,5.0160768032073975,0.11259524784982204,-3.6917906522750856,0.3534415602684021,0.9924560327822208,0.007379804378853087,0.0001641628389261718,0.9924560327822208,0.007379804378853087,0.0001641628389261718,0.9924560327822208,0.007379804378853087,-0.9922918699432947,1,1,0.064,1130.0,0.7965922951698303,0.9608160830938423,-0.4108160830938422
341,341,categorical_soft,1,1,True,0.6383385305031333,0.0,0.0,0.36166146397590637,0.6383385062217712,3,0.27667704224586487,0.3588242869824171,-0.7320715725421906,0.4004353404045105,0.09000791758298873,0.3588242869824171,0.15670026498921436,0.48656590187037685,0.3567338331404088,0.15670026498921436,0.48656590187037685,0.3567338331404088,0.48656590187037685,0.15670026498921436,-0.12983206872996805,2,2,0.0,830.0,0.024197444319725037,0.44178459489913063,0.10821540510086941
342,342,categorical_soft,0,0,True,0.3484725113930036,0.0,0.651527464389801,0.0,0.3484725058078766,1,-0.30305495858192444,0.18418928626924752,-0.7874429047107696,0.8420371532440185,0.07255329117178917,0.18418928626924752,0.11843152037607788,0.6024605705480064,0.27910790907591576,0.11843152037607788,0.6024605705480064,0.27910790907591576,0.11843152037607788,0.6024605705480064,0.16067638869983789,2,2,0.0,930.0,0.2401103377342224,0.6696039189278831,-0.11960391892788302
343,343,categorical_soft,0,0,True,0.1408680466465338,0.0,0.859131932258606,0.0,0.14086805284023285,1,-0.7182638794183731,0.30838175788521766,3.789915442466736,-0.818564522266388,-1.1495631217956543,0.30838175788521766,0.9830189353226363,0.009801034485280804,0.007180030192083004,0.9830189353226363,0.009801034485280804,0.007180030192083004,0.9830189353226363,0.009801034485280804,-0.9758389051305533,1,1,0.128,930.0,0.998799242079258,0.9882740667620786,-0.4382740667620786
344,344,categorical_soft,1,1,False,0.0,0.0,0.0,1.0,0.0,2,-1.0,0.34446752704679967,-1.8808061242103578,4.280652761459351,-1.849411916732788,0.34446752704679967,0.0021062070084319753,0.9956636859911677,0.0022301070004002526,0.0021062070084319753,0.9956636859911677,0.0022301070004002526,0.9956636859911677,0.0021062070084319753,-0.9934335789907675,2,2,0.128,1190.0,0.9841103702783585,0.9828513713934699,-0.43285137139346985
345,345,categorical_soft,0,0,False,0.0,0.0,1.0,0.0,0.0,1,-1.0,0.5509119123220444,3.8216952085494995,0.32931109666824343,-3.1201910972595215,0.5509119123220444,0.9693300510009715,0.029722966607668978,0.0009469823913594999,0.9693300510009715,0.029722966607668978,0.0009469823913594999,0.9693300510009715,0.029722966607668978,-0.968383068609612,1,1,0.064,690.0,0.6364440619945526,0.9499356388377335,-0.3999356388377334
346,346,categorical_soft,0,0,False,0.0,0.0,1.0,0.0,0.0,1,-1.0,0.5529169082641602,1.5745584964752197,0.47373491525650024,-1.6646110892295838,0.5529169082641602,0.7284960219102772,0.24249705294495644,0.02900692514476655,0.7284960219102772,0.24249705294495644,0.02900692514476655,0.7284960219102772,0.24249705294495644,-0.6994890967655106,1,1,0.032,640.0,0.6729329973459244,0.9601760593339327,-0.41017605933393264
347,347,categorical_soft,1,1,False,0.0,0.0,0.0,1.0,0.0,2,-1.0,0.3380138803273439,-2.726092743873596,3.5796254873275757,-0.40338522493839263,0.3380138803273439,0.0017901415128442246,0.9798581356556939,0.01835172283146187,0.0017901415128442246,0.9798581356556939,0.01835172283146187,0.9798581356556939,0.0017901415128442246,-0.961506412824232,2,2,0.512,850.0,0.9372682347893715,0.9856319148970634,-0.4356319148970633
348,348,categorical_soft,0,0,False,0.0,0.0,1.0,0.0,0.0,1,-1.0,0.4847162202000618,3.902467131614685,0.35022788047790526,-3.272018313407898,0.4847162202000618,0.9713309131786498,0.0279244815709964,0.0007446052503538166,0.9713309131786498,0.0279244815709964,0.0007446052503538166,0.9713309131786498,0.0279244815709964,-0.970586307928296,1,1,0.064,750.0,0.7316131889820099,0.965721529342436,-0.415721529342436
349,349,categorical_soft,1,1,False,0.0,0.0,0.0,1.0,0.0,2,-1.0,0.32712552659213545,-2.1518095970153808,3.8980488777160645,-1.2994620323181152,0.32712552659213545,0.0023437504641894585,0.9920532983155186,0.005602951220291936,0.0023437504641894585,0.9920532983155186,0.005602951220291936,0.9920532983155186,0.0023437504641894585,-0.9864503470952266,2,2,0.256,1070.0,1.012370828539133,0.9870300100435582,-0.4370300100435581
350,350,categorical_soft,1,1,True,0.14918507993551788,0.0,0.0,0.850814938545227,0.14918507635593414,2,-0.7016298621892929,0.12561964131891729,-1.4947659015655517,2.0206643104553224,-0.12162240147590637,0.12561964131891729,0.026321569418124628,0.8713782773260992,0.10230015325577613,0.026321569418124628,0.8713782773260992,0.10230015325577613,0.8713782773260992,0.026321569418124628,-0.769078124070323,2,2,0.064,650.0,0.6683630901388824,0.9588353278858958,-0.4088353278858957
351,351,categorical_soft,0,0,False,0.0,0.0,1.0,0.0,0.0,1,-1.0,0.3959132134914398,9.2319806098938,-3.767603874206543,-2.534426140785217,0.3959132134914398,0.9999895818564429,2.2856405844775047e-06,8.132502972582001e-06,0.9999895818564429,2.2856405844775047e-06,8.132502972582001e-06,0.9999895818564429,2.2856405844775047e-06,-0.9999814493534703,1,1,0.512,1120.0,1.1905434653162956,0.994218091239636,-0.44421809123963596
352,352,categorical_soft,1,1,False,0.0,0.0,0.0,1.0,0.0,2,-1.0,0.3199918372556567,-1.2012269377708436,3.324386548995972,-1.5688666224479675,0.3199918372556567,0.010674611386915545,0.9817411337818571,0.007584254831227275,0.010674611386915545,0.9817411337818571,0.007584254831227275,0.9817411337818571,0.010674611386915545,-0.9741568789506299,2,2,0.256,400.0,0.7987911775708199,0.9835424597184669,-0.43354245971846683
353,353,categorical_soft,0,0,True,0.4211503580432464,0.0,0.5788496136665344,0.0,0.4211503565311432,1,-0.15769925713539124,0.3569131374359131,-0.9759157955646515,0.4198011666536331,0.233751018345356,0.3569131374359131,0.11916286010858886,0.48128680043891076,0.39955033945250035,0.11916286010858886,0.48128680043891076,0.39955033945250035,0.11916286010858886,0.48128680043891076,0.2803874793439115,2,2,0.0,610.0,0.1087988018989563,0.6099215844506183,-0.05992158445061824
354,354,categorical_soft,1,1,True,0.1510709433256638,0.0,0.0,0.8489290475845337,0.15107093751430511,2,-0.6978581100702286,0.4226165145635605,0.1381978876888752,-0.1566455602645874,0.19801600873470307,0.4226165145635605,0.3564083206909613,0.2653812039754338,0.37821047533360497,0.3564083206909613,0.2653812039754338,0.37821047533360497,0.2653812039754338,0.3564083206909613,0.11282927135817117,3,3,0.0,970.0,0.7178128808736801,0.9528142824883851,-0.402814282488385
355,355,categorical_soft,1,1,True,0.1748082876324218,0.0,0.0,0.8251917362213135,0.1748082935810089,2,-0.6503834426403046,0.4537685438990593,0.5905293941497802,-0.3895054548978806,0.29279604405164716,0.4537685438990593,0.4721430986171928,0.17714900088697522,0.350707900495832,0.4721430986171928,0.17714900088697522,0.350707900495832,0.17714900088697522,0.4721430986171928,0.1735588996088568,1,1,0.0,900.0,0.5160111337900162,0.8907261062024602,-0.34072610620246013
356,356,categorical_soft,1,1,True,0.1575029186359953,0.0,0.0,0.8424971103668213,0.1575029194355011,2,-0.6849941909313202,0.2762425273656845,-0.27272080108523367,1.13766188621521,-0.3862429916858673,0.2762425273656845,0.16779186116219388,0.6829832231426154,0.14922491569519078,0.16779186116219388,0.6829832231426154,0.14922491569519078,0.6829832231426154,0.16779186116219388,-0.5337583074474246,2,2,0.032,880.0,0.6224783137440681,0.9337274851666373,-0.38372748516663724
357,357,categorical_soft,0,0,True,0.16152437249962082,0.0,0.8384756445884705,0.0,0.16152437031269073,1,-0.6769512742757797,0.3648058339953423,0.016598470229655504,-0.11088059097528458,0.2693706676363945,0.3648058339953423,0.3158257769602146,0.27792449072355807,0.40624973231622724,0.3158257769602146,0.27792449072355807,0.40624973231622724,0.3158257769602146,0.27792449072355807,0.09042395535601266,3,3,0.064,680.0,0.5398712754249573,0.9227732052409395,-0.3727732052409395
358,358,categorical_soft,1,1,True,0.1639196719211149,0.0,0.0,0.8360803127288818,0.16391967236995697,2,-0.6721606403589249,0.38255601972341535,-0.07748547224327922,-0.08984679728746414,0.1218868300318718,0.38255601972341535,0.3117964782240771,0.3078468629548847,0.38035665882103825,0.3117964782240771,0.3078468629548847,0.38035665882103825,0.3078468629548847,0.3117964782240771,0.07250979586615353,3,3,0.0,490.0,0.4761205166578293,0.9165568128082685,-0.36655681280826846
359,359,categorical_soft,1,1,True,0.15313656571740325,0.0,0.0,0.8468634486198425,0.15313656628131866,2,-0.6937268823385239,0.31508897989988327,-2.3483259201049806,1.8279665231704711,0.4276714563369751,0.31508897989988327,0.012191084662019323,0.7924049115498352,0.19540400378814554,0.012191084662019323,0.7924049115498352,0.19540400378814554,0.7924049115498352,0.012191084662019323,-0.5970009077616896,2,2,0.256,620.0,0.6048325188457966,0.9464525557523773,-0.39645255575237726
360,360,categorical_soft,1,1,True,0.19101452359725563,0.0,0.0,0.8089854717254639,0.19101452827453613,2,-0.6179709434509277,0.34974862784147265,-0.5749092996120453,0.23447904586791993,0.16099348068237304,0.34974862784147265,0.18741749475964953,0.4214169127959626,0.39116559244438787,0.18741749475964953,0.4214169127959626,0.39116559244438787,0.4214169127959626,0.18741749475964953,-0.03025132035157474,2,2,0.032,450.0,0.34453414287418127,0.8579223921921969,-0.30792239219219686
361,361,categorical_soft,1,1,False,0.0,0.0,0.0,1.0,0.0,2,-1.0,0.40058943182229995,-0.8481075048446656,4.066702795028687,-2.3564820289611816,0.40058943182229995,0.0072841575022482095,0.9910758674670521,0.0016399750306996797,0.0072841575022482095,0.9910758674670521,0.0016399750306996797,0.9910758674670521,0.0072841575022482095,-0.9894358924363524,2,2,0.128,710.0,0.8633746355772018,0.9826042518450617,-0.4326042518450617
362,362,categorical_soft,0,0,True,0.14734526445152907,0.0,0.852654755115509,0.0,0.14734525978565216,1,-0.7053094953298569,0.3086764011532068,1.9468908071517945,-0.9752542734146118,0.272171451151371,0.3086764011532068,0.8042712951849504,0.0432795213172389,0.1524491834978106,0.8042712951849504,0.0432795213172389,0.1524491834978106,0.8042712951849504,0.0432795213172389,-0.6518221116871399,1,1,0.064,960.0,0.7782713621854782,0.9649209701609414,-0.4149209701609413
363,363,categorical_soft,1,1,True,0.2824668882215106,0.0,0.0,0.7175331115722656,0.2824668884277344,2,-0.43506622314453125,0.23753143809735774,-1.7307202339172363,1.0101615071296692,0.4781674385070801,0.23753143809735774,0.03909512368157612,0.605285789897689,0.355619086420735,0.03909512368157612,0.605285789897689,0.355619086420735,0.605285789897689,0.03909512368157612,-0.24966670347695402,2,2,0.064,1130.0,0.35082195699214935,0.7328745950828798,-0.18287459508287973
364,364,categorical_soft,0,0,False,0.0,0.0,1.0,0.0,0.0,1,-1.0,0.4486764416098595,2.037401795387268,0.8919647693634033,-2.3067633390426634,0.4486764416098595,0.7508902383031402,0.23926316170395814,0.009846599992901646,0.7508902383031402,0.23926316170395814,0.009846599992901646,0.7508902383031402,0.23926316170395814,-0.7410436383102386,1,1,0.032,530.0,0.5941829681396484,0.949229112265047,-0.399229112265047
365,365,categorical_soft,0,0,False,0.0,0.0,1.0,0.0,0.0,1,-1.0,0.44516132920980456,9.89417552947998,-2.5627919673919677,-4.630150222778321,0.44516132920980456,0.9999955737734918,3.9162882670830245e-06,5.099382411499942e-07,0.9999955737734918,3.9162882670830245e-06,5.099382411499942e-07,0.9999955737734918,3.9162882670830245e-06,-0.9999950638352506,1,1,0.512,1120.0,1.3508169502019882,0.9973610056548473,-0.44736100565484727
366,366,categorical_soft,1,1,False,0.0,0.0,0.0,1.0,0.0,2,-1.0,0.34766487702727317,-1.2378366589546204,3.7017062425613405,-1.8427574157714843,0.34766487702727317,0.007082388642965458,0.9889586063474898,0.003959005009544802,0.007082388642965458,0.9889586063474898,0.003959005009544802,0.9889586063474898,0.007082388642965458,-0.984999601337945,2,2,0.128,970.0,0.7826331406831741,0.9652369443596681,-0.41523694435966807
367,367,categorical_soft,0,0,False,0.0,0.0,1.0,0.0,0.0,1,-1.0,0.4629247784614563,4.315865993499756,0.46631557047367095,-3.635702109336853,0.4629247784614563,0.9786304116119824,0.021023645583105644,0.00034594280491205803,0.9786304116119824,0.021023645583105644,0.00034594280491205803,0.9786304116119824,0.021023645583105644,-0.9782844688070703,1,1,0.032,840.0,0.5968253463506699,0.9287462190401073,-0.3787462190401073
368,368,categorical_soft,0,0,False,0.0,0.0,1.0,0.0,0.0,1,-1.0,0.466232131421566,4.265931749343872,0.34222341179847715,-3.533333897590637,0.466232131421566,0.9801981374422342,0.019398970693712346,0.000402891864053423,0.9801981374422342,0.019398970693712346,0.000402891864053423,0.9801981374422342,0.019398970693712346,-0.9797952455781808,1,1,0.128,840.0,0.846636950969696,0.978011866019843,-0.428011866019843
369,369,categorical_soft,0,0,True,0.549994792500617,0.0,0.4500052034854889,0.0,0.5499947667121887,3,0.09998956322669983,0.3769565984606743,-0.3164798378944397,-0.019664678350090982,0.12391262650489807,0.3769565984606743,0.25645036485746486,0.34520251956959375,0.39834711557294133,0.25645036485746486,0.34520251956959375,0.39834711557294133,0.25645036485746486,0.34520251956959375,0.14189675071547647,3,3,0.0,670.0,0.04256966710090637,0.5123068033698828,0.037693196630117276
370,370,categorical_soft,0,0,False,0.0,0.0,1.0,0.0,0.0,1,-1.0,0.45155863612890246,3.009879159927368,0.8668985724449157,-3.220789837837219,0.45155863612890246,0.8927930681446279,0.105434250468156,0.0017726813872162308,0.8927930681446279,0.105434250468156,0.0017726813872162308,0.8927930681446279,0.105434250468156,-0.8910203867574117,1,1,0.032,740.0,0.4386346563696861,0.8711185197845402,-0.3211185197845402
371,371,categorical_soft,1,1,True,0.7409121730578815,0.0,0.0,0.25908783078193665,0.7409121990203857,3,0.4818243682384491,0.39403475672006605,0.3160563424229622,0.06608812399208545,-0.060924706608057023,0.39403475672006605,0.4058461382657409,0.31539313132918656,0.27876073040507254,0.4058461382657409,0.31539313132918656,0.27876073040507254,0.31539313132918656,0.4058461382657409,-0.03663240092411402,1,1,0.0,1170.0,0.02112467586994171,0.34098459826029615,0.2090154017397039
372,372,categorical_soft,0,0,False,0.0,0.0,1.0,0.0,0.0,1,-1.0,0.4370335638523102,3.7681887626647947,0.5545452237129211,-3.2295116424560546,0.4370335638523102,0.9603833243607305,0.038735554347997525,0.0008811212912718679,0.9603833243607305,0.038735554347997525,0.0008811212912718679,0.9603833243607305,0.038735554347997525,-0.9595022030694587,1,1,0.032,1180.0,0.820691667497158,0.9629470093439594,-0.41294700934395934
373,373,categorical_soft,0,0,True,0.13859959724236742,0.0,0.8614004254341125,0.0,0.13859960436820984,1,-0.7228008210659027,0.4290647178888321,2.9771459341049193,-2.2174522638320924,0.9749317526817322,0.4290647178888321,0.8757793767202477,0.004858954368705227,0.1193616689110472,0.8757793767202477,0.004858954368705227,0.1193616689110472,0.8757793767202477,0.004858954368705227,-0.7564177078092006,1,1,0.256,720.0,1.2470764820463955,0.9972876295955952,-0.4472876295955952
374,374,categorical_soft,0,0,True,0.142547742111232,0.0,0.8574522733688354,0.0,0.14254774153232574,1,-0.7149045318365097,0.30333796590566636,1.945373547077179,-1.2400440216064452,0.44949414730072024,0.30333796590566636,0.7896632815883486,0.03269248328618399,0.1776442351254675,0.7896632815883486,0.03269248328618399,0.1776442351254675,0.7896632815883486,0.03269248328618399,-0.6120190464628812,1,1,0.064,680.0,0.8477915152907372,0.9819000580393523,-0.4319000580393523
375,375,categorical_soft,1,1,True,0.17110929758369697,0.0,0.0,0.8288906812667847,0.17110930383205414,2,-0.6577813774347305,0.35107657462358477,-0.23006875813007355,-0.09309905953705311,0.23604658991098404,0.35107657462358477,0.2670250007868186,0.3068851279397383,0.426089871273443,0.2670250007868186,0.3068851279397383,0.426089871273443,0.3068851279397383,0.2670250007868186,0.11920474333370468,3,3,0.032,850.0,0.5218647550791502,0.8990958545060396,-0.3490958545060395
376,376,categorical_soft,0,0,False,0.0,0.0,1.0,0.0,0.0,1,-1.0,0.45636832118034365,3.7638314008712768,0.4513896107673645,-3.0716210842132567,0.45636832118034365,0.9637958850955302,0.03516381232196872,0.0010403025825010573,0.9637958850955302,0.03516381232196872,0.0010403025825010573,0.9637958850955302,0.03516381232196872,-0.9627555825130291,1,1,0.032,1110.0,0.7185393869876862,0.9448057440354843,-0.3948057440354843
377,377,categorical_soft,1,1,True,0.17171995835359766,0.0,0.0,0.8282800316810608,0.17171995341777802,2,-0.6565600782632828,0.4862678661942482,0.05753055391833186,0.03717194236814976,0.08148258477449417,0.4862678661942482,0.33290533660390553,0.32656026538625366,0.34053439800984087,0.33290533660390553,0.32656026538625366,0.34053439800984087,0.32656026538625366,0.33290533660390553,0.01397413262358721,3,3,0.0,510.0,0.43530239164829254,0.8976874868146086,-0.3476874868146086
378,378,categorical_soft,0,0,True,0.14159409893896185,0.0,0.8584058880805969,0.0,0.14159409701824188,1,-0.716811791062355,0.3463407948613167,1.9244653701782226,-1.328808641433716,0.6459701180458068,0.3463407948613167,0.7584854965151577,0.029306929279207146,0.21220757420563507,0.7584854965151577,0.029306929279207146,0.21220757420563507,0.7584854965151577,0.029306929279207146,-0.5462779223095227,1,1,0.128,680.0,0.8935141116380692,0.9854890640603567,-0.4354890640603567
379,379,categorical_soft,1,1,True,0.15317525639557306,0.0,0.0,0.8468247652053833,0.1531752496957779,2,-0.6936495155096054,0.2546490207314491,-2.182185173034668,2.1391576766967773,0.1744443342089653,0.2546490207314491,0.0116241281009894,0.86672608864894,0.12164978325007063,0.0116241281009894,0.86672608864894,0.12164978325007063,0.86672608864894,0.0116241281009894,-0.7450763053988694,2,2,0.256,510.0,0.5773737840354443,0.9463356041727776,-0.3963356041727776
380,380,categorical_soft,1,1,True,0.16881225547255846,0.0,0.0,0.8311877250671387,0.16881226003170013,2,-0.6623754650354385,0.23092551827430724,-1.5918936371803283,1.14158456325531,0.3076819837093353,0.23092551827430724,0.043410810201601056,0.6666981548741633,0.28989103492423574,0.043410810201601056,0.6666981548741633,0.28989103492423574,0.6666981548741633,0.043410810201601056,-0.37680711994992755,2,2,0.128,400.0,0.42385962195839966,0.9044932597432849,-0.3544932597432848
381,381,categorical_soft,0,0,True,0.13994749393293426,0.0,0.8600525259971619,0.0,0.13994748890399933,1,-0.7201050370931625,0.3689330443739891,2.578906774520874,-1.918769657611847,0.8523114502429963,0.3689330443739891,0.8407737312028697,0.00937653964926736,0.149849729147863,0.8407737312028697,0.00937653964926736,0.149849729147863,0.8407737312028697,0.00937653964926736,-0.6909240020550067,1,1,0.256,610.0,0.9956440702080727,0.9918732366503379,-0.44187323665033784
382,382,categorical_soft,0,0,False,0.0,0.0,1.0,0.0,0.0,1,-1.0,0.5009554535150528,3.909246015548706,0.33226906359195707,-3.4538204669952393,0.5009554535150528,0.9721766205427882,0.02720459374619579,0.0006187857110161393,0.9721766205427882,0.02720459374619579,0.0006187857110161393,0.9721766205427882,0.02720459374619579,-0.971557834831772,1,1,0.256,480.0,0.7710565626621246,0.9793193742271186,-0.4293193742271185
383,383,categorical_soft,1,1,True,0.14417076045447696,0.0,0.0,0.8558292388916016,0.14417076110839844,2,-0.7116584777832031,0.32455347310751675,-2.721012902259827,2.3174848556518555,0.39838483929634094,0.32455347310751675,0.005620723577974772,0.866843590207065,0.12753568621496014,0.005620723577974772,0.866843590207065,0.12753568621496014,0.866843590207065,0.005620723577974772,-0.7393079039921049,2,2,0.256,760.0,0.8084479738026857,0.9759628652576691,-0.425962865257669
384,384,categorical_soft,0,0,False,0.0,0.0,1.0,0.0,0.0,1,-1.0,0.4101812973618507,4.806015062332153,-0.19106448367238044,-3.122137022018433,0.4101812973618507,0.9929040383597801,0.006737645852581792,0.00035831578763821154,0.9929040383597801,0.006737645852581792,0.00035831578763821154,0.9929040383597801,0.006737645852581792,-0.9925457225721419,1,1,0.128,1080.0,0.9401882588863373,0.9813913142856413,-0.43139131428564126
385,385,categorical_soft,1,1,True,0.14549609815167108,0.0,0.0,0.8545039296150208,0.14549610018730164,2,-0.7090078294277191,0.33238174244761465,-2.585832047462463,2.1497981548309326,0.35858777165412903,0.33238174244761465,0.007468039425677968,0.8502213958703578,0.14231056470396414,0.007468039425677968,0.8502213958703578,0.14231056470396414,0.8502213958703578,0.007468039425677968,-0.7079108311663938,2,2,0.256,770.0,0.7735878583043814,0.9712650823388411,-0.4212650823388411
386,386,categorical_soft,0,0,True,0.1386766372350519,0.0,0.861323356628418,0.0,0.13867664337158203,1,-0.7226467132568359,0.3506047323346138,3.25631844997406,-2.4243687629699706,1.1133408427238465,0.3506047323346138,0.8916738731372733,0.0030478174973576164,0.10527830936536908,0.8916738731372733,0.0030478174973576164,0.10527830936536908,0.8916738731372733,0.0030478174973576164,-0.7863955637719042,1,1,0.512,400.0,1.1461854800581932,0.9969733685655217,-0.4469733685655216
387,387,categorical_soft,0,0,False,0.0,0.0,1.0,0.0,0.0,1,-1.0,0.3701478257775307,5.013221263885498,0.39032988250255585,-4.120254850387573,0.3701478257775307,0.9901201534987735,0.009772739157585997,0.00010710734364045339,0.9901201534987735,0.009772739157585997,0.00010710734364045339,0.9901201534987735,0.009772739157585997,-0.990013046155133,1,1,0.256,660.0,0.940440259873867,0.9887148115988028,-0.43871481159880277
388,388,categorical_soft,1,1,True,0.16684084755566841,0.0,0.0,0.8331591486930847,0.16684085130691528,2,-0.6663182973861694,0.19889636598527433,-2.549962067604065,2.128980827331543,0.40696622133255006,0.19889636598527433,0.007835649661485086,0.8414684524991151,0.15069589783939993,0.007835649661485086,0.8414684524991151,0.15069589783939993,0.8414684524991151,0.007835649661485086,-0.6907725546597151,2,2,0.064,1010.0,0.5850121323019266,0.90925726285887,-0.35925726285886994
389,389,categorical_soft,0,0,False,0.0,0.0,1.0,0.0,0.0,1,-1.0,0.5356437936425209,2.4011137962341307,0.5995753049850464,-2.301174521446228,0.5356437936425209,0.8514952225976723,0.14074626265805734,0.007758514744270353,0.8514952225976723,0.14074626265805734,0.007758514744270353,0.8514952225976723,0.14074626265805734,-0.8437367078534019,1,1,0.064,880.0,0.4785623997449875,0.8741640467966116,-0.3241640467966116
390,390,categorical_soft,1,1,True,0.2760299416475489,0.0,0.0,0.7239700555801392,0.27602994441986084,2,-0.4479401111602783,0.42522605061531066,0.4559134215116501,-0.4240610241889954,0.40954856276512147,0.42522605061531066,0.4220165572407801,0.1750980687453819,0.40288537401383806,0.4220165572407801,0.1750980687453819,0.40288537401383806,0.1750980687453819,0.4220165572407801,0.22778730526845617,1,1,0.0,1000.0,0.32620373368263245,0.7398172420363511,-0.18981724203635109
391,391,categorical_soft,0,0,False,0.0,0.0,1.0,0.0,0.0,1,-1.0,0.5163662850856781,4.366002130508423,0.5356170684099197,-3.7327727317810058,0.5163662850856781,0.9784407059186622,0.021259791100185416,0.000299502981152561,0.9784407059186622,0.021259791100185416,0.000299502981152561,0.9784407059186622,0.021259791100185416,-0.9781412029375096,1,1,0.128,840.0,0.7657688558101654,0.9676319299768472,-0.41763192997684717
392,392,categorical_soft,0,0,True,0.1412916564522666,0.0,0.8587083220481873,0.0,0.14129166305065155,1,-0.7174166589975357,0.34772417694330215,1.8196372032165526,-1.3077885150909423,0.6347809076309204,0.34772417694330215,0.7408307955103532,0.032476780701006194,0.22669242378864057,0.7408307955103532,0.032476780701006194,0.22669242378864057,0.7408307955103532,0.032476780701006194,-0.5141383717217127,1,1,0.064,930.0,0.9719650354236364,0.9866435474255073,-0.43664354742550726
393,393,categorical_soft,0,0,True,0.29355228838107594,0.0,0.7064477205276489,0.0,0.2935522794723511,1,-0.41289544105529785,0.4222147613763809,-0.5307861298322678,0.24596631154417992,0.11933562606573105,0.4222147613763809,0.19673282883815754,0.42720748124871344,0.37605968991312894,0.19673282883815754,0.42720748124871344,0.37605968991312894,0.19673282883815754,0.42720748124871344,0.1793268610749714,2,2,0.0,420.0,0.16475437581539154,0.7213106216778917,-0.17131062167789168
394,394,categorical_soft,0,0,False,0.0,0.0,1.0,0.0,0.0,1,-1.0,0.6530018836259842,4.54491024017334,0.48507937490940095,-3.8456290006637572,0.6530018836259842,0.9828076325806,0.016968636425848626,0.00022373099355148555,0.9828076325806,0.016968636425848626,0.00022373099355148555,0.9828076325806,0.016968636425848626,-0.9825839015870486,1,1,0.064,1130.0,0.5938400030136108,0.9005461713773014,-0.3505461713773014
395,395,categorical_soft,0,0,True,0.22105897632457006,0.0,0.7789410352706909,0.0,0.22105897963047028,1,-0.5578820556402206,0.27861004173755644,0.8536409556865692,-0.9166019558906555,0.6592633664608002,0.27861004173755644,0.5015705367011964,0.08539023124385776,0.41303923205494575,0.5015705367011964,0.08539023124385776,0.41303923205494575,0.5015705367011964,0.08539023124385776,-0.0885313046462507,1,1,0.032,1110.0,0.4338230639696121,0.8086384647508287,-0.25863846475082863
396,396,categorical_soft,1,1,False,0.0,0.0,0.0,1.0,0.0,2,-1.0,0.3310525968670845,-3.3789928913116456,3.857650351524353,-0.10872078202664852,0.3310525968670845,0.0007060106659853596,0.9805955724364919,0.018698416897522767,0.0007060106659853596,0.9805955724364919,0.018698416897522767,0.9805955724364919,0.0007060106659853596,-0.9618971555389692,2,2,0.512,1110.0,0.9393975138664246,0.9806455907424554,-0.43064559074245534
397,397,categorical_soft,1,1,False,0.0,0.0,0.0,1.0,0.0,2,-1.0,0.4175165057182312,-2.5358067035675047,4.220576429367066,-1.2136231303215026,0.4175165057182312,0.0011577387585796385,0.994494839291997,0.004347421949423158,0.0011577387585796385,0.994494839291997,0.004347421949423158,0.994494839291997,0.0011577387585796385,-0.9901474173425738,2,2,0.256,1050.0,0.9099549353122711,0.9792239661600461,-0.4292239661600461
398,398,categorical_soft,1,1,True,0.15284969822104216,0.0,0.0,0.8471503257751465,0.1528497040271759,2,-0.6943006217479706,0.29448777437210083,-1.3978830695152282,1.0649026036262512,0.1490631565451622,0.29448777437210083,0.057519596319784684,0.6728767292697887,0.2696036744104266,0.057519596319784684,0.6728767292697887,0.2696036744104266,0.6728767292697887,0.057519596319784684,-0.4032730548593621,2,2,0.128,490.0,0.5764550000894815,0.9473221554846154,-0.39732215548461536
399,399,categorical_soft,1,1,True,0.22781912808323002,0.0,0.0,0.7721808552742004,0.22781912982463837,2,-0.5443617254495621,0.2350128646939993,-0.6996490716934204,0.29947095215320585,0.07795084491372109,0.2350128646939993,0.16972928301631834,0.46101328644141315,0.36925743054226856,0.16972928301631834,0.46101328644141315,0.36925743054226856,0.46101328644141315,0.16972928301631834,-0.09175585589914459,2,2,0.032,400.0,0.2471591681241989,0.7989866884283707,-0.24898668842837068
