trial_index,dataset_index,student_action_objective,true_direction,dir_choice,sure_available,teacher_sure_strength,target_fixation,target_left,target_right,target_sure,teacher_preferred_action,target_action_margin,raw_post_go_fixation,raw_post_go_left,raw_post_go_right,raw_post_go_sure,predicted_fixation,predicted_left,predicted_right,predicted_sure,p_left,p_right,p_sure,predicted_correct_direction,predicted_incorrect_direction,predicted_action_margin,final_argmax_choice,action_argmax_choice,stimulus_coherence,stimulus_duration_ms,internal_margin,empirical_p_correct,delta_value
0,0,categorical_soft,0,0,False,0.0,0.0,1.0,0.0,0.0,1,-1.0,0.15353313693717402,5.735298049763472,2.6792613127484777,-10.488880679274633,0.15353313693717402,0.9549699432030035,0.045029963007708444,9.378928802601977e-08,0.9549699432030035,0.045029963007708444,9.378928802601977e-08,0.9549699432030035,0.045029963007708444,-0.9549698494137155,1,1,0.512,940.0,1.0484288111329079,0.9906774506351905,-0.4406774506351905
1,1,categorical_soft,0,0,True,0.20536326275014355,0.0,0.7946367263793945,0.0,0.20536325871944427,1,-0.5892734676599503,0.009704769812305492,0.04053241027433738,0.20490926829875936,-0.003858290520384858,0.009704769812305492,0.3188645099328447,0.37609678858135875,0.3050387014857967,0.3188645099328447,0.37609678858135875,0.3050387014857967,0.3188645099328447,0.37609678858135875,-0.013825808447048005,2,2,0.0,890.0,0.4134471267461777,0.8328962506168242,-0.2828962506168241
2,2,categorical_soft,1,1,True,0.1627092707452713,0.0,0.0,0.8372907042503357,0.16270926594734192,2,-0.6745814383029938,0.01487510912174005,-0.1959482150147787,0.5344024698935972,-0.05559194604898913,0.01487510912174005,0.23654217557239812,0.4911198399058569,0.27233798452174485,0.23654217557239812,0.4911198399058569,0.27233798452174485,0.4911198399058569,0.23654217557239812,-0.21878185538411205,2,2,0.256,510.0,0.4894590051844716,0.9196709493279273,-0.3696709493279272
3,3,categorical_soft,0,0,False,0.0,0.0,1.0,0.0,0.0,1,-1.0,0.16604867494407866,6.237415722826702,2.8998522125891695,-11.422478752925032,0.16604867494407866,0.965627186298916,0.0343727908356845,2.2865399588701767e-08,0.965627186298916,0.0343727908356845,2.2865399588701767e-08,0.965627186298916,0.0343727908356845,-0.9656271634335164,1,1,0.512,960.0,1.073611468076706,0.9915539535033948,-0.44155395350339477
4,4,categorical_soft,0,0,False,0.0,0.0,1.0,0.0,0.0,1,-1.0,0.15968065912875862,4.443276564446065,2.069602992654997,-8.015497857757689,0.15968065912875862,0.9147633805303839,0.0852328704070562,3.749062559819516e-06,0.9147633805303839,0.0852328704070562,3.749062559819516e-06,0.9147633805303839,0.0852328704070562,-0.914759631467824,1,1,0.128,1020.0,0.8045955151319504,0.9668002996095091,-0.41680029960950904
5,5,categorical_soft,0,0,True,0.1494681574748153,0.0,0.850531816482544,0.0,0.14946815371513367,1,-0.7010636627674103,0.018941490241467747,0.14571480713173418,0.007913871108650942,0.010883051487761024,0.018941490241467747,0.3641912525589767,0.3176924770364965,0.3181162704045267,0.3641912525589767,0.3176924770364965,0.3181162704045267,0.3641912525589767,0.3176924770364965,-0.046074982154449995,1,1,0.064,1100.0,0.7740941792726517,0.9579179349019022,-0.4079179349019022
6,6,categorical_soft,0,0,False,0.0,0.0,1.0,0.0,0.0,1,-1.0,0.15900713054353666,3.821325993998549,1.805160842339106,-6.8723954505487725,0.15900713054353666,0.882433901342662,0.11754520083593971,2.089782139827314e-05,0.882433901342662,0.11754520083593971,2.089782139827314e-05,0.882433901342662,0.11754520083593971,-0.8824130035212637,1,1,0.128,920.0,0.9184840470552444,0.9829027041866822,-0.4329027041866822
7,7,categorical_soft,0,0,False,0.0,0.0,1.0,0.0,0.0,1,-1.0,0.20701232255616211,1.564028739478433,1.742769191414331,-3.4038612896691163,0.20701232255616211,0.4544002642351364,0.5424189056027783,0.00318083016208522,0.4544002642351364,0.5424189056027783,0.00318083016208522,0.4544002642351364,0.5424189056027783,-0.4512194340730512,2,2,0.0,1020.0,0.046841979026794434,0.4129663606271245,0.13703363937287555
8,8,categorical_soft,1,1,True,0.1573025373588735,0.0,0.0,0.8426974415779114,0.15730254352092743,2,-0.685394898056984,0.07530843563075454,-0.4515453997722759,0.9140352453186738,-0.15948285382258373,0.07530843563075454,0.15981702413606066,0.6258771254121901,0.21430585045174916,0.15981702413606066,0.6258771254121901,0.21430585045174916,0.6258771254121901,0.15981702413606066,-0.41157127496044094,2,2,0.256,470.0,0.5237435521557927,0.9342915810289389,-0.3842915810289389
9,9,categorical_soft,0,0,False,0.0,0.0,1.0,0.0,0.0,1,-1.0,0.1634945629720041,6.144602627494589,2.8594633878625997,-11.250260268480556,0.1634945629720041,0.9638461818140914,0.03615378851724857,2.9668660064805793e-08,0.9638461818140914,0.03615378851724857,2.9668660064805793e-08,0.9638461818140914,0.03615378851724857,-0.9638461521454313,1,1,0.512,1010.0,1.1523869410157204,0.9938939755920116,-0.4438939755920116
10,10,categorical_soft,1,1,False,0.0,0.0,0.0,1.0,0.0,2,-1.0,0.19233492235925045,1.771921361431308,1.7068807328097968,-3.6315858377438084,0.19233492235925045,0.5149395786913429,0.48271903397064636,0.0023413873380109516,0.5149395786913429,0.48271903397064636,0.0023413873380109516,0.48271903397064636,0.5149395786913429,-0.48037764663263544,1,1,0.032,1170.0,0.730802558362484,0.9441724449195158,-0.39417244491951575
11,11,categorical_soft,1,1,True,0.15537181576585085,0.0,0.0,0.8446281552314758,0.15537181496620178,2,-0.689256340265274,0.027701089807660756,-0.3672524020255838,0.9227155753736854,-0.12948403022452035,0.027701089807660756,0.16948907406194264,0.6154555023610515,0.21505542357700597,0.16948907406194264,0.6154555023610515,0.21505542357700597,0.6154555023610515,0.16948907406194264,-0.40040007878404554,2,2,0.064,560.0,0.5649214829318225,0.9398221432929741,-0.38982214329297404
12,12,categorical_soft,1,1,False,0.0,0.0,0.0,1.0,0.0,2,-1.0,0.2720891707631624,0.8083871123310222,2.0431158046101805,-2.752967024311401,0.2720891707631624,0.22515879220721513,0.7684698960487129,0.0063713117440719865,0.22515879220721513,0.7684698960487129,0.0063713117440719865,0.7684698960487129,0.22515879220721513,-0.7620985843046408,2,2,0.064,910.0,0.7842522263526917,0.9678326450270627,-0.41783264502706263
13,13,categorical_soft,1,1,False,0.0,0.0,0.0,1.0,0.0,2,-1.0,0.2686291843272175,-0.20363386713008028,2.0876513878887124,-1.7353499378266484,0.2686291843272175,0.0900857168924788,0.890300423454273,0.019613859653248238,0.0900857168924788,0.890300423454273,0.019613859653248238,0.890300423454273,0.0900857168924788,-0.8706865638010247,2,2,0.032,460.0,0.8103487938642502,0.9832889224471807,-0.43328892244718065
14,14,categorical_soft,1,1,False,0.0,0.0,0.0,1.0,0.0,2,-1.0,0.2705348302725108,-0.24855553678878187,2.0691111903455512,-1.6715516324486597,0.2705348302725108,0.08779050198833357,0.890895857196526,0.021313640815140648,0.08779050198833357,0.890895857196526,0.021313640815140648,0.890895857196526,0.08779050198833357,-0.8695822163813853,2,2,0.064,490.0,0.6984655410051346,0.970371268883655,-0.42037126888365495
15,15,categorical_soft,1,1,False,0.0,0.0,0.0,1.0,0.0,2,-1.0,0.27919145277665486,0.23180096859842178,2.1601953357824373,-2.218385634101738,0.27919145277665486,0.12571601855036457,0.8634070788927438,0.010876902556891565,0.12571601855036457,0.8634070788927438,0.010876902556891565,0.8634070788927438,0.12571601855036457,-0.8525301763358523,2,2,0.064,670.0,0.657180730602704,0.9555993270423452,-0.40559932704234514
16,16,categorical_soft,0,0,False,0.0,0.0,1.0,0.0,0.0,1,-1.0,0.16406804685940002,3.038757283440436,1.5250177608702176,-5.430976680616041,0.16406804685940002,0.8194393217682873,0.18038369025880235,0.0001769879729102501,0.8194393217682873,0.18038369025880235,0.0001769879729102501,0.8194393217682873,0.18038369025880235,-0.819262333795377,1,1,0.032,990.0,0.6548107713460922,0.9353335886244387,-0.38533358862443867
17,17,categorical_soft,0,0,False,0.0,0.0,1.0,0.0,0.0,1,-1.0,0.16369875433961487,3.9485457025231425,1.8489086133441615,-7.087875490524276,0.16369875433961487,0.8908340667858505,0.10915094311918332,1.4990094966063788e-05,0.8908340667858505,0.10915094311918332,1.4990094966063788e-05,0.8908340667858505,0.10915094311918332,-0.8908190766908844,1,1,0.064,1160.0,0.867465652525425,0.9710154946235546,-0.4210154946235546
18,18,categorical_soft,0,0,True,0.4703194649998598,0.0,0.5296805500984192,0.0,0.4703194797039032,1,-0.05936107039451599,0.002681960403825237,0.13120553337169025,0.1569698250993305,0.019225611135760164,0.002681960403825237,0.3424265728767579,0.3516289127133788,0.3059445144098632,0.3424265728767579,0.3516289127133788,0.3059445144098632,0.3424265728767579,0.3516289127133788,-0.03648205846689467,2,2,0.064,880.0,0.14334997534751892,0.5723013908026424,-0.022301390802642374
19,19,categorical_soft,0,0,True,0.15783541674977236,0.0,0.8421645760536194,0.0,0.15783542394638062,1,-0.6843291521072388,0.02610880026570671,0.3798206342301267,0.6088150849214813,-0.2086320060920522,0.02610880026570671,0.356118000516367,0.4463513947177503,0.19753060476588272,0.356118000516367,0.4463513947177503,0.19753060476588272,0.356118000516367,0.4463513947177503,-0.15858739575048428,2,2,0.064,890.0,0.6218863129615784,0.9327954541479567,-0.3827954541479567
20,20,categorical_soft,0,0,True,0.1385075905024299,0.0,0.861492395401001,0.0,0.13850758969783783,1,-0.7229848057031631,0.09578735940767955,1.070579447128331,0.5713153244814759,-0.9288836041495581,0.09578735940767955,0.5725405546494603,0.34827468840838144,0.0791847569421584,0.5725405546494603,0.34827468840838144,0.0791847569421584,0.5725405546494603,0.34827468840838144,-0.49335579770730187,1,1,0.512,940.0,1.331511277705431,0.9976637240031028,-0.4476637240031027
21,21,categorical_soft,0,0,True,0.14257556409246797,0.0,0.8574244379997253,0.0,0.14257556200027466,1,-0.7148488759994507,0.006941321631612878,0.11974838874954945,0.11194598901608128,0.012664495861263244,0.006941321631612878,0.3458589194643773,0.3434899575302378,0.31065112300538483,0.3458589194643773,0.3434899575302378,0.31065112300538483,0.3458589194643773,0.3434899575302378,-0.03520779645899247,1,1,0.128,600.0,0.8269800916314125,0.9817964952979781,-0.43179649529797803
22,22,categorical_soft,1,1,True,0.17070501334162702,0.0,0.0,0.8292949795722961,0.17070502042770386,2,-0.6585899591445923,0.01562501768364593,-0.2253341606892408,0.5903262515618622,-0.057967076848181996,0.01562501768364593,0.22503637995451437,0.5087902674595618,0.2661733525859238,0.22503637995451437,0.5087902674595618,0.2661733525859238,0.5087902674595618,0.22503637995451437,-0.242616914873638,2,2,0.256,810.0,0.5141643323004246,0.9000342722994452,-0.35003427229944517
23,23,categorical_soft,1,1,True,0.19562216334397986,0.0,0.0,0.8043778538703918,0.19562216103076935,2,-0.6087556928396225,0.002756296987753161,-0.0276526130896634,0.37359623709676626,-0.005755792913744494,0.002756296987753161,0.28441270862108625,0.42491557926639806,0.2906717121125157,0.28441270862108625,0.42491557926639806,0.2906717121125157,0.42491557926639806,0.28441270862108625,-0.13424386715388237,2,2,0.0,880.0,0.4363681795075536,0.8495365426977518,-0.29953654269775176
24,24,categorical_soft,0,0,True,0.13827039345882153,0.0,0.861729621887207,0.0,0.13827039301395416,1,-0.7234592288732529,0.08400342379682171,1.2948044533847807,0.7119260355266304,-1.269113151654024,0.08400342379682171,0.6097706551087356,0.3423451440581172,0.047884200833147136,0.6097706551087356,0.3423451440581172,0.047884200833147136,0.6097706551087356,0.3423451440581172,-0.5618864542755885,1,1,0.512,670.0,1.3751744218170643,0.9986372597710848,-0.4486372597710847
25,25,categorical_soft,0,0,True,0.13827917050404648,0.0,0.8617208003997803,0.0,0.13827916979789734,1,-0.7234416306018829,0.10654533824886347,1.8886318868010332,1.0511573699375985,-2.284289884243238,0.10654533824886347,0.6886506973529187,0.30071110517710997,0.010638197469971331,0.6886506973529187,0.30071110517710997,0.010638197469971331,0.6886506973529187,0.30071110517710997,-0.6780124998829474,1,1,0.512,490.0,1.3256772384047508,0.9986011338836283,-0.4486011338836282
26,26,categorical_soft,0,0,False,0.0,0.0,1.0,0.0,0.0,1,-1.0,0.16716477217409512,2.3105319667242377,1.588429684335171,-4.2538242216004605,0.16716477217409512,0.671519879539681,0.3275112163658852,0.0009689040944337885,0.671519879539681,0.3275112163658852,0.0009689040944337885,0.671519879539681,0.3275112163658852,-0.6705509754452471,1,1,0.032,990.0,0.6256432682275772,0.9261054418610988,-0.37610544186109873
27,27,categorical_soft,1,1,False,0.0,0.0,0.0,1.0,0.0,2,-1.0,0.42224245559857704,-0.6683932171161113,1.5205657012698197,-0.7484196524762676,0.42224245559857704,0.09212856565961118,0.8221833976688367,0.08568803667155206,0.09212856565961118,0.8221833976688367,0.08568803667155206,0.8221833976688367,0.09212856565961118,-0.7364953609972846,2,2,0.256,670.0,1.0143475160002708,0.9920294334782974,-0.4420294334782974
28,28,categorical_soft,1,1,True,0.15346409575472014,0.0,0.0,0.8465359210968018,0.15346409380435944,2,-0.6930718272924423,0.11858388367284944,-0.4995867668892302,1.0379429072353763,-0.2222433269009661,0.11858388367284944,0.14349745575355952,0.6669950741088877,0.18950747013755267,0.14349745575355952,0.6669950741088877,0.18950747013755267,0.6669950741088877,0.14349745575355952,-0.47748760397133505,2,2,0.256,700.0,0.6205295249819756,0.945465008707168,-0.39546500870716794
29,29,categorical_soft,1,1,False,0.0,0.0,0.0,1.0,0.0,2,-1.0,0.2745337594212864,-0.010849547998751586,2.1581572386377723,-1.9877166128236716,0.2745337594212864,0.1012236648646608,0.8846783905494112,0.014097944585927974,0.1012236648646608,0.8846783905494112,0.014097944585927974,0.8846783905494112,0.1012236648646608,-0.8705804459634833,2,2,0.128,1110.0,0.8874989934265614,0.9751635105383551,-0.4251635105383551
30,30,categorical_soft,0,0,True,0.1382362113566537,0.0,0.8617637753486633,0.0,0.13823620975017548,1,-0.7235275655984879,0.09547064032851807,4.322963897491066,1.8306572138192287,-6.834214139783496,0.09547064032851807,0.9225410048160226,0.07744577406593928,1.3221118038245456e-05,0.9225410048160226,0.07744577406593928,1.3221118038245456e-05,0.9225410048160226,0.07744577406593928,-0.9225277836979844,1,1,0.512,1100.0,1.502898057922721,0.9987780266649418,-0.4487780266649417
31,31,categorical_soft,1,1,True,0.1981886021193041,0.0,0.0,0.8018113970756531,0.19818860292434692,2,-0.6036227941513062,0.01691395687593659,0.270900880036888,0.15459200059049538,0.018025618351238976,0.01691395687593659,0.3753005573917303,0.3339153875732982,0.29078405503497146,0.3753005573917303,0.3339153875732982,0.29078405503497146,0.3339153875732982,0.3753005573917303,-0.04313133253832674,1,1,0.0,1080.0,0.4783298671245575,0.8450161845023628,-0.2950161845023628
32,32,categorical_soft,1,1,True,0.15878169880904897,0.0,0.0,0.8412182927131653,0.15878169238567352,2,-0.6824366003274918,0.020119839759619583,-0.34798601625400905,0.7747680392728279,-0.07504475748120745,0.020119839759619583,0.1855988605553181,0.5703718396194327,0.24402929982524918,0.1855988605553181,0.5703718396194327,0.24402929982524918,0.5703718396194327,0.1855988605553181,-0.32634253979418354,2,2,0.512,1110.0,0.6674912087619305,0.930169693553761,-0.38016969355376096
33,33,categorical_soft,1,1,True,0.15452912015120251,0.0,0.0,0.8454709053039551,0.1545291244983673,2,-0.6909417808055878,0.016488617080405506,-0.26279910931006234,0.6421499050472088,-0.06328785378243995,0.016488617080405506,0.21305631334243108,0.5266818850575172,0.26026180160005163,0.21305631334243108,0.5266818850575172,0.26026180160005163,0.5266818850575172,0.21305631334243108,-0.2664200834574656,2,2,0.256,590.0,0.5813465155661106,0.9422921797796965,-0.39229217977969644
34,34,categorical_soft,1,1,True,0.1659572057517602,0.0,0.0,0.8340427875518799,0.16595721244812012,2,-0.6680855751037598,0.01647809029060936,-0.23177182965188528,0.5859420455875484,-0.061095382796318244,0.01647809029060936,0.22459159742474175,0.5088541089500306,0.2665542936252276,0.22459159742474175,0.5088541089500306,0.2665542936252276,0.5088541089500306,0.22459159742474175,-0.242299815324803,2,2,0.512,980.0,0.5830800868570805,0.9114341793520553,-0.36143417935205524
35,35,categorical_soft,1,1,False,0.0,0.0,0.0,1.0,0.0,2,-1.0,0.40874249751797487,-0.6565203492721886,1.5694092664660557,-0.802052688809416,0.40874249751797487,0.08983681865805901,0.8319038414508114,0.07825933989112968,0.08983681865805901,0.8319038414508114,0.07825933989112968,0.8319038414508114,0.08983681865805901,-0.7536445015596818,2,2,0.256,740.0,0.983464740216732,0.9899279505458738,-0.43992795054587375
36,36,categorical_soft,0,0,True,0.2756396611169857,0.0,0.7243603467941284,0.0,0.2756396532058716,1,-0.44872069358825684,0.0090931238601913,-0.1336863245810406,0.49856445185171616,-0.03541811909990222,0.0090931238601913,0.25089536524155254,0.47220985602260457,0.276894778735843,0.25089536524155254,0.47220985602260457,0.276894778735843,0.25089536524155254,0.47220985602260457,0.02599941349429047,2,2,0.0,910.0,0.30457280576229095,0.7402439727377856,-0.1902439727377856
37,37,categorical_soft,1,1,True,0.5000959869728804,0.0,0.0,0.49990400671958923,0.5000959634780884,3,0.0001919567584991455,0.011217211576886823,-0.2247464556055767,0.7279154680558468,-0.06143826563737068,0.011217211576886823,0.20969505706851108,0.5434778935555438,0.2468270493759451,0.20969505706851108,0.5434778935555438,0.2468270493759451,0.5434778935555438,0.20969505706851108,-0.29665084417959864,2,2,0.0,530.0,0.03898046910762787,0.549928009768958,7.199023104209612e-05
38,38,categorical_soft,0,0,True,0.13969023630715088,0.0,0.8603097796440125,0.0,0.13969023525714874,1,-0.7206195443868637,0.001293195974423976,0.05612667376193089,0.23561407395359324,0.007201125781775955,0.001293195974423976,0.3175381738749118,0.38017698428586366,0.30228484183922444,0.3175381738749118,0.38017698428586366,0.30228484183922444,0.3175381738749118,0.38017698428586366,-0.01525333203568735,2,2,0.128,420.0,0.9765269681811333,0.9928931070173358,-0.44289310701733575
39,39,categorical_soft,1,1,True,0.1427231677156029,0.0,0.0,0.8572768568992615,0.1427231729030609,2,-0.7145536839962006,0.04399158922720622,-0.4255274187391819,0.9715216326679567,-0.16006773743797434,0.04399158922720622,0.15756658350213776,0.6367781854090797,0.20565523108878242,0.15756658350213776,0.6367781854090797,0.20565523108878242,0.6367781854090797,0.15756658350213776,-0.4311229543202973,2,2,0.256,1000.0,0.9189697876572609,0.9812481310873736,-0.4312481310873736
40,40,categorical_soft,1,1,True,0.1449283766718838,0.0,0.0,0.8550716042518616,0.14492838084697723,2,-0.7101432234048843,0.046467284195146875,-0.4273999598139982,0.9137393990351679,-0.14187058655693463,0.046467284195146875,0.1624862905539221,0.6210505564617976,0.21646315298428012,0.1624862905539221,0.6210505564617976,0.21646315298428012,0.6210505564617976,0.1624862905539221,-0.40458740347751754,2,2,0.512,780.0,0.7911144569516182,0.9732614526724147,-0.42326145267241466
41,41,categorical_soft,0,0,False,0.0,0.0,1.0,0.0,0.0,1,-1.0,0.1586350045627295,3.791616268894727,1.794437325795038,-6.819407166806689,0.1586350045627295,0.8804470301532457,0.11953032788391853,2.264196283585218e-05,0.8804470301532457,0.11953032788391853,2.264196283585218e-05,0.8804470301532457,0.11953032788391853,-0.8804243881904098,1,1,0.128,1110.0,0.8105276525020599,0.9641567331433587,-0.41415673314335866
42,42,categorical_soft,1,1,True,0.18386932635116243,0.0,0.0,0.8161306977272034,0.18386933207511902,2,-0.6322613656520844,0.006331330528063023,-0.12003983926515191,0.5091260707174632,-0.02614437831000735,0.006331330528063023,0.2515807884776383,0.47202014783643864,0.27639906368592293,0.2515807884776383,0.47202014783643864,0.27639906368592293,0.47202014783643864,0.2515807884776383,-0.1956210841505157,2,2,0.032,870.0,0.47157008200883865,0.8716904059750423,-0.3216904059750423
43,43,categorical_soft,0,0,False,0.0,0.0,1.0,0.0,0.0,1,-1.0,0.19042719915155393,1.7965786248224762,1.6932976112087519,-3.6506664181185244,0.19042719915155393,0.524405570731592,0.47331051278481145,0.002283916483596405,0.524405570731592,0.47331051278481145,0.002283916483596405,0.524405570731592,0.47331051278481145,-0.5221216542479956,1,1,0.064,560.0,0.5961449593305588,0.9479353693958872,-0.39793536939588714
44,44,categorical_soft,0,0,False,0.0,0.0,1.0,0.0,0.0,1,-1.0,0.1670992584919976,3.6787824552793786,1.732098880489963,-6.588673469945116,0.1670992584919976,0.875039484684436,0.12492890331030167,3.161200526221788e-05,0.875039484684436,0.12492890331030167,3.161200526221788e-05,0.875039484684436,0.12492890331030167,-0.8750078726791738,1,1,0.032,1090.0,0.8813283666968346,0.9750127157054449,-0.42501271570544485
45,45,categorical_soft,0,0,True,0.2042680392286863,0.0,0.7957319617271423,0.0,0.20426803827285767,1,-0.5914639234542847,0.002746975237587798,0.00802674025715305,0.44447811326765213,0.00234638378057967,0.002746975237587798,0.282537717784905,0.4368649787871538,0.2805973034279411,0.282537717784905,0.4368649787871538,0.2805973034279411,0.282537717784905,0.4368649787871538,-0.0019404143569639043,2,2,0.064,490.0,0.3179522901773453,0.8346999382675498,-0.2846999382675498
46,46,categorical_soft,0,0,True,0.13885866885625836,0.0,0.8611413240432739,0.0,0.13885867595672607,1,-0.7222826480865479,0.03306070798738674,0.23578353224113463,0.04694760439642849,0.02242982013023999,0.03306070798738674,0.3795000511100729,0.31443747467084143,0.30606247421908556,0.3795000511100729,0.31443747467084143,0.30606247421908556,0.3795000511100729,0.31443747467084143,-0.07343757689098734,1,1,0.256,960.0,1.238908588886261,0.9962331804667848,-0.44623318046678473
47,47,categorical_soft,1,1,True,0.1491607895783002,0.0,0.0,0.8508391976356506,0.14916078746318817,2,-0.7016784101724625,0.016158904684935922,-0.24122252997165136,0.5875240092087128,-0.06373373558236953,0.016158904684935922,0.2229117728468084,0.5106822433858289,0.2664059837673628,0.2229117728468084,0.5106822433858289,0.2664059837673628,0.5106822433858289,0.2229117728468084,-0.2442762596184661,2,2,0.512,580.0,0.6515953863272443,0.9589142773357157,-0.4089142773357156
48,48,categorical_soft,1,1,False,0.0,0.0,0.0,1.0,0.0,2,-1.0,0.27573113199144156,0.02544268177567583,2.1627386828797937,-2.0259385152817933,0.27573113199144156,0.1042138079041512,0.8823199836436585,0.013466208452190381,0.1042138079041512,0.8823199836436585,0.013466208452190381,0.8823199836436585,0.1042138079041512,-0.8688537751914681,2,2,0.128,1170.0,0.9544913917779922,0.9806802795219415,-0.43068027952194143
49,49,categorical_soft,1,1,False,0.0,0.0,0.0,1.0,0.0,2,-1.0,0.269773198345603,-0.11568650070324626,2.1273439707102915,-1.8604493534274475,0.269773198345603,0.09443141048924328,0.8889587523966922,0.016609837114064364,0.09443141048924328,0.8889587523966922,0.016609837114064364,0.8889587523966922,0.09443141048924328,-0.8723489152826278,2,2,0.128,670.0,0.8650231137871742,0.9835412539954715,-0.4335412539954715
50,50,categorical_soft,0,0,True,0.17652500160833862,0.0,0.8234750032424927,0.0,0.17652499675750732,1,-0.6469500064849854,0.004241269928582221,-0.10342031929145701,0.5125791172189935,-0.017533573782003556,0.004241269928582221,0.2537255592486652,0.46979008690634727,0.27648435384498754,0.2537255592486652,0.46979008690634727,0.27648435384498754,0.2537255592486652,0.46979008690634727,0.02275879459632235,2,2,0.032,510.0,0.4125770479440689,0.8869672724728956,-0.3369672724728956
51,51,categorical_soft,1,1,True,0.14994993269699897,0.0,0.0,0.8500500917434692,0.14994993805885315,2,-0.7001001536846161,0.016763185633794402,-0.3037274820066401,0.7319437020129776,-0.06293815936720973,0.016763185633794402,0.1964684863885136,0.5534344489721054,0.25009706463938103,0.1964684863885136,0.5534344489721054,0.25009706463938103,0.5534344489721054,0.1964684863885136,-0.30333738433272434,2,2,0.256,1000.0,0.7418664749711752,0.9563678204530032,-0.4063678204530031
52,52,categorical_soft,0,0,True,0.13890481310209313,0.0,0.8610951900482178,0.0,0.13890480995178223,1,-0.7221903800964355,0.06787387552445424,0.4948048277039888,0.21444250020464933,-0.16703673968601856,0.06787387552445424,0.4407220251458529,0.33219172991716733,0.2270862449369797,0.4407220251458529,0.33219172991716733,0.2270862449369797,0.4407220251458529,0.33219172991716733,-0.2136357802088732,1,1,0.256,880.0,1.2093748897314072,0.9960460687413807,-0.44604606874138064
53,53,categorical_soft,1,1,True,0.1700814905199407,0.0,0.0,0.8299185037612915,0.1700814962387085,2,-0.659837007522583,0.012858774492377156,-0.24108095529725695,0.7545131657022142,-0.0689370250362274,0.012858774492377156,0.20437187166733803,0.5529201066896146,0.24270802164304736,0.20437187166733803,0.5529201066896146,0.24270802164304736,0.5529201066896146,0.20437187166733803,-0.31021208504656717,2,2,0.032,770.0,0.5076670087873936,0.9014911272737932,-0.35149112727379317
54,54,categorical_soft,1,1,False,0.0,0.0,0.0,1.0,0.0,2,-1.0,0.27694684352916554,0.7200980616881962,2.0793007266963053,-2.6804504773063336,0.27694684352916554,0.20406586354557965,0.789150645241485,0.006783491212935422,0.20406586354557965,0.789150645241485,0.006783491212935422,0.789150645241485,0.20406586354557965,-0.7823671540285496,2,2,0.064,1070.0,0.7707834392786026,0.9587128420090807,-0.40871284200908065
55,55,categorical_soft,1,1,False,0.0,0.0,0.0,1.0,0.0,2,-1.0,0.18614652220160305,1.8808473816993954,1.689120365360918,-3.7544680064214377,0.18614652220160305,0.5463050968199543,0.4517198987518586,0.001975004428187081,0.5463050968199543,0.4517198987518586,0.001975004428187081,0.4517198987518586,0.5463050968199543,-0.4497448943236715,1,1,0.064,1120.0,0.8611905425786972,0.9715009364845482,-0.4215009364845481
56,56,categorical_soft,0,0,False,0.0,0.0,1.0,0.0,0.0,1,-1.0,0.1566747627431217,5.394256382289139,2.51266282369949,-9.825532114774168,0.1566747627431217,0.9468703584975016,0.05312939042749948,2.5107499910786823e-07,0.9468703584975016,0.05312939042749948,2.5107499910786823e-07,0.9468703584975016,0.05312939042749948,-0.9468701074225024,1,1,0.512,690.0,0.9768161326646805,0.990199551493082,-0.440199551493082
57,57,categorical_soft,0,0,True,0.15970363701444518,0.0,0.8402963876724243,0.0,0.15970364212989807,1,-0.6805927455425262,0.0055298591547360025,-0.13956386546253047,0.5715434051533863,-0.024787817593545165,0.0055298591547360025,0.2405058501817839,0.48971788658409954,0.2697762632341165,0.2405058501817839,0.48971788658409954,0.2697762632341165,0.2405058501817839,0.48971788658409954,0.029270413052332633,2,2,0.064,460.0,0.500236913561821,0.9276486484729601,-0.3776486484729601
58,58,categorical_soft,1,1,True,0.3336827505310743,0.0,0.0,0.6663172245025635,0.33368274569511414,2,-0.33263447880744934,0.02364982724080561,-0.35273374861817847,0.8838801833406711,-0.1129843148200198,0.02364982724080561,0.1750012899134455,0.6025024379120868,0.22249627217446766,0.1750012899134455,0.6025024379120868,0.22249627217446766,0.6025024379120868,0.1750012899134455,-0.38000616573761914,2,2,0.032,530.0,0.15421375632286072,0.6827785006137393,-0.1327785006137393
59,59,categorical_soft,1,1,False,0.0,0.0,0.0,1.0,0.0,2,-1.0,0.280514200461481,0.6113423051167384,2.1003954829692235,-2.5711435998907826,0.280514200461481,0.18346911130558255,0.8089373416140248,0.007593547080392632,0.18346911130558255,0.8089373416140248,0.007593547080392632,0.8089373416140248,0.18346911130558255,-0.8013437945336321,2,2,0.064,870.0,0.7703574150800705,0.9672025823294294,-0.4172025823294293
60,60,categorical_soft,0,0,True,0.13862414130839523,0.0,0.8613758683204651,0.0,0.1386241465806961,1,-0.722751721739769,0.051008279751898256,2.417749600647697,1.0174594385040023,-3.294963525361333,0.051008279751898256,0.7972663178876431,0.2000920275826971,0.0026416545296598145,0.7972663178876431,0.2000920275826971,0.0026416545296598145,0.7972663178876431,0.2000920275826971,-0.7946246633579833,1,1,0.256,1070.0,1.3255500122904778,0.9971874450250001,-0.4471874450250001
61,61,categorical_soft,1,1,False,0.0,0.0,0.0,1.0,0.0,2,-1.0,0.3446106590722774,-0.5655786763931763,1.797277693166515,-1.0781501436122825,0.3446106590722774,0.08180817594712779,0.8687957928865891,0.04939603116628307,0.08180817594712779,0.8687957928865891,0.04939603116628307,0.8687957928865891,0.08180817594712779,-0.819399761720306,2,2,0.512,870.0,0.9255192875862122,0.9844256769823115,-0.4344256769823115
62,62,categorical_soft,1,1,False,0.0,0.0,0.0,1.0,0.0,2,-1.0,0.23766108080561907,1.209285469451997,1.8521709202196857,-3.065300865877442,0.23766108080561907,0.34404777317897683,0.6511631583227511,0.004789068498272138,0.34404777317897683,0.6511631583227511,0.004789068498272138,0.6511631583227511,0.34404777317897683,-0.646374089824479,2,2,0.0,980.0,0.2789652496576309,0.6978387305640433,-0.14783873056404329
63,63,categorical_soft,1,1,True,0.17366902544088542,0.0,0.0,0.8263309597969055,0.1736690253019333,2,-0.6526619344949722,0.03409144787018699,0.25814568329140347,1.0560374957290755,-0.4042887670007643,0.03409144787018699,0.2681289723112679,0.5936134157385818,0.1382576119501503,0.2681289723112679,0.5936134157385818,0.1382576119501503,0.5936134157385818,0.2681289723112679,-0.45535580378843155,2,2,0.032,970.0,0.5385469272732735,0.8932635050298142,-0.3432635050298142
64,64,categorical_soft,1,1,True,0.4901604227321506,0.0,0.0,0.5098395943641663,0.49016043543815613,2,-0.019679158926010132,0.00577737381589301,-0.08830191118668926,0.4496027245099981,-0.02153992792765711,0.00577737381589301,0.26441877376964285,0.4528665348209307,0.2827146914094266,0.26441877376964285,0.4528665348209307,0.2827146914094266,0.4528665348209307,0.26441877376964285,-0.17015184341150408,2,2,0.0,840.0,0.12118034064769745,0.5573811719932862,-0.00738117199328614
65,65,categorical_soft,1,1,False,0.0,0.0,0.0,1.0,0.0,2,-1.0,0.16326448874224794,2.3954360808994544,1.4769359589824453,-4.305545861098307,0.16326448874224794,0.7135517039204928,0.28554966177688546,0.0008986343026217532,0.7135517039204928,0.28554966177688546,0.0008986343026217532,0.28554966177688546,0.7135517039204928,-0.2846510274742637,1,1,0.0,1090.0,0.4844055473804474,0.8473326432389668,-0.2973326432389668
66,66,categorical_soft,0,0,False,0.0,0.0,1.0,0.0,0.0,1,-1.0,0.1516243779163369,5.675420361581481,2.653262640219374,-10.378493232586177,0.1516243779163369,0.9534923518529116,0.04650753727601174,1.1087107675241324e-07,0.9534923518529116,0.04650753727601174,1.1087107675241324e-07,0.9534923518529116,0.04650753727601174,-0.9534922409818348,1,1,0.512,890.0,1.2261307686567307,0.9963133969089378,-0.4463133969089378
67,67,categorical_soft,1,1,False,0.0,0.0,0.0,1.0,0.0,2,-1.0,0.2750455902954283,0.009185212274409165,2.1567752276057197,-2.0050414704021025,0.2750455902954283,0.1032143731950528,0.8829408001096182,0.013844826695328974,0.1032143731950528,0.8829408001096182,0.013844826695328974,0.8829408001096182,0.1032143731950528,-0.8690959734142892,2,2,0.128,1100.0,0.8749115876853466,0.9739286109917756,-0.4239286109917756
68,68,categorical_soft,1,1,False,0.0,0.0,0.0,1.0,0.0,2,-1.0,0.30064608376902263,-0.4452549016465851,1.9464273558382197,-1.3344579497838167,0.30064608376902263,0.08100111053192866,0.8854329034439836,0.033565986024087696,0.08100111053192866,0.8854329034439836,0.033565986024087696,0.8854329034439836,0.08100111053192866,-0.851866917419896,2,2,0.128,960.0,0.9685422331094742,0.9859270080561116,-0.4359270080561115
69,69,categorical_soft,0,0,False,0.0,0.0,1.0,0.0,0.0,1,-1.0,0.15432109825130996,3.202456826435815,1.6184233142424382,-5.747697808906714,0.15432109825130996,0.8296302940506479,0.17025846247783083,0.00011124347152123394,0.8296302940506479,0.17025846247783083,0.00011124347152123394,0.8296302940506479,0.17025846247783083,-0.8295190505791267,1,1,0.128,720.0,0.8523540496826172,0.9814357017170758,-0.4314357017170758
70,70,categorical_soft,0,0,False,0.0,0.0,1.0,0.0,0.0,1,-1.0,0.2699829857270055,0.836193330605522,2.0222262318779043,-2.767298397405809,0.2699829857270055,0.23375215889110054,0.759905519598744,0.00634232151015543,0.23375215889110054,0.759905519598744,0.00634232151015543,0.23375215889110054,0.759905519598744,-0.2274098373809451,2,2,0.0,720.0,0.44834649562835693,0.8789702181222038,-0.32897021812220373
71,71,categorical_soft,0,0,False,0.0,0.0,1.0,0.0,0.0,1,-1.0,0.15812217803856476,2.5879632994476305,1.4924548469763292,-4.631146925095201,0.15812217803856476,0.7486044168807526,0.25083242029688746,0.0005631628223599597,0.7486044168807526,0.25083242029688746,0.0005631628223599597,0.7486044168807526,0.25083242029688746,-0.7480412540583927,1,1,0.032,780.0,0.8637105077505112,0.981132042637916,-0.43113204263791594
72,72,categorical_soft,1,1,False,0.0,0.0,0.0,1.0,0.0,2,-1.0,0.276133681893837,0.06863826114647312,2.1558390885946936,-2.0595100662204753,0.276133681893837,0.10902739686479113,0.87793184805147,0.01304075508373872,0.10902739686479113,0.87793184805147,0.01304075508373872,0.87793184805147,0.10902739686479113,-0.8648910929677313,2,2,0.064,1100.0,0.8855261914432049,0.9752206615559437,-0.4252206615559436
73,73,categorical_soft,1,1,True,0.22352256546050314,0.0,0.0,0.7764774560928345,0.22352255880832672,2,-0.5529548972845078,0.033071222767576444,0.3813926579972472,0.46955621451798457,-0.1469170359682621,0.033071222767576444,0.3734523267792615,0.4066809180510611,0.2198667551696775,0.3734523267792615,0.4066809180510611,0.2198667551696775,0.4066809180510611,0.3734523267792615,-0.1868141628813836,2,2,0.032,1070.0,0.41934990882873535,0.805071285281604,-0.25507128528160394
74,74,categorical_soft,1,1,False,0.0,0.0,0.0,1.0,0.0,2,-1.0,0.4063928974880329,-0.6530142557257317,1.5691497567916872,-0.8042341380801343,0.4063928974880329,0.09015930638519501,0.8317505144066211,0.07809017920818402,0.09015930638519501,0.8317505144066211,0.07809017920818402,0.8317505144066211,0.09015930638519501,-0.753660335198437,2,2,0.256,470.0,0.750457413494587,0.9774343798942589,-0.4274343798942588
75,75,categorical_soft,0,0,True,0.13853784026948351,0.0,0.8614621758460999,0.0,0.13853783905506134,1,-0.7229243367910385,0.047380170067653785,2.6953198898205457,1.1494453908058957,-3.8915981732765514,0.047380170067653785,0.820912987232124,0.17795223434247762,0.0011347784253984347,0.820912987232124,0.17795223434247762,0.0011347784253984347,0.820912987232124,0.17795223434247762,-0.8197782088067256,1,1,0.512,1130.0,1.367600105702877,0.9975399784909955,-0.44753997849099547
76,76,categorical_soft,1,1,False,0.0,0.0,0.0,1.0,0.0,2,-1.0,0.3235898175780579,-0.5155889524220869,1.858126127187894,-1.1789364835031002,0.3235898175780579,0.08159342441556203,0.8760335915383036,0.042372984046134335,0.08159342441556203,0.8760335915383036,0.042372984046134335,0.8760335915383036,0.08159342441556203,-0.8336606074921693,2,2,0.256,570.0,0.875366348773241,0.9860973961582832,-0.43609739615828313
77,77,categorical_soft,0,0,True,0.2843102796255571,0.0,0.7156897187232971,0.0,0.2843102812767029,1,-0.43137943744659424,0.014526821216345636,-0.27905811364815103,0.7172553356367586,-0.056456925821913126,0.014526821216345636,0.20170229741241377,0.5462190560108947,0.25207864657669155,0.20170229741241377,0.5462190560108947,0.25207864657669155,0.20170229741241377,0.5462190560108947,0.05037634916427777,2,2,0.0,540.0,0.20403078198432922,0.7309183744348664,-0.18091837443486636
78,78,categorical_soft,0,0,False,0.0,0.0,1.0,0.0,0.0,1,-1.0,0.27983516051601837,0.6121622569592342,2.085843079739598,-2.5582966605432573,0.27983516051601837,0.18572707155231577,0.8064919106959911,0.007781017751693207,0.18572707155231577,0.8064919106959911,0.007781017751693207,0.18572707155231577,0.8064919106959911,-0.17794605380062256,2,2,0.0,620.0,0.4462731406092644,0.8902290393494401,-0.34022903934944004
79,79,categorical_soft,0,0,False,0.0,0.0,1.0,0.0,0.0,1,-1.0,0.1714327255339268,6.498297900643789,3.0163163806548705,-11.912114077431514,0.1714327255339268,0.9701035171620018,0.02989647189824323,1.0939754925532091e-08,0.9701035171620018,0.02989647189824323,1.0939754925532091e-08,0.9701035171620018,0.02989647189824323,-0.970103506222247,1,1,0.512,1000.0,1.1299725770950317,0.9932690070609597,-0.4432690070609596
80,80,categorical_soft,0,0,False,0.0,0.0,1.0,0.0,0.0,1,-1.0,0.17735251824233417,2.0732225339387766,1.6686123626878673,-3.987651184578997,0.17735251824233417,0.598093414414173,0.400487047179097,0.0014195384067300148,0.598093414414173,0.400487047179097,0.0014195384067300148,0.598093414414173,0.400487047179097,-0.5966738760074429,1,1,0.064,800.0,0.7522460445761681,0.9670563502311729,-0.4170563502311728
81,81,categorical_soft,1,1,False,0.0,0.0,0.0,1.0,0.0,2,-1.0,0.24624680466764487,1.132447597560785,1.9085167407815677,-3.024382522612357,0.24624680466764487,0.31486777880379113,0.6802085410924413,0.004923680103767553,0.31486777880379113,0.6802085410924413,0.004923680103767553,0.6802085410924413,0.31486777880379113,-0.6752848609886738,2,2,0.0,870.0,0.6061205714941025,0.9293726519956671,-0.37937265199566705
82,82,categorical_soft,1,1,True,0.23795408725147604,0.0,0.0,0.7620459198951721,0.23795408010482788,2,-0.5240918397903442,0.021331102811758953,0.13033049236169744,0.6747228880521601,-0.12516879142706971,0.021331102811758953,0.28630456552828426,0.49236368885985177,0.22133174561186397,0.28630456552828426,0.49236368885985177,0.22133174561186397,0.49236368885985177,0.28630456552828426,-0.2710319432479878,2,2,0.0,890.0,0.35041680932044983,0.7852620969120172,-0.23526209691201716
83,83,categorical_soft,0,0,True,0.36947866635092386,0.0,0.6305213570594788,0.0,0.36947867274284363,1,-0.26104268431663513,0.015784614331748745,0.0089994107506824,0.9606513910218188,-0.22606589817441297,0.015784614331748745,0.22861276999092922,0.5909579958426812,0.18042923416638962,0.22861276999092922,0.5909579958426812,0.18042923416638962,0.22861276999092922,0.5909579958426812,-0.0481835358245396,2,2,0.0,950.0,0.22867665439844131,0.651605641655162,-0.10160564165516195
84,84,categorical_soft,1,1,False,0.0,0.0,0.0,1.0,0.0,2,-1.0,0.28137241274603897,0.3711415393659038,2.131884722220248,-2.331595403284772,0.28137241274603897,0.14553330124359853,0.8447009233843493,0.00976577537205214,0.14553330124359853,0.8447009233843493,0.00976577537205214,0.8447009233843493,0.14553330124359853,-0.8349351480122972,2,2,0.0,1000.0,0.550745278596878,0.8955086415069909,-0.3455086415069909
85,85,categorical_soft,1,1,False,0.0,0.0,0.0,1.0,0.0,2,-1.0,0.35990153789781765,-0.5926095099424702,1.7421973997951532,-1.0056987894273381,0.35990153789781765,0.08338633171811545,0.8610087137227669,0.05560495455911757,0.08338633171811545,0.8610087137227669,0.05560495455911757,0.8610087137227669,0.08338633171811545,-0.8054037591636494,2,2,0.256,930.0,0.8126536016352475,0.9712387698232933,-0.4212387698232932
86,86,categorical_soft,0,0,True,0.1401671634825094,0.0,0.8598328232765198,0.0,0.14016716182231903,1,-0.7196656614542007,0.008616192355831744,0.14676750491748167,0.060746243046751316,0.014148222111360182,0.008616192355831744,0.3579199769395964,0.32875535365855,0.3133246694018535,0.3579199769395964,0.32875535365855,0.3133246694018535,0.3579199769395964,0.32875535365855,-0.04459530753774288,1,1,0.128,720.0,1.0018488429486752,0.99100729361372,-0.44100729361371993
87,87,categorical_soft,0,0,True,0.1579737808476096,0.0,0.8420262336730957,0.0,0.1579737812280655,1,-0.6840524524450302,0.00905171064881832,-0.031377082632739514,0.611728760581127,-0.04364833957184454,0.00905171064881832,0.2572912481207722,0.4889135989634962,0.25379515291573174,0.2572912481207722,0.4889135989634962,0.25379515291573174,0.2572912481207722,0.4889135989634962,-0.0034960952050404615,2,2,0.128,440.0,0.5102233439683914,0.9324090586510734,-0.38240905865107333
88,88,categorical_soft,1,1,True,0.15601400032370472,0.0,0.0,0.8439859747886658,0.15601399540901184,2,-0.6879719793796539,0.07405269219322116,-0.3856074644374482,1.2052369257136475,-0.29760205228906056,0.07405269219322116,0.14313179146955074,0.7008294507480102,0.15603875778243909,0.14313179146955074,0.7008294507480102,0.15603875778243909,0.7008294507480102,0.14313179146955074,-0.544790692965571,2,2,0.064,920.0,0.6466557011008263,0.9379630827620945,-0.38796308276209446
89,89,categorical_soft,0,0,True,0.13867979422016208,0.0,0.8613201975822449,0.0,0.13867978751659393,1,-0.7226404100656509,0.018310102461767896,0.22339894258275658,0.11679992828072697,0.026082211084775937,0.018310102461767896,0.36777634062352405,0.3307590247603961,0.3014646346160799,0.36777634062352405,0.3307590247603961,0.3014646346160799,0.36777634062352405,0.3307590247603961,-0.06631170600744413,1,1,0.512,550.0,1.1821235120296478,0.9969605032899925,-0.4469605032899925
90,90,categorical_soft,0,0,False,0.0,0.0,1.0,0.0,0.0,1,-1.0,0.14241380260366154,5.37369925582731,2.525135282421637,-9.828081228643665,0.14241380260366154,0.9451607899505575,0.05483895383426949,2.5621517318999353e-07,0.9451607899505575,0.05483895383426949,2.5621517318999353e-07,0.9451607899505575,0.05483895383426949,-0.9451605337353843,1,1,0.512,880.0,1.2769555374979973,0.997160080993963,-0.447160080993963
91,91,categorical_soft,0,0,True,0.1385059640391194,0.0,0.8614940643310547,0.0,0.1385059654712677,1,-0.722988098859787,0.07101721715860726,0.5714046092460979,0.2763945905871449,-0.2710058549574425,0.07101721715860726,0.46002756916888965,0.3416670642993995,0.1983053665317108,0.46002756916888965,0.3416670642993995,0.1983053665317108,0.46002756916888965,0.3416670642993995,-0.2617222026371788,1,1,0.512,1080.0,1.366443656384945,0.9976703801408602,-0.44767038014086014
92,92,categorical_soft,1,1,False,0.0,0.0,0.0,1.0,0.0,2,-1.0,0.3343455419284959,-0.5425142732891076,1.8180896654475194,-1.116851245202062,0.3343455419284959,0.0822100045875591,0.8711263310606852,0.04666366435175575,0.0822100045875591,0.8711263310606852,0.04666366435175575,0.8711263310606852,0.0822100045875591,-0.8244626667089294,2,2,0.256,560.0,0.9402712360024452,0.9899754196958969,-0.4399754196958968
93,93,categorical_soft,0,0,False,0.0,0.0,1.0,0.0,0.0,1,-1.0,0.15747353713205042,5.00223232550888,2.32740226787796,-9.075570520476253,0.15747353713205042,0.9354778285660499,0.0645214021768294,7.692571206053074e-07,0.9354778285660499,0.0645214021768294,7.692571206053074e-07,0.9354778285660499,0.0645214021768294,-0.9354770593089293,1,1,0.256,1010.0,0.89406618475914,0.9786080040410493,-0.42860800404104926
94,94,categorical_soft,0,0,False,0.0,0.0,1.0,0.0,0.0,1,-1.0,0.15910549049314976,2.5573336585396977,1.4816236789347865,-4.5748448433155735,0.15910549049314976,0.7448318819651968,0.2545572414771608,0.0006108765576421682,0.7448318819651968,0.2545572414771608,0.0006108765576421682,0.7448318819651968,0.2545572414771608,-0.7442210054075546,1,1,0.032,1190.0,0.02443823218345642,0.33922723566905744,0.2107727643309426
95,95,categorical_soft,1,1,False,0.0,0.0,0.0,1.0,0.0,2,-1.0,0.32836035237100303,-0.5274902292816801,1.838996182644592,-1.1497596578542695,0.32836035237100303,0.08196623770920529,0.873684046582008,0.044349715708786666,0.08196623770920529,0.873684046582008,0.044349715708786666,0.873684046582008,0.08196623770920529,-0.8293343308732214,2,2,0.128,600.0,0.7799523025751114,0.9771726121679656,-0.42717261216796554
96,96,categorical_soft,1,1,False,0.0,0.0,0.0,1.0,0.0,2,-1.0,0.278230967931699,-0.3288363751223199,2.029129995431574,-1.5462903311167593,0.278230967931699,0.08428134075787204,0.8905743244628223,0.02514433477930551,0.08428134075787204,0.8905743244628223,0.02514433477930551,0.8905743244628223,0.08428134075787204,-0.8654299896835167,2,2,0.128,540.0,0.7702847868204117,0.9777200244845375,-0.4277200244845375
97,97,categorical_soft,0,0,False,0.0,0.0,1.0,0.0,0.0,1,-1.0,0.1605755968616894,3.9300484131232594,1.845699619234899,-7.063432249787958,0.1605755968616894,0.889333541064173,0.1106508331436695,1.5625792157462842e-05,0.889333541064173,0.1106508331436695,1.5625792157462842e-05,0.889333541064173,0.1106508331436695,-0.8893179152720155,1,1,0.128,850.0,0.8069951236248016,0.9730954313510861,-0.42309543135108607
98,98,categorical_soft,0,0,False,0.0,0.0,1.0,0.0,0.0,1,-1.0,0.15185212084732913,4.869915256670288,2.2739483384199097,-8.840630148014029,0.15185212084732913,0.9305504148134979,0.06944848221364076,1.1029728612453797e-06,0.9305504148134979,0.06944848221364076,1.1029728612453797e-06,0.9305504148134979,0.06944848221364076,-0.9305493118406366,1,1,0.256,1130.0,0.940323144197464,0.980270773974937,-0.43027077397493696
99,99,categorical_soft,1,1,False,0.0,0.0,0.0,1.0,0.0,2,-1.0,0.39751804780524574,-0.6453042056754302,1.6101291169142058,-0.8476329517327237,0.39751804780524574,0.08802619570710965,0.8395255364987573,0.07244826779413305,0.08802619570710965,0.8395255364987573,0.07244826779413305,0.8395255364987573,0.08802619570710965,-0.7670772687046242,2,2,0.256,770.0,0.8457882143557072,0.9796723792946275,-0.4296723792946274
100,100,categorical_soft,0,0,True,0.3376142361206555,0.0,0.6623857617378235,0.0,0.3376142382621765,1,-0.324771523475647,0.014282088113959378,-0.270636718124029,0.7675832556170438,-0.07176461837493144,0.014282088113959378,0.1982799363589139,0.5598279710705498,0.24189209257053626,0.1982799363589139,0.5598279710705498,0.24189209257053626,0.1982799363589139,0.5598279710705498,0.04361215621162237,2,2,0.032,440.0,0.12880773842334747,0.6792309287486062,-0.1292309287486062
101,101,categorical_soft,0,0,False,0.0,0.0,1.0,0.0,0.0,1,-1.0,0.16080681062171243,3.834556916772248,1.8066795012284078,-6.890242836702754,0.16080681062171243,0.8836485255717392,0.1163311934774001,2.028095086069746e-05,0.8836485255717392,0.1163311934774001,2.028095086069746e-05,0.8836485255717392,0.1163311934774001,-0.8836282446208785,1,1,0.128,830.0,0.830107644200325,0.9764743892344655,-0.42647438923446546
102,102,categorical_soft,1,1,False,0.0,0.0,0.0,1.0,0.0,2,-1.0,0.39130744202264917,-0.6405787064212516,1.6430353799757789,-0.8812452277744779,0.39130744202264917,0.08619329120646442,0.8455303390545049,0.06827636973903065,0.08619329120646442,0.8455303390545049,0.06827636973903065,0.8455303390545049,0.08619329120646442,-0.7772539693154743,2,2,0.512,1170.0,0.895032768137753,0.9742936447438079,-0.4242936447438078
103,103,categorical_soft,0,0,False,0.0,0.0,1.0,0.0,0.0,1,-1.0,0.16632987116928655,2.3117055901983172,1.5024464540768077,-4.191734042719118,0.16632987116928655,0.6905350875613515,0.30840646653901543,0.0010584458996330893,0.6905350875613515,0.30840646653901543,0.0010584458996330893,0.6905350875613515,0.30840646653901543,-0.6894766416617184,1,1,0.0,1100.0,0.23338864743709564,0.6150104376710481,-0.06501043767104808
104,104,categorical_soft,1,1,True,0.4096164916586834,0.0,0.0,0.5903835296630859,0.40961650013923645,2,-0.1807670295238495,0.1365750462429265,-0.24546991463270057,1.420821625697191,-0.4890867970225724,0.1365750462429265,0.1418171471843453,0.74749255597811,0.11069029683754468,0.1418171471843453,0.74749255597811,0.11069029683754468,0.74749255597811,0.1418171471843453,-0.6368022591405653,2,2,0.032,540.0,0.09940434992313385,0.618978002070126,-0.06897800207012594
105,105,categorical_soft,1,1,True,0.18887130337457675,0.0,0.0,0.8111286759376526,0.18887130916118622,2,-0.6222573667764664,0.013954047615837595,-0.1858937231191522,0.5384803591073616,-0.051576744205870786,0.013954047615837595,0.23764411630056634,0.4904326688136743,0.2719232148857593,0.23764411630056634,0.4904326688136743,0.2719232148857593,0.4904326688136743,0.23764411630056634,-0.218509453927915,2,2,0.064,550.0,0.3758755214512348,0.8619496191417857,-0.31194961914178565
106,106,categorical_soft,1,1,False,0.0,0.0,0.0,1.0,0.0,2,-1.0,0.27039878797044054,-0.09710658862618685,2.1231440571272944,-1.8740488644248892,0.27039878797044054,0.09641437280293685,0.8871675434514248,0.016418083745638294,0.09641437280293685,0.8871675434514248,0.016418083745638294,0.8871675434514248,0.09641437280293685,-0.8707494597057865,2,2,0.064,500.0,0.7896378748118877,0.9806371703308566,-0.4306371703308566
107,107,categorical_soft,0,0,False,0.0,0.0,1.0,0.0,0.0,1,-1.0,0.16316186399513177,3.7778375481642,1.7793706254637662,-6.780142920112141,0.16316186399513177,0.8805920963182606,0.1193840567966155,2.38468851238391e-05,0.8805920963182606,0.1193840567966155,2.38468851238391e-05,0.8805920963182606,0.1193840567966155,-0.8805682494331368,1,1,0.064,1090.0,0.6760236322879791,0.9343389584901522,-0.3843389584901522
108,108,categorical_soft,1,1,False,0.0,0.0,0.0,1.0,0.0,2,-1.0,0.3599012722202893,-0.5919111149779082,1.732804717374826,-0.9974565978136418,0.3599012722202893,0.08407849632571816,0.8594355580113573,0.05648594566292449,0.08407849632571816,0.8594355580113573,0.05648594566292449,0.8594355580113573,0.08407849632571816,-0.8029496123484328,2,2,0.512,420.0,0.9626827612519264,0.9923966606535153,-0.44239666065351524
109,109,categorical_soft,0,0,True,0.13903218305788395,0.0,0.8609678149223328,0.0,0.13903218507766724,1,-0.7219356298446655,0.06448359685512176,2.691175837298749,1.140563246901664,-3.7921845472312308,0.06448359685512176,0.8213827109091104,0.17736001885821676,0.0012572702326727747,0.8213827109091104,0.17736001885821676,0.0012572702326727747,0.8213827109091104,0.17736001885821676,-0.8201254406764377,1,1,0.256,1090.0,1.2358582559973001,0.9955306831056581,-0.445530683105658
110,110,categorical_soft,1,1,False,0.0,0.0,0.0,1.0,0.0,2,-1.0,0.27328018672165,-0.02761558755816105,2.1338734649846924,-1.9491210662350391,0.27328018672165,0.10180666788142057,0.8832031451271234,0.014990186991456003,0.10180666788142057,0.8832031451271234,0.014990186991456003,0.8832031451271234,0.10180666788142057,-0.8682129581356673,2,2,0.032,490.0,0.6406727135181427,0.9610210045554824,-0.4110210045554824
111,111,categorical_soft,1,1,False,0.0,0.0,0.0,1.0,0.0,2,-1.0,0.2894617038039009,-0.3975686721723687,1.9764664397515765,-1.4165527340871922,0.2894617038039009,0.08262236013738367,0.8873091444478558,0.030068495414760525,0.08262236013738367,0.8873091444478558,0.030068495414760525,0.8873091444478558,0.08262236013738367,-0.8572406490330953,2,2,0.032,600.0,0.29688987880945206,0.7995060550026047,-0.2495060550026047
112,112,categorical_soft,1,1,True,0.1814254125808215,0.0,0.0,0.8185746073722839,0.18142540752887726,2,-0.6371491998434067,0.006778218348603969,-0.15876475978619814,0.6039273864008983,-0.02929387137411891,0.006778218348603969,0.23352951448964218,0.5006541463502192,0.2658163391601386,0.23352951448964218,0.5006541463502192,0.2658163391601386,0.5006541463502192,0.23352951448964218,-0.23483780719008063,2,2,0.064,1090.0,0.5347029687836766,0.8766373137828818,-0.32663731378288174
113,113,categorical_soft,0,0,False,0.0,0.0,1.0,0.0,0.0,1,-1.0,0.15118796192941553,2.8945849249536475,1.5883084112924628,-5.193808031539108,0.15118796192941553,0.7864051073286229,0.21334574876276471,0.0002491439086123561,0.7864051073286229,0.21334574876276471,0.0002491439086123561,0.7864051073286229,0.21334574876276471,-0.7861559634200106,1,1,0.128,740.0,0.859238401055336,0.9816118736481374,-0.43161187364813736
114,114,categorical_soft,0,0,True,0.1397140909595591,0.0,0.8602859377861023,0.0,0.1397140920162201,1,-0.7205718457698822,0.06479168128426563,0.751188821450654,0.386402359756727,-0.4679173442953074,0.06479168128426563,0.5023601926606,0.34835270042387034,0.14928710691552965,0.5023601926606,0.34835270042387034,0.14928710691552965,0.5023601926606,0.34835270042387034,-0.3530730857450703,1,1,0.128,1110.0,1.143107857555151,0.992798274687235,-0.442798274687235
115,115,categorical_soft,0,0,False,0.0,0.0,1.0,0.0,0.0,1,-1.0,0.15257148488735087,2.838164424394738,1.5640420868044658,-5.087210680302508,0.15257148488735087,0.7809363533245144,0.21877271580393928,0.00029093087154626626,0.7809363533245144,0.21877271580393928,0.00029093087154626626,0.7809363533245144,0.21877271580393928,-0.7806454224529681,1,1,0.256,400.0,0.8786294907331467,0.9888229953165317,-0.4388229953165317
116,116,categorical_soft,0,0,True,0.13828874431963267,0.0,0.8617112636566162,0.0,0.13828875124454498,1,-0.7234225124120712,0.08526740559111692,1.1263623693035623,0.7513574913912973,-0.9609729500944859,0.08526740559111692,0.5511822476692213,0.3791960173129457,0.06962173501783309,0.5511822476692213,0.3791960173129457,0.06962173501783309,0.5511822476692213,0.3791960173129457,-0.4815605126513882,1,1,0.512,690.0,1.3690884998068213,0.9985617374980715,-0.4485617374980715
117,117,categorical_soft,1,1,True,0.3776829839284971,0.0,0.0,0.6223170161247253,0.37768298387527466,2,-0.24463403224945068,0.02252124254040912,0.275729577452925,0.6881169020226262,-0.19542814888227852,0.02252124254040912,0.31956595115544617,0.4812435915317737,0.19919045731278023,0.31956595115544617,0.4812435915317737,0.19919045731278023,0.4812435915317737,0.31956595115544617,-0.2820531342189935,2,2,0.032,1090.0,0.25692538917064667,0.6447691894907673,-0.09476918949076729
118,118,categorical_soft,0,0,False,0.0,0.0,1.0,0.0,0.0,1,-1.0,0.28178632338289367,0.37879243539581503,2.135376892372464,-2.343040230633938,0.28178632338289367,0.14608421913130198,0.8442997341695682,0.009616046699129919,0.14608421913130198,0.8442997341695682,0.009616046699129919,0.14608421913130198,0.8442997341695682,-0.13646817243217207,2,2,0.0,530.0,0.14550048112869263,0.6734340588596291,-0.1234340588596291
119,119,categorical_soft,1,1,False,0.0,0.0,0.0,1.0,0.0,2,-1.0,0.2476572988085679,1.1140877842422028,1.9087935625597514,-3.001817719369863,0.2476572988085679,0.3108340829291707,0.6841028022459815,0.005063114824847846,0.3108340829291707,0.6841028022459815,0.005063114824847846,0.6841028022459815,0.3108340829291707,-0.6790396874211336,2,2,0.032,1020.0,0.7461745217442513,0.9562448127595157,-0.4062448127595156
120,120,categorical_soft,0,0,False,0.0,0.0,1.0,0.0,0.0,1,-1.0,0.16546717202686795,3.859279210955137,1.808739676823133,-6.919941696657057,0.16546717202686795,0.8859670877131848,0.11401366703736822,1.924524944707654e-05,0.8859670877131848,0.11401366703736822,1.924524944707654e-05,0.8859670877131848,0.11401366703736822,-0.8859478424637377,1,1,0.064,1140.0,0.8811020478606224,0.9734726540334536,-0.4234726540334536
121,121,categorical_soft,1,1,False,0.0,0.0,0.0,1.0,0.0,2,-1.0,0.2580020452759497,1.0157172879588787,1.97291274457849,-2.9421265657835574,0.2580020452759497,0.27732615171400676,0.7173903690151066,0.005283479270886804,0.27732615171400676,0.7173903690151066,0.005283479270886804,0.7173903690151066,0.27732615171400676,-0.7121068897442198,2,2,0.032,1030.0,0.44420781126245856,0.8304270220552399,-0.28042702205523984
122,122,categorical_soft,0,0,False,0.0,0.0,1.0,0.0,0.0,1,-1.0,0.1811958331837842,1.9753490291726457,1.6544792468085965,-3.8450137828738966,0.1811958331837842,0.5778558266824894,0.4204035454733379,0.0017406278441726725,0.5778558266824894,0.4204035454733379,0.0017406278441726725,0.5778558266824894,0.4204035454733379,-0.5761151988383166,1,1,0.032,770.0,0.5590284466743469,0.921742720182926,-0.371742720182926
123,123,categorical_soft,1,1,False,0.0,0.0,0.0,1.0,0.0,2,-1.0,0.23469218921049978,1.2675619664296338,1.8736261462094383,-3.158035907005899,0.23469218921049978,0.35259704887171855,0.6431821257030884,0.00422082542519305,0.35259704887171855,0.6431821257030884,0.00422082542519305,0.6431821257030884,0.35259704887171855,-0.6389613002778953,2,2,0.064,970.0,0.8382994756102562,0.9733338173655368,-0.42333381736553677
124,124,categorical_soft,1,1,False,0.0,0.0,0.0,1.0,0.0,2,-1.0,0.2653389097275414,0.9095941977456425,2.000155979956194,-2.8369929477512934,0.2653389097275414,0.2513420148555854,0.7427463970501623,0.005911588094252281,0.2513420148555854,0.7427463970501623,0.005911588094252281,0.7427463970501623,0.2513420148555854,-0.73683480895591,2,2,0.064,900.0,0.7135881632566452,0.9555940568279244,-0.4055940568279244
125,125,categorical_soft,1,1,True,0.5794127886650615,0.0,0.0,0.4205872118473053,0.5794128179550171,3,0.1588256061077118,0.008865816616775258,-0.14183774720231002,0.5195344470328397,-0.035253149008279555,0.008865816616775258,0.24688487012027144,0.4783774362889409,0.2747376935907876,0.24688487012027144,0.4783774362889409,0.2747376935907876,0.4783774362889409,0.24688487012027144,-0.20363974269815333,2,2,0.0,630.0,0.014298170804977417,0.489638852732902,0.06036114726709807
126,126,categorical_soft,0,0,False,0.0,0.0,1.0,0.0,0.0,1,-1.0,0.1758406205267039,2.1281835278681545,1.6996927666351982,-4.088972756544932,0.1758406205267039,0.6038362784678313,0.3949366740407688,0.0012270474913997436,0.6038362784678313,0.3949366740407688,0.0012270474913997436,0.6038362784678313,0.3949366740407688,-0.6026092309764315,1,1,0.064,710.0,0.7786474227905273,0.9738569134677411,-0.423856913467741
127,127,categorical_soft,1,1,True,0.14917704361324657,0.0,0.0,0.8508229851722717,0.14917704463005066,2,-0.7016459405422211,0.05367794983635464,-0.43964758105768303,0.9598909958838874,-0.16357962264551176,0.05367794983635464,0.15696879508219339,0.6359251604067042,0.20710604451110243,0.15696879508219339,0.6359251604067042,0.20710604451110243,0.6359251604067042,0.15696879508219339,-0.4288191158956018,2,2,0.256,800.0,0.7053017374128103,0.9588614438144833,-0.4088614438144833
128,128,categorical_soft,0,0,False,0.0,0.0,1.0,0.0,0.0,1,-1.0,0.15395964304202292,4.4740823470102855,2.0909190099948667,-8.091362643076437,0.15395964304202292,0.9154917631507266,0.08450485776736155,3.3790819118885355e-06,0.9154917631507266,0.08450485776736155,3.3790819118885355e-06,0.9154917631507266,0.08450485776736155,-0.9154883840688147,1,1,0.256,810.0,0.9328049719333649,0.9859995425646517,-0.4359995425646517
129,129,categorical_soft,1,1,False,0.0,0.0,0.0,1.0,0.0,2,-1.0,0.28247670682823245,0.465412714609057,2.1297498313046876,-2.431889755358114,0.28247670682823245,0.15823348642061555,0.8330384836684704,0.008728029910913999,0.15823348642061555,0.8330384836684704,0.008728029910913999,0.8330384836684704,0.15823348642061555,-0.8243104537575564,2,2,0.0,740.0,0.4401589300541673,0.8719570289551434,-0.32195702895514333
130,130,categorical_soft,0,0,True,0.13932300532074077,0.0,0.8606770038604736,0.0,0.13932301104068756,1,-0.7213539928197861,0.06438015688536695,0.43969120996871275,0.1966915113478283,-0.11504481474694742,0.06438015688536695,0.4245492147413034,0.33215786659287844,0.2432929186658181,0.4245492147413034,0.33215786659287844,0.2432929186658181,0.4245492147413034,0.33215786659287844,-0.18125629607548532,1,1,0.256,760.0,1.1072956509888172,0.9943598641772323,-0.4443598641772323
131,131,categorical_soft,1,1,True,0.26710387641292066,0.0,0.0,0.7328961491584778,0.2671038806438446,2,-0.4657922685146332,0.014085663411275063,-0.23989815035839648,0.6429532439942726,-0.053891234437934574,0.014085663411275063,0.2163223372171023,0.5230289642434821,0.2606486985394155,0.2163223372171023,0.5230289642434821,0.2606486985394155,0.5230289642434821,0.2163223372171023,-0.2623802657040666,2,2,0.0,450.0,0.20189611613750458,0.7497536010137897,-0.1997536010137897
132,132,categorical_soft,1,1,True,0.1942978501231068,0.0,0.0,0.8057021498680115,0.19429785013198853,2,-0.611404299736023,0.1047765008193829,-0.4644543461838457,1.1982537179443626,-0.295319293429914,0.1047765008193829,0.13431010592190804,0.7067408267529423,0.15894906732514963,0.13431010592190804,0.7067408267529423,0.15894906732514963,0.7067408267529423,0.13431010592190804,-0.5477917594277926,2,2,0.0,450.0,0.33466777577996254,0.8519102310008333,-0.30191023100083325
133,133,categorical_soft,1,1,True,0.1479900162383735,0.0,0.0,0.8520100116729736,0.14799001812934875,2,-0.7040199935436249,0.08920476515355605,-0.4822273154840281,1.1109636997523489,-0.2393041923239624,0.08920476515355605,0.1391085290089651,0.6834693576297751,0.17742211336125985,0.1391085290089651,0.6834693576297751,0.17742211336125985,0.6834693576297751,0.1391085290089651,-0.5060472442685153,2,2,0.256,1060.0,0.7902041841298342,0.9627634908850646,-0.4127634908850646
134,134,categorical_soft,1,1,False,0.0,0.0,0.0,1.0,0.0,2,-1.0,0.36677834461433845,-0.6040445923228199,1.7104945515982544,-0.9681382345746391,0.36677834461433845,0.08461452963602405,0.8561376316464561,0.059247838717520006,0.08461452963602405,0.8561376316464561,0.059247838717520006,0.8561376316464561,0.08461452963602405,-0.796889792928936,2,2,0.512,420.0,0.9185963869094849,0.9905750027375144,-0.4405750027375144
135,135,categorical_soft,1,1,False,0.0,0.0,0.0,1.0,0.0,2,-1.0,0.2794703032312943,-0.3381738275944432,2.0233624858762314,-1.5302772953659927,0.2794703032312943,0.08395802249736747,0.8903496094639175,0.025692368038715174,0.08395802249736747,0.8903496094639175,0.025692368038715174,0.8903496094639175,0.08395802249736747,-0.8646572414252023,2,2,0.128,550.0,0.8471453636884689,0.9844363066557632,-0.43443630665576316
136,136,categorical_soft,1,1,False,0.0,0.0,0.0,1.0,0.0,2,-1.0,0.27638057997877996,0.08055468680003844,2.155875215575776,-2.07079990540278,0.27638057997877996,0.11020491593888573,0.8769175699910198,0.012877514070094385,0.11020491593888573,0.8769175699910198,0.012877514070094385,0.8769175699910198,0.11020491593888573,-0.8640400559209254,2,2,0.064,710.0,0.8296653404831886,0.9795348113878266,-0.42953481138782657
137,137,categorical_soft,1,1,False,0.0,0.0,0.0,1.0,0.0,2,-1.0,0.3963866510788362,-0.644616784809823,1.6200812524018235,-0.8571547727857922,0.3963866510788362,0.08740755809153702,0.8413816202182403,0.07121082169022286,0.08740755809153702,0.8413816202182403,0.07121082169022286,0.8413816202182403,0.08740755809153702,-0.7701707985280174,2,2,0.256,1170.0,0.9370100349187851,0.9789839075363657,-0.4289839075363656
138,138,categorical_soft,0,0,False,0.0,0.0,1.0,0.0,0.0,1,-1.0,0.1512549877875371,3.3195391047962133,1.664871514376807,-5.97036095389331,0.1512549877875371,0.839394358677476,0.160525313845706,8.032747681806189e-05,0.839394358677476,0.160525313845706,8.032747681806189e-05,0.839394358677476,0.160525313845706,-0.839314031200658,1,1,0.256,520.0,0.7035814672708511,0.9700524971125286,-0.42005249711252857
139,139,categorical_soft,0,0,True,0.5633984061695912,0.0,0.43660157918930054,0.0,0.5633984208106995,3,0.12679684162139893,0.018152590507724144,-0.305695103945402,0.8204561661439728,-0.08877614773322864,0.018152590507724144,0.18778339517057327,0.5789232770924061,0.2332933277370206,0.18778339517057327,0.5789232770924061,0.2332933277370206,0.18778339517057327,0.5789232770924061,0.045509932566447336,2,2,0.032,550.0,0.004771977663040161,0.5020469266401053,0.04795307335989474
140,140,categorical_soft,0,0,True,0.20074126903059886,0.0,0.7992587089538574,0.0,0.20074127614498138,1,-0.598517432808876,0.015838526159406386,0.19165749647500147,0.3207277648900607,-0.010189186486957057,0.015838526159406386,0.3388632220339869,0.3849294465291896,0.2762073314368235,0.3388632220339869,0.3849294465291896,0.2762073314368235,0.3388632220339869,0.3849294465291896,-0.06265589059716337,2,2,0.032,910.0,0.42986413836479187,0.8406197921304861,-0.29061979213048605
141,141,categorical_soft,0,0,True,0.13822393699639696,0.0,0.8617760539054871,0.0,0.13822393119335175,1,-0.7235521227121353,0.06174473146606485,2.5032947543185555,1.0661883184583545,-3.445772013444537,0.06174473146606485,0.8035924666720714,0.19430732979414386,0.0021002035337845974,0.8035924666720714,0.19430732979414386,0.0021002035337845974,0.8035924666720714,0.19430732979414386,-0.8014922631382868,1,1,0.256,1090.0,1.5090577974915504,0.9988286034420863,-0.4488286034420863
142,142,categorical_soft,0,0,True,0.1386426140440054,0.0,0.8613573908805847,0.0,0.13864260911941528,1,-0.7227147817611694,0.04799904098592105,0.7901611574646007,0.5506977837822109,-0.5139557942577935,0.04799904098592105,0.4856859405273523,0.3813177037163686,0.132996355756279,0.4856859405273523,0.3813177037163686,0.132996355756279,0.4856859405273523,0.3813177037163686,-0.3526895847710733,1,1,0.512,520.0,1.1852051876485348,0.9971120824108168,-0.4471120824108168
143,143,categorical_soft,1,1,False,0.0,0.0,0.0,1.0,0.0,2,-1.0,0.2893367910733206,-0.3966836857045484,1.9877105996323177,-1.4290844168055041,0.2893367910733206,0.0818991929159782,0.8886914535588017,0.029409353525220044,0.0818991929159782,0.8886914535588017,0.029409353525220044,0.8886914535588017,0.0818991929159782,-0.8592821000335817,2,2,0.128,820.0,0.8714949004352093,0.9809465115266203,-0.4309465115266202
144,144,categorical_soft,0,0,True,0.6047506896738587,0.0,0.39524930715560913,0.0,0.6047506928443909,3,0.20950138568878174,0.0047503623027386616,-0.08616115277543819,0.5700438096638676,-0.016707899403504877,0.0047503623027386616,0.2501514750457393,0.4819034756797279,0.26794504927453294,0.2501514750457393,0.4819034756797279,0.26794504927453294,0.2501514750457393,0.4819034756797279,0.01779357422879363,2,2,0.0,930.0,0.0715331882238388,0.46956332434263837,0.08043667565736168
145,145,categorical_soft,0,0,False,0.0,0.0,1.0,0.0,0.0,1,-1.0,0.27157406908000714,-0.061395008915298185,2.124512944194099,-1.9086592650588696,0.27157406908000714,0.09951155280343163,0.884700372925108,0.01578807427146043,0.09951155280343163,0.884700372925108,0.01578807427146043,0.09951155280343163,0.884700372925108,-0.08372347853197121,2,2,0.0,720.0,0.18114810436964035,0.6614705638313395,-0.11147056383133946
146,146,categorical_soft,1,1,True,0.1519203241885233,0.0,0.0,0.8480796813964844,0.15192031860351562,2,-0.6961593627929688,0.01125223192147468,-0.18647620104904608,0.5808764936397164,-0.04348899531097087,0.01125223192147468,0.23211305297490187,0.5000115093361763,0.2678754376889219,0.23211305297490187,0.5000115093361763,0.2678754376889219,0.5000115093361763,0.23211305297490187,-0.23213607164725442,2,2,0.032,760.0,0.654623880982399,0.9501698761583731,-0.4001698761583731
147,147,categorical_soft,0,0,True,0.14111425726669852,0.0,0.8588857650756836,0.0,0.1411142498254776,1,-0.717771515250206,0.08066317284555576,0.27669446684979354,1.264155456421976,-0.5791556619745755,0.08066317284555576,0.2438270347040215,0.6524827374216625,0.10369022787431606,0.2438270347040215,0.6524827374216625,0.10369022787431606,0.2438270347040215,0.6524827374216625,-0.14013680682970545,2,2,0.064,550.0,0.8895179703831673,0.9873244413996682,-0.4373244413996682
148,148,categorical_soft,0,0,False,0.0,0.0,1.0,0.0,0.0,1,-1.0,0.1446614250256712,3.6714289664895636,1.7947255695316038,-6.6380910030238525,0.1446614250256712,0.8671219867660612,0.13284784495645954,3.016827747941794e-05,0.8671219867660612,0.13284784495645954,3.016827747941794e-05,0.8671219867660612,0.13284784495645954,-0.8670918184885819,1,1,0.256,640.0,0.9410156607627869,0.989011461538332,-0.4390114615383319
149,149,categorical_soft,1,1,False,0.0,0.0,0.0,1.0,0.0,2,-1.0,0.4600100309484847,-0.6903049214255264,1.3958416913412337,-0.6107401772881038,0.4600100309484847,0.09858287270410958,0.7939094991066615,0.10750762818922892,0.09858287270410958,0.7939094991066615,0.10750762818922892,0.7939094991066615,0.09858287270410958,-0.6864018709174327,2,2,0.512,1010.0,0.884843185544014,0.9776384682656628,-0.42763846826566276
150,150,categorical_soft,1,1,True,0.2515553254723077,0.0,0.0,0.748444676399231,0.25155532360076904,2,-0.4968893527984619,0.028472632692212885,0.2471160911897119,0.4574690341801554,-0.08472564573293623,0.028472632692212885,0.33933994801442924,0.4177292386879756,0.24293081329759506,0.33933994801442924,0.4177292386879756,0.24293081329759506,0.4177292386879756,0.33933994801442924,-0.17479842539038057,2,2,0.0,1140.0,0.39154666662216187,0.76804389163125,-0.21804389163124993
151,151,categorical_soft,1,1,True,0.16508592190326005,0.0,0.0,0.8349140882492065,0.16508592665195465,2,-0.6698281615972519,0.018880962904142866,-0.33427540894192964,0.7516434446268494,-0.07188937780926044,0.018880962904142866,0.1899950832990173,0.5627994816662136,0.24720543503476908,0.1899950832990173,0.5627994816662136,0.24720543503476908,0.5627994816662136,0.1899950832990173,-0.3155940466314445,2,2,0.064,450.0,0.4585789884440601,0.9136067979112812,-0.36360679791128114
152,152,categorical_soft,0,0,True,0.13982705296845277,0.0,0.8601729273796082,0.0,0.13982705771923065,1,-0.7203458696603775,0.041335225402682904,0.30075331529728644,0.10968401958026615,-0.005974402072700719,0.041335225402682904,0.3908028758087911,0.3224288734614282,0.2867682507297807,0.3908028758087911,0.3224288734614282,0.2867682507297807,0.3908028758087911,0.3224288734614282,-0.1040346250790104,1,1,0.256,680.0,1.0252197608351707,0.9923499347600208,-0.4423499347600207
153,153,categorical_soft,1,1,False,0.0,0.0,0.0,1.0,0.0,2,-1.0,0.2690734845191485,-0.2112308086620104,2.0913070860291034,-1.7312685483203194,0.2690734845191485,0.0891662138468676,0.8911914542547521,0.019642331898380237,0.0891662138468676,0.8911914542547521,0.019642331898380237,0.8911914542547521,0.0891662138468676,-0.8715491223563718,2,2,0.128,570.0,0.8900863528251648,0.9870548531058613,-0.43705485310586123
154,154,categorical_soft,1,1,True,0.38718682720448966,0.0,0.0,0.6128131747245789,0.38718682527542114,2,-0.22562634944915771,0.0336855570352741,-0.363538661933167,0.9729096666369639,-0.15790606125714163,0.0336855570352741,0.16579873219323182,0.6305518041354048,0.2036494636713634,0.16579873219323182,0.6305518041354048,0.2036494636713634,0.6305518041354048,0.16579873219323182,-0.4269023404640414,2,2,0.0,420.0,0.08563469350337982,0.6369667935119121,-0.08696679351191205
155,155,categorical_soft,1,1,True,0.6919414839182145,0.0,0.0,0.3080585300922394,0.691941499710083,3,0.38388296961784363,0.01556861976336887,0.1415031289865423,0.43147453811710157,-0.03379278817744118,0.01556861976336887,0.315346755945236,0.42064777289492616,0.26400547115983786,0.315346755945236,0.42064777289492616,0.26400547115983786,0.42064777289492616,0.315346755945236,-0.1566423017350883,2,2,0.0,1110.0,0.05216918885707855,0.3931617373280032,0.15683826267199685
156,156,categorical_soft,1,1,False,0.0,0.0,0.0,1.0,0.0,2,-1.0,0.3589850335029632,-0.5913367596856871,1.7431041354831467,-1.0075686256945375,0.3589850335029632,0.08342695882217414,0.8611160850918698,0.055456956085956036,0.08342695882217414,0.8611160850918698,0.055456956085956036,0.8611160850918698,0.08342695882217414,-0.8056591290059137,2,2,0.512,620.0,1.0369794890284538,0.9932770033740341,-0.4432770033740341
157,157,categorical_soft,0,0,True,0.14246930285070097,0.0,0.8575307130813599,0.0,0.14246930181980133,1,-0.7150614112615585,0.07358650479890944,0.4577046236880718,0.1812479787055961,-0.1282813330296392,0.07358650479890944,0.43245465109183845,0.32722154968921685,0.24032379921894456,0.43245465109183845,0.32722154968921685,0.24032379921894456,0.43245465109183845,0.32722154968921685,-0.1921308518728939,1,1,0.256,1190.0,0.9762993305921555,0.9821923797642307,-0.43219237976423064
158,158,categorical_soft,0,0,False,0.0,0.0,1.0,0.0,0.0,1,-1.0,0.1783260268543345,2.0498307285716377,1.6691527583655135,-3.9569885022280147,0.1783260268543345,0.5923491992929277,0.406167653309474,0.0014831473975984368,0.5923491992929277,0.406167653309474,0.0014831473975984368,0.5923491992929277,0.406167653309474,-0.5908660518953293,1,1,0.032,970.0,0.5593879073858261,0.9026409468277098,-0.35264094682770974
159,159,categorical_soft,0,0,True,0.2248344800933998,0.0,0.7751654982566833,0.0,0.22483448684215546,1,-0.5503310114145279,0.032695774363746224,0.3540040049783224,0.20609397651104366,-0.03210089728440259,0.032695774363746224,0.39386183706918104,0.33910357861935025,0.26703458431146865,0.39386183706918104,0.33910357861935025,0.26703458431146865,0.39386183706918104,0.33910357861935025,-0.1268272527577124,1,1,0.064,1100.0,0.4242866486310959,0.8031953762369244,-0.25319537623692434
160,160,categorical_soft,0,0,True,0.22324250122744782,0.0,0.7767574787139893,0.0,0.22324250638484955,1,-0.5535149723291397,0.004023680869315631,-0.10865019511536678,0.5503136212275697,-0.01635256252592992,0.004023680869315631,0.24820113642105673,0.4796521701036126,0.27214669347533066,0.24820113642105673,0.4796521701036126,0.27214669347533066,0.24820113642105673,0.4796521701036126,0.023945557054273925,2,2,0.0,570.0,0.29719260334968567,0.8054738559841625,-0.2554738559841625
161,161,categorical_soft,0,0,False,0.0,0.0,1.0,0.0,0.0,1,-1.0,0.16628652612998449,5.77418976762908,2.6759571240686832,-10.52274890949911,0.16628652612998449,0.9567644997206861,0.04323541313002171,8.714929224448712e-08,0.9567644997206861,0.04323541313002171,8.714929224448712e-08,0.9567644997206861,0.04323541313002171,-0.9567644125713939,1,1,0.256,1120.0,0.8825294226408005,0.9742646649939778,-0.42426466499397775
162,162,categorical_soft,0,0,False,0.0,0.0,1.0,0.0,0.0,1,-1.0,0.16398646418684337,4.149760847116623,1.9357440396260475,-7.457910589587504,0.16398646418684337,0.9014712080040004,0.09852019315148784,8.59884451172637e-06,0.9014712080040004,0.09852019315148784,8.59884451172637e-06,0.9014712080040004,0.09852019315148784,-0.9014626091594886,1,1,0.064,1170.0,0.6937208026647568,0.9337542971450663,-0.38375429714506626
163,163,categorical_soft,0,0,False,0.0,0.0,1.0,0.0,0.0,1,-1.0,0.14393855575561473,3.7738932079263714,1.832158686561265,-6.829472485914252,0.14393855575561473,0.8744368406967332,0.12554043134300855,2.2727960258359073e-05,0.8744368406967332,0.12554043134300855,2.2727960258359073e-05,0.8744368406967332,0.12554043134300855,-0.8744141127364748,1,1,0.512,420.0,1.0640278086066246,0.9953650626985455,-0.4453650626985455
164,164,categorical_soft,1,1,True,0.17329589949797325,0.0,0.0,0.8267040848731995,0.17329590022563934,2,-0.6534081846475601,0.05741415998680692,-0.4432834273130961,0.9851542839904492,-0.17560813201220177,0.05741415998680692,0.15437314705238014,0.6436770973739614,0.2019497555736584,0.15437314705238014,0.6436770973739614,0.2019497555736584,0.6436770973739614,0.15437314705238014,-0.441727341800303,2,2,0.128,630.0,0.45692120492458344,0.8941022071415985,-0.34410220714159845
165,165,categorical_soft,0,0,False,0.0,0.0,1.0,0.0,0.0,1,-1.0,0.2742593816028206,0.0027649453323688594,2.1317213180101247,-1.975281319947556,0.2742593816028206,0.10486143719374005,0.880552521367421,0.014586041438838872,0.10486143719374005,0.880552521367421,0.014586041438838872,0.10486143719374005,0.880552521367421,-0.09027539575490118,2,2,0.032,450.0,0.3405662328004837,0.8555293667070335,-0.30552936670703346
166,166,categorical_soft,1,1,False,0.0,0.0,0.0,1.0,0.0,2,-1.0,0.26543191042000475,0.9010440028450528,1.9942379511237909,-2.8208486425765438,0.26543191042000475,0.2507966434696018,0.743156582667422,0.006046773862976225,0.2507966434696018,0.743156582667422,0.006046773862976225,0.743156582667422,0.2507966434696018,-0.7371098088044458,2,2,0.0,790.0,0.5542556680738926,0.918242385703389,-0.36824238570338896
167,167,categorical_soft,0,0,False,0.0,0.0,1.0,0.0,0.0,1,-1.0,0.1705628504840963,6.437571157959859,2.988453909919776,-11.796799270605565,0.1705628504840963,0.9691380330955294,0.03086195390048917,1.300398151145414e-08,0.9691380330955294,0.03086195390048917,1.300398151145414e-08,0.9691380330955294,0.03086195390048917,-0.9691380200915478,1,1,0.512,960.0,1.1586555764079094,0.9944225634819186,-0.44442256348191855
168,168,categorical_soft,0,0,True,0.13808275097120648,0.0,0.86191725730896,0.0,0.13808275759220123,1,-0.7238344997167587,0.05419106332964455,2.754508061187182,1.2251548876716032,-3.9852077030177933,0.05419106332964455,0.8187654573953127,0.18026381090675758,0.0009707316979298605,0.8187654573953127,0.18026381090675758,0.0009707316979298605,0.8187654573953127,0.18026381090675758,-0.8177947256973829,1,1,0.512,1150.0,1.6639904230833054,0.9994114755264566,-0.44941147552645655
169,169,categorical_soft,1,1,False,0.0,0.0,0.0,1.0,0.0,2,-1.0,0.4337573651541485,-0.6780884795452001,1.4848762094537586,-0.7077692915682966,0.4337573651541485,0.09368898579402427,0.8146739813238051,0.09163703288217054,0.09368898579402427,0.8146739813238051,0.09163703288217054,0.8146739813238051,0.09368898579402427,-0.7230369484416346,2,2,0.512,630.0,0.9054725877940655,0.987096515143741,-0.4370965151437409
170,170,categorical_soft,1,1,True,0.15469499962109745,0.0,0.0,0.8453050255775452,0.15469500422477722,2,-0.6906100213527679,0.01782107886245816,-0.2836258033208293,0.6423830736332272,-0.07026431093919952,0.01782107886245816,0.2099109726045571,0.5300134134227038,0.26007561397273904,0.2099109726045571,0.5300134134227038,0.26007561397273904,0.5300134134227038,0.2099109726045571,-0.26993779944996477,2,2,0.512,400.0,0.5329052275046706,0.941803186065585,-0.39180318606558495
171,171,categorical_soft,1,1,True,0.15684755429634534,0.0,0.0,0.8431524634361267,0.15684755146503448,2,-0.6863049119710922,0.04010975460099121,-0.4165045905369957,0.9483781332072455,-0.14937949881478518,0.04010975460099121,0.16074336958805693,0.6290973390600658,0.21015929135187728,0.16074336958805693,0.6290973390600658,0.21015929135187728,0.6290973390600658,0.16074336958805693,-0.41893804770818854,2,2,0.128,750.0,0.5967523828148842,0.9355792000910905,-0.3855792000910905
172,172,categorical_soft,0,0,False,0.0,0.0,1.0,0.0,0.0,1,-1.0,0.15301026147473545,2.728669425435049,1.5848596478014707,-4.909795833852677,0.15301026147473545,0.7575514400092974,0.2420725272522961,0.00037603273840639635,0.7575514400092974,0.2420725272522961,0.00037603273840639635,0.7575514400092974,0.2420725272522961,-0.757175407270891,1,1,0.064,1000.0,0.7131521999835968,0.9500865290201956,-0.4000865290201956
173,173,categorical_soft,1,1,False,0.0,0.0,0.0,1.0,0.0,2,-1.0,0.4246853498824822,-0.672406003046584,1.519883618816467,-0.7450790144098203,0.4246853498824822,0.09181785691418712,0.8221476529535913,0.08603449013222167,0.09181785691418712,0.8221476529535913,0.08603449013222167,0.8221476529535913,0.09181785691418712,-0.7361131628213696,2,2,0.512,710.0,0.926895696669817,0.9872083280702392,-0.4372083280702391
174,174,categorical_soft,1,1,False,0.0,0.0,0.0,1.0,0.0,2,-1.0,0.34820260238864736,-0.569893526787095,1.7663592004776043,-1.0454198042475606,0.34820260238864736,0.08356128041669178,0.8640905691039787,0.05234815047932932,0.08356128041669178,0.8640905691039787,0.05234815047932932,0.8640905691039787,0.08356128041669178,-0.8117424186246495,2,2,0.128,510.0,0.8757945969700813,0.9870818102457184,-0.43708181024571835
175,175,categorical_soft,1,1,False,0.0,0.0,0.0,1.0,0.0,2,-1.0,0.27763146753188506,0.17504158514298476,2.1481313337056482,-2.1525849113779207,0.27763146753188506,0.12076085926092398,0.867420852848289,0.01181828789078691,0.12076085926092398,0.867420852848289,0.01181828789078691,0.867420852848289,0.12076085926092398,-0.8556025649575021,2,2,0.032,420.0,0.14259213209152222,0.6989029943655043,-0.14890299436550425
176,176,categorical_soft,0,0,False,0.0,0.0,1.0,0.0,0.0,1,-1.0,0.13635975326966263,3.546070032278024,1.8132478428123218,-6.415397547034378,0.13635975326966263,0.8495952496236916,0.15036293931937897,4.181105692962701e-05,0.8495952496236916,0.15036293931937897,4.181105692962701e-05,0.8495952496236916,0.15036293931937897,-0.849553438566762,1,1,0.512,430.0,0.9890631213784218,0.993234279246882,-0.44323427924688197
177,177,categorical_soft,0,0,True,0.14220901230710697,0.0,0.857791006565094,0.0,0.1422090083360672,1,-0.7155819982290268,0.04962670656822055,0.44242839932603883,0.24472959083907905,-0.10571861586230102,0.04962670656822055,0.4174684305500723,0.34175817358181393,0.24077339586811375,0.4174684305500723,0.34175817358181393,0.24077339586811375,0.4174684305500723,0.34175817358181393,-0.17669503468195857,1,1,0.128,680.0,0.8628118187189102,0.9831660768651947,-0.4331660768651947
178,178,categorical_soft,1,1,False,0.0,0.0,0.0,1.0,0.0,2,-1.0,0.3683461746387284,-0.6082161135168616,1.7162193457534627,-0.9704993869074754,0.3683461746387284,0.08389074040761682,0.8572566056863618,0.058852653906021235,0.08389074040761682,0.8572566056863618,0.058852653906021235,0.8572566056863618,0.08389074040761682,-0.7984039517803405,2,2,0.512,1100.0,0.9082893161103129,0.9777844890366508,-0.4277844890366508
179,179,categorical_soft,0,0,True,0.2096389923333335,0.0,0.7903609871864319,0.0,0.20963899791240692,1,-0.580721989274025,0.051795980821659926,-0.37454386093156444,1.0708691257137493,-0.21512391948674203,0.051795980821659926,0.15599152643393577,0.6611707132050325,0.1828377603610317,0.15599152643393577,0.6611707132050325,0.1828377603610317,0.15599152643393577,0.6611707132050325,0.026846233927095925,2,2,0.0,530.0,0.31519949436187744,0.826003236936907,-0.276003236936907
180,180,categorical_soft,0,0,False,0.0,0.0,1.0,0.0,0.0,1,-1.0,0.23175397148988425,1.308755492433142,1.8770323788204155,-3.2133773788679165,0.23175397148988425,0.36132538595916236,0.6347460081434119,0.003928605897425774,0.36132538595916236,0.6347460081434119,0.003928605897425774,0.36132538595916236,0.6347460081434119,-0.3573967800617366,2,2,0.032,660.0,0.8083652555942535,0.9786259904641058,-0.42862599046410577
181,181,categorical_soft,1,1,True,0.14796051642241764,0.0,0.0,0.8520394563674927,0.14796051383018494,2,-0.7040789425373077,0.10299121952525266,-0.4947582507936765,1.0814518501474981,-0.23346400606871837,0.10299121952525266,0.14024609306135166,0.6775108799551497,0.18224302698349856,0.14024609306135166,0.6775108799551497,0.18224302698349856,0.6775108799551497,0.14024609306135166,-0.4952678529716511,2,2,0.256,780.0,0.7220612280070782,0.9628616094181124,-0.41286160941811234
182,182,categorical_soft,1,1,False,0.0,0.0,0.0,1.0,0.0,2,-1.0,0.27765944568039463,0.17508982016446872,2.1503378302133354,-2.1547017359484903,0.27765944568039463,0.12053898818411682,0.8676900653605835,0.011770946455299585,0.12053898818411682,0.8676900653605835,0.011770946455299585,0.8676900653605835,0.12053898818411682,-0.8559191189052838,2,2,0.0,620.0,0.32470835000276566,0.8169446782905361,-0.26694467829053603
183,183,categorical_soft,1,1,False,0.0,0.0,0.0,1.0,0.0,2,-1.0,0.3672893419791627,-0.604939505138442,1.7088007518621358,-0.9659732769082036,0.3672893419791627,0.08465721612346941,0.8558836108653992,0.05945917301113128,0.08465721612346941,0.8558836108653992,0.05945917301113128,0.8558836108653992,0.08465721612346941,-0.796424437854268,2,2,0.512,440.0,0.9864633828401566,0.9930653685045051,-0.44306536850450506
184,184,categorical_soft,0,0,True,0.14023177311416907,0.0,0.8597682118415833,0.0,0.14023177325725555,1,-0.7195364385843277,0.059409293971937685,0.4662432106024501,0.2172741921067341,-0.13341862456331227,0.059409293971937685,0.42998204209267943,0.3344415547130756,0.23557640319424505,0.42998204209267943,0.3344415547130756,0.23557640319424505,0.42998204209267943,0.3344415547130756,-0.19440563889843437,1,1,0.064,1040.0,1.0746464524418116,0.9907534544092869,-0.4407534544092868
185,185,categorical_soft,0,0,False,0.0,0.0,1.0,0.0,0.0,1,-1.0,0.14056152119078552,3.6784008304747133,1.814409728686735,-6.657278750245946,0.14056152119078552,0.8656403527884159,0.13433029015625553,2.93570553286131e-05,0.8656403527884159,0.13433029015625553,2.93570553286131e-05,0.8656403527884159,0.13433029015625553,-0.8656109957330873,1,1,0.256,690.0,0.824377030134201,0.9794972389177028,-0.42949723891770275
186,186,categorical_soft,1,1,False,0.0,0.0,0.0,1.0,0.0,2,-1.0,0.27885838768566795,0.21384073961346192,2.1627068272682437,-2.203539353155055,0.27885838768566795,0.12346344514838056,0.8654962831727062,0.011040271678913121,0.12346344514838056,0.8654962831727062,0.011040271678913121,0.8654962831727062,0.12346344514838056,-0.8544560114937931,2,2,0.064,780.0,0.8256258368492126,0.9773373939606169,-0.4273373939606169
187,187,categorical_soft,0,0,True,0.14698093772251564,0.0,0.8530190587043762,0.0,0.14698094129562378,1,-0.7060381174087524,0.039733794164439375,0.4036234061202605,0.2904083883331612,-0.08175542260352416,0.039733794164439375,0.39919678761430233,0.3556243351900372,0.2451788771956605,0.39919678761430233,0.3556243351900372,0.2451788771956605,0.39919678761430233,0.3556243351900372,-0.15401791041864182,1,1,0.032,990.0,0.7931640520691872,0.9661522905281389,-0.41615229052813885
188,188,categorical_soft,0,0,True,0.13887839029869398,0.0,0.8611215949058533,0.0,0.13887839019298553,1,-0.7222432047128677,0.0682005867541916,0.4637866608990001,0.22285637301035982,-0.14932242572235838,0.0682005867541916,0.43015246306663746,0.3371695623238393,0.2326779746095231,0.43015246306663746,0.3371695623238393,0.2326779746095231,0.43015246306663746,0.3371695623238393,-0.19747448845711435,1,1,0.512,820.0,1.2002649754285812,0.9961531855960688,-0.44615318559606876
189,189,categorical_soft,1,1,True,0.4922808545515101,0.0,0.0,0.5077191591262817,0.49228084087371826,2,-0.015438318252563477,0.005451870328166808,-0.09965628668435081,0.589828730283142,-0.021771216126435976,0.005451870328166808,0.24558370553659317,0.4891235483665196,0.26529274609688724,0.24558370553659317,0.4891235483665196,0.26529274609688724,0.4891235483665196,0.24558370553659317,-0.22383080226963237,2,2,0.0,870.0,0.1272290199995041,0.5557900779139849,-0.005790077913984892
190,190,categorical_soft,1,1,True,0.1614042197962,0.0,0.0,0.8385958075523376,0.16140422224998474,2,-0.6771915853023529,0.019733868643438342,-0.33602582755565547,0.8135661648178439,-0.08436603476177171,0.019733868643438342,0.18372246076024773,0.5798880334984713,0.23638950574128104,0.18372246076024773,0.5798880334984713,0.23638950574128104,0.5798880334984713,0.18372246076024773,-0.34349852775719025,2,2,0.128,1010.0,0.6217487994581461,0.9230908345077989,-0.3730908345077989
191,191,categorical_soft,0,0,False,0.0,0.0,1.0,0.0,0.0,1,-1.0,0.21048138089590082,1.5943163656128871,1.8575825042577567,-3.552766830116073,0.21048138089590082,0.43412904581387946,0.5633340596741061,0.002536894512014598,0.43412904581387946,0.5633340596741061,0.002536894512014598,0.43412904581387946,0.5633340596741061,-0.43159215130186485,2,2,0.128,430.0,0.6901669502258301,0.971265268944122,-0.421265268944122
192,192,categorical_soft,1,1,False,0.0,0.0,0.0,1.0,0.0,2,-1.0,0.49665662252207676,-0.6620851375944775,1.2469016644776352,-0.47868227304269945,0.49665662252207676,0.11170992905578243,0.7536261654149334,0.13466390552928398,0.11170992905578243,0.7536261654149334,0.13466390552928398,0.7536261654149334,0.11170992905578243,-0.6189622598856495,2,2,0.512,530.0,0.8170751482248306,0.9824240518826223,-0.43242405188262223
193,193,categorical_soft,0,0,True,0.145772605207241,0.0,0.8542274236679077,0.0,0.14577260613441467,1,-0.708454817533493,0.050392913875466946,0.3521507946255136,0.13447704414501083,-0.039657163584628376,0.050392913875466946,0.40374382434141554,0.3241536323367815,0.27210254332180306,0.40374382434141554,0.3241536323367815,0.27210254332180306,0.40374382434141554,0.3241536323367815,-0.13164128101961248,1,1,0.128,1080.0,0.8427324146032333,0.9703012201844253,-0.4203012201844253
194,194,categorical_soft,1,1,False,0.0,0.0,0.0,1.0,0.0,2,-1.0,0.2002837933972288,1.6855349706780447,1.7651003617356356,-3.5775263877863934,0.2002837933972288,0.47914465210323565,0.518354447472481,0.0025009004242832187,0.47914465210323565,0.518354447472481,0.0025009004242832187,0.518354447472481,0.47914465210323565,-0.5158535470481979,2,2,0.0,1050.0,0.24135959148406982,0.6382705062354783,-0.08827050623547827
195,195,categorical_soft,1,1,False,0.0,0.0,0.0,1.0,0.0,2,-1.0,0.25909112248565347,0.9860721716223978,1.9569117206481235,-2.8903853691287913,0.25909112248565347,0.27445450425255574,0.719872391906379,0.005673103841065278,0.27445450425255574,0.719872391906379,0.005673103841065278,0.719872391906379,0.27445450425255574,-0.7141992880653137,2,2,0.0,580.0,0.03497976064682007,0.5300748520688947,0.019925147931105336
196,196,categorical_soft,1,1,False,0.0,0.0,0.0,1.0,0.0,2,-1.0,0.2752887650940973,0.019303701452247236,2.1575445901172086,-2.0152132270163685,0.2752887650940973,0.10410057395881778,0.8822179234025865,0.013681502638595619,0.10410057395881778,0.8822179234025865,0.013681502638595619,0.8822179234025865,0.10410057395881778,-0.868536420763991,2,2,0.128,1090.0,0.8795745894312859,0.9748019174857763,-0.4248019174857762
197,197,categorical_soft,1,1,False,0.0,0.0,0.0,1.0,0.0,2,-1.0,0.2737807238698725,-0.009064661254542413,2.13017284459076,-1.9628250830219627,0.2737807238698725,0.10387675478494898,0.8813168901134361,0.014806355101614955,0.10387675478494898,0.8813168901134361,0.014806355101614955,0.8813168901134361,0.10387675478494898,-0.8665105350118211,2,2,0.0,530.0,0.456807479262352,0.9049384685594726,-0.35493846855947253
198,198,categorical_soft,1,1,True,0.16971806602308326,0.0,0.0,0.8302819132804871,0.16971807181835175,2,-0.6605638414621353,0.09424724435908112,-0.45882123705468647,1.2037936473199244,-0.2909171578957612,0.09424724435908112,0.13433371749956732,0.7068864026957057,0.15877987980472705,0.13433371749956732,0.7068864026957057,0.15877987980472705,0.7068864026957057,0.13433371749956732,-0.5481065228909786,2,2,0.128,940.0,0.5513442233204842,0.9023456784161284,-0.3523456784161284
199,199,categorical_soft,0,0,False,0.0,0.0,1.0,0.0,0.0,1,-1.0,0.18822223512417444,1.8305674972527086,1.6828842868816516,-3.6843500545944856,0.18822223512417444,0.5353930451516853,0.4624259444360839,0.002181010412230799,0.5353930451516853,0.4624259444360839,0.002181010412230799,0.5353930451516853,0.4624259444360839,-0.5332120347394544,1,1,0.064,630.0,0.6827080249786377,0.9624110985426224,-0.41241109854262237
200,200,categorical_soft,0,0,True,0.1405106175801334,0.0,0.859489381313324,0.0,0.14051061868667603,1,-0.718978762626648,0.005184238916641532,0.12244323620440642,0.20442996738290317,0.019570994421553203,0.005184238916641532,0.3347299302939412,0.36352237045346436,0.3017476992525944,0.3347299302939412,0.36352237045346436,0.3017476992525944,0.3347299302939412,0.36352237045346436,-0.03298223104134679,2,2,0.256,510.0,0.9216797426342964,0.9896623360021629,-0.43966233600216287
201,201,categorical_soft,0,0,False,0.0,0.0,1.0,0.0,0.0,1,-1.0,0.16542379892693174,5.292179612076088,2.4522749856689368,-9.60546482629851,0.16542379892693174,0.9447479575536377,0.05525169829405367,3.4415230872521296e-07,0.9447479575536377,0.05525169829405367,3.4415230872521296e-07,0.9447479575536377,0.05525169829405367,-0.944747613401329,1,1,0.128,1160.0,0.77137890458107,0.9543255483404679,-0.40432554834046786
202,202,categorical_soft,1,1,False,0.0,0.0,0.0,1.0,0.0,2,-1.0,0.36141394344630484,-0.5936307787263314,1.7239788749560563,-0.9880278739874612,0.36141394344630484,0.08454023924138152,0.8580298462667522,0.057429914491866296,0.08454023924138152,0.8580298462667522,0.057429914491866296,0.8580298462667522,0.08454023924138152,-0.8005999317748859,2,2,0.128,630.0,0.7733290158212185,0.9755886426620864,-0.4255886426620864
203,203,categorical_soft,1,1,True,0.1490194756019766,0.0,0.0,0.8509805202484131,0.14901947975158691,2,-0.7019610404968262,0.04752758809207297,-0.4300393791791029,0.986101461093466,-0.16837402004411978,0.04752758809207297,0.1557842359543537,0.641667400100151,0.2025483639454952,0.1557842359543537,0.641667400100151,0.2025483639454952,0.641667400100151,0.1557842359543537,-0.4391190361546558,2,2,0.256,720.0,0.6883350163698196,0.9593743057190663,-0.4093743057190663
204,204,categorical_soft,1,1,False,0.0,0.0,0.0,1.0,0.0,2,-1.0,0.2755128397465071,0.0425510770942867,2.1528564774955057,-2.03232645090097,0.2755128397465071,0.10675509007604009,0.8797730635777159,0.013471846346244074,0.10675509007604009,0.8797730635777159,0.013471846346244074,0.8797730635777159,0.10675509007604009,-0.8663012172314718,2,2,0.032,880.0,0.786303885281086,0.9692417092065296,-0.4192417092065296
205,205,categorical_soft,0,0,False,0.0,0.0,1.0,0.0,0.0,1,-1.0,0.16420793206403025,2.4967965102748133,1.7873164974174425,-4.6777558396525825,0.16420793206403025,0.668622641009569,0.3308511552446691,0.0005262037457619446,0.668622641009569,0.3308511552446691,0.0005262037457619446,0.668622641009569,0.3308511552446691,-0.6680964372638071,1,1,0.256,480.0,0.860015258193016,0.9865435989136945,-0.43654359891369443
206,206,categorical_soft,0,0,True,0.13854824437373459,0.0,0.8614517450332642,0.0,0.13854824006557465,1,-0.7229035049676895,0.071535685267463,1.9028380528417852,0.9666481419710895,-2.379165056392281,0.071535685267463,0.7088108112712554,0.2813162681338909,0.009872920594853698,0.7088108112712554,0.2813162681338909,0.009872920594853698,0.7088108112712554,0.2813162681338909,-0.6989378906764018,1,1,0.512,860.0,1.2978549934923649,0.9974974387743648,-0.44749743877436476
207,207,categorical_soft,1,1,True,0.14534355196600074,0.0,0.0,0.854656457901001,0.14534355700016022,2,-0.7093129009008408,0.053123526773983756,-0.4374472826793179,0.9597087407131879,-0.16362343514050717,0.053123526773983756,0.15728133225125224,0.6356710848514971,0.20704758289725061,0.15728133225125224,0.6356710848514971,0.20704758289725061,0.6356710848514971,0.15728133225125224,-0.42862350195424653,2,2,0.256,600.0,0.7358072251081467,0.9717991940936319,-0.42179919409363187
208,208,categorical_soft,0,0,False,0.0,0.0,1.0,0.0,0.0,1,-1.0,0.13171185692023285,4.137463310106318,2.01172379064268,-7.532973171417706,0.13171185692023285,0.8932408752858747,0.10675105898508049,8.065729044857526e-06,0.8932408752858747,0.10675105898508049,8.065729044857526e-06,0.8932408752858747,0.10675105898508049,-0.8932328095568298,1,1,0.512,550.0,0.9212616831064224,0.9891350999766536,-0.43913509997665356
209,209,categorical_soft,0,0,True,0.14118864567241024,0.0,0.8588113784790039,0.0,0.14118865132331848,1,-0.7176227271556854,0.014592609488479302,0.17296383632468096,0.029659373434830532,0.017442891177760038,0.014592609488479302,0.36726188221731965,0.3186291577258051,0.3141089600568753,0.36726188221731965,0.3186291577258051,0.3141089600568753,0.36726188221731965,0.3186291577258051,-0.05315292216044437,1,1,0.128,920.0,0.9757032729685307,0.9870385860373436,-0.4370385860373436
210,210,categorical_soft,1,1,True,0.15860824482892266,0.0,0.0,0.8413917422294617,0.15860824286937714,2,-0.6827834993600845,0.028694849168829355,-0.3721100477219836,0.9377099839805536,-0.13387569690998483,0.028694849168829355,0.1674090684636344,0.6200824487605021,0.2125084827758635,0.1674090684636344,0.6200824487605021,0.2125084827758635,0.6200824487605021,0.1674090684636344,-0.4075739659846386,2,2,0.128,1120.0,0.6714484915137291,0.9306480679911552,-0.38064806799115514
211,211,categorical_soft,1,1,False,0.0,0.0,0.0,1.0,0.0,2,-1.0,0.2738056174975087,-0.023499427163577485,2.1441637766315855,-1.9627340713385357,0.2738056174975087,0.10128307533720612,0.8840670129377143,0.014649911725079673,0.10128307533720612,0.8840670129377143,0.014649911725079673,0.8840670129377143,0.10128307533720612,-0.8694171012126346,2,2,0.128,630.0,0.9032019004225731,0.9869536354201252,-0.4369536354201251
212,212,categorical_soft,1,1,False,0.0,0.0,0.0,1.0,0.0,2,-1.0,0.330695186387045,-0.5336589940862521,1.8293653217753012,-1.1353368172646348,0.330695186387045,0.08213920509551945,0.8724937305243714,0.04536706438010912,0.08213920509551945,0.8724937305243714,0.04536706438010912,0.8724937305243714,0.08213920509551945,-0.8271266661442622,2,2,0.256,490.0,0.8382568582892418,0.9848693830353438,-0.4348693830353437
213,213,categorical_soft,0,0,True,0.1411430340477458,0.0,0.8588569760322571,0.0,0.1411430388689041,1,-0.717713937163353,0.004538943106532757,0.14059730231534714,0.18316728491526008,0.022172216491229347,0.004538943106532757,0.34110341559040996,0.3561668171505227,0.3027297672590673,0.34110341559040996,0.3561668171505227,0.3027297672590673,0.34110341559040996,0.3561668171505227,-0.03837364833134266,2,2,0.128,620.0,0.9049015678465366,0.9872138017206691,-0.43721380172066904
214,214,categorical_soft,1,1,True,0.33175343955558406,0.0,0.0,0.6682465672492981,0.3317534327507019,2,-0.3364931344985962,0.012265115514017133,0.2423650237079688,0.11437263915903031,0.028104860093301303,0.012265115514017133,0.37229438762333134,0.327717078512599,0.2999885338640697,0.37229438762333134,0.327717078512599,0.2999885338640697,0.327717078512599,0.37229438762333134,-0.027728544648529307,1,1,0.0,1170.0,0.3128942549228668,0.6845322045734847,-0.1345322045734847
215,215,categorical_soft,0,0,True,0.14168217634812003,0.0,0.8583178520202637,0.0,0.14168217778205872,1,-0.716635674238205,0.021571901664758582,-0.3388338819772271,0.8604522556725855,-0.10409644670945746,0.021571901664758582,0.17915559406657902,0.5942217128301381,0.2266226931032828,0.17915559406657902,0.5942217128301381,0.2266226931032828,0.17915559406657902,0.5942217128301381,0.04746709903670379,2,2,0.0,400.0,0.8201030120253563,0.9851543467679202,-0.4351543467679202
216,216,categorical_soft,1,1,False,0.0,0.0,0.0,1.0,0.0,2,-1.0,0.27615201514995,0.055888665671627244,2.1616398398470613,-2.053168259048067,0.27615201514995,0.10723747030963604,0.8796868916460028,0.013075638044361303,0.10723747030963604,0.8796868916460028,0.013075638044361303,0.8796868916460028,0.10723747030963604,-0.8666112536016415,2,2,0.032,1070.0,0.9571733213961124,0.9830576817710954,-0.4330576817710954
217,217,categorical_soft,1,1,True,0.14734119037216775,0.0,0.0,0.8526588082313538,0.14734119176864624,2,-0.7053176164627075,0.05811925293650476,-0.4407423334747801,0.9559584991071697,-0.1659163147026415,0.05811925293650476,0.15729566697552885,0.6354275700552907,0.2072767629691803,0.15729566697552885,0.6354275700552907,0.2072767629691803,0.6354275700552907,0.15729566697552885,-0.4281508070861104,2,2,0.128,510.0,0.6679420471191406,0.9649346902173321,-0.4149346902173321
218,218,categorical_soft,1,1,True,0.14561376889664313,0.0,0.0,0.8543862104415894,0.14561377465724945,2,-0.7087724357843399,0.03741624726232901,-0.40577754965866203,0.8359335515306918,-0.10999454018447732,0.03741624726232901,0.17219475025786998,0.5960170725761936,0.2317881771659363,0.17219475025786998,0.5960170725761936,0.2317881771659363,0.5960170725761936,0.17219475025786998,-0.3642288954102573,2,2,0.512,840.0,0.7877875319682062,0.9708542288902703,-0.42085422889027024
219,219,categorical_soft,0,0,False,0.0,0.0,1.0,0.0,0.0,1,-1.0,0.13289233953224316,3.717197357799497,1.8747240522822817,-6.742051834480286,0.13289233953224316,0.8630843673711383,0.136889715496347,2.591713251476982e-05,0.8630843673711383,0.136889715496347,2.591713251476982e-05,0.8630843673711383,0.136889715496347,-0.8630584502386235,1,1,0.256,790.0,0.9336192756891251,0.9863823598187527,-0.4363823598187526
220,220,categorical_soft,1,1,False,0.0,0.0,0.0,1.0,0.0,2,-1.0,0.27124977296481867,0.7963596511910451,2.015656416805308,-2.7122088464629477,0.27124977296481867,0.2276875853354247,0.765517332533485,0.0067950821310902715,0.2276875853354247,0.765517332533485,0.0067950821310902715,0.765517332533485,0.2276875853354247,-0.7587222504023947,2,2,0.032,930.0,0.695711875683628,0.9500247111675635,-0.40002471116756344
221,221,categorical_soft,1,1,True,0.14853097830641065,0.0,0.0,0.8514690399169922,0.148530974984169,2,-0.7029380649328232,0.04312292797458312,-0.4207577866401574,0.9756026506629146,-0.16147531776590868,0.04312292797458312,0.15784199497310913,0.6374345973718283,0.20472340765506264,0.15784199497310913,0.6374345973718283,0.20472340765506264,0.6374345973718283,0.15784199497310913,-0.43271118971676564,2,2,0.256,600.0,0.6674078479409218,0.9609741496551975,-0.4109741496551974
222,222,categorical_soft,1,1,True,0.1561274774266378,0.0,0.0,0.8438725471496582,0.15612748265266418,2,-0.687745064496994,0.02172228874480824,-0.3526026860482027,0.8356204256198196,-0.09423081485486053,0.02172228874480824,0.17933474827016466,0.5883323013625742,0.23233295036726104,0.17933474827016466,0.5883323013625742,0.23233295036726104,0.5883323013625742,0.17933474827016466,-0.35599935099531316,2,2,0.128,920.0,0.6455166675150394,0.9376366289807997,-0.38763662898079965
223,223,categorical_soft,1,1,False,0.0,0.0,0.0,1.0,0.0,2,-1.0,0.35335337976793,-0.5823546551738112,1.7695234593839857,-1.0390328557396764,0.35335337976793,0.08235828040934293,0.8650582705850448,0.05258344900561224,0.08235828040934293,0.8650582705850448,0.05258344900561224,0.8650582705850448,0.08235828040934293,-0.8124748215794326,2,2,0.512,1080.0,0.9951790161430836,0.9857344003738269,-0.4357344003738268
224,224,categorical_soft,0,0,False,0.0,0.0,1.0,0.0,0.0,1,-1.0,0.17206898049682873,2.150788842416698,1.5316564340531433,-3.979391558081498,0.17206898049682873,0.648270012546021,0.3502906902462618,0.0014392972077171202,0.648270012546021,0.3502906902462618,0.0014392972077171202,0.648270012546021,0.3502906902462618,-0.6468307153383039,1,1,0.0,1140.0,0.4604542929737363,0.8228637386141178,-0.2728637386141177
225,225,categorical_soft,0,0,False,0.0,0.0,1.0,0.0,0.0,1,-1.0,0.17701031659787503,2.0501118397467466,1.604564243255896,-3.9010600951944108,0.17701031659787503,0.6077813830293881,0.3906086995721305,0.0016099173984813135,0.6077813830293881,0.3906086995721305,0.0016099173984813135,0.6077813830293881,0.3906086995721305,-0.6061714656309068,1,1,0.032,740.0,0.7069098949432373,0.9619124420023145,-0.41191244200231447
226,226,categorical_soft,0,0,True,0.1528089201268638,0.0,0.8471910953521729,0.0,0.15280891954898834,1,-0.6943821758031845,0.011291689159484006,0.20606819838478616,0.17923717187019855,0.025295751318163757,0.011291689159484006,0.35627525497322016,0.34688682738289806,0.29683791764388184,0.35627525497322016,0.34688682738289806,0.29683791764388184,0.35627525497322016,0.34688682738289806,-0.05943733732933831,1,1,0.064,1010.0,0.7045481577515602,0.9474461245798402,-0.3974461245798402
227,227,categorical_soft,1,1,True,0.15360463462581997,0.0,0.0,0.8463953733444214,0.1536046415567398,2,-0.6927907317876816,0.013308898778717026,-0.16801429399379728,0.49020994370373944,-0.051847794321627325,0.013308898778717026,0.24656585033621292,0.4763397046062806,0.27709444505750647,0.24656585033621292,0.4763397046062806,0.27709444505750647,0.4763397046062806,0.24656585033621292,-0.19924525954877415,2,2,0.512,420.0,0.5501690473174676,0.945042986345464,-0.395042986345464
228,228,categorical_soft,0,0,True,0.14064528422321942,0.0,0.8593547344207764,0.0,0.14064528048038483,1,-0.7187094539403915,0.029715894445461345,0.2652186532938269,0.10144261989515366,0.01351786833564445,0.029715894445461345,0.3810626557378302,0.32340063838419575,0.2955367058779741,0.3810626557378302,0.32340063838419575,0.2955367058779741,0.3810626557378302,0.32340063838419575,-0.08552594985985612,1,1,0.256,730.0,0.9654799997806549,0.9891379291663808,-0.4391379291663807
229,229,categorical_soft,1,1,False,0.0,0.0,0.0,1.0,0.0,2,-1.0,0.28264739002994443,0.493583275865053,2.1292954833957585,-2.463023352889422,0.28264739002994443,0.16218265386279507,0.8293903942154722,0.008426951921732661,0.16218265386279507,0.8293903942154722,0.008426951921732661,0.8293903942154722,0.16218265386279507,-0.8209634422937395,2,2,0.064,730.0,0.7088822452351451,0.9627012144069175,-0.4127012144069174
230,230,categorical_soft,0,0,True,0.6246148066422668,0.0,0.37538519501686096,0.0,0.6246148347854614,3,0.24922963976860046,0.008060541690991742,0.1769780805728542,0.20199669534800463,0.024194342389781007,0.008060541690991742,0.34692208009027187,0.3557749976013208,0.2973029223084073,0.34692208009027187,0.3557749976013208,0.2973029223084073,0.34692208009027187,0.3557749976013208,-0.04961915778186454,2,2,0.0,1030.0,0.08277012407779694,0.4533259793573495,0.09667402064265057
231,231,categorical_soft,1,1,True,0.1600567102224431,0.0,0.0,0.8399432897567749,0.1600567102432251,2,-0.6798865795135498,0.024270611453385313,-0.36390071765986515,0.8738310174892667,-0.10838067641463005,0.024270611453385313,0.17425245224769903,0.6006384195972732,0.22510912815502776,0.17425245224769903,0.6006384195972732,0.22510912815502776,0.6006384195972732,0.17425245224769903,-0.3755292914422454,2,2,0.128,970.0,0.6224888265132904,0.9266926392432918,-0.37669263924329177
232,232,categorical_soft,0,0,True,0.6555425499959664,0.0,0.3444574475288391,0.0,0.6555425524711609,3,0.3110851049423218,0.006152794994269632,0.08602820274024182,0.15828167868309273,0.007723098077370582,0.006152794994269632,0.3332961851513051,0.35855391661123864,0.3081498982374563,0.3332961851513051,0.35855391661123864,0.3081498982374563,0.3332961851513051,0.35855391661123864,-0.025146286913848792,2,2,0.0,940.0,0.03882630169391632,0.4268644092037139,0.12313559079628617
233,233,categorical_soft,0,0,True,0.13890512674687916,0.0,0.8610948920249939,0.0,0.1389051228761673,1,-0.7221897691488266,0.06499704841897604,0.5872884456031573,0.27887359740972284,-0.27454551183978004,0.06499704841897604,0.46388654269909874,0.3400364790006204,0.19607697830028087,0.46388654269909874,0.3400364790006204,0.19607697830028087,0.46388654269909874,0.3400364790006204,-0.26780956439881787,1,1,0.256,890.0,1.2117628089617938,0.9960447976541715,-0.4460447976541715
234,234,categorical_soft,1,1,True,0.1669190986530561,0.0,0.0,0.8330808877944946,0.16691909730434418,2,-0.6661617904901505,0.015244281868240029,-0.21027541593948046,0.5677441499041259,-0.05606634197329559,0.015244281868240029,0.2301625613861666,0.5011658382929925,0.2686716003208408,0.2301625613861666,0.5011658382929925,0.2686716003208408,0.5011658382929925,0.2301625613861666,-0.23249423797215174,2,2,0.256,1150.0,0.618890518322587,0.9090657488465645,-0.3590657488465645
235,235,categorical_soft,0,0,True,0.3584819305486807,0.0,0.6415180563926697,0.0,0.3584819436073303,1,-0.28303611278533936,0.014838442238129268,-0.28670632219353787,0.7313530964264123,-0.05863677906360738,0.014838442238129268,0.1990443610757428,0.5508498710901227,0.2501057678341346,0.1990443610757428,0.5508498710901227,0.2501057678341346,0.1990443610757428,0.5508498710901227,0.05106140675839177,2,2,0.0,450.0,0.11441224813461304,0.660932596719877,-0.11093259671987699
236,236,categorical_soft,0,0,False,0.0,0.0,1.0,0.0,0.0,1,-1.0,0.17562930527918044,6.763201188368055,3.1360701251481715,-12.41182098636276,0.17562930527918044,0.9740291474107087,0.02597084742668072,5.1626105705704255e-09,0.9740291474107087,0.02597084742668072,5.1626105705704255e-09,0.9740291474107087,0.02597084742668072,-0.9740291422480981,1,1,0.512,1180.0,1.1793404817581177,0.9934377917668306,-0.4434377917668305
237,237,categorical_soft,1,1,False,0.0,0.0,0.0,1.0,0.0,2,-1.0,0.4061954581206931,-0.6564582425722847,1.5872153709865926,-0.818866354450894,0.4061954581206931,0.08863281495906941,0.8354441606733948,0.07592302436753572,0.08863281495906941,0.8354441606733948,0.07592302436753572,0.8354441606733948,0.08863281495906941,-0.759521136305859,2,2,0.512,1040.0,0.8575209192931652,0.9735935369836438,-0.42359353698364377
238,238,categorical_soft,1,1,True,0.1653626532142904,0.0,0.0,0.8346373438835144,0.1653626561164856,2,-0.6692746877670288,0.026499774230395463,-0.37155527240580605,0.8931756379668576,-0.1184347583713049,0.026499774230395463,0.17152990217357503,0.6074015584927404,0.2210685393336846,0.17152990217357503,0.6074015584927404,0.2210685393336846,0.6074015584927404,0.17152990217357503,-0.38633301915905577,2,2,0.064,570.0,0.48624189104884863,0.912913889219907,-0.36291388921990697
239,239,categorical_soft,1,1,False,0.0,0.0,0.0,1.0,0.0,2,-1.0,0.3890352291063156,-0.6357902000052271,1.6422350636470138,-0.8835190221130469,0.3890352291063156,0.08664359181309671,0.8452109056757863,0.0681455025111171,0.08664359181309671,0.8452109056757863,0.0681455025111171,0.8452109056757863,0.08664359181309671,-0.7770654031646692,2,2,0.256,1150.0,0.9062359754461795,0.9762034818176099,-0.4262034818176098
240,240,categorical_soft,0,0,True,0.13999451437870852,0.0,0.8600054979324341,0.0,0.1399945169687271,1,-0.720010980963707,0.06294663489407684,0.4022230827298726,0.1473115002375928,-0.07574123306207642,0.06294663489407684,0.41806835292997907,0.32330426678731505,0.2586273802827059,0.41806835292997907,0.32330426678731505,0.2586273802827059,0.41806835292997907,0.32330426678731505,-0.1594409726472732,1,1,0.128,1160.0,1.1259546265937388,0.9916875020500079,-0.44168750205000784
241,241,categorical_soft,0,0,False,0.0,0.0,1.0,0.0,0.0,1,-1.0,0.1455307533926675,3.964384316252199,1.896597183455079,-7.176276441859315,0.1455307533926675,0.8876479506593317,0.11233852482029891,1.3524520369406171e-05,0.8876479506593317,0.11233852482029891,1.3524520369406171e-05,0.8876479506593317,0.11233852482029891,-0.8876344261389623,1,1,0.256,780.0,0.9812496453523636,0.9893212358900684,-0.43932123589006833
242,242,categorical_soft,1,1,False,0.0,0.0,0.0,1.0,0.0,2,-1.0,0.2823946225610552,0.4218911303136075,2.136582846078295,-2.3903639871721127,0.2823946225610552,0.15152238505649637,0.8393719467170939,0.009105668226409739,0.15152238505649637,0.8393719467170939,0.009105668226409739,0.8393719467170939,0.15152238505649637,-0.8302662784906841,2,2,0.032,760.0,0.40921776555478573,0.850970846419215,-0.300970846419215
243,243,categorical_soft,1,1,True,0.1521124229431609,0.0,0.0,0.8478875756263733,0.1521124243736267,2,-0.6957751512527466,0.023069633646459774,-0.36075283314081313,0.8500379704996455,-0.10011506709575338,0.023069633646459774,0.1768646056932523,0.5934671589905179,0.22966823531622976,0.1768646056932523,0.5934671589905179,0.22966823531622976,0.5934671589905179,0.1768646056932523,-0.3637989236742882,2,2,0.128,890.0,0.6839880559127778,0.9495773956125515,-0.39957739561255146
244,244,categorical_soft,1,1,False,0.0,0.0,0.0,1.0,0.0,2,-1.0,0.29221957056584247,-0.4105621049116034,1.9621680596559823,-1.387792650606186,0.29221957056584247,0.08261038296046469,0.8860437062026574,0.03134591083687811,0.08261038296046469,0.8860437062026574,0.03134591083687811,0.8860437062026574,0.08261038296046469,-0.8546977953657793,2,2,0.064,460.0,0.5251156184822321,0.9354361738992932,-0.3854361738992932
245,245,categorical_soft,1,1,True,0.15085227026719744,0.0,0.0,0.8491477370262146,0.1508522629737854,2,-0.6982954740524292,0.0315169468500191,-0.39151602819101544,0.9387184204359673,-0.1374861988376425,0.0315169468500191,0.16473410269791608,0.6227661939752294,0.21249970332685453,0.16473410269791608,0.6227661939752294,0.21249970332685453,0.6227661939752294,0.16473410269791608,-0.41026649064837484,2,2,0.256,1000.0,0.7283073337748647,0.9535017148259897,-0.4035017148259896
246,246,categorical_soft,0,0,True,0.13834065920886074,0.0,0.8616593480110168,0.0,0.13834065198898315,1,-0.7233186960220337,0.0796653343759158,0.9518029705776276,0.5728603733571449,-0.7610575049817989,0.0796653343759158,0.5354203387696616,0.36643592101349753,0.09814374021684091,0.5354203387696616,0.36643592101349753,0.09814374021684091,0.5354203387696616,0.36643592101349753,-0.43727659855282064,1,1,0.512,670.0,1.3359726145863533,0.9983482697746391,-0.44834826977463904
247,247,categorical_soft,1,1,True,0.15131481865765273,0.0,0.0,0.8486852049827576,0.15131482481956482,2,-0.6973703801631927,0.024366446678688303,-0.3653756270448205,0.7715129395811331,-0.08050507794477985,0.024366446678688303,0.18354257930813045,0.5721428273975944,0.24431459329427524,0.18354257930813045,0.5721428273975944,0.24431459329427524,0.5721428273975944,0.18354257930813045,-0.3278282341033191,2,2,0.512,750.0,0.6604041084647179,0.9520508505006002,-0.4020508505006002
248,248,categorical_soft,0,0,True,0.19104601399816412,0.0,0.8089540004730225,0.0,0.19104601442813873,1,-0.6179079860448837,0.004891167400081482,0.032076938467035,0.2343196110906248,-0.00145576003911543,0.004891167400081482,0.3132892800827326,0.3837499106568726,0.3029608092603949,0.3132892800827326,0.3837499106568726,0.3029608092603949,0.3132892800827326,0.3837499106568726,-0.010328470822337676,2,2,0.032,630.0,0.3886011242866516,0.8578638396277584,-0.3078638396277583
249,249,categorical_soft,0,0,True,0.14899593500840919,0.0,0.8510040640830994,0.0,0.14899593591690063,1,-0.7020081281661987,0.006840402302002857,0.12167737648296004,0.10182033605906163,0.012387205971497858,0.006840402302002857,0.34752260912629407,0.3410167058593005,0.3114606850144055,0.34752260912629407,0.3410167058593005,0.3114606850144055,0.34752260912629407,0.3410167058593005,-0.03606192411188858,1,1,0.064,830.0,0.7157257348299026,0.9594510593295946,-0.4094510593295946
250,250,categorical_soft,0,0,False,0.0,0.0,1.0,0.0,0.0,1,-1.0,0.15310674870099628,5.283599600190102,2.4649318276506103,-9.622767689912472,0.15310674870099628,0.9436171406074422,0.05638251781403843,3.4157851924334277e-07,0.9436171406074422,0.05638251781403843,3.4157851924334277e-07,0.9436171406074422,0.05638251781403843,-0.9436167990289229,1,1,0.512,690.0,1.0512995719909668,0.9931826741729747,-0.44318267417297463
251,251,categorical_soft,1,1,True,0.1450358315135591,0.0,0.0,0.8549641966819763,0.14503583312034607,2,-0.7099283635616302,0.01803420306120146,-0.30518658075510524,0.6974551422256171,-0.06976692332113574,0.01803420306120146,0.20031289786103673,0.5459964262275843,0.25369067591137906,0.20031289786103673,0.5459964262275843,0.25369067591137906,0.5459964262275843,0.20031289786103673,-0.2923057503162052,2,2,0.512,460.0,0.7096503600478172,0.9728817790571173,-0.4228817790571172
252,252,categorical_soft,0,0,False,0.0,0.0,1.0,0.0,0.0,1,-1.0,0.16329210159296131,2.4166787288688196,1.4433120567146482,-4.322938219010835,0.16329210159296131,0.7247204086863156,0.27440156969111373,0.0008780216225707455,0.7247204086863156,0.27440156969111373,0.0008780216225707455,0.7247204086863156,0.27440156969111373,-0.7238423870637448,1,1,0.0,1090.0,0.056773871183395386,0.4043661573593404,0.14563384264065965
253,253,categorical_soft,0,0,True,0.14177096366115877,0.0,0.8582290410995483,0.0,0.14177095890045166,1,-0.7164580821990967,0.036926005721841085,0.35652904388016393,0.4038734875079168,-0.10607337798195877,0.036926005721841085,0.37396311150492567,0.39102539908899037,0.2350114894060839,0.37396311150492567,0.39102539908899037,0.2350114894060839,0.37396311150492567,0.39102539908899037,-0.13895162209884176,2,2,0.064,800.0,0.913612388074398,0.9848176074796632,-0.43481760747966314
254,254,categorical_soft,0,0,False,0.0,0.0,1.0,0.0,0.0,1,-1.0,0.1519388034633177,3.4769882526705955,1.704578021432198,-6.264547729684924,0.1519388034633177,0.8546499192277721,0.14529785778803603,5.2222984191966886e-05,0.8546499192277721,0.14529785778803603,5.2222984191966886e-05,0.8546499192277721,0.14529785778803603,-0.8545976962435802,1,1,0.128,900.0,0.7917141616344452,0.9693153156346825,-0.4193153156346825
255,255,categorical_soft,1,1,True,0.14931775281247062,0.0,0.0,0.850682258605957,0.14931775629520416,2,-0.7013645023107529,0.06414056966627449,-0.45640874773801093,1.0070327868059021,-0.1865007659079724,0.06414056966627449,0.15085485661492554,0.651359479763975,0.19778566362109945,0.15085485661492554,0.651359479763975,0.19778566362109945,0.651359479763975,0.15085485661492554,-0.45357381614287556,2,2,0.256,1050.0,0.7642977461218834,0.9584047513164093,-0.4084047513164093
256,256,categorical_soft,0,0,False,0.0,0.0,1.0,0.0,0.0,1,-1.0,0.254578903069927,1.0685718008313312,1.981072939357211,-3.0160875775511906,0.254578903069927,0.2865111845454611,0.7086802493871326,0.004808566067406412,0.2865111845454611,0.7086802493871326,0.004808566067406412,0.2865111845454611,0.7086802493871326,-0.28170261847805467,2,2,0.064,640.0,0.4652378112077713,0.8967989949471341,-0.34679899494713406
257,257,categorical_soft,1,1,True,0.33470239391383116,0.0,0.0,0.6652976274490356,0.33470240235328674,2,-0.3305952250957489,0.022838316724490566,-0.2398822508731393,0.8957792479619708,-0.1335330088349604,0.022838316724490566,0.19148212958358238,0.5956999903025784,0.21281788011383918,0.19148212958358238,0.5956999903025784,0.21281788011383918,0.5956999903025784,0.19148212958358238,-0.3828821101887392,2,2,0.0,730.0,0.20241867005825043,0.6818551039317605,-0.13185510393176048
258,258,categorical_soft,1,1,True,0.14302894809337374,0.0,0.0,0.856971025466919,0.14302894473075867,2,-0.7139420807361603,0.24289181439370103,-0.5542910154408712,1.0302534456725074,-0.24319861036740006,0.24289181439370103,0.13814393171892417,0.6731978527741636,0.1886582155069124,0.13814393171892417,0.6731978527741636,0.1886582155069124,0.6731978527741636,0.13814393171892417,-0.48453963726725113,2,2,0.512,850.0,0.8700185790657997,0.9801177867247022,-0.43011778672470213
259,259,categorical_soft,0,0,True,0.18788168456132315,0.0,0.8121182918548584,0.0,0.1878816783428192,1,-0.6242366135120392,0.025297646032225812,-0.25413599046599966,0.9186376477990909,-0.1450052234014369,0.025297646032225812,0.18716350526122452,0.6042441933097981,0.2085923014289776,0.18716350526122452,0.6042441933097981,0.2085923014289776,0.18716350526122452,0.6042441933097981,0.02142879616775309,2,2,0.032,460.0,0.3570415824651718,0.8638378982141887,-0.3138378982141886
260,260,categorical_soft,0,0,True,0.2796784244066199,0.0,0.7203215956687927,0.0,0.27967843413352966,1,-0.44064316153526306,0.00900448202974711,-0.18643535753943502,0.6060492360013494,-0.038047163891550176,0.00900448202974711,0.2288785545354582,0.5055689918050593,0.2655524536594825,0.2288785545354582,0.5055689918050593,0.2655524536594825,0.2288785545354582,0.5055689918050593,0.0366738991240243,2,2,0.0,830.0,0.28032926470041275,0.7358603937733131,-0.1858603937733131
261,261,categorical_soft,0,0,True,0.3556582784721536,0.0,0.6443417072296143,0.0,0.35565829277038574,1,-0.2886834144592285,0.026397304998443717,-0.35553558769672106,0.9139504117592532,-0.12675310638739606,0.026397304998443717,0.17197043993278605,0.6117979234213407,0.2162316366458732,0.17197043993278605,0.6117979234213407,0.2162316366458732,0.17197043993278605,0.6117979234213407,0.04426119671308715,2,2,0.0,520.0,0.1337961107492447,0.6633603266740746,-0.11336032667407459
262,262,categorical_soft,0,0,True,0.14775865724515563,0.0,0.8522413372993469,0.0,0.14775866270065308,1,-0.7044826745986938,0.004788914212864691,0.06913241306489795,0.1851000873474422,0.0055114958342728435,0.004788914212864691,0.32658016310915033,0.3670055459315151,0.3064142909593347,0.32658016310915033,0.3670055459315151,0.3064142909593347,0.32658016310915033,0.3670055459315151,-0.020165872149815633,2,2,0.032,730.0,0.713656947016716,0.9635345279378638,-0.4135345279378637
263,263,categorical_soft,1,1,False,0.0,0.0,0.0,1.0,0.0,2,-1.0,0.3859057993488295,-0.6284025212745804,1.6317295403862875,-0.8785951222690283,0.3859057993488295,0.08797803305882582,0.8430083160200118,0.06901365092116235,0.08797803305882582,0.8430083160200118,0.06901365092116235,0.8430083160200118,0.08797803305882582,-0.7739946650988494,2,2,0.064,430.0,0.7616479843854904,0.9796020092335416,-0.4296020092335415
264,264,categorical_soft,1,1,False,0.0,0.0,0.0,1.0,0.0,2,-1.0,0.2754645969673319,0.056751192464675346,2.142827036210881,-2.0359338212790608,0.2754645969673319,0.10907729050190425,0.8774026728632005,0.013520036634895214,0.10907729050190425,0.8774026728632005,0.013520036634895214,0.8774026728632005,0.10907729050190425,-0.8638826362283053,2,2,0.032,640.0,0.5525830592960119,0.9303007074070531,-0.380300707407053
265,265,categorical_soft,1,1,True,0.1591806303985685,0.0,0.0,0.8408193588256836,0.1591806262731552,2,-0.6816387325525284,0.08941718055999703,-0.4762551072524617,1.0807761238390423,-0.22919155676520103,0.08941718055999703,0.14244903645901397,0.6750914285203284,0.1824595350206576,0.14244903645901397,0.6750914285203284,0.1824595350206576,0.6750914285203284,0.14244903645901397,-0.49263189349967085,2,2,0.032,460.0,0.504600090906024,0.9290743796082712,-0.3790743796082712
266,266,categorical_soft,0,0,True,0.18279476550159074,0.0,0.8172052502632141,0.0,0.18279476463794708,1,-0.634410485625267,0.022741600333593442,0.15297415250040863,0.5778693134856145,-0.09535408902038514,0.022741600333593442,0.3026403247374602,0.4617897101271356,0.23556996513540404,0.3026403247374602,0.4617897101271356,0.23556996513540404,0.3026403247374602,0.4617897101271356,-0.06707035960205618,2,2,0.0,1070.0,0.5245995223522186,0.8738495799116713,-0.3238495799116713
267,267,categorical_soft,0,0,True,0.13986777918535542,0.0,0.8601322174072266,0.0,0.13986778259277344,1,-0.7202644348144531,0.011132775555035678,0.12973084978309474,0.06931148417113028,0.011009422952644595,0.011132775555035678,0.353341556710587,0.33295945104251584,0.3136989922468972,0.353341556710587,0.33295945104251584,0.3136989922468972,0.353341556710587,0.33295945104251584,-0.0396425644636898,1,1,0.256,540.0,0.9865885153412819,0.9921885901687603,-0.4421885901687602
268,268,categorical_soft,0,0,True,0.1533718956249439,0.0,0.8466281294822693,0.0,0.1533719003200531,1,-0.6932562291622162,0.042245842863727776,0.6114477923629527,0.3985951514801902,-0.2700972898095861,0.042245842863727776,0.4502641979228003,0.36302819814596426,0.1867076039312354,0.4502641979228003,0.36302819814596426,0.1867076039312354,0.4502641979228003,0.36302819814596426,-0.26355659399156495,1,1,0.032,1050.0,0.7075030952692032,0.945742435098585,-0.395742435098585
269,269,categorical_soft,1,1,True,0.19538686710282,0.0,0.0,0.8046131134033203,0.1953868716955185,2,-0.6092262417078018,0.006034562516705461,-0.14282370668252942,0.5696660667941231,-0.026035421805027676,0.006034562516705461,0.24020448068854566,0.48979804059184195,0.2699974787196124,0.24020448068854566,0.48979804059184195,0.2699974787196124,0.48979804059184195,0.24020448068854566,-0.21980056187222957,2,2,0.0,780.0,0.41250117123126984,0.8499561995424352,-0.29995619954243513
270,270,categorical_soft,1,1,False,0.0,0.0,0.0,1.0,0.0,2,-1.0,0.2802522695509665,0.30737361906377825,2.1365064633407087,-2.2697929434124084,0.2802522695509665,0.13709528838521395,0.8524656251056829,0.010439086509103048,0.13709528838521395,0.8524656251056829,0.010439086509103048,0.8524656251056829,0.13709528838521395,-0.8420265385965798,2,2,0.0,480.0,0.10274922102689743,0.6396812171228674,-0.08968121712286736
271,271,categorical_soft,0,0,True,0.1594492223485875,0.0,0.8405507802963257,0.0,0.15944921970367432,1,-0.6811015605926514,0.0008537136366664214,0.07649161906468013,0.23720710843271683,0.012859057823119916,0.0008537136366664214,0.32125920997302604,0.3774565360383157,0.30128425398865827,0.32125920997302604,0.3774565360383157,0.30128425398865827,0.32125920997302604,0.3774565360383157,-0.01997495598436777,2,2,0.032,690.0,0.5587776601314545,0.9283407491777317,-0.37834074917773164
272,272,categorical_soft,1,1,True,0.15029517023535793,0.0,0.0,0.8497048020362854,0.1502951681613922,2,-0.6994096338748932,0.03937700385428909,-0.2806580829042648,1.034931368638301,-0.20513225645341268,0.03937700385428909,0.17242315625337484,0.6418418503911762,0.1857349933554489,0.17242315625337484,0.6418418503911762,0.1857349933554489,0.6418418503911762,0.17242315625337484,-0.45610685703572734,2,2,0.032,840.0,0.6972966487519443,0.9552655773150365,-0.40526557731503643
273,273,categorical_soft,1,1,True,0.6648790529686728,0.0,0.0,0.33512094616889954,0.6648790240287781,3,0.32975807785987854,0.0008838191701513634,0.01334674632627129,0.3599856763441696,0.007243537750541119,0.0008838191701513634,0.2934389251514674,0.4150611036154167,0.29149997123311583,0.2934389251514674,0.4150611036154167,0.29149997123311583,0.4150611036154167,0.2934389251514674,-0.12356113238230088,2,2,0.0,1090.0,0.0686732679605484,0.41852326109160093,0.13147673890839912
274,274,categorical_soft,0,0,False,0.0,0.0,1.0,0.0,0.0,1,-1.0,0.16212198421280735,4.7443028514743455,2.203170234259899,-8.575546346503904,0.16212198421280735,0.9269384796533918,0.07305990495587766,1.6153907305777708e-06,0.9269384796533918,0.07305990495587766,1.6153907305777708e-06,0.9269384796533918,0.07305990495587766,-0.9269368642626612,1,1,0.128,1180.0,0.8269686996936798,0.9640318690614057,-0.41403186906140566
275,275,categorical_soft,1,1,False,0.0,0.0,0.0,1.0,0.0,2,-1.0,0.3511080609291097,-0.5766775814155214,1.7682804745557128,-1.0421095002949725,0.3511080609291097,0.08289090436471605,0.8646498480059469,0.05245924762933703,0.08289090436471605,0.8646498480059469,0.05245924762933703,0.8646498480059469,0.08289090436471605,-0.8121906003766098,2,2,0.256,850.0,1.0121175795793533,0.9900091090472307,-0.4400091090472307
276,276,categorical_soft,0,0,False,0.0,0.0,1.0,0.0,0.0,1,-1.0,0.18107479254130418,7.19894395956928,3.3291062651361036,-13.224378684955852,0.18107479254130418,0.9795015951516873,0.020498403333655418,1.5146571751858488e-09,0.9795015951516873,0.020498403333655418,1.5146571751858488e-09,0.9795015951516873,0.020498403333655418,-0.9795015936370302,1,1,0.512,1150.0,1.1009928733110428,0.9907244605102499,-0.4407244605102498
277,277,categorical_soft,0,0,False,0.0,0.0,1.0,0.0,0.0,1,-1.0,0.15093764764310844,2.9679315664210657,1.6000230514988345,-5.3250844954335745,0.15093764764310844,0.7966575031674308,0.20313671092543162,0.0002057859071375926,0.7966575031674308,0.20313671092543162,0.0002057859071375926,0.7966575031674308,0.20313671092543162,-0.7964517172602932,1,1,0.128,680.0,0.9255853593349457,0.9875783536318303,-0.4375783536318303
278,278,categorical_soft,1,1,True,0.15633731192870665,0.0,0.0,0.843662679195404,0.15633730590343475,2,-0.6873253732919693,0.014297862682844834,-0.2384305257812426,0.7812788348015167,-0.0800966846159887,0.014297862682844834,0.2023239790573698,0.5607118162386503,0.2369642047039798,0.2023239790573698,0.5607118162386503,0.2369642047039798,0.5607118162386503,0.2023239790573698,-0.32374761153467047,2,2,0.032,850.0,0.6262553837150335,0.9370345759096455,-0.3870345759096454
279,279,categorical_soft,1,1,True,0.5298821104103935,0.0,0.0,0.4701178967952728,0.5298821330070496,3,0.05976423621177673,0.021082877314137882,-0.0651461766108554,1.0414689655419638,-0.2534848766211261,0.021082877314137882,0.20640337186880883,0.6229542838901182,0.17064234424107302,0.20640337186880883,0.6229542838901182,0.17064234424107302,0.6229542838901182,0.20640337186880883,-0.45231193964904515,2,2,0.0,850.0,0.09916174411773682,0.5275465849209846,0.022453415079015437
280,280,categorical_soft,1,1,True,0.1950017066658168,0.0,0.0,0.8049982786178589,0.19500170648097992,2,-0.609996572136879,0.008733632173149668,-0.1714295473576767,0.581340623561297,-0.03650155417220177,0.008733632173149668,0.2343183021231905,0.4974469178490133,0.26823478002779616,0.2343183021231905,0.4974469178490133,0.26823478002779616,0.4974469178490133,0.2343183021231905,-0.22921213782121713,2,2,0.0,650.0,0.3817058764398098,0.8506450788496379,-0.30064507884963787
281,281,categorical_soft,0,0,True,0.24079107969569813,0.0,0.7592089176177979,0.0,0.24079108238220215,1,-0.5184178352355957,0.01233313725222742,0.0004613430524625241,0.6344081906766841,-0.06261816030745507,0.01233313725222742,0.26179213490497505,0.4928121419482391,0.24539572314678576,0.26179213490497505,0.4928121419482391,0.24539572314678576,0.26179213490497505,0.4928121419482391,-0.01639641175818929,2,2,0.032,550.0,0.26255927979946136,0.7815645134853585,-0.23156451348535845
282,282,categorical_soft,0,0,False,0.0,0.0,1.0,0.0,0.0,1,-1.0,0.14942736786795427,4.161325434272222,1.964814805860824,-7.526241593526301,0.14942736786795427,0.8998768517965947,0.10011519513247438,7.953070930870926e-06,0.8998768517965947,0.10011519513247438,7.953070930870926e-06,0.8998768517965947,0.10011519513247438,-0.8998688987256639,1,1,0.512,440.0,0.9626259952783585,0.9922103971270537,-0.4422103971270537
283,283,categorical_soft,0,0,True,0.4337579858360813,0.0,0.5662420392036438,0.0,0.4337579905986786,1,-0.1324840486049652,0.018648279861236343,0.13386934205113027,0.7563915698954775,-0.16342237039279672,0.018648279861236343,0.27769649689195763,0.5163635942385378,0.20593990886950447,0.27769649689195763,0.5163635942385378,0.20593990886950447,0.27769649689195763,0.5163635942385378,-0.07175658802245316,2,2,0.0,990.0,0.1937071830034256,0.600143305897875,-0.05014330589787497
284,284,categorical_soft,1,1,False,0.0,0.0,0.0,1.0,0.0,2,-1.0,0.3383835660190221,-0.5530781759756856,1.819152936621873,-1.108902026956576,0.3383835660190221,0.0813108179069734,0.8716693347742591,0.04701984731876739,0.0813108179069734,0.8716693347742591,0.04701984731876739,0.8716693347742591,0.0813108179069734,-0.8246494874554917,2,2,0.512,1180.0,1.0494448315293994,0.9876492570449825,-0.4376492570449825
285,285,categorical_soft,0,0,True,0.20068470657477516,0.0,0.7993152737617493,0.0,0.20068471133708954,1,-0.5986305624246597,0.003913234513507532,0.0823738187822342,0.333034631942983,0.013839081841812975,0.003913234513507532,0.31085885858438045,0.3992775173205062,0.28986362409511324,0.31085885858438045,0.3992775173205062,0.28986362409511324,0.31085885858438045,0.3992775173205062,-0.02099523448926721,2,2,0.064,740.0,0.38829944282770157,0.8407161680580805,-0.2907161680580804
286,286,categorical_soft,1,1,False,0.0,0.0,0.0,1.0,0.0,2,-1.0,0.34231138605389005,-0.5613848616882304,1.8080907925728944,-1.0917303210197984,0.34231138605389005,0.08140827279185439,0.8703009647002649,0.04829076250788071,0.08140827279185439,0.8703009647002649,0.04829076250788071,0.8703009647002649,0.08140827279185439,-0.8220102021923842,2,2,0.512,1140.0,0.9693213626742363,0.9826413425144718,-0.4326413425144717
287,287,categorical_soft,1,1,True,0.1485846174179713,0.0,0.0,0.8514153957366943,0.14858461916446686,2,-0.7028307765722275,0.037828913310620035,-0.4107008513809573,0.9152533167416227,-0.13590803045262312,0.037828913310620035,0.1644100738991587,0.6189468327848411,0.21664309331600023,0.1644100738991587,0.6189468327848411,0.21664309331600023,0.6189468327848411,0.1644100738991587,-0.40230373946884085,2,2,0.256,780.0,0.7106173224747181,0.9607977457080538,-0.4107977457080537
288,288,categorical_soft,0,0,False,0.0,0.0,1.0,0.0,0.0,1,-1.0,0.13806837327869562,3.926278618582721,1.9097416850474551,-7.125417928620379,0.13806837327869562,0.882402464009802,0.11758282700865892,1.4708981539093385e-05,0.882402464009802,0.11758282700865892,1.4708981539093385e-05,0.882402464009802,0.11758282700865892,-0.8823877550282629,1,1,0.256,880.0,0.9866893738508224,0.9882830661053026,-0.43828306610530254
289,289,categorical_soft,0,0,False,0.0,0.0,1.0,0.0,0.0,1,-1.0,0.16431549199185852,3.468535381553969,1.6579076670519153,-6.2193829821682005,0.16431549199185852,0.8593622262149303,0.14058248970342171,5.5284081647877066e-05,0.8593622262149303,0.14058248970342171,5.5284081647877066e-05,0.8593622262149303,0.14058248970342171,-0.8593069421332824,1,1,0.064,920.0,0.7644073963165283,0.9642412099292518,-0.41424120992925173
290,290,categorical_soft,0,0,True,0.1381227231744136,0.0,0.8618772625923157,0.0,0.13812272250652313,1,-0.7237545400857925,0.05352632821280191,0.8868980937095028,0.677388183267459,-0.6306323030338358,0.05352632821280191,0.49227352553794435,0.39841618483639674,0.10931028962565889,0.49227352553794435,0.39841618483639674,0.10931028962565889,0.49227352553794435,0.39841618483639674,-0.3829632359122854,1,1,0.512,600.0,1.4786475822329521,0.9992462463328757,-0.4492462463328757
291,291,categorical_soft,1,1,True,0.15995708681233395,0.0,0.0,0.8400428891181946,0.15995708107948303,2,-0.6800858080387115,0.0005588353770171458,0.03643145186340031,0.35940077094165074,0.01211338708392557,0.0005588353770171458,0.2979446661254564,0.41151300546588426,0.29054232840865934,0.2979446661254564,0.41151300546588426,0.29054232840865934,0.41151300546588426,0.2979446661254564,-0.12097067705722492,2,2,0.0,920.0,0.611028790473938,0.9269618633162482,-0.37696186331624815
292,292,categorical_soft,0,0,False,0.0,0.0,1.0,0.0,0.0,1,-1.0,0.1536595965504381,2.7652132125077893,1.542572007310822,-4.953634709160585,0.1536595965504381,0.7719398499696267,0.22770693833709413,0.0003532116932791919,0.7719398499696267,0.22770693833709413,0.0003532116932791919,0.7719398499696267,0.22770693833709413,-0.7715866382763475,1,1,0.064,970.0,0.7140514403581619,0.9519763772780255,-0.4019763772780255
293,293,categorical_soft,1,1,True,0.14477298929539312,0.0,0.0,0.855226993560791,0.1447729915380478,2,-0.7104540020227432,0.12375372298788838,-0.503775932135854,1.0141246948006097,-0.2131461165363731,0.12375372298788838,0.14499580749038976,0.6609335605249218,0.1940706319846884,0.14499580749038976,0.6609335605249218,0.1940706319846884,0.6609335605249218,0.14499580749038976,-0.46686292854023337,2,2,0.512,1130.0,0.881339731393382,0.9738120010607991,-0.4238120010607991
294,294,categorical_soft,1,1,False,0.0,0.0,0.0,1.0,0.0,2,-1.0,0.2715399380451871,-0.07931875905310734,2.135626855845083,-1.9026842368177086,0.2715399380451871,0.09694777738286561,0.8872958341548252,0.01575638846230918,0.09694777738286561,0.8872958341548252,0.01575638846230918,0.8872958341548252,0.09694777738286561,-0.871539445692516,2,2,0.128,800.0,0.8723767548799515,0.9814709344251706,-0.4314709344251706
295,295,categorical_soft,1,1,False,0.0,0.0,0.0,1.0,0.0,2,-1.0,0.3867732930618827,-0.6340389270716428,1.654180389425893,-0.895771640825678,0.3867732930618827,0.08597979575787673,0.8473339452145552,0.06668625902756811,0.08597979575787673,0.8473339452145552,0.06668625902756811,0.8473339452145552,0.08597979575787673,-0.7806476861869871,2,2,0.512,980.0,0.9144380930811167,0.9812820490448256,-0.4312820490448256
296,296,categorical_soft,1,1,True,0.14963844126577752,0.0,0.0,0.8503615856170654,0.14963844418525696,2,-0.7007231414318085,0.024461535829876122,-0.3457996257016941,0.7190204039966901,-0.08021645959059727,0.024461535829876122,0.19205690522107827,0.5571389529891296,0.2508041417897922,0.19205690522107827,0.5571389529891296,0.2508041417897922,0.5571389529891296,0.19205690522107827,-0.3063348111993374,2,2,0.512,510.0,0.6265748795121908,0.9573684414410254,-0.40736844144102535
297,297,categorical_soft,1,1,True,0.1490484519506305,0.0,0.0,0.8509515523910522,0.14904844760894775,2,-0.7019031047821045,0.020119224711966865,-0.323283657154645,0.7055754461700043,-0.07504591206778033,0.020119224711966865,0.19679814704661108,0.5506951829470436,0.2525066700063453,0.19679814704661108,0.5506951829470436,0.2525066700063453,0.5506951829470436,0.19679814704661108,-0.29818851294069826,2,2,0.512,1130.0,0.7884399071335793,0.9592798762345498,-0.40927987623454976
298,298,categorical_soft,1,1,False,0.0,0.0,0.0,1.0,0.0,2,-1.0,0.3611755315769051,-0.5946540112218848,1.731919303664749,-0.994690721843695,0.3611755315769051,0.08391829335391962,0.8593908803835426,0.05669082626253773,0.08391829335391962,0.8593908803835426,0.05669082626253773,0.8593908803835426,0.08391829335391962,-0.8027000541210049,2,2,0.512,490.0,0.915975533425808,0.989622194411161,-0.4396221944111609
299,299,categorical_soft,0,0,False,0.0,0.0,1.0,0.0,0.0,1,-1.0,0.2818409136915206,0.38822384331411963,2.1333377620223692,-2.3511221947701495,0.2818409136915206,0.14754125553678718,0.8429166400367892,0.009542104426423666,0.14754125553678718,0.8429166400367892,0.009542104426423666,0.14754125553678718,0.8429166400367892,-0.1379991511103635,2,2,0.0,540.0,0.1374301016330719,0.6619619019605973,-0.1119619019605973
300,300,categorical_soft,1,1,False,0.0,0.0,0.0,1.0,0.0,2,-1.0,0.42334205903499533,-0.670966805656674,1.5227681983392576,-0.7487747276679392,0.42334205903499533,0.09174944092011024,0.8227216053017132,0.0855289537781765,0.09174944092011024,0.8227216053017132,0.0855289537781765,0.8227216053017132,0.09174944092011024,-0.7371926515235367,2,2,0.512,650.0,0.9220624417066574,0.9878075660184856,-0.4378075660184856
301,301,categorical_soft,0,0,True,0.3926417585264873,0.0,0.6073582172393799,0.0,0.39264175295829773,1,-0.21471646428108215,0.006256829253841809,-0.06385362056116506,0.3892678457866556,-0.020696398301503167,0.006256829253841809,0.2763992180015099,0.4349602919923716,0.28864049000611863,0.2763992180015099,0.4349602919923716,0.28864049000611863,0.2763992180015099,0.4349602919923716,0.012241272004608728,2,2,0.0,780.0,0.17007821798324585,0.6325402226419574,-0.08254022264195737
302,302,categorical_soft,0,0,True,0.17886932257187405,0.0,0.8211306929588318,0.0,0.1788693219423294,1,-0.6422613710165024,0.003180267527996737,-0.08291992683954277,0.5273194141148696,-0.009586490410201622,0.003180267527996737,0.2553566051932861,0.46996785994497536,0.2746755348617386,0.2553566051932861,0.46996785994497536,0.2746755348617386,0.2553566051932861,0.46996785994497536,0.0193189296684525,2,2,0.064,490.0,0.39768432080745697,0.8819542041042935,-0.33195420410429344
303,303,categorical_soft,1,1,False,0.0,0.0,0.0,1.0,0.0,2,-1.0,0.28034307252007595,0.2888224844414983,2.1500027371062402,-2.264211111943257,0.28034307252007595,0.1333559614699122,0.8562399773895237,0.01040406114056432,0.1333559614699122,0.8562399773895237,0.01040406114056432,0.8562399773895237,0.1333559614699122,-0.8458359162489594,2,2,0.0,570.0,0.11988545954227448,0.6340609673785624,-0.08406096737856239
304,304,categorical_soft,1,1,True,0.1426841499922351,0.0,0.0,0.8573158383369446,0.14268414676189423,2,-0.7146316915750504,0.05411279278427043,-0.44036800395867204,0.956071929744342,-0.16220960169071583,0.05411279278427043,0.15720751364178306,0.6349311121483362,0.2078613742098807,0.15720751364178306,0.6349311121483362,0.2078613742098807,0.6349311121483362,0.15720751364178306,-0.4270697379384555,2,2,0.256,1040.0,0.9303916841745377,0.9813929123148705,-0.4313929123148704
305,305,categorical_soft,1,1,True,0.15134368036888202,0.0,0.0,0.8486562967300415,0.1513436734676361,2,-0.6973126232624054,0.02147602751788662,-0.3540029709850818,0.7863121216925462,-0.08096433368394503,0.02147602751788662,0.18373912337855464,0.5746466308335674,0.2416142457878781,0.18373912337855464,0.5746466308335674,0.2416142457878781,0.5746466308335674,0.18373912337855464,-0.33303238504568927,2,2,0.256,560.0,0.6133843287825584,0.9519607250283878,-0.40196072502838776
306,306,categorical_soft,1,1,True,0.17814919649739103,0.0,0.0,0.8218507766723633,0.17814919352531433,2,-0.643701583147049,0.013610379038525822,-0.18201649768603867,0.5396999065428758,-0.04989840223685514,0.013610379038525822,0.23809904221120393,0.4900618201828337,0.27183913760596246,0.23809904221120393,0.4900618201828337,0.27183913760596246,0.4900618201828337,0.23809904221120393,-0.21822268257687122,2,2,0.128,830.0,0.48410578817129135,0.8834798048379447,-0.3334798048379447
307,307,categorical_soft,0,0,False,0.0,0.0,1.0,0.0,0.0,1,-1.0,0.20266554863498015,1.6405746848805738,1.757360725506923,-3.513985450203566,0.20266554863498015,0.4698532790055546,0.5274150328590761,0.002731688135369266,0.4698532790055546,0.5274150328590761,0.002731688135369266,0.4698532790055546,0.5274150328590761,-0.46712159087018534,2,2,0.128,430.0,0.6822309195995331,0.9701567791206914,-0.4201567791206914
308,308,categorical_soft,0,0,True,0.19729139267598805,0.0,0.802708625793457,0.0,0.19729138910770416,1,-0.6054172366857529,0.04839606923234134,-0.3529279258924436,1.0692637424398859,-0.2152205130421092,0.04839606923234134,0.15903779407740823,0.6585944083106383,0.18236779761195346,0.15903779407740823,0.6585944083106383,0.18236779761195346,0.15903779407740823,0.6585944083106383,0.02333000353454523,2,2,0.032,520.0,0.3433762788772583,0.8465847675222417,-0.2965847675222416
309,309,categorical_soft,1,1,False,0.0,0.0,0.0,1.0,0.0,2,-1.0,0.1723219456426091,2.1642541510568343,1.586418511640996,-4.042878382117445,0.1723219456426091,0.6388282680175885,0.35985824987765547,0.001313482104756026,0.6388282680175885,0.35985824987765547,0.001313482104756026,0.35985824987765547,0.6388282680175885,-0.35854476777289945,1,1,0.0,1000.0,0.5186137944401708,0.8797866948377613,-0.32978669483776124
310,310,categorical_soft,1,1,False,0.0,0.0,0.0,1.0,0.0,2,-1.0,0.2809099208728429,0.6052678505776226,2.105576639215728,-2.569099574528622,0.2809099208728429,0.1817873574471331,0.8106271406148775,0.0075855019379894055,0.1817873574471331,0.8106271406148775,0.0075855019379894055,0.8106271406148775,0.1817873574471331,-0.803041638676888,2,2,0.032,970.0,0.39643021300435066,0.8063145232842015,-0.25631452328420146
311,311,categorical_soft,1,1,True,0.15569712710598393,0.0,0.0,0.8443028926849365,0.15569712221622467,2,-0.6886057704687119,0.016001730688503378,-0.2375792439432019,0.6030329718956213,-0.060418121596404875,0.016001730688503378,0.22160289830196783,0.5136903183789744,0.2647067833190578,0.22160289830196783,0.5136903183789744,0.2647067833190578,0.5136903183789744,0.22160289830196783,-0.2489835350599166,2,2,0.256,650.0,0.5836306642740965,0.9388779207407766,-0.38887792074077654
312,312,categorical_soft,1,1,False,0.0,0.0,0.0,1.0,0.0,2,-1.0,0.485967291618147,-0.6753486448914298,1.2892055063369332,-0.5128150487234445,0.485967291618147,0.1073669196666153,0.7657244741625153,0.12690860617086944,0.1073669196666153,0.7657244741625153,0.12690860617086944,0.7657244741625153,0.1073669196666153,-0.6388158679916459,2,2,0.512,610.0,0.9209451451897621,0.9883116426258042,-0.43831164262580413
313,313,categorical_soft,0,0,False,0.0,0.0,1.0,0.0,0.0,1,-1.0,0.14854111303030776,4.965573320874009,2.3239341766640664,-9.032927997936453,0.14854111303030776,0.9334344391844385,0.06656472864491716,8.321706442522586e-07,0.9334344391844385,0.06656472864491716,8.321706442522586e-07,0.9334344391844385,0.06656472864491716,-0.9334336070137942,1,1,0.512,640.0,1.0328418463468552,0.9929736339388011,-0.44297363393880107
314,314,categorical_soft,0,0,False,0.0,0.0,1.0,0.0,0.0,1,-1.0,0.23085536670705645,1.3289847387819316,1.8860228634200884,-3.24684253917689,0.23085536670705645,0.363986662727257,0.6322624699074707,0.003750867365272337,0.363986662727257,0.6322624699074707,0.003750867365272337,0.363986662727257,0.6322624699074707,-0.36023579536198463,2,2,0.064,740.0,0.653642937541008,0.9510753730288615,-0.4010753730288614
315,315,categorical_soft,1,1,True,0.18445459278003695,0.0,0.0,0.815545380115509,0.18445459008216858,2,-0.6310907900333405,0.058721044755606154,-0.43746944257774284,1.047311077651369,-0.2005393205782456,0.058721044755606154,0.1497436858356225,0.6603983105490803,0.18985800361529717,0.1497436858356225,0.6603983105490803,0.18985800361529717,0.6603983105490803,0.1497436858356225,-0.4705403069337831,2,2,0.064,410.0,0.3565915375947952,0.8705246549234951,-0.320524654923495
316,316,categorical_soft,1,1,True,0.14385024512179656,0.0,0.0,0.8561497330665588,0.14385025203227997,2,-0.7122994810342789,0.03158274144956667,-0.37952273084641025,0.7633231002632231,-0.08632605704764924,0.03158274144956667,0.182532557149019,0.5724145876502267,0.24505285520075432,0.182532557149019,0.5724145876502267,0.24505285520075432,0.5724145876502267,0.182532557149019,-0.32736173244947236,2,2,0.512,450.0,0.7426585806533694,0.9771188704324757,-0.42711887043247565
317,317,categorical_soft,1,1,True,0.2529653022322077,0.0,0.0,0.7470346689224243,0.2529653012752533,2,-0.494069367647171,0.0026241204328486143,0.13320739909085386,0.17132201224501134,0.020504639024888513,0.0026241204328486143,0.3410279274469806,0.3545287439218804,0.30444332863113904,0.3410279274469806,0.3545287439218804,0.30444332863113904,0.3545287439218804,0.3410279274469806,-0.05008541529074134,2,2,0.0,840.0,0.31598392128944397,0.7663283213325881,-0.21632832133258806
318,318,categorical_soft,1,1,False,0.0,0.0,0.0,1.0,0.0,2,-1.0,0.30445130748415283,-0.45784806423272045,1.9199622379671741,-1.2950728639374014,0.30445130748415283,0.08185204527750603,0.8824228830318027,0.03572507169069129,0.08185204527750603,0.8824228830318027,0.03572507169069129,0.8824228830318027,0.08185204527750603,-0.8466978113411114,2,2,0.032,690.0,0.6099110618233681,0.9433591631568852,-0.3933591631568851
319,319,categorical_soft,0,0,False,0.0,0.0,1.0,0.0,0.0,1,-1.0,0.15226431041393623,2.921031264269641,1.5776411122016079,-5.235480843012751,0.15226431041393623,0.7926509707470324,0.20711453960142148,0.00023448965154614044,0.7926509707470324,0.20711453960142148,0.00023448965154614044,0.7926509707470324,0.20711453960142148,-0.7924164810954862,1,1,0.256,420.0,0.8809878528118134,0.9886837339785269,-0.4386837339785269
320,320,categorical_soft,1,1,False,0.0,0.0,0.0,1.0,0.0,2,-1.0,0.28001489659626216,0.2879112833498282,2.143917368480365,-2.2574112414431786,0.28001489659626216,0.1339335007484113,0.8555361022676478,0.010530396983940978,0.1339335007484113,0.8555361022676478,0.010530396983940978,0.8555361022676478,0.1339335007484113,-0.8450057052837068,2,2,0.0,700.0,0.10261709988117218,0.5764236634331203,-0.026423663433120304
321,321,categorical_soft,0,0,True,0.1402273227231401,0.0,0.8597726821899414,0.0,0.1402273178100586,1,-0.7195453643798828,0.10618004826326921,1.6040968678649095,0.7925050871415789,-1.7575468321098744,0.10618004826326921,0.6740824568623942,0.3024385899510703,0.02347895318653545,0.6740824568623942,0.3024385899510703,0.02347895318653545,0.6740824568623942,0.3024385899510703,-0.6506035036758587,1,1,0.128,1000.0,1.0652206018567085,0.9907709267812306,-0.44077092678123053
322,322,categorical_soft,1,1,True,0.2867941577344816,0.0,0.0,0.7132058143615723,0.28679415583610535,2,-0.4264116585254669,0.009109665309534309,-0.13963407259044644,0.6758130659221064,-0.05137014877417093,0.009109665309534309,0.22985788320681655,0.5192448064777552,0.2508973103154283,0.22985788320681655,0.5192448064777552,0.2508973103154283,0.5192448064777552,0.22985788320681655,-0.2683474961623269,2,2,0.0,1030.0,0.3215598538517952,0.7283040136993101,-0.17830401369931004
323,323,categorical_soft,0,0,False,0.0,0.0,1.0,0.0,0.0,1,-1.0,0.1623173590408737,5.910553804104673,2.748797669014288,-10.801032494800811,0.1623173590408737,0.9593044910333275,0.0406954509380237,5.802864887131675e-08,0.9593044910333275,0.0406954509380237,5.802864887131675e-08,0.9593044910333275,0.0406954509380237,-0.9593044330046786,1,1,0.512,830.0,1.0152685642242432,0.9903932264934603,-0.44039322649346024
324,324,categorical_soft,1,1,True,0.406473696242102,0.0,0.0,0.593526303768158,0.40647369623184204,2,-0.18705260753631592,0.005560239958362549,-0.050154576996304455,0.37127483178941645,-0.01702786847813537,0.005560239958362549,0.28102419811420853,0.4284515479128109,0.2905242539729805,0.28102419811420853,0.4284515479128109,0.2905242539729805,0.4284515479128109,0.28102419811420853,-0.13792729393983044,2,2,0.032,910.0,0.19233771413564682,0.6214666338918414,-0.07146663389184138
325,325,categorical_soft,1,1,False,0.0,0.0,0.0,1.0,0.0,2,-1.0,0.2748936628912846,-0.3013691085952017,2.0416591857650483,-1.5886490001260751,0.2748936628912846,0.08556032067273453,0.8906395044318266,0.02380017489543896,0.08556032067273453,0.8906395044318266,0.02380017489543896,0.8906395044318266,0.08556032067273453,-0.8668393295363876,2,2,0.032,580.0,0.3728146329522133,0.8557427906917575,-0.30574279069175747
326,326,categorical_soft,1,1,False,0.0,0.0,0.0,1.0,0.0,2,-1.0,0.3345182950289013,-0.5439159756149086,1.8286501637779478,-1.1257749268786883,0.3345182950289013,0.08138466631710121,0.87276198292746,0.04585335075543885,0.08138466631710121,0.87276198292746,0.04585335075543885,0.87276198292746,0.08138466631710121,-0.8269086321720212,2,2,0.256,1060.0,0.8593176230788231,0.9731977628428837,-0.4231977628428837
327,327,categorical_soft,1,1,False,0.0,0.0,0.0,1.0,0.0,2,-1.0,0.2763270246556217,0.07326374679624664,2.16172260017798,-2.0694764564395647,0.2763270246556217,0.10893022346129062,0.8782301980252407,0.012839578513468643,0.10893022346129062,0.8782301980252407,0.012839578513468643,0.8782301980252407,0.10893022346129062,-0.8653906195117721,2,2,0.064,1040.0,0.6845659837126732,0.9403402151492702,-0.3903402151492702
328,328,categorical_soft,1,1,True,0.1610820202706162,0.0,0.0,0.8389179706573486,0.16108201444149017,2,-0.6778359562158585,0.02033492559297278,-0.0015774507037167693,0.7738000631108145,-0.11957139875135307,0.02033492559297278,0.2465597712833035,0.5346283730265506,0.21881185569014586,0.2465597712833035,0.5346283730265506,0.21881185569014586,0.5346283730265506,0.2465597712833035,-0.3158165173364048,2,2,0.032,1080.0,0.6413864023052156,0.9239454056477846,-0.37394540564778456
329,329,categorical_soft,1,1,False,0.0,0.0,0.0,1.0,0.0,2,-1.0,0.2804000482802219,0.2836107736535238,2.1552901155496818,-2.26415594801624,0.2804000482802219,0.13215493429468322,0.8574798620547128,0.010365203650603973,0.13215493429468322,0.8574798620547128,0.010365203650603973,0.8574798620547128,0.13215493429468322,-0.8471146584041088,2,2,0.032,710.0,0.5105309039354324,0.9089025872845348,-0.3589025872845347
330,330,categorical_soft,0,0,True,0.13915241017614322,0.0,0.8608475923538208,0.0,0.1391524076461792,1,-0.7216951847076416,0.06623793739603291,0.8342088247388915,0.4696189689859581,-0.5803174709047969,0.06623793739603291,0.5156879374031285,0.3577633140394985,0.1265487485573731,0.5156879374031285,0.3577633140394985,0.1265487485573731,0.5156879374031285,0.3577633140394985,-0.3891391888457554,1,1,0.256,630.0,1.1019249856472015,0.9950456617702963,-0.44504566177029625
331,331,categorical_soft,0,0,False,0.0,0.0,1.0,0.0,0.0,1,-1.0,0.2789895072598205,0.6505475096197965,2.085285177949272,-2.6035993468526515,0.2789895072598205,0.19184256816989745,0.8007692540315021,0.007388177798600337,0.19184256816989745,0.8007692540315021,0.007388177798600337,0.19184256816989745,0.8007692540315021,-0.1844543903712971,2,2,0.0,830.0,0.20126265287399292,0.6538655747685236,-0.10386557476852354
332,332,categorical_soft,0,0,True,0.2209024574979664,0.0,0.7790975570678711,0.0,0.2209024578332901,1,-0.558195099234581,0.05131693799717589,0.5272148851403289,0.9742194163024982,-0.5139990669656724,0.05131693799717589,0.34322150787402594,0.5351011432090457,0.12167734891692841,0.34322150787402594,0.5351011432090457,0.12167734891692841,0.34322150787402594,0.5351011432090457,-0.22154415895709753,2,2,0.064,730.0,0.34088726341724396,0.8088671033863649,-0.25886710338636487
333,333,categorical_soft,1,1,False,0.0,0.0,0.0,1.0,0.0,2,-1.0,0.25186353683755464,1.0751166717057354,1.933855342224285,-2.9778025160649846,0.25186353683755464,0.29736600091763343,0.697478350008131,0.005155649074235736,0.29736600091763343,0.697478350008131,0.005155649074235736,0.697478350008131,0.29736600091763343,-0.6923227009338953,2,2,0.0,1080.0,0.817897766828537,0.9665757296194332,-0.4165757296194331
334,334,categorical_soft,0,0,True,0.45591100746087365,0.0,0.5440890192985535,0.0,0.4559110105037689,1,-0.08817800879478455,0.012500666935111033,-0.1624352197746584,0.5163739690154511,-0.04574820458487611,0.012500666935111033,0.24413767553024232,0.4813968829310647,0.27446544153869307,0.24413767553024232,0.4813968829310647,0.27446544153869307,0.24413767553024232,0.4813968829310647,0.030327766008450746,2,2,0.032,500.0,0.05920746922492981,0.5832016383152792,-0.033201638315279114
335,335,categorical_soft,1,1,True,0.29072301708682174,0.0,0.0,0.7092769742012024,0.2907230257987976,2,-0.4185539484024048,0.03472682874252219,0.5249292217985866,0.7014305494084229,-0.3437417293045211,0.03472682874252219,0.38326357054920035,0.4557472402036252,0.1609891892471745,0.38326357054920035,0.4557472402036252,0.1609891892471745,0.4557472402036252,0.38326357054920035,-0.2947580509564507,2,2,0.0,1190.0,0.3566339612007141,0.7242176165579642,-0.1742176165579642
336,336,categorical_soft,1,1,True,0.4317453803135542,0.0,0.0,0.5682545900344849,0.43174538016319275,2,-0.13650920987129211,0.024735744078933586,-0.3488651630652616,0.9014742676798286,-0.12012454937845116,0.024735744078933586,0.1739876874387027,0.6072560313400087,0.21875628122128857,0.1739876874387027,0.6072560313400087,0.21875628122128857,0.6072560313400087,0.1739876874387027,-0.3884997501187202,2,2,0.0,650.0,0.11160320788621902,0.6016966688828335,-0.05169666888283342
337,337,categorical_soft,0,0,False,0.0,0.0,1.0,0.0,0.0,1,-1.0,0.17158550845689374,6.202433398423628,2.8710957384416296,-11.331717644254354,0.17158550845689374,0.9654306094497563,0.03456936469618236,2.585406113543245e-08,0.9654306094497563,0.03456936469618236,2.585406113543245e-08,0.9654306094497563,0.03456936469618236,-0.9654305835956952,1,1,0.256,1190.0,0.9339479058980942,0.9781629898726585,-0.42816298987265844
338,338,categorical_soft,1,1,False,0.0,0.0,0.0,1.0,0.0,2,-1.0,0.27485793885878146,-0.29996514847655065,2.059124965869726,-1.6075922100537716,0.27485793885878146,0.08438624388607319,0.8926126450498432,0.023001111064083767,0.08438624388607319,0.8926126450498432,0.023001111064083767,0.8926126450498432,0.08438624388607319,-0.8696115339857594,2,2,0.128,940.0,0.7707909550517797,0.964490488674304,-0.41449048867430394
339,339,categorical_soft,1,1,True,0.1604912039489657,0.0,0.0,0.8395087718963623,0.1604911983013153,2,-0.679017573595047,0.015455810425695691,-0.2787716815377708,0.7021424030746528,-0.058259451219279515,0.015455810425695691,0.20349442993043848,0.5426878688114805,0.25381770125808106,0.20349442993043848,0.5426878688114805,0.25381770125808106,0.5426878688114805,0.20349442993043848,-0.2888701675533994,2,2,0.128,700.0,0.5527637246996164,0.9255232317218494,-0.3755232317218493
340,340,categorical_soft,0,0,False,0.0,0.0,1.0,0.0,0.0,1,-1.0,0.16377761001327745,4.02963785432304,1.883613809503275,-7.236865505846846,0.16377761001327745,0.8952648967044732,0.1047231175244591,1.1985771067649872e-05,0.8952648967044732,0.1047231175244591,1.1985771067649872e-05,0.8952648967044732,0.1047231175244591,-0.8952529109334055,1,1,0.064,1130.0,0.7965922951698303,0.9608160830938423,-0.4108160830938422
341,341,categorical_soft,1,1,True,0.6383385305031333,0.0,0.0,0.36166146397590637,0.6383385062217712,3,0.27667704224586487,0.020468038710438268,0.03293281801486133,0.7736670764397385,-0.13168667654038407,0.020468038710438268,0.2537377887068219,0.5313544520286559,0.2149077592645221,0.2537377887068219,0.5313544520286559,0.2149077592645221,0.5313544520286559,0.2537377887068219,-0.31644669276413384,2,2,0.0,830.0,0.024197444319725037,0.44178459489913063,0.10821540510086941
342,342,categorical_soft,0,0,True,0.3484725113930036,0.0,0.651527464389801,0.0,0.3484725058078766,1,-0.30305495858192444,0.0029960365361856424,-0.015349219986218562,0.4775130409150779,-0.0016059437733806164,0.0029960365361856424,0.2740769277905947,0.44836667278536374,0.2775563994240416,0.2740769277905947,0.44836667278536374,0.2775563994240416,0.2740769277905947,0.44836667278536374,0.0034794716334468623,2,2,0.0,930.0,0.2401103377342224,0.6696039189278831,-0.11960391892788302
343,343,categorical_soft,0,0,True,0.1408680466465338,0.0,0.859131932258606,0.0,0.14086805284023285,1,-0.7182638794183731,0.11144132098873567,2.1327334747688966,0.9864420281081792,-2.7613754873393495,0.11144132098873567,0.752229828278131,0.2421310159871206,0.005639155734748195,0.752229828278131,0.2421310159871206,0.005639155734748195,0.752229828278131,0.2421310159871206,-0.7465906725433828,1,1,0.128,930.0,0.998799242079258,0.9882740667620786,-0.4382740667620786
344,344,categorical_soft,1,1,False,0.0,0.0,0.0,1.0,0.0,2,-1.0,0.2726711235649199,-0.2739812784713904,2.076304348304022,-1.652049935079083,0.2726711235649199,0.08518999268579744,0.893172910954617,0.021637096359585422,0.08518999268579744,0.893172910954617,0.021637096359585422,0.893172910954617,0.08518999268579744,-0.8715358145950316,2,2,0.128,1190.0,0.9841103702783585,0.9828513713934699,-0.43285137139346985
345,345,categorical_soft,0,0,False,0.0,0.0,1.0,0.0,0.0,1,-1.0,0.16784485167717228,2.279080358951185,1.5418334423182523,-4.172124733644838,0.16784485167717228,0.6748537600672575,0.3240567221863434,0.0010895177463991173,0.6748537600672575,0.3240567221863434,0.0010895177463991173,0.6748537600672575,0.3240567221863434,-0.6737642423208584,1,1,0.064,690.0,0.6364440619945526,0.9499356388377335,-0.3999356388377334
346,346,categorical_soft,0,0,False,0.0,0.0,1.0,0.0,0.0,1,-1.0,0.28191815099192646,0.5394990069508587,2.1113234755286174,-2.4981646243842124,0.28191815099192646,0.1711620919474805,0.8206418457140963,0.008196062338423137,0.1711620919474805,0.8206418457140963,0.008196062338423137,0.1711620919474805,0.8206418457140963,-0.16296602960905737,2,2,0.032,640.0,0.6729329973459244,0.9601760593339327,-0.41017605933393264
347,347,categorical_soft,1,1,False,0.0,0.0,0.0,1.0,0.0,2,-1.0,0.4213580883615508,-0.6706420521530678,1.5355281545905881,-0.7610439703140148,0.4213580883615508,0.09091092057636714,0.8253981925047101,0.08369088691892278,0.09091092057636714,0.8253981925047101,0.08369088691892278,0.8253981925047101,0.09091092057636714,-0.7417073055857873,2,2,0.512,850.0,0.9372682347893715,0.9856319148970634,-0.4356319148970633
348,348,categorical_soft,0,0,False,0.0,0.0,1.0,0.0,0.0,1,-1.0,0.15946873598861602,2.5090935282772677,1.525667022404622,-4.5169624049805766,0.15946873598861602,0.7267155352932791,0.27262161708538235,0.0006628476213384305,0.7267155352932791,0.27262161708538235,0.0006628476213384305,0.7267155352932791,0.27262161708538235,-0.7260526876719408,1,1,0.064,750.0,0.7316131889820099,0.965721529342436,-0.415721529342436
349,349,categorical_soft,1,1,False,0.0,0.0,0.0,1.0,0.0,2,-1.0,0.3572292029917832,-0.5878873060465517,1.750401070191008,-1.0168898133805064,0.3572292029917832,0.08320869316193208,0.862179579239281,0.05461172759878703,0.08320869316193208,0.862179579239281,0.05461172759878703,0.862179579239281,0.08320869316193208,-0.8075678516404939,2,2,0.256,1070.0,1.012370828539133,0.9870300100435582,-0.4370300100435581
350,350,categorical_soft,1,1,True,0.14918507993551788,0.0,0.0,0.850814938545227,0.14918507635593414,2,-0.7016298621892929,0.12029795384971634,-0.5009611194020225,1.1811792811073587,-0.2850714413576326,0.12029795384971634,0.13144461604971738,0.7054618078238298,0.16309357612645287,0.13144461604971738,0.7054618078238298,0.16309357612645287,0.7054618078238298,0.13144461604971738,-0.542368231697377,2,2,0.064,650.0,0.6683630901388824,0.9588353278858958,-0.4088353278858957
351,351,categorical_soft,0,0,False,0.0,0.0,1.0,0.0,0.0,1,-1.0,0.18231587795119758,7.41657410112428,3.4274801823983707,-13.633128659885795,0.18231587795119758,0.9817585685150654,0.018241430666159734,8.187749622787431e-10,0.9817585685150654,0.018241430666159734,8.187749622787431e-10,0.9817585685150654,0.018241430666159734,-0.9817585676962904,1,1,0.512,1120.0,1.1905434653162956,0.994218091239636,-0.44421809123963596
352,352,categorical_soft,1,1,False,0.0,0.0,0.0,1.0,0.0,2,-1.0,0.31998515308280273,-0.5055333536494075,1.865852486404636,-1.195613908484312,0.31998515308280273,0.0818513772527437,0.8767635959351775,0.041385026812078805,0.0818513772527437,0.8767635959351775,0.041385026812078805,0.8767635959351775,0.0818513772527437,-0.8353785691230987,2,2,0.256,400.0,0.7987911775708199,0.9835424597184669,-0.43354245971846683
353,353,categorical_soft,0,0,True,0.4211503580432464,0.0,0.5788496136665344,0.0,0.4211503565311432,1,-0.15769925713539124,0.013290423700153223,-0.1912029203937861,0.5635186165493418,-0.049192213332455804,0.013290423700153223,0.23363281618415638,0.49698460679564616,0.2693825770201976,0.23363281618415638,0.49698460679564616,0.2693825770201976,0.23363281618415638,0.49698460679564616,0.0357497608360412,2,2,0.0,610.0,0.1087988018989563,0.6099215844506183,-0.05992158445061824
354,354,categorical_soft,1,1,True,0.1510709433256638,0.0,0.0,0.8489290475845337,0.15107093751430511,2,-0.6978581100702286,0.003178053593112777,0.06131205842368888,0.3618079837469203,0.011541996781840726,0.003178053593112777,0.3030142447710863,0.40906046338281754,0.2879252918460962,0.3030142447710863,0.40906046338281754,0.2879252918460962,0.40906046338281754,0.3030142447710863,-0.12113517153672132,2,2,0.0,970.0,0.7178128808736801,0.9528142824883851,-0.402814282488385
355,355,categorical_soft,1,1,True,0.1748082876324218,0.0,0.0,0.8251917362213135,0.1748082935810089,2,-0.6503834426403046,-2.127019974848543e-05,0.03401589993703742,0.3421092003760785,0.011583641925200321,-2.127019974848543e-05,0.29956546492410363,0.40771128180902505,0.29272325326687143,0.29956546492410363,0.40771128180902505,0.29272325326687143,0.40771128180902505,0.29956546492410363,-0.11498802854215362,2,2,0.0,900.0,0.5160111337900162,0.8907261062024602,-0.34072610620246013
356,356,categorical_soft,1,1,True,0.1575029186359953,0.0,0.0,0.8424971103668213,0.1575029194355011,2,-0.6849941909313202,0.06865409719415631,0.16215141554646426,1.2750606769896455,-0.5138948744573154,0.06865409719415631,0.22022839761986202,0.667838601536778,0.11193300084335996,0.22022839761986202,0.667838601536778,0.11193300084335996,0.667838601536778,0.22022839761986202,-0.555905600693418,2,2,0.032,880.0,0.6224783137440681,0.9337274851666373,-0.38372748516663724
357,357,categorical_soft,0,0,True,0.16152437249962082,0.0,0.8384756445884705,0.0,0.16152437031269073,1,-0.6769512742757797,0.0023352823468527463,0.013564734517742521,0.2941954035187687,2.126180455020825e-05,0.0023352823468527463,0.3020305499366305,0.40004356088999254,0.29792588917337703,0.3020305499366305,0.40004356088999254,0.29792588917337703,0.3020305499366305,0.40004356088999254,-0.004104660763253443,2,2,0.064,680.0,0.5398712754249573,0.9227732052409395,-0.3727732052409395
358,358,categorical_soft,1,1,True,0.1639196719211149,0.0,0.0,0.8360803127288818,0.16391967236995697,2,-0.6721606403589249,0.012890282933794416,-0.2640843762582069,0.7077032984295286,-0.053217702626544926,0.012890282933794416,0.20502818763191946,0.541755314500713,0.25321649786736755,0.20502818763191946,0.541755314500713,0.25321649786736755,0.541755314500713,0.20502818763191946,-0.28853881663334546,2,2,0.0,490.0,0.4761205166578293,0.9165568128082685,-0.36655681280826846
359,359,categorical_soft,1,1,True,0.15313656571740325,0.0,0.0,0.8468634486198425,0.15313656628131866,2,-0.6937268823385239,0.016172627590418837,-0.267394029374897,0.6637850023338598,-0.061149729511181826,0.016172627590418837,0.20976144696258964,0.5322906168699035,0.2579479361675069,0.20976144696258964,0.5322906168699035,0.2579479361675069,0.5322906168699035,0.20976144696258964,-0.27434268070239665,2,2,0.256,620.0,0.6048325188457966,0.9464525557523773,-0.39645255575237726
360,360,categorical_soft,1,1,True,0.19101452359725563,0.0,0.0,0.8089854717254639,0.19101452827453613,2,-0.6179709434509277,0.016287060606082104,-0.28812897062492404,0.6982247829472977,-0.06271517954971267,0.016287060606082104,0.20263121481028298,0.5433537015235732,0.25401508366614384,0.20263121481028298,0.5433537015235732,0.25401508366614384,0.5433537015235732,0.20263121481028298,-0.28933861785742937,2,2,0.032,450.0,0.34453414287418127,0.8579223921921969,-0.30792239219219686
361,361,categorical_soft,1,1,False,0.0,0.0,0.0,1.0,0.0,2,-1.0,0.2768253547811631,0.09767280158877514,2.159143919463986,-2.090063863076877,0.2768253547811631,0.11160668361735496,0.8758205734407094,0.012572742941935607,0.11160668361735496,0.8758205734407094,0.012572742941935607,0.8758205734407094,0.11160668361735496,-0.8632478304987738,2,2,0.128,710.0,0.8633746355772018,0.9826042518450617,-0.4326042518450617
362,362,categorical_soft,0,0,True,0.14734526445152907,0.0,0.852654755115509,0.0,0.14734525978565216,1,-0.7053094953298569,0.03488931594532975,0.3347580621688582,0.37664156248880537,-0.08409056852321199,0.03488931594532975,0.37085635861744726,0.3857162311661565,0.2434274102163963,0.37085635861744726,0.3857162311661565,0.2434274102163963,0.37085635861744726,0.3857162311661565,-0.12742894840105096,2,2,0.064,960.0,0.7782713621854782,0.9649209701609414,-0.4149209701609413
363,363,categorical_soft,1,1,True,0.2824668882215106,0.0,0.0,0.7175331115722656,0.2824668884277344,2,-0.43506622314453125,0.007833269541574883,0.01469453220608225,0.24458567843274692,-0.008858145177934266,0.007833269541574883,0.30901672060920393,0.38912580955098847,0.3018574698398076,0.30901672060920393,0.38912580955098847,0.3018574698398076,0.38912580955098847,0.30901672060920393,-0.08726833971118086,2,2,0.064,1130.0,0.35082195699214935,0.7328745950828798,-0.18287459508287973
364,364,categorical_soft,0,0,False,0.0,0.0,1.0,0.0,0.0,1,-1.0,0.24422452245971354,1.1574081555715723,1.9069765142025943,-3.05422592990165,0.24422452245971354,0.3206408651674457,0.6746117384795433,0.004747396353010987,0.3206408651674457,0.6746117384795433,0.004747396353010987,0.3206408651674457,0.6746117384795433,-0.31589346881443475,2,2,0.032,530.0,0.5941829681396484,0.949229112265047,-0.399229112265047
365,365,categorical_soft,0,0,False,0.0,0.0,1.0,0.0,0.0,1,-1.0,0.16332100108235253,6.231426888334122,2.9021808740188826,-11.420215623154624,0.16332100108235253,0.9653460309823206,0.034653945951020435,2.3066658927436462e-08,0.9653460309823206,0.034653945951020435,2.3066658927436462e-08,0.9653460309823206,0.034653945951020435,-0.9653460079156617,1,1,0.512,1120.0,1.3508169502019882,0.9973610056548473,-0.44736100565484727
366,366,categorical_soft,1,1,False,0.0,0.0,0.0,1.0,0.0,2,-1.0,0.2829923393885513,-0.36292073840988204,2.0195435188062985,-1.4991641933804734,0.2829923393885513,0.08228441615133816,0.8910844470349379,0.02663113681372404,0.08228441615133816,0.8910844470349379,0.02663113681372404,0.8910844470349379,0.08228441615133816,-0.8644533102212139,2,2,0.128,970.0,0.7826331406831741,0.9652369443596681,-0.41523694435966807
367,367,categorical_soft,0,0,False,0.0,0.0,1.0,0.0,0.0,1,-1.0,0.1604616385771116,2.910396060678452,1.504732922392899,-5.195809458878686,0.1604616385771116,0.8028307102445922,0.19692014985922127,0.0002491398961864737,0.8028307102445922,0.19692014985922127,0.0002491398961864737,0.8028307102445922,0.19692014985922127,-0.8025815703484057,1,1,0.032,840.0,0.5968253463506699,0.9287462190401073,-0.3787462190401073
368,368,categorical_soft,0,0,False,0.0,0.0,1.0,0.0,0.0,1,-1.0,0.15091261054277666,3.0377513780676253,1.6119469235905863,-5.451685693167919,0.15091261054277666,0.805942700273045,0.19388615987484822,0.0001711398521068445,0.805942700273045,0.19388615987484822,0.0001711398521068445,0.805942700273045,0.19388615987484822,-0.8057715604209382,1,1,0.128,840.0,0.846636950969696,0.978011866019843,-0.428011866019843
369,369,categorical_soft,0,0,True,0.549994792500617,0.0,0.4500052034854889,0.0,0.5499947667121887,3,0.09998956322669983,0.010444040571215372,-0.22468600632664337,0.6588829383046713,-0.044198417124967,0.010444040571215372,0.21656912169376308,0.5239635075043705,0.25946737080186644,0.21656912169376308,0.5239635075043705,0.25946737080186644,0.21656912169376308,0.5239635075043705,0.04289824910810336,2,2,0.0,670.0,0.04256966710090637,0.5123068033698828,0.037693196630117276
370,370,categorical_soft,0,0,False,0.0,0.0,1.0,0.0,0.0,1,-1.0,0.1763254966659815,2.0645153733970156,1.5995110017610341,-3.916253681087967,0.1763254966659815,0.6123992426657591,0.3860253473596989,0.001575409974542039,0.6123992426657591,0.3860253473596989,0.001575409974542039,0.6123992426657591,0.3860253473596989,-0.610823832691217,1,1,0.032,740.0,0.4386346563696861,0.8711185197845402,-0.3211185197845402
371,371,categorical_soft,1,1,True,0.7409121730578815,0.0,0.0,0.25908783078193665,0.7409121990203857,3,0.4818243682384491,0.035799368771282494,0.3253388196423282,0.4253003159394339,-0.10558555345590451,0.035799368771282494,0.36355928215164895,0.40068874603655963,0.23575197181179144,0.36355928215164895,0.40068874603655963,0.23575197181179144,0.40068874603655963,0.36355928215164895,-0.16493677422476818,2,2,0.0,1170.0,0.02112467586994171,0.34098459826029615,0.2090154017397039
372,372,categorical_soft,0,0,False,0.0,0.0,1.0,0.0,0.0,1,-1.0,0.1667499810683222,3.5077434189901795,1.6661380657726923,-6.282482410811206,0.1667499810683222,0.863074034836275,0.1368758387173971,5.012644632786627e-05,0.863074034836275,0.1368758387173971,5.012644632786627e-05,0.863074034836275,0.1368758387173971,-0.8630239083899471,1,1,0.032,1180.0,0.820691667497158,0.9629470093439594,-0.41294700934395934
373,373,categorical_soft,0,0,True,0.13859959724236742,0.0,0.8614004254341125,0.0,0.13859960436820984,1,-0.7228008210659027,0.028264180692994856,0.27487166250216144,0.12255170376392191,0.010579625231833855,0.028264180692994856,0.3811044193155481,0.3270491118916701,0.2918464687927818,0.3811044193155481,0.3270491118916701,0.2918464687927818,0.3811044193155481,0.3270491118916701,-0.0892579505227663,1,1,0.256,720.0,1.2470764820463955,0.9972876295955952,-0.4472876295955952
374,374,categorical_soft,0,0,True,0.142547742111232,0.0,0.8574522733688354,0.0,0.14254774153232574,1,-0.7149045318365097,0.0012412758952424705,0.08661021068976858,0.2276279533500108,0.01441079683693756,0.0012412758952424705,0.3244851595986221,0.37381833515356455,0.3016965052478132,0.3244851595986221,0.37381833515356455,0.3016965052478132,0.3244851595986221,0.37381833515356455,-0.0227886543508089,2,2,0.064,680.0,0.8477915152907372,0.9819000580393523,-0.4319000580393523
375,375,categorical_soft,1,1,True,0.17110929758369697,0.0,0.0,0.8288906812667847,0.17110930383205414,2,-0.6577813774347305,0.004985298506671414,-0.11119381834257544,0.5177626509687319,-0.02036684532191735,0.004985298506671414,0.25183236988544955,0.47237189853461253,0.2757957315799379,0.25183236988544955,0.47237189853461253,0.2757957315799379,0.47237189853461253,0.25183236988544955,-0.1965761669546746,2,2,0.032,850.0,0.5218647550791502,0.8990958545060396,-0.3490958545060395
376,376,categorical_soft,0,0,False,0.0,0.0,1.0,0.0,0.0,1,-1.0,0.16451970837903737,3.0995182906882306,1.5415704700249995,-5.543495742333429,0.16451970837903737,0.8259050971903352,0.17394476763961614,0.0001501351700485513,0.8259050971903352,0.17394476763961614,0.0001501351700485513,0.8259050971903352,0.17394476763961614,-0.8257549620202866,1,1,0.032,1110.0,0.7185393869876862,0.9448057440354843,-0.3948057440354843
377,377,categorical_soft,1,1,True,0.17171995835359766,0.0,0.0,0.8282800316810608,0.17171995341777802,2,-0.6565600782632828,0.015914093997478264,-0.2095783021664686,0.8073975469583361,-0.09748320079357861,0.015914093997478264,0.20486415350952109,0.5661015765963143,0.2290342698941646,0.20486415350952109,0.5661015765963143,0.2290342698941646,0.5661015765963143,0.20486415350952109,-0.33706730670214974,2,2,0.0,510.0,0.43530239164829254,0.8976874868146086,-0.3476874868146086
378,378,categorical_soft,0,0,True,0.14159409893896185,0.0,0.8584058880805969,0.0,0.14159409701824188,1,-0.716811791062355,0.005864959371567014,0.1487877149690117,0.18446388665806412,0.023588516475306687,0.005864959371567014,0.3426538044899357,0.35531910985306703,0.3020270856569972,0.3426538044899357,0.35531910985306703,0.3020270856569972,0.3426538044899357,0.35531910985306703,-0.0406267188329385,2,2,0.128,680.0,0.8935141116380692,0.9854890640603567,-0.4354890640603567
379,379,categorical_soft,1,1,True,0.15317525639557306,0.0,0.0,0.8468247652053833,0.1531752496957779,2,-0.6936495155096054,0.08470697138411543,-0.4737701088065031,1.0412173768852981,-0.21082078694030773,0.08470697138411543,0.1460536689546284,0.6638175119273564,0.190128819118015,0.1460536689546284,0.6638175119273564,0.190128819118015,0.6638175119273564,0.1460536689546284,-0.4736886928093414,2,2,0.256,510.0,0.5773737840354443,0.9463356041727776,-0.3963356041727776
380,380,categorical_soft,1,1,True,0.16881225547255846,0.0,0.0,0.8311877250671387,0.16881226003170013,2,-0.6623754650354385,0.020944916269555552,-0.34307500103938865,0.8357869094541895,-0.09378907376113778,0.020944916269555552,0.18071308299946331,0.5873139315713377,0.23197298542919892,0.18071308299946331,0.5873139315713377,0.23197298542919892,0.5873139315713377,0.18071308299946331,-0.3553409461421388,2,2,0.128,400.0,0.42385962195839966,0.9044932597432849,-0.3544932597432848
381,381,categorical_soft,0,0,True,0.13994749393293426,0.0,0.8600525259971619,0.0,0.13994748890399933,1,-0.7201050370931625,0.009462864015307068,0.1752239798904036,0.06535878826974463,0.020187098189669895,0.009462864015307068,0.3632935292306999,0.3258284978733685,0.31087797289593155,0.3632935292306999,0.3258284978733685,0.31087797289593155,0.3632935292306999,0.3258284978733685,-0.052415556334768354,1,1,0.256,610.0,0.9956440702080727,0.9918732366503379,-0.44187323665033784
382,382,categorical_soft,0,0,False,0.0,0.0,1.0,0.0,0.0,1,-1.0,0.16820046489996687,2.3750102512317133,1.7773251467176636,-4.495830810675125,0.16820046489996687,0.6434182340829235,0.35589782299674366,0.000683942920332725,0.6434182340829235,0.35589782299674366,0.000683942920332725,0.6434182340829235,0.35589782299674366,-0.6427342911625908,1,1,0.256,480.0,0.7710565626621246,0.9793193742271186,-0.4293193742271185
383,383,categorical_soft,1,1,True,0.14417076045447696,0.0,0.0,0.8558292388916016,0.14417076110839844,2,-0.7116584777832031,0.024716896049457968,-0.369472936533884,0.8193664588112417,-0.0941393745971287,0.024716896049457968,0.1785375958815089,0.5861228396345497,0.23533956448394133,0.1785375958815089,0.5861228396345497,0.23533956448394133,0.5861228396345497,0.1785375958815089,-0.35078327515060836,2,2,0.256,760.0,0.8084479738026857,0.9759628652576691,-0.425962865257669
384,384,categorical_soft,0,0,False,0.0,0.0,1.0,0.0,0.0,1,-1.0,0.16099736221808764,4.58810114985464,2.1334300983107988,-8.284387242972727,0.16099736221808764,0.9208671082391104,0.0791303893296766,2.5024312129510305e-06,0.9208671082391104,0.0791303893296766,2.5024312129510305e-06,0.9208671082391104,0.0791303893296766,-0.9208646058078975,1,1,0.128,1080.0,0.9401882588863373,0.9813913142856413,-0.43139131428564126
385,385,categorical_soft,1,1,True,0.14549609815167108,0.0,0.0,0.8545039296150208,0.14549610018730164,2,-0.7090078294277191,0.018401460969667077,-0.3281398142433938,0.7488487652251865,-0.06975025509448134,0.018401460969667077,0.19114303387608145,0.5611651467262659,0.24769181939765256,0.19114303387608145,0.5611651467262659,0.24769181939765256,0.5611651467262659,0.19114303387608145,-0.3134733273286134,2,2,0.256,770.0,0.7735878583043814,0.9712650823388411,-0.4212650823388411
386,386,categorical_soft,0,0,True,0.1386766372350519,0.0,0.861323356628418,0.0,0.13867664337158203,1,-0.7226467132568359,0.025164834674510684,0.27442657352907546,0.13766983004394145,0.01229226281306662,0.025164834674510684,0.3789095035780575,0.33025200590859827,0.29083849051334426,0.3789095035780575,0.33025200590859827,0.29083849051334426,0.3789095035780575,0.33025200590859827,-0.08807101306471327,1,1,0.512,400.0,1.1461854800581932,0.9969733685655217,-0.4469733685655216
387,387,categorical_soft,0,0,False,0.0,0.0,1.0,0.0,0.0,1,-1.0,0.15174675152031758,3.8479285564684824,1.8330667075620521,-6.943254862283871,0.15174675152031758,0.8822795408586209,0.11770146254162264,1.8996599756480874e-05,0.8822795408586209,0.11770146254162264,1.8996599756480874e-05,0.8822795408586209,0.11770146254162264,-0.8822605442588645,1,1,0.256,660.0,0.940440259873867,0.9887148115988028,-0.43871481159880277
388,388,categorical_soft,1,1,True,0.16684084755566841,0.0,0.0,0.8331591486930847,0.16684085130691528,2,-0.6663182973861694,0.017749140434931365,-0.28823959779955666,0.8243218201486808,-0.09082148325872272,0.017749140434931365,0.19013711757793494,0.5782413131481865,0.2316215692738786,0.19013711757793494,0.5782413131481865,0.2316215692738786,0.5782413131481865,0.19013711757793494,-0.3466197438743079,2,2,0.064,1010.0,0.5850121323019266,0.90925726285887,-0.35925726285886994
389,389,categorical_soft,0,0,False,0.0,0.0,1.0,0.0,0.0,1,-1.0,0.15506487472181002,2.6973295938713475,1.5272871768405576,-4.831328883570301,0.15506487472181002,0.7624694773306454,0.2371088945785888,0.000421628090765743,0.7624694773306454,0.2371088945785888,0.000421628090765743,0.7624694773306454,0.2371088945785888,-0.7620478492398797,1,1,0.064,880.0,0.4785623997449875,0.8741640467966116,-0.3241640467966116
390,390,categorical_soft,1,1,True,0.2760299416475489,0.0,0.0,0.7239700555801392,0.27602994441986084,2,-0.4479401111602783,0.009648510169941806,0.09567417254554497,0.13343247193085245,0.008105649124549617,0.009648510169941806,0.3383582026457585,0.3516839996917164,0.3099577976625251,0.3383582026457585,0.3516839996917164,0.3099577976625251,0.3516839996917164,0.3383582026457585,-0.04172620202919125,2,2,0.0,1000.0,0.32620373368263245,0.7398172420363511,-0.18981724203635109
391,391,categorical_soft,0,0,False,0.0,0.0,1.0,0.0,0.0,1,-1.0,0.15189757256816402,3.0038911689070114,1.5958655793024585,-5.387047327770093,0.15189757256816402,0.803143596133127,0.19666832144053054,0.00018808242634231557,0.803143596133127,0.19666832144053054,0.00018808242634231557,0.803143596133127,0.19666832144053054,-0.8029555137067848,1,1,0.128,840.0,0.7657688558101654,0.9676319299768472,-0.41763192997684717
392,392,categorical_soft,0,0,True,0.1412916564522666,0.0,0.8587083220481873,0.0,0.14129166305065155,1,-0.7174166589975357,0.012322745615119866,0.17864036971005753,0.036996691256370264,0.01902883177707958,0.012322745615119866,0.36754356954741907,0.3194039805014438,0.31305244995113723,0.36754356954741907,0.3194039805014438,0.31305244995113723,0.36754356954741907,0.3194039805014438,-0.054491119596281834,1,1,0.064,930.0,0.9719650354236364,0.9866435474255073,-0.43664354742550726
393,393,categorical_soft,0,0,True,0.29355228838107594,0.0,0.7064477205276489,0.0,0.2935522794723511,1,-0.41289544105529785,0.01704839484630502,-0.31080766519723974,0.7813977890942713,-0.07357029720870312,0.01704839484630502,0.1905378836726529,0.5678545620400967,0.24160755428725036,0.1905378836726529,0.5678545620400967,0.24160755428725036,0.1905378836726529,0.5678545620400967,0.05106967061459747,2,2,0.0,420.0,0.16475437581539154,0.7213106216778917,-0.17131062167789168
394,394,categorical_soft,0,0,False,0.0,0.0,1.0,0.0,0.0,1,-1.0,0.1608227828412148,3.441522024765294,1.6592774406632844,-6.18058044449245,0.1608227828412148,0.8558846882249543,0.14405648686893993,5.8824906105647726e-05,0.8558846882249543,0.14405648686893993,5.8824906105647726e-05,0.8558846882249543,0.14405648686893993,-0.8558258633188487,1,1,0.064,1130.0,0.5938400030136108,0.9005461713773014,-0.3505461713773014
395,395,categorical_soft,0,0,True,0.22105897632457006,0.0,0.7789410352706909,0.0,0.22105897963047028,1,-0.5578820556402206,0.011108697284436522,0.12575465959281537,0.07041221322129114,0.01031300967744744,0.011108697284436522,0.3523762640074984,0.33374013366749666,0.313883602325005,0.3523762640074984,0.33374013366749666,0.313883602325005,0.3523762640074984,0.33374013366749666,-0.03849266168249338,1,1,0.032,1110.0,0.4338230639696121,0.8086384647508287,-0.25863846475082863
396,396,categorical_soft,1,1,False,0.0,0.0,0.0,1.0,0.0,2,-1.0,0.352046606753915,-0.5801225069221718,1.7747444282398415,-1.0456042785487818,0.352046606753915,0.08218298488370068,0.8658042696612812,0.052012745455018036,0.08218298488370068,0.8658042696612812,0.052012745455018036,0.8658042696612812,0.08218298488370068,-0.8137915242062632,2,2,0.512,1110.0,0.9393975138664246,0.9806455907424554,-0.43064559074245534
397,397,categorical_soft,1,1,False,0.0,0.0,0.0,1.0,0.0,2,-1.0,0.2798041912069393,-0.3404688882203026,2.035098495062874,-1.5395897751924559,0.2798041912069393,0.08293076453195851,0.8918677052029192,0.025201530265122334,0.08293076453195851,0.8918677052029192,0.025201530265122334,0.8918677052029192,0.08293076453195851,-0.866666174937797,2,2,0.256,1050.0,0.9099549353122711,0.9792239661600461,-0.4292239661600461
398,398,categorical_soft,1,1,True,0.15284969822104216,0.0,0.0,0.8471503257751465,0.1528497040271759,2,-0.6943006217479706,0.03346606588535714,-0.3768600454501715,0.9704646243839324,-0.15339979608864918,0.03346606588535714,0.16405259863686908,0.6307814546207375,0.2051659467423935,0.16405259863686908,0.6307814546207375,0.2051659467423935,0.6307814546207375,0.16405259863686908,-0.425615507878344,2,2,0.128,490.0,0.5764550000894815,0.9473221554846154,-0.39732215548461536
399,399,categorical_soft,1,1,True,0.22781912808323002,0.0,0.0,0.7721808552742004,0.22781912982463837,2,-0.5443617254495621,0.025108829939084053,-0.3682757748148779,0.8385123112283187,-0.10136981351635399,0.025108829939084053,0.17701779540398296,0.5916240507448863,0.23135815385113068,0.17701779540398296,0.5916240507448863,0.23135815385113068,0.5916240507448863,0.17701779540398296,-0.36026589689375565,2,2,0.032,400.0,0.2471591681241989,0.7989866884283707,-0.24898668842837068
