trial_index,dataset_index,student_action_objective,true_direction,dir_choice,sure_available,teacher_sure_strength,target_fixation,target_left,target_right,target_sure,teacher_preferred_action,target_action_margin,raw_post_go_fixation,raw_post_go_left,raw_post_go_right,raw_post_go_sure,predicted_fixation,predicted_left,predicted_right,predicted_sure,p_left,p_right,p_sure,predicted_correct_direction,predicted_incorrect_direction,predicted_action_margin,final_argmax_choice,action_argmax_choice,stimulus_coherence,stimulus_duration_ms,internal_margin,empirical_p_correct,delta_value
0,0,categorical_soft,0,0,False,0.0,0.0,1.0,0.0,0.0,1,-1.0,0.37396378815174103,6.256724500656128,-0.1748449608683586,-8.097725677490235,0.37396378815174103,0.9983845624229459,0.0016148514246266058,5.861524274148013e-07,0.9983845624229459,0.0016148514246266058,5.861524274148013e-07,0.9983845624229459,0.0016148514246266058,-0.9983839762705186,1,1,0.512,940.0,1.0484288111329079,0.9906774506351905,-0.4406774506351905
1,1,categorical_soft,0,0,True,0.20536326275014355,0.0,0.7946367263793945,0.0,0.20536325871944427,1,-0.5892734676599503,0.3303250528872013,0.817994749546051,-1.339375126361847,0.14201217480003833,0.3303250528872013,0.6155931608994848,0.07123573717278238,0.3131711019277329,0.6155931608994848,0.07123573717278238,0.3131711019277329,0.6155931608994848,0.07123573717278238,-0.3024220589717519,1,1,0.0,890.0,0.4134471267461777,0.8328962506168242,-0.2828962506168241
2,2,categorical_soft,1,1,True,0.1627092707452713,0.0,0.0,0.8372907042503357,0.16270926594734192,2,-0.6745814383029938,0.2824688874185085,-2.5960225105285644,2.327030563354492,0.9705283641815186,0.2824688874185085,0.005763612248422892,0.7901847610849729,0.20405162666660415,0.005763612248422892,0.7901847610849729,0.20405162666660415,0.7901847610849729,0.005763612248422892,-0.5861331344183688,2,2,0.256,510.0,0.4894590051844716,0.9196709493279273,-0.3696709493279272
3,3,categorical_soft,0,0,False,0.0,0.0,1.0,0.0,0.0,1,-1.0,0.36861552894115446,7.613327407836914,0.18603384718298913,-10.362638664245605,0.36861552894115446,0.9994030541182006,0.0005969302182708376,1.566352848438608e-08,0.9994030541182006,0.0005969302182708376,1.566352848438608e-08,0.9994030541182006,0.0005969302182708376,-0.9994030384546722,1,1,0.512,960.0,1.073611468076706,0.9915539535033948,-0.44155395350339477
4,4,categorical_soft,0,0,False,0.0,0.0,1.0,0.0,0.0,1,-1.0,0.3430559001863003,6.626204156875611,-0.017684608325362207,-8.697687530517578,0.3430559001863003,0.9986921000201103,0.0013076754830982102,2.2449679148621246e-07,0.9986921000201103,0.0013076754830982102,2.2449679148621246e-07,0.9986921000201103,0.0013076754830982102,-0.9986918755233188,1,1,0.128,1020.0,0.8045955151319504,0.9668002996095091,-0.41680029960950904
5,5,categorical_soft,0,0,True,0.1494681574748153,0.0,0.850531816482544,0.0,0.14946815371513367,1,-0.7010636627674103,0.23825526759028434,1.7998292565345764,-2.5217463970184326,0.023242251574993135,0.23825526759028434,0.8456106374108732,0.011244907009429903,0.14314445557969677,0.8456106374108732,0.011244907009429903,0.14314445557969677,0.8456106374108732,0.011244907009429903,-0.7024661818311764,1,1,0.064,1100.0,0.7740941792726517,0.9579179349019022,-0.4079179349019022
6,6,categorical_soft,0,0,False,0.0,0.0,1.0,0.0,0.0,1,-1.0,0.4218496233224869,5.874618291854858,0.9980161249637604,-8.858953666687011,0.4218496233224869,0.9923721616584322,0.007627430879133848,4.0746243383157085e-07,0.9923721616584322,0.007627430879133848,4.0746243383157085e-07,0.9923721616584322,0.007627430879133848,-0.9923717541959984,1,1,0.128,920.0,0.9184840470552444,0.9829027041866822,-0.4329027041866822
7,7,categorical_soft,0,0,False,0.0,0.0,1.0,0.0,0.0,1,-1.0,0.40321389883756636,0.20585911870002746,0.7753071665763855,-0.9580404341220856,0.40321389883756636,0.3246672466147428,0.5736991487982577,0.10163360458699955,0.3246672466147428,0.5736991487982577,0.10163360458699955,0.3246672466147428,0.5736991487982577,-0.22303364202774323,2,2,0.0,1020.0,0.046841979026794434,0.4129663606271245,0.13703363937287555
8,8,categorical_soft,1,1,True,0.1573025373588735,0.0,0.0,0.8426974415779114,0.15730254352092743,2,-0.685394898056984,0.30448744669556616,-2.1049498558044433,2.129236435890198,0.7540225028991699,0.30448744669556616,0.011517608553531561,0.7885284296478173,0.19995396179865121,0.011517608553531561,0.7885284296478173,0.19995396179865121,0.7885284296478173,0.011517608553531561,-0.5885744678491661,2,2,0.256,470.0,0.5237435521557927,0.9342915810289389,-0.3842915810289389
9,9,categorical_soft,0,0,False,0.0,0.0,1.0,0.0,0.0,1,-1.0,0.3378420755267143,7.2258988380432125,0.19645351842045783,-9.920197296142579,0.3378420755267143,0.9991133939908987,0.0008865700867858572,3.592231515611997e-08,0.9991133939908987,0.0008865700867858572,3.592231515611997e-08,0.9991133939908987,0.0008865700867858572,-0.9991133580685836,1,1,0.512,1010.0,1.1523869410157204,0.9938939755920116,-0.4438939755920116
10,10,categorical_soft,1,1,False,0.0,0.0,0.0,1.0,0.0,2,-1.0,0.44525397568941116,0.6984683156013489,2.3810539722442625,-3.059503102302551,0.44525397568941116,0.15627681616212696,0.8400231526273675,0.0037000312105054745,0.15627681616212696,0.8400231526273675,0.0037000312105054745,0.8400231526273675,0.15627681616212696,-0.836323121416862,2,2,0.032,1170.0,0.730802558362484,0.9441724449195158,-0.39417244491951575
11,11,categorical_soft,1,1,True,0.15537181576585085,0.0,0.0,0.8446281552314758,0.15537181496620178,2,-0.689256340265274,0.2750373434275389,-2.068998396396637,1.8933310866355897,0.8558600068092346,0.2750373434275389,0.013990254438783021,0.7277950741441531,0.25821467141706395,0.013990254438783021,0.7277950741441531,0.25821467141706395,0.7277950741441531,0.013990254438783021,-0.4695804027270892,2,2,0.064,560.0,0.5649214829318225,0.9398221432929741,-0.38982214329297404
12,12,categorical_soft,1,1,False,0.0,0.0,0.0,1.0,0.0,2,-1.0,0.3741041004657745,-0.9968405663967133,4.106312465667725,-2.3950454711914064,0.3741041004657745,0.006039869819397081,0.9923967114402716,0.0015634187403313245,0.006039869819397081,0.9923967114402716,0.0015634187403313245,0.9923967114402716,0.006039869819397081,-0.9908332926999404,2,2,0.064,910.0,0.7842522263526917,0.9678326450270627,-0.41783264502706263
13,13,categorical_soft,1,1,False,0.0,0.0,0.0,1.0,0.0,2,-1.0,0.447134305536747,1.136026930809021,0.6768206596374512,-2.1195270299911497,0.447134305536747,0.5984147537754549,0.3782443123103739,0.023340933914171146,0.5984147537754549,0.3782443123103739,0.023340933914171146,0.3782443123103739,0.5984147537754549,-0.3549033783962028,1,1,0.032,460.0,0.8103487938642502,0.9832889224471807,-0.43328892244718065
14,14,categorical_soft,1,1,False,0.0,0.0,0.0,1.0,0.0,2,-1.0,0.4472983658313751,-1.489780032634735,3.484667444229126,-1.0758547604084014,0.4472983658313751,0.006836815360320771,0.9824473969709414,0.010715787668737837,0.006836815360320771,0.9824473969709414,0.010715787668737837,0.9824473969709414,0.006836815360320771,-0.9717316093022036,2,2,0.064,490.0,0.6984655410051346,0.970371268883655,-0.42037126888365495
15,15,categorical_soft,1,1,False,0.0,0.0,0.0,1.0,0.0,2,-1.0,0.47822377532720567,0.5389059007167816,0.6303749918937683,-1.3918994665145874,0.47822377532720567,0.44606143672370724,0.4888007850930592,0.06513777818323375,0.44606143672370724,0.4888007850930592,0.06513777818323375,0.4888007850930592,0.44606143672370724,-0.42366300690982545,2,2,0.064,670.0,0.657180730602704,0.9555993270423452,-0.40559932704234514
16,16,categorical_soft,0,0,False,0.0,0.0,1.0,0.0,0.0,1,-1.0,0.3327927067875862,3.6609911203384398,0.6275199353694916,-5.539712905883789,0.3327927067875862,0.9539273962535673,0.045974951710738884,9.765203569395253e-05,0.9539273962535673,0.045974951710738884,9.765203569395253e-05,0.9539273962535673,0.045974951710738884,-0.9538297442178733,1,1,0.032,990.0,0.6548107713460922,0.9353335886244387,-0.38533358862443867
17,17,categorical_soft,0,0,False,0.0,0.0,1.0,0.0,0.0,1,-1.0,0.3826516792178154,5.508726167678833,0.6434494376182556,-8.022656917572021,0.3826516792178154,0.9923474789021636,0.007651194193980589,1.326903855836498e-06,0.9923474789021636,0.007651194193980589,1.326903855836498e-06,0.9923474789021636,0.007651194193980589,-0.9923461519983078,1,1,0.064,1160.0,0.867465652525425,0.9710154946235546,-0.4210154946235546
18,18,categorical_soft,0,0,True,0.4703194649998598,0.0,0.5296805500984192,0.0,0.4703194797039032,1,-0.05936107039451599,0.23910729996860028,0.7610489666461945,-0.9425705671310425,0.043227213248610494,0.23910729996860028,0.5987829111959239,0.10908998663014544,0.2921271021739307,0.5987829111959239,0.10908998663014544,0.2921271021739307,0.5987829111959239,0.10908998663014544,-0.3066558090219932,1,1,0.064,880.0,0.14334997534751892,0.5723013908026424,-0.022301390802642374
19,19,categorical_soft,0,0,True,0.15783541674977236,0.0,0.8421645760536194,0.0,0.15783542394638062,1,-0.6843291521072388,0.20791858546435832,1.5247124075889587,-0.976721441745758,-0.40149382054805755,0.20791858546435832,0.8136175802454233,0.066709587939444,0.11967283181513266,0.8136175802454233,0.066709587939444,0.11967283181513266,0.8136175802454233,0.066709587939444,-0.6939447484302906,1,1,0.064,890.0,0.6218863129615784,0.9327954541479567,-0.3827954541479567
20,20,categorical_soft,0,0,True,0.1385075905024299,0.0,0.861492395401001,0.0,0.13850758969783783,1,-0.7229848057031631,0.15519306790083648,3.4167471885681153,-4.0423609733581545,-0.5401284128427506,0.15519306790083648,0.9801899022871894,0.0005659580536894499,0.019244139659121227,0.9801899022871894,0.0005659580536894499,0.019244139659121227,0.9801899022871894,0.0005659580536894499,-0.9609457626280682,1,1,0.512,940.0,1.331511277705431,0.9976637240031028,-0.4476637240031027
21,21,categorical_soft,0,0,True,0.14257556409246797,0.0,0.8574244379997253,0.0,0.14257556200027466,1,-0.7148488759994507,0.24403099119663238,1.7558259129524232,-2.4592565536499023,-0.007024269364774227,0.24403099119663238,0.8429128300510976,0.012469538179737335,0.14461763176916514,0.8429128300510976,0.012469538179737335,0.14461763176916514,0.8429128300510976,0.012469538179737335,-0.6982951982819325,1,1,0.128,600.0,0.8269800916314125,0.9817964952979781,-0.43179649529797803
22,22,categorical_soft,1,1,True,0.17070501334162702,0.0,0.0,0.8292949795722961,0.17070502042770386,2,-0.6585899591445923,0.28596104234457015,-3.071807551383972,2.6592047691345213,1.3457346081733703,0.28596104234457015,0.002551401653737552,0.7855601453496185,0.21188845299664397,0.002551401653737552,0.7855601453496185,0.21188845299664397,0.7855601453496185,0.002551401653737552,-0.5736716923529745,2,2,0.256,810.0,0.5141643323004246,0.9000342722994452,-0.35003427229944517
23,23,categorical_soft,1,1,True,0.19562216334397986,0.0,0.0,0.8043778538703918,0.19562216103076935,2,-0.6087556928396225,0.20585933700203896,0.6982961237430573,-0.9293120086193085,0.0969394501298666,0.20585933700203896,0.5731689049931388,0.11259183604345643,0.31423925896340493,0.5731689049931388,0.11259183604345643,0.31423925896340493,0.11259183604345643,0.5731689049931388,0.2016474229199485,1,1,0.0,880.0,0.4363681795075536,0.8495365426977518,-0.29953654269775176
24,24,categorical_soft,0,0,True,0.13827039345882153,0.0,0.861729621887207,0.0,0.13827039301395416,1,-0.7234592288732529,0.2482654843479395,3.5012089729309084,-1.8796629309654236,-1.1980456352233886,0.2482654843479395,0.9856327795360216,0.0045480652385831615,0.009819155225395195,0.9856327795360216,0.0045480652385831615,0.009819155225395195,0.9856327795360216,0.0045480652385831615,-0.9758136243106263,1,1,0.512,670.0,1.3751744218170643,0.9986372597710848,-0.4486372597710847
25,25,categorical_soft,0,0,True,0.13827917050404648,0.0,0.8617208003997803,0.0,0.13827916979789734,1,-0.7234416306018829,0.34482225179672243,3.8192925453186035,-0.2843625247478485,-3.115848517417908,0.34482225179672243,0.982776785695673,0.016237315282187737,0.0009858990221392554,0.982776785695673,0.016237315282187737,0.0009858990221392554,0.982776785695673,0.016237315282187737,-0.9817908866735336,1,1,0.512,490.0,1.3256772384047508,0.9986011338836283,-0.4486011338836282
26,26,categorical_soft,0,0,False,0.0,0.0,1.0,0.0,0.0,1,-1.0,0.500548255443573,3.5155461549758913,0.8165653288364411,-5.2014546394348145,0.500548255443573,0.9366280399213931,0.06321352980799252,0.0001584302706142298,0.9366280399213931,0.06321352980799252,0.0001584302706142298,0.9366280399213931,0.06321352980799252,-0.9364696096507789,1,1,0.032,990.0,0.6256432682275772,0.9261054418610988,-0.37610544186109873
27,27,categorical_soft,1,1,False,0.0,0.0,0.0,1.0,0.0,2,-1.0,0.34450248777866366,-1.3671403884887696,3.832798194885254,-1.3355575561523438,0.34450248777866366,0.005476851132185389,0.9886750077773081,0.005848141090506493,0.005476851132185389,0.9886750077773081,0.005848141090506493,0.9886750077773081,0.005476851132185389,-0.9828268666868016,2,2,0.256,670.0,1.0143475160002708,0.9920294334782974,-0.4420294334782974
28,28,categorical_soft,1,1,True,0.15346409575472014,0.0,0.0,0.8465359210968018,0.15346409380435944,2,-0.6930718272924423,0.3252480149269104,-2.4459815502166746,2.8450615406036377,1.076297390460968,0.3252480149269104,0.004391765539624205,0.8502093194776454,0.1453989149827304,0.004391765539624205,0.8502093194776454,0.1453989149827304,0.8502093194776454,0.004391765539624205,-0.704810404494915,2,2,0.256,700.0,0.6205295249819756,0.945465008707168,-0.39546500870716794
29,29,categorical_soft,1,1,False,0.0,0.0,0.0,1.0,0.0,2,-1.0,0.26075202208012344,-1.2579617857933045,5.332356357574463,-2.8440276384353638,0.26075202208012344,0.001371928230212818,0.9983376857300398,0.0002903860397474046,0.001371928230212818,0.9983376857300398,0.0002903860397474046,0.9983376857300398,0.001371928230212818,-0.9980472996902924,2,2,0.128,1110.0,0.8874989934265614,0.9751635105383551,-0.4251635105383551
30,30,categorical_soft,0,0,True,0.1382362113566537,0.0,0.8617637753486633,0.0,0.13823620975017548,1,-0.7235275655984879,0.41214166954159737,6.0052985668182375,-1.313576102256775,-5.414280223846435,0.41214166954159737,0.9993241862046778,0.0006632930752811046,1.2520720040923514e-05,0.9993241862046778,0.0006632930752811046,1.2520720040923514e-05,0.9993241862046778,0.0006632930752811046,-0.9993116654846369,1,1,0.512,1100.0,1.502898057922721,0.9987780266649418,-0.4487780266649417
31,31,categorical_soft,1,1,True,0.1981886021193041,0.0,0.0,0.8018113970756531,0.19818860292434692,2,-0.6036227941513062,0.25290312692523004,0.8808059871196747,-0.90521280169487,-0.048408298566937444,0.25290312692523004,0.6397374544889678,0.1072422211238783,0.2530203243871537,0.6397374544889678,0.1072422211238783,0.2530203243871537,0.1072422211238783,0.6397374544889678,0.14577810326327542,1,1,0.0,1080.0,0.4783298671245575,0.8450161845023628,-0.2950161845023628
32,32,categorical_soft,1,1,True,0.15878169880904897,0.0,0.0,0.8412182927131653,0.15878169238567352,2,-0.6824366003274918,0.21491972282528876,-2.9686602354049683,3.0604202270507814,1.3748182892799377,0.21491972282528876,0.0020280009721258627,0.8418731106849421,0.15609888834293204,0.0020280009721258627,0.8418731106849421,0.15609888834293204,0.8418731106849421,0.0020280009721258627,-0.68577422234201,2,2,0.512,1110.0,0.6674912087619305,0.930169693553761,-0.38016969355376096
33,33,categorical_soft,1,1,True,0.15452912015120251,0.0,0.0,0.8454709053039551,0.1545291244983673,2,-0.6909417808055878,0.2318997673690319,-2.6886013746261597,2.6259140014648437,1.0660587072372436,0.2318997673690319,0.00407016035218615,0.8218260806241939,0.17410375902361977,0.00407016035218615,0.8218260806241939,0.17410375902361977,0.8218260806241939,0.00407016035218615,-0.6477223216005742,2,2,0.256,590.0,0.5813465155661106,0.9422921797796965,-0.39229217977969644
34,34,categorical_soft,1,1,True,0.1659572057517602,0.0,0.0,0.8340427875518799,0.16595721244812012,2,-0.6680855751037598,0.32810142636299133,-2.9346691608428954,2.452795886993408,1.1489209413528443,0.32810142636299133,0.0035877939695776796,0.7829931503669141,0.21341905566350836,0.0035877939695776796,0.7829931503669141,0.21341905566350836,0.7829931503669141,0.0035877939695776796,-0.5695740947034057,2,2,0.512,980.0,0.5830800868570805,0.9114341793520553,-0.36143417935205524
35,35,categorical_soft,1,1,False,0.0,0.0,0.0,1.0,0.0,2,-1.0,0.336281818151474,-1.4093384623527527,4.094597101211548,-1.5447481751441956,0.336281818151474,0.00406409375297826,0.992212648039688,0.0037232582073338204,0.00406409375297826,0.992212648039688,0.0037232582073338204,0.992212648039688,0.00406409375297826,-0.9884893898323542,2,2,0.256,740.0,0.983464740216732,0.9899279505458738,-0.43992795054587375
36,36,categorical_soft,0,0,True,0.2756396611169857,0.0,0.7243603467941284,0.0,0.2756396532058716,1,-0.44872069358825684,0.2402738343924284,0.10258709564805031,-0.17049212753772736,0.07725188843905925,0.2402738343924284,0.36574013677596107,0.27814714385295985,0.356112719371079,0.36574013677596107,0.27814714385295985,0.356112719371079,0.36574013677596107,0.27814714385295985,-0.009627417404882044,1,1,0.0,910.0,0.30457280576229095,0.7402439727377856,-0.1902439727377856
37,37,categorical_soft,1,1,True,0.5000959869728804,0.0,0.0,0.49990400671958923,0.5000959634780884,3,0.0001919567584991455,0.31979323364794254,0.514191523194313,-0.5202773869037628,0.022664615511894227,0.31979323364794254,0.5082926506254919,0.1805855120642962,0.3111218373102119,0.5082926506254919,0.1805855120642962,0.3111218373102119,0.1805855120642962,0.5082926506254919,0.1305363252459157,1,1,0.0,530.0,0.03898046910762787,0.549928009768958,7.199023104209612e-05
38,38,categorical_soft,0,0,True,0.13969023630715088,0.0,0.8603097796440125,0.0,0.13969023525714874,1,-0.7206195443868637,0.24855337254703044,1.1554115056991576,-1.443846344947815,-0.01959668379276991,0.24855337254703044,0.7227300947383811,0.05374404580991461,0.22352585945170436,0.7227300947383811,0.05374404580991461,0.22352585945170436,0.7227300947383811,0.05374404580991461,-0.4992042352866768,1,1,0.128,420.0,0.9765269681811333,0.9928931070173358,-0.44289310701733575
39,39,categorical_soft,1,1,True,0.1427231677156029,0.0,0.0,0.8572768568992615,0.1427231729030609,2,-0.7145536839962006,0.13286645896732807,-3.0008578538894652,3.347708320617676,1.278776431083679,0.13286645896732807,0.0015509570413524873,0.8863310077457317,0.11211803521291583,0.0015509570413524873,0.8863310077457317,0.11211803521291583,0.8863310077457317,0.0015509570413524873,-0.7742129725328158,2,2,0.256,1000.0,0.9189697876572609,0.9812481310873736,-0.4312481310873736
40,40,categorical_soft,1,1,True,0.1449283766718838,0.0,0.0,0.8550716042518616,0.14492838084697723,2,-0.7101432234048843,0.24220088943839074,-2.6291004180908204,2.7865985870361327,1.1009762048721314,0.24220088943839074,0.0037494770467826496,0.8404034607890978,0.15584706216411953,0.0037494770467826496,0.8404034607890978,0.15584706216411953,0.8404034607890978,0.0037494770467826496,-0.6845563986249783,2,2,0.512,780.0,0.7911144569516182,0.9732614526724147,-0.42326145267241466
41,41,categorical_soft,0,0,False,0.0,0.0,1.0,0.0,0.0,1,-1.0,0.24695644043385984,5.532941484451294,0.4029278516769409,-7.795803689956665,0.24695644043385984,0.9941037482427546,0.005894632630891272,1.6191263539678407e-06,0.9941037482427546,0.005894632630891272,1.6191263539678407e-06,0.9941037482427546,0.005894632630891272,-0.9941021291164006,1,1,0.128,1110.0,0.8105276525020599,0.9641567331433587,-0.41415673314335866
42,42,categorical_soft,1,1,True,0.18386932635116243,0.0,0.0,0.8161306977272034,0.18386933207511902,2,-0.6322613656520844,0.21094928942620755,0.09316985383629799,-0.14549879729747772,0.03572490587830544,0.21094928942620755,0.36615961617643633,0.2882714637064914,0.34556892011707235,0.36615961617643633,0.2882714637064914,0.34556892011707235,0.2882714637064914,0.36615961617643633,0.05729745641058093,1,1,0.032,870.0,0.47157008200883865,0.8716904059750423,-0.3216904059750423
43,43,categorical_soft,0,0,False,0.0,0.0,1.0,0.0,0.0,1,-1.0,0.5093118026852608,3.1421934843063353,0.7003829598426818,-4.941349077224731,0.5093118026852608,0.919549548201261,0.08016301475958246,0.0002874370391565124,0.919549548201261,0.08016301475958246,0.0002874370391565124,0.919549548201261,0.08016301475958246,-0.9192621111621045,1,1,0.064,560.0,0.5961449593305588,0.9479353693958872,-0.39793536939588714
44,44,categorical_soft,0,0,False,0.0,0.0,1.0,0.0,0.0,1,-1.0,0.3300599530339241,5.252974653244019,0.4057208806276321,-7.441314029693603,0.3300599530339241,0.9922065689070972,0.007790378603793486,3.052489109293774e-06,0.9922065689070972,0.007790378603793486,3.052489109293774e-06,0.9922065689070972,0.007790378603793486,-0.992203516417988,1,1,0.032,1090.0,0.8813283666968346,0.9750127157054449,-0.42501271570544485
45,45,categorical_soft,0,0,True,0.2042680392286863,0.0,0.7957319617271423,0.0,0.20426803827285767,1,-0.5914639234542847,0.3115833766758442,0.8354689657688141,-0.7948934495449066,-0.09938386231660842,0.3115833766758442,0.6290799063846085,0.12321573997843435,0.24770435363695714,0.6290799063846085,0.12321573997843435,0.24770435363695714,0.6290799063846085,0.12321573997843435,-0.3813755527476514,1,1,0.064,490.0,0.3179522901773453,0.8346999382675498,-0.2846999382675498
46,46,categorical_soft,0,0,True,0.13885866885625836,0.0,0.8611413240432739,0.0,0.13885867595672607,1,-0.7222826480865479,0.17746086567640304,2.8085152864456178,-4.1305823802948,-0.04599811732769012,0.17746086567640304,0.9446627995950614,0.0009163030235379571,0.05442089738140053,0.9446627995950614,0.0009163030235379571,0.05442089738140053,0.9446627995950614,0.0009163030235379571,-0.8902419022136608,1,1,0.256,960.0,1.238908588886261,0.9962331804667848,-0.44623318046678473
47,47,categorical_soft,1,1,True,0.1491607895783002,0.0,0.0,0.8508391976356506,0.14916078746318817,2,-0.7016784101724625,0.20896451883018016,-2.751822590827942,2.5915200233459474,1.1049325585365295,0.20896451883018016,0.0039057057928325147,0.811896186768756,0.18419810743841164,0.0039057057928325147,0.811896186768756,0.18419810743841164,0.811896186768756,0.0039057057928325147,-0.6276980793303444,2,2,0.512,580.0,0.6515953863272443,0.9589142773357157,-0.4089142773357156
48,48,categorical_soft,1,1,False,0.0,0.0,0.0,1.0,0.0,2,-1.0,0.32913010120391845,-1.8352357864379882,5.904614686965942,-2.432236933708191,0.32913010120391845,0.00043649931395388375,0.9993147987566722,0.00024870192937390264,0.00043649931395388375,0.9993147987566722,0.00024870192937390264,0.9993147987566722,0.00043649931395388375,-0.9990660968272983,2,2,0.128,1170.0,0.9544913917779922,0.9806802795219415,-0.43068027952194143
49,49,categorical_soft,1,1,False,0.0,0.0,0.0,1.0,0.0,2,-1.0,0.3217948585748672,-1.537950336933136,4.590922164916992,-1.7987271070480346,0.3217948585748672,0.002179142370777296,0.9960901837108358,0.001730673918387001,0.002179142370777296,0.9960901837108358,0.001730673918387001,0.9960901837108358,0.002179142370777296,-0.9943595097924488,2,2,0.128,670.0,0.8650231137871742,0.9835412539954715,-0.4335412539954715
50,50,categorical_soft,0,0,True,0.17652500160833862,0.0,0.8234750032424927,0.0,0.17652499675750732,1,-0.6469500064849854,0.31526445373892786,0.6253282785415649,-0.7142887115478516,-0.0114763168618083,0.31526445373892786,0.5582144116847066,0.1462830610472045,0.29550252726808873,0.5582144116847066,0.1462830610472045,0.29550252726808873,0.5582144116847066,0.1462830610472045,-0.2627118844166179,1,1,0.032,510.0,0.4125770479440689,0.8869672724728956,-0.3369672724728956
51,51,categorical_soft,1,1,True,0.14994993269699897,0.0,0.0,0.8500500917434692,0.14994993805885315,2,-0.7001001536846161,0.21267039179801941,-3.190065884590149,2.9414361000061033,1.373415744304657,0.21267039179801941,0.0017944051525779034,0.8254701730501937,0.17273542179722834,0.0017944051525779034,0.8254701730501937,0.17273542179722834,0.8254701730501937,0.0017944051525779034,-0.6527347512529653,2,2,0.256,1000.0,0.7418664749711752,0.9563678204530032,-0.4063678204530031
52,52,categorical_soft,0,0,True,0.13890481310209313,0.0,0.8610951900482178,0.0,0.13890480995178223,1,-0.7221903800964355,0.16230246275663376,2.656194233894348,-3.573644256591797,-0.19916295558214187,0.16230246275663376,0.9437165139303211,0.0018601730749014996,0.05442331299477752,0.9437165139303211,0.0018601730749014996,0.05442331299477752,0.9437165139303211,0.0018601730749014996,-0.8892932009355435,1,1,0.256,880.0,1.2093748897314072,0.9960460687413807,-0.44604606874138064
53,53,categorical_soft,1,1,True,0.1700814905199407,0.0,0.0,0.8299185037612915,0.1700814962387085,2,-0.659837007522583,0.13973300717771053,-0.5395384520292282,0.6707545995712281,0.14916339367628098,0.13973300717771053,0.15823952141782732,0.5283112909913436,0.3134491875908292,0.15823952141782732,0.5283112909913436,0.3134491875908292,0.5283112909913436,0.15823952141782732,-0.21486210340051437,2,2,0.032,770.0,0.5076670087873936,0.9014911272737932,-0.35149112727379317
54,54,categorical_soft,1,1,False,0.0,0.0,0.0,1.0,0.0,2,-1.0,0.38404696360230445,-0.6594461917877197,4.2342428207397464,-2.673969030380249,0.38404696360230445,0.007466275627004748,0.9915083079576525,0.0010254164153426248,0.007466275627004748,0.9915083079576525,0.0010254164153426248,0.9915083079576525,0.007466275627004748,-0.99048289154231,2,2,0.064,1070.0,0.7707834392786026,0.9587128420090807,-0.40871284200908065
55,55,categorical_soft,1,1,False,0.0,0.0,0.0,1.0,0.0,2,-1.0,0.5132861912250519,1.1157761573791505,3.9000613689422607,-5.101757001876831,0.5132861912250519,0.05872780875245,0.9411551254815169,0.00011706576603310291,0.05872780875245,0.9411551254815169,0.00011706576603310291,0.9411551254815169,0.05872780875245,-0.9410380597154838,2,2,0.064,1120.0,0.8611905425786972,0.9715009364845482,-0.4215009364845481
56,56,categorical_soft,0,0,False,0.0,0.0,1.0,0.0,0.0,1,-1.0,0.36618149280548096,6.366904258728027,0.1742263466119766,-8.615944862365723,0.36618149280548096,0.9979452341276545,0.0020544550241007264,3.108482446930759e-07,0.9979452341276545,0.0020544550241007264,3.108482446930759e-07,0.9979452341276545,0.0020544550241007264,-0.9979449232794098,1,1,0.512,690.0,0.9768161326646805,0.990199551493082,-0.440199551493082
57,57,categorical_soft,0,0,True,0.15970363701444518,0.0,0.8402963876724243,0.0,0.15970364212989807,1,-0.6805927455425262,0.3450181677937508,1.0867431640625,-1.1798385620117187,-0.07430203780531883,0.3450181677937508,0.7055127887652131,0.0731540423597999,0.2213331688749871,0.7055127887652131,0.0731540423597999,0.2213331688749871,0.7055127887652131,0.0731540423597999,-0.48417961989022595,1,1,0.064,460.0,0.500236913561821,0.9276486484729601,-0.3776486484729601
58,58,categorical_soft,1,1,True,0.3336827505310743,0.0,0.0,0.6663172245025635,0.33368274569511414,2,-0.33263447880744934,0.2574756469577551,-0.04420368932187557,0.08138292394578457,-0.0069854211062192915,0.2574756469577551,0.3155287416910514,0.3574677621796149,0.32700349612933366,0.3155287416910514,0.3574677621796149,0.32700349612933366,0.3574677621796149,0.3155287416910514,-0.03046426605028124,2,2,0.032,530.0,0.15421375632286072,0.6827785006137393,-0.1327785006137393
59,59,categorical_soft,1,1,False,0.0,0.0,0.0,1.0,0.0,2,-1.0,0.3034670494496822,-1.1002388775348664,4.837908840179443,-2.6795166015625,0.3034670494496822,0.00263223587416742,0.9968078422073388,0.0005599219184937858,0.00263223587416742,0.9968078422073388,0.0005599219184937858,0.9968078422073388,0.00263223587416742,-0.996247920288845,2,2,0.064,870.0,0.7703574150800705,0.9672025823294294,-0.4172025823294293
60,60,categorical_soft,0,0,True,0.13862414130839523,0.0,0.8613758683204651,0.0,0.1386241465806961,1,-0.722751721739769,0.200771402195096,3.423513412475586,-2.8677048206329347,-0.8657721519470215,0.200771402195096,0.9829565741118029,0.001822271138055789,0.015221154750141344,0.9829565741118029,0.001822271138055789,0.015221154750141344,0.9829565741118029,0.001822271138055789,-0.9677354193616616,1,1,0.256,1070.0,1.3255500122904778,0.9971874450250001,-0.4471874450250001
61,61,categorical_soft,1,1,False,0.0,0.0,0.0,1.0,0.0,2,-1.0,0.2859750516712666,-1.4603859663009644,4.684314393997193,-2.1117331624031066,0.2859750516712666,0.0021446191500566108,0.9966878302646759,0.001167550585267594,0.0021446191500566108,0.9966878302646759,0.001167550585267594,0.9966878302646759,0.0021446191500566108,-0.9955202796794083,2,2,0.512,870.0,0.9255192875862122,0.9844256769823115,-0.4344256769823115
62,62,categorical_soft,1,1,False,0.0,0.0,0.0,1.0,0.0,2,-1.0,0.4128912158310413,1.777614164352417,0.7945715248584747,-2.9968883991241455,0.4128912158310413,0.7231294675620366,0.2706731518073765,0.006197380630586843,0.7231294675620366,0.2706731518073765,0.006197380630586843,0.2706731518073765,0.7231294675620366,-0.26447577117678966,1,1,0.0,980.0,0.2789652496576309,0.6978387305640433,-0.14783873056404329
63,63,categorical_soft,1,1,True,0.17366902544088542,0.0,0.0,0.8263309597969055,0.1736690253019333,2,-0.6526619344949722,0.3920947637408972,0.34821754693984985,0.090848633274436,-0.07206879574805498,0.3920947637408972,0.4117684251612289,0.31788932364989225,0.27034225118887883,0.4117684251612289,0.31788932364989225,0.27034225118887883,0.31788932364989225,0.4117684251612289,-0.04754707246101342,1,1,0.032,970.0,0.5385469272732735,0.8932635050298142,-0.3432635050298142
64,64,categorical_soft,1,1,True,0.4901604227321506,0.0,0.0,0.5098395943641663,0.49016043543815613,2,-0.019679158926010132,0.26554547138512136,0.23947978168725967,-0.5383567154407501,0.10558581501245498,0.26554547138512136,0.42836332250006526,0.19691850453205717,0.37471817296787746,0.42836332250006526,0.19691850453205717,0.37471817296787746,0.19691850453205717,0.42836332250006526,0.1777996684358203,1,1,0.0,840.0,0.12118034064769745,0.5573811719932862,-0.00738117199328614
65,65,categorical_soft,1,1,False,0.0,0.0,0.0,1.0,0.0,2,-1.0,0.4694956630468369,2.177277660369873,0.8910469233989715,-3.764458513259888,0.4694956630468369,0.7818025333245778,0.2161152506281614,0.002082216047260857,0.7818025333245778,0.2161152506281614,0.002082216047260857,0.2161152506281614,0.7818025333245778,-0.21403303458090053,1,1,0.0,1090.0,0.4844055473804474,0.8473326432389668,-0.2973326432389668
66,66,categorical_soft,0,0,False,0.0,0.0,1.0,0.0,0.0,1,-1.0,0.4065393596887589,6.9229254722595215,-0.21149789802730085,-8.903946018218994,0.4065393596887589,0.9991965091688465,0.0008033561381115788,1.346930419630927e-07,0.9991965091688465,0.0008033561381115788,1.346930419630927e-07,0.9991965091688465,0.0008033561381115788,-0.9991963744758046,1,1,0.512,890.0,1.2261307686567307,0.9963133969089378,-0.4463133969089378
67,67,categorical_soft,1,1,False,0.0,0.0,0.0,1.0,0.0,2,-1.0,0.2581771209836006,-1.596293818950653,5.200357818603516,-2.339741086959839,0.2581771209836006,0.0011187653775785763,0.9983315544763997,0.0005496801460216393,0.0011187653775785763,0.9983315544763997,0.0005496801460216393,0.9983315544763997,0.0011187653775785763,-0.997781874330378,2,2,0.128,1100.0,0.8749115876853466,0.9739286109917756,-0.4239286109917756
68,68,categorical_soft,1,1,False,0.0,0.0,0.0,1.0,0.0,2,-1.0,0.3813168995082378,-0.971122819185257,4.491687870025634,-2.5397815227508547,0.3813168995082378,0.004231417038874537,0.9948506171928694,0.0009179657682563059,0.004231417038874537,0.9948506171928694,0.0009179657682563059,0.9948506171928694,0.004231417038874537,-0.9939326514246131,2,2,0.128,960.0,0.9685422331094742,0.9859270080561116,-0.4359270080561115
69,69,categorical_soft,0,0,False,0.0,0.0,1.0,0.0,0.0,1,-1.0,0.44659565985202787,4.95412049293518,0.7549299597740173,-7.409521818161011,0.44659565985202787,0.985125254108554,0.014870475622464232,4.270268981774852e-06,0.985125254108554,0.014870475622464232,4.270268981774852e-06,0.985125254108554,0.014870475622464232,-0.9851209838395723,1,1,0.128,720.0,0.8523540496826172,0.9814357017170758,-0.4314357017170758
70,70,categorical_soft,0,0,False,0.0,0.0,1.0,0.0,0.0,1,-1.0,0.464153528213501,1.228714406490326,1.0624536275863647,-2.742462396621704,0.464153528213501,0.535853901360312,0.45393149592365206,0.010214602716035942,0.535853901360312,0.45393149592365206,0.010214602716035942,0.535853901360312,0.45393149592365206,-0.525639298644276,1,1,0.0,720.0,0.44834649562835693,0.8789702181222038,-0.32897021812220373
71,71,categorical_soft,0,0,False,0.0,0.0,1.0,0.0,0.0,1,-1.0,0.3784964971244335,4.082428646087647,0.6244608104228974,-6.1109254360198975,0.3784964971244335,0.969390579828709,0.030572874947904484,3.6545223386439944e-05,0.969390579828709,0.030572874947904484,3.6545223386439944e-05,0.969390579828709,0.030572874947904484,-0.9693540346053225,1,1,0.032,780.0,0.8637105077505112,0.981132042637916,-0.43113204263791594
72,72,categorical_soft,1,1,False,0.0,0.0,0.0,1.0,0.0,2,-1.0,0.34192172065377235,-0.9742082774639129,4.781616926193237,-2.9324334144592283,0.34192172065377235,0.0031560704412410033,0.9963854873160753,0.0004584422426835725,0.0031560704412410033,0.9963854873160753,0.0004584422426835725,0.9963854873160753,0.0031560704412410033,-0.9959270450733918,2,2,0.064,1100.0,0.8855261914432049,0.9752206615559437,-0.4252206615559436
73,73,categorical_soft,1,1,True,0.22352256546050314,0.0,0.0,0.7764774560928345,0.22352255880832672,2,-0.5529548972845078,0.37103395238518716,0.809724098443985,-0.4003330260515213,-0.1829987183213234,0.37103395238518716,0.5987741918036356,0.1784633490971173,0.22276245909924727,0.5987741918036356,0.1784633490971173,0.22276245909924727,0.1784633490971173,0.5987741918036356,0.044299110002129966,1,1,0.032,1070.0,0.41934990882873535,0.805071285281604,-0.25507128528160394
74,74,categorical_soft,1,1,False,0.0,0.0,0.0,1.0,0.0,2,-1.0,0.3901562750339508,-1.5471296072006226,3.66647891998291,-1.143206036090851,0.3901562750339508,0.005406087179582907,0.9861777088983159,0.008416203922101208,0.005406087179582907,0.9861777088983159,0.008416203922101208,0.9861777088983159,0.005406087179582907,-0.9777615049762147,2,2,0.256,470.0,0.750457413494587,0.9774343798942589,-0.4274343798942588
75,75,categorical_soft,0,0,True,0.13853784026948351,0.0,0.8614621758460999,0.0,0.13853783905506134,1,-0.7229243367910385,0.2070842482149601,4.131000518798828,-5.098534822463989,-0.6125427335500717,0.2070842482149601,0.9911831006946178,9.81183535212826e-05,0.008718780951860957,0.9911831006946178,9.81183535212826e-05,0.008718780951860957,0.9911831006946178,9.81183535212826e-05,-0.9824643197427568,1,1,0.512,1130.0,1.367600105702877,0.9975399784909955,-0.44753997849099547
76,76,categorical_soft,1,1,False,0.0,0.0,0.0,1.0,0.0,2,-1.0,0.2741227213293314,-1.4624586582183838,4.113091945648193,-1.4992087602615356,0.2741227213293314,0.0037847901739275188,0.9924257782415873,0.0037894315844849693,0.0037847901739275188,0.9924257782415873,0.0037894315844849693,0.9924257782415873,0.0037847901739275188,-0.9886363466571023,2,2,0.256,570.0,0.875366348773241,0.9860973961582832,-0.43609739615828313
77,77,categorical_soft,0,0,True,0.2843102796255571,0.0,0.7156897187232971,0.0,0.2843102812767029,1,-0.43137943744659424,0.1912341769784689,0.068782127648592,-0.15440633594989778,0.09580162614583969,0.1912341769784689,0.35397022012721546,0.2828925485712633,0.3631372313015212,0.35397022012721546,0.2828925485712633,0.3631372313015212,0.35397022012721546,0.2828925485712633,0.00916701117430574,3,3,0.0,540.0,0.20403078198432922,0.7309183744348664,-0.18091837443486636
78,78,categorical_soft,0,0,False,0.0,0.0,1.0,0.0,0.0,1,-1.0,0.5392582088708877,0.924730759859085,0.6543267071247101,-1.6485259890556336,0.5392582088708877,0.5433477746633961,0.4145783616901234,0.04207386364648045,0.5433477746633961,0.4145783616901234,0.04207386364648045,0.5433477746633961,0.4145783616901234,-0.5012739110169157,1,1,0.0,620.0,0.4462731406092644,0.8902290393494401,-0.34022903934944004
79,79,categorical_soft,0,0,False,0.0,0.0,1.0,0.0,0.0,1,-1.0,0.33982509300112723,7.409157180786133,-0.5134953379631042,-9.45920991897583,0.33982509300112723,0.9996370437968876,0.0003629065107756984,4.9692336686330985e-08,0.9996370437968876,0.0003629065107756984,4.9692336686330985e-08,0.9996370437968876,0.0003629065107756984,-0.9996369941045509,1,1,0.512,1000.0,1.1299725770950317,0.9932690070609597,-0.4432690070609596
80,80,categorical_soft,0,0,False,0.0,0.0,1.0,0.0,0.0,1,-1.0,0.4162339255213737,3.6678078174591064,0.8535909235477448,-5.5796013355255125,0.4162339255213737,0.9431133430378127,0.05679489498236704,9.176197982036761e-05,0.9431133430378127,0.05679489498236704,9.176197982036761e-05,0.9431133430378127,0.05679489498236704,-0.9430215810579923,1,1,0.064,800.0,0.7522460445761681,0.9670563502311729,-0.4170563502311728
81,81,categorical_soft,1,1,False,0.0,0.0,0.0,1.0,0.0,2,-1.0,0.4693340376019478,0.7074842333793641,0.392861944437027,-1.2965888977050781,0.4693340376019478,0.5360282001399815,0.39131627865508567,0.07265552120493288,0.5360282001399815,0.39131627865508567,0.07265552120493288,0.39131627865508567,0.5360282001399815,-0.31866075745015277,1,1,0.0,870.0,0.6061205714941025,0.9293726519956671,-0.37937265199566705
82,82,categorical_soft,1,1,True,0.23795408725147604,0.0,0.0,0.7620459198951721,0.23795408010482788,2,-0.5240918397903442,0.3040516573935747,1.085222488641739,-0.6770812451839447,-0.23418981879949569,0.3040516573935747,0.6941268059102189,0.11956547112482116,0.1863077229649601,0.6941268059102189,0.11956547112482116,0.1863077229649601,0.11956547112482116,0.6941268059102189,0.06674225184013893,1,1,0.0,890.0,0.35041680932044983,0.7852620969120172,-0.23526209691201716
83,83,categorical_soft,0,0,True,0.36947866635092386,0.0,0.6305213570594788,0.0,0.36947867274284363,1,-0.26104268431663513,0.2661101324483752,1.3747651696205139,-0.5378701508045196,-0.3220891237258911,0.2661101324483752,0.7504020343932822,0.1109521200662569,0.13864584554046094,0.7504020343932822,0.1109521200662569,0.13864584554046094,0.7504020343932822,0.1109521200662569,-0.6117561888528213,1,1,0.0,950.0,0.22867665439844131,0.651605641655162,-0.10160564165516195
84,84,categorical_soft,1,1,False,0.0,0.0,0.0,1.0,0.0,2,-1.0,0.41248728707432747,0.674266928434372,0.6552874326705933,-1.3981043338775634,0.41248728707432747,0.4745250108249081,0.4655492803013739,0.05992570887371801,0.4745250108249081,0.4655492803013739,0.05992570887371801,0.4655492803013739,0.4745250108249081,-0.40562357142765587,1,1,0.0,1000.0,0.550745278596878,0.8955086415069909,-0.3455086415069909
85,85,categorical_soft,1,1,False,0.0,0.0,0.0,1.0,0.0,2,-1.0,0.4207380175590515,-1.6967370867729188,4.254202747344971,-1.2379905343055726,0.4207380175590515,0.0026082520785695425,0.9931720143968054,0.004219733524624975,0.0026082520785695425,0.9931720143968054,0.004219733524624975,0.9931720143968054,0.0026082520785695425,-0.9889522808721803,2,2,0.256,930.0,0.8126536016352475,0.9712387698232933,-0.4212387698232932
86,86,categorical_soft,0,0,True,0.1401671634825094,0.0,0.8598328232765198,0.0,0.14016716182231903,1,-0.7196656614542007,0.2083141591399908,1.6477335214614868,-2.3190041065216063,-0.07344271074980498,0.2083141591399908,0.834850435293294,0.015812055646248192,0.14933750906045792,0.834850435293294,0.015812055646248192,0.14933750906045792,0.834850435293294,0.015812055646248192,-0.685512926232836,1,1,0.128,720.0,1.0018488429486752,0.99100729361372,-0.44100729361371993
87,87,categorical_soft,0,0,True,0.1579737808476096,0.0,0.8420262336730957,0.0,0.1579737812280655,1,-0.6840524524450302,0.25121909733861686,0.44473222494125364,-0.38867220282554626,-0.009129064157605171,0.25121909733861686,0.4829626020119447,0.2099492156783961,0.3070881823096592,0.4829626020119447,0.2099492156783961,0.3070881823096592,0.4829626020119447,0.2099492156783961,-0.1758744197022855,1,1,0.128,440.0,0.5102233439683914,0.9324090586510734,-0.38240905865107333
88,88,categorical_soft,1,1,True,0.15601400032370472,0.0,0.0,0.8439859747886658,0.15601399540901184,2,-0.6879719793796539,0.19626006186008454,-2.52770414352417,3.187210464477539,1.0465628147125243,0.19626006186008454,0.0029619393599963164,0.8920316083297365,0.10500645231026717,0.0029619393599963164,0.8920316083297365,0.10500645231026717,0.8920316083297365,0.0029619393599963164,-0.7870251560194693,2,2,0.064,920.0,0.6466557011008263,0.9379630827620945,-0.38796308276209446
89,89,categorical_soft,0,0,True,0.13867979422016208,0.0,0.8613201975822449,0.0,0.13867978751659393,1,-0.7226404100656509,0.2480193257331848,2.1413347482681275,-2.8783995628356935,-0.16562165021896363,0.2480193257331848,0.9039048931011114,0.00598002249607454,0.09011508440281407,0.9039048931011114,0.00598002249607454,0.09011508440281407,0.9039048931011114,0.00598002249607454,-0.8137898086982973,1,1,0.512,550.0,1.1821235120296478,0.9969605032899925,-0.4469605032899925
90,90,categorical_soft,0,0,False,0.0,0.0,1.0,0.0,0.0,1,-1.0,0.34086752459406855,6.962844705581665,0.24770472049713135,-9.408583450317384,0.34086752459406855,0.9987795379888716,0.0012203842614657216,7.774966253184763e-08,0.9987795379888716,0.0012203842614657216,7.774966253184763e-08,0.9987795379888716,0.0012203842614657216,-0.9987794602392092,1,1,0.512,880.0,1.2769555374979973,0.997160080993963,-0.447160080993963
91,91,categorical_soft,0,0,True,0.1385059640391194,0.0,0.8614940643310547,0.0,0.1385059654712677,1,-0.722988098859787,0.19426649138331414,3.267686700820923,-4.76213231086731,-0.07444209866225719,0.19426649138331414,0.9654676497353158,0.0003145290979159796,0.03421782116676827,0.9654676497353158,0.0003145290979159796,0.03421782116676827,0.9654676497353158,0.0003145290979159796,-0.9312498285685475,1,1,0.512,1080.0,1.366443656384945,0.9976703801408602,-0.44767038014086014
92,92,categorical_soft,1,1,False,0.0,0.0,0.0,1.0,0.0,2,-1.0,0.38092403635382655,-0.9550870716571808,4.159038639068603,-2.526778221130371,0.38092403635382655,0.005969729928462348,0.9927313723455324,0.0012988977260050198,0.005969729928462348,0.9927313723455324,0.0012988977260050198,0.9927313723455324,0.005969729928462348,-0.9914324746195274,2,2,0.256,560.0,0.9402712360024452,0.9899754196958969,-0.4399754196958968
93,93,categorical_soft,0,0,False,0.0,0.0,1.0,0.0,0.0,1,-1.0,0.296417635679245,6.079883575439453,-0.18035997077822685,-8.052460479736329,0.296417635679245,0.9980900243792711,0.0019092409599258439,7.346608030213913e-07,0.9980900243792711,0.0019092409599258439,7.346608030213913e-07,0.9980900243792711,0.0019092409599258439,-0.9980892897184681,1,1,0.256,1010.0,0.89406618475914,0.9786080040410493,-0.42860800404104926
94,94,categorical_soft,0,0,False,0.0,0.0,1.0,0.0,0.0,1,-1.0,0.38028205558657646,3.0981817483901977,0.5936314404010773,-4.646381616592407,0.38028205558657646,0.9239964032555472,0.07559918711138887,0.00040440963306403413,0.9239964032555472,0.07559918711138887,0.00040440963306403413,0.9239964032555472,0.07559918711138887,-0.9235919936224832,1,1,0.032,1190.0,0.02443823218345642,0.33922723566905744,0.2107727643309426
95,95,categorical_soft,1,1,False,0.0,0.0,0.0,1.0,0.0,2,-1.0,0.42377172261476515,-1.4284125447273255,2.976733350753784,-0.4985567510128021,0.42377172261476515,0.011783253161240088,0.9578854875611581,0.030331259277601757,0.011783253161240088,0.9578854875611581,0.030331259277601757,0.9578854875611581,0.011783253161240088,-0.9275542282835564,2,2,0.128,600.0,0.7799523025751114,0.9771726121679656,-0.42717261216796554
96,96,categorical_soft,1,1,False,0.0,0.0,0.0,1.0,0.0,2,-1.0,0.4220121160149574,-1.5072680354118346,3.110364389419556,-0.655509078502655,0.4220121160149574,0.009597653482573293,0.9671419268758884,0.02326041964153836,0.009597653482573293,0.9671419268758884,0.02326041964153836,0.9671419268758884,0.009597653482573293,-0.94388150723435,2,2,0.128,540.0,0.7702847868204117,0.9777200244845375,-0.4277200244845375
97,97,categorical_soft,0,0,False,0.0,0.0,1.0,0.0,0.0,1,-1.0,0.36175728887319564,4.23863000869751,0.16878290697932244,-5.9342512607574465,0.36175728887319564,0.9831466018279249,0.01681581464539305,3.758352668216033e-05,0.9831466018279249,0.01681581464539305,3.758352668216033e-05,0.9831466018279249,0.01681581464539305,-0.9831090183012428,1,1,0.128,850.0,0.8069951236248016,0.9730954313510861,-0.42309543135108607
98,98,categorical_soft,0,0,False,0.0,0.0,1.0,0.0,0.0,1,-1.0,0.4291173294186592,6.773666048049927,0.5936452686786652,-9.5399640083313,0.4291173294186592,0.9979302872970406,0.002069630564613275,8.213834608646931e-08,0.9979302872970406,0.002069630564613275,8.213834608646931e-08,0.9979302872970406,0.002069630564613275,-0.9979302051586945,1,1,0.256,1130.0,0.940323144197464,0.980270773974937,-0.43027077397493696
99,99,categorical_soft,1,1,False,0.0,0.0,0.0,1.0,0.0,2,-1.0,0.41463165506720545,-1.7948501706123352,3.52638692855835,-0.5887470304965973,0.41463165506720545,0.004809078734008295,0.9786156418724943,0.016575279393497525,0.004809078734008295,0.9786156418724943,0.016575279393497525,0.9786156418724943,0.004809078734008295,-0.9620403624789967,2,2,0.256,770.0,0.8457882143557072,0.9796723792946275,-0.4296723792946274
100,100,categorical_soft,0,0,True,0.3376142361206555,0.0,0.6623857617378235,0.0,0.3376142382621765,1,-0.324771523475647,0.1855190422385931,0.02458969075232744,-0.18953203558921813,0.08228492364287376,0.1855190422385931,0.3488663417694672,0.2816052909311301,0.3695283672994028,0.3488663417694672,0.2816052909311301,0.3695283672994028,0.3488663417694672,0.2816052909311301,0.020662025529935624,3,3,0.032,440.0,0.12880773842334747,0.6792309287486062,-0.1292309287486062
101,101,categorical_soft,0,0,False,0.0,0.0,1.0,0.0,0.0,1,-1.0,0.3098809961229563,5.463393783569336,0.24576915800571442,-7.605505323410034,0.3098809961229563,0.9946031712328043,0.005394726201312701,2.1025658830562735e-06,0.9946031712328043,0.005394726201312701,2.1025658830562735e-06,0.9946031712328043,0.005394726201312701,-0.9946010686669212,1,1,0.128,830.0,0.830107644200325,0.9764743892344655,-0.42647438923446546
102,102,categorical_soft,1,1,False,0.0,0.0,0.0,1.0,0.0,2,-1.0,0.27557506412267685,-1.9298877835273742,5.182946681976318,-1.7948770761489867,0.27557506412267685,0.0008146555593092778,0.998222923091717,0.0009624213489736234,0.0008146555593092778,0.998222923091717,0.0009624213489736234,0.998222923091717,0.0008146555593092778,-0.9972605017427434,2,2,0.512,1170.0,0.895032768137753,0.9742936447438079,-0.4242936447438078
103,103,categorical_soft,0,0,False,0.0,0.0,1.0,0.0,0.0,1,-1.0,0.40245786905288694,2.172390103340149,0.6124475181102753,-3.2692171573638915,0.40245786905288694,0.8233201279488922,0.17307877835014468,0.0036010937009630026,0.8233201279488922,0.17307877835014468,0.0036010937009630026,0.8233201279488922,0.17307877835014468,-0.8197190342479292,1,1,0.0,1100.0,0.23338864743709564,0.6150104376710481,-0.06501043767104808
104,104,categorical_soft,1,1,True,0.4096164916586834,0.0,0.0,0.5903835296630859,0.40961650013923645,2,-0.1807670295238495,0.4101688342168927,0.54149429500103,0.4271136224269867,-0.3253518953919411,0.4101688342168927,0.4323409038983198,0.38612891582625786,0.18153018027542228,0.4323409038983198,0.38612891582625786,0.18153018027542228,0.38612891582625786,0.4323409038983198,-0.20459873555083558,1,1,0.032,540.0,0.09940434992313385,0.618978002070126,-0.06897800207012594
105,105,categorical_soft,1,1,True,0.18887130337457675,0.0,0.0,0.8111286759376526,0.18887130916118622,2,-0.6222573667764664,0.23794833943247795,-2.4469993352890014,2.0735347867012024,0.9345673799514771,0.23794833943247795,0.008171599528639873,0.7506275049933389,0.24120089547802123,0.008171599528639873,0.7506275049933389,0.24120089547802123,0.7506275049933389,0.008171599528639873,-0.5094266095153176,2,2,0.064,550.0,0.3758755214512348,0.8619496191417857,-0.31194961914178565
106,106,categorical_soft,1,1,False,0.0,0.0,0.0,1.0,0.0,2,-1.0,0.3176433078944683,-1.0488696455955506,2.513541507720947,-0.6846257388591767,0.3176433078944683,0.026535686260316937,0.9347781822687233,0.038686131470959756,0.026535686260316937,0.9347781822687233,0.038686131470959756,0.9347781822687233,0.026535686260316937,-0.8960920507977636,2,2,0.064,500.0,0.7896378748118877,0.9806371703308566,-0.4306371703308566
107,107,categorical_soft,0,0,False,0.0,0.0,1.0,0.0,0.0,1,-1.0,0.2674226947128773,5.6596376419067385,0.055777404457330704,-7.631547832489014,0.2674226947128773,0.9963216186199826,0.0036766926399673092,1.6887400501540883e-06,0.9963216186199826,0.0036766926399673092,1.6887400501540883e-06,0.9963216186199826,0.0036766926399673092,-0.9963199298799325,1,1,0.064,1090.0,0.6760236322879791,0.9343389584901522,-0.3843389584901522
108,108,categorical_soft,1,1,False,0.0,0.0,0.0,1.0,0.0,2,-1.0,0.40726414918899534,-1.0623495936393739,3.823766803741455,-1.956779456138611,0.40726414918899534,0.007490386518183097,0.9893065920944968,0.003203021387320079,0.007490386518183097,0.9893065920944968,0.003203021387320079,0.9893065920944968,0.007490386518183097,-0.9861035707071767,2,2,0.512,420.0,0.9626827612519264,0.9923966606535153,-0.44239666065351524
109,109,categorical_soft,0,0,True,0.13903218305788395,0.0,0.8609678149223328,0.0,0.13903218507766724,1,-0.7219356298446655,0.3746306858956814,4.700737857818604,-1.4420418798923493,-3.375624442100525,0.3746306858956814,0.9974978957479028,0.0021454228151863365,0.0003566814369109431,0.9974978957479028,0.0021454228151863365,0.0003566814369109431,0.9974978957479028,0.0021454228151863365,-0.9971412143109919,1,1,0.256,1090.0,1.2358582559973001,0.9955306831056581,-0.445530683105658
110,110,categorical_soft,1,1,False,0.0,0.0,0.0,1.0,0.0,2,-1.0,0.35534544959664344,1.0662906050682068,0.5976052701473236,-1.9254616498947144,0.35534544959664344,0.596455642952084,0.3733482533086402,0.030196103739275913,0.596455642952084,0.3733482533086402,0.030196103739275913,0.3733482533086402,0.596455642952084,-0.3431521495693643,1,1,0.032,490.0,0.6406727135181427,0.9610210045554824,-0.4110210045554824
111,111,categorical_soft,1,1,False,0.0,0.0,0.0,1.0,0.0,2,-1.0,0.4400251850485802,-1.1610641479492188,2.4758895874023437,-0.6893541723489761,0.4400251850485802,0.0246575595703928,0.9342768079909769,0.04106563243863015,0.0246575595703928,0.9342768079909769,0.04106563243863015,0.9342768079909769,0.0246575595703928,-0.8932111755523467,2,2,0.032,600.0,0.29688987880945206,0.7995060550026047,-0.2495060550026047
112,112,categorical_soft,1,1,True,0.1814254125808215,0.0,0.0,0.8185746073722839,0.18142540752887726,2,-0.6371491998434067,0.15811875276267529,-2.014882218837738,1.6757713437080384,0.8215255379676819,0.15811875276267529,0.017229714663554163,0.6891587827853403,0.2936115025511056,0.017229714663554163,0.6891587827853403,0.2936115025511056,0.6891587827853403,0.017229714663554163,-0.3955472802342347,2,2,0.064,1090.0,0.5347029687836766,0.8766373137828818,-0.32663731378288174
113,113,categorical_soft,0,0,False,0.0,0.0,1.0,0.0,0.0,1,-1.0,0.4360730439424515,4.492269992828369,0.8420077919960022,-6.8428308963775635,0.4360730439424515,0.9745381585190283,0.025449843130694805,1.1998350276911242e-05,0.9745381585190283,0.025449843130694805,1.1998350276911242e-05,0.9745381585190283,0.025449843130694805,-0.9745261601687514,1,1,0.128,740.0,0.859238401055336,0.9816118736481374,-0.43161187364813736
114,114,categorical_soft,0,0,True,0.1397140909595591,0.0,0.8602859377861023,0.0,0.1397140920162201,1,-0.7205718457698822,0.2474667437374592,2.791142463684082,-2.1256051540374754,-0.7388698160648346,0.2474667437374592,0.9628251883209336,0.007051917284675913,0.030122894394390486,0.9628251883209336,0.007051917284675913,0.030122894394390486,0.9628251883209336,0.007051917284675913,-0.932702293926543,1,1,0.128,1110.0,1.143107857555151,0.992798274687235,-0.442798274687235
115,115,categorical_soft,0,0,False,0.0,0.0,1.0,0.0,0.0,1,-1.0,0.30958121865987775,5.118679094314575,0.8812460839748383,-7.713491201400757,0.30958121865987775,0.985731453203976,0.014265841309528798,2.705486494997474e-06,0.985731453203976,0.014265841309528798,2.705486494997474e-06,0.985731453203976,0.014265841309528798,-0.9857287477174811,1,1,0.256,400.0,0.8786294907331467,0.9888229953165317,-0.4388229953165317
116,116,categorical_soft,0,0,True,0.13828874431963267,0.0,0.8617112636566162,0.0,0.13828875124454498,1,-0.7234225124120712,0.31264854073524473,3.504339671134949,-1.8895251750946045,-1.4086718320846559,0.31264854073524473,0.9872727487279193,0.0044929772329888205,0.008234274039092031,0.9872727487279193,0.0044929772329888205,0.008234274039092031,0.9872727487279193,0.0044929772329888205,-0.9790384746888272,1,1,0.512,690.0,1.3690884998068213,0.9985617374980715,-0.4485617374980715
117,117,categorical_soft,1,1,True,0.3776829839284971,0.0,0.0,0.6223170161247253,0.37768298387527466,2,-0.24463403224945068,0.24545855224132537,-0.017515618912875654,0.5784421920776367,0.007870876975357533,0.24545855224132537,0.26065203862254954,0.4724843085866148,0.26686365279083557,0.26065203862254954,0.4724843085866148,0.26686365279083557,0.4724843085866148,0.26065203862254954,-0.2056206557957792,2,2,0.032,1090.0,0.25692538917064667,0.6447691894907673,-0.09476918949076729
118,118,categorical_soft,0,0,False,0.0,0.0,1.0,0.0,0.0,1,-1.0,0.4757318750023842,1.783896231651306,0.8149328172206879,-2.8886755228042604,0.4757318750023842,0.719486804786609,0.2735549246976067,0.006958270515784189,0.719486804786609,0.2735549246976067,0.006958270515784189,0.719486804786609,0.2735549246976067,-0.7125285342708247,1,1,0.0,530.0,0.14550048112869263,0.6734340588596291,-0.1234340588596291
119,119,categorical_soft,1,1,False,0.0,0.0,0.0,1.0,0.0,2,-1.0,0.4235707506537437,0.6196098983287811,0.8928327858448029,-1.384769868850708,0.4235707506537437,0.40804137292635917,0.5359202452742051,0.05603838179943579,0.40804137292635917,0.5359202452742051,0.05603838179943579,0.5359202452742051,0.40804137292635917,-0.47988186347476935,2,2,0.032,1020.0,0.7461745217442513,0.9562448127595157,-0.4062448127595156
120,120,categorical_soft,0,0,False,0.0,0.0,1.0,0.0,0.0,1,-1.0,0.3966399863362312,4.073556113243103,0.5221000015735626,-5.8125146389007565,0.3966399863362312,0.9720288526519061,0.027920977900824324,5.0169447269667965e-05,0.9720288526519061,0.027920977900824324,5.0169447269667965e-05,0.9720288526519061,0.027920977900824324,-0.9719786832046364,1,1,0.064,1140.0,0.8811020478606224,0.9734726540334536,-0.4234726540334536
121,121,categorical_soft,1,1,False,0.0,0.0,0.0,1.0,0.0,2,-1.0,0.45089845806360246,1.0701354265213012,0.5149578094482422,-1.7573170781135559,0.45089845806360246,0.6119072895185574,0.3512728731123794,0.036819837369063094,0.6119072895185574,0.3512728731123794,0.036819837369063094,0.3512728731123794,0.6119072895185574,-0.31445303574331634,1,1,0.032,1030.0,0.44420781126245856,0.8304270220552399,-0.28042702205523984
122,122,categorical_soft,0,0,False,0.0,0.0,1.0,0.0,0.0,1,-1.0,0.3533147156238556,2.8965832233428954,0.6656646072864533,-4.422093200683594,0.3533147156238556,0.902431691838802,0.09696732667800619,0.0006009814831918434,0.902431691838802,0.09696732667800619,0.0006009814831918434,0.902431691838802,0.09696732667800619,-0.9018307103556101,1,1,0.032,770.0,0.5590284466743469,0.921742720182926,-0.371742720182926
123,123,categorical_soft,1,1,False,0.0,0.0,0.0,1.0,0.0,2,-1.0,0.4899236723780632,-0.3831545501947403,3.632981538772583,-2.6014232873916625,0.4899236723780632,0.017692599168383605,0.9803155232535381,0.0019918775780784458,0.017692599168383605,0.9803155232535381,0.0019918775780784458,0.9803155232535381,0.017692599168383605,-0.9783236456754597,2,2,0.064,970.0,0.8382994756102562,0.9733338173655368,-0.42333381736553677
124,124,categorical_soft,1,1,False,0.0,0.0,0.0,1.0,0.0,2,-1.0,0.40450089871883393,-0.5344769090414048,3.4660403728485107,-2.2701403379440306,0.40450089871883393,0.01793354662364718,0.9787922844023262,0.0032741689740265153,0.01793354662364718,0.9787922844023262,0.0032741689740265153,0.9787922844023262,0.01793354662364718,-0.9755181154282997,2,2,0.064,900.0,0.7135881632566452,0.9555940568279244,-0.4055940568279244
125,125,categorical_soft,1,1,True,0.5794127886650615,0.0,0.0,0.4205872118473053,0.5794128179550171,3,0.1588256061077118,0.3519665107131004,0.1928308591246605,-0.23132929801940919,0.036631939373910426,0.3519665107131004,0.3984409673363714,0.2608065619382165,0.34075247072541204,0.3984409673363714,0.2608065619382165,0.34075247072541204,0.2608065619382165,0.3984409673363714,0.07994590878719554,1,1,0.0,630.0,0.014298170804977417,0.489638852732902,0.06036114726709807
126,126,categorical_soft,0,0,False,0.0,0.0,1.0,0.0,0.0,1,-1.0,0.4141906753182411,4.439806127548218,1.0445534527301787,-6.791633081436157,0.4141906753182411,0.9675366459866772,0.032450156738922445,1.319727440037234e-05,0.9675366459866772,0.032450156738922445,1.319727440037234e-05,0.9675366459866772,0.032450156738922445,-0.9675234487122768,1,1,0.064,710.0,0.7786474227905273,0.9738569134677411,-0.423856913467741
127,127,categorical_soft,1,1,True,0.14917704361324657,0.0,0.0,0.8508229851722717,0.14917704463005066,2,-0.7016459405422211,0.19518968798220157,-2.6445186614990233,2.913749122619629,1.1131574511528015,0.19518968798220157,0.003330133795267149,0.8551128945464657,0.1415569716582673,0.003330133795267149,0.8551128945464657,0.1415569716582673,0.8551128945464657,0.003330133795267149,-0.7135559228881984,2,2,0.256,800.0,0.7053017374128103,0.9588614438144833,-0.4088614438144833
128,128,categorical_soft,0,0,False,0.0,0.0,1.0,0.0,0.0,1,-1.0,0.3245629660785198,5.530794477462768,0.2964436307549477,-7.719820594787597,0.3245629660785198,0.9946807026925935,0.005317532207338495,1.7651000680324514e-06,0.9946807026925935,0.005317532207338495,1.7651000680324514e-06,0.9946807026925935,0.005317532207338495,-0.9946789375925255,1,1,0.256,810.0,0.9328049719333649,0.9859995425646517,-0.4359995425646517
129,129,categorical_soft,1,1,False,0.0,0.0,0.0,1.0,0.0,2,-1.0,0.5288823947310448,0.41689827740192414,0.688554847240448,-1.0149613559246062,0.5288823947310448,0.3918616691012714,0.514075518129953,0.0940628127687756,0.3918616691012714,0.514075518129953,0.0940628127687756,0.514075518129953,0.3918616691012714,-0.4200127053611774,2,2,0.0,740.0,0.4401589300541673,0.8719570289551434,-0.32195702895514333
130,130,categorical_soft,0,0,True,0.13932300532074077,0.0,0.8606770038604736,0.0,0.13932301104068756,1,-0.7213539928197861,0.20280357524752618,2.5062843561172485,-3.1658480167388916,-0.30122354477643964,0.20280357524752618,0.9395380382169842,0.0032342739044296806,0.057227687878586134,0.9395380382169842,0.0032342739044296806,0.057227687878586134,0.9395380382169842,0.0032342739044296806,-0.8823103503383981,1,1,0.256,760.0,1.1072956509888172,0.9943598641772323,-0.4443598641772323
131,131,categorical_soft,1,1,True,0.26710387641292066,0.0,0.0,0.7328961491584778,0.2671038806438446,2,-0.4657922685146332,0.26008293870836496,0.11826078444719315,-0.29840042293071745,0.053980812057852746,0.26008293870836496,0.3851554511214353,0.2538100900716044,0.3610344588069604,0.3851554511214353,0.2538100900716044,0.3610344588069604,0.2538100900716044,0.3851554511214353,0.10722436873535601,1,1,0.0,450.0,0.20189611613750458,0.7497536010137897,-0.1997536010137897
132,132,categorical_soft,1,1,True,0.1942978501231068,0.0,0.0,0.8057021498680115,0.19429785013198853,2,-0.611404299736023,0.30967950243502856,0.2710202679038048,0.08447805792093277,-0.014650656655430794,0.30967950243502856,0.3875301184193939,0.32169392675644337,0.29077595482416274,0.3875301184193939,0.32169392675644337,0.29077595482416274,0.32169392675644337,0.3875301184193939,-0.03091797193228063,1,1,0.0,450.0,0.33466777577996254,0.8519102310008333,-0.30191023100083325
133,133,categorical_soft,1,1,True,0.1479900162383735,0.0,0.0,0.8520100116729736,0.14799001812934875,2,-0.7040199935436249,0.1928706832230091,-2.9085978269577026,3.5976941108703615,1.2038143396377563,0.1928706832230091,0.0013679101470603964,0.9150642842547896,0.08356780559814989,0.0013679101470603964,0.9150642842547896,0.08356780559814989,0.9150642842547896,0.0013679101470603964,-0.8314964786566397,2,2,0.256,1060.0,0.7902041841298342,0.9627634908850646,-0.4127634908850646
134,134,categorical_soft,1,1,False,0.0,0.0,0.0,1.0,0.0,2,-1.0,0.2801069185137749,-1.3409916043281556,3.848732614517212,-1.4765251994132995,0.2801069185137749,0.005556943348183017,0.9894136380221559,0.005029418629661051,0.005556943348183017,0.9894136380221559,0.005029418629661051,0.9894136380221559,0.005556943348183017,-0.9843842193924949,2,2,0.512,420.0,0.9185963869094849,0.9905750027375144,-0.4405750027375144
135,135,categorical_soft,1,1,False,0.0,0.0,0.0,1.0,0.0,2,-1.0,0.41498672813177107,-1.492705023288727,3.3424118995666503,-0.8552836596965789,0.41498672813177107,0.007775073573262205,0.9771171961262688,0.015107730300468932,0.007775073573262205,0.9771171961262688,0.015107730300468932,0.9771171961262688,0.007775073573262205,-0.9620094658257998,2,2,0.128,550.0,0.8471453636884689,0.9844363066557632,-0.43443630665576316
136,136,categorical_soft,1,1,False,0.0,0.0,0.0,1.0,0.0,2,-1.0,0.35564687848091125,-1.442004919052124,4.007117700576782,-1.5080005407333374,0.35564687848091125,0.004270775154427137,0.9916130237478186,0.004116201097754259,0.004270775154427137,0.9916130237478186,0.004116201097754259,0.9916130237478186,0.004270775154427137,-0.9874968226500643,2,2,0.064,710.0,0.8296653404831886,0.9795348113878266,-0.42953481138782657
137,137,categorical_soft,1,1,False,0.0,0.0,0.0,1.0,0.0,2,-1.0,0.2632886379957199,-1.8039152383804322,4.351536226272583,-1.3328944325447083,0.2632886379957199,0.0021155715478990375,0.9943323067711816,0.003552121680919185,0.0021155715478990375,0.9943323067711816,0.003552121680919185,0.9943323067711816,0.0021155715478990375,-0.9907801850902623,2,2,0.256,1170.0,0.9370100349187851,0.9789839075363657,-0.4289839075363656
138,138,categorical_soft,0,0,False,0.0,0.0,1.0,0.0,0.0,1,-1.0,0.4074967816472054,4.893263101577759,0.7039949893951416,-7.111946487426758,0.4074967816472054,0.9850579517953639,0.014935946716786242,6.101487850061975e-06,0.9850579517953639,0.014935946716786242,6.101487850061975e-06,0.9850579517953639,0.014935946716786242,-0.9850518503075139,1,1,0.256,520.0,0.7035814672708511,0.9700524971125286,-0.42005249711252857
139,139,categorical_soft,0,0,True,0.5633984061695912,0.0,0.43660157918930054,0.0,0.5633984208106995,3,0.12679684162139893,0.24820240903645754,-0.30473187267780305,0.3512411043047905,0.16812273263931274,0.24820240903645754,0.22088320664568872,0.42534531040565227,0.35377148294865907,0.22088320664568872,0.42534531040565227,0.35377148294865907,0.22088320664568872,0.42534531040565227,0.13288827630297034,2,2,0.032,550.0,0.004771977663040161,0.5020469266401053,0.04795307335989474
140,140,categorical_soft,0,0,True,0.20074126903059886,0.0,0.7992587089538574,0.0,0.20074127614498138,1,-0.598517432808876,0.20671514049172401,1.4395816445350647,-1.5314622282981873,-0.13309517949819566,0.20671514049172401,0.7932255136456737,0.040710076309297696,0.1660644100450286,0.7932255136456737,0.040710076309297696,0.1660644100450286,0.7932255136456737,0.040710076309297696,-0.6271611036006451,1,1,0.032,910.0,0.42986413836479187,0.8406197921304861,-0.29061979213048605
141,141,categorical_soft,0,0,True,0.13822393699639696,0.0,0.8617760539054871,0.0,0.13822393119335175,1,-0.7235521227121353,0.2735395222902298,5.207978105545044,-1.749083936214447,-3.8417951583862306,0.2735395222902298,0.9989123871110269,0.000951640767465651,0.0001359721215074837,0.9989123871110269,0.000951640767465651,0.0001359721215074837,0.9989123871110269,0.000951640767465651,-0.9987764149895194,1,1,0.256,1090.0,1.5090577974915504,0.9988286034420863,-0.4488286034420863
142,142,categorical_soft,0,0,True,0.1386426140440054,0.0,0.8613573908805847,0.0,0.13864260911941528,1,-0.7227147817611694,0.31666504591703415,2.7575620889663695,-1.5951863169670104,-0.9082326650619507,0.31666504591703415,0.96153600297149,0.012377329871557584,0.026086667156952414,0.96153600297149,0.012377329871557584,0.026086667156952414,0.96153600297149,0.012377329871557584,-0.9354493358145376,1,1,0.512,520.0,1.1852051876485348,0.9971120824108168,-0.4471120824108168
143,143,categorical_soft,1,1,False,0.0,0.0,0.0,1.0,0.0,2,-1.0,0.388887520134449,-1.4043960213661193,3.8779345035552977,-1.5209275960922242,0.388887520134449,0.005057515935408753,0.9902886751512735,0.004653808913317792,0.005057515935408753,0.9902886751512735,0.004653808913317792,0.9902886751512735,0.005057515935408753,-0.9856348662379557,2,2,0.128,820.0,0.8714949004352093,0.9809465115266203,-0.4309465115266202
144,144,categorical_soft,0,0,True,0.6047506896738587,0.0,0.39524930715560913,0.0,0.6047506928443909,3,0.20950138568878174,0.2587392834946513,0.2594991534948349,-0.25291977226734164,0.07424828335642815,0.2587392834946513,0.4115750110861602,0.24662509211208508,0.3417998968017547,0.4115750110861602,0.24662509211208508,0.3417998968017547,0.4115750110861602,0.24662509211208508,-0.06977511428440547,1,1,0.0,930.0,0.0715331882238388,0.46956332434263837,0.08043667565736168
145,145,categorical_soft,0,0,False,0.0,0.0,1.0,0.0,0.0,1,-1.0,0.4474195815622807,0.1917546033859253,0.9014196872711182,-0.984129810333252,0.4474195815622807,0.29911979463159455,0.60817044258613,0.09270976278227551,0.29911979463159455,0.60817044258613,0.09270976278227551,0.29911979463159455,0.60817044258613,-0.20641003184931905,2,2,0.0,720.0,0.18114810436964035,0.6614705638313395,-0.11147056383133946
146,146,categorical_soft,1,1,True,0.1519203241885233,0.0,0.0,0.8480796813964844,0.15192031860351562,2,-0.6961593627929688,0.24465646650642156,-0.3289799094200134,0.1724153757095337,0.1435183361172676,0.24465646650642156,0.23504640972218552,0.3881061974513914,0.37684739282642316,0.23504640972218552,0.3881061974513914,0.37684739282642316,0.3881061974513914,0.23504640972218552,-0.011258804624968255,2,2,0.032,760.0,0.654623880982399,0.9501698761583731,-0.4001698761583731
147,147,categorical_soft,0,0,True,0.14111425726669852,0.0,0.8588857650756836,0.0,0.1411142498254776,1,-0.717771515250206,0.4089475259184837,2.8284066200256346,0.16001563146710396,-2.525992250442505,0.4089475259184837,0.9309580567397667,0.06461327360015288,0.004428669660080388,0.9309580567397667,0.06461327360015288,0.004428669660080388,0.9309580567397667,0.06461327360015288,-0.9265293870796864,1,1,0.064,550.0,0.8895179703831673,0.9873244413996682,-0.4373244413996682
148,148,categorical_soft,0,0,False,0.0,0.0,1.0,0.0,0.0,1,-1.0,0.41091943234205247,5.481724119186401,0.9389071583747863,-8.269731807708741,0.41091943234205247,0.9894430493585631,0.010555879177339363,1.071464097564103e-06,0.9894430493585631,0.010555879177339363,1.071464097564103e-06,0.9894430493585631,0.010555879177339363,-0.9894419778944655,1,1,0.256,640.0,0.9410156607627869,0.989011461538332,-0.4390114615383319
149,149,categorical_soft,1,1,False,0.0,0.0,0.0,1.0,0.0,2,-1.0,0.3433282621204853,-2.184791421890259,4.2881293296813965,-0.6695867419242859,0.3433282621204853,0.001539211888943044,0.9910156111379769,0.0074451769730801195,0.001539211888943044,0.9910156111379769,0.0074451769730801195,0.9910156111379769,0.001539211888943044,-0.9835704341648968,2,2,0.512,1010.0,0.884843185544014,0.9776384682656628,-0.42763846826566276
150,150,categorical_soft,1,1,True,0.2515553254723077,0.0,0.0,0.748444676399231,0.25155532360076904,2,-0.4968893527984619,0.21815049666911362,0.34081612825393676,-0.2654724717140198,-0.060888612270355226,0.21815049666911362,0.45151078436019054,0.24627495618297263,0.30221425945683683,0.45151078436019054,0.24627495618297263,0.30221425945683683,0.24627495618297263,0.45151078436019054,0.055939303273864205,1,1,0.0,1140.0,0.39154666662216187,0.76804389163125,-0.21804389163124993
151,151,categorical_soft,1,1,True,0.16508592190326005,0.0,0.0,0.8349140882492065,0.16508592665195465,2,-0.6698281615972519,0.21359521877020599,-1.882460105419159,1.6369398593902589,0.8072583556175232,0.21359521877020599,0.020303137271508974,0.68135721086049,0.29833965186800093,0.020303137271508974,0.68135721086049,0.29833965186800093,0.68135721086049,0.020303137271508974,-0.383017558992489,2,2,0.064,450.0,0.4585789884440601,0.9136067979112812,-0.36360679791128114
152,152,categorical_soft,0,0,True,0.13982705296845277,0.0,0.8601729273796082,0.0,0.13982705771923065,1,-0.7203458696603775,0.193123409897089,2.2741790294647215,-2.960532474517822,-0.1837310954928398,0.193123409897089,0.9165958735634796,0.0048934831862393075,0.07851064325028116,0.9165958735634796,0.0048934831862393075,0.07851064325028116,0.9165958735634796,0.0048934831862393075,-0.8380852303131985,1,1,0.256,680.0,1.0252197608351707,0.9923499347600208,-0.4423499347600207
153,153,categorical_soft,1,1,False,0.0,0.0,0.0,1.0,0.0,2,-1.0,0.3625985860824585,-1.4730846166610718,4.200861692428589,-1.685065460205078,0.3625985860824585,0.0034209690692354544,0.9936967700832607,0.0028822608475039843,0.0034209690692354544,0.9936967700832607,0.0028822608475039843,0.9936967700832607,0.0034209690692354544,-0.9908145092357568,2,2,0.128,570.0,0.8900863528251648,0.9870548531058613,-0.43705485310586123
154,154,categorical_soft,1,1,True,0.38718682720448966,0.0,0.0,0.6128131747245789,0.38718682527542114,2,-0.22562634944915771,0.21782297175377607,0.039724092558026315,0.15913376286625863,0.0014066874980926513,0.21782297175377607,0.3239386319841333,0.36499284043372215,0.3110685275821446,0.3239386319841333,0.36499284043372215,0.3110685275821446,0.36499284043372215,0.3239386319841333,-0.05392431285157756,2,2,0.0,420.0,0.08563469350337982,0.6369667935119121,-0.08696679351191205
155,155,categorical_soft,1,1,True,0.6919414839182145,0.0,0.0,0.3080585300922394,0.691941499710083,3,0.38388296961784363,0.3174388654530048,0.5479179918766022,-0.3869795620441437,0.01984592601656914,0.3174388654530048,0.5043637774184695,0.1980235226277989,0.2976126999537315,0.5043637774184695,0.1980235226277989,0.2976126999537315,0.1980235226277989,0.5043637774184695,0.09958917732593262,1,1,0.0,1110.0,0.05216918885707855,0.3931617373280032,0.15683826267199685
156,156,categorical_soft,1,1,False,0.0,0.0,0.0,1.0,0.0,2,-1.0,0.3205087691545486,-1.0755048751831056,4.510116147994995,-2.614538335800171,0.3205087691545486,0.003736393474062893,0.9954257709158773,0.0008378356100597478,0.003736393474062893,0.9954257709158773,0.0008378356100597478,0.9954257709158773,0.003736393474062893,-0.9945879353058175,2,2,0.512,620.0,1.0369794890284538,0.9932770033740341,-0.4432770033740341
157,157,categorical_soft,0,0,True,0.14246930285070097,0.0,0.8575307130813599,0.0,0.14246930181980133,1,-0.7150614112615585,0.14561577867716552,3.731372904777527,-5.4281176090240475,-0.14645920991897582,0.14561577867716552,0.9795981361530728,0.00010314023033423445,0.020298723616593087,0.9795981361530728,0.00010314023033423445,0.020298723616593087,0.9795981361530728,0.00010314023033423445,-0.9592994125364797,1,1,0.256,1190.0,0.9762993305921555,0.9821923797642307,-0.43219237976423064
158,158,categorical_soft,0,0,False,0.0,0.0,1.0,0.0,0.0,1,-1.0,0.43367658257484437,3.6735905408859253,0.8881886959075928,-5.520105838775635,0.43367658257484437,0.9417692202676774,0.05813359587815405,9.718385416853731e-05,0.9417692202676774,0.05813359587815405,9.718385416853731e-05,0.9417692202676774,0.05813359587815405,-0.9416720364135088,1,1,0.032,970.0,0.5593879073858261,0.9026409468277098,-0.35264094682770974
159,159,categorical_soft,0,0,True,0.2248344800933998,0.0,0.7751654982566833,0.0,0.22483448684215546,1,-0.5503310114145279,0.3373394124209881,1.40432265996933,-1.1429926037788392,-0.20246156454086303,0.3373394124209881,0.7814313709812442,0.06119967258125199,0.15736895643750395,0.7814313709812442,0.06119967258125199,0.15736895643750395,0.7814313709812442,0.06119967258125199,-0.6240624145437402,1,1,0.064,1100.0,0.4242866486310959,0.8031953762369244,-0.25319537623692434
160,160,categorical_soft,0,0,True,0.22324250122744782,0.0,0.7767574787139893,0.0,0.22324250638484955,1,-0.5535149723291397,0.33183242864906787,0.4166081488132477,-0.5266076743602752,0.027351175248622895,0.33183242864906787,0.4838046353400979,0.18849810843094114,0.32769725622896084,0.4838046353400979,0.18849810843094114,0.32769725622896084,0.4838046353400979,0.18849810843094114,-0.15610737911113703,1,1,0.0,570.0,0.29719260334968567,0.8054738559841625,-0.2554738559841625
161,161,categorical_soft,0,0,False,0.0,0.0,1.0,0.0,0.0,1,-1.0,0.3687242463231087,5.9659631729125975,-0.9781446278095245,-6.955610513687134,0.3687242463231087,0.9990323487321906,0.0009651640723898786,2.4871954196368287e-06,0.9990323487321906,0.0009651640723898786,2.4871954196368287e-06,0.9990323487321906,0.0009651640723898786,-0.999029861536771,1,1,0.256,1120.0,0.8825294226408005,0.9742646649939778,-0.42426466499397775
162,162,categorical_soft,0,0,False,0.0,0.0,1.0,0.0,0.0,1,-1.0,0.34856181889772414,5.039381742477417,0.5693048238754272,-7.243850660324097,0.34856181889772414,0.9886668564877634,0.011328527360215692,4.616152020962605e-06,0.9886668564877634,0.011328527360215692,4.616152020962605e-06,0.9886668564877634,0.011328527360215692,-0.9886622403357425,1,1,0.064,1170.0,0.6937208026647568,0.9337542971450663,-0.38375429714506626
163,163,categorical_soft,0,0,False,0.0,0.0,1.0,0.0,0.0,1,-1.0,0.3389171022921801,5.788238048553467,0.9761747479438782,-8.764082717895509,0.3389171022921801,0.9919076857956733,0.00809183092866959,4.832756571003584e-07,0.9919076857956733,0.00809183092866959,4.832756571003584e-07,0.9919076857956733,0.00809183092866959,-0.9919072025200163,1,1,0.512,420.0,1.0640278086066246,0.9953650626985455,-0.4453650626985455
164,164,categorical_soft,1,1,True,0.17329589949797325,0.0,0.0,0.8267040848731995,0.17329590022563934,2,-0.6534081846475601,0.30537812374532225,-2.2007649183273315,2.256371283531189,0.9072838664054871,0.30537812374532225,0.009351541726990141,0.7860778777982627,0.20457058047474713,0.009351541726990141,0.7860778777982627,0.20457058047474713,0.7860778777982627,0.009351541726990141,-0.5815072973235156,2,2,0.128,630.0,0.45692120492458344,0.8941022071415985,-0.34410220714159845
165,165,categorical_soft,0,0,False,0.0,0.0,1.0,0.0,0.0,1,-1.0,0.5189556986093521,0.4057854562997818,0.6881024777889252,-1.0073835790157317,0.5189556986093521,0.389299017495022,0.5158494630834466,0.09485151942153142,0.389299017495022,0.5158494630834466,0.09485151942153142,0.389299017495022,0.5158494630834466,-0.2944474980734906,2,2,0.032,450.0,0.3405662328004837,0.8555293667070335,-0.30552936670703346
166,166,categorical_soft,1,1,False,0.0,0.0,0.0,1.0,0.0,2,-1.0,0.4557018831372261,0.7201154112815857,0.6085603952407836,-1.4679333686828613,0.4557018831372261,0.4981071069165993,0.4453915392804733,0.05650135380292739,0.4981071069165993,0.4453915392804733,0.05650135380292739,0.4453915392804733,0.4981071069165993,-0.38889018547754595,1,1,0.0,790.0,0.5542556680738926,0.918242385703389,-0.36824238570338896
167,167,categorical_soft,0,0,False,0.0,0.0,1.0,0.0,0.0,1,-1.0,0.41887631863355634,6.8231611251831055,-0.5069582730531692,-8.51755895614624,0.41887631863355634,0.999339500032481,0.0006602788875038355,2.2108001509500787e-07,0.999339500032481,0.0006602788875038355,2.2108001509500787e-07,0.999339500032481,0.0006602788875038355,-0.9993392789524659,1,1,0.512,960.0,1.1586555764079094,0.9944225634819186,-0.44442256348191855
168,168,categorical_soft,0,0,True,0.13808275097120648,0.0,0.86191725730896,0.0,0.13808275759220123,1,-0.7238344997167587,0.31913751624524594,4.90712604522705,-2.6033082604408264,-2.772008681297302,0.31913751624524594,0.9988563396430823,0.0005476023878861117,0.000596057969031371,0.9988563396430823,0.0005476023878861117,0.000596057969031371,0.9988563396430823,0.0005476023878861117,-0.9982602816740509,1,1,0.512,1150.0,1.6639904230833054,0.9994114755264566,-0.44941147552645655
169,169,categorical_soft,1,1,False,0.0,0.0,0.0,1.0,0.0,2,-1.0,0.3448692813515663,-1.5423017382621764,3.9836236000061036,-1.2450674057006836,0.3448692813515663,0.003961701898727833,0.9906473945102807,0.005390903590991449,0.003961701898727833,0.9906473945102807,0.005390903590991449,0.9906473945102807,0.003961701898727833,-0.9852564909192892,2,2,0.512,630.0,0.9054725877940655,0.987096515143741,-0.4370965151437409
170,170,categorical_soft,1,1,True,0.15469499962109745,0.0,0.0,0.8453050255775452,0.15469500422477722,2,-0.6906100213527679,0.24455446396023034,-2.16541268825531,2.137691354751587,0.874598354101181,0.24455446396023034,0.01052075039149539,0.7711555652302292,0.21832368437827548,0.01052075039149539,0.7711555652302292,0.21832368437827548,0.7711555652302292,0.01052075039149539,-0.5528318808519537,2,2,0.512,400.0,0.5329052275046706,0.941803186065585,-0.39180318606558495
171,171,categorical_soft,1,1,True,0.15684755429634534,0.0,0.0,0.8431524634361267,0.15684755146503448,2,-0.6863049119710922,0.12731083929538728,-2.503059196472168,2.9816485404968263,1.0138343214988708,0.12731083929538728,0.0036269737492197764,0.8739034199949429,0.12246960625583729,0.0036269737492197764,0.8739034199949429,0.12246960625583729,0.8739034199949429,0.0036269737492197764,-0.7514338137391057,2,2,0.128,750.0,0.5967523828148842,0.9355792000910905,-0.3855792000910905
172,172,categorical_soft,0,0,False,0.0,0.0,1.0,0.0,0.0,1,-1.0,0.462031264603138,2.4674802303314207,0.944357305765152,-4.181123995780945,0.462031264603138,0.8200676016162719,0.17884612218432588,0.0010862761994021382,0.8200676016162719,0.17884612218432588,0.0010862761994021382,0.8200676016162719,0.17884612218432588,-0.8189813254168697,1,1,0.064,1000.0,0.7131521999835968,0.9500865290201956,-0.4000865290201956
173,173,categorical_soft,1,1,False,0.0,0.0,0.0,1.0,0.0,2,-1.0,0.3994454950094223,-1.9436938285827636,4.596878957748413,-1.2532330274581909,0.3994454950094223,0.0014459437942252293,0.9955712684558936,0.0029827877498809557,0.0014459437942252293,0.9955712684558936,0.0029827877498809557,0.9955712684558936,0.0014459437942252293,-0.9925884807060127,2,2,0.512,710.0,0.926895696669817,0.9872083280702392,-0.4372083280702391
174,174,categorical_soft,1,1,False,0.0,0.0,0.0,1.0,0.0,2,-1.0,0.3741515353322029,-1.2755986452102661,2.2203124523162843,-0.297640085965395,0.3741515353322029,0.02724198940368262,0.8978124413999286,0.07494556919638885,0.02724198940368262,0.8978124413999286,0.07494556919638885,0.8978124413999286,0.02724198940368262,-0.8228668722035397,2,2,0.128,510.0,0.8757945969700813,0.9870818102457184,-0.43708181024571835
175,175,categorical_soft,1,1,False,0.0,0.0,0.0,1.0,0.0,2,-1.0,0.41109374463558196,1.3774077773094178,0.7511355340480804,-2.576800727844238,0.41109374463558196,0.6428779360002956,0.3445333545423708,0.012588709457333539,0.6428779360002956,0.3445333545423708,0.012588709457333539,0.3445333545423708,0.6428779360002956,-0.33194464508503724,1,1,0.032,420.0,0.14259213209152222,0.6989029943655043,-0.14890299436550425
176,176,categorical_soft,0,0,False,0.0,0.0,1.0,0.0,0.0,1,-1.0,0.3859389379620552,5.700411987304688,1.2730988144874573,-8.857148838043212,0.3859389379620552,0.9881810835140008,0.011818435636582622,4.808494164843025e-07,0.9881810835140008,0.011818435636582622,4.808494164843025e-07,0.9881810835140008,0.011818435636582622,-0.9881806026645843,1,1,0.512,430.0,0.9890631213784218,0.993234279246882,-0.44323427924688197
177,177,categorical_soft,0,0,True,0.14220901230710697,0.0,0.857791006565094,0.0,0.1422090083360672,1,-0.7155819982290268,0.2881317168474197,1.9789778232574462,-1.8213242530822753,-0.41130868494510653,0.2881317168474197,0.8960976118283552,0.02004367020665405,0.08385871796499057,0.8960976118283552,0.02004367020665405,0.08385871796499057,0.8960976118283552,0.02004367020665405,-0.8122388938633647,1,1,0.128,680.0,0.8628118187189102,0.9831660768651947,-0.4331660768651947
178,178,categorical_soft,1,1,False,0.0,0.0,0.0,1.0,0.0,2,-1.0,0.3236767195165157,-1.9445369720458985,4.975923013687134,-1.826315701007843,0.3236767195165157,0.0009911641513539809,0.9978443392278133,0.0011644966208324058,0.0009911641513539809,0.9978443392278133,0.0011644966208324058,0.9978443392278133,0.0009911641513539809,-0.996679842606981,2,2,0.512,1100.0,0.9082893161103129,0.9777844890366508,-0.4277844890366508
179,179,categorical_soft,0,0,True,0.2096389923333335,0.0,0.7903609871864319,0.0,0.20963899791240692,1,-0.580721989274025,0.24168100636452436,0.1361361589282751,0.21750304996967315,0.002596434950828552,0.24168100636452436,0.33802444978774576,0.36666871136617024,0.29530683884608394,0.33802444978774576,0.36666871136617024,0.29530683884608394,0.33802444978774576,0.36666871136617024,-0.04271761094166182,2,2,0.0,530.0,0.31519949436187744,0.826003236936907,-0.276003236936907
180,180,categorical_soft,0,0,False,0.0,0.0,1.0,0.0,0.0,1,-1.0,0.45930022150278094,3.3779700994491577,0.9912322640419007,-5.373734760284424,0.45930022150278094,0.9152472699961175,0.08460257961463057,0.00015015038925180117,0.9152472699961175,0.08460257961463057,0.00015015038925180117,0.9152472699961175,0.08460257961463057,-0.9150971196068657,1,1,0.032,660.0,0.8083652555942535,0.9786259904641058,-0.42862599046410577
181,181,categorical_soft,1,1,True,0.14796051642241764,0.0,0.0,0.8520394563674927,0.14796051383018494,2,-0.7040789425373077,0.2554546404629946,-2.3891463756561278,3.1478378772735596,0.9808222591876984,0.2554546404629946,0.003526014295595932,0.8940629345379065,0.1024110511664976,0.003526014295595932,0.8940629345379065,0.1024110511664976,0.8940629345379065,0.003526014295595932,-0.7916518833714089,2,2,0.256,780.0,0.7220612280070782,0.9628616094181124,-0.41286160941811234
182,182,categorical_soft,1,1,False,0.0,0.0,0.0,1.0,0.0,2,-1.0,0.36220517158508303,1.6355494379997253,0.636690354347229,-2.7802815198898316,0.36220517158508303,0.7242442034451668,0.2668503850299257,0.008905411524907331,0.7242442034451668,0.2668503850299257,0.008905411524907331,0.2668503850299257,0.7242442034451668,-0.2579449735050184,1,1,0.0,620.0,0.32470835000276566,0.8169446782905361,-0.26694467829053603
183,183,categorical_soft,1,1,False,0.0,0.0,0.0,1.0,0.0,2,-1.0,0.3196033604443073,-1.7889564156532287,3.904434585571289,-1.0176869094371797,0.3196033604443073,0.003370346119943082,0.9891591489075745,0.007470504972482179,0.003370346119943082,0.9891591489075745,0.007470504972482179,0.9891591489075745,0.003370346119943082,-0.9816886439350924,2,2,0.512,440.0,0.9864633828401566,0.9930653685045051,-0.44306536850450506
184,184,categorical_soft,0,0,True,0.14023177311416907,0.0,0.8597682118415833,0.0,0.14023177325725555,1,-0.7195364385843277,0.27155112773180007,2.3804182767868043,-2.513229322433472,-0.40180584192276003,0.27155112773180007,0.9341967206833868,0.007002535905083559,0.05880074341152973,0.9341967206833868,0.007002535905083559,0.05880074341152973,0.9341967206833868,0.007002535905083559,-0.875395977271857,1,1,0.064,1040.0,1.0746464524418116,0.9907534544092869,-0.4407534544092868
185,185,categorical_soft,0,0,False,0.0,0.0,1.0,0.0,0.0,1,-1.0,0.3748967073857784,5.754892587661743,0.8942468583583831,-8.576440715789795,0.3748967073857784,0.9923044193508103,0.007694977440132525,6.032090571334617e-07,0.9923044193508103,0.007694977440132525,6.032090571334617e-07,0.9923044193508103,0.007694977440132525,-0.9923038161417531,1,1,0.256,690.0,0.824377030134201,0.9794972389177028,-0.42949723891770275
186,186,categorical_soft,1,1,False,0.0,0.0,0.0,1.0,0.0,2,-1.0,0.3129274182021618,-1.6224374651908875,4.729640817642212,-1.8645896434783935,0.3129274182021618,0.0017473899520548757,0.9968240924875948,0.0014285175603502595,0.0017473899520548757,0.9968240924875948,0.0014285175603502595,0.9968240924875948,0.0017473899520548757,-0.9953955749272446,2,2,0.064,780.0,0.8256258368492126,0.9773373939606169,-0.4273373939606169
187,187,categorical_soft,0,0,True,0.14698093772251564,0.0,0.8530190587043762,0.0,0.14698094129562378,1,-0.7060381174087524,0.28392900377511976,2.0291342973709106,-1.9434650897979737,-0.37577526867389677,0.28392900377511976,0.9001932376648977,0.016948014915634475,0.082858747419468,0.9001932376648977,0.016948014915634475,0.082858747419468,0.9001932376648977,0.016948014915634475,-0.8173344902454297,1,1,0.032,990.0,0.7931640520691872,0.9661522905281389,-0.41615229052813885
188,188,categorical_soft,0,0,True,0.13887839029869398,0.0,0.8611215949058533,0.0,0.13887839019298553,1,-0.7222432047128677,0.18319381065666676,2.9824684619903565,-4.193051099777222,-0.1350329786539078,0.18319381065666676,0.9568512914290617,0.000734222904212675,0.042414485666725496,0.9568512914290617,0.000734222904212675,0.042414485666725496,0.9568512914290617,0.000734222904212675,-0.9144368057623362,1,1,0.512,820.0,1.2002649754285812,0.9961531855960688,-0.44615318559606876
189,189,categorical_soft,1,1,True,0.4922808545515101,0.0,0.0,0.5077191591262817,0.49228084087371826,2,-0.015438318252563477,0.22792266737669706,-0.0934049528092146,-0.034111921489238736,0.08806652389466763,0.22792266737669706,0.3065298169069159,0.3257359106083166,0.3677342724847674,0.3065298169069159,0.3257359106083166,0.3677342724847674,0.3257359106083166,0.3065298169069159,0.04199836187645084,3,3,0.0,870.0,0.1272290199995041,0.5557900779139849,-0.005790077913984892
190,190,categorical_soft,1,1,True,0.1614042197962,0.0,0.0,0.8385958075523376,0.16140422224998474,2,-0.6771915853023529,0.15352436639368533,-3.219375491142273,2.9335631370544433,1.3681368589401246,0.15352436639368533,0.0017574031406909988,0.8255993171675561,0.17264327969175303,0.0017574031406909988,0.8255993171675561,0.17264327969175303,0.8255993171675561,0.0017574031406909988,-0.652956037475803,2,2,0.128,1010.0,0.6217487994581461,0.9230908345077989,-0.3730908345077989
191,191,categorical_soft,0,0,False,0.0,0.0,1.0,0.0,0.0,1,-1.0,0.5984301030635834,3.710912799835205,0.9480200469493866,-5.739493370056152,0.5984301030635834,0.9405387289084146,0.05938564972502654,7.562136655874774e-05,0.9405387289084146,0.05938564972502654,7.562136655874774e-05,0.9405387289084146,0.05938564972502654,-0.9404631075418559,1,1,0.128,430.0,0.6901669502258301,0.971265268944122,-0.421265268944122
192,192,categorical_soft,1,1,False,0.0,0.0,0.0,1.0,0.0,2,-1.0,0.5168569505214691,-1.845326292514801,2.890829610824585,-0.25818943679332734,0.5168569505214691,0.0083693339561698,0.9501070921982047,0.04152357384562545,0.0083693339561698,0.9501070921982047,0.04152357384562545,0.9501070921982047,0.0083693339561698,-0.9085835183525792,2,2,0.512,530.0,0.8170751482248306,0.9824240518826223,-0.43242405188262223
193,193,categorical_soft,0,0,True,0.145772605207241,0.0,0.8542274236679077,0.0,0.14577260613441467,1,-0.708454817533493,0.1651467926800251,2.720833969116211,-3.1096309661865233,-0.4160380154848099,0.1651467926800251,0.9551023393533675,0.002807201307351221,0.04209045933928132,0.9551023393533675,0.002807201307351221,0.04209045933928132,0.9551023393533675,0.002807201307351221,-0.9130118800140862,1,1,0.128,1080.0,0.8427324146032333,0.9703012201844253,-0.4203012201844253
194,194,categorical_soft,1,1,False,0.0,0.0,0.0,1.0,0.0,2,-1.0,0.5057616695761681,2.1243503093719482,0.7754986882209778,-3.615424942970276,0.5057616695761681,0.7917988696794185,0.20558810507670627,0.0026130252438752504,0.7917988696794185,0.20558810507670627,0.0026130252438752504,0.20558810507670627,0.7917988696794185,-0.20297507983283103,1,1,0.0,1050.0,0.24135959148406982,0.6382705062354783,-0.08827050623547827
195,195,categorical_soft,1,1,False,0.0,0.0,0.0,1.0,0.0,2,-1.0,0.41482662707567214,1.0609651148319243,0.630468487739563,-1.7714836716651916,0.41482662707567214,0.5846999323768997,0.3805302684391354,0.034769799183964833,0.5846999323768997,0.3805302684391354,0.034769799183964833,0.3805302684391354,0.5846999323768997,-0.34576046925517057,1,1,0.0,580.0,0.03497976064682007,0.5300748520688947,0.019925147931105336
196,196,categorical_soft,1,1,False,0.0,0.0,0.0,1.0,0.0,2,-1.0,0.3800367206335068,-0.5673365861177444,5.639364862442017,-4.1698020696640015,0.3800367206335068,0.0020359011128422426,0.9979078390249437,5.625986221401299e-05,0.0020359011128422426,0.9979078390249437,5.625986221401299e-05,0.9979078390249437,0.0020359011128422426,-0.9978515791627297,2,2,0.128,1090.0,0.8795745894312859,0.9748019174857763,-0.4248019174857762
197,197,categorical_soft,1,1,False,0.0,0.0,0.0,1.0,0.0,2,-1.0,0.4783974066376686,1.0177074074745178,0.6155373334884644,-2.0478828310966493,0.4783974066376686,0.5828356330932486,0.389900154178355,0.027264212728396298,0.5828356330932486,0.389900154178355,0.027264212728396298,0.389900154178355,0.5828356330932486,-0.3626359414499587,1,1,0.0,530.0,0.456807479262352,0.9049384685594726,-0.35493846855947253
198,198,categorical_soft,1,1,True,0.16971806602308326,0.0,0.0,0.8302819132804871,0.16971807181835175,2,-0.6605638414621353,0.20773921348154545,-2.2085616827011108,2.946783113479614,0.8599347472190857,0.20773921348154545,0.005142050828823293,0.8844839197846971,0.11037402938647971,0.005142050828823293,0.8844839197846971,0.11037402938647971,0.8844839197846971,0.005142050828823293,-0.7741098903982174,2,2,0.128,940.0,0.5513442233204842,0.9023456784161284,-0.3523456784161284
199,199,categorical_soft,0,0,False,0.0,0.0,1.0,0.0,0.0,1,-1.0,0.41130919456481935,2.9255070209503176,0.6815201163291931,-4.602415084838867,0.41130919456481935,0.9035866978986128,0.09592141890502046,0.0004918831963667272,0.9035866978986128,0.09592141890502046,0.0004918831963667272,0.9035866978986128,0.09592141890502046,-0.9030948147022461,1,1,0.064,630.0,0.6827080249786377,0.9624110985426224,-0.41241109854262237
200,200,categorical_soft,0,0,True,0.1405106175801334,0.0,0.859489381313324,0.0,0.14051061868667603,1,-0.718978762626648,0.20886112749576569,1.6170310378074646,-2.1264638662338258,-0.031921781972050665,0.20886112749576569,0.8223256391435765,0.01949309122727489,0.15818126962914864,0.8223256391435765,0.01949309122727489,0.15818126962914864,0.8223256391435765,0.01949309122727489,-0.6641443695144278,1,1,0.256,510.0,0.9216797426342964,0.9896623360021629,-0.43966233600216287
201,201,categorical_soft,0,0,False,0.0,0.0,1.0,0.0,0.0,1,-1.0,0.3906036660075188,6.450506544113159,-0.706146639585495,-7.9773948192596436,0.3906036660075188,0.9992155840522432,0.0007838660932873419,5.498544695624436e-07,0.9992155840522432,0.0007838660932873419,5.498544695624436e-07,0.9992155840522432,0.0007838660932873419,-0.9992150341977737,1,1,0.128,1160.0,0.77137890458107,0.9543255483404679,-0.40432554834046786
202,202,categorical_soft,1,1,False,0.0,0.0,0.0,1.0,0.0,2,-1.0,0.3057819537818432,-1.4385212302207946,3.4098371982574465,-0.9565393269062042,0.3057819537818432,0.007739802013722626,0.9793954410525716,0.01286475693370585,0.007739802013722626,0.9793954410525716,0.01286475693370585,0.9793954410525716,0.007739802013722626,-0.9665306841188658,2,2,0.128,630.0,0.7733290158212185,0.9755886426620864,-0.4255886426620864
203,203,categorical_soft,1,1,True,0.1490194756019766,0.0,0.0,0.8509805202484131,0.14901947975158691,2,-0.7019610404968262,0.17807536199688911,-2.7156999588012694,3.110937213897705,1.1755303740501404,0.17807536199688911,0.0025698639224735736,0.8714858932098368,0.12594424286768957,0.0025698639224735736,0.8714858932098368,0.12594424286768957,0.8714858932098368,0.0025698639224735736,-0.7455416503421473,2,2,0.256,720.0,0.6883350163698196,0.9593743057190663,-0.4093743057190663
204,204,categorical_soft,1,1,False,0.0,0.0,0.0,1.0,0.0,2,-1.0,0.34672530367970467,-0.7292739450931549,2.74912633895874,-1.3749317407608033,0.34672530367970467,0.029597440135500808,0.9546033985455468,0.015799161318952298,0.029597440135500808,0.9546033985455468,0.015799161318952298,0.9546033985455468,0.029597440135500808,-0.9388042372265945,2,2,0.032,880.0,0.786303885281086,0.9692417092065296,-0.4192417092065296
205,205,categorical_soft,0,0,False,0.0,0.0,1.0,0.0,0.0,1,-1.0,0.32515268698334693,4.581696796417236,1.1846927285194397,-7.333190488815307,0.32515268698334693,0.9675498735468896,0.03244341357044518,6.71288266529877e-06,0.9675498735468896,0.03244341357044518,6.71288266529877e-06,0.9675498735468896,0.03244341357044518,-0.9675431606642243,1,1,0.256,480.0,0.860015258193016,0.9865435989136945,-0.43654359891369443
206,206,categorical_soft,0,0,True,0.13854824437373459,0.0,0.8614517450332642,0.0,0.13854824006557465,1,-0.7229035049676895,0.34058104678988455,4.540938091278076,-1.7334460496902466,-2.8966652393341064,0.34058104678988455,0.9974184178424211,0.0018813937057672915,0.0007001884518116319,0.9974184178424211,0.0018813937057672915,0.0007001884518116319,0.9974184178424211,0.0018813937057672915,-0.9967182293906095,1,1,0.512,860.0,1.2978549934923649,0.9974974387743648,-0.44749743877436476
207,207,categorical_soft,1,1,True,0.14534355196600074,0.0,0.0,0.854656457901001,0.14534355700016022,2,-0.7093129009008408,0.28106793388724327,-2.5951247692108153,2.747635841369629,1.0570801138877868,0.28106793388724327,0.004086139192456216,0.840665770859804,0.15524808994773986,0.004086139192456216,0.840665770859804,0.15524808994773986,0.840665770859804,0.004086139192456216,-0.6854176809120641,2,2,0.256,600.0,0.7358072251081467,0.9717991940936319,-0.42179919409363187
208,208,categorical_soft,0,0,False,0.0,0.0,1.0,0.0,0.0,1,-1.0,0.43599812388420106,6.285375165939331,1.0645213961601256,-9.298599529266358,0.43599812388420106,0.9945847047293548,0.005415121973635652,1.7329700964185901e-07,0.9945847047293548,0.005415121973635652,1.7329700964185901e-07,0.9945847047293548,0.005415121973635652,-0.9945845314323452,1,1,0.512,550.0,0.9212616831064224,0.9891350999766536,-0.43913509997665356
209,209,categorical_soft,0,0,True,0.14118864567241024,0.0,0.8588113784790039,0.0,0.14118865132331848,1,-0.7176227271556854,0.25500341057777404,2.206213283538818,-3.0516277313232423,-0.03718510344624519,0.25500341057777404,0.8997923695130499,0.004685296736938188,0.09552233375001198,0.8997923695130499,0.004685296736938188,0.09552233375001198,0.8997923695130499,0.004685296736938188,-0.8042700357630379,1,1,0.128,920.0,0.9757032729685307,0.9870385860373436,-0.4370385860373436
210,210,categorical_soft,1,1,True,0.15860824482892266,0.0,0.0,0.8413917422294617,0.15860824286937714,2,-0.6827834993600845,0.15453484021127223,-2.756445050239563,2.8383069038391113,1.2167561054229736,0.15453484021127223,0.0030951273669643222,0.832326030334926,0.16457884229810973,0.0030951273669643222,0.832326030334926,0.16457884229810973,0.832326030334926,0.0030951273669643222,-0.6677471880368163,2,2,0.128,1120.0,0.6714484915137291,0.9306480679911552,-0.38064806799115514
211,211,categorical_soft,1,1,False,0.0,0.0,0.0,1.0,0.0,2,-1.0,0.3304951436817646,-1.178366243839264,4.914380121231079,-2.658556079864502,0.3304951436817646,0.0022541082847773244,0.997217197097293,0.0005286946179295239,0.0022541082847773244,0.997217197097293,0.0005286946179295239,0.997217197097293,0.0022541082847773244,-0.9966885024793635,2,2,0.128,630.0,0.9032019004225731,0.9869536354201252,-0.4369536354201251
212,212,categorical_soft,1,1,False,0.0,0.0,0.0,1.0,0.0,2,-1.0,0.3954617403447628,-1.1324284374713898,3.891392135620117,-1.9655386209487915,0.3954617403447628,0.006521644733725187,0.990469793796445,0.0030085614698298307,0.006521644733725187,0.990469793796445,0.0030085614698298307,0.990469793796445,0.006521644733725187,-0.9874612323266151,2,2,0.256,490.0,0.8382568582892418,0.9848693830353438,-0.4348693830353437
213,213,categorical_soft,0,0,True,0.1411430340477458,0.0,0.8588569760322571,0.0,0.1411430388689041,1,-0.717713937163353,0.2116223383694887,1.743406879901886,-2.1560949802398683,-0.1251229949295521,0.2116223383694887,0.8512049152850724,0.01725149055572542,0.1315435941592023,0.8512049152850724,0.01725149055572542,0.1315435941592023,0.8512049152850724,0.01725149055572542,-0.71966132112587,1,1,0.128,620.0,0.9049015678465366,0.9872138017206691,-0.43721380172066904
214,214,categorical_soft,1,1,True,0.33175343955558406,0.0,0.0,0.6682465672492981,0.3317534327507019,2,-0.3364931344985962,0.3015868179500103,0.5482933282852173,-0.5614769041538239,0.026963867619633673,0.3015868179500103,0.5198922806218138,0.17139833533245388,0.3087093840457323,0.5198922806218138,0.17139833533245388,0.3087093840457323,0.17139833533245388,0.5198922806218138,0.1373110487132784,1,1,0.0,1170.0,0.3128942549228668,0.6845322045734847,-0.1345322045734847
215,215,categorical_soft,0,0,True,0.14168217634812003,0.0,0.8583178520202637,0.0,0.14168217778205872,1,-0.716635674238205,0.27263206988573074,0.13363502621650697,-0.028555477410554884,-0.05947261843830347,0.27263206988573074,0.37381274589883534,0.31823478131847793,0.3079524727826868,0.37381274589883534,0.31823478131847793,0.3079524727826868,0.37381274589883534,0.31823478131847793,-0.06586027311614856,1,1,0.0,400.0,0.8201030120253563,0.9851543467679202,-0.4351543467679202
216,216,categorical_soft,1,1,False,0.0,0.0,0.0,1.0,0.0,2,-1.0,0.31086174249649046,-1.2125646591186523,3.7900938034057616,-1.662982428073883,0.31086174249649046,0.006670054465330519,0.9889475855565513,0.004382359978118129,0.006670054465330519,0.9889475855565513,0.004382359978118129,0.9889475855565513,0.006670054465330519,-0.9845652255784332,2,2,0.032,1070.0,0.9571733213961124,0.9830576817710954,-0.4330576817710954
217,217,categorical_soft,1,1,True,0.14734119037216775,0.0,0.0,0.8526588082313538,0.14734119176864624,2,-0.7053176164627075,0.3034262923523784,-2.064386510848999,2.3310980796813965,0.9046652257442475,0.3034262923523784,0.010001458626171127,0.7979230718802572,0.1920754694935716,0.010001458626171127,0.7979230718802572,0.1920754694935716,0.7979230718802572,0.010001458626171127,-0.6058476023866857,2,2,0.128,510.0,0.6679420471191406,0.9649346902173321,-0.4149346902173321
218,218,categorical_soft,1,1,True,0.14561376889664313,0.0,0.0,0.8543862104415894,0.14561377465724945,2,-0.7087724357843399,0.24247927106916906,-2.909498763084412,2.997316360473633,1.2409395217895507,0.24247927106916906,0.002320677106740482,0.8506709151794072,0.14700840771385243,0.002320677106740482,0.8506709151794072,0.14700840771385243,0.8506709151794072,0.002320677106740482,-0.7036625074655547,2,2,0.512,840.0,0.7877875319682062,0.9708542288902703,-0.42085422889027024
219,219,categorical_soft,0,0,False,0.0,0.0,1.0,0.0,0.0,1,-1.0,0.49918395429849627,5.285478830337524,0.8958682119846344,-7.824175310134888,0.49918395429849627,0.9877235614801115,0.01227439404439217,2.0444754962041524e-06,0.9877235614801115,0.01227439404439217,2.0444754962041524e-06,0.9877235614801115,0.01227439404439217,-0.9877215170046153,1,1,0.256,790.0,0.9336192756891251,0.9863823598187527,-0.4363823598187526
220,220,categorical_soft,1,1,False,0.0,0.0,0.0,1.0,0.0,2,-1.0,0.46987338066101075,0.7155244886875153,1.3014249682426453,-2.224979877471924,0.46987338066101075,0.3510076249697502,0.6301742858120831,0.018818089218166703,0.3510076249697502,0.6301742858120831,0.018818089218166703,0.6301742858120831,0.3510076249697502,-0.6113561965939164,2,2,0.032,930.0,0.695711875683628,0.9500247111675635,-0.40002471116756344
221,221,categorical_soft,1,1,True,0.14853097830641065,0.0,0.0,0.8514690399169922,0.148530974984169,2,-0.7029380649328232,0.27238666228950026,-2.572779417037964,2.7134579181671143,1.0901912927627564,0.27238666228950026,0.0042230795399028935,0.8313893907646435,0.16438752969545362,0.0042230795399028935,0.8313893907646435,0.16438752969545362,0.8313893907646435,0.0042230795399028935,-0.6670018610691899,2,2,0.256,600.0,0.6674078479409218,0.9609741496551975,-0.4109741496551974
222,222,categorical_soft,1,1,True,0.1561274774266378,0.0,0.0,0.8438725471496582,0.15612748265266418,2,-0.687745064496994,0.2107503952458501,-2.785782814025879,2.7678784370422362,1.179883348941803,0.2107503952458501,0.003208282429609128,0.8276119052205214,0.1691798123498694,0.003208282429609128,0.8276119052205214,0.1691798123498694,0.8276119052205214,0.003208282429609128,-0.658432092870652,2,2,0.128,920.0,0.6455166675150394,0.9376366289807997,-0.38763662898079965
223,223,categorical_soft,1,1,False,0.0,0.0,0.0,1.0,0.0,2,-1.0,0.22602818813174963,-1.523931074142456,4.630134534835816,-1.9706230282783508,0.22602818813174963,0.002127562192214644,0.9964448207520326,0.0014276170557527927,0.002127562192214644,0.9964448207520326,0.0014276170557527927,0.9964448207520326,0.002127562192214644,-0.9950172036962798,2,2,0.512,1080.0,0.9951790161430836,0.9857344003738269,-0.4357344003738268
224,224,categorical_soft,0,0,False,0.0,0.0,1.0,0.0,0.0,1,-1.0,0.41540576666593554,1.444512093067169,0.6197532713413239,-2.353292775154114,0.41540576666593554,0.6843739911953572,0.30007934220801447,0.015546666596628216,0.6843739911953572,0.30007934220801447,0.015546666596628216,0.6843739911953572,0.30007934220801447,-0.6688273245987291,1,1,0.0,1140.0,0.4604542929737363,0.8228637386141178,-0.2728637386141177
225,225,categorical_soft,0,0,False,0.0,0.0,1.0,0.0,0.0,1,-1.0,0.36499533206224444,3.5520728826522827,0.4366211861371994,-5.073717880249023,0.36499533206224444,0.9573305154025691,0.042497594835219525,0.00017188976221144445,0.9573305154025691,0.042497594835219525,0.00017188976221144445,0.9573305154025691,0.042497594835219525,-0.9571586256403576,1,1,0.032,740.0,0.7069098949432373,0.9619124420023145,-0.41191244200231447
226,226,categorical_soft,0,0,True,0.1528089201268638,0.0,0.8471910953521729,0.0,0.15280891954898834,1,-0.6943821758031845,0.3035365391522646,0.9928041279315949,-1.0571299552917481,-0.03521082680672407,0.3035365391522646,0.6725138907876794,0.08666102070697249,0.2408250885053481,0.6725138907876794,0.08666102070697249,0.2408250885053481,0.6725138907876794,0.08666102070697249,-0.4316888022823313,1,1,0.064,1010.0,0.7045481577515602,0.9474461245798402,-0.3974461245798402
227,227,categorical_soft,1,1,True,0.15360463462581997,0.0,0.0,0.8463953733444214,0.1536046415567398,2,-0.6927907317876816,0.23846613466739655,-2.361908745765686,2.066160786151886,0.9244882524013519,0.23846613466739655,0.00898981126778481,0.750738402602807,0.24027178612940814,0.00898981126778481,0.750738402602807,0.24027178612940814,0.750738402602807,0.00898981126778481,-0.5104666164733989,2,2,0.512,420.0,0.5501690473174676,0.945042986345464,-0.395042986345464
228,228,categorical_soft,0,0,True,0.14064528422321942,0.0,0.8593547344207764,0.0,0.14064528048038483,1,-0.7187094539403915,0.15890692733228207,2.467900824546814,-3.307622289657593,-0.2376735433936119,0.15890692733228207,0.9345738385121924,0.0029064373101002463,0.06251972417770732,0.9345738385121924,0.0029064373101002463,0.06251972417770732,0.9345738385121924,0.0029064373101002463,-0.8720541143344851,1,1,0.256,730.0,0.9654799997806549,0.9891379291663808,-0.4391379291663807
229,229,categorical_soft,1,1,False,0.0,0.0,0.0,1.0,0.0,2,-1.0,0.41153592988848686,0.8256395518779754,2.050424802303314,-3.0365923643112183,0.41153592988848686,0.22645316881333172,0.7687494087225167,0.0047974224641515895,0.22645316881333172,0.7687494087225167,0.0047974224641515895,0.7687494087225167,0.22645316881333172,-0.7639519862583651,2,2,0.064,730.0,0.7088822452351451,0.9627012144069175,-0.4127012144069174
230,230,categorical_soft,0,0,True,0.6246148066422668,0.0,0.37538519501686096,0.0,0.6246148347854614,3,0.24922963976860046,0.32079132795333865,0.4331873953342438,-0.567820805311203,0.01710265055298805,0.32079132795333865,0.49329031141259383,0.1813476226021858,0.3253620659852203,0.49329031141259383,0.1813476226021858,0.3253620659852203,0.49329031141259383,0.1813476226021858,-0.16792824542737356,1,1,0.0,1030.0,0.08277012407779694,0.4533259793573495,0.09667402064265057
231,231,categorical_soft,1,1,True,0.1600567102224431,0.0,0.0,0.8399432897567749,0.1600567102432251,2,-0.6798865795135498,0.20439901389181614,-2.7755502223968507,2.739334535598755,1.2103060364723206,0.20439901389181614,0.003299372428261285,0.8190220172891696,0.17767861028256932,0.003299372428261285,0.8190220172891696,0.17767861028256932,0.8190220172891696,0.003299372428261285,-0.6413434070066002,2,2,0.128,970.0,0.6224888265132904,0.9266926392432918,-0.37669263924329177
232,232,categorical_soft,0,0,True,0.6555425499959664,0.0,0.3444574475288391,0.0,0.6555425524711609,3,0.3110851049423218,0.27916098684072493,0.269322906434536,-0.4268601298332214,0.11479415893554687,0.27916098684072493,0.424712703934257,0.2116413343285651,0.3636459617371779,0.424712703934257,0.2116413343285651,0.3636459617371779,0.424712703934257,0.2116413343285651,-0.06106674219707908,1,1,0.0,940.0,0.03882630169391632,0.4268644092037139,0.12313559079628617
233,233,categorical_soft,0,0,True,0.13890512674687916,0.0,0.8610948920249939,0.0,0.1389051228761673,1,-0.7221897691488266,0.1628850180655718,2.617462635040283,-3.0821143627166747,-0.292374362051487,0.1628850180655718,0.9446876730491217,0.0031640276922529085,0.05214829925862526,0.9446876730491217,0.0031640276922529085,0.05214829925862526,0.9446876730491217,0.0031640276922529085,-0.8925393737904964,1,1,0.256,890.0,1.2117628089617938,0.9960447976541715,-0.4460447976541715
234,234,categorical_soft,1,1,True,0.1669190986530561,0.0,0.0,0.8330808877944946,0.16691909730434418,2,-0.6661617904901505,0.18626353181898594,-3.44570472240448,3.2638262271881104,1.4834081292152406,0.18626353181898594,0.0010426032286740437,0.8545252806285193,0.14443211614280668,0.0010426032286740437,0.8545252806285193,0.14443211614280668,0.8545252806285193,0.0010426032286740437,-0.7100931644857126,2,2,0.256,1150.0,0.618890518322587,0.9090657488465645,-0.3590657488465645
235,235,categorical_soft,0,0,True,0.3584819305486807,0.0,0.6415180563926697,0.0,0.3584819436073303,1,-0.28303611278533936,0.23494407273828982,0.15391581654548644,-0.1191694512963295,0.03815461918711662,0.23494407273828982,0.3771148279690567,0.28716082463431014,0.3357243473966331,0.3771148279690567,0.28716082463431014,0.3357243473966331,0.3771148279690567,0.28716082463431014,-0.041390480572423616,1,1,0.0,450.0,0.11441224813461304,0.660932596719877,-0.11093259671987699
236,236,categorical_soft,0,0,False,0.0,0.0,1.0,0.0,0.0,1,-1.0,0.39556849747896194,8.288069820404052,-0.36865331828594206,-10.745661640167237,0.39556849747896194,0.9998252726221877,0.0001747218082694887,5.569542878725706e-09,0.9998252726221877,0.0001747218082694887,5.569542878725706e-09,0.9998252726221877,0.0001747218082694887,-0.9998252670526449,1,1,0.512,1180.0,1.1793404817581177,0.9934377917668306,-0.4434377917668305
237,237,categorical_soft,1,1,False,0.0,0.0,0.0,1.0,0.0,2,-1.0,0.3097318077459931,-1.7987687587738037,4.922107934951782,-1.921908187866211,0.3097318077459931,0.00120736091413143,0.997681097505154,0.0011115415807145608,0.00120736091413143,0.997681097505154,0.0011115415807145608,0.997681097505154,0.00120736091413143,-0.9965695559244394,2,2,0.512,1040.0,0.8575209192931652,0.9735935369836438,-0.42359353698364377
238,238,categorical_soft,1,1,True,0.1653626532142904,0.0,0.0,0.8346373438835144,0.1653626561164856,2,-0.6692746877670288,0.28667073845863345,-0.20561228692531586,0.3200395554304123,0.053276199661195275,0.28667073845863345,0.25125418243366165,0.4238815624247806,0.32486425514155776,0.25125418243366165,0.4238815624247806,0.32486425514155776,0.4238815624247806,0.25125418243366165,-0.09901730728322283,2,2,0.064,570.0,0.48624189104884863,0.912913889219907,-0.36291388921990697
239,239,categorical_soft,1,1,False,0.0,0.0,0.0,1.0,0.0,2,-1.0,0.22286041006445884,-1.8277646780014039,4.652735090255737,-1.5877384424209595,0.22286041006445884,0.00153452444201363,0.9964435933079054,0.0020218822500809182,0.00153452444201363,0.9964435933079054,0.0020218822500809182,0.9964435933079054,0.00153452444201363,-0.9944217110578245,2,2,0.256,1150.0,0.9062359754461795,0.9762034818176099,-0.4262034818176098
240,240,categorical_soft,0,0,True,0.13999451437870852,0.0,0.8600054979324341,0.0,0.1399945169687271,1,-0.720010980963707,0.16516698598861695,2.7027403593063353,-3.67326078414917,-0.15344585329294205,0.16516698598861695,0.9440884548715671,0.0016106083473085993,0.05430093678112431,0.9440884548715671,0.0016106083473085993,0.05430093678112431,0.9440884548715671,0.0016106083473085993,-0.8897875180904428,1,1,0.128,1160.0,1.1259546265937388,0.9916875020500079,-0.44168750205000784
241,241,categorical_soft,0,0,False,0.0,0.0,1.0,0.0,0.0,1,-1.0,0.3251568615436554,6.0382507801055905,0.8370117306709289,-8.876821708679199,0.3251568615436554,0.994518634612706,0.005481029173060178,3.3621423378056195e-07,0.994518634612706,0.005481029173060178,3.3621423378056195e-07,0.994518634612706,0.005481029173060178,-0.9945182983984722,1,1,0.256,780.0,0.9812496453523636,0.9893212358900684,-0.43932123589006833
242,242,categorical_soft,1,1,False,0.0,0.0,0.0,1.0,0.0,2,-1.0,0.36887947618961336,1.1029594242572784,0.6829506933689118,-2.093388307094574,0.36887947618961336,0.5885018116094304,0.38674029145356387,0.02475789693700575,0.5885018116094304,0.38674029145356387,0.02475789693700575,0.38674029145356387,0.5885018116094304,-0.3619823945165581,1,1,0.032,760.0,0.40921776555478573,0.850970846419215,-0.300970846419215
243,243,categorical_soft,1,1,True,0.1521124229431609,0.0,0.0,0.8478875756263733,0.1521124243736267,2,-0.6957751512527466,0.26634366549551486,-2.4466377019882204,2.468023443222046,1.0914692044258119,0.26634366549551486,0.0058660057294206615,0.7931680479384272,0.20096594633215217,0.0058660057294206615,0.7931680479384272,0.20096594633215217,0.7931680479384272,0.0058660057294206615,-0.5922021016062751,2,2,0.128,890.0,0.6839880559127778,0.9495773956125515,-0.39957739561255146
244,244,categorical_soft,1,1,False,0.0,0.0,0.0,1.0,0.0,2,-1.0,0.4686055347323418,-0.0934553813189268,2.279633569717407,-1.738443660736084,0.4686055347323418,0.08387737172974458,0.8996305031242334,0.016492125146022045,0.08387737172974458,0.8996305031242334,0.016492125146022045,0.8996305031242334,0.08387737172974458,-0.8831383779782114,2,2,0.064,460.0,0.5251156184822321,0.9354361738992932,-0.3854361738992932
245,245,categorical_soft,1,1,True,0.15085227026719744,0.0,0.0,0.8491477370262146,0.1508522629737854,2,-0.6982954740524292,0.17167163621634246,-2.706796956062317,2.9421865940093994,1.2199981451034545,0.17167163621634246,0.0029791187167856367,0.8458290370493629,0.15119184423385165,0.0029791187167856367,0.8458290370493629,0.15119184423385165,0.8458290370493629,0.0029791187167856367,-0.6946371928155112,2,2,0.256,1000.0,0.7283073337748647,0.9535017148259897,-0.4035017148259896
246,246,categorical_soft,0,0,True,0.13834065920886074,0.0,0.8616593480110168,0.0,0.13834065198898315,1,-0.7233186960220337,0.311771934106946,3.5076582431793213,-2.2443729400634767,-1.208601713180542,0.311771934106946,0.9871887896425612,0.0031365608854075624,0.009674649472031125,0.9871887896425612,0.0031365608854075624,0.009674649472031125,0.9871887896425612,0.0031365608854075624,-0.9775141401705301,1,1,0.512,670.0,1.3359726145863533,0.9983482697746391,-0.44834826977463904
247,247,categorical_soft,1,1,True,0.15131481865765273,0.0,0.0,0.8486852049827576,0.15131482481956482,2,-0.6973703801631927,0.2006088312715292,-2.59107391834259,2.501566219329834,1.0871959328651428,0.2006088312715292,0.0049352819319642555,0.800158234640222,0.19490648342781364,0.0049352819319642555,0.800158234640222,0.19490648342781364,0.800158234640222,0.0049352819319642555,-0.6052517512124083,2,2,0.512,750.0,0.6604041084647179,0.9520508505006002,-0.4020508505006002
248,248,categorical_soft,0,0,True,0.19104601399816412,0.0,0.8089540004730225,0.0,0.19104601442813873,1,-0.6179079860448837,0.3012708857655525,1.0653682112693788,-1.5351170659065247,0.05185727290809154,0.3012708857655525,0.6957538381727364,0.05167018148887827,0.2525759803383854,0.6957538381727364,0.05167018148887827,0.2525759803383854,0.6957538381727364,0.05167018148887827,-0.443177857834351,1,1,0.032,630.0,0.3886011242866516,0.8578638396277584,-0.3078638396277583
249,249,categorical_soft,0,0,True,0.14899593500840919,0.0,0.8510040640830994,0.0,0.14899593591690063,1,-0.7020081281661987,0.2769560649991035,0.8134179413318634,-1.1356430292129516,0.07992746531963349,0.2769560649991035,0.616156583607408,0.08774800024933004,0.296095416143262,0.616156583607408,0.08774800024933004,0.296095416143262,0.616156583607408,0.08774800024933004,-0.320061167464146,1,1,0.064,830.0,0.7157257348299026,0.9594510593295946,-0.4094510593295946
250,250,categorical_soft,0,0,False,0.0,0.0,1.0,0.0,0.0,1,-1.0,0.4246486991643906,6.548886966705322,0.7452006757259368,-9.526197338104248,0.4246486991643906,0.9969833561192789,0.00301653937321222,1.0450750903731866e-07,0.9969833561192789,0.00301653937321222,1.0450750903731866e-07,0.9969833561192789,0.00301653937321222,-0.9969832516117698,1,1,0.512,690.0,1.0512995719909668,0.9931826741729747,-0.44318267417297463
251,251,categorical_soft,1,1,True,0.1450358315135591,0.0,0.0,0.8549641966819763,0.14503583312034607,2,-0.7099283635616302,0.26091528236865996,-2.755228281021118,2.611486053466797,1.22940491437912,0.26091528236865996,0.0037423297352585302,0.7956890274972858,0.20056864276745578,0.0037423297352585302,0.7956890274972858,0.20056864276745578,0.7956890274972858,0.0037423297352585302,-0.59512038472983,2,2,0.512,460.0,0.7096503600478172,0.9728817790571173,-0.4228817790571172
252,252,categorical_soft,0,0,False,0.0,0.0,1.0,0.0,0.0,1,-1.0,0.4092300221323967,1.529480016231537,0.693189287185669,-2.734970808029175,0.4092300221323967,0.6906950101377956,0.2993950205780553,0.00990996928414921,0.6906950101377956,0.2993950205780553,0.00990996928414921,0.6906950101377956,0.2993950205780553,-0.6807850408536463,1,1,0.0,1090.0,0.056773871183395386,0.4043661573593404,0.14563384264065965
253,253,categorical_soft,0,0,True,0.14177096366115877,0.0,0.8582290410995483,0.0,0.14177095890045166,1,-0.7164580821990967,0.3542448185384274,2.2391353607177735,-1.531043827533722,-0.4885313928127289,0.3542448185384274,0.9174066461178201,0.021185199096756636,0.06140815478542324,0.9174066461178201,0.021185199096756636,0.06140815478542324,0.9174066461178201,0.021185199096756636,-0.8559984913323968,1,1,0.064,800.0,0.913612388074398,0.9848176074796632,-0.43481760747966314
254,254,categorical_soft,0,0,False,0.0,0.0,1.0,0.0,0.0,1,-1.0,0.3179594218730927,4.978489017486572,0.6650493323802948,-7.409031248092651,0.3179594218730927,0.9867773627066176,0.013218494687592222,4.142605790126881e-06,0.9867773627066176,0.013218494687592222,4.142605790126881e-06,0.9867773627066176,0.013218494687592222,-0.9867732201008275,1,1,0.128,900.0,0.7917141616344452,0.9693153156346825,-0.4193153156346825
255,255,categorical_soft,1,1,True,0.14931775281247062,0.0,0.0,0.850682258605957,0.14931775629520416,2,-0.7013645023107529,0.18020295742899178,-2.7469359159469606,3.322931718826294,1.1597689986228943,0.18020295742899178,0.0020867989266517037,0.8949776028502177,0.10293559822313067,0.0020867989266517037,0.8949776028502177,0.10293559822313067,0.8949776028502177,0.0020867989266517037,-0.792042004627087,2,2,0.256,1050.0,0.7642977461218834,0.9584047513164093,-0.4084047513164093
256,256,categorical_soft,0,0,False,0.0,0.0,1.0,0.0,0.0,1,-1.0,0.39689720086753366,2.7040582418441774,0.7612572908401489,-4.262109613418579,0.39689720086753366,0.8736831715687512,0.12546091478155633,0.0008559136496924684,0.8736831715687512,0.12546091478155633,0.0008559136496924684,0.8736831715687512,0.12546091478155633,-0.8728272579190587,1,1,0.064,640.0,0.4652378112077713,0.8967989949471341,-0.34679899494713406
257,257,categorical_soft,1,1,True,0.33470239391383116,0.0,0.0,0.6652976274490356,0.33470240235328674,2,-0.3305952250957489,0.24030623994767666,0.11090422160923481,0.12418148666620255,-0.012700294516980648,0.24030623994767666,0.34533944367808395,0.34959437735026255,0.3050661789716535,0.34533944367808395,0.34959437735026255,0.3050661789716535,0.34959437735026255,0.34533944367808395,-0.04452819837860905,2,2,0.0,730.0,0.20241867005825043,0.6818551039317605,-0.13185510393176048
258,258,categorical_soft,1,1,True,0.14302894809337374,0.0,0.0,0.856971025466919,0.14302894473075867,2,-0.7139420807361603,0.43789954781532286,-2.4916001081466677,2.675313663482666,1.0571236848831176,0.43789954781532286,0.0048399686450429965,0.8295098538510576,0.16565017750389954,0.0048399686450429965,0.8295098538510576,0.16565017750389954,0.8295098538510576,0.0048399686450429965,-0.663859676347158,2,2,0.512,850.0,0.8700185790657997,0.9801177867247022,-0.43011778672470213
259,259,categorical_soft,0,0,True,0.18788168456132315,0.0,0.8121182918548584,0.0,0.1878816783428192,1,-0.6242366135120392,0.30115301012992857,0.11440903022885322,0.12296686545014382,0.02619275227189064,0.30115301012992857,0.3426975902769028,0.34500599231177204,0.31229641741132524,0.3426975902769028,0.34500599231177204,0.31229641741132524,0.3426975902769028,0.34500599231177204,-0.03040117286557753,2,2,0.032,460.0,0.3570415824651718,0.8638378982141887,-0.3138378982141886
260,260,categorical_soft,0,0,True,0.2796784244066199,0.0,0.7203215956687927,0.0,0.27967843413352966,1,-0.44064316153526306,0.2380421284586191,-1.6181936979293823,1.3666693806648254,0.5716206908226014,0.2380421284586191,0.03385198431931713,0.6651694787092305,0.30097853697145244,0.03385198431931713,0.6651694787092305,0.30097853697145244,0.03385198431931713,0.6651694787092305,0.2671265526521353,2,2,0.0,830.0,0.28032926470041275,0.7358603937733131,-0.1858603937733131
261,261,categorical_soft,0,0,True,0.3556582784721536,0.0,0.6443417072296143,0.0,0.35565829277038574,1,-0.2886834144592285,0.2190550532191992,0.3046786949038506,-0.09198441207408906,-0.0419755894690752,0.2190550532191992,0.420254486421819,0.2827683870770124,0.29697712650116864,0.420254486421819,0.2827683870770124,0.29697712650116864,0.420254486421819,0.2827683870770124,-0.12327735992065036,1,1,0.0,520.0,0.1337961107492447,0.6633603266740746,-0.11336032667407459
262,262,categorical_soft,0,0,True,0.14775865724515563,0.0,0.8522413372993469,0.0,0.14775866270065308,1,-0.7044826745986938,0.26966058276593685,1.3963197588920593,-1.9178314447402953,0.03245114460587502,0.26966058276593685,0.7739385164342265,0.028162550181249062,0.1978989333845245,0.7739385164342265,0.028162550181249062,0.1978989333845245,0.7739385164342265,0.028162550181249062,-0.576039583049702,1,1,0.032,730.0,0.713656947016716,0.9635345279378638,-0.4135345279378637
263,263,categorical_soft,1,1,False,0.0,0.0,0.0,1.0,0.0,2,-1.0,0.4187524661421776,-0.7296999573707581,1.7524598956108093,-0.5541219651699066,0.4187524661421776,0.07110601194434861,0.8442254701967273,0.08466851785892404,0.07110601194434861,0.8442254701967273,0.08466851785892404,0.8442254701967273,0.07110601194434861,-0.7595569523378033,2,2,0.064,430.0,0.7616479843854904,0.9796020092335416,-0.4296020092335415
264,264,categorical_soft,1,1,False,0.0,0.0,0.0,1.0,0.0,2,-1.0,0.38406611457467077,1.2080783247947693,0.7525823652744293,-2.188505804538727,0.38406611457467077,0.599464650009798,0.380267680032247,0.02026766995795492,0.599464650009798,0.380267680032247,0.02026766995795492,0.380267680032247,0.599464650009798,-0.36000001007429205,1,1,0.032,640.0,0.5525830592960119,0.9303007074070531,-0.380300707407053
265,265,categorical_soft,1,1,True,0.1591806303985685,0.0,0.0,0.8408193588256836,0.1591806262731552,2,-0.6816387325525284,0.3163019658997655,-0.9327010393142701,0.9468606114387512,0.30724739730358125,0.3163019658997655,0.09144624978150001,0.5947893543917067,0.3137643958267932,0.09144624978150001,0.5947893543917067,0.3137643958267932,0.5947893543917067,0.09144624978150001,-0.28102495856491344,2,2,0.032,460.0,0.504600090906024,0.9290743796082712,-0.3790743796082712
266,266,categorical_soft,0,0,True,0.18279476550159074,0.0,0.8172052502632141,0.0,0.18279476463794708,1,-0.634410485625267,0.3381113430485129,0.7773175179958344,-0.48390343189239504,-0.1500393807888031,0.3381113430485129,0.595317399751164,0.168617032305027,0.2360655679438089,0.595317399751164,0.168617032305027,0.2360655679438089,0.595317399751164,0.168617032305027,-0.35925183180735515,1,1,0.0,1070.0,0.5245995223522186,0.8738495799116713,-0.3238495799116713
267,267,categorical_soft,0,0,True,0.13986777918535542,0.0,0.8601322174072266,0.0,0.13986778259277344,1,-0.7202644348144531,0.25756694972515104,1.4008148550987243,-2.0615914821624757,0.009288541972637177,0.25756694972515104,0.7811443423608493,0.02453422263703471,0.19432143500211613,0.7811443423608493,0.02453422263703471,0.19432143500211613,0.7811443423608493,0.02453422263703471,-0.5868229073587332,1,1,0.256,540.0,0.9865885153412819,0.9921885901687603,-0.4421885901687602
268,268,categorical_soft,0,0,True,0.1533718956249439,0.0,0.8466281294822693,0.0,0.1533719003200531,1,-0.6932562291622162,0.3275966186076403,1.2786633610725402,-0.7200596988201141,-0.2322121888399124,0.3275966186076403,0.7364523047810443,0.09983123133172049,0.1637164638872352,0.7364523047810443,0.09983123133172049,0.1637164638872352,0.7364523047810443,0.09983123133172049,-0.572735840893809,1,1,0.032,1050.0,0.7075030952692032,0.945742435098585,-0.395742435098585
269,269,categorical_soft,1,1,True,0.19538686710282,0.0,0.0,0.8046131134033203,0.1953868716955185,2,-0.6092262417078018,0.2767876390367746,0.0850513583049178,-0.18929086327552797,0.06584339998662472,0.2767876390367746,0.36512167959671904,0.27709320423985084,0.3577851161634302,0.36512167959671904,0.27709320423985084,0.3577851161634302,0.27709320423985084,0.36512167959671904,0.08069191192357933,1,1,0.0,780.0,0.41250117123126984,0.8499561995424352,-0.29995619954243513
270,270,categorical_soft,1,1,False,0.0,0.0,0.0,1.0,0.0,2,-1.0,0.5082601308822632,2.442758655548096,0.7769866287708282,-3.9531369686126707,0.5082601308822632,0.839671862490821,0.15890376811089485,0.001424369398283954,0.839671862490821,0.15890376811089485,0.001424369398283954,0.15890376811089485,0.839671862490821,-0.1574793987126109,1,1,0.0,480.0,0.10274922102689743,0.6396812171228674,-0.08968121712286736
271,271,categorical_soft,0,0,True,0.1594492223485875,0.0,0.8405507802963257,0.0,0.15944921970367432,1,-0.6811015605926514,0.22846447825431823,1.2308406352996826,-1.5380043745040894,-0.051789467595517634,0.22846447825431823,0.74622951186508,0.04682141880717936,0.20694906932774065,0.74622951186508,0.04682141880717936,0.20694906932774065,0.74622951186508,0.04682141880717936,-0.5392804425373394,1,1,0.032,690.0,0.5587776601314545,0.9283407491777317,-0.37834074917773164
272,272,categorical_soft,1,1,True,0.15029517023535793,0.0,0.0,0.8497048020362854,0.1502951681613922,2,-0.6994096338748932,0.26262852139770987,-2.1023507833480837,2.3154900550842283,0.8557927548885346,0.26262852139770987,0.00976664718407783,0.8033655165438152,0.18686783627210715,0.00976664718407783,0.8033655165438152,0.18686783627210715,0.8033655165438152,0.00976664718407783,-0.616497680271708,2,2,0.032,840.0,0.6972966487519443,0.9552655773150365,-0.40526557731503643
273,273,categorical_soft,1,1,True,0.6648790529686728,0.0,0.0,0.33512094616889954,0.6648790240287781,3,0.32975807785987854,0.17908316999673843,-0.2689180701971054,0.24034451097249984,0.1339482083916664,0.17908316999673843,0.24039442501597522,0.40020228413295744,0.3594032908510674,0.24039442501597522,0.40020228413295744,0.3594032908510674,0.40020228413295744,0.24039442501597522,-0.04079899328189002,2,2,0.0,1090.0,0.0686732679605484,0.41852326109160093,0.13147673890839912
274,274,categorical_soft,0,0,False,0.0,0.0,1.0,0.0,0.0,1,-1.0,0.29731144905090334,6.118478298187256,-0.5034177958965301,-7.606216716766357,0.29731144905090334,0.9986644805173274,0.001334406923937961,1.1125587345398448e-06,0.9986644805173274,0.001334406923937961,1.1125587345398448e-06,0.9986644805173274,0.001334406923937961,-0.9986633679585928,1,1,0.128,1180.0,0.8269686996936798,0.9640318690614057,-0.41403186906140566
275,275,categorical_soft,1,1,False,0.0,0.0,0.0,1.0,0.0,2,-1.0,0.3840831845998764,-1.771913504600525,4.725009870529175,-1.6076541662216186,0.3840831845998764,0.0015201617964755356,0.9966391399996125,0.0018406982039119752,0.0015201617964755356,0.9966391399996125,0.0018406982039119752,0.9966391399996125,0.0015201617964755356,-0.9947984417957005,2,2,0.256,850.0,1.0121175795793533,0.9900091090472307,-0.4400091090472307
276,276,categorical_soft,0,0,False,0.0,0.0,1.0,0.0,0.0,1,-1.0,0.2830191418528557,6.45681619644165,-1.7949238896369935,-6.8007433891296385,0.2830191418528557,0.9997369123091031,0.0002611377588251191,1.949932071837491e-06,0.9997369123091031,0.0002611377588251191,1.949932071837491e-06,0.9997369123091031,0.0002611377588251191,-0.9997349623770313,1,1,0.512,1150.0,1.1009928733110428,0.9907244605102499,-0.4407244605102498
277,277,categorical_soft,0,0,False,0.0,0.0,1.0,0.0,0.0,1,-1.0,0.39396895915269853,5.297391748428344,1.0626985549926757,-8.08114709854126,0.39396895915269853,0.9856912778161855,0.014307160745624844,1.5614381896622859e-06,0.9856912778161855,0.014307160745624844,1.5614381896622859e-06,0.9856912778161855,0.014307160745624844,-0.9856897163779959,1,1,0.128,680.0,0.9255853593349457,0.9875783536318303,-0.4375783536318303
278,278,categorical_soft,1,1,True,0.15633731192870665,0.0,0.0,0.843662679195404,0.15633730590343475,2,-0.6873253732919693,0.2675358146429062,-1.5082255840301513,1.4407729268074037,0.6557669639587402,0.2675358146429062,0.0348067486357231,0.662713870978027,0.3024793803862498,0.0348067486357231,0.662713870978027,0.3024793803862498,0.662713870978027,0.0348067486357231,-0.36023449059177726,2,2,0.032,850.0,0.6262553837150335,0.9370345759096455,-0.3870345759096454
279,279,categorical_soft,1,1,True,0.5298821104103935,0.0,0.0,0.4701178967952728,0.5298821330070496,3,0.05976423621177673,0.30243226513266563,0.27939036935567857,0.10822678804397583,-0.13340875282883644,0.30243226513266563,0.399291906613083,0.33666291723206826,0.2640451761548487,0.399291906613083,0.33666291723206826,0.2640451761548487,0.33666291723206826,0.399291906613083,-0.07261774107721958,1,1,0.0,850.0,0.09916174411773682,0.5275465849209846,0.022453415079015437
280,280,categorical_soft,1,1,True,0.1950017066658168,0.0,0.0,0.8049982786178589,0.19500170648097992,2,-0.609996572136879,0.22690801061689853,0.18198126256465913,-0.20893600285053254,0.06352646239101886,0.22690801061689853,0.38988487388755866,0.26375534896538566,0.34635977714705557,0.38988487388755866,0.26375534896538566,0.34635977714705557,0.26375534896538566,0.38988487388755866,0.08260442818166991,1,1,0.0,650.0,0.3817058764398098,0.8506450788496379,-0.30064507884963787
281,281,categorical_soft,0,0,True,0.24079107969569813,0.0,0.7592089176177979,0.0,0.24079108238220215,1,-0.5184178352355957,0.2973329558968544,0.06669937968254089,0.15270694270730018,0.027198346331715584,0.2973329558968544,0.32789523627798933,0.3570894589825216,0.31501530473948897,0.32789523627798933,0.3570894589825216,0.31501530473948897,0.32789523627798933,0.3570894589825216,-0.012879931538500367,2,2,0.032,550.0,0.26255927979946136,0.7815645134853585,-0.23156451348535845
282,282,categorical_soft,0,0,False,0.0,0.0,1.0,0.0,0.0,1,-1.0,0.33786415830254557,5.497403526306153,0.4312096178531647,-7.586806726455689,0.33786415830254557,0.9937256997453984,0.006272232685422564,2.0675691790237487e-06,0.9937256997453984,0.006272232685422564,2.0675691790237487e-06,0.9937256997453984,0.006272232685422564,-0.9937236321762194,1,1,0.512,440.0,0.9626259952783585,0.9922103971270537,-0.4422103971270537
283,283,categorical_soft,0,0,True,0.4337579858360813,0.0,0.5662420392036438,0.0,0.4337579905986786,1,-0.1324840486049652,0.2695565251633525,0.3150218203663826,0.08944411277770996,-0.09480058699846268,0.2695565251633525,0.40658048929350077,0.3242010596765008,0.26921845102999853,0.40658048929350077,0.3242010596765008,0.26921845102999853,0.40658048929350077,0.3242010596765008,-0.13736203826350224,1,1,0.0,990.0,0.1937071830034256,0.600143305897875,-0.05014330589787497
284,284,categorical_soft,1,1,False,0.0,0.0,0.0,1.0,0.0,2,-1.0,0.3421709969639778,-1.2341991066932678,5.5330297470092775,-3.085842514038086,0.3421709969639778,0.0011502684801286585,0.9986620435457108,0.00018768797416064255,0.0011502684801286585,0.9986620435457108,0.00018768797416064255,0.9986620435457108,0.0011502684801286585,-0.9984743555715501,2,2,0.512,1180.0,1.0494448315293994,0.9876492570449825,-0.4376492570449825
285,285,categorical_soft,0,0,True,0.20068470657477516,0.0,0.7993152737617493,0.0,0.20068471133708954,1,-0.5986305624246597,0.32225757986307146,1.0353958427906036,-0.9388212561607361,-0.15597600489854813,0.32225757986307146,0.6930069494932103,0.09623592205771259,0.2107571284490771,0.6930069494932103,0.09623592205771259,0.2107571284490771,0.6930069494932103,0.09623592205771259,-0.48224982104413316,1,1,0.064,740.0,0.38829944282770157,0.8407161680580805,-0.2907161680580804
286,286,categorical_soft,1,1,False,0.0,0.0,0.0,1.0,0.0,2,-1.0,0.2766553182154894,-1.5137723445892335,4.826007509231568,-2.3184345841407774,0.2766553182154894,0.0017648365738168429,0.9974021523351064,0.0008330110910768811,0.0017648365738168429,0.9974021523351064,0.0008330110910768811,0.9974021523351064,0.0017648365738168429,-0.9965691412440295,2,2,0.512,1140.0,0.9693213626742363,0.9826413425144718,-0.4326413425144717
287,287,categorical_soft,1,1,True,0.1485846174179713,0.0,0.0,0.8514153957366943,0.14858461916446686,2,-0.7028307765722275,0.1759135877713561,-2.977614998817444,3.0865517616271974,1.2806588053703307,0.1759135877713561,0.001993870704704407,0.8570392672855937,0.1409668620097019,0.001993870704704407,0.8570392672855937,0.1409668620097019,0.8570392672855937,0.001993870704704407,-0.7160724052758918,2,2,0.256,780.0,0.7106173224747181,0.9607977457080538,-0.4107977457080537
288,288,categorical_soft,0,0,False,0.0,0.0,1.0,0.0,0.0,1,-1.0,0.3424292989075184,6.055562686920166,0.9400206685066224,-9.147702598571778,0.3424292989075184,0.9940111083532941,0.005988637304493073,2.5434221295810334e-07,0.9940111083532941,0.005988637304493073,2.5434221295810334e-07,0.9940111083532941,0.005988637304493073,-0.9940108540110811,1,1,0.256,880.0,0.9866893738508224,0.9882830661053026,-0.43828306610530254
289,289,categorical_soft,0,0,False,0.0,0.0,1.0,0.0,0.0,1,-1.0,0.3705249398946762,4.672027587890625,0.49492615163326265,-6.681723403930664,0.3705249398946762,0.984870817750315,0.015117581170632244,1.1601079052515434e-05,0.984870817750315,0.015117581170632244,1.1601079052515434e-05,0.984870817750315,0.015117581170632244,-0.9848592166712625,1,1,0.064,920.0,0.7644073963165283,0.9642412099292518,-0.41424120992925173
290,290,categorical_soft,0,0,True,0.1381227231744136,0.0,0.8618772625923157,0.0,0.13812272250652313,1,-0.7237545400857925,0.2890296891331673,2.831130599975586,-1.5655436038970947,-0.9481344401836396,0.2890296891331673,0.9646385278990903,0.011899923376670469,0.02346154872423942,0.9646385278990903,0.011899923376670469,0.02346154872423942,0.9646385278990903,0.011899923376670469,-0.9411769791748509,1,1,0.512,600.0,1.4786475822329521,0.9992462463328757,-0.4492462463328757
291,291,categorical_soft,1,1,True,0.15995708681233395,0.0,0.0,0.8400428891181946,0.15995708107948303,2,-0.6800858080387115,0.19663522001355888,0.09892993047833443,-0.11145820915699005,0.01687769740819931,0.19663522001355888,0.3661417347064776,0.2971795173594466,0.3366787479340758,0.3661417347064776,0.2971795173594466,0.3366787479340758,0.2971795173594466,0.3661417347064776,0.03949923057462923,1,1,0.0,920.0,0.611028790473938,0.9269618633162482,-0.37696186331624815
292,292,categorical_soft,0,0,False,0.0,0.0,1.0,0.0,0.0,1,-1.0,0.4389865681529045,3.795769548416138,0.593122398853302,-5.5412867069244385,0.4389865681529045,0.9608053022271307,0.03910933986867933,8.535790419007144e-05,0.9608053022271307,0.03910933986867933,8.535790419007144e-05,0.9608053022271307,0.03910933986867933,-0.9607199443229406,1,1,0.064,970.0,0.7140514403581619,0.9519763772780255,-0.4019763772780255
293,293,categorical_soft,1,1,True,0.14477298929539312,0.0,0.0,0.855226993560791,0.1447729915380478,2,-0.7104540020227432,0.27146689742803576,-2.68359956741333,3.2666390419006346,1.0772634983062743,0.27146689742803576,0.002339300253829141,0.8970942429407953,0.10056645680537557,0.002339300253829141,0.8970942429407953,0.10056645680537557,0.8970942429407953,0.002339300253829141,-0.7965277861354197,2,2,0.512,1130.0,0.881339731393382,0.9738120010607991,-0.4238120010607991
294,294,categorical_soft,1,1,False,0.0,0.0,0.0,1.0,0.0,2,-1.0,0.41480723172426226,-0.8838698863983154,5.008580541610717,-3.121122884750366,0.41480723172426226,0.002758125153722659,0.9969330227698403,0.00030885207643688506,0.002758125153722659,0.9969330227698403,0.00030885207643688506,0.9969330227698403,0.002758125153722659,-0.9966241706934034,2,2,0.128,800.0,0.8723767548799515,0.9814709344251706,-0.4314709344251706
295,295,categorical_soft,1,1,False,0.0,0.0,0.0,1.0,0.0,2,-1.0,0.23926563709974288,-1.812379491329193,4.785238599777221,-1.7964737296104432,0.23926563709974288,0.0013649234498904123,0.9971800561836242,0.001455020366485417,0.0013649234498904123,0.9971800561836242,0.001455020366485417,0.9971800561836242,0.0013649234498904123,-0.9957250358171388,2,2,0.512,980.0,0.9144380930811167,0.9812820490448256,-0.4312820490448256
296,296,categorical_soft,1,1,True,0.14963844126577752,0.0,0.0,0.8503615856170654,0.14963844418525696,2,-0.7007231414318085,0.21457504983991385,-2.299687623977661,2.1108762621879578,0.9008129596710205,0.21457504983991385,0.009323500309925759,0.7623673511342204,0.22830914855585388,0.009323500309925759,0.7623673511342204,0.22830914855585388,0.7623673511342204,0.009323500309925759,-0.5340582025783664,2,2,0.512,510.0,0.6265748795121908,0.9573684414410254,-0.40736844144102535
297,297,categorical_soft,1,1,True,0.1490484519506305,0.0,0.0,0.8509515523910522,0.14904844760894775,2,-0.7019031047821045,0.168344459682703,-3.219984936714172,3.0926730632781982,1.401753294467926,0.168344459682703,0.001528451540338626,0.8426528114729894,0.15581873698667198,0.001528451540338626,0.8426528114729894,0.15581873698667198,0.8426528114729894,0.001528451540338626,-0.6868340744863175,2,2,0.512,1130.0,0.7884399071335793,0.9592798762345498,-0.40927987623454976
298,298,categorical_soft,1,1,False,0.0,0.0,0.0,1.0,0.0,2,-1.0,0.23447985406965016,-1.3539434552192688,4.319585609436035,-1.9002891182899475,0.23447985406965016,0.003417658395139778,0.9945396915082577,0.002042650096602334,0.003417658395139778,0.9945396915082577,0.002042650096602334,0.9945396915082577,0.003417658395139778,-0.9924970414116554,2,2,0.512,490.0,0.915975533425808,0.989622194411161,-0.4396221944111609
299,299,categorical_soft,0,0,False,0.0,0.0,1.0,0.0,0.0,1,-1.0,0.34644796401262284,0.6912058532238007,0.6618487715721131,-1.519826602935791,0.34644796401262284,0.4805536752108436,0.46647446804569526,0.05297185674346113,0.4805536752108436,0.46647446804569526,0.05297185674346113,0.4805536752108436,0.46647446804569526,-0.42758181846738247,1,1,0.0,540.0,0.1374301016330719,0.6619619019605973,-0.1119619019605973
300,300,categorical_soft,1,1,False,0.0,0.0,0.0,1.0,0.0,2,-1.0,0.33445615246891974,-1.4197917461395264,3.9132683277130127,-1.324166488647461,0.33445615246891974,0.004804099842767061,0.9897773041731069,0.005418595984125977,0.004804099842767061,0.9897773041731069,0.005418595984125977,0.9897773041731069,0.004804099842767061,-0.984358708188981,2,2,0.512,650.0,0.9220624417066574,0.9878075660184856,-0.4378075660184856
301,301,categorical_soft,0,0,True,0.3926417585264873,0.0,0.6073582172393799,0.0,0.39264175295829773,1,-0.21471646428108215,0.34412363097071647,0.22187469005584717,-0.5313262522220612,0.13380393832921983,0.34412363097071647,0.4190118430070605,0.19735316097249467,0.3836349960204449,0.4190118430070605,0.19735316097249467,0.3836349960204449,0.4190118430070605,0.19735316097249467,-0.03537684698661564,1,1,0.0,780.0,0.17007821798324585,0.6325402226419574,-0.08254022264195737
302,302,categorical_soft,0,0,True,0.17886932257187405,0.0,0.8211306929588318,0.0,0.1788693219423294,1,-0.6422613710165024,0.20569825489073992,0.27734090089797975,-0.2785709500312805,0.11407152228057385,0.20569825489073992,0.41272555728967913,0.23685638542571671,0.3504180572846042,0.41272555728967913,0.23685638542571671,0.3504180572846042,0.41272555728967913,0.23685638542571671,-0.062307500005074956,1,1,0.064,490.0,0.39768432080745697,0.8819542041042935,-0.33195420410429344
303,303,categorical_soft,1,1,False,0.0,0.0,0.0,1.0,0.0,2,-1.0,0.44159063026309014,0.9912077367305756,0.6971460461616517,-1.8231417536735535,0.44159063026309014,0.5537764920053226,0.4127315359599681,0.03349197203470933,0.5537764920053226,0.4127315359599681,0.03349197203470933,0.4127315359599681,0.5537764920053226,-0.37923956392525876,1,1,0.0,570.0,0.11988545954227448,0.6340609673785624,-0.08406096737856239
304,304,categorical_soft,1,1,True,0.1426841499922351,0.0,0.0,0.8573158383369446,0.14268414676189423,2,-0.7146316915750504,0.17790302056819202,-2.7203297853469848,3.1756715297698976,1.1659786701202393,0.17790302056819202,0.0024294911470517265,0.8796434370933752,0.11792707175957293,0.0024294911470517265,0.8796434370933752,0.11792707175957293,0.8796434370933752,0.0024294911470517265,-0.7617163653338023,2,2,0.256,1040.0,0.9303916841745377,0.9813929123148705,-0.4313929123148704
305,305,categorical_soft,1,1,True,0.15134368036888202,0.0,0.0,0.8486562967300415,0.1513436734676361,2,-0.6973126232624054,0.3386728554964066,-2.5362051248550417,2.4967584133148195,1.0673033118247985,0.3386728554964066,0.0052629604402333685,0.8022481104323445,0.19248892912742196,0.0052629604402333685,0.8022481104323445,0.19248892912742196,0.8022481104323445,0.0052629604402333685,-0.6097591813049225,2,2,0.256,560.0,0.6133843287825584,0.9519607250283878,-0.40196072502838776
306,306,categorical_soft,1,1,True,0.17814919649739103,0.0,0.0,0.8218507766723633,0.17814919352531433,2,-0.643701583147049,0.22763674836605788,-2.4577591180801392,2.27623872756958,1.0903931617736817,0.22763674836605788,0.006710687921026848,0.7599995309524815,0.23328978112649162,0.006710687921026848,0.7599995309524815,0.23328978112649162,0.7599995309524815,0.006710687921026848,-0.5267097498259898,2,2,0.128,830.0,0.48410578817129135,0.8834798048379447,-0.3334798048379447
307,307,categorical_soft,0,0,False,0.0,0.0,1.0,0.0,0.0,1,-1.0,0.41631992906332016,2.9115824460983277,0.6480473458766938,-4.502252721786499,0.41631992906332016,0.9052528228987153,0.09419354953397577,0.0005536275673088199,0.9052528228987153,0.09419354953397577,0.0005536275673088199,0.9052528228987153,0.09419354953397577,-0.9046991953314065,1,1,0.128,430.0,0.6822309195995331,0.9701567791206914,-0.4201567791206914
308,308,categorical_soft,0,0,True,0.19729139267598805,0.0,0.802708625793457,0.0,0.19729138910770416,1,-0.6054172366857529,0.2154291070997715,0.6635843455791474,-0.19401719570159912,-0.10613789930939674,0.2154291070997715,0.5297057932679685,0.22458414218988212,0.24571006454214936,0.5297057932679685,0.22458414218988212,0.24571006454214936,0.5297057932679685,0.22458414218988212,-0.28399572872581913,1,1,0.032,520.0,0.3433762788772583,0.8465847675222417,-0.2965847675222416
309,309,categorical_soft,1,1,False,0.0,0.0,0.0,1.0,0.0,2,-1.0,0.39922883957624433,2.8104591608047484,0.7343521475791931,-4.319345855712891,0.39922883957624433,0.8878236818912197,0.11144861674188193,0.0007277013668983837,0.8878236818912197,0.11144861674188193,0.0007277013668983837,0.11144861674188193,0.8878236818912197,-0.11072091537498355,1,1,0.0,1000.0,0.5186137944401708,0.8797866948377613,-0.32978669483776124
310,310,categorical_soft,1,1,False,0.0,0.0,0.0,1.0,0.0,2,-1.0,0.3494917079806328,-0.9272601127624511,3.291069221496582,-1.7510345458984375,0.3494917079806328,0.014473850053359504,0.9790056434104898,0.006520506536150707,0.014473850053359504,0.9790056434104898,0.006520506536150707,0.9790056434104898,0.014473850053359504,-0.9724851368743391,2,2,0.032,970.0,0.39643021300435066,0.8063145232842015,-0.25631452328420146
311,311,categorical_soft,1,1,True,0.15569712710598393,0.0,0.0,0.8443028926849365,0.15569712221622467,2,-0.6886057704687119,0.22020057104527951,-2.596562314033508,2.227297830581665,1.1103640794754028,0.22020057104527951,0.0060263739249003575,0.7483023603517237,0.24567126572337594,0.0060263739249003575,0.7483023603517237,0.24567126572337594,0.7483023603517237,0.0060263739249003575,-0.5026310946283478,2,2,0.256,650.0,0.5836306642740965,0.9388779207407766,-0.38887792074077654
312,312,categorical_soft,1,1,False,0.0,0.0,0.0,1.0,0.0,2,-1.0,0.4070403777062893,-1.6534168601036072,3.6897470474243166,-0.9452398598194123,0.4070403777062893,0.004730951675740612,0.9852256256753833,0.010043422648876046,0.004730951675740612,0.9852256256753833,0.010043422648876046,0.9852256256753833,0.004730951675740612,-0.9751822030265073,2,2,0.512,610.0,0.9209451451897621,0.9883116426258042,-0.43831164262580413
313,313,categorical_soft,0,0,False,0.0,0.0,1.0,0.0,0.0,1,-1.0,0.4539128243923187,6.358210897445678,0.6252626955509186,-9.070727443695068,0.4539128243923187,0.9967638389824052,0.003235962253294354,1.9876430040292878e-07,0.9967638389824052,0.003235962253294354,1.9876430040292878e-07,0.9967638389824052,0.003235962253294354,-0.9967636402181048,1,1,0.512,640.0,1.0328418463468552,0.9929736339388011,-0.44297363393880107
314,314,categorical_soft,0,0,False,0.0,0.0,1.0,0.0,0.0,1,-1.0,0.38404219746589663,2.2685823917388914,0.9184958279132843,-3.5262884140014648,0.38404219746589663,0.7919781507473129,0.20552019245902114,0.00250165679366587,0.7919781507473129,0.20552019245902114,0.00250165679366587,0.7919781507473129,0.20552019245902114,-0.789476493953647,1,1,0.064,740.0,0.653642937541008,0.9510753730288615,-0.4010753730288614
315,315,categorical_soft,1,1,True,0.18445459278003695,0.0,0.0,0.815545380115509,0.18445459008216858,2,-0.6310907900333405,0.2794846151024103,0.42881267368793485,0.08993137143552303,-0.054534561559557916,0.2794846151024103,0.42916652889215035,0.30575386268325433,0.2650796084245952,0.42916652889215035,0.30575386268325433,0.2650796084245952,0.30575386268325433,0.42916652889215035,-0.040674254258659115,1,1,0.064,410.0,0.3565915375947952,0.8705246549234951,-0.320524654923495
316,316,categorical_soft,1,1,True,0.14385024512179656,0.0,0.0,0.8561497330665588,0.14385025203227997,2,-0.7122994810342789,0.23918613120913507,-2.2370924234390257,2.1690935850143434,0.9713451147079468,0.23918613120913507,0.009397852810170141,0.760606753776524,0.22999539341330597,0.009397852810170141,0.760606753776524,0.22999539341330597,0.760606753776524,0.009397852810170141,-0.530611360363218,2,2,0.512,450.0,0.7426585806533694,0.9771188704324757,-0.42711887043247565
317,317,categorical_soft,1,1,True,0.2529653022322077,0.0,0.0,0.7470346689224243,0.2529653012752533,2,-0.494069367647171,0.3062846168875694,0.8220279395580292,-0.7879349112510681,-0.040853927843272686,0.3062846168875694,0.6165191966200231,0.1233233955825156,0.26015740779746144,0.6165191966200231,0.1233233955825156,0.26015740779746144,0.1233233955825156,0.6165191966200231,0.13683401221494584,1,1,0.0,840.0,0.31598392128944397,0.7663283213325881,-0.21632832133258806
318,318,categorical_soft,1,1,False,0.0,0.0,0.0,1.0,0.0,2,-1.0,0.4305929630994797,-1.7303876757621766,3.377264881134033,-0.6183147221803665,0.4305929630994797,0.005932612163482645,0.9756697865863198,0.01839760125019757,0.005932612163482645,0.9756697865863198,0.01839760125019757,0.9756697865863198,0.005932612163482645,-0.9572721853361221,2,2,0.032,690.0,0.6099110618233681,0.9433591631568852,-0.3933591631568851
319,319,categorical_soft,0,0,False,0.0,0.0,1.0,0.0,0.0,1,-1.0,0.4038360744714737,5.135224342346191,1.072371780872345,-8.022419500350953,0.4038360744714737,0.9830425572948605,0.016955500468092258,1.942237047377037e-06,0.9830425572948605,0.016955500468092258,1.942237047377037e-06,0.9830425572948605,0.016955500468092258,-0.983040615057813,1,1,0.256,420.0,0.8809878528118134,0.9886837339785269,-0.4386837339785269
320,320,categorical_soft,1,1,False,0.0,0.0,0.0,1.0,0.0,2,-1.0,0.46882930770516396,1.1247214436531068,0.6358380675315857,-2.0688740968704225,0.46882930770516396,0.6041023146153558,0.3707751492376107,0.025122536147033574,0.6041023146153558,0.3707751492376107,0.025122536147033574,0.3707751492376107,0.6041023146153558,-0.3456526130905771,1,1,0.0,700.0,0.10261709988117218,0.5764236634331203,-0.026423663433120304
321,321,categorical_soft,0,0,True,0.1402273227231401,0.0,0.8597726821899414,0.0,0.1402273178100586,1,-0.7195453643798828,0.3863601624965668,4.735616445541382,-0.24332254566252232,-4.46572527885437,0.3863601624965668,0.9930619020629081,0.00683569105828221,0.00010240687880977045,0.9930619020629081,0.00683569105828221,0.00010240687880977045,0.9930619020629081,0.00683569105828221,-0.9929594951840983,1,1,0.128,1000.0,1.0652206018567085,0.9907709267812306,-0.44077092678123053
322,322,categorical_soft,1,1,True,0.2867941577344816,0.0,0.0,0.7132058143615723,0.28679415583610535,2,-0.4264116585254669,0.2308094371110201,-0.1651410985738039,0.21454306691884995,0.07855023555457592,0.2308094371110201,0.267944458730366,0.391021784087132,0.34103375718250206,0.267944458730366,0.391021784087132,0.34103375718250206,0.391021784087132,0.267944458730366,-0.049988026904629945,2,2,0.0,1030.0,0.3215598538517952,0.7283040136993101,-0.17830401369931004
323,323,categorical_soft,0,0,False,0.0,0.0,1.0,0.0,0.0,1,-1.0,0.36279742866754533,6.430201578140259,0.10486149936914443,-8.699107265472412,0.36279742866754533,0.9981998593980478,0.0017998709149849765,2.69686967212951e-07,0.9981998593980478,0.0017998709149849765,2.69686967212951e-07,0.9981998593980478,0.0017998709149849765,-0.9981995897110806,1,1,0.512,830.0,1.0152685642242432,0.9903932264934603,-0.44039322649346024
324,324,categorical_soft,1,1,True,0.406473696242102,0.0,0.0,0.593526303768158,0.40647369623184204,2,-0.18705260753631592,0.18498997613787652,-0.14515181295573712,0.1987253710627556,0.11807798147201538,0.18498997613787652,0.26963056956410136,0.3799046787676465,0.35046475166825214,0.26963056956410136,0.3799046787676465,0.35046475166825214,0.3799046787676465,0.26963056956410136,-0.02943992709939436,2,2,0.032,910.0,0.19233771413564682,0.6214666338918414,-0.07146663389184138
325,325,categorical_soft,1,1,False,0.0,0.0,0.0,1.0,0.0,2,-1.0,0.37924120128154754,0.005709742940962314,1.179209840297699,-0.823600172996521,0.37924120128154754,0.21394624511664687,0.6917785013290285,0.09427525355432467,0.21394624511664687,0.6917785013290285,0.09427525355432467,0.6917785013290285,0.21394624511664687,-0.5975032477747039,2,2,0.032,580.0,0.3728146329522133,0.8557427906917575,-0.30574279069175747
326,326,categorical_soft,1,1,False,0.0,0.0,0.0,1.0,0.0,2,-1.0,0.3496001049876213,-1.7818121314048767,4.683435678482056,-1.5872522830963134,0.3496001049876213,0.001561316398041305,0.9964592748366707,0.00197940876528802,0.001561316398041305,0.9964592748366707,0.00197940876528802,0.9964592748366707,0.001561316398041305,-0.9944798660713827,2,2,0.256,1060.0,0.8593176230788231,0.9731977628428837,-0.4231977628428837
327,327,categorical_soft,1,1,False,0.0,0.0,0.0,1.0,0.0,2,-1.0,0.27314247712492945,-1.5721969962120057,5.386303043365478,-2.6307211399078367,0.27314247712492945,0.0009495713637837783,0.9987084819658472,0.00034194667036890593,0.0009495713637837783,0.9987084819658472,0.00034194667036890593,0.9987084819658472,0.0009495713637837783,-0.9983665352954783,2,2,0.064,1040.0,0.6845659837126732,0.9403402151492702,-0.3903402151492702
328,328,categorical_soft,1,1,True,0.1610820202706162,0.0,0.0,0.8389179706573486,0.16108201444149017,2,-0.6778359562158585,0.2075754303485155,-1.7405220150947571,1.9107521533966065,0.6900988280773163,0.2075754303485155,0.019797541795542647,0.7568012094225203,0.22340124878193707,0.019797541795542647,0.7568012094225203,0.22340124878193707,0.7568012094225203,0.019797541795542647,-0.5333999606405833,2,2,0.032,1080.0,0.6413864023052156,0.9239454056477846,-0.37394540564778456
329,329,categorical_soft,1,1,False,0.0,0.0,0.0,1.0,0.0,2,-1.0,0.4541768908500671,1.2542982816696167,0.9458621561527252,-2.8468446254730226,0.4541768908500671,0.5707485723392992,0.41959764496887353,0.009653782691827383,0.5707485723392992,0.41959764496887353,0.009653782691827383,0.41959764496887353,0.5707485723392992,-0.40994386227704616,1,1,0.032,710.0,0.5105309039354324,0.9089025872845348,-0.3589025872845347
330,330,categorical_soft,0,0,True,0.13915241017614322,0.0,0.8608475923538208,0.0,0.1391524076461792,1,-0.7216951847076416,0.29980703741312026,2.566113018989563,-1.8115177989006042,-0.7743053317070008,0.29980703741312026,0.9520158759925877,0.011970015484336276,0.036014108523075884,0.9520158759925877,0.011970015484336276,0.036014108523075884,0.9520158759925877,0.011970015484336276,-0.9160017674695119,1,1,0.256,630.0,1.1019249856472015,0.9950456617702963,-0.44504566177029625
331,331,categorical_soft,0,0,False,0.0,0.0,1.0,0.0,0.0,1,-1.0,0.5337132677435875,1.998733103275299,0.8489376068115234,-3.403048348426819,0.5337132677435875,0.7567977475816936,0.23973174764303612,0.0034705047752702487,0.7567977475816936,0.23973174764303612,0.0034705047752702487,0.7567977475816936,0.23973174764303612,-0.7533272428064234,1,1,0.0,830.0,0.20126265287399292,0.6538655747685236,-0.10386557476852354
332,332,categorical_soft,0,0,True,0.2209024574979664,0.0,0.7790975570678711,0.0,0.2209024578332901,1,-0.558195099234581,0.269560388289392,1.469954824447632,-0.05348176099359989,-0.7257685244083405,0.269560388289392,0.7520488747072166,0.16399423343017297,0.08395689186261031,0.7520488747072166,0.16399423343017297,0.08395689186261031,0.7520488747072166,0.16399423343017297,-0.6680919828446062,1,1,0.064,730.0,0.34088726341724396,0.8088671033863649,-0.25886710338636487
333,333,categorical_soft,1,1,False,0.0,0.0,0.0,1.0,0.0,2,-1.0,0.467083802819252,0.4529256224632263,1.4242818832397461,-1.8118111610412597,0.467083802819252,0.26733188713653555,0.7042881858463659,0.02837992701709862,0.26733188713653555,0.7042881858463659,0.02837992701709862,0.7042881858463659,0.26733188713653555,-0.6759082588292673,2,2,0.0,1080.0,0.817897766828537,0.9665757296194332,-0.4165757296194331
334,334,categorical_soft,0,0,True,0.45591100746087365,0.0,0.5440890192985535,0.0,0.4559110105037689,1,-0.08817800879478455,0.29024642128497363,-0.12920299246907235,-0.021880590915679933,0.15314503610134125,0.29024642128497363,0.29104257290636976,0.3242361015364984,0.3847213255571319,0.29104257290636976,0.3242361015364984,0.3847213255571319,0.29104257290636976,0.3242361015364984,0.09367875265076214,3,3,0.032,500.0,0.05920746922492981,0.5832016383152792,-0.033201638315279114
335,335,categorical_soft,1,1,True,0.29072301708682174,0.0,0.0,0.7092769742012024,0.2907230257987976,2,-0.4185539484024048,0.2627760533243418,0.5092196077108383,-0.13384507298469545,-0.1172447919845581,0.2627760533243418,0.4853959900855827,0.25497456447206773,0.2596294454423496,0.4853959900855827,0.25497456447206773,0.2596294454423496,0.25497456447206773,0.4853959900855827,0.004654880970281883,1,1,0.0,1190.0,0.3566339612007141,0.7242176165579642,-0.1742176165579642
336,336,categorical_soft,1,1,True,0.4317453803135542,0.0,0.0,0.5682545900344849,0.43174538016319275,2,-0.13650920987129211,0.251513272896409,0.03447326570749283,0.11034540869295598,0.04728721752762795,0.251513272896409,0.3234925223611535,0.3489257359606779,0.32758174167816867,0.3234925223611535,0.3489257359606779,0.32758174167816867,0.3489257359606779,0.3234925223611535,-0.021343994282509215,2,2,0.0,650.0,0.11160320788621902,0.6016966688828335,-0.05169666888283342
337,337,categorical_soft,0,0,False,0.0,0.0,1.0,0.0,0.0,1,-1.0,0.3425445944070816,6.869254636764526,-0.5547601729631424,-8.694203758239746,0.3425445944070816,0.999401838160977,0.0005979821042038769,1.7973481929311373e-07,0.999401838160977,0.0005979821042038769,1.7973481929311373e-07,0.999401838160977,0.0005979821042038769,-0.9994016584261578,1,1,0.256,1190.0,0.9339479058980942,0.9781629898726585,-0.42816298987265844
338,338,categorical_soft,1,1,False,0.0,0.0,0.0,1.0,0.0,2,-1.0,0.29573423936963084,-1.711600089073181,4.814068269729614,-1.8964519858360291,0.29573423936963084,0.0014738321758806868,0.9972328143634765,0.0012933534606427359,0.0014738321758806868,0.9972328143634765,0.0012933534606427359,0.9972328143634765,0.0014738321758806868,-0.9959394609028338,2,2,0.128,940.0,0.7707909550517797,0.964490488674304,-0.41449048867430394
339,339,categorical_soft,1,1,True,0.1604912039489657,0.0,0.0,0.8395087718963623,0.1604911983013153,2,-0.679017573595047,0.2482852481305599,-2.7658703565597533,2.4477777004241945,1.1586152911186218,0.2482852481305599,0.00425486950269344,0.7798177895085868,0.21592734098871968,0.00425486950269344,0.7798177895085868,0.21592734098871968,0.7798177895085868,0.00425486950269344,-0.5638904485198671,2,2,0.128,700.0,0.5527637246996164,0.9255232317218494,-0.3755232317218493
340,340,categorical_soft,0,0,False,0.0,0.0,1.0,0.0,0.0,1,-1.0,0.2845796562731266,5.39459080696106,-0.13350607752799987,-6.905304574966431,0.2845796562731266,0.9960252502940342,0.003970193432632768,4.556273332836242e-06,0.9960252502940342,0.003970193432632768,4.556273332836242e-06,0.9960252502940342,0.003970193432632768,-0.9960206940207014,1,1,0.064,1130.0,0.7965922951698303,0.9608160830938423,-0.4108160830938422
341,341,categorical_soft,1,1,True,0.6383385305031333,0.0,0.0,0.36166146397590637,0.6383385062217712,3,0.27667704224586487,0.26477484256029127,-0.1648710999637842,0.1426377221941948,0.04259471520781517,0.26477484256029127,0.27878399963519274,0.3789122878813742,0.34230371248343305,0.27878399963519274,0.3789122878813742,0.34230371248343305,0.3789122878813742,0.27878399963519274,-0.03660857539794116,2,2,0.0,830.0,0.024197444319725037,0.44178459489913063,0.10821540510086941
342,342,categorical_soft,0,0,True,0.3484725113930036,0.0,0.651527464389801,0.0,0.3484725058078766,1,-0.30305495858192444,0.15358308292925357,-0.24546267688274384,0.5079176515340805,0.13211640417575837,0.15358308292925357,0.21831153084659993,0.4633414200822849,0.31834704907111505,0.21831153084659993,0.4633414200822849,0.31834704907111505,0.21831153084659993,0.4633414200822849,0.10003551822451512,2,2,0.0,930.0,0.2401103377342224,0.6696039189278831,-0.11960391892788302
343,343,categorical_soft,0,0,True,0.1408680466465338,0.0,0.859131932258606,0.0,0.14086805284023285,1,-0.7182638794183731,0.3124147430062294,3.7482563972473146,-0.6154424518346786,-2.980112338066101,0.3124147430062294,0.9862275903755651,0.012558100064137243,0.0012143095602977659,0.9862275903755651,0.012558100064137243,0.0012143095602977659,0.9862275903755651,0.012558100064137243,-0.9850132808152673,1,1,0.128,930.0,0.998799242079258,0.9882740667620786,-0.4382740667620786
344,344,categorical_soft,1,1,False,0.0,0.0,0.0,1.0,0.0,2,-1.0,0.27230104990303516,-1.5433408856391906,5.163242053985596,-2.563459777832031,0.27230104990303516,0.0012218630535297242,0.9983180471538933,0.0004600897925771115,0.0012218630535297242,0.9983180471538933,0.0004600897925771115,0.9983180471538933,0.0012218630535297242,-0.9978579573613162,2,2,0.128,1190.0,0.9841103702783585,0.9828513713934699,-0.43285137139346985
345,345,categorical_soft,0,0,False,0.0,0.0,1.0,0.0,0.0,1,-1.0,0.4200331509113312,4.183505439758301,0.7429428339004517,-6.317024898529053,0.4200331509113312,0.9688210363860875,0.03115134127712062,2.7622336791822655e-05,0.9688210363860875,0.03115134127712062,2.7622336791822655e-05,0.9688210363860875,0.03115134127712062,-0.9687934140492956,1,1,0.064,690.0,0.6364440619945526,0.9499356388377335,-0.3999356388377334
346,346,categorical_soft,0,0,False,0.0,0.0,1.0,0.0,0.0,1,-1.0,0.4624716639518738,1.1506104111671447,0.6056880235671998,-2.0724331021308897,0.4624716639518738,0.6168953014344327,0.358164751560142,0.024939947005425313,0.6168953014344327,0.358164751560142,0.024939947005425313,0.6168953014344327,0.358164751560142,-0.5919553544290074,1,1,0.032,640.0,0.6729329973459244,0.9601760593339327,-0.41017605933393264
347,347,categorical_soft,1,1,False,0.0,0.0,0.0,1.0,0.0,2,-1.0,0.2930483724921942,-1.7870151162147523,4.613964557647705,-1.30264732837677,0.2930483724921942,0.001655693699831872,0.9955814209865637,0.0027628853136045873,0.001655693699831872,0.9955814209865637,0.0027628853136045873,0.9955814209865637,0.001655693699831872,-0.9928185356729591,2,2,0.512,850.0,0.9372682347893715,0.9856319148970634,-0.4356319148970633
348,348,categorical_soft,0,0,False,0.0,0.0,1.0,0.0,0.0,1,-1.0,0.40427911281585693,4.756803274154663,1.0637435913085938,-7.626650142669678,0.40427911281585693,0.9756589187537497,0.024336896317658924,4.18492859145985e-06,0.9756589187537497,0.024336896317658924,4.18492859145985e-06,0.9756589187537497,0.024336896317658924,-0.9756547338251582,1,1,0.064,750.0,0.7316131889820099,0.965721529342436,-0.415721529342436
349,349,categorical_soft,1,1,False,0.0,0.0,0.0,1.0,0.0,2,-1.0,0.29112951681017873,-1.8291935563087462,4.672079801559448,-1.416174876689911,0.29112951681017873,0.0014984404823031254,0.9961792249662802,0.0023223345514168307,0.0014984404823031254,0.9961792249662802,0.0023223345514168307,0.9961792249662802,0.0014984404823031254,-0.9938568904148634,2,2,0.256,1070.0,1.012370828539133,0.9870300100435582,-0.4370300100435581
350,350,categorical_soft,1,1,True,0.14918507993551788,0.0,0.0,0.850814938545227,0.14918507635593414,2,-0.7016298621892929,0.16250684056431056,-1.9260302186012268,2.6272655487060548,0.8926397025585174,0.16250684056431056,0.008956608730599913,0.8423152052400183,0.14872818602938173,0.008956608730599913,0.8423152052400183,0.14872818602938173,0.8423152052400183,0.008956608730599913,-0.6935870192106366,2,2,0.064,650.0,0.6683630901388824,0.9588353278858958,-0.4088353278858957
351,351,categorical_soft,0,0,False,0.0,0.0,1.0,0.0,0.0,1,-1.0,0.3725719913840294,7.007158708572388,-1.5700946569442749,-7.77252082824707,0.3725719913840294,0.999810340491079,0.00018924105635942208,4.184525616770262e-07,0.999810340491079,0.00018924105635942208,4.184525616770262e-07,0.999810340491079,0.00018924105635942208,-0.9998099220385173,1,1,0.512,1120.0,1.1905434653162956,0.994218091239636,-0.44421809123963596
352,352,categorical_soft,1,1,False,0.0,0.0,0.0,1.0,0.0,2,-1.0,0.3422799289226532,-1.5569841861724854,3.985327959060669,-1.3755664229393005,0.3422799289226532,0.003914493993492181,0.9911077593237545,0.004977746682753241,0.003914493993492181,0.9911077593237545,0.004977746682753241,0.9911077593237545,0.003914493993492181,-0.9861300126410013,2,2,0.256,400.0,0.7987911775708199,0.9835424597184669,-0.43354245971846683
353,353,categorical_soft,0,0,True,0.4211503580432464,0.0,0.5788496136665344,0.0,0.4211503565311432,1,-0.15769925713539124,0.25424575824290513,-0.21638621389865875,-0.03911012522876263,0.15390249490737914,0.25424575824290513,0.27468438494182706,0.3282169720629749,0.39709864299519804,0.27468438494182706,0.3282169720629749,0.39709864299519804,0.27468438494182706,0.3282169720629749,0.12241425805337097,3,3,0.0,610.0,0.1087988018989563,0.6099215844506183,-0.05992158445061824
354,354,categorical_soft,1,1,True,0.1510709433256638,0.0,0.0,0.8489290475845337,0.15107093751430511,2,-0.6978581100702286,0.26294575072824955,0.8872991144657135,-0.8949065625667572,-0.04547114819288254,0.26294575072824955,0.6400876764344243,0.10784151844869357,0.2520708051168822,0.6400876764344243,0.10784151844869357,0.2520708051168822,0.10784151844869357,0.6400876764344243,0.14422928666818863,1,1,0.0,970.0,0.7178128808736801,0.9528142824883851,-0.402814282488385
355,355,categorical_soft,1,1,True,0.1748082876324218,0.0,0.0,0.8251917362213135,0.1748082935810089,2,-0.6503834426403046,0.32282955311238765,0.9280591428279876,-0.9196046769618988,0.0264392975717783,0.32282955311238765,0.6393430792480448,0.10089925270126146,0.2597576680506938,0.6393430792480448,0.10089925270126146,0.2597576680506938,0.10089925270126146,0.6393430792480448,0.15885841534943232,1,1,0.0,900.0,0.5160111337900162,0.8907261062024602,-0.34072610620246013
356,356,categorical_soft,1,1,True,0.1575029186359953,0.0,0.0,0.8424971103668213,0.1575029194355011,2,-0.6849941909313202,0.24405414145439863,-0.2176225133240223,1.2462829113006593,-0.08633551262319088,0.24405414145439863,0.15484576803821853,0.6685706956004177,0.17658353636136379,0.15484576803821853,0.6685706956004177,0.17658353636136379,0.6685706956004177,0.15484576803821853,-0.4919871592390539,2,2,0.032,880.0,0.6224783137440681,0.9337274851666373,-0.38372748516663724
357,357,categorical_soft,0,0,True,0.16152437249962082,0.0,0.8384756445884705,0.0,0.16152437031269073,1,-0.6769512742757797,0.2461324781179428,0.3393948405981064,-0.5292297303676605,0.07245133072137833,0.2461324781179428,0.4575845940021167,0.19218252719343296,0.35023287880445025,0.4575845940021167,0.19218252719343296,0.35023287880445025,0.4575845940021167,0.19218252719343296,-0.10735171519766645,1,1,0.064,680.0,0.5398712754249573,0.9227732052409395,-0.3727732052409395
358,358,categorical_soft,1,1,True,0.1639196719211149,0.0,0.0,0.8360803127288818,0.16391967236995697,2,-0.6721606403589249,0.22199817132204772,-0.03829698301851749,-0.0858726155012846,0.005647480115294456,0.22199817132204772,0.3335865921056827,0.3183367100197229,0.34807669787459433,0.3335865921056827,0.3183367100197229,0.34807669787459433,0.3183367100197229,0.3335865921056827,0.02973998785487142,3,3,0.0,490.0,0.4761205166578293,0.9165568128082685,-0.36655681280826846
359,359,categorical_soft,1,1,True,0.15313656571740325,0.0,0.0,0.8468634486198425,0.15313656628131866,2,-0.6937268823385239,0.2038854867219925,-2.4493992567062377,2.25056791305542,1.0136704683303832,0.2038854867219925,0.007013349238632592,0.7694680040204869,0.2235186467408806,0.007013349238632592,0.7694680040204869,0.2235186467408806,0.7694680040204869,0.007013349238632592,-0.5459493572796063,2,2,0.256,620.0,0.6048325188457966,0.9464525557523773,-0.39645255575237726
360,360,categorical_soft,1,1,True,0.19101452359725563,0.0,0.0,0.8089854717254639,0.19101452827453613,2,-0.6179709434509277,0.23998413216322662,-0.50575370490551,0.4357026398181915,0.23958991914987565,0.23998413216322662,0.17650124530422331,0.4522228962200588,0.371275858475718,0.17650124530422331,0.4522228962200588,0.371275858475718,0.4522228962200588,0.17650124530422331,-0.08094703774434081,2,2,0.032,450.0,0.34453414287418127,0.8579223921921969,-0.30792239219219686
361,361,categorical_soft,1,1,False,0.0,0.0,0.0,1.0,0.0,2,-1.0,0.38518017157912254,-0.76232008934021,5.050835037231446,-3.38844518661499,0.38518017157912254,0.002982488663983927,0.9967942178992162,0.00022329343679979214,0.002982488663983927,0.9967942178992162,0.00022329343679979214,0.9967942178992162,0.002982488663983927,-0.9965709244624164,2,2,0.128,710.0,0.8633746355772018,0.9826042518450617,-0.4326042518450617
362,362,categorical_soft,0,0,True,0.14734526445152907,0.0,0.852654755115509,0.0,0.14734525978565216,1,-0.7053094953298569,0.274161989428103,1.7962544679641723,-1.3565426826477052,-0.3717134237289429,0.274161989428103,0.862831904642125,0.03687641867941865,0.10029167667845632,0.862831904642125,0.03687641867941865,0.10029167667845632,0.862831904642125,0.03687641867941865,-0.7625402279636687,1,1,0.064,960.0,0.7782713621854782,0.9649209701609414,-0.4149209701609413
363,363,categorical_soft,1,1,True,0.2824668882215106,0.0,0.0,0.7175331115722656,0.2824668884277344,2,-0.43506622314453125,0.11711439657956361,-2.273755407333374,1.796978724002838,0.9739276707172394,0.11711439657956361,0.011780982547850129,0.686683769742086,0.3015352477100641,0.011780982547850129,0.686683769742086,0.3015352477100641,0.686683769742086,0.011780982547850129,-0.3851485220320219,2,2,0.064,1130.0,0.35082195699214935,0.7328745950828798,-0.18287459508287973
364,364,categorical_soft,0,0,False,0.0,0.0,1.0,0.0,0.0,1,-1.0,0.42154882177710534,2.625187706947327,0.8876168906688691,-4.328968143463134,0.42154882177710534,0.8493659026378119,0.14980292385405636,0.0008311735081317454,0.8493659026378119,0.14980292385405636,0.0008311735081317454,0.8493659026378119,0.14980292385405636,-0.8485347291296801,1,1,0.032,530.0,0.5941829681396484,0.949229112265047,-0.399229112265047
365,365,categorical_soft,0,0,False,0.0,0.0,1.0,0.0,0.0,1,-1.0,0.3427650421857834,7.602125406265259,-0.5865364819765091,-9.725483989715576,0.3427650421857834,0.999721628111482,0.0002783412564903874,3.0632027622651886e-08,0.999721628111482,0.0002783412564903874,3.0632027622651886e-08,0.999721628111482,0.0002783412564903874,-0.9997215974794544,1,1,0.512,1120.0,1.3508169502019882,0.9973610056548473,-0.44736100565484727
366,366,categorical_soft,1,1,False,0.0,0.0,0.0,1.0,0.0,2,-1.0,0.3614048473536968,-1.5024905800819397,3.9522355079650877,-1.350836205482483,0.3614048473536968,0.0042386643780108965,0.9906437907980743,0.005117544823914808,0.0042386643780108965,0.9906437907980743,0.005117544823914808,0.9906437907980743,0.0042386643780108965,-0.9855262459741595,2,2,0.128,970.0,0.7826331406831741,0.9652369443596681,-0.41523694435966807
367,367,categorical_soft,0,0,False,0.0,0.0,1.0,0.0,0.0,1,-1.0,0.3461704969406128,5.286376905441284,0.6719394445419311,-7.671277379989624,0.3461704969406128,0.9901285131504233,0.009869106813524143,2.3800360526943857e-06,0.9901285131504233,0.009869106813524143,2.3800360526943857e-06,0.9901285131504233,0.009869106813524143,-0.9901261331143706,1,1,0.032,840.0,0.5968253463506699,0.9287462190401073,-0.3787462190401073
368,368,categorical_soft,0,0,False,0.0,0.0,1.0,0.0,0.0,1,-1.0,0.3915546849370003,5.012869596481323,0.9590069055557251,-7.796890926361084,0.3915546849370003,0.982921102315013,0.017076171501110467,2.7261838765643228e-06,0.982921102315013,0.017076171501110467,2.7261838765643228e-06,0.982921102315013,0.017076171501110467,-0.9829183761311364,1,1,0.128,840.0,0.846636950969696,0.978011866019843,-0.428011866019843
369,369,categorical_soft,0,0,True,0.549994792500617,0.0,0.4500052034854889,0.0,0.5499947667121887,3,0.09998956322669983,0.20518831871449947,-0.14541038293391467,0.05313246808946133,0.14363324046134948,0.20518831871449947,0.281349293986026,0.3432983001386135,0.3753524058753605,0.281349293986026,0.3432983001386135,0.3753524058753605,0.281349293986026,0.3432983001386135,0.09400311188933452,3,3,0.0,670.0,0.04256966710090637,0.5123068033698828,0.037693196630117276
370,370,categorical_soft,0,0,False,0.0,0.0,1.0,0.0,0.0,1,-1.0,0.3879510164260864,3.9565646171569826,0.8343461215496063,-6.303537130355835,0.3879510164260864,0.9575841306467175,0.0423816120156083,3.4257337674089015e-05,0.9575841306467175,0.0423816120156083,3.4257337674089015e-05,0.9575841306467175,0.0423816120156083,-0.9575498733090435,1,1,0.032,740.0,0.4386346563696861,0.8711185197845402,-0.3211185197845402
371,371,categorical_soft,1,1,True,0.7409121730578815,0.0,0.0,0.25908783078193665,0.7409121990203857,3,0.4818243682384491,0.2961649589240551,0.6817914545536041,-0.3547077625989914,-0.0774542648345232,0.2961649589240551,0.5484707730267118,0.1944552239456686,0.2570740030276198,0.5484707730267118,0.1944552239456686,0.2570740030276198,0.1944552239456686,0.5484707730267118,0.06261877908195118,1,1,0.0,1170.0,0.02112467586994171,0.34098459826029615,0.2090154017397039
372,372,categorical_soft,0,0,False,0.0,0.0,1.0,0.0,0.0,1,-1.0,0.36130569130182266,4.260535621643067,0.7919070005416871,-6.424007701873779,0.36130569130182266,0.9697354798940481,0.03024212201604501,2.23980899070394e-05,0.9697354798940481,0.03024212201604501,2.23980899070394e-05,0.9697354798940481,0.03024212201604501,-0.9697130818041411,1,1,0.032,1180.0,0.820691667497158,0.9629470093439594,-0.41294700934395934
373,373,categorical_soft,0,0,True,0.13859959724236742,0.0,0.8614004254341125,0.0,0.13859960436820984,1,-0.7228008210659027,0.3016183331608772,2.1480263233184815,-2.868250036239624,-0.12727200463414193,0.3016183331608772,0.9012417462987383,0.005975242001161211,0.09278301170010038,0.9012417462987383,0.005975242001161211,0.09278301170010038,0.9012417462987383,0.005975242001161211,-0.8084587345986379,1,1,0.256,720.0,1.2470764820463955,0.9972876295955952,-0.4472876295955952
374,374,categorical_soft,0,0,True,0.142547742111232,0.0,0.8574522733688354,0.0,0.14254774153232574,1,-0.7149045318365097,0.2562729001045227,1.4738427877426148,-1.6865249633789063,-0.18104274868965148,0.2562729001045227,0.8104943297920528,0.03439221843442829,0.15511345177351882,0.8104943297920528,0.03439221843442829,0.15511345177351882,0.8104943297920528,0.03439221843442829,-0.655380878018534,1,1,0.064,680.0,0.8477915152907372,0.9819000580393523,-0.4319000580393523
375,375,categorical_soft,1,1,True,0.17110929758369697,0.0,0.0,0.8288906812667847,0.17110930383205414,2,-0.6577813774347305,0.22307488955557347,0.1911687280982733,-0.3045382112264633,0.08215274661779404,0.22307488955557347,0.39909143291959126,0.24314932654713517,0.35775924053327357,0.39909143291959126,0.24314932654713517,0.35775924053327357,0.24314932654713517,0.39909143291959126,0.1146099139861384,1,1,0.032,850.0,0.5218647550791502,0.8990958545060396,-0.3490958545060395
376,376,categorical_soft,0,0,False,0.0,0.0,1.0,0.0,0.0,1,-1.0,0.4097503527998924,3.860126566886902,0.6817451298236847,-5.555129528045654,0.4097503527998924,0.9599209895503454,0.04000005086519544,7.895958445912914e-05,0.9599209895503454,0.04000005086519544,7.895958445912914e-05,0.9599209895503454,0.04000005086519544,-0.9598420299658863,1,1,0.032,1110.0,0.7185393869876862,0.9448057440354843,-0.3948057440354843
377,377,categorical_soft,1,1,True,0.17171995835359766,0.0,0.0,0.8282800316810608,0.17171995341777802,2,-0.6565600782632828,0.36041591838002207,0.18783838637173175,-0.10361184328794479,0.014657864160835744,0.36041591838002207,0.3865558022040598,0.28918608083214015,0.3242581169638,0.3865558022040598,0.28918608083214015,0.3242581169638,0.28918608083214015,0.3865558022040598,0.03507203613165988,1,1,0.0,510.0,0.43530239164829254,0.8976874868146086,-0.3476874868146086
378,378,categorical_soft,0,0,True,0.14159409893896185,0.0,0.8584058880805969,0.0,0.14159409701824188,1,-0.716811791062355,0.24979763850569725,1.4321579098701478,-1.6922715425491333,-0.06539516840130091,0.24979763850569725,0.7888007558569499,0.03468099542722451,0.1765182487158256,0.7888007558569499,0.03468099542722451,0.1765182487158256,0.7888007558569499,0.03468099542722451,-0.6122825071411242,1,1,0.128,680.0,0.8935141116380692,0.9854890640603567,-0.4354890640603567
379,379,categorical_soft,1,1,True,0.15317525639557306,0.0,0.0,0.8468247652053833,0.1531752496957779,2,-0.6936495155096054,0.2963007718324661,-2.324968671798706,2.6125372886657714,1.003452515602112,0.2963007718324661,0.006079469152598811,0.8276093610726581,0.16631116977474295,0.006079469152598811,0.8276093610726581,0.16631116977474295,0.8276093610726581,0.006079469152598811,-0.6612981912979152,2,2,0.256,510.0,0.5773737840354443,0.9463356041727776,-0.3963356041727776
380,380,categorical_soft,1,1,True,0.16881225547255846,0.0,0.0,0.8311877250671387,0.16881226003170013,2,-0.6623754650354385,0.16282263956964016,-2.2946322441101072,2.325119161605835,0.9508657932281495,0.16282263956964016,0.007836296895776609,0.7916432061098497,0.20052049699437363,0.007836296895776609,0.7916432061098497,0.20052049699437363,0.7916432061098497,0.007836296895776609,-0.591122709115476,2,2,0.128,400.0,0.42385962195839966,0.9044932597432849,-0.3544932597432848
381,381,categorical_soft,0,0,True,0.13994749393293426,0.0,0.8600525259971619,0.0,0.13994748890399933,1,-0.7201050370931625,0.22792405746877192,1.6681564927101136,-2.3549893379211424,-0.06983200274407864,0.22792405746877192,0.8375874181725024,0.015000852696218436,0.14741172913127923,0.8375874181725024,0.015000852696218436,0.14741172913127923,0.8375874181725024,0.015000852696218436,-0.6901756890412232,1,1,0.256,610.0,0.9956440702080727,0.9918732366503379,-0.44187323665033784
382,382,categorical_soft,0,0,False,0.0,0.0,1.0,0.0,0.0,1,-1.0,0.47818860560655596,3.924480438232422,0.6991356551647187,-6.235436630249024,0.47818860560655596,0.9616254328110992,0.03833595390027129,3.861328862946902e-05,0.9616254328110992,0.03833595390027129,3.861328862946902e-05,0.9616254328110992,0.03833595390027129,-0.9615868195224698,1,1,0.256,480.0,0.7710565626621246,0.9793193742271186,-0.4293193742271185
383,383,categorical_soft,1,1,True,0.14417076045447696,0.0,0.0,0.8558292388916016,0.14417076110839844,2,-0.7116584777832031,0.30449438467621803,-2.7191899538040163,2.7113976001739504,1.1442535996437073,0.30449438467621803,0.0036249114267731175,0.82369950065042,0.1726755879228067,0.0036249114267731175,0.82369950065042,0.1726755879228067,0.82369950065042,0.0036249114267731175,-0.6510239127276133,2,2,0.256,760.0,0.8084479738026857,0.9759628652576691,-0.425962865257669
384,384,categorical_soft,0,0,False,0.0,0.0,1.0,0.0,0.0,1,-1.0,0.3236434057354927,5.432109451293945,0.39558780938386917,-7.412848329544067,0.3236434057354927,0.9935188198457082,0.006478553077108959,2.6270771828985912e-06,0.9935188198457082,0.006478553077108959,2.6270771828985912e-06,0.9935188198457082,0.006478553077108959,-0.9935161927685253,1,1,0.128,1080.0,0.9401882588863373,0.9813913142856413,-0.43139131428564126
385,385,categorical_soft,1,1,True,0.14549609815167108,0.0,0.0,0.8545039296150208,0.14549610018730164,2,-0.7090078294277191,0.2477452851831913,-2.675806975364685,2.7493908405303955,1.1440515041351318,0.2477452851831913,0.0036621557528029197,0.8292988726257811,0.16703897162141595,0.0036621557528029197,0.8292988726257811,0.16703897162141595,0.8292988726257811,0.0036621557528029197,-0.662259901004365,2,2,0.256,770.0,0.7735878583043814,0.9712650823388411,-0.4212650823388411
386,386,categorical_soft,0,0,True,0.1386766372350519,0.0,0.861323356628418,0.0,0.13867664337158203,1,-0.7226467132568359,0.19515047296881677,2.14544939994812,-2.476001834869385,-0.21859418749809265,0.19515047296881677,0.9054878576919589,0.008912411224584312,0.08559973108345664,0.9054878576919589,0.008912411224584312,0.08559973108345664,0.9054878576919589,0.008912411224584312,-0.8198881266085023,1,1,0.512,400.0,1.1461854800581932,0.9969733685655217,-0.4469733685655216
387,387,categorical_soft,0,0,False,0.0,0.0,1.0,0.0,0.0,1,-1.0,0.30645696334540845,6.199182462692261,1.0883862495422363,-9.369177055358886,0.30645696334540845,0.9939864224042898,0.0060134004979458654,1.770977644403656e-07,0.9939864224042898,0.0060134004979458654,1.770977644403656e-07,0.9939864224042898,0.0060134004979458654,-0.9939862453065254,1,1,0.256,660.0,0.940440259873867,0.9887148115988028,-0.43871481159880277
388,388,categorical_soft,1,1,True,0.16684084755566841,0.0,0.0,0.8331591486930847,0.16684085130691528,2,-0.6663182973861694,0.19638966210186481,-2.664523649215698,2.5651905059814455,1.1324200868606566,0.19638966210186481,0.004317345543437355,0.8035018062128891,0.19218084824367349,0.004317345543437355,0.8035018062128891,0.19218084824367349,0.8035018062128891,0.004317345543437355,-0.6113209579692156,2,2,0.064,1010.0,0.5850121323019266,0.90925726285887,-0.35925726285886994
389,389,categorical_soft,0,0,False,0.0,0.0,1.0,0.0,0.0,1,-1.0,0.4834847554564476,2.1565961837768555,0.5154834181070328,-3.0976239442825317,0.4834847554564476,0.8339865243956007,0.16164445532812693,0.004369020276272372,0.8339865243956007,0.16164445532812693,0.004369020276272372,0.8339865243956007,0.16164445532812693,-0.8296175041193283,1,1,0.064,880.0,0.4785623997449875,0.8741640467966116,-0.3241640467966116
390,390,categorical_soft,1,1,True,0.2760299416475489,0.0,0.0,0.7239700555801392,0.27602994441986084,2,-0.4479401111602783,0.30497951433062553,0.5242536425590515,-0.6451360702514648,0.0940781008452177,0.30497951433062553,0.5099203689380427,0.15843592668091064,0.3316437043810466,0.5099203689380427,0.15843592668091064,0.3316437043810466,0.15843592668091064,0.5099203689380427,0.17320777770013598,1,1,0.0,1000.0,0.32620373368263245,0.7398172420363511,-0.18981724203635109
391,391,categorical_soft,0,0,False,0.0,0.0,1.0,0.0,0.0,1,-1.0,0.4520726799964905,5.381672763824463,1.1594493985176086,-8.454945087432861,0.4520726799964905,0.9855395657401622,0.01445944618008065,9.8807975717998e-07,0.9855395657401622,0.01445944618008065,9.8807975717998e-07,0.9855395657401622,0.01445944618008065,-0.9855385776604051,1,1,0.128,840.0,0.7657688558101654,0.9676319299768472,-0.41763192997684717
392,392,categorical_soft,0,0,True,0.1412916564522666,0.0,0.8587083220481873,0.0,0.14129166305065155,1,-0.7174166589975357,0.22597929649055004,1.7029938578605652,-2.2705793380737305,-0.05397499464452267,0.22597929649055004,0.8392520987544912,0.015788209042151564,0.1449596922033572,0.8392520987544912,0.015788209042151564,0.1449596922033572,0.8392520987544912,0.015788209042151564,-0.694292406551134,1,1,0.064,930.0,0.9719650354236364,0.9866435474255073,-0.43664354742550726
393,393,categorical_soft,0,0,True,0.29355228838107594,0.0,0.7064477205276489,0.0,0.2935522794723511,1,-0.41289544105529785,0.33886006008833647,0.11893212646245957,-0.02222532257437706,0.031047728657722474,0.33886006008833647,0.35923888653658587,0.3119015198303968,0.3288595936330173,0.35923888653658587,0.3119015198303968,0.3288595936330173,0.35923888653658587,0.3119015198303968,-0.030379292903568555,1,1,0.0,420.0,0.16475437581539154,0.7213106216778917,-0.17131062167789168
394,394,categorical_soft,0,0,False,0.0,0.0,1.0,0.0,0.0,1,-1.0,0.5608061075210571,5.595661783218384,0.9786783993244171,-8.434202480316163,0.5608061075210571,0.9901971210066718,0.009802074801444398,8.041918838126176e-07,0.9901971210066718,0.009802074801444398,8.041918838126176e-07,0.9901971210066718,0.009802074801444398,-0.9901963168147879,1,1,0.064,1130.0,0.5938400030136108,0.9005461713773014,-0.3505461713773014
395,395,categorical_soft,0,0,True,0.22105897632457006,0.0,0.7789410352706909,0.0,0.22105897963047028,1,-0.5578820556402206,0.31275755912065506,1.0322194814682006,-1.404639732837677,0.06312670707702636,0.31275755912065506,0.6816200905359127,0.059721686251961933,0.2586582232121254,0.6816200905359127,0.059721686251961933,0.2586582232121254,0.6816200905359127,0.059721686251961933,-0.42296186732378727,1,1,0.032,1110.0,0.4338230639696121,0.8086384647508287,-0.25863846475082863
396,396,categorical_soft,1,1,False,0.0,0.0,0.0,1.0,0.0,2,-1.0,0.25120664983987806,-1.8639984011650086,5.0632623672485355,-1.8312324047088624,0.25120664983987806,0.000981556757618315,0.9979697406658984,0.001048702576483241,0.000981556757618315,0.9979697406658984,0.001048702576483241,0.9979697406658984,0.000981556757618315,-0.9969210380894151,2,2,0.512,1110.0,0.9393975138664246,0.9806455907424554,-0.43064559074245534
397,397,categorical_soft,1,1,False,0.0,0.0,0.0,1.0,0.0,2,-1.0,0.360838083922863,-1.2400463700294495,5.752639579772949,-3.478072261810303,0.360838083922863,0.0009208333442709833,0.9989797715513088,9.93951044203119e-05,0.0009208333442709833,0.9989797715513088,9.93951044203119e-05,0.9989797715513088,0.0009208333442709833,-0.9988803764468884,2,2,0.256,1050.0,0.9099549353122711,0.9792239661600461,-0.4292239661600461
398,398,categorical_soft,1,1,True,0.15284969822104216,0.0,0.0,0.8471503257751465,0.1528497040271759,2,-0.6943006217479706,0.24022081941366197,-2.1281800746917723,2.2340609073638915,0.8720824241638183,0.24022081941366197,0.010098721053890862,0.7878701591569828,0.2020311197891263,0.010098721053890862,0.7878701591569828,0.2020311197891263,0.7878701591569828,0.010098721053890862,-0.5858390393678565,2,2,0.128,490.0,0.5764550000894815,0.9473221554846154,-0.39732215548461536
399,399,categorical_soft,1,1,True,0.22781912808323002,0.0,0.0,0.7721808552742004,0.22781912982463837,2,-0.5443617254495621,0.17611181996762754,-0.2419503629207611,0.16322181671857833,0.04711959883570671,0.17611181996762754,0.2612631945074542,0.39112833362041377,0.347608471872132,0.2612631945074542,0.39112833362041377,0.347608471872132,0.39112833362041377,0.2612631945074542,-0.04351986174828176,2,2,0.032,400.0,0.2471591681241989,0.7989866884283707,-0.24898668842837068
