trial_index,dataset_index,student_action_objective,true_direction,dir_choice,sure_available,teacher_sure_strength,target_fixation,target_left,target_right,target_sure,teacher_preferred_action,target_action_margin,raw_post_go_fixation,raw_post_go_left,raw_post_go_right,raw_post_go_sure,predicted_fixation,predicted_left,predicted_right,predicted_sure,p_left,p_right,p_sure,predicted_correct_direction,predicted_incorrect_direction,predicted_action_margin,final_argmax_choice,action_argmax_choice,stimulus_coherence,stimulus_duration_ms,internal_margin,empirical_p_correct,delta_value
0,0,categorical_soft,0,0,False,0.0,0.0,1.0,0.0,0.0,1,-1.0,0.20752064321460292,7.797317804736781,0.5300804064834888,-9.598854790737208,0.20752064321460292,0.9992924299146395,0.0007075419649016827,2.8120459042330892e-08,0.9992924299146395,0.0007075419649016827,2.8120459042330892e-08,0.9992924299146395,0.0007075419649016827,-0.9992924017941804,1,1,0.512,940.0,1.0484288111329079,0.9906774506351905,-0.4406774506351905
1,1,categorical_soft,0,0,True,0.20536326275014355,0.0,0.7946367263793945,0.0,0.20536325871944427,1,-0.5892734676599503,0.1538423370731748,0.014744028082732346,-0.3606578066224561,-0.013774193395666925,0.1538423370731748,0.37600660545852904,0.25853579630067386,0.3654575982407971,0.37600660545852904,0.25853579630067386,0.3654575982407971,0.37600660545852904,0.25853579630067386,-0.010549007217731943,1,1,0.0,890.0,0.4134471267461777,0.8328962506168242,-0.2828962506168241
2,2,categorical_soft,1,1,True,0.1627092707452713,0.0,0.0,0.8372907042503357,0.16270926594734192,2,-0.6745814383029938,0.12826168179868852,-2.0617403983563096,1.5979559904884708,0.24801171904489244,0.12826168179868852,0.020026637401598085,0.7779164963504743,0.20205686624792768,0.020026637401598085,0.7779164963504743,0.20205686624792768,0.7779164963504743,0.020026637401598085,-0.5758596301025467,2,2,0.256,510.0,0.4894590051844716,0.9196709493279273,-0.3696709493279272
3,3,categorical_soft,0,0,False,0.0,0.0,1.0,0.0,0.0,1,-1.0,0.19776014780144763,8.159158580904709,0.45420761900348916,-9.988701585635312,0.19776014780144763,0.9995429563450461,0.0004570304005723008,1.3254381597050155e-08,0.9995429563450461,0.0004570304005723008,1.3254381597050155e-08,0.9995429563450461,0.0004570304005723008,-0.9995429430906645,1,1,0.512,960.0,1.073611468076706,0.9915539535033948,-0.44155395350339477
4,4,categorical_soft,0,0,False,0.0,0.0,1.0,0.0,0.0,1,-1.0,0.17622565716739597,5.158530853913902,0.25270524099777514,-6.329631785383443,0.17622565716739597,0.9926072717850717,0.0073825121130629365,1.0216101865360509e-05,0.9926072717850717,0.0073825121130629365,1.0216101865360509e-05,0.9926072717850717,0.0073825121130629365,-0.9925970556832063,1,1,0.128,1020.0,0.8045955151319504,0.9668002996095091,-0.41680029960950904
5,5,categorical_soft,0,0,True,0.1494681574748153,0.0,0.850531816482544,0.0,0.14946815371513367,1,-0.7010636627674103,0.14188459611582066,0.9509743057546135,-1.5195045819003254,0.18415668629789597,0.14188459611582066,0.6454906030797736,0.05457528434949377,0.2999341125707328,0.6454906030797736,0.05457528434949377,0.2999341125707328,0.6454906030797736,0.05457528434949377,-0.34555649050904075,1,1,0.064,1100.0,0.7740941792726517,0.9579179349019022,-0.4079179349019022
6,6,categorical_soft,0,0,False,0.0,0.0,1.0,0.0,0.0,1,-1.0,0.18306526717560428,4.320787496718448,0.25393693680217505,-5.30814765760447,0.18306526717560428,0.9830395163391907,0.0168955400621278,6.49435986814234e-05,0.9830395163391907,0.0168955400621278,6.49435986814234e-05,0.9830395163391907,0.0168955400621278,-0.9829745727405093,1,1,0.128,920.0,0.9184840470552444,0.9829027041866822,-0.4329027041866822
7,7,categorical_soft,0,0,False,0.0,0.0,1.0,0.0,0.0,1,-1.0,0.2302759208572222,1.708233279291256,0.25546772658869465,-2.0733023679711637,0.2302759208572222,0.7956111056381959,0.1862063948369237,0.018182499524880425,0.7956111056381959,0.1862063948369237,0.018182499524880425,0.7956111056381959,0.1862063948369237,-0.7774286061133155,1,1,0.0,1020.0,0.046841979026794434,0.4129663606271245,0.13703363937287555
8,8,categorical_soft,1,1,True,0.1573025373588735,0.0,0.0,0.8426974415779114,0.15730254352092743,2,-0.685394898056984,0.14742769088510194,-1.8942432325975869,1.5471070772691105,0.2647352724899012,0.14742769088510194,0.02454251798282332,0.762667047937787,0.21279043407938966,0.02454251798282332,0.762667047937787,0.21279043407938966,0.762667047937787,0.02454251798282332,-0.5498766138583973,2,2,0.256,470.0,0.5237435521557927,0.9342915810289389,-0.3842915810289389
9,9,categorical_soft,0,0,False,0.0,0.0,1.0,0.0,0.0,1,-1.0,0.19904062037774106,8.045589571432833,0.4653109011477885,-9.86111153548982,0.19904062037774106,0.9994825491403821,0.0005174339916461777,1.6867971753769005e-08,0.9994825491403821,0.0005174339916461777,1.6867971753769005e-08,0.9994825491403821,0.0005174339916461777,-0.9994825322724104,1,1,0.512,1010.0,1.1523869410157204,0.9938939755920116,-0.4438939755920116
10,10,categorical_soft,1,1,False,0.0,0.0,0.0,1.0,0.0,2,-1.0,0.32591872059656946,1.2248029651648953,0.6014977598973538,-1.8301210991893633,0.32591872059656946,0.631457997939858,0.33861413840233806,0.02992786365780391,0.631457997939858,0.33861413840233806,0.02992786365780391,0.33861413840233806,0.631457997939858,-0.30868627474453414,1,1,0.032,1170.0,0.730802558362484,0.9441724449195158,-0.39417244491951575
11,11,categorical_soft,1,1,True,0.15537181576585085,0.0,0.0,0.8446281552314758,0.15537181496620178,2,-0.689256340265274,0.09077148551943526,-1.291243909320165,0.9977841421507503,0.1261402076255221,0.09077148551943526,0.06677417477042014,0.6578783872388245,0.2753474379907555,0.06677417477042014,0.6578783872388245,0.2753474379907555,0.6578783872388245,0.06677417477042014,-0.382530949248069,2,2,0.064,560.0,0.5649214829318225,0.9398221432929741,-0.38982214329297404
12,12,categorical_soft,1,1,False,0.0,0.0,0.0,1.0,0.0,2,-1.0,0.334684946713224,0.1762226749007077,1.8125978389887951,-1.801609478421161,0.334684946713224,0.15963910953330834,0.8181716320351461,0.022189258431545476,0.15963910953330834,0.8181716320351461,0.022189258431545476,0.8181716320351461,0.15963910953330834,-0.7959823736036006,2,2,0.064,910.0,0.7842522263526917,0.9678326450270627,-0.41783264502706263
13,13,categorical_soft,1,1,False,0.0,0.0,0.0,1.0,0.0,2,-1.0,0.3577013862523323,0.2867151690297597,1.2825980438351174,-1.4584417605275488,0.3577013862523323,0.25768350007701574,0.6971063693222022,0.045210130600782175,0.25768350007701574,0.6971063693222022,0.045210130600782175,0.6971063693222022,0.25768350007701574,-0.65189623872142,2,2,0.032,460.0,0.8103487938642502,0.9832889224471807,-0.43328892244718065
14,14,categorical_soft,1,1,False,0.0,0.0,0.0,1.0,0.0,2,-1.0,0.35193558016278625,0.15227332452151124,1.4775196513852875,-1.48313500342611,0.35193558016278625,0.20169978974046346,0.7587618032557591,0.03953840700377751,0.20169978974046346,0.7587618032557591,0.03953840700377751,0.7587618032557591,0.20169978974046346,-0.7192233962519816,2,2,0.064,490.0,0.6984655410051346,0.970371268883655,-0.42037126888365495
15,15,categorical_soft,1,1,False,0.0,0.0,0.0,1.0,0.0,2,-1.0,0.3590344007164528,0.6128182023438943,1.050912371055112,-1.6067927374185622,0.3590344007164528,0.3763599931895599,0.5825895742184515,0.04105043259198855,0.3763599931895599,0.5825895742184515,0.04105043259198855,0.5825895742184515,0.3763599931895599,-0.5415391416264629,2,2,0.064,670.0,0.657180730602704,0.9555993270423452,-0.40559932704234514
16,16,categorical_soft,0,0,False,0.0,0.0,1.0,0.0,0.0,1,-1.0,0.20263979296337467,2.8589150899713616,0.1914822494170309,-3.480730302554843,0.20263979296337467,0.9334605338525265,0.06488546988966437,0.0016539962578092586,0.9334605338525265,0.06488546988966437,0.0016539962578092586,0.9334605338525265,0.06488546988966437,-0.9318065375947172,1,1,0.032,990.0,0.6548107713460922,0.9353335886244387,-0.38533358862443867
17,17,categorical_soft,0,0,False,0.0,0.0,1.0,0.0,0.0,1,-1.0,0.18290869058772888,3.966169117835526,0.20708293468907685,-4.859005197066745,0.18290869058772888,0.9770295468786161,0.022826289400507332,0.00014416372087644724,0.9770295468786161,0.022826289400507332,0.00014416372087644724,0.9770295468786161,0.022826289400507332,-0.9768853831577397,1,1,0.064,1160.0,0.867465652525425,0.9710154946235546,-0.4210154946235546
18,18,categorical_soft,0,0,True,0.4703194649998598,0.0,0.5296805500984192,0.0,0.4703194797039032,1,-0.05936107039451599,0.15008249392317885,0.6916087597446443,-1.0893710960335585,0.08380934682167981,0.15008249392317885,0.5837534833367327,0.09835405402981787,0.31789246263344945,0.5837534833367327,0.09835405402981787,0.31789246263344945,0.5837534833367327,0.09835405402981787,-0.26586102070328327,1,1,0.064,880.0,0.14334997534751892,0.5723013908026424,-0.022301390802642374
19,19,categorical_soft,0,0,True,0.15783541674977236,0.0,0.8421645760536194,0.0,0.15783542394638062,1,-0.6843291521072388,0.17758119927701108,1.1984758116301493,-0.9090796092351509,-0.2888293584273836,0.17758119927701108,0.7403654082928014,0.08992744759177407,0.16970714411542448,0.7403654082928014,0.08992744759177407,0.16970714411542448,0.7403654082928014,0.08992744759177407,-0.570658264177377,1,1,0.064,890.0,0.6218863129615784,0.9327954541479567,-0.3827954541479567
20,20,categorical_soft,0,0,True,0.1385075905024299,0.0,0.861492395401001,0.0,0.13850758969783783,1,-0.7229848057031631,0.08600195429795586,3.4558526207391074,-2.1260516644466634,-1.488006240088144,0.08600195429795586,0.9884576852490756,0.003728665333348262,0.007813649417576143,0.9884576852490756,0.003728665333348262,0.007813649417576143,0.9884576852490756,0.003728665333348262,-0.9806440358314995,1,1,0.512,940.0,1.331511277705431,0.9976637240031028,-0.4476637240031027
21,21,categorical_soft,0,0,True,0.14257556409246797,0.0,0.8574244379997253,0.0,0.14257556200027466,1,-0.7148488759994507,0.16069117187828955,0.9070351717710571,-1.3484869301046714,0.13840835642416693,0.16069117187828955,0.6374902460218028,0.06683771900913715,0.2956720349690601,0.6374902460218028,0.06683771900913715,0.2956720349690601,0.6374902460218028,0.06683771900913715,-0.34181821105274274,1,1,0.128,600.0,0.8269800916314125,0.9817964952979781,-0.43179649529797803
22,22,categorical_soft,1,1,True,0.17070501334162702,0.0,0.0,0.8292949795722961,0.17070502042770386,2,-0.6585899591445923,0.12116355610120973,-2.3234762303736085,1.9387031697172326,0.31427705922046745,0.12116355610120973,0.011631480705946981,0.8253722351328635,0.16299628416118966,0.011631480705946981,0.8253722351328635,0.16299628416118966,0.8253722351328635,0.011631480705946981,-0.6623759509716738,2,2,0.256,810.0,0.5141643323004246,0.9000342722994452,-0.35003427229944517
23,23,categorical_soft,1,1,True,0.19562216334397986,0.0,0.0,0.8043778538703918,0.19562216103076935,2,-0.6087556928396225,0.13233990696635428,0.052223954109410754,-0.32952144910635967,-0.049092436674850984,0.13233990696635428,0.3866296690103702,0.2640431291188925,0.3493272018707373,0.3866296690103702,0.2640431291188925,0.3493272018707373,0.2640431291188925,0.3866296690103702,0.0852840727518448,1,1,0.0,880.0,0.4363681795075536,0.8495365426977518,-0.29953654269775176
24,24,categorical_soft,0,0,True,0.13827039345882153,0.0,0.861729621887207,0.0,0.13827039301395416,1,-0.7234592288732529,0.09805218704248934,3.8376850261425304,-1.3606898374266518,-2.3893049643562563,0.09805218704248934,0.9922983944278749,0.005530049460419715,0.0021715561117053744,0.9922983944278749,0.005530049460419715,0.0021715561117053744,0.9922983944278749,0.005530049460419715,-0.9901268383161695,1,1,0.512,670.0,1.3751744218170643,0.9986372597710848,-0.4486372597710847
25,25,categorical_soft,0,0,True,0.13827917050404648,0.0,0.8617208003997803,0.0,0.13827916979789734,1,-0.7234416306018829,0.16470634501718864,4.412058921754147,-0.43594501918995177,-3.8990619437218497,0.16470634501718864,0.9919046023866154,0.007840124815391878,0.00025527279799273593,0.9919046023866154,0.007840124815391878,0.00025527279799273593,0.9919046023866154,0.007840124815391878,-0.9916493295886226,1,1,0.512,490.0,1.3256772384047508,0.9986011338836283,-0.4486011338836282
26,26,categorical_soft,0,0,False,0.0,0.0,1.0,0.0,0.0,1,-1.0,0.21859518281799986,2.66320563301573,0.24884153162828637,-3.259888821470857,0.21859518281799986,0.9155749683208165,0.08196478409859091,0.0024602475805926244,0.9155749683208165,0.08196478409859091,0.0024602475805926244,0.9155749683208165,0.08196478409859091,-0.9131147207402239,1,1,0.032,990.0,0.6256432682275772,0.9261054418610988,-0.37610544186109873
27,27,categorical_soft,1,1,False,0.0,0.0,0.0,1.0,0.0,2,-1.0,0.2859962299597574,-1.5333328371718373,2.690984868935485,-1.0541935690543682,0.2859962299597574,0.014106713403372948,0.9620106743220681,0.023882612274558908,0.014106713403372948,0.9620106743220681,0.023882612274558908,0.9620106743220681,0.014106713403372948,-0.9381280620475092,2,2,0.256,670.0,1.0143475160002708,0.9920294334782974,-0.4420294334782974
28,28,categorical_soft,1,1,True,0.15346409575472014,0.0,0.0,0.8465359210968018,0.15346409380435944,2,-0.6930718272924423,0.1637000363495456,-2.0597565100427815,1.9194951469885204,0.2857289921022543,0.1637000363495456,0.015489610362574022,0.822899783559377,0.16161060607804906,0.015489610362574022,0.822899783559377,0.16161060607804906,0.822899783559377,0.015489610362574022,-0.6612891774813279,2,2,0.256,700.0,0.6205295249819756,0.945465008707168,-0.39546500870716794
29,29,categorical_soft,1,1,False,0.0,0.0,0.0,1.0,0.0,2,-1.0,0.2645646311690034,-0.5837816548500157,3.5801144446087774,-2.579383919876783,0.2645646311690034,0.015329698920284357,0.9825567470847313,0.0021135539949843256,0.015329698920284357,0.9825567470847313,0.0021135539949843256,0.9825567470847313,0.015329698920284357,-0.9804431930897469,2,2,0.128,1110.0,0.8874989934265614,0.9751635105383551,-0.4251635105383551
30,30,categorical_soft,0,0,True,0.1382362113566537,0.0,0.8617637753486633,0.0,0.13823620975017548,1,-0.7235275655984879,0.08550023375331084,6.583868204539354,-0.6050936155928955,-6.4511590234326395,0.08550023375331084,0.9992400121651508,0.0007576966590270909,2.2911758220558567e-06,0.9992400121651508,0.0007576966590270909,2.2911758220558567e-06,0.9992400121651508,0.0007576966590270909,-0.9992377209893287,1,1,0.512,1100.0,1.502898057922721,0.9987780266649418,-0.4487780266649417
31,31,categorical_soft,1,1,True,0.1981886021193041,0.0,0.0,0.8018113970756531,0.19818860292434692,2,-0.6036227941513062,0.14319669458952244,0.7176139446151925,-1.0640601958158413,0.06131163937524177,0.14319669458952244,0.5927035994929952,0.09980044226090248,0.3074959582461022,0.5927035994929952,0.09980044226090248,0.3074959582461022,0.09980044226090248,0.5927035994929952,0.20769551598519972,1,1,0.0,1080.0,0.4783298671245575,0.8450161845023628,-0.2950161845023628
32,32,categorical_soft,1,1,True,0.15878169880904897,0.0,0.0,0.8412182927131653,0.15878169238567352,2,-0.6824366003274918,0.09721875627701475,-2.642852892333085,2.4538216172667235,0.3978185146172359,0.09721875627701475,0.00539394316802084,0.881355538372042,0.11325051845993717,0.00539394316802084,0.881355538372042,0.11325051845993717,0.881355538372042,0.00539394316802084,-0.7681050199121048,2,2,0.512,1110.0,0.6674912087619305,0.930169693553761,-0.38016969355376096
33,33,categorical_soft,1,1,True,0.15452912015120251,0.0,0.0,0.8454709053039551,0.1545291244983673,2,-0.6909417808055878,0.11954734399011682,-2.1455637877543827,1.7246795666184638,0.2724220978484939,0.11954734399011682,0.01661460647253064,0.7965458306159128,0.18683956291155654,0.01661460647253064,0.7965458306159128,0.18683956291155654,0.7965458306159128,0.01661460647253064,-0.6097062677043562,2,2,0.256,590.0,0.5813465155661106,0.9422921797796965,-0.39229217977969644
34,34,categorical_soft,1,1,True,0.1659572057517602,0.0,0.0,0.8340427875518799,0.16595721244812012,2,-0.6680855751037598,0.12247711327238438,-2.6348921917853203,2.2789122512206013,0.38182939072222877,0.12247711327238438,0.006343655662717424,0.8635956438880269,0.13006070044925555,0.006343655662717424,0.8635956438880269,0.13006070044925555,0.8635956438880269,0.006343655662717424,-0.7335349434387713,2,2,0.512,980.0,0.5830800868570805,0.9114341793520553,-0.36143417935205524
35,35,categorical_soft,1,1,False,0.0,0.0,0.0,1.0,0.0,2,-1.0,0.27733008976808604,-1.5880432070816306,2.836128729685756,-1.1277599659567232,0.27733008976808604,0.011632525044956984,0.968998528006488,0.01936894694855506,0.011632525044956984,0.968998528006488,0.01936894694855506,0.968998528006488,0.011632525044956984,-0.9496295810579329,2,2,0.256,740.0,0.983464740216732,0.9899279505458738,-0.43992795054587375
36,36,categorical_soft,0,0,True,0.2756396611169857,0.0,0.7243603467941284,0.0,0.2756396532058716,1,-0.44872069358825684,0.13846184088540833,-0.4105599254578004,0.19999992329410105,-0.04346924755533173,0.13846184088540833,0.23357523659792073,0.4298789563833617,0.33654580701871745,0.23357523659792073,0.4298789563833617,0.33654580701871745,0.23357523659792073,0.4298789563833617,0.10297057042079671,2,2,0.0,910.0,0.30457280576229095,0.7402439727377856,-0.1902439727377856
37,37,categorical_soft,1,1,True,0.5000959869728804,0.0,0.0,0.49990400671958923,0.5000959634780884,3,0.0001919567584991455,0.14023838115439985,0.26596201396887004,-0.518658856280327,-0.03845451488882819,0.14023838115439985,0.455813329710962,0.20802295108938348,0.3361637191996545,0.455813329710962,0.20802295108938348,0.3361637191996545,0.20802295108938348,0.455813329710962,0.128140768110271,1,1,0.0,530.0,0.03898046910762787,0.549928009768958,7.199023104209612e-05
38,38,categorical_soft,0,0,True,0.13969023630715088,0.0,0.8603097796440125,0.0,0.13969023525714874,1,-0.7206195443868637,0.1551364107182403,0.8584668338102116,-1.282120296457887,0.11226164436654473,0.1551364107182403,0.628183656370546,0.0739040874368389,0.2979122561926152,0.628183656370546,0.0739040874368389,0.2979122561926152,0.628183656370546,0.0739040874368389,-0.3302714001779308,1,1,0.128,420.0,0.9765269681811333,0.9928931070173358,-0.44289310701733575
39,39,categorical_soft,1,1,True,0.1427231677156029,0.0,0.0,0.8572768568992615,0.1427231729030609,2,-0.7145536839962006,0.09718376194156088,-2.379001696354553,2.2825463447337975,0.3313751188619725,0.09718376194156088,0.008228253624247638,0.86783462268238,0.12393712369337237,0.008228253624247638,0.86783462268238,0.12393712369337237,0.86783462268238,0.008228253624247638,-0.7438974989890076,2,2,0.256,1000.0,0.9189697876572609,0.9812481310873736,-0.4312481310873736
40,40,categorical_soft,1,1,True,0.1449283766718838,0.0,0.0,0.8550716042518616,0.14492838084697723,2,-0.7101432234048843,0.09736849265908172,-2.462273507349585,2.3838101065913713,0.34595236631980963,0.09736849265908172,0.006922181021380945,0.878034663959329,0.11504315501929015,0.006922181021380945,0.878034663959329,0.11504315501929015,0.878034663959329,0.006922181021380945,-0.7629915089400389,2,2,0.512,780.0,0.7911144569516182,0.9732614526724147,-0.42326145267241466
41,41,categorical_soft,0,0,False,0.0,0.0,1.0,0.0,0.0,1,-1.0,0.18084725799358978,4.57289921215136,0.2587161294188252,-5.619049208194462,0.18084725799358978,0.9867144406833613,0.013248435275569412,3.712404106936878e-05,0.9867144406833613,0.013248435275569412,3.712404106936878e-05,0.9867144406833613,0.013248435275569412,-0.986677316642292,1,1,0.128,1110.0,0.8105276525020599,0.9641567331433587,-0.41415673314335866
42,42,categorical_soft,1,1,True,0.18386932635116243,0.0,0.0,0.8161306977272034,0.18386933207511902,2,-0.6322613656520844,0.13055848310884502,-0.21370069767461045,0.04331378768503539,-0.05427503057541509,0.13055848310884502,0.28866698733268165,0.37331354346415935,0.338019469203159,0.28866698733268165,0.37331354346415935,0.338019469203159,0.37331354346415935,0.28866698733268165,-0.03529407426100034,2,2,0.032,870.0,0.47157008200883865,0.8716904059750423,-0.3216904059750423
43,43,categorical_soft,0,0,False,0.0,0.0,1.0,0.0,0.0,1,-1.0,0.21520945771113884,3.1249592556108956,0.2929367727355396,-3.8499948044617147,0.21520945771113884,0.9434588397657203,0.05565567576824134,0.0008854844660383495,0.9434588397657203,0.05565567576824134,0.0008854844660383495,0.9434588397657203,0.05565567576824134,-0.942573355299682,1,1,0.064,560.0,0.5961449593305588,0.9479353693958872,-0.39793536939588714
44,44,categorical_soft,0,0,False,0.0,0.0,1.0,0.0,0.0,1,-1.0,0.18615378737827618,3.691394766463385,0.19445545007086149,-4.516497149136579,0.18615378737827618,0.9702838718765058,0.02945071533779911,0.00026541278569517534,0.9702838718765058,0.02945071533779911,0.00026541278569517534,0.9702838718765058,0.02945071533779911,-0.9700184590908106,1,1,0.032,1090.0,0.8813283666968346,0.9750127157054449,-0.42501271570544485
45,45,categorical_soft,0,0,True,0.2042680392286863,0.0,0.7957319617271423,0.0,0.20426803827285767,1,-0.5914639234542847,0.18038180389701605,0.6826264173143485,-0.9572903095634395,0.05161273300082196,0.18038180389701605,0.5793347092110394,0.1124196635526253,0.3082456272363353,0.5793347092110394,0.1124196635526253,0.3082456272363353,0.5793347092110394,0.1124196635526253,-0.27108908197470405,1,1,0.064,490.0,0.3179522901773453,0.8346999382675498,-0.2846999382675498
46,46,categorical_soft,0,0,True,0.13885866885625836,0.0,0.8611413240432739,0.0,0.13885867595672607,1,-0.7222826480865479,0.029986189253847738,1.7045152084136892,-2.445149549310241,0.1865085351538469,0.029986189253847738,0.8096907287077905,0.012773440344365058,0.1775358309478445,0.8096907287077905,0.012773440344365058,0.1775358309478445,0.8096907287077905,0.012773440344365058,-0.6321548977599459,1,1,0.256,960.0,1.238908588886261,0.9962331804667848,-0.44623318046678473
47,47,categorical_soft,1,1,True,0.1491607895783002,0.0,0.0,0.8508391976356506,0.14916078746318817,2,-0.7016784101724625,0.12253750857429843,-2.365808530638842,1.9368479695764376,0.3157628018840746,0.12253750857429843,0.011170725629711848,0.8251158195035246,0.16371345486676342,0.011170725629711848,0.8251158195035246,0.16371345486676342,0.8251158195035246,0.011170725629711848,-0.6614023646367613,2,2,0.512,580.0,0.6515953863272443,0.9589142773357157,-0.4089142773357156
48,48,categorical_soft,1,1,False,0.0,0.0,0.0,1.0,0.0,2,-1.0,0.3236298798864726,-0.07953511849298542,3.4469355877496604,-2.8954144877401755,0.3236298798864726,0.028801974360226034,0.9694817995928972,0.0017162260468766993,0.028801974360226034,0.9694817995928972,0.0017162260468766993,0.9694817995928972,0.028801974360226034,-0.9677655735460204,2,2,0.128,1170.0,0.9544913917779922,0.9806802795219415,-0.43068027952194143
49,49,categorical_soft,1,1,False,0.0,0.0,0.0,1.0,0.0,2,-1.0,0.2947325344602683,-0.2537363056513591,2.9733813555856767,-2.392087174890624,0.2947325344602683,0.03817512659179593,0.9572930440125498,0.004531829395654355,0.03817512659179593,0.9572930440125498,0.004531829395654355,0.9572930440125498,0.03817512659179593,-0.9527612146168954,2,2,0.128,670.0,0.8650231137871742,0.9835412539954715,-0.4335412539954715
50,50,categorical_soft,0,0,True,0.17652500160833862,0.0,0.8234750032424927,0.0,0.17652499675750732,1,-0.6469500064849854,0.14617411510508238,0.2669848682112815,-0.5523138538817748,-0.030666378585590577,0.14617411510508238,0.4580028224557971,0.20190471080053238,0.3400924667436706,0.4580028224557971,0.20190471080053238,0.3400924667436706,0.4580028224557971,0.20190471080053238,-0.11791035571212649,1,1,0.032,510.0,0.4125770479440689,0.8869672724728956,-0.3369672724728956
51,51,categorical_soft,1,1,True,0.14994993269699897,0.0,0.0,0.8500500917434692,0.14994993805885315,2,-0.7001001536846161,0.10263622691021859,-2.366929493504947,2.11197422176694,0.33284699760167946,0.10263622691021859,0.009612308185613082,0.8471024290909513,0.1432852627234356,0.009612308185613082,0.8471024290909513,0.1432852627234356,0.8471024290909513,0.009612308185613082,-0.7038171663675157,2,2,0.256,1000.0,0.7418664749711752,0.9563678204530032,-0.4063678204530031
52,52,categorical_soft,0,0,True,0.13890481310209313,0.0,0.8610951900482178,0.0,0.13890480995178223,1,-0.7221903800964355,0.02081894862944669,1.9300244821717727,-2.289520069690933,-0.03112245688080273,0.02081894862944669,0.8644453908135314,0.01271857979011153,0.12283602939635692,0.8644453908135314,0.01271857979011153,0.12283602939635692,0.8644453908135314,0.01271857979011153,-0.7416093614171745,1,1,0.256,880.0,1.2093748897314072,0.9960460687413807,-0.44604606874138064
53,53,categorical_soft,1,1,True,0.1700814905199407,0.0,0.0,0.8299185037612915,0.1700814962387085,2,-0.659837007522583,0.09664927202183582,-0.41629568132245354,0.3290957461080305,-0.04576181149596685,0.09664927202183582,0.2198631898117513,0.4624676213820754,0.31766918880617323,0.2198631898117513,0.4624676213820754,0.31766918880617323,0.4624676213820754,0.2198631898117513,-0.1447984325759022,2,2,0.032,770.0,0.5076670087873936,0.9014911272737932,-0.35149112727379317
54,54,categorical_soft,1,1,False,0.0,0.0,0.0,1.0,0.0,2,-1.0,0.33781749224427876,0.2540860722341895,2.475602153771613,-2.4390445632536384,0.33781749224427876,0.09787088377622134,0.8955202707592752,0.006608845464503408,0.09787088377622134,0.8955202707592752,0.006608845464503408,0.8955202707592752,0.09787088377622134,-0.8889114252947719,2,2,0.064,1070.0,0.7707834392786026,0.9587128420090807,-0.40871284200908065
55,55,categorical_soft,1,1,False,0.0,0.0,0.0,1.0,0.0,2,-1.0,0.37966370013175976,2.351370967108937,1.2297022513769957,-3.689445846998173,0.37966370013175976,0.751082411714837,0.24710136988877612,0.001816218396386812,0.751082411714837,0.24710136988877612,0.001816218396386812,0.24710136988877612,0.751082411714837,-0.2452851514923893,1,1,0.064,1120.0,0.8611905425786972,0.9715009364845482,-0.4215009364845481
56,56,categorical_soft,0,0,False,0.0,0.0,1.0,0.0,0.0,1,-1.0,0.1940432559307289,7.1754171563359535,0.424617185801217,-8.814376615474997,0.1940432559307289,0.9988184814649902,0.0011814041149426386,1.1442006721720374e-07,0.9988184814649902,0.0011814041149426386,1.1442006721720374e-07,0.9988184814649902,0.0011814041149426386,-0.998818367044923,1,1,0.512,690.0,0.9768161326646805,0.990199551493082,-0.440199551493082
57,57,categorical_soft,0,0,True,0.15970363701444518,0.0,0.8402963876724243,0.0,0.15970364212989807,1,-0.6805927455425262,0.17372272911753311,0.46315715553561443,-0.7444159828649453,0.012348905396649953,0.17372272911753311,0.5165167887426766,0.15440445888833884,0.32907875236898454,0.5165167887426766,0.15440445888833884,0.32907875236898454,0.5165167887426766,0.15440445888833884,-0.18743803637369205,1,1,0.064,460.0,0.500236913561821,0.9276486484729601,-0.3776486484729601
58,58,categorical_soft,1,1,True,0.3336827505310743,0.0,0.0,0.6663172245025635,0.33368274569511414,2,-0.33263447880744934,0.10275107038928163,-0.1910945525721364,0.21902971239408223,-0.09636682994015991,0.10275107038928163,0.2777903282242572,0.41780127159331426,0.30440840018242854,0.2777903282242572,0.41780127159331426,0.30440840018242854,0.41780127159331426,0.2777903282242572,-0.11339287141088572,2,2,0.032,530.0,0.15421375632286072,0.6827785006137393,-0.1327785006137393
59,59,categorical_soft,1,1,False,0.0,0.0,0.0,1.0,0.0,2,-1.0,0.31448468101383814,-0.01846197627373237,2.5509664341847977,-2.2488612001087214,0.31448468101383814,0.07092218107269203,0.9214259452408757,0.007651873686432209,0.07092218107269203,0.9214259452408757,0.007651873686432209,0.9214259452408757,0.07092218107269203,-0.9137740715544436,2,2,0.064,870.0,0.7703574150800705,0.9672025823294294,-0.4172025823294293
60,60,categorical_soft,0,0,True,0.13862414130839523,0.0,0.8613758683204651,0.0,0.1386241465806961,1,-0.722751721739769,0.08788229893124319,3.9261467536568126,-1.5835233981324819,-2.430307884168815,0.08788229893124319,0.994064916287314,0.004035441451163238,0.0018996422615228218,0.994064916287314,0.004035441451163238,0.0018996422615228218,0.994064916287314,0.004035441451163238,-0.9921652740257911,1,1,0.256,1070.0,1.3255500122904778,0.9971874450250001,-0.4471874450250001
61,61,categorical_soft,1,1,False,0.0,0.0,0.0,1.0,0.0,2,-1.0,0.23565504176835933,-1.1834605784029975,3.8520301178989826,-2.2755574343791376,0.23565504176835933,0.006447511616260217,0.9912997273697908,0.0022527610139490813,0.006447511616260217,0.9912997273697908,0.0022527610139490813,0.9912997273697908,0.006447511616260217,-0.9890469663558417,2,2,0.512,870.0,0.9255192875862122,0.9844256769823115,-0.4344256769823115
62,62,categorical_soft,1,1,False,0.0,0.0,0.0,1.0,0.0,2,-1.0,0.23004284398803052,1.4856258088177392,0.23600895813582823,-1.7931873977122816,0.23004284398803052,0.7550322960635854,0.21644332592376186,0.028524378012652857,0.7550322960635854,0.21644332592376186,0.028524378012652857,0.21644332592376186,0.7550322960635854,-0.187918947911109,1,1,0.0,980.0,0.2789652496576309,0.6978387305640433,-0.14783873056404329
63,63,categorical_soft,1,1,True,0.17366902544088542,0.0,0.0,0.8263309597969055,0.1736690253019333,2,-0.6526619344949722,0.18818392968261383,0.28695739024571415,0.2712457626188854,-0.2906655374617441,0.18818392968261383,0.393187168777389,0.38671857000804016,0.22009426121457074,0.393187168777389,0.38671857000804016,0.22009426121457074,0.38671857000804016,0.393187168777389,-0.16662430879346943,1,1,0.032,970.0,0.5385469272732735,0.8932635050298142,-0.3432635050298142
64,64,categorical_soft,1,1,True,0.4901604227321506,0.0,0.0,0.5098395943641663,0.49016043543815613,2,-0.019679158926010132,0.13813248968046207,-0.06976737751354102,-0.16180657394213785,-0.05542375501372535,0.13813248968046207,0.34171658737560207,0.3118185958819273,0.34646481674247065,0.34171658737560207,0.3118185958819273,0.34646481674247065,0.3118185958819273,0.34171658737560207,0.034646220860543364,3,3,0.0,840.0,0.12118034064769745,0.5573811719932862,-0.00738117199328614
65,65,categorical_soft,1,1,False,0.0,0.0,0.0,1.0,0.0,2,-1.0,0.21318746109520487,1.852600263620134,0.17224771415589785,-2.201938960011367,0.21318746109520487,0.8307119332038242,0.15483913307756833,0.01444893371860759,0.8307119332038242,0.15483913307756833,0.01444893371860759,0.15483913307756833,0.8307119332038242,-0.14039019935896074,1,1,0.0,1090.0,0.4844055473804474,0.8473326432389668,-0.2973326432389668
66,66,categorical_soft,0,0,False,0.0,0.0,1.0,0.0,0.0,1,-1.0,0.2115514311424,7.756140948302251,0.5617295485239892,-9.564695558891472,0.2115514311424,0.9992386289936928,0.0007613406721001952,3.0334207200917865e-08,0.9992386289936928,0.0007613406721001952,3.0334207200917865e-08,0.9992386289936928,0.0007613406721001952,-0.9992385986594856,1,1,0.512,890.0,1.2261307686567307,0.9963133969089378,-0.4463133969089378
67,67,categorical_soft,1,1,False,0.0,0.0,0.0,1.0,0.0,2,-1.0,0.34373792145169463,0.08163283050313974,3.404296159932162,-2.997474799555812,0.34373792145169463,0.03511036878990582,0.9632852624087643,0.0016043688013300187,0.03511036878990582,0.9632852624087643,0.0016043688013300187,0.9632852624087643,0.03511036878990582,-0.9616808936074344,2,2,0.128,1100.0,0.8749115876853466,0.9739286109917756,-0.4239286109917756
68,68,categorical_soft,1,1,False,0.0,0.0,0.0,1.0,0.0,2,-1.0,0.2578777420051531,-0.9334680187604499,3.3228536877662456,-2.0931614517095007,0.2578777420051531,0.013915815461158906,0.9815499476588198,0.004534236880021334,0.013915815461158906,0.9815499476588198,0.004534236880021334,0.9815499476588198,0.013915815461158906,-0.9770157107787985,2,2,0.128,960.0,0.9685422331094742,0.9859270080561116,-0.4359270080561115
69,69,categorical_soft,0,0,False,0.0,0.0,1.0,0.0,0.0,1,-1.0,0.1937746694578077,4.1702405568271,0.31712699308295433,-5.145079428957553,0.1937746694578077,0.9790747302196594,0.020836754350736845,8.851542960358043e-05,0.9790747302196594,0.020836754350736845,8.851542960358043e-05,0.9790747302196594,0.020836754350736845,-0.9789862147900559,1,1,0.128,720.0,0.8523540496826172,0.9814357017170758,-0.4314357017170758
70,70,categorical_soft,0,0,False,0.0,0.0,1.0,0.0,0.0,1,-1.0,0.2926584352228555,1.5501876899341138,0.4569497325830569,-2.048264123380236,0.2926584352228555,0.7337528888863958,0.2460598820102858,0.020187229103318355,0.7337528888863958,0.2460598820102858,0.020187229103318355,0.7337528888863958,0.2460598820102858,-0.7135656597830774,1,1,0.0,720.0,0.44834649562835693,0.8789702181222038,-0.32897021812220373
71,71,categorical_soft,0,0,False,0.0,0.0,1.0,0.0,0.0,1,-1.0,0.19642987587284783,3.340514814754269,0.21887456966366617,-4.08841982911222,0.19642987587284783,0.9571598301785833,0.04226955157472114,0.000570618246695513,0.9571598301785833,0.04226955157472114,0.000570618246695513,0.9571598301785833,0.04226955157472114,-0.9565892119318878,1,1,0.032,780.0,0.8637105077505112,0.981132042637916,-0.43113204263791594
72,72,categorical_soft,1,1,False,0.0,0.0,0.0,1.0,0.0,2,-1.0,0.35751068459455165,0.33497749378367575,2.8333499791756016,-2.8112589209114853,0.35751068459455165,0.07648448669132804,0.9202478733417175,0.0032676399669545873,0.07648448669132804,0.9202478733417175,0.0032676399669545873,0.9202478733417175,0.07648448669132804,-0.916980233374763,2,2,0.064,1100.0,0.8855261914432049,0.9752206615559437,-0.4252206615559436
73,73,categorical_soft,1,1,True,0.22352256546050314,0.0,0.0,0.7764774560928345,0.22352255880832672,2,-0.5529548972845078,0.18368912602479112,0.6312417560546996,-0.6485366960860389,-0.0487145960957107,0.18368912602479112,0.5598319041577697,0.15550745476769756,0.2846606410745327,0.5598319041577697,0.15550745476769756,0.2846606410745327,0.15550745476769756,0.5598319041577697,0.12915318630683514,1,1,0.032,1070.0,0.41934990882873535,0.805071285281604,-0.25507128528160394
74,74,categorical_soft,1,1,False,0.0,0.0,0.0,1.0,0.0,2,-1.0,0.2750192273730543,-1.3276679488221004,2.7140094721359427,-1.2620907909152972,0.2750192273730543,0.016959687767859874,0.9641144848931742,0.01892582733896602,0.016959687767859874,0.9641144848931742,0.01892582733896602,0.9641144848931742,0.016959687767859874,-0.9451886575542082,2,2,0.256,470.0,0.750457413494587,0.9774343798942589,-0.4274343798942588
75,75,categorical_soft,0,0,True,0.13853784026948351,0.0,0.8614621758460999,0.0,0.13853783905506134,1,-0.7229243367910385,0.07684595099278632,4.352150846949835,-2.5187955052561053,-2.022962174005465,0.07684595099278632,0.9970269383075131,0.0010348352323108607,0.0019382264601760092,0.9970269383075131,0.0010348352323108607,0.0019382264601760092,0.9970269383075131,0.0010348352323108607,-0.995088711847337,1,1,0.512,1130.0,1.367600105702877,0.9975399784909955,-0.44753997849099547
76,76,categorical_soft,1,1,False,0.0,0.0,0.0,1.0,0.0,2,-1.0,0.266396500975176,-0.7824506969731966,3.192177856057667,-2.1156554465847743,0.266396500975176,0.018354380055694293,0.9766507881397277,0.004994831804577928,0.018354380055694293,0.9766507881397277,0.004994831804577928,0.9766507881397277,0.018354380055694293,-0.9716559563351498,2,2,0.256,570.0,0.875366348773241,0.9860973961582832,-0.43609739615828313
77,77,categorical_soft,0,0,True,0.2843102796255571,0.0,0.7156897187232971,0.0,0.2843102812767029,1,-0.43137943744659424,0.12457521012789985,-0.23982662263207583,0.09865189258014581,-0.0573244678674036,0.12457521012789985,0.27779254147447635,0.3895287841587509,0.3326786743667728,0.27779254147447635,0.3895287841587509,0.3326786743667728,0.27779254147447635,0.3895287841587509,0.054886132892296435,2,2,0.0,540.0,0.20403078198432922,0.7309183744348664,-0.18091837443486636
78,78,categorical_soft,0,0,False,0.0,0.0,1.0,0.0,0.0,1,-1.0,0.2691657974247427,1.538019692898265,0.38165396440340643,-1.9748090345751552,0.2691657974247427,0.7436416601892006,0.23408768387985718,0.022270655930942296,0.7436416601892006,0.23408768387985718,0.022270655930942296,0.7436416601892006,0.23408768387985718,-0.7213710042582584,1,1,0.0,620.0,0.4462731406092644,0.8902290393494401,-0.34022903934944004
79,79,categorical_soft,0,0,False,0.0,0.0,1.0,0.0,0.0,1,-1.0,0.1968089061530927,8.347490955866979,0.44509229949462153,-10.20440422862556,0.1968089061530927,0.999624452865928,0.000375538283002107,8.851069800530865e-09,0.999624452865928,0.000375538283002107,8.851069800530865e-09,0.999624452865928,0.000375538283002107,-0.9996244440148583,1,1,0.512,1000.0,1.1299725770950317,0.9932690070609597,-0.4432690070609596
80,80,categorical_soft,0,0,False,0.0,0.0,1.0,0.0,0.0,1,-1.0,0.21430428862466516,3.119626897065559,0.2872303835167691,-3.8409376376180275,0.21430428862466516,0.943467246948749,0.055634399849977326,0.0008983532012736778,0.943467246948749,0.055634399849977326,0.0008983532012736778,0.943467246948749,0.055634399849977326,-0.9425688937474753,1,1,0.064,800.0,0.7522460445761681,0.9670563502311729,-0.4170563502311728
81,81,categorical_soft,1,1,False,0.0,0.0,0.0,1.0,0.0,2,-1.0,0.24620964931372727,2.0236278668285013,0.3303032279217063,-2.514565788459199,0.24620964931372727,0.836856126658145,0.15416051024765567,0.008983363094199295,0.836856126658145,0.15416051024765567,0.008983363094199295,0.15416051024765567,0.836856126658145,-0.14517714715345637,1,1,0.0,870.0,0.6061205714941025,0.9293726519956671,-0.37937265199566705
82,82,categorical_soft,1,1,True,0.23795408725147604,0.0,0.0,0.7620459198951721,0.23795408010482788,2,-0.5240918397903442,0.16531250909173167,0.4941609757764761,-0.6114256557947136,-0.046120042408654624,0.16531250909173167,0.5223814052810106,0.17275772017937086,0.30486087453961846,0.5223814052810106,0.17275772017937086,0.30486087453961846,0.17275772017937086,0.5223814052810106,0.1321031543602476,1,1,0.0,890.0,0.35041680932044983,0.7852620969120172,-0.23526209691201716
83,83,categorical_soft,0,0,True,0.36947866635092386,0.0,0.6305213570594788,0.0,0.36947867274284363,1,-0.26104268431663513,0.1304838126585744,0.27624114342875894,-0.12438632732094064,-0.19501151699345132,0.1304838126585744,0.4361572617318579,0.2918421746754587,0.27200056359268343,0.4361572617318579,0.2918421746754587,0.27200056359268343,0.4361572617318579,0.2918421746754587,-0.1641566981391745,1,1,0.0,950.0,0.22867665439844131,0.651605641655162,-0.10160564165516195
84,84,categorical_soft,1,1,False,0.0,0.0,0.0,1.0,0.0,2,-1.0,0.3773783940633662,0.5151472218103207,0.8267260568318457,-1.3618165475205823,0.3773783940633662,0.39694371162246755,0.5419158429057719,0.06114044547176065,0.39694371162246755,0.5419158429057719,0.06114044547176065,0.5419158429057719,0.39694371162246755,-0.4807753974340112,2,2,0.0,1000.0,0.550745278596878,0.8955086415069909,-0.3455086415069909
85,85,categorical_soft,1,1,False,0.0,0.0,0.0,1.0,0.0,2,-1.0,0.2561588883344924,-1.546098649177796,3.1805324703436106,-1.4565564137123077,0.2561588883344924,0.008696197718162,0.9813295993374236,0.009974202944414156,0.008696197718162,0.9813295993374236,0.009974202944414156,0.9813295993374236,0.008696197718162,-0.9713553963930094,2,2,0.256,930.0,0.8126536016352475,0.9712387698232933,-0.4212387698232932
86,86,categorical_soft,0,0,True,0.1401671634825094,0.0,0.8598328232765198,0.0,0.14016716182231903,1,-0.7196656614542007,0.1190958254062117,1.1215577806768502,-1.6597545277431702,0.15947161484205508,0.1190958254062117,0.6924395451523677,0.04291837926391812,0.2646420755837141,0.6924395451523677,0.04291837926391812,0.2646420755837141,0.6924395451523677,0.04291837926391812,-0.4277974695686536,1,1,0.128,720.0,1.0018488429486752,0.99100729361372,-0.44100729361371993
87,87,categorical_soft,0,0,True,0.1579737808476096,0.0,0.8420262336730957,0.0,0.1579737812280655,1,-0.6840524524450302,0.20925599599456185,0.7632249935057037,-0.8582853781244276,-0.0014659519887435107,0.20925599599456185,0.6007501495213833,0.11872402798291018,0.2805258224957065,0.6007501495213833,0.11872402798291018,0.2805258224957065,0.6007501495213833,0.11872402798291018,-0.32022432702567677,1,1,0.128,440.0,0.5102233439683914,0.9324090586510734,-0.38240905865107333
88,88,categorical_soft,1,1,True,0.15601400032370472,0.0,0.0,0.8439859747886658,0.15601399540901184,2,-0.6879719793796539,0.09520878385523515,-1.5080537468335133,1.702567561154187,0.09821959201854244,0.09520878385523515,0.03267184293470859,0.8049713652484332,0.1623567918168582,0.03267184293470859,0.8049713652484332,0.1623567918168582,0.8049713652484332,0.03267184293470859,-0.6426145734315749,2,2,0.064,920.0,0.6466557011008263,0.9379630827620945,-0.38796308276209446
89,89,categorical_soft,0,0,True,0.13867979422016208,0.0,0.8613201975822449,0.0,0.13867978751659393,1,-0.7226404100656509,0.11312015030623826,1.6610501981995498,-1.9739235177068757,0.02027711883571105,0.11312015030623826,0.8187696434192295,0.021639265919707197,0.15959109066106325,0.8187696434192295,0.021639265919707197,0.15959109066106325,0.8187696434192295,0.021639265919707197,-0.6591785527581663,1,1,0.512,550.0,1.1821235120296478,0.9969605032899925,-0.4469605032899925
90,90,categorical_soft,0,0,False,0.0,0.0,1.0,0.0,0.0,1,-1.0,0.21867199338088722,7.559043886446171,0.6303353285482446,-9.36337253839085,0.21867199338088722,0.9990061491550855,0.0009938056364152824,4.520849934548385e-08,0.9990061491550855,0.0009938056364152824,4.520849934548385e-08,0.9990061491550855,0.0009938056364152824,-0.9990061039465861,1,1,0.512,880.0,1.2769555374979973,0.997160080993963,-0.447160080993963
91,91,categorical_soft,0,0,True,0.1385059640391194,0.0,0.8614940643310547,0.0,0.1385059654712677,1,-0.722988098859787,-0.022034100552281655,2.632881097238506,-2.759351831767082,-0.27345360164370824,-0.022034100552281655,0.9428600370901903,0.004297354828774629,0.05284260808103501,0.9428600370901903,0.004297354828774629,0.05284260808103501,0.9428600370901903,0.004297354828774629,-0.8900174290091553,1,1,0.512,1080.0,1.366443656384945,0.9976703801408602,-0.44767038014086014
92,92,categorical_soft,1,1,False,0.0,0.0,0.0,1.0,0.0,2,-1.0,0.268393054820399,-0.6877799074225691,3.178435201445636,-2.1850740122915506,0.268393054820399,0.020426979471054568,0.9748791313307693,0.004693889198176,0.020426979471054568,0.9748791313307693,0.004693889198176,0.9748791313307693,0.020426979471054568,-0.9701852421325933,2,2,0.256,560.0,0.9402712360024452,0.9899754196958969,-0.4399754196958968
93,93,categorical_soft,0,0,False,0.0,0.0,1.0,0.0,0.0,1,-1.0,0.18195360113020398,6.411116209660674,0.3086505786620658,-7.857411996235237,0.18195360113020398,0.9977493218467636,0.0022500404844683713,6.376687679415342e-07,0.9977493218467636,0.0022500404844683713,6.376687679415342e-07,0.9977493218467636,0.0022500404844683713,-0.9977486841779957,1,1,0.256,1010.0,0.89406618475914,0.9786080040410493,-0.42860800404104926
94,94,categorical_soft,0,0,False,0.0,0.0,1.0,0.0,0.0,1,-1.0,0.21162760114578977,2.497043301813561,0.19443238378963526,-3.0299319110606233,0.21162760114578977,0.9057383629849427,0.09064476397689014,0.0036168730381671566,0.9057383629849427,0.09064476397689014,0.0036168730381671566,0.9057383629849427,0.09064476397689014,-0.9021214899467755,1,1,0.032,1190.0,0.02443823218345642,0.33922723566905744,0.2107727643309426
95,95,categorical_soft,1,1,False,0.0,0.0,0.0,1.0,0.0,2,-1.0,0.28796563229999406,-1.0396423910867938,2.4156025076413163,-1.2469185521109307,0.28796563229999406,0.029876057158420632,0.9449604258551831,0.025163516986396194,0.029876057158420632,0.9449604258551831,0.025163516986396194,0.9449604258551831,0.029876057158420632,-0.919796908868787,2,2,0.128,600.0,0.7799523025751114,0.9771726121679656,-0.42717261216796554
96,96,categorical_soft,1,1,False,0.0,0.0,0.0,1.0,0.0,2,-1.0,0.2932823030602908,-0.300767786802029,2.630011332962899,-2.06153365062445,0.2932823030602908,0.05030751836124042,0.940936636091662,0.008755845547097556,0.05030751836124042,0.940936636091662,0.008755845547097556,0.940936636091662,0.05030751836124042,-0.9321807905445645,2,2,0.128,540.0,0.7702847868204117,0.9777200244845375,-0.4277200244845375
97,97,categorical_soft,0,0,False,0.0,0.0,1.0,0.0,0.0,1,-1.0,0.18237668291207687,4.1868368798043845,0.2313490227692856,-5.136877846667227,0.18237668291207687,0.9810703702947162,0.018841691676303125,8.793802898089133e-05,0.9810703702947162,0.018841691676303125,8.793802898089133e-05,0.9810703702947162,0.018841691676303125,-0.9809824322657353,1,1,0.128,850.0,0.8069951236248016,0.9730954313510861,-0.42309543135108607
98,98,categorical_soft,0,0,False,0.0,0.0,1.0,0.0,0.0,1,-1.0,0.1860960884600192,6.494483137172965,0.3458624205347104,-7.973147364071276,0.1860960884600192,0.997849837196938,0.002149639970885609,5.228321764286765e-07,0.997849837196938,0.002149639970885609,5.228321764286765e-07,0.997849837196938,0.002149639970885609,-0.9978493143647615,1,1,0.256,1130.0,0.940323144197464,0.980270773974937,-0.43027077397493696
99,99,categorical_soft,1,1,False,0.0,0.0,0.0,1.0,0.0,2,-1.0,0.27514326609874296,-1.5541453848539333,2.857508435615153,-1.179664042695604,0.27514326609874296,0.011790845566742853,0.970197932301693,0.01801122213156414,0.011790845566742853,0.970197932301693,0.01801122213156414,0.970197932301693,0.011790845566742853,-0.9521867101701289,2,2,0.256,770.0,0.8457882143557072,0.9796723792946275,-0.4296723792946274
100,100,categorical_soft,0,0,True,0.3376142361206555,0.0,0.6623857617378235,0.0,0.3376142382621765,1,-0.324771523475647,0.12733661246452774,0.16251415490969945,-0.3775394927522975,-0.05862243333935271,0.12733661246452774,0.41941369722247906,0.24443496826009067,0.33615133451743023,0.41941369722247906,0.24443496826009067,0.33615133451743023,0.41941369722247906,0.24443496826009067,-0.08326236270504883,1,1,0.032,440.0,0.12880773842334747,0.6792309287486062,-0.1292309287486062
101,101,categorical_soft,0,0,False,0.0,0.0,1.0,0.0,0.0,1,-1.0,0.18154160417090262,4.451563998899277,0.255274784917633,-5.468815171647869,0.18154160417090262,0.9850732088011463,0.014878165812607088,4.862538624653892e-05,0.9850732088011463,0.014878165812607088,4.862538624653892e-05,0.9850732088011463,0.014878165812607088,-0.9850245834148998,1,1,0.128,830.0,0.830107644200325,0.9764743892344655,-0.42647438923446546
102,102,categorical_soft,1,1,False,0.0,0.0,0.0,1.0,0.0,2,-1.0,0.24033665603258175,-1.6611176372152123,3.853325516510312,-1.8415088293896171,0.24033665603258175,0.003998485009076073,0.9925230639492714,0.0034784510416527624,0.003998485009076073,0.9925230639492714,0.0034784510416527624,0.9925230639492714,0.003998485009076073,-0.9890446129076186,2,2,0.512,1170.0,0.895032768137753,0.9742936447438079,-0.4242936447438078
103,103,categorical_soft,0,0,False,0.0,0.0,1.0,0.0,0.0,1,-1.0,0.21470946093748133,1.8976223205954006,0.1787402388334815,-2.2619974043190303,0.21470946093748133,0.8368181314044753,0.15007627634868426,0.01310559224684025,0.8368181314044753,0.15007627634868426,0.01310559224684025,0.8368181314044753,0.15007627634868426,-0.823712539157635,1,1,0.0,1100.0,0.23338864743709564,0.6150104376710481,-0.06501043767104808
104,104,categorical_soft,1,1,True,0.4096164916586834,0.0,0.0,0.5903835296630859,0.40961650013923645,2,-0.1807670295238495,0.27271501480042437,0.6296397587296427,0.439461480758147,-0.4771875420355919,0.27271501480042437,0.4635620269707763,0.38309665426460116,0.15334131876462248,0.4635620269707763,0.38309665426460116,0.15334131876462248,0.38309665426460116,0.4635620269707763,-0.22975533549997867,1,1,0.032,540.0,0.09940434992313385,0.618978002070126,-0.06897800207012594
105,105,categorical_soft,1,1,True,0.18887130337457675,0.0,0.0,0.8111286759376526,0.18887130916118622,2,-0.6222573667764664,0.1457882030655281,-1.4194134085517813,0.8900092273703575,0.10945492013348421,0.1457882030655281,0.06377650044543345,0.6419639073199148,0.29425959223465176,0.06377650044543345,0.6419639073199148,0.29425959223465176,0.6419639073199148,0.06377650044543345,-0.34770431508526306,2,2,0.064,550.0,0.3758755214512348,0.8619496191417857,-0.31194961914178565
106,106,categorical_soft,1,1,False,0.0,0.0,0.0,1.0,0.0,2,-1.0,0.3519876433187339,0.25998656778344553,1.3879826641252397,-1.5197148220441028,0.3519876433187339,0.23494585096595705,0.7252320040523221,0.03982214498172087,0.23494585096595705,0.7252320040523221,0.03982214498172087,0.7252320040523221,0.23494585096595705,-0.6854098590706013,2,2,0.064,500.0,0.7896378748118877,0.9806371703308566,-0.4306371703308566
107,107,categorical_soft,0,0,False,0.0,0.0,1.0,0.0,0.0,1,-1.0,0.1809405724525623,4.240283939319174,0.22178973625060952,-5.200029750610154,0.1809405724525623,0.9822098710599996,0.017711783993211938,7.834494678863017e-05,0.9822098710599996,0.017711783993211938,7.834494678863017e-05,0.9822098710599996,0.017711783993211938,-0.982131526113211,1,1,0.064,1090.0,0.6760236322879791,0.9343389584901522,-0.3843389584901522
108,108,categorical_soft,1,1,False,0.0,0.0,0.0,1.0,0.0,2,-1.0,0.26192938378230224,-0.84405409584863,3.314409428395514,-2.16376970909793,0.26192938378230224,0.015330859198772149,0.9804301395333423,0.004239001267885462,0.015330859198772149,0.9804301395333423,0.004239001267885462,0.9804301395333423,0.015330859198772149,-0.9761911382654569,2,2,0.512,420.0,0.9626827612519264,0.9923966606535153,-0.44239666065351524
109,109,categorical_soft,0,0,True,0.13903218305788395,0.0,0.8609678149223328,0.0,0.13903218507766724,1,-0.7219356298446655,0.061251229917442265,4.284581973021265,-1.2110278571494562,-3.207211779021036,0.061251229917442265,0.9952815824526272,0.004124355715051627,0.0005940618323211146,0.9952815824526272,0.004124355715051627,0.0005940618323211146,0.9952815824526272,0.004124355715051627,-0.9946875206203061,1,1,0.256,1090.0,1.2358582559973001,0.9955306831056581,-0.445530683105658
110,110,categorical_soft,1,1,False,0.0,0.0,0.0,1.0,0.0,2,-1.0,0.36158125406518077,0.6026169696592317,1.03568486181297,-1.5856155233152913,0.36158125406518077,0.376947517692408,0.5806224530242755,0.042430029283316725,0.376947517692408,0.5806224530242755,0.042430029283316725,0.5806224530242755,0.376947517692408,-0.5381924237409588,2,2,0.032,490.0,0.6406727135181427,0.9610210045554824,-0.4110210045554824
111,111,categorical_soft,1,1,False,0.0,0.0,0.0,1.0,0.0,2,-1.0,0.3699904850478325,-0.05704011770894422,1.2960266184279245,-1.107218921292476,0.3699904850478325,0.19150031932286568,0.7409292446238167,0.06757043605331757,0.19150031932286568,0.7409292446238167,0.06757043605331757,0.7409292446238167,0.19150031932286568,-0.6733588085704991,2,2,0.032,600.0,0.29688987880945206,0.7995060550026047,-0.2495060550026047
112,112,categorical_soft,1,1,True,0.1814254125808215,0.0,0.0,0.8185746073722839,0.18142540752887726,2,-0.6371491998434067,0.092450069012008,-1.6882858987008398,1.518167903416894,0.1924144080860701,0.092450069012008,0.031013894146504056,0.7655816259198188,0.20340447993367722,0.031013894146504056,0.7655816259198188,0.20340447993367722,0.7655816259198188,0.031013894146504056,-0.5621771459861415,2,2,0.064,1090.0,0.5347029687836766,0.8766373137828818,-0.32663731378288174
113,113,categorical_soft,0,0,False,0.0,0.0,1.0,0.0,0.0,1,-1.0,0.20436290242571084,3.856765047940651,0.3385131053099358,-4.769033539762349,0.20436290242571084,0.9709569653025376,0.028868131247630442,0.00017490344983185692,0.9709569653025376,0.028868131247630442,0.00017490344983185692,0.9709569653025376,0.028868131247630442,-0.9707820618527058,1,1,0.128,740.0,0.859238401055336,0.9816118736481374,-0.43161187364813736
114,114,categorical_soft,0,0,True,0.1397140909595591,0.0,0.8602859377861023,0.0,0.1397140920162201,1,-0.7205718457698822,0.11435013702714074,1.9296733915312303,-1.4947815454318367,-0.5787096819608166,0.11435013702714074,0.895642169010267,0.029164806549075144,0.07519302444065781,0.895642169010267,0.029164806549075144,0.07519302444065781,0.895642169010267,0.029164806549075144,-0.8204491445696093,1,1,0.128,1110.0,1.143107857555151,0.992798274687235,-0.442798274687235
115,115,categorical_soft,0,0,False,0.0,0.0,1.0,0.0,0.0,1,-1.0,0.20857232292358702,4.119479092657891,0.3989522641224896,-5.116515572793018,0.20857232292358702,0.9761827147250777,0.023721756278672686,9.552899624971946e-05,0.9761827147250777,0.023721756278672686,9.552899624971946e-05,0.9761827147250777,0.023721756278672686,-0.9760871857288279,1,1,0.256,400.0,0.8786294907331467,0.9888229953165317,-0.4388229953165317
116,116,categorical_soft,0,0,True,0.13828874431963267,0.0,0.8617112636566162,0.0,0.13828875124454498,1,-0.7234225124120712,0.1270019788547144,3.778291437137755,-0.9652885591262379,-2.639853002778975,0.1270019788547144,0.9894957646948335,0.008745504335201552,0.001758730969965035,0.9894957646948335,0.008745504335201552,0.001758730969965035,0.9894957646948335,0.008745504335201552,-0.9877370337248684,1,1,0.512,690.0,1.3690884998068213,0.9985617374980715,-0.4485617374980715
117,117,categorical_soft,1,1,True,0.3776829839284971,0.0,0.0,0.6223170161247253,0.37768298387527466,2,-0.24463403224945068,0.11711405555761929,0.22043079253085143,-0.12145739980279577,-0.17162128998099418,0.11711405555761929,0.4194178072462991,0.2975112843383726,0.2830709084153282,0.4194178072462991,0.2975112843383726,0.2830709084153282,0.2975112843383726,0.4194178072462991,-0.014440375923044368,1,1,0.032,1090.0,0.25692538917064667,0.6447691894907673,-0.09476918949076729
118,118,categorical_soft,0,0,False,0.0,0.0,1.0,0.0,0.0,1,-1.0,0.32149321560050054,1.4476581655981078,0.5891085806571442,-2.0483689944137553,0.32149321560050054,0.6875323097163384,0.2914978886210695,0.020969801662592148,0.6875323097163384,0.2914978886210695,0.020969801662592148,0.6875323097163384,0.2914978886210695,-0.6665625080537463,1,1,0.0,530.0,0.14550048112869263,0.6734340588596291,-0.1234340588596291
119,119,categorical_soft,1,1,False,0.0,0.0,0.0,1.0,0.0,2,-1.0,0.36568976170838885,0.5030486119901376,0.9652924488848917,-1.429617084643193,0.36568976170838885,0.3660299490133082,0.5807414157202684,0.05322863526642341,0.3660299490133082,0.5807414157202684,0.05322863526642341,0.5807414157202684,0.3660299490133082,-0.527512780453845,2,2,0.032,1020.0,0.7461745217442513,0.9562448127595157,-0.4062448127595156
120,120,categorical_soft,0,0,False,0.0,0.0,1.0,0.0,0.0,1,-1.0,0.18587445641287742,3.707527024486839,0.1938829628884819,-4.536389931475282,0.18587445641287742,0.970766214161978,0.028977639654470543,0.00025614618355152636,0.970766214161978,0.028977639654470543,0.00025614618355152636,0.970766214161978,0.028977639654470543,-0.9705100679784264,1,1,0.064,1140.0,0.8811020478606224,0.9734726540334536,-0.4234726540334536
121,121,categorical_soft,1,1,False,0.0,0.0,0.0,1.0,0.0,2,-1.0,0.3247449088430871,1.1370214433650792,0.6400413849146571,-1.7968587099184035,0.3247449088430871,0.6016889455660326,0.36613466524800364,0.032176389185963696,0.6016889455660326,0.36613466524800364,0.032176389185963696,0.36613466524800364,0.6016889455660326,-0.3339582760620399,1,1,0.032,1030.0,0.44420781126245856,0.8304270220552399,-0.28042702205523984
122,122,categorical_soft,0,0,False,0.0,0.0,1.0,0.0,0.0,1,-1.0,0.22511647117223604,2.4169033376764437,0.2618282157310867,-2.9603719904062293,0.22511647117223604,0.8923492990698989,0.1035124458614403,0.004138255068660827,0.8923492990698989,0.1035124458614403,0.004138255068660827,0.8923492990698989,0.1035124458614403,-0.8882110440012381,1,1,0.032,770.0,0.5590284466743469,0.921742720182926,-0.371742720182926
123,123,categorical_soft,1,1,False,0.0,0.0,0.0,1.0,0.0,2,-1.0,0.34578494283578476,0.4930908006590148,1.413046120085333,-1.7840316523354953,0.34578494283578476,0.27746502427277736,0.6940175540807538,0.028517421646468765,0.27746502427277736,0.6940175540807538,0.028517421646468765,0.6940175540807538,0.27746502427277736,-0.6655001324342851,2,2,0.064,970.0,0.8382994756102562,0.9733338173655368,-0.42333381736553677
124,124,categorical_soft,1,1,False,0.0,0.0,0.0,1.0,0.0,2,-1.0,0.3400222699362105,0.5906809216338147,1.5702833231070088,-2.0212646743344824,0.3400222699362105,0.2686054827183864,0.7116845836398056,0.01970993364180807,0.2686054827183864,0.7116845836398056,0.01970993364180807,0.7116845836398056,0.2686054827183864,-0.6919746499979975,2,2,0.064,900.0,0.7135881632566452,0.9555940568279244,-0.4055940568279244
125,125,categorical_soft,1,1,True,0.5794127886650615,0.0,0.0,0.4205872118473053,0.5794128179550171,3,0.1588256061077118,0.14140749280283732,-0.0807221421417974,-0.16909473573617723,-0.050183327991384086,0.14140749280283732,0.33939407305586256,0.31085917015541115,0.34974675678872624,0.33939407305586256,0.31085917015541115,0.34974675678872624,0.31085917015541115,0.33939407305586256,0.0388875866333151,3,3,0.0,630.0,0.014298170804977417,0.489638852732902,0.06036114726709807
126,126,categorical_soft,0,0,False,0.0,0.0,1.0,0.0,0.0,1,-1.0,0.22247927423060024,3.3278417413000723,0.35848210160192495,-4.129775569618365,0.22247927423060024,0.9505524422502127,0.04889701211729657,0.0005505456324907737,0.9505524422502127,0.04889701211729657,0.0005505456324907737,0.9505524422502127,0.04889701211729657,-0.9500018966177219,1,1,0.064,710.0,0.7786474227905273,0.9738569134677411,-0.423856913467741
127,127,categorical_soft,1,1,True,0.14917704361324657,0.0,0.0,0.8508229851722717,0.14917704463005066,2,-0.7016459405422211,0.12294480438204462,-2.216954624229844,1.943941005518805,0.32177016072987474,0.12294480438204462,0.012890977531219188,0.8234245370090851,0.16368448545969566,0.012890977531219188,0.8234245370090851,0.16368448545969566,0.8234245370090851,0.012890977531219188,-0.6597400515493894,2,2,0.256,800.0,0.7053017374128103,0.9588614438144833,-0.4088614438144833
128,128,categorical_soft,0,0,False,0.0,0.0,1.0,0.0,0.0,1,-1.0,0.18272373533952588,5.680768218278827,0.3326665657989393,-6.989591673742896,0.18272373533952588,0.9952313357055467,0.004765520505343235,3.1437891101918923e-06,0.9952313357055467,0.004765520505343235,3.1437891101918923e-06,0.9952313357055467,0.004765520505343235,-0.9952281919164365,1,1,0.256,810.0,0.9328049719333649,0.9859995425646517,-0.4359995425646517
129,129,categorical_soft,1,1,False,0.0,0.0,0.0,1.0,0.0,2,-1.0,0.345856559840913,0.8399143087200136,0.7720664720865991,-1.6296737966594734,0.345856559840913,0.49523537945398777,0.46261644771098787,0.042148172835024325,0.49523537945398777,0.46261644771098787,0.042148172835024325,0.46261644771098787,0.49523537945398777,-0.42046827487596355,1,1,0.0,740.0,0.4401589300541673,0.8719570289551434,-0.32195702895514333
130,130,categorical_soft,0,0,True,0.13932300532074077,0.0,0.8606770038604736,0.0,0.13932301104068756,1,-0.7213539928197861,0.04939925895402676,1.8261701775917203,-2.0763013572682034,-0.07573885432014868,0.04939925895402676,0.8535154148137541,0.017245097165780036,0.12923948802046564,0.8535154148137541,0.017245097165780036,0.12923948802046564,0.8535154148137541,0.017245097165780036,-0.7242759267932886,1,1,0.256,760.0,1.1072956509888172,0.9943598641772323,-0.4443598641772323
131,131,categorical_soft,1,1,True,0.26710387641292066,0.0,0.0,0.7328961491584778,0.2671038806438446,2,-0.4657922685146332,0.1340820417372138,-0.2784906426569869,0.1046294980922611,-0.049727807502138247,0.1340820417372138,0.2687039221696437,0.3941204731989246,0.33717560463143165,0.2687039221696437,0.3941204731989246,0.33717560463143165,0.3941204731989246,0.2687039221696437,-0.05694486856749298,2,2,0.0,450.0,0.20189611613750458,0.7497536010137897,-0.1997536010137897
132,132,categorical_soft,1,1,True,0.1942978501231068,0.0,0.0,0.8057021498680115,0.19429785013198853,2,-0.611404299736023,0.16602915826301107,0.22795200281230582,0.28019808092915566,-0.2721806098526292,0.16602915826301107,0.37635171095370695,0.396069207753649,0.227579081292644,0.37635171095370695,0.396069207753649,0.227579081292644,0.396069207753649,0.37635171095370695,-0.168490126461005,2,2,0.0,450.0,0.33466777577996254,0.8519102310008333,-0.30191023100083325
133,133,categorical_soft,1,1,True,0.1479900162383735,0.0,0.0,0.8520100116729736,0.14799001812934875,2,-0.7040199935436249,0.10404783668190536,-2.2076040309797675,2.4887619007394353,0.1762467337343221,0.10404783668190536,0.00825836597275935,0.9015730770195898,0.09016855700765096,0.00825836597275935,0.9015730770195898,0.09016855700765096,0.9015730770195898,0.00825836597275935,-0.8114045200119389,2,2,0.256,1060.0,0.7902041841298342,0.9627634908850646,-0.4127634908850646
134,134,categorical_soft,1,1,False,0.0,0.0,0.0,1.0,0.0,2,-1.0,0.261428227361428,-0.768836564091721,3.397775802526803,-2.2939417333152745,0.261428227361428,0.01522665951574148,0.9813627278525747,0.0034106126316840154,0.01522665951574148,0.9813627278525747,0.0034106126316840154,0.9813627278525747,0.01522665951574148,-0.9779521152208908,2,2,0.512,420.0,0.9185963869094849,0.9905750027375144,-0.4405750027375144
135,135,categorical_soft,1,1,False,0.0,0.0,0.0,1.0,0.0,2,-1.0,0.29320449316207636,-0.26870498389532405,2.7115550599872966,-2.160503677692167,0.29320449316207636,0.0481082834521234,0.9445600935035952,0.007331623044281285,0.0481082834521234,0.9445600935035952,0.007331623044281285,0.9445600935035952,0.0481082834521234,-0.9372284704593139,2,2,0.128,550.0,0.8471453636884689,0.9844363066557632,-0.43443630665576316
136,136,categorical_soft,1,1,False,0.0,0.0,0.0,1.0,0.0,2,-1.0,0.3240192067458817,0.03987545661534473,2.0380237921069915,-1.8636427909819164,0.3240192067458817,0.11749815995954824,0.8648785909010911,0.01762324913936063,0.11749815995954824,0.8648785909010911,0.01762324913936063,0.8648785909010911,0.11749815995954824,-0.8472553417617305,2,2,0.064,710.0,0.8296653404831886,0.9795348113878266,-0.42953481138782657
137,137,categorical_soft,1,1,False,0.0,0.0,0.0,1.0,0.0,2,-1.0,0.2582532553602085,-1.7269508907847846,3.217122566448956,-1.3106054664402929,0.2582532553602085,0.007004653110128388,0.9818046058937361,0.011190740996135484,0.007004653110128388,0.9818046058937361,0.011190740996135484,0.9818046058937361,0.007004653110128388,-0.9706138648976006,2,2,0.256,1170.0,0.9370100349187851,0.9789839075363657,-0.4289839075363656
138,138,categorical_soft,0,0,False,0.0,0.0,1.0,0.0,0.0,1,-1.0,0.19528503948412707,4.686810028983035,0.3912411532474553,-5.806213504835426,0.19528503948412707,0.986466979646907,0.0135055453058654,2.7475047227760796e-05,0.986466979646907,0.0135055453058654,2.7475047227760796e-05,0.986466979646907,0.0135055453058654,-0.9864395045996792,1,1,0.256,520.0,0.7035814672708511,0.9700524971125286,-0.42005249711252857
139,139,categorical_soft,0,0,True,0.5633984061695912,0.0,0.43660157918930054,0.0,0.5633984208106995,3,0.12679684162139893,0.10112905196004789,-0.1842793778522166,0.22409210711240415,-0.09196851731398122,0.10112905196004789,0.27817242947488047,0.4176519246012803,0.30417564592383917,0.27817242947488047,0.4176519246012803,0.30417564592383917,0.27817242947488047,0.4176519246012803,0.0260032164489587,2,2,0.032,550.0,0.004771977663040161,0.5020469266401053,0.04795307335989474
140,140,categorical_soft,0,0,True,0.20074126903059886,0.0,0.7992587089538574,0.0,0.20074127614498138,1,-0.598517432808876,0.15662450311405213,0.800214199020506,-1.0644253529323837,0.049381960991594226,0.15662450311405213,0.6145605913272507,0.09526370223359008,0.2901757064391592,0.6145605913272507,0.09526370223359008,0.2901757064391592,0.6145605913272507,0.09526370223359008,-0.32438488488809153,1,1,0.032,910.0,0.42986413836479187,0.8406197921304861,-0.29061979213048605
141,141,categorical_soft,0,0,True,0.13822393699639696,0.0,0.8617760539054871,0.0,0.13822393119335175,1,-0.7235521227121353,0.06232340714037758,4.254200785909703,-1.29353496277097,-3.0946639735551242,0.06232340714037758,0.9954031113094427,0.003909187129462088,0.0006877015610950789,0.9954031113094427,0.003909187129462088,0.0006877015610950789,0.9954031113094427,0.003909187129462088,-0.9947154097483476,1,1,0.256,1090.0,1.5090577974915504,0.9988286034420863,-0.4488286034420863
142,142,categorical_soft,0,0,True,0.1386426140440054,0.0,0.8613573908805847,0.0,0.13864260911941528,1,-0.7227147817611694,0.14275249704622095,2.992542798482506,-1.1226172232265188,-1.6593548954854351,0.14275249704622095,0.9738202454784531,0.01604481249705156,0.010134942024495452,0.9738202454784531,0.01604481249705156,0.010134942024495452,0.9738202454784531,0.01604481249705156,-0.9636853034539576,1,1,0.512,520.0,1.1852051876485348,0.9971120824108168,-0.4471120824108168
143,143,categorical_soft,1,1,False,0.0,0.0,0.0,1.0,0.0,2,-1.0,0.268083584182907,-0.8804270098397569,3.0675255632390472,-1.9298752541741426,0.268083584182907,0.018802514866744842,0.9743652120703382,0.006832273062916889,0.018802514866744842,0.9743652120703382,0.006832273062916889,0.9743652120703382,0.018802514866744842,-0.9675329390074213,2,2,0.128,820.0,0.8714949004352093,0.9809465115266203,-0.4309465115266202
144,144,categorical_soft,0,0,True,0.6047506896738587,0.0,0.39524930715560913,0.0,0.6047506928443909,3,0.20950138568878174,0.11523321567639004,-0.041793978307241485,-0.1141418798553453,-0.07414765145142362,0.11523321567639004,0.3452029895999634,0.3210267302311145,0.33377028016892224,0.3452029895999634,0.3210267302311145,0.33377028016892224,0.3452029895999634,0.3210267302311145,-0.011432709431041133,1,1,0.0,930.0,0.0715331882238388,0.46956332434263837,0.08043667565736168
145,145,categorical_soft,0,0,False,0.0,0.0,1.0,0.0,0.0,1,-1.0,0.3570812253504007,0.6549207866962762,0.7701476904495481,-1.441478226231029,0.3570812253504007,0.44537265962428557,0.49958413927047374,0.0550432011052406,0.44537265962428557,0.49958413927047374,0.0550432011052406,0.44537265962428557,0.49958413927047374,-0.390329458519045,2,2,0.0,720.0,0.18114810436964035,0.6614705638313395,-0.11147056383133946
146,146,categorical_soft,1,1,True,0.1519203241885233,0.0,0.0,0.8480796813964844,0.15192031860351562,2,-0.6961593627929688,0.14066331446402613,-0.8353329922465086,0.47298664971367,0.008664243016328791,0.14066331446402613,0.14238071974754157,0.526617677318078,0.33100160293438036,0.14238071974754157,0.526617677318078,0.33100160293438036,0.526617677318078,0.14238071974754157,-0.1956160743836976,2,2,0.032,760.0,0.654623880982399,0.9501698761583731,-0.4001698761583731
147,147,categorical_soft,0,0,True,0.14111425726669852,0.0,0.8588857650756836,0.0,0.1411142498254776,1,-0.717771515250206,0.21896397728498998,1.7826519861060153,-0.2754991561061796,-1.0247873352372145,0.21896397728498998,0.8404110396872367,0.10799758719330485,0.051591373119458425,0.8404110396872367,0.10799758719330485,0.051591373119458425,0.8404110396872367,0.10799758719330485,-0.7888196665677784,1,1,0.064,550.0,0.8895179703831673,0.9873244413996682,-0.4373244413996682
148,148,categorical_soft,0,0,False,0.0,0.0,1.0,0.0,0.0,1,-1.0,0.19190121901033816,5.216966837204523,0.4189837536600459,-6.463292976087824,0.19190121901033816,0.9917622086219516,0.008229358737222189,8.432640826304854e-06,0.9917622086219516,0.008229358737222189,8.432640826304854e-06,0.9917622086219516,0.008229358737222189,-0.9917537759811254,1,1,0.256,640.0,0.9410156607627869,0.989011461538332,-0.4390114615383319
149,149,categorical_soft,1,1,False,0.0,0.0,0.0,1.0,0.0,2,-1.0,0.26269658687853725,-1.9463078997328118,3.3094281466995845,-1.1749336105231865,0.26269658687853725,0.005140481366480962,0.9831167196163169,0.011742799017202262,0.005140481366480962,0.9831167196163169,0.011742799017202262,0.9831167196163169,0.005140481366480962,-0.9713739205991146,2,2,0.512,1010.0,0.884843185544014,0.9776384682656628,-0.42763846826566276
150,150,categorical_soft,1,1,True,0.2515553254723077,0.0,0.0,0.748444676399231,0.25155532360076904,2,-0.4968893527984619,0.15910789777972772,0.46624427080918196,-0.642695184589682,-0.02730119507386618,0.15910789777972772,0.5152815949195426,0.1699117599616315,0.3148066451188257,0.5152815949195426,0.1699117599616315,0.3148066451188257,0.1699117599616315,0.5152815949195426,0.14489488515719423,1,1,0.0,1140.0,0.39154666662216187,0.76804389163125,-0.21804389163124993
151,151,categorical_soft,1,1,True,0.16508592190326005,0.0,0.0,0.8349140882492065,0.16508592665195465,2,-0.6698281615972519,0.13664430217748194,-1.3210840879890862,0.8281458670401649,0.10841944793866831,0.13664430217748194,0.07276327364914217,0.6234563645261959,0.30378036182466195,0.07276327364914217,0.6234563645261959,0.30378036182466195,0.6234563645261959,0.07276327364914217,-0.31967600270153396,2,2,0.064,450.0,0.4585789884440601,0.9136067979112812,-0.36360679791128114
152,152,categorical_soft,0,0,True,0.13982705296845277,0.0,0.8601729273796082,0.0,0.13982705771923065,1,-0.7203458696603775,0.07488809447398238,1.5841488608722847,-2.0161859950945002,0.06748363047487374,0.07488809447398238,0.801837012531848,0.021923692169420552,0.17623929529873153,0.801837012531848,0.021923692169420552,0.17623929529873153,0.801837012531848,0.021923692169420552,-0.6255977172331165,1,1,0.256,680.0,1.0252197608351707,0.9923499347600208,-0.4423499347600207
153,153,categorical_soft,1,1,False,0.0,0.0,0.0,1.0,0.0,2,-1.0,0.3026357891425019,-0.16632784484864083,2.8656689062079073,-2.37974561575807,0.3026357891425019,0.04601445835766606,0.9489287385525804,0.005056803089753639,0.04601445835766606,0.9489287385525804,0.005056803089753639,0.9489287385525804,0.04601445835766606,-0.9438719354628268,2,2,0.128,570.0,0.8900863528251648,0.9870548531058613,-0.43705485310586123
154,154,categorical_soft,1,1,True,0.38718682720448966,0.0,0.0,0.6128131747245789,0.38718682527542114,2,-0.22562634944915771,0.09741251837481338,0.14154631524139707,-0.11138999948378474,-0.12905046361006728,0.09741251837481338,0.3941235594170551,0.3055268361583217,0.3003496044246233,0.3941235594170551,0.3055268361583217,0.3003496044246233,0.3055268361583217,0.3941235594170551,-0.00517723173369844,1,1,0.0,420.0,0.08563469350337982,0.6369667935119121,-0.08696679351191205
155,155,categorical_soft,1,1,True,0.6919414839182145,0.0,0.0,0.3080585300922394,0.691941499710083,3,0.38388296961784363,0.12719526978923568,0.24710261597209465,-0.4572860993484835,-0.05890140158322532,0.12719526978923568,0.4482938756693321,0.22162984315043532,0.3300762811802327,0.4482938756693321,0.22162984315043532,0.3300762811802327,0.22162984315043532,0.4482938756693321,0.10844643802979737,1,1,0.0,1110.0,0.05216918885707855,0.3931617373280032,0.15683826267199685
156,156,categorical_soft,1,1,False,0.0,0.0,0.0,1.0,0.0,2,-1.0,0.24950850430736163,-1.0370172584774742,3.576774839207218,-2.208049277633739,0.24950850430736163,0.00978776610454886,0.9870522821950638,0.00315995170038727,0.00978776610454886,0.9870522821950638,0.00315995170038727,0.9870522821950638,0.00978776610454886,-0.9838923304946765,2,2,0.512,620.0,1.0369794890284538,0.9932770033740341,-0.4432770033740341
157,157,categorical_soft,0,0,True,0.14246930285070097,0.0,0.8575307130813599,0.0,0.14246930181980133,1,-0.7150614112615585,-0.002905309337540264,2.0787160368754742,-2.8539597025399535,0.18269094845471168,-0.002905309337540264,0.8639363978932577,0.006234671348658791,0.12982893075808338,0.8639363978932577,0.006234671348658791,0.12982893075808338,0.8639363978932577,0.006234671348658791,-0.7341074671351744,1,1,0.256,1190.0,0.9762993305921555,0.9821923797642307,-0.43219237976423064
158,158,categorical_soft,0,0,False,0.0,0.0,1.0,0.0,0.0,1,-1.0,0.2242007526057371,2.626703360650409,0.27629605460237117,-3.227878061153207,0.2242007526057371,0.9104832970453518,0.08689676656524543,0.0026199363894028323,0.9104832970453518,0.08689676656524543,0.0026199363894028323,0.9104832970453518,0.08689676656524543,-0.907863360655949,1,1,0.032,970.0,0.5593879073858261,0.9026409468277098,-0.35264094682770974
159,159,categorical_soft,0,0,True,0.2248344800933998,0.0,0.7751654982566833,0.0,0.22483448684215546,1,-0.5503310114145279,0.1473980771930561,1.0265444542543567,-1.2712662536750658,0.03069607729930296,0.1473980771930561,0.6799796538364266,0.06835921658803844,0.251661129575535,0.6799796538364266,0.06835921658803844,0.251661129575535,0.6799796538364266,0.06835921658803844,-0.42831852426089156,1,1,0.064,1100.0,0.4242866486310959,0.8031953762369244,-0.25319537623692434
160,160,categorical_soft,0,0,True,0.22324250122744782,0.0,0.7767574787139893,0.0,0.22324250638484955,1,-0.5535149723291397,0.14091320625056003,0.27213022682536864,-0.5609054638257502,-0.03256624790708437,0.14091320625056003,0.4603734403116625,0.2001796262194031,0.3394469334689345,0.4603734403116625,0.2001796262194031,0.3394469334689345,0.4603734403116625,0.2001796262194031,-0.12092650684272799,1,1,0.0,570.0,0.29719260334968567,0.8054738559841625,-0.2554738559841625
161,161,categorical_soft,0,0,False,0.0,0.0,1.0,0.0,0.0,1,-1.0,0.17560585379823693,6.603409004608632,0.24536634510402852,-8.05298352771102,0.17560585379823693,0.9982539464689237,0.0017456208089331976,4.3272214313577723e-07,0.9982539464689237,0.0017456208089331976,4.3272214313577723e-07,0.9982539464689237,0.0017456208089331976,-0.9982535137467806,1,1,0.256,1120.0,0.8825294226408005,0.9742646649939778,-0.42426466499397775
162,162,categorical_soft,0,0,False,0.0,0.0,1.0,0.0,0.0,1,-1.0,0.18153409390087014,4.011548561667564,0.20082726695276162,-4.913276539990511,0.18153409390087014,0.9781662517567351,0.02170311467614073,0.0001306335671242035,0.9781662517567351,0.02170311467614073,0.0001306335671242035,0.9781662517567351,0.02170311467614073,-0.9780356181896109,1,1,0.064,1170.0,0.6937208026647568,0.9337542971450663,-0.38375429714506626
163,163,categorical_soft,0,0,False,0.0,0.0,1.0,0.0,0.0,1,-1.0,0.1967318642168448,5.641854271448297,0.47841440294129295,-7.003693191609891,0.1967318642168448,0.9942619787638011,0.005734798355468881,3.222880730058627e-06,0.9942619787638011,0.005734798355468881,3.222880730058627e-06,0.9942619787638011,0.005734798355468881,-0.994258755883071,1,1,0.512,420.0,1.0640278086066246,0.9953650626985455,-0.4453650626985455
164,164,categorical_soft,1,1,True,0.17329589949797325,0.0,0.0,0.8267040848731995,0.17329590022563934,2,-0.6534081846475601,0.12141938566872135,-1.7898338383959314,1.491657252823134,0.2395588163709923,0.12141938566872135,0.02846996022440452,0.7548502936939101,0.21667974608168553,0.02846996022440452,0.7548502936939101,0.21667974608168553,0.7548502936939101,0.02846996022440452,-0.5381705476122246,2,2,0.128,630.0,0.45692120492458344,0.8941022071415985,-0.34410220714159845
165,165,categorical_soft,0,0,False,0.0,0.0,1.0,0.0,0.0,1,-1.0,0.3307234347785887,1.5955034947268805,0.6480982606368596,-2.2750249195444345,0.3307234347785887,0.7096536301391434,0.2754481344919861,0.014898235368870628,0.7096536301391434,0.2754481344919861,0.014898235368870628,0.7096536301391434,0.2754481344919861,-0.6947553947702728,1,1,0.032,450.0,0.3405662328004837,0.8555293667070335,-0.30552936670703346
166,166,categorical_soft,1,1,False,0.0,0.0,0.0,1.0,0.0,2,-1.0,0.3257152074865783,1.246858218761539,0.5839908589065452,-1.8297120618496365,0.3257152074865783,0.6402808860100351,0.3300181262387004,0.029700987751264563,0.6402808860100351,0.3300181262387004,0.029700987751264563,0.3300181262387004,0.6402808860100351,-0.30031713848743585,1,1,0.0,790.0,0.5542556680738926,0.918242385703389,-0.36824238570338896
167,167,categorical_soft,0,0,False,0.0,0.0,1.0,0.0,0.0,1,-1.0,0.19621218081061445,8.201801427068098,0.44100438728264313,-10.031581258661316,0.19621218081061445,0.9995676545452744,0.0004323332876682535,1.2167057277075201e-08,0.9995676545452744,0.0004323332876682535,1.2167057277075201e-08,0.9995676545452744,0.0004323332876682535,-0.9995676423782172,1,1,0.512,960.0,1.1586555764079094,0.9944225634819186,-0.44442256348191855
168,168,categorical_soft,0,0,True,0.13808275097120648,0.0,0.86191725730896,0.0,0.13808275759220123,1,-0.7238344997167587,0.06493598406829978,5.178283200175555,-1.350811371360529,-4.030896966371209,0.06493598406829978,0.9984197168121869,0.001469817070173791,0.00011046611763926889,0.9984197168121869,0.001469817070173791,0.00011046611763926889,0.9984197168121869,0.001469817070173791,-0.9983092506945476,1,1,0.512,1150.0,1.6639904230833054,0.9994114755264566,-0.44941147552645655
169,169,categorical_soft,1,1,False,0.0,0.0,0.0,1.0,0.0,2,-1.0,0.2517200275209408,-1.4918329535370538,3.3145577988783983,-1.619970129259483,0.2517200275209408,0.008053643482356338,0.98452641148174,0.007419945035903879,0.008053643482356338,0.98452641148174,0.007419945035903879,0.98452641148174,0.008053643482356338,-0.9771064664458361,2,2,0.512,630.0,0.9054725877940655,0.987096515143741,-0.4370965151437409
170,170,categorical_soft,1,1,True,0.15469499962109745,0.0,0.0,0.8453050255775452,0.15469500422477722,2,-0.6906100213527679,0.1211227686772757,-2.2126878924192326,1.7663864431679073,0.28350120943577395,0.1211227686772757,0.015016758973963299,0.8022357713749655,0.18274746965107136,0.015016758973963299,0.8022357713749655,0.18274746965107136,0.8022357713749655,0.015016758973963299,-0.6194883017238941,2,2,0.512,400.0,0.5329052275046706,0.941803186065585,-0.39180318606558495
171,171,categorical_soft,1,1,True,0.15684755429634534,0.0,0.0,0.8431524634361267,0.15684755146503448,2,-0.6863049119710922,0.11476570658725309,-2.0821458885649795,1.7763090073643404,0.2858821800858308,0.11476570658725309,0.016962482821405007,0.8015814570732186,0.18145606010537665,0.016962482821405007,0.8015814570732186,0.18145606010537665,0.8015814570732186,0.016962482821405007,-0.620125396967842,2,2,0.128,750.0,0.5967523828148842,0.9355792000910905,-0.3855792000910905
172,172,categorical_soft,0,0,False,0.0,0.0,1.0,0.0,0.0,1,-1.0,0.2071739620230289,3.2319614400127272,0.26291449018717816,-3.969611863572105,0.2071739620230289,0.9504000067187393,0.048888769294029084,0.0007112239872317388,0.9504000067187393,0.048888769294029084,0.0007112239872317388,0.9504000067187393,0.048888769294029084,-0.9496887827315075,1,1,0.064,1000.0,0.7131521999835968,0.9500865290201956,-0.4000865290201956
173,173,categorical_soft,1,1,False,0.0,0.0,0.0,1.0,0.0,2,-1.0,0.25262768671657193,-1.601308695493218,3.3526244490112918,-1.5465978250365144,0.25262768671657193,0.006955611812371763,0.9853392177621233,0.007705170425504752,0.006955611812371763,0.9853392177621233,0.007705170425504752,0.9853392177621233,0.006955611812371763,-0.9776340473366185,2,2,0.512,710.0,0.926895696669817,0.9872083280702392,-0.4372083280702391
174,174,categorical_soft,1,1,False,0.0,0.0,0.0,1.0,0.0,2,-1.0,0.29328750313479435,-0.8469051991736324,2.5182393121623603,-1.4929063012931945,0.29328750313479435,0.032815157061939396,0.9493944063194224,0.017790436618638265,0.032815157061939396,0.9493944063194224,0.017790436618638265,0.9493944063194224,0.032815157061939396,-0.9316039697007842,2,2,0.128,510.0,0.8757945969700813,0.9870818102457184,-0.43708181024571835
175,175,categorical_soft,1,1,False,0.0,0.0,0.0,1.0,0.0,2,-1.0,0.3231536573365987,1.3975802970564102,0.6193381751268495,-2.0284957451849657,0.3231536573365987,0.67021270190202,0.307865293275845,0.021922004822135074,0.67021270190202,0.307865293275845,0.021922004822135074,0.307865293275845,0.67021270190202,-0.2859432884537099,1,1,0.032,420.0,0.14259213209152222,0.6989029943655043,-0.14890299436550425
176,176,categorical_soft,0,0,False,0.0,0.0,1.0,0.0,0.0,1,-1.0,0.2145070915917052,5.57886834665929,0.590395381018207,-6.979189457106749,0.2145070915917052,0.9931698068036857,0.006826678482381003,3.5147139333989394e-06,0.9931698068036857,0.006826678482381003,3.5147139333989394e-06,0.9931698068036857,0.006826678482381003,-0.9931662920897523,1,1,0.512,430.0,0.9890631213784218,0.993234279246882,-0.44323427924688197
177,177,categorical_soft,0,0,True,0.14220901230710697,0.0,0.857791006565094,0.0,0.1422090083360672,1,-0.7155819982290268,0.15120004146803798,1.4755038894804524,-1.461720472068439,-0.1834125374639024,0.15120004146803798,0.8019253796368984,0.04254102932540007,0.15553359103770156,0.8019253796368984,0.04254102932540007,0.15553359103770156,0.8019253796368984,0.04254102932540007,-0.6463917885991968,1,1,0.128,680.0,0.8628118187189102,0.9831660768651947,-0.4331660768651947
178,178,categorical_soft,1,1,False,0.0,0.0,0.0,1.0,0.0,2,-1.0,0.22594684317919453,-1.316254426963337,4.0521448318719475,-2.2778430392861235,0.22594684317919453,0.004632364842026492,0.99352708738327,0.001840547774703629,0.004632364842026492,0.99352708738327,0.001840547774703629,0.99352708738327,0.004632364842026492,-0.9916865396085663,2,2,0.512,1100.0,0.9082893161103129,0.9777844890366508,-0.4277844890366508
179,179,categorical_soft,0,0,True,0.2096389923333335,0.0,0.7903609871864319,0.0,0.20963899791240692,1,-0.580721989274025,0.10678986120132838,0.29923601893530744,-0.09541130371055498,-0.19579663431373762,0.10678986120132838,0.43816481765830506,0.2948379491071332,0.2669972332345618,0.43816481765830506,0.2948379491071332,0.2669972332345618,0.43816481765830506,0.2948379491071332,-0.17116758442374325,1,1,0.0,530.0,0.31519949436187744,0.826003236936907,-0.276003236936907
180,180,categorical_soft,0,0,False,0.0,0.0,1.0,0.0,0.0,1,-1.0,0.23259422432185092,3.006937647336784,0.36665367546584654,-3.740744948488905,0.23259422432185092,0.9322736397145128,0.06662823015455073,0.0010981301309364918,0.9322736397145128,0.06662823015455073,0.0010981301309364918,0.9322736397145128,0.06662823015455073,-0.9311755095835763,1,1,0.032,660.0,0.8083652555942535,0.9786259904641058,-0.42862599046410577
181,181,categorical_soft,1,1,True,0.14796051642241764,0.0,0.0,0.8520394563674927,0.14796051383018494,2,-0.7040789425373077,0.14537171819265887,-2.189428704179531,2.1566110440204933,0.2796176322809395,0.14537171819265887,0.011165138640684186,0.8567555557417161,0.1320793056175998,0.011165138640684186,0.8567555557417161,0.1320793056175998,0.8567555557417161,0.011165138640684186,-0.7246762501241163,2,2,0.256,780.0,0.7220612280070782,0.9628616094181124,-0.41286160941811234
182,182,categorical_soft,1,1,False,0.0,0.0,0.0,1.0,0.0,2,-1.0,0.3266568414005659,1.1906182855745366,0.6625693615963886,-1.8774560835508212,0.3266568414005659,0.6109842129996311,0.36043816699907755,0.028577620001291437,0.6109842129996311,0.36043816699907755,0.028577620001291437,0.36043816699907755,0.6109842129996311,-0.3318605469977861,1,1,0.0,620.0,0.32470835000276566,0.8169446782905361,-0.26694467829053603
183,183,categorical_soft,1,1,False,0.0,0.0,0.0,1.0,0.0,2,-1.0,0.25920383775299716,-0.9357431222604923,3.3362493864375415,-2.1051941464303754,0.25920383775299716,0.013703925219036258,0.9818726593046234,0.0044234154763403005,0.013703925219036258,0.9818726593046234,0.0044234154763403005,0.9818726593046234,0.013703925219036258,-0.9774492438282831,2,2,0.512,440.0,0.9864633828401566,0.9930653685045051,-0.44306536850450506
184,184,categorical_soft,0,0,True,0.14023177311416907,0.0,0.8597682118415833,0.0,0.14023177325725555,1,-0.7195364385843277,0.13181310112764485,1.3279437647784256,-1.5103638282790492,-0.04668742128668605,0.13181310112764485,0.7612947740410482,0.04458206731203996,0.19412315864691213,0.7612947740410482,0.04458206731203996,0.19412315864691213,0.7612947740410482,0.04458206731203996,-0.5671716153941361,1,1,0.064,1040.0,1.0746464524418116,0.9907534544092869,-0.4407534544092868
185,185,categorical_soft,0,0,False,0.0,0.0,1.0,0.0,0.0,1,-1.0,0.19463021070201825,5.3366778686384055,0.44619330255557726,-6.620145741101458,0.19463021070201825,0.9924817360782354,0.007511862051803546,6.401869961030939e-06,0.9924817360782354,0.007511862051803546,6.401869961030939e-06,0.9924817360782354,0.007511862051803546,-0.9924753342082744,1,1,0.256,690.0,0.824377030134201,0.9794972389177028,-0.42949723891770275
186,186,categorical_soft,1,1,False,0.0,0.0,0.0,1.0,0.0,2,-1.0,0.31852184640229514,0.021047536949643057,2.379459386951994,-2.140544256859241,0.31852184640229514,0.08587175901951657,0.9041977026580081,0.009930538322475153,0.08587175901951657,0.9041977026580081,0.009930538322475153,0.9041977026580081,0.08587175901951657,-0.894267164335533,2,2,0.064,780.0,0.8256258368492126,0.9773373939606169,-0.4273373939606169
187,187,categorical_soft,0,0,True,0.14698093772251564,0.0,0.8530190587043762,0.0,0.14698094129562378,1,-0.7060381174087524,0.1621400133138794,1.1502608465040383,-1.2463841541532388,-0.06553494187272052,0.1621400133138794,0.7194219464070447,0.06549904281939253,0.21507901077356273,0.7194219464070447,0.06549904281939253,0.21507901077356273,0.7194219464070447,0.06549904281939253,-0.504342935633482,1,1,0.032,990.0,0.7931640520691872,0.9661522905281389,-0.41615229052813885
188,188,categorical_soft,0,0,True,0.13887839029869398,0.0,0.8611215949058533,0.0,0.13887839019298553,1,-0.7222432047128677,0.0017537058385204529,2.4407599565039684,-2.4724604746150485,-0.297432709942991,0.0017537058385204529,0.9309188224255838,0.006843693828742106,0.0622374837456741,0.9309188224255838,0.006843693828742106,0.0622374837456741,0.9309188224255838,0.006843693828742106,-0.8686813386799097,1,1,0.512,820.0,1.2002649754285812,0.9961531855960688,-0.44615318559606876
189,189,categorical_soft,1,1,True,0.4922808545515101,0.0,0.0,0.5077191591262817,0.49228084087371826,2,-0.015438318252563477,0.10578264119051824,-0.11272569170275257,0.08420837495788672,-0.08795052483505657,0.10578264119051824,0.3088376944087652,0.37547772753849695,0.31568457805273786,0.3088376944087652,0.37547772753849695,0.31568457805273786,0.37547772753849695,0.3088376944087652,-0.05979314948575909,2,2,0.0,870.0,0.1272290199995041,0.5557900779139849,-0.005790077913984892
190,190,categorical_soft,1,1,True,0.1614042197962,0.0,0.0,0.8385958075523376,0.16140422224998474,2,-0.6771915853023529,0.10117782248690972,-2.25802461787671,1.9741899969565846,0.30864100627959723,0.10117782248690972,0.012065070030066502,0.8304818402842791,0.15745308968565447,0.012065070030066502,0.8304818402842791,0.15745308968565447,0.8304818402842791,0.012065070030066502,-0.6730287505986245,2,2,0.128,1010.0,0.6217487994581461,0.9230908345077989,-0.3730908345077989
191,191,categorical_soft,0,0,False,0.0,0.0,1.0,0.0,0.0,1,-1.0,0.27009315250203525,3.4420490256659364,0.5802812989094506,-4.377852684364386,0.27009315250203525,0.9453807203109184,0.05423801465724452,0.0003812650318369505,0.9453807203109184,0.05423801465724452,0.0003812650318369505,0.9453807203109184,0.05423801465724452,-0.9449994552790814,1,1,0.128,430.0,0.6901669502258301,0.971265268944122,-0.421265268944122
192,192,categorical_soft,1,1,False,0.0,0.0,0.0,1.0,0.0,2,-1.0,0.3085963273795693,-1.7359030966002948,2.532603404370251,-0.7197834266764278,0.3085963273795693,0.013322070204683146,0.9484401883314899,0.038237741463826996,0.013322070204683146,0.9484401883314899,0.038237741463826996,0.9484401883314899,0.013322070204683146,-0.9102024468676629,2,2,0.512,530.0,0.8170751482248306,0.9824240518826223,-0.43242405188262223
193,193,categorical_soft,0,0,True,0.145772605207241,0.0,0.8542274236679077,0.0,0.14577260613441467,1,-0.708454817533493,0.08262520503826694,1.4513374076758485,-1.8544958110396987,0.06193509845586066,0.08262520503826694,0.777454700024755,0.028539019027117456,0.19400628094812766,0.777454700024755,0.028539019027117456,0.19400628094812766,0.777454700024755,0.028539019027117456,-0.5834484190766274,1,1,0.128,1080.0,0.8427324146032333,0.9703012201844253,-0.4203012201844253
194,194,categorical_soft,1,1,False,0.0,0.0,0.0,1.0,0.0,2,-1.0,0.24852760380364786,2.173195760855858,0.3492665347419786,-2.712417336674717,0.24852760380364786,0.85521960609211,0.1382937659199361,0.0064866279879538715,0.85521960609211,0.1382937659199361,0.0064866279879538715,0.1382937659199361,0.85521960609211,-0.13180713793198223,1,1,0.0,1050.0,0.24135959148406982,0.6382705062354783,-0.08827050623547827
195,195,categorical_soft,1,1,False,0.0,0.0,0.0,1.0,0.0,2,-1.0,0.22206678054375356,1.889623151512079,0.23602325067543575,-2.2872069624475295,0.22206678054375356,0.8285825575998589,0.15866054405699892,0.012756898343142281,0.8285825575998589,0.15866054405699892,0.012756898343142281,0.15866054405699892,0.8285825575998589,-0.14590364571385664,1,1,0.0,580.0,0.03497976064682007,0.5300748520688947,0.019925147931105336
196,196,categorical_soft,1,1,False,0.0,0.0,0.0,1.0,0.0,2,-1.0,0.3533839671634092,0.1550622180618656,3.4130273609283406,-3.060985917981359,0.3533839671634092,0.03738114142433628,0.9611306639559218,0.0014881946197419118,0.03738114142433628,0.9611306639559218,0.0014881946197419118,0.9611306639559218,0.03738114142433628,-0.9596424693361799,2,2,0.128,1090.0,0.8795745894312859,0.9748019174857763,-0.4248019174857762
197,197,categorical_soft,1,1,False,0.0,0.0,0.0,1.0,0.0,2,-1.0,0.3242299750028736,1.5438480438485407,0.5946999431562816,-2.164743888645501,0.3242299750028736,0.7081792837943048,0.274348206257066,0.01747250994862911,0.7081792837943048,0.274348206257066,0.01747250994862911,0.274348206257066,0.7081792837943048,-0.25687569630843693,1,1,0.0,530.0,0.456807479262352,0.9049384685594726,-0.35493846855947253
198,198,categorical_soft,1,1,True,0.16971806602308326,0.0,0.0,0.8302819132804871,0.16971807181835175,2,-0.6605638414621353,0.11884235874199267,-1.9578345269438955,2.1555198469013175,0.164014063321829,0.11884235874199267,0.014237189546826356,0.866586100747306,0.11917670970586766,0.014237189546826356,0.866586100747306,0.11917670970586766,0.866586100747306,0.014237189546826356,-0.7474093910414383,2,2,0.128,940.0,0.5513442233204842,0.9023456784161284,-0.3523456784161284
199,199,categorical_soft,0,0,False,0.0,0.0,1.0,0.0,0.0,1,-1.0,0.21624879908506195,2.9994373790343913,0.28048226337419757,-3.689467430087035,0.21624879908506195,0.9369504810934641,0.0618789166074102,0.0011706022991255065,0.9369504810934641,0.0618789166074102,0.0011706022991255065,0.9369504810934641,0.0618789166074102,-0.9357798787943387,1,1,0.064,630.0,0.6827080249786377,0.9624110985426224,-0.41241109854262237
200,200,categorical_soft,0,0,True,0.1405106175801334,0.0,0.859489381313324,0.0,0.14051061868667603,1,-0.718978762626648,0.18707845385064248,1.0848886180516828,-1.4092354711965422,0.07548879004291034,0.18707845385064248,0.6910065959094835,0.057157493793851176,0.251835910296665,0.6910065959094835,0.057157493793851176,0.251835910296665,0.6910065959094835,0.057157493793851176,-0.4391706856128185,1,1,0.256,510.0,0.9216797426342964,0.9896623360021629,-0.43966233600216287
201,201,categorical_soft,0,0,False,0.0,0.0,1.0,0.0,0.0,1,-1.0,0.1747893435683735,5.307652158583454,0.22399161912323645,-6.499831709949641,0.1747893435683735,0.9938056718187974,0.006186897478436742,7.430702765877223e-06,0.9938056718187974,0.006186897478436742,7.430702765877223e-06,0.9938056718187974,0.006186897478436742,-0.9937982411160315,1,1,0.128,1160.0,0.77137890458107,0.9543255483404679,-0.40432554834046786
202,202,categorical_soft,1,1,False,0.0,0.0,0.0,1.0,0.0,2,-1.0,0.28162360784668267,-1.191814033908722,2.515638993081407,-1.206121435688956,0.28162360784668267,0.023411529974526602,0.952571904844544,0.024016565180929306,0.023411529974526602,0.952571904844544,0.024016565180929306,0.952571904844544,0.023411529974526602,-0.9285553396636147,2,2,0.128,630.0,0.7733290158212185,0.9755886426620864,-0.4255886426620864
203,203,categorical_soft,1,1,True,0.1490194756019766,0.0,0.0,0.8509805202484131,0.14901947975158691,2,-0.7019610404968262,0.09842875735779828,-2.136917670806077,2.020315706559724,0.2829523263188544,0.09842875735779828,0.013170495844626665,0.8386709437556978,0.14815856039967548,0.013170495844626665,0.8386709437556978,0.14815856039967548,0.8386709437556978,0.013170495844626665,-0.6905123833560224,2,2,0.256,720.0,0.6883350163698196,0.9593743057190663,-0.4093743057190663
204,204,categorical_soft,1,1,False,0.0,0.0,0.0,1.0,0.0,2,-1.0,0.3548911826514275,-0.14098331869237835,1.5976988360185511,-1.2920452815100092,0.3548911826514275,0.14266879283777423,0.8117258738489644,0.0456053333132614,0.14266879283777423,0.8117258738489644,0.0456053333132614,0.8117258738489644,0.14266879283777423,-0.766120540535703,2,2,0.032,880.0,0.786303885281086,0.9692417092065296,-0.4192417092065296
205,205,categorical_soft,0,0,False,0.0,0.0,1.0,0.0,0.0,1,-1.0,0.257024235935369,4.279416760435057,0.6437068716041494,-5.427434136640178,0.257024235935369,0.9741353055244077,0.02580514544534887,5.9549030243470124e-05,0.9741353055244077,0.02580514544534887,5.9549030243470124e-05,0.9741353055244077,0.02580514544534887,-0.9740757564941642,1,1,0.256,480.0,0.860015258193016,0.9865435989136945,-0.43654359891369443
206,206,categorical_soft,0,0,True,0.13854824437373459,0.0,0.8614517450332642,0.0,0.13854824006557465,1,-0.7229035049676895,0.08575580501199603,4.458503830180931,-1.117964670335953,-3.367895458024077,0.08575580501199603,0.9957419736815094,0.003822079602082687,0.00043594671640797254,0.9957419736815094,0.003822079602082687,0.00043594671640797254,0.9957419736815094,0.003822079602082687,-0.9953060269651014,1,1,0.512,860.0,1.2978549934923649,0.9974974387743648,-0.44749743877436476
207,207,categorical_soft,1,1,True,0.14534355196600074,0.0,0.0,0.854656457901001,0.14534355700016022,2,-0.7093129009008408,0.1204570107275047,-2.0914651739939236,1.8224904376831268,0.2949741563126887,0.1204570107275047,0.01618092543602598,0.8075473167780108,0.17627175778596316,0.01618092543602598,0.8075473167780108,0.17627175778596316,0.8075473167780108,0.01618092543602598,-0.6312755589920477,2,2,0.256,600.0,0.7358072251081467,0.9717991940936319,-0.42179919409363187
208,208,categorical_soft,0,0,False,0.0,0.0,1.0,0.0,0.0,1,-1.0,0.21208720057581326,6.295462751109655,0.6226437979072746,-7.854591237051018,0.21208720057581326,0.9965329607367158,0.0034663200653541103,7.191979302419879e-07,0.9965329607367158,0.0034663200653541103,7.191979302419879e-07,0.9965329607367158,0.0034663200653541103,-0.9965322415387856,1,1,0.512,550.0,0.9212616831064224,0.9891350999766536,-0.43913509997665356
209,209,categorical_soft,0,0,True,0.14118864567241024,0.0,0.8588113784790039,0.0,0.14118865132331848,1,-0.7176227271556854,0.08479319016297997,1.2381303397511085,-1.8380298662445866,0.16378525840953492,0.08479319016297997,0.7206256389822623,0.03325728815073807,0.2461170728669997,0.7206256389822623,0.03325728815073807,0.2461170728669997,0.7206256389822623,0.03325728815073807,-0.4745085661152626,1,1,0.128,920.0,0.9757032729685307,0.9870385860373436,-0.4370385860373436
210,210,categorical_soft,1,1,True,0.15860824482892266,0.0,0.0,0.8413917422294617,0.15860824286937714,2,-0.6827834993600845,0.09633949631436403,-2.240109158418445,2.017729551552553,0.31291137645687445,0.09633949631436403,0.011845388472111036,0.8356397676312973,0.1525148438965916,0.011845388472111036,0.8356397676312973,0.1525148438965916,0.8356397676312973,0.011845388472111036,-0.6831249237347057,2,2,0.128,1120.0,0.6714484915137291,0.9306480679911552,-0.38064806799115514
211,211,categorical_soft,1,1,False,0.0,0.0,0.0,1.0,0.0,2,-1.0,0.346996270602659,0.229471926274895,2.8187097380594963,-2.6989112344726243,0.346996270602659,0.07015920550148595,0.9261029743919474,0.003737820106566638,0.07015920550148595,0.9261029743919474,0.003737820106566638,0.9261029743919474,0.07015920550148595,-0.9223651542853808,2,2,0.128,630.0,0.9032019004225731,0.9869536354201252,-0.4369536354201251
212,212,categorical_soft,1,1,False,0.0,0.0,0.0,1.0,0.0,2,-1.0,0.2725625997734159,-0.62419713174226,3.080188090558468,-2.158785736283269,0.2725625997734159,0.02391897651440055,0.9707997376909502,0.005281285794649315,0.02391897651440055,0.9707997376909502,0.005281285794649315,0.9707997376909502,0.02391897651440055,-0.9655184518963009,2,2,0.256,490.0,0.8382568582892418,0.9848693830353438,-0.4348693830353437
213,213,categorical_soft,0,0,True,0.1411430340477458,0.0,0.8588569760322571,0.0,0.1411430388689041,1,-0.717713937163353,0.14626041055862432,1.032130979999063,-1.4232796600130695,0.09194255163167728,0.14626041055862432,0.6772833727638725,0.05819466630492255,0.2645219609312048,0.6772833727638725,0.05819466630492255,0.2645219609312048,0.6772833727638725,0.05819466630492255,-0.41276141183266774,1,1,0.128,620.0,0.9049015678465366,0.9872138017206691,-0.43721380172066904
214,214,categorical_soft,1,1,True,0.33175343955558406,0.0,0.0,0.6682465672492981,0.3317534327507019,2,-0.3364931344985962,0.14288310916829844,0.644437816950888,-1.0109718371667245,0.05554758903350669,0.14288310916829844,0.5727451818050907,0.1094108058054279,0.31784401238948146,0.5727451818050907,0.1094108058054279,0.31784401238948146,0.1094108058054279,0.5727451818050907,0.20843320658405357,1,1,0.0,1170.0,0.3128942549228668,0.6845322045734847,-0.1345322045734847
215,215,categorical_soft,0,0,True,0.14168217634812003,0.0,0.8583178520202637,0.0,0.14168217778205872,1,-0.716635674238205,0.11155382800927383,0.06092523189256203,-0.21257598319420978,-0.07714353881956268,0.11155382800927383,0.38009316107816615,0.28906416155713116,0.3308426773647027,0.38009316107816615,0.28906416155713116,0.3308426773647027,0.38009316107816615,0.28906416155713116,-0.04925048371346347,1,1,0.0,400.0,0.8201030120253563,0.9851543467679202,-0.4351543467679202
216,216,categorical_soft,1,1,False,0.0,0.0,0.0,1.0,0.0,2,-1.0,0.29326284065877795,-0.36543310311775573,2.5617846823772163,-1.942684913432937,0.29326284065877795,0.05034394200779657,0.9390983522756347,0.010557705716568978,0.05034394200779657,0.9390983522756347,0.010557705716568978,0.9390983522756347,0.05034394200779657,-0.9285406465590657,2,2,0.032,1070.0,0.9571733213961124,0.9830576817710954,-0.4330576817710954
217,217,categorical_soft,1,1,True,0.14734119037216775,0.0,0.0,0.8526588082313538,0.14734119176864624,2,-0.7053176164627075,0.12126368597838924,-1.5070409865928747,1.1616090332028293,0.1841462552484883,0.12126368597838924,0.04809816266373994,0.6911296877165028,0.26077214961975703,0.04809816266373994,0.6911296877165028,0.26077214961975703,0.6911296877165028,0.04809816266373994,-0.4303575380967458,2,2,0.128,510.0,0.6679420471191406,0.9649346902173321,-0.4149346902173321
218,218,categorical_soft,1,1,True,0.14561376889664313,0.0,0.0,0.8543862104415894,0.14561377465724945,2,-0.7087724357843399,0.11635116129428495,-2.5345419081018536,2.2205748093160427,0.3787428448333416,0.11635116129428495,0.007389350715393326,0.8558490117277326,0.1367616375568741,0.007389350715393326,0.8558490117277326,0.1367616375568741,0.8558490117277326,0.007389350715393326,-0.7190873741708586,2,2,0.512,840.0,0.7877875319682062,0.9708542288902703,-0.42085422889027024
219,219,categorical_soft,0,0,False,0.0,0.0,1.0,0.0,0.0,1,-1.0,0.20236077228846225,5.488057377666953,0.506411600302402,-6.830152627805461,0.20236077228846225,0.9931277863676901,0.006867748269352751,4.465362957171131e-06,0.9931277863676901,0.006867748269352751,4.465362957171131e-06,0.9931277863676901,0.006867748269352751,-0.9931233210047329,1,1,0.256,790.0,0.9336192756891251,0.9863823598187527,-0.4363823598187526
220,220,categorical_soft,1,1,False,0.0,0.0,0.0,1.0,0.0,2,-1.0,0.3395995862637858,0.8274502721210798,0.8176886255420126,-1.6374175752327773,0.3395995862637858,0.4818496850948219,0.47698601303182697,0.04116430187335112,0.4818496850948219,0.47698601303182697,0.04116430187335112,0.47698601303182697,0.4818496850948219,-0.43582171115847584,1,1,0.032,930.0,0.695711875683628,0.9500247111675635,-0.40002471116756344
221,221,categorical_soft,1,1,True,0.14853097830641065,0.0,0.0,0.8514690399169922,0.148530974984169,2,-0.7029380649328232,0.0914332061081292,-2.055290775085621,1.9580728369661178,0.26092875921086905,0.0914332061081292,0.01508163740917336,0.8320315101838973,0.15288685240692926,0.01508163740917336,0.8320315101838973,0.15288685240692926,0.8320315101838973,0.01508163740917336,-0.6791446577769681,2,2,0.256,600.0,0.6674078479409218,0.9609741496551975,-0.4109741496551974
222,222,categorical_soft,1,1,True,0.1561274774266378,0.0,0.0,0.8438725471496582,0.15612748265266418,2,-0.687745064496994,0.10325119142951433,-2.214943414269466,1.9106320618794985,0.29994192606569686,0.10325119142951433,0.013290431973708989,0.8220123850781759,0.16469718294811514,0.013290431973708989,0.8220123850781759,0.16469718294811514,0.8220123850781759,0.013290431973708989,-0.6573152021300608,2,2,0.128,920.0,0.6455166675150394,0.9376366289807997,-0.38763662898079965
223,223,categorical_soft,1,1,False,0.0,0.0,0.0,1.0,0.0,2,-1.0,0.22639021681821667,-1.3064159808189588,4.038523448054104,-2.278442446399987,0.22639021681821667,0.004741652251831643,0.9933936941752274,0.0018646535729409189,0.004741652251831643,0.9933936941752274,0.0018646535729409189,0.9933936941752274,0.004741652251831643,-0.9915290406022864,2,2,0.512,1080.0,0.9951790161430836,0.9857344003738269,-0.4357344003738268
224,224,categorical_soft,0,0,False,0.0,0.0,1.0,0.0,0.0,1,-1.0,0.24853401724228558,1.4938525287319964,0.30990428918145496,-1.864852223544058,0.24853401724228558,0.7456782498922255,0.22829323480655836,0.02602851530121625,0.7456782498922255,0.22829323480655836,0.02602851530121625,0.7456782498922255,0.22829323480655836,-0.7196497345910093,1,1,0.0,1140.0,0.4604542929737363,0.8228637386141178,-0.2728637386141177
225,225,categorical_soft,0,0,False,0.0,0.0,1.0,0.0,0.0,1,-1.0,0.21180666108442003,2.693956028698012,0.21858390879743447,-3.284566279604225,0.21180666108442003,0.9201640144334338,0.07749656848375322,0.0023394170828130037,0.9201640144334338,0.07749656848375322,0.0023394170828130037,0.9201640144334338,0.07749656848375322,-0.9178245973506207,1,1,0.032,740.0,0.7069098949432373,0.9619124420023145,-0.41191244200231447
226,226,categorical_soft,0,0,True,0.1528089201268638,0.0,0.8471910953521729,0.0,0.15280891954898834,1,-0.6943821758031845,0.14310762816867387,0.9159899312055195,-1.2779299951901695,0.08347183506988223,0.14310762816867387,0.6466117507366864,0.07213454119821232,0.2812537080651013,0.6466117507366864,0.07213454119821232,0.2812537080651013,0.6466117507366864,0.07213454119821232,-0.3653580426715851,1,1,0.064,1010.0,0.7045481577515602,0.9474461245798402,-0.3974461245798402
227,227,categorical_soft,1,1,True,0.15360463462581997,0.0,0.0,0.8463953733444214,0.1536046415567398,2,-0.6927907317876816,0.12877467648943422,-2.1826236356910234,1.7233663418012999,0.2716675385073229,0.12877467648943422,0.01603690869699065,0.7969081033278291,0.18705498797518005,0.01603690869699065,0.7969081033278291,0.18705498797518005,0.7969081033278291,0.01603690869699065,-0.6098531153526491,2,2,0.512,420.0,0.5501690473174676,0.945042986345464,-0.395042986345464
228,228,categorical_soft,0,0,True,0.14064528422321942,0.0,0.8593547344207764,0.0,0.14064528048038483,1,-0.7187094539403915,0.08444816507312267,1.5516745338037201,-1.98631919344683,0.07253523668884634,0.08444816507312267,0.7954224099313401,0.023152010814441355,0.1814255792542186,0.7954224099313401,0.023152010814441355,0.1814255792542186,0.7954224099313401,0.023152010814441355,-0.6139968306771215,1,1,0.256,730.0,0.9654799997806549,0.9891379291663808,-0.4391379291663807
229,229,categorical_soft,1,1,False,0.0,0.0,0.0,1.0,0.0,2,-1.0,0.342293509704545,0.4146628261073529,1.6145500697368391,-1.87416840131968,0.342293509704545,0.22687630867007885,0.7500941379932123,0.023029553336708773,0.22687630867007885,0.7500941379932123,0.023029553336708773,0.7500941379932123,0.22687630867007885,-0.7270645846565036,2,2,0.064,730.0,0.7088822452351451,0.9627012144069175,-0.4127012144069174
230,230,categorical_soft,0,0,True,0.6246148066422668,0.0,0.37538519501686096,0.0,0.6246148347854614,3,0.24922963976860046,0.15037076039970923,0.5102477376810517,-0.8480293944868815,0.02136760456012884,0.15037076039970923,0.5346347776570229,0.13747052482637376,0.32789469751660333,0.5346347776570229,0.13747052482637376,0.32789469751660333,0.5346347776570229,0.13747052482637376,-0.2067400801404196,1,1,0.0,1030.0,0.08277012407779694,0.4533259793573495,0.09667402064265057
231,231,categorical_soft,1,1,True,0.1600567102224431,0.0,0.0,0.8399432897567749,0.1600567102432251,2,-0.6798865795135498,0.10154290391441607,-2.1940730274808966,1.9089216088045604,0.2982772338106449,0.10154290391441607,0.01359253395769569,0.8217238550053733,0.164683611036931,0.01359253395769569,0.8217238550053733,0.164683611036931,0.8217238550053733,0.01359253395769569,-0.6570402439684423,2,2,0.128,970.0,0.6224888265132904,0.9266926392432918,-0.37669263924329177
232,232,categorical_soft,0,0,True,0.6555425499959664,0.0,0.3444574475288391,0.0,0.6555425524711609,3,0.3110851049423218,0.14834379386161706,0.18944959956057625,-0.5458101227312787,-0.01001550054116489,0.14834379386161706,0.4349907057545409,0.2086172211243848,0.35639207312107424,0.4349907057545409,0.2086172211243848,0.35639207312107424,0.4349907057545409,0.2086172211243848,-0.07859863263346667,1,1,0.0,940.0,0.03882630169391632,0.4268644092037139,0.12313559079628617
233,233,categorical_soft,0,0,True,0.13890512674687916,0.0,0.8610948920249939,0.0,0.1389051228761673,1,-0.7221897691488266,0.025620678304894045,2.1945236148182845,-2.1757005141460817,-0.3176542127582093,0.025620678304894045,0.9120360370209071,0.011535198859173167,0.0764287641199198,0.9120360370209071,0.011535198859173167,0.0764287641199198,0.9120360370209071,0.011535198859173167,-0.8356072729009872,1,1,0.256,890.0,1.2117628089617938,0.9960447976541715,-0.4460447976541715
234,234,categorical_soft,1,1,True,0.1669190986530561,0.0,0.0,0.8330808877944946,0.16691909730434418,2,-0.6661617904901505,0.1221801156471938,-2.456329261035837,2.1060594795306753,0.34742901524509795,0.1221801156471938,0.008821927243589772,0.8452029115633009,0.14597516119310944,0.008821927243589772,0.8452029115633009,0.14597516119310944,0.8452029115633009,0.008821927243589772,-0.6992277503701914,2,2,0.256,1150.0,0.618890518322587,0.9090657488465645,-0.3590657488465645
235,235,categorical_soft,0,0,True,0.3584819305486807,0.0,0.6415180563926697,0.0,0.3584819436073303,1,-0.28303611278533936,0.1231771385921753,-0.18508223666850993,0.047496396641623195,-0.06112104196134677,0.1231771385921753,0.29485875494235897,0.3719959871000727,0.33314525795756833,0.29485875494235897,0.3719959871000727,0.33314525795756833,0.29485875494235897,0.3719959871000727,0.03828650301520936,2,2,0.0,450.0,0.11441224813461304,0.660932596719877,-0.11093259671987699
236,236,categorical_soft,0,0,False,0.0,0.0,1.0,0.0,0.0,1,-1.0,0.19343568452632806,8.672573852990109,0.41111246733078816,-10.563802273809696,0.19343568452632806,0.9997371111456259,0.0002628843899832012,4.464390886353102e-09,0.9997371111456259,0.0002628843899832012,4.464390886353102e-09,0.9997371111456259,0.0002628843899832012,-0.999737106681235,1,1,0.512,1180.0,1.1793404817581177,0.9934377917668306,-0.4434377917668305
237,237,categorical_soft,1,1,False,0.0,0.0,0.0,1.0,0.0,2,-1.0,0.23951201993139032,-1.5853707598532125,3.825729456086053,-1.900162346153674,0.23951201993139032,0.004432259233932257,0.9921959431985558,0.0033717975675118207,0.004432259233932257,0.9921959431985558,0.0033717975675118207,0.9921959431985558,0.004432259233932257,-0.9888241456310439,2,2,0.512,1040.0,0.8575209192931652,0.9735935369836438,-0.42359353698364377
238,238,categorical_soft,1,1,True,0.1653626532142904,0.0,0.0,0.8346373438835144,0.1653626561164856,2,-0.6692746877670288,0.10465129478819965,-0.9796093370146941,0.5955947470814881,0.059842261061167724,0.10465129478819965,0.11559252619200937,0.557882279249073,0.3265251945589176,0.11559252619200937,0.557882279249073,0.3265251945589176,0.557882279249073,0.11559252619200937,-0.23135708469015537,2,2,0.064,570.0,0.48624189104884863,0.912913889219907,-0.36291388921990697
239,239,categorical_soft,1,1,False,0.0,0.0,0.0,1.0,0.0,2,-1.0,0.2490788673650183,-1.564198397332536,3.3779763874104902,-1.597178287462302,0.2490788673650183,0.007040491343688647,0.9858274570231617,0.007132051633149639,0.007040491343688647,0.9858274570231617,0.007132051633149639,0.9858274570231617,0.007040491343688647,-0.978695405390012,2,2,0.256,1150.0,0.9062359754461795,0.9762034818176099,-0.4262034818176098
240,240,categorical_soft,0,0,True,0.13999451437870852,0.0,0.8600054979324341,0.0,0.1399945169687271,1,-0.720010980963707,0.0481915966189583,1.5282772529509925,-2.100153994064132,0.11975315149969552,0.0481915966189583,0.786619643453345,0.02090613932070727,0.1924742172259477,0.786619643453345,0.02090613932070727,0.1924742172259477,0.786619643453345,0.02090613932070727,-0.5941454262273973,1,1,0.128,1160.0,1.1259546265937388,0.9916875020500079,-0.44168750205000784
241,241,categorical_soft,0,0,False,0.0,0.0,1.0,0.0,0.0,1,-1.0,0.18833646037620566,5.496860515477217,0.4027252414701927,-6.795924505172256,0.18833646037620566,0.9938578232034276,0.00613759523441376,4.581562158655238e-06,0.9938578232034276,0.00613759523441376,4.581562158655238e-06,0.9938578232034276,0.00613759523441376,-0.993853241641269,1,1,0.256,780.0,0.9812496453523636,0.9893212358900684,-0.43932123589006833
242,242,categorical_soft,1,1,False,0.0,0.0,0.0,1.0,0.0,2,-1.0,0.3265181578852747,1.014468410691916,0.5968017468022409,-1.6246200598777016,0.3265181578852747,0.5778882584328542,0.3806203330407006,0.041491408526445374,0.5778882584328542,0.3806203330407006,0.041491408526445374,0.3806203330407006,0.5778882584328542,-0.3391289245142552,1,1,0.032,760.0,0.40921776555478573,0.850970846419215,-0.300970846419215
243,243,categorical_soft,1,1,True,0.1521124229431609,0.0,0.0,0.8478875756263733,0.1521124243736267,2,-0.6957751512527466,0.10980821241660403,-2.192763312913462,1.8361572119913478,0.2935216973019822,0.10980821241660403,0.014456315764889899,0.8114166375377128,0.17412704669739737,0.014456315764889899,0.8114166375377128,0.17412704669739737,0.8114166375377128,0.014456315764889899,-0.6372895908403153,2,2,0.128,890.0,0.6839880559127778,0.9495773956125515,-0.39957739561255146
244,244,categorical_soft,1,1,False,0.0,0.0,0.0,1.0,0.0,2,-1.0,0.3696232182584748,0.08024503371393524,1.2277848424146112,-1.188749554904803,0.3696232182584748,0.22556155852531248,0.7106047597797566,0.063833681694931,0.22556155852531248,0.7106047597797566,0.063833681694931,0.7106047597797566,0.22556155852531248,-0.6467710780848256,2,2,0.064,460.0,0.5251156184822321,0.9354361738992932,-0.3854361738992932
245,245,categorical_soft,1,1,True,0.15085227026719744,0.0,0.0,0.8491477370262146,0.1508522629737854,2,-0.6982954740524292,0.08535500337489951,-2.3300937895640463,2.257071390416987,0.3138890104922808,0.08535500337489951,0.008839438087577936,0.8666104716511256,0.12455009026129638,0.008839438087577936,0.8666104716511256,0.12455009026129638,0.8666104716511256,0.008839438087577936,-0.7420603813898292,2,2,0.256,1000.0,0.7283073337748647,0.9535017148259897,-0.4035017148259896
246,246,categorical_soft,0,0,True,0.13834065920886074,0.0,0.8616593480110168,0.0,0.13834065198898315,1,-0.7233186960220337,0.1167934872213094,3.378094894592288,-1.4592042417456481,-1.836709465069171,0.1167934872213094,0.9862498051882482,0.0078549845244132,0.005895210287338759,0.9862498051882482,0.0078549845244132,0.005895210287338759,0.9862498051882482,0.0078549845244132,-0.9803545949009095,1,1,0.512,670.0,1.3359726145863533,0.9983482697746391,-0.44834826977463904
247,247,categorical_soft,1,1,True,0.15131481865765273,0.0,0.0,0.8486852049827576,0.15131482481956482,2,-0.6973703801631927,0.11200909442224523,-2.4947505176899343,2.1461072373732692,0.3586752578107847,0.11200909442224523,0.008204522594704477,0.8488637925719503,0.1429316848333452,0.008204522594704477,0.8488637925719503,0.1429316848333452,0.8488637925719503,0.008204522594704477,-0.7059321077386052,2,2,0.512,750.0,0.6604041084647179,0.9520508505006002,-0.4020508505006002
248,248,categorical_soft,0,0,True,0.19104601399816412,0.0,0.8089540004730225,0.0,0.19104601442813873,1,-0.6179079860448837,0.14770578863287526,0.561152816955967,-0.9647401810913522,0.07221070919030381,0.14770578863287526,0.5461886682646424,0.11880355148721607,0.3350077802481414,0.5461886682646424,0.11880355148721607,0.3350077802481414,0.5461886682646424,0.11880355148721607,-0.21118088801650103,1,1,0.032,630.0,0.3886011242866516,0.8578638396277584,-0.3078638396277583
249,249,categorical_soft,0,0,True,0.14899593500840919,0.0,0.8510040640830994,0.0,0.14899593591690063,1,-0.7020081281661987,0.15061379956033966,0.716366638824802,-1.1468769117612208,0.1110086806548595,0.15061379956033966,0.5878388830297417,0.09123512978699881,0.32092598718325954,0.5878388830297417,0.09123512978699881,0.32092598718325954,0.5878388830297417,0.09123512978699881,-0.2669128958464822,1,1,0.064,830.0,0.7157257348299026,0.9594510593295946,-0.4094510593295946
250,250,categorical_soft,0,0,False,0.0,0.0,1.0,0.0,0.0,1,-1.0,0.19644141792258288,7.117745509305662,0.4459850992979679,-8.755173071697401,0.19644141792258288,0.9987211740313631,0.0012786973416403886,1.2862699652433223e-07,0.9987211740313631,0.0012786973416403886,1.2862699652433223e-07,0.9987211740313631,0.0012786973416403886,-0.9987210454043666,1,1,0.512,690.0,1.0512995719909668,0.9931826741729747,-0.44318267417297463
251,251,categorical_soft,1,1,True,0.1450358315135591,0.0,0.0,0.8549641966819763,0.14503583312034607,2,-0.7099283635616302,0.11182767655851986,-2.2555945805833644,1.8841610777517386,0.30058278274268757,0.11182767655851986,0.013041670553800446,0.8184895423688058,0.16846878707739374,0.013041670553800446,0.8184895423688058,0.16846878707739374,0.8184895423688058,0.013041670553800446,-0.650020755291412,2,2,0.512,460.0,0.7096503600478172,0.9728817790571173,-0.4228817790571172
252,252,categorical_soft,0,0,False,0.0,0.0,1.0,0.0,0.0,1,-1.0,0.21777020707675035,1.4746369242021093,0.16948642444876147,-1.7311898760241302,0.21777020707675035,0.7622886481956833,0.2067461954433017,0.03096515636101511,0.7622886481956833,0.2067461954433017,0.03096515636101511,0.7622886481956833,0.2067461954433017,-0.7313234918346682,1,1,0.0,1090.0,0.056773871183395386,0.4043661573593404,0.14563384264065965
253,253,categorical_soft,0,0,True,0.14177096366115877,0.0,0.8582290410995483,0.0,0.14177095890045166,1,-0.7164580821990967,0.16584815240864526,1.2451762756700553,-1.1944190639961825,-0.16477212389837942,0.16584815240864526,0.7490869403309122,0.06530986416342224,0.18560319550566545,0.7490869403309122,0.06530986416342224,0.18560319550566545,0.7490869403309122,0.06530986416342224,-0.5634837448252468,1,1,0.064,800.0,0.913612388074398,0.9848176074796632,-0.43481760747966314
254,254,categorical_soft,0,0,False,0.0,0.0,1.0,0.0,0.0,1,-1.0,0.18897697578432493,4.496518744372722,0.3226211649459455,-5.547003489468048,0.18897697578432493,0.9847407387690549,0.015216275277385147,4.2985953559905105e-05,0.9847407387690549,0.015216275277385147,4.2985953559905105e-05,0.9847407387690549,0.015216275277385147,-0.984697752815495,1,1,0.128,900.0,0.7917141616344452,0.9693153156346825,-0.4193153156346825
255,255,categorical_soft,1,1,True,0.14931775281247062,0.0,0.0,0.850682258605957,0.14931775629520416,2,-0.7013645023107529,0.11519734849919325,-2.3630263411956722,2.2700923228963608,0.3297216658382993,0.11519734849919325,0.008462324718283775,0.8662941758756396,0.12524349940607643,0.008462324718283775,0.8662941758756396,0.12524349940607643,0.8662941758756396,0.008462324718283775,-0.7410506764695632,2,2,0.256,1050.0,0.7642977461218834,0.9584047513164093,-0.4084047513164093
256,256,categorical_soft,0,0,False,0.0,0.0,1.0,0.0,0.0,1,-1.0,0.2603921530699563,2.713967487409919,0.46121805363610563,-3.432459412570013,0.2603921530699563,0.9028867881929108,0.09517197741742771,0.001941234389661688,0.9028867881929108,0.09517197741742771,0.001941234389661688,0.9028867881929108,0.09517197741742771,-0.9009455538032491,1,1,0.064,640.0,0.4652378112077713,0.8967989949471341,-0.34679899494713406
257,257,categorical_soft,1,1,True,0.33470239391383116,0.0,0.0,0.6652976274490356,0.33470240235328674,2,-0.3305952250957489,0.10588454539205941,0.13379402964073311,-0.21193424128175198,-0.10582160413700233,0.10588454539205941,0.40107485030196466,0.28351843824168066,0.3154067114563546,0.40107485030196466,0.28351843824168066,0.3154067114563546,0.28351843824168066,0.40107485030196466,0.03188827321467397,1,1,0.0,730.0,0.20241867005825043,0.6818551039317605,-0.13185510393176048
258,258,categorical_soft,1,1,True,0.14302894809337374,0.0,0.0,0.856971025466919,0.14302894473075867,2,-0.7139420807361603,0.24026926490252004,-2.355350471716662,2.3886437405029284,0.2772268391611821,0.24026926490252004,0.007734624683269582,0.8836803441806321,0.10858503113609827,0.007734624683269582,0.8836803441806321,0.10858503113609827,0.8836803441806321,0.007734624683269582,-0.7750953130445338,2,2,0.512,850.0,0.8700185790657997,0.9801177867247022,-0.43011778672470213
259,259,categorical_soft,0,0,True,0.18788168456132315,0.0,0.8121182918548584,0.0,0.1878816783428192,1,-0.6242366135120392,0.1342434749447708,0.35969132137479276,-0.39787986115332685,-0.08190693922002096,0.1342434749447708,0.47352405640964507,0.2217627349716856,0.30471320861866935,0.47352405640964507,0.2217627349716856,0.30471320861866935,0.47352405640964507,0.2217627349716856,-0.16881084779097572,1,1,0.032,460.0,0.3570415824651718,0.8638378982141887,-0.3138378982141886
260,260,categorical_soft,0,0,True,0.2796784244066199,0.0,0.7203215956687927,0.0,0.27967843413352966,1,-0.44064316153526306,0.13018573106713408,-0.5645341878245874,0.30538342838749016,-0.03014837316147572,0.13018573106713408,0.19649346193751516,0.46864767921940614,0.33485885884307875,0.19649346193751516,0.46864767921940614,0.33485885884307875,0.19649346193751516,0.46864767921940614,0.1383653969055636,2,2,0.0,830.0,0.28032926470041275,0.7358603937733131,-0.1858603937733131
261,261,categorical_soft,0,0,True,0.3556582784721536,0.0,0.6443417072296143,0.0,0.35565829277038574,1,-0.2886834144592285,0.09932221956453016,-0.09593984868426472,0.1731273409117457,-0.11515152150587771,0.09932221956453016,0.30453000192466956,0.3976849631376954,0.2977850349376351,0.30453000192466956,0.3976849631376954,0.2977850349376351,0.30453000192466956,0.3976849631376954,-0.006744966987034473,2,2,0.0,520.0,0.1337961107492447,0.6633603266740746,-0.11336032667407459
262,262,categorical_soft,0,0,True,0.14775865724515563,0.0,0.8522413372993469,0.0,0.14775866270065308,1,-0.7044826745986938,0.14650028931390285,0.604942939541482,-1.0168766327443914,0.08225047843920426,0.14650028931390285,0.558473142515521,0.11035541956655648,0.33117143791792236,0.558473142515521,0.11035541956655648,0.33117143791792236,0.558473142515521,0.11035541956655648,-0.22730170459759869,1,1,0.032,730.0,0.713656947016716,0.9635345279378638,-0.4135345279378637
263,263,categorical_soft,1,1,False,0.0,0.0,0.0,1.0,0.0,2,-1.0,0.3557371394057197,-0.5265999135198476,1.6033453802121762,-0.9440808409688515,0.3557371394057197,0.09919923380641833,0.8342026256825555,0.06659814051102622,0.09919923380641833,0.8342026256825555,0.06659814051102622,0.8342026256825555,0.09919923380641833,-0.7676044851715293,2,2,0.064,430.0,0.7616479843854904,0.9796020092335416,-0.4296020092335415
264,264,categorical_soft,1,1,False,0.0,0.0,0.0,1.0,0.0,2,-1.0,0.3399737558448249,0.8553191596838854,0.8620626639371267,-1.699553274990647,0.3399737558448249,0.4797531175468318,0.48279827566947847,0.03744860678368979,0.4797531175468318,0.48279827566947847,0.03744860678368979,0.48279827566947847,0.4797531175468318,-0.4453496688857887,2,2,0.032,640.0,0.5525830592960119,0.9303007074070531,-0.380300707407053
265,265,categorical_soft,1,1,True,0.1591806303985685,0.0,0.0,0.8408193588256836,0.1591806262731552,2,-0.6816387325525284,0.09611659749412886,-0.43907688033522785,0.3967641309947271,-0.00848491561746541,0.09611659749412886,0.2071344770232042,0.47598291438686235,0.3168826085899335,0.2071344770232042,0.47598291438686235,0.3168826085899335,0.47598291438686235,0.2071344770232042,-0.15910030579692885,2,2,0.032,460.0,0.504600090906024,0.9290743796082712,-0.3790743796082712
266,266,categorical_soft,0,0,True,0.18279476550159074,0.0,0.8172052502632141,0.0,0.18279476463794708,1,-0.634410485625267,0.17963410186562362,0.5925733930886584,-0.6380514407913631,-0.04192419619449295,0.17963410186562362,0.5483779113887646,0.1600131087207795,0.2916089798904559,0.5483779113887646,0.1600131087207795,0.2916089798904559,0.5483779113887646,0.1600131087207795,-0.25676893149830865,1,1,0.0,1070.0,0.5245995223522186,0.8738495799116713,-0.3238495799116713
267,267,categorical_soft,0,0,True,0.13986777918535542,0.0,0.8601322174072266,0.0,0.13986778259277344,1,-0.7202644348144531,0.14611942633387126,1.097632580857269,-1.6025016423924903,0.16646067855220278,0.14611942633387126,0.684221948303614,0.04599159198527235,0.2697864597111138,0.684221948303614,0.04599159198527235,0.2697864597111138,0.684221948303614,0.04599159198527235,-0.41443548859250023,1,1,0.256,540.0,0.9865885153412819,0.9921885901687603,-0.4421885901687602
268,268,categorical_soft,0,0,True,0.1533718956249439,0.0,0.8466281294822693,0.0,0.1533719003200531,1,-0.6932562291622162,0.17593477054984452,1.1538808482254033,-0.9519290305195355,-0.23068438022170207,0.17593477054984452,0.7269693481065183,0.08845728109176293,0.1845733708017189,0.7269693481065183,0.08845728109176293,0.1845733708017189,0.7269693481065183,0.08845728109176293,-0.5423959773047994,1,1,0.032,1050.0,0.7075030952692032,0.945742435098585,-0.395742435098585
269,269,categorical_soft,1,1,True,0.19538686710282,0.0,0.0,0.8046131134033203,0.1953868716955185,2,-0.6092262417078018,0.12678184818802543,0.062256355201490046,-0.30114765784304726,-0.05955046768649549,0.12678184818802543,0.38751171231486137,0.2695031572421677,0.3429851304429709,0.38751171231486137,0.2695031572421677,0.3429851304429709,0.2695031572421677,0.38751171231486137,0.07348197320080319,1,1,0.0,780.0,0.41250117123126984,0.8499561995424352,-0.29995619954243513
270,270,categorical_soft,1,1,False,0.0,0.0,0.0,1.0,0.0,2,-1.0,0.24820066413858322,1.87760999325335,0.32826064512665487,-2.33580491964756,0.24820066413858322,0.8146504686823027,0.17325000450446879,0.012099526813228591,0.8146504686823027,0.17325000450446879,0.012099526813228591,0.17325000450446879,0.8146504686823027,-0.1611504776912402,1,1,0.0,480.0,0.10274922102689743,0.6396812171228674,-0.08968121712286736
271,271,categorical_soft,0,0,True,0.1594492223485875,0.0,0.8405507802963257,0.0,0.15944921970367432,1,-0.6811015605926514,0.15594380016175774,0.6532877960972457,-1.0276790435542127,0.07046118191407548,0.15594380016175774,0.5732187178642989,0.10673638930721356,0.3200448928284875,0.5732187178642989,0.10673638930721356,0.3200448928284875,0.5732187178642989,0.10673638930721356,-0.2531738250358114,1,1,0.032,690.0,0.5587776601314545,0.9283407491777317,-0.37834074917773164
272,272,categorical_soft,1,1,True,0.15029517023535793,0.0,0.0,0.8497048020362854,0.1502951681613922,2,-0.6994096338748932,0.09026405181639155,-0.22266301894461532,0.36503027227683005,-0.10181754841893893,0.09026405181639155,0.25520173121135736,0.45801791544760306,0.2867803533410395,0.25520173121135736,0.45801791544760306,0.2867803533410395,0.45801791544760306,0.25520173121135736,-0.17123756210656355,2,2,0.032,840.0,0.6972966487519443,0.9552655773150365,-0.40526557731503643
273,273,categorical_soft,1,1,True,0.6648790529686728,0.0,0.0,0.33512094616889954,0.6648790240287781,3,0.32975807785987854,0.12431065933419887,0.020143820990749628,-0.24532587648280052,-0.06407435835629838,0.12431065933419887,0.3723172672024806,0.2855800262512451,0.3421027065462742,0.3723172672024806,0.2855800262512451,0.3421027065462742,0.2855800262512451,0.3723172672024806,0.056522680295029104,1,1,0.0,1090.0,0.0686732679605484,0.41852326109160093,0.13147673890839912
274,274,categorical_soft,0,0,False,0.0,0.0,1.0,0.0,0.0,1,-1.0,0.1757491906452812,5.081512742103754,0.2433454531405459,-6.23336703546642,0.1757491906452812,0.9920944403194778,0.007893418124239647,1.2141556282671795e-05,0.9920944403194778,0.007893418124239647,1.2141556282671795e-05,0.9920944403194778,0.007893418124239647,-0.9920822987631951,1,1,0.128,1180.0,0.8269686996936798,0.9640318690614057,-0.41403186906140566
275,275,categorical_soft,1,1,False,0.0,0.0,0.0,1.0,0.0,2,-1.0,0.2505975993147306,-1.3765926566101743,3.2303529147908514,-1.650699070839964,0.2505975993147306,0.009809810051980391,0.9823849972503392,0.007805192697680477,0.009809810051980391,0.9823849972503392,0.007805192697680477,0.9823849972503392,0.009809810051980391,-0.9745798045526588,2,2,0.256,850.0,1.0121175795793533,0.9900091090472307,-0.4400091090472307
276,276,categorical_soft,0,0,False,0.0,0.0,1.0,0.0,0.0,1,-1.0,0.18290722827031708,8.769235831081408,0.3154416368950249,-10.609009936867837,0.18290722827031708,0.9997829626977393,0.00021703343690536,3.8653555033965585e-09,0.9997829626977393,0.00021703343690536,3.8653555033965585e-09,0.9997829626977393,0.00021703343690536,-0.9997829588323838,1,1,0.512,1150.0,1.1009928733110428,0.9907244605102499,-0.4407244605102498
277,277,categorical_soft,0,0,False,0.0,0.0,1.0,0.0,0.0,1,-1.0,0.20290185951351036,4.133306647166746,0.36855248483771974,-5.120594308073782,0.20290185951351036,0.9771875076545044,0.022718556078248707,9.393626724684999e-05,0.9771875076545044,0.022718556078248707,9.393626724684999e-05,0.9771875076545044,0.022718556078248707,-0.9770935713872575,1,1,0.128,680.0,0.9255853593349457,0.9875783536318303,-0.4375783536318303
278,278,categorical_soft,1,1,True,0.15633731192870665,0.0,0.0,0.843662679195404,0.15633730590343475,2,-0.6873253732919693,0.08997181024221747,-0.9246465412757502,0.6173867723744806,0.04967680600604683,0.08997181024221747,0.12023171277527622,0.561496074887198,0.31827221233752584,0.12023171277527622,0.561496074887198,0.31827221233752584,0.561496074887198,0.12023171277527622,-0.24322386254967215,2,2,0.032,850.0,0.6262553837150335,0.9370345759096455,-0.3870345759096454
279,279,categorical_soft,1,1,True,0.5298821104103935,0.0,0.0,0.4701178967952728,0.5298821330070496,3,0.05976423621177673,0.1332425140245171,0.2778209516013555,0.057881316665384486,-0.24433026927993548,0.1332425140245171,0.41775137804082385,0.33485533280421537,0.24739328915496075,0.41775137804082385,0.33485533280421537,0.24739328915496075,0.33485533280421537,0.41775137804082385,-0.08746204364925461,1,1,0.0,850.0,0.09916174411773682,0.5275465849209846,0.022453415079015437
280,280,categorical_soft,1,1,True,0.1950017066658168,0.0,0.0,0.8049982786178589,0.19500170648097992,2,-0.609996572136879,0.12356877566427145,-0.24217030255077332,0.11796001711641846,-0.05651969829718867,0.12356877566427145,0.27518059084836094,0.3942567402979146,0.33056266885372454,0.27518059084836094,0.3942567402979146,0.33056266885372454,0.3942567402979146,0.27518059084836094,-0.06369407144419004,2,2,0.0,650.0,0.3817058764398098,0.8506450788496379,-0.30064507884963787
281,281,categorical_soft,0,0,True,0.24079107969569813,0.0,0.7592089176177979,0.0,0.24079108238220215,1,-0.5184178352355957,0.1740449056368833,0.5504066309367737,-0.7133268466373359,-0.007694999719484572,0.1740449056368833,0.5389708546618449,0.15225230064225884,0.30877684469589617,0.5389708546618449,0.15225230064225884,0.30877684469589617,0.5389708546618449,0.15225230064225884,-0.23019400996594874,1,1,0.032,550.0,0.26255927979946136,0.7815645134853585,-0.23156451348535845
282,282,categorical_soft,0,0,False,0.0,0.0,1.0,0.0,0.0,1,-1.0,0.19065808828861694,5.942967912239085,0.42659945320167997,-7.344911133597543,0.19065808828861694,0.9959600726676093,0.004038228766627934,1.6985657629697348e-06,0.9959600726676093,0.004038228766627934,1.6985657629697348e-06,0.9959600726676093,0.004038228766627934,-0.9959583741018464,1,1,0.512,440.0,0.9626259952783585,0.9922103971270537,-0.4422103971270537
283,283,categorical_soft,0,0,True,0.4337579858360813,0.0,0.5662420392036438,0.0,0.4337579905986786,1,-0.1324840486049652,0.1480273657479392,0.42933058031360927,-0.4226472106958493,-0.10179088272066875,0.1480273657479392,0.4963205888294828,0.21143972680935658,0.29223968436116055,0.4963205888294828,0.21143972680935658,0.29223968436116055,0.4963205888294828,0.21143972680935658,-0.20408090446832228,1,1,0.0,990.0,0.1937071830034256,0.600143305897875,-0.05014330589787497
284,284,categorical_soft,1,1,False,0.0,0.0,0.0,1.0,0.0,2,-1.0,0.22715276713592036,-1.087241899615846,4.206395294457208,-2.549833623895849,0.22715276713592036,0.004997447848837095,0.9938073106327693,0.0011952415183937026,0.004997447848837095,0.9938073106327693,0.0011952415183937026,0.9938073106327693,0.004997447848837095,-0.9926120691143756,2,2,0.512,1180.0,1.0494448315293994,0.9876492570449825,-0.4376492570449825
285,285,categorical_soft,0,0,True,0.20068470657477516,0.0,0.7993152737617493,0.0,0.20068471133708954,1,-0.5986305624246597,0.1733949561758993,0.7012399387194307,-1.0018567221159707,0.05857842022805645,0.1733949561758993,0.5854559476034187,0.10665346814854022,0.30789058424804117,0.5854559476034187,0.10665346814854022,0.30789058424804117,0.5854559476034187,0.10665346814854022,-0.2775653633553775,1,1,0.064,740.0,0.38829944282770157,0.8407161680580805,-0.2907161680580804
286,286,categorical_soft,1,1,False,0.0,0.0,0.0,1.0,0.0,2,-1.0,0.22525200494708475,-1.3026812539834653,4.061079659745051,-2.292906389244823,0.22525200494708475,0.004654115880510521,0.9935493366155171,0.0017965475039725342,0.004654115880510521,0.9935493366155171,0.0017965475039725342,0.9935493366155171,0.004654115880510521,-0.9917527891115446,2,2,0.512,1140.0,0.9693213626742363,0.9826413425144718,-0.4326413425144717
287,287,categorical_soft,1,1,True,0.1485846174179713,0.0,0.0,0.8514153957366943,0.14858461916446686,2,-0.7028307765722275,0.10732090732540453,-2.2556804000826323,1.9930210571139777,0.32024324006327665,0.10732090732540453,0.01190241789490686,0.8312024719685631,0.15689511013653,0.01190241789490686,0.8312024719685631,0.15689511013653,0.8312024719685631,0.01190241789490686,-0.6743073618320331,2,2,0.256,780.0,0.7106173224747181,0.9607977457080538,-0.4107977457080537
288,288,categorical_soft,0,0,False,0.0,0.0,1.0,0.0,0.0,1,-1.0,0.19321631509812617,5.621916965185655,0.4461524610632363,-6.965642766422168,0.19321631509812617,0.9943332064518401,0.005663378514679919,3.415033479920188e-06,0.9943332064518401,0.005663378514679919,3.415033479920188e-06,0.9943332064518401,0.005663378514679919,-0.9943297914183602,1,1,0.256,880.0,0.9866893738508224,0.9882830661053026,-0.43828306610530254
289,289,categorical_soft,0,0,False,0.0,0.0,1.0,0.0,0.0,1,-1.0,0.185593989260178,3.9229168165337436,0.2240196447402205,-4.8099883957491105,0.185593989260178,0.9756337743009599,0.02420833705327174,0.00015788864576836753,0.9756337743009599,0.02420833705327174,0.00015788864576836753,0.9756337743009599,0.02420833705327174,-0.9754758856551915,1,1,0.064,920.0,0.7644073963165283,0.9642412099292518,-0.41424120992925173
290,290,categorical_soft,0,0,True,0.1381227231744136,0.0,0.8618772625923157,0.0,0.13812272250652313,1,-0.7237545400857925,0.15554712428959103,3.42917129430293,-0.8674415281932009,-2.2891997486558235,0.15554712428959103,0.9829135520919812,0.01357758206158056,0.003508865846438184,0.9829135520919812,0.01357758206158056,0.003508865846438184,0.9829135520919812,0.01357758206158056,-0.979404686245543,1,1,0.512,600.0,1.4786475822329521,0.9992462463328757,-0.4492462463328757
291,291,categorical_soft,1,1,True,0.15995708681233395,0.0,0.0,0.8400428891181946,0.15995708107948303,2,-0.6800858080387115,0.12502125357861285,0.17280314922070578,-0.44656816397093324,-0.052426913147104216,0.12502125357861285,0.42796242004267276,0.23040706031731967,0.3416305196400076,0.42796242004267276,0.23040706031731967,0.3416305196400076,0.23040706031731967,0.42796242004267276,0.11122345932268796,1,1,0.0,920.0,0.611028790473938,0.9269618633162482,-0.37696186331624815
292,292,categorical_soft,0,0,False,0.0,0.0,1.0,0.0,0.0,1,-1.0,0.20024598242897879,3.4091257697073374,0.25036495700119826,-4.183608986567284,0.20024598242897879,0.9587130510569178,0.0408017472987312,0.00048520164435096933,0.9587130510569178,0.0408017472987312,0.00048520164435096933,0.9587130510569178,0.0408017472987312,-0.9582278494125669,1,1,0.064,970.0,0.7140514403581619,0.9519763772780255,-0.4019763772780255
293,293,categorical_soft,1,1,True,0.14477298929539312,0.0,0.0,0.855226993560791,0.1447729915380478,2,-0.7104540020227432,0.14957459420253444,-2.588792399287747,2.665287135472157,0.3265055795768782,0.14957459420253444,0.004761250619732636,0.9066815847051044,0.08855716467516302,0.004761250619732636,0.9066815847051044,0.08855716467516302,0.9066815847051044,0.004761250619732636,-0.8181244200299413,2,2,0.512,1130.0,0.881339731393382,0.9738120010607991,-0.4238120010607991
294,294,categorical_soft,1,1,False,0.0,0.0,0.0,1.0,0.0,2,-1.0,0.36578828193605883,0.31748581908974643,3.0684646655516272,-2.973426114000639,0.36578828193605883,0.06052427190961011,0.9372402959343878,0.0022354321560020506,0.06052427190961011,0.9372402959343878,0.0022354321560020506,0.9372402959343878,0.06052427190961011,-0.9350048637783858,2,2,0.128,800.0,0.8723767548799515,0.9814709344251706,-0.4314709344251706
295,295,categorical_soft,1,1,False,0.0,0.0,0.0,1.0,0.0,2,-1.0,0.2332054458873442,-1.426284509181907,3.882405362430295,-2.083924472109653,0.2332054458873442,0.004911259609864374,0.9924387949097706,0.0026499454803649244,0.004911259609864374,0.9924387949097706,0.0026499454803649244,0.9924387949097706,0.004911259609864374,-0.9897888494294057,2,2,0.512,980.0,0.9144380930811167,0.9812820490448256,-0.4312820490448256
296,296,categorical_soft,1,1,True,0.14963844126577752,0.0,0.0,0.8503615856170654,0.14963844418525696,2,-0.7007231414318085,0.12401367179410971,-2.2617457212460774,1.8121396816218591,0.30073908380684133,0.12401367179410971,0.013760699483947189,0.8071886746478724,0.1790506258681806,0.013760699483947189,0.8071886746478724,0.1790506258681806,0.8071886746478724,0.013760699483947189,-0.6281380487796917,2,2,0.512,510.0,0.6265748795121908,0.9573684414410254,-0.40736844144102535
297,297,categorical_soft,1,1,True,0.1490484519506305,0.0,0.0,0.8509515523910522,0.14904844760894775,2,-0.7019031047821045,0.11357254687766312,-2.736666000807605,2.416027077129374,0.40917392318890605,0.11357254687766312,0.005073669970597305,0.876404921507589,0.11852140852181384,0.005073669970597305,0.876404921507589,0.11852140852181384,0.876404921507589,0.005073669970597305,-0.7578835129857752,2,2,0.512,1130.0,0.7884399071335793,0.9592798762345498,-0.40927987623454976
298,298,categorical_soft,1,1,False,0.0,0.0,0.0,1.0,0.0,2,-1.0,0.25700158229998804,-0.9226390784192302,3.4269884639709076,-2.1874658517205328,0.25700158229998804,0.012703124325039086,0.9835752776072905,0.0037215980676704717,0.012703124325039086,0.9835752776072905,0.0037215980676704717,0.9835752776072905,0.012703124325039086,-0.97985367953962,2,2,0.512,490.0,0.915975533425808,0.989622194411161,-0.4396221944111609
299,299,categorical_soft,0,0,False,0.0,0.0,1.0,0.0,0.0,1,-1.0,0.30153828254185544,1.4978479569111238,0.48396240383087685,-2.0143413146370817,0.30153828254185544,0.7178735652044954,0.26058827096542386,0.021538163830080722,0.7178735652044954,0.26058827096542386,0.021538163830080722,0.7178735652044954,0.26058827096542386,-0.6963354013744147,1,1,0.0,540.0,0.1374301016330719,0.6619619019605973,-0.1119619019605973
300,300,categorical_soft,1,1,False,0.0,0.0,0.0,1.0,0.0,2,-1.0,0.25499348056979837,-1.5611026090491693,3.2661562518448464,-1.5159238540777917,0.25499348056979837,0.007880230313123538,0.9834744283747172,0.008645341312159275,0.007880230313123538,0.9834744283747172,0.008645341312159275,0.9834744283747172,0.007880230313123538,-0.9748290870625579,2,2,0.512,650.0,0.9220624417066574,0.9878075660184856,-0.4378075660184856
301,301,categorical_soft,0,0,True,0.3926417585264873,0.0,0.6073582172393799,0.0,0.39264175295829773,1,-0.21471646428108215,0.14371943091231315,-0.08333162139309044,-0.1888037443684935,-0.04321792783867238,0.14371943091231315,0.3400202314776313,0.30618065445654097,0.35379911406582765,0.3400202314776313,0.30618065445654097,0.35379911406582765,0.3400202314776313,0.30618065445654097,0.013778882588196373,3,3,0.0,780.0,0.17007821798324585,0.6325402226419574,-0.08254022264195737
302,302,categorical_soft,0,0,True,0.17886932257187405,0.0,0.8211306929588318,0.0,0.1788693219423294,1,-0.6422613710165024,0.16399430636980464,0.4333419198706062,-0.7147323729940266,0.002283947503108482,0.16399430636980464,0.5083681557725088,0.1612846707485901,0.330347173478901,0.5083681557725088,0.1612846707485901,0.330347173478901,0.5083681557725088,0.1612846707485901,-0.1780209822936078,1,1,0.064,490.0,0.39768432080745697,0.8819542041042935,-0.33195420410429344
303,303,categorical_soft,1,1,False,0.0,0.0,0.0,1.0,0.0,2,-1.0,0.3297083561595987,1.0826741148664714,0.7526916585333191,-1.8535768532414374,0.3297083561595987,0.564176517328739,0.4057178043127957,0.0301056783584654,0.564176517328739,0.4057178043127957,0.0301056783584654,0.4057178043127957,0.564176517328739,-0.3756121259543303,1,1,0.0,570.0,0.11988545954227448,0.6340609673785624,-0.08406096737856239
304,304,categorical_soft,1,1,True,0.1426841499922351,0.0,0.0,0.8573158383369446,0.14268414676189423,2,-0.7146316915750504,0.10937151046126077,-2.3797302445943003,2.2337258180091144,0.34393106925897243,0.10937151046126077,0.008569491921841916,0.8606092307854567,0.13082127729270143,0.008569491921841916,0.8606092307854567,0.13082127729270143,0.8606092307854567,0.008569491921841916,-0.7297879534927553,2,2,0.256,1040.0,0.9303916841745377,0.9813929123148705,-0.4313929123148704
305,305,categorical_soft,1,1,True,0.15134368036888202,0.0,0.0,0.8486562967300415,0.1513436734676361,2,-0.6973126232624054,0.11173934337114885,-2.1077013191866256,1.7355182639849236,0.2732443932688815,0.11173934337114885,0.017106084347294902,0.7975208748334485,0.18537304081925668,0.017106084347294902,0.7975208748334485,0.18537304081925668,0.7975208748334485,0.017106084347294902,-0.6121478340141918,2,2,0.256,560.0,0.6133843287825584,0.9519607250283878,-0.40196072502838776
306,306,categorical_soft,1,1,True,0.17814919649739103,0.0,0.0,0.8218507766723633,0.17814919352531433,2,-0.643701583147049,0.1250771513807257,-2.104548828672339,1.7056774679271993,0.26875671831235276,0.1250771513807257,0.017573045233753255,0.7935804059572253,0.18884654880902146,0.017573045233753255,0.7935804059572253,0.18884654880902146,0.7935804059572253,0.017573045233753255,-0.6047338571482039,2,2,0.128,830.0,0.48410578817129135,0.8834798048379447,-0.3334798048379447
307,307,categorical_soft,0,0,False,0.0,0.0,1.0,0.0,0.0,1,-1.0,0.2301260057017002,3.0722128373993955,0.3626918000412075,-3.818192976359623,0.2301260057017002,0.9365824590055324,0.062461061980708096,0.0009564790137594476,0.9365824590055324,0.062461061980708096,0.0009564790137594476,0.9365824590055324,0.062461061980708096,-0.935625979991773,1,1,0.128,430.0,0.6822309195995331,0.9701567791206914,-0.4201567791206914
308,308,categorical_soft,0,0,True,0.19729139267598805,0.0,0.802708625793457,0.0,0.19729138910770416,1,-0.6054172366857529,0.10695439456402434,0.22758376897431704,0.05239186858596414,-0.21672202177402947,0.10695439456402434,0.4035176876615253,0.3380846021319976,0.25839771020647706,0.4035176876615253,0.3380846021319976,0.25839771020647706,0.4035176876615253,0.3380846021319976,-0.14511997745504823,1,1,0.032,520.0,0.3433762788772583,0.8465847675222417,-0.2965847675222416
309,309,categorical_soft,1,1,False,0.0,0.0,0.0,1.0,0.0,2,-1.0,0.21821827985402967,1.9440293176742791,0.20634285676698588,-2.336742416150513,0.21821827985402967,0.8404130400263178,0.1479237571242454,0.01166320284943677,0.8404130400263178,0.1479237571242454,0.01166320284943677,0.1479237571242454,0.8404130400263178,-0.13626055427480863,1,1,0.0,1000.0,0.5186137944401708,0.8797866948377613,-0.32978669483776124
310,310,categorical_soft,1,1,False,0.0,0.0,0.0,1.0,0.0,2,-1.0,0.3425284653350277,0.810668095318197,0.8477044209184934,-1.6447731511053234,0.3425284653350277,0.47092558971324455,0.4884672103457214,0.04060719994103414,0.47092558971324455,0.4884672103457214,0.04060719994103414,0.4884672103457214,0.47092558971324455,-0.44786001040468726,2,2,0.032,970.0,0.39643021300435066,0.8063145232842015,-0.25631452328420146
311,311,categorical_soft,1,1,True,0.15569712710598393,0.0,0.0,0.8443028926849365,0.15569712221622467,2,-0.6886057704687119,0.11946863019777958,-2.2266669229531173,1.8314672005395143,0.29202276213305883,0.11946863019777958,0.014025621272374217,0.8115334878855552,0.17444089084207054,0.014025621272374217,0.8115334878855552,0.17444089084207054,0.8115334878855552,0.014025621272374217,-0.6370925970434846,2,2,0.256,650.0,0.5836306642740965,0.9388779207407766,-0.38887792074077654
312,312,categorical_soft,1,1,False,0.0,0.0,0.0,1.0,0.0,2,-1.0,0.29975859617599165,-1.777239256983158,2.6423226031507583,-0.7751720784987997,0.29975859617599165,0.011540055732733768,0.9556791062992961,0.03278083796797028,0.011540055732733768,0.9556791062992961,0.03278083796797028,0.9556791062992961,0.011540055732733768,-0.9228982683313258,2,2,0.512,610.0,0.9209451451897621,0.9883116426258042,-0.43831164262580413
313,313,categorical_soft,0,0,False,0.0,0.0,1.0,0.0,0.0,1,-1.0,0.20004554157941867,6.904358758548959,0.48381212869334134,-8.517666465885465,0.20004554157941867,0.9983562429748518,0.001643555140996019,2.0188415229813903e-07,0.9983562429748518,0.001643555140996019,2.0188415229813903e-07,0.9983562429748518,0.001643555140996019,-0.9983560410906995,1,1,0.512,640.0,1.0328418463468552,0.9929736339388011,-0.44297363393880107
314,314,categorical_soft,0,0,False,0.0,0.0,1.0,0.0,0.0,1,-1.0,0.24646421739625005,2.4805996732894857,0.38027595467736613,-3.1017107578658942,0.24646421739625005,0.8877675868793506,0.10887795234921907,0.003354460771430266,0.8877675868793506,0.10887795234921907,0.003354460771430266,0.8877675868793506,0.10887795234921907,-0.8844131261079203,1,1,0.064,740.0,0.653642937541008,0.9510753730288615,-0.4010753730288614
315,315,categorical_soft,1,1,True,0.18445459278003695,0.0,0.0,0.815545380115509,0.18445459008216858,2,-0.6310907900333405,0.07349115948841103,-0.5293196924288559,0.4670849711500532,-0.003938607694761821,0.07349115948841103,0.18575776758050153,0.5014407828256705,0.31280144959382794,0.18575776758050153,0.5014407828256705,0.31280144959382794,0.5014407828256705,0.18575776758050153,-0.18863933323184257,2,2,0.064,410.0,0.3565915375947952,0.8705246549234951,-0.320524654923495
316,316,categorical_soft,1,1,True,0.14385024512179656,0.0,0.0,0.8561497330665588,0.14385025203227997,2,-0.7122994810342789,0.1285993392815879,-2.2157007987796953,1.7744483552458923,0.2976844725470695,0.1285993392815879,0.014862362952590552,0.8010536814602018,0.18408395558720753,0.014862362952590552,0.8010536814602018,0.18408395558720753,0.8010536814602018,0.014862362952590552,-0.6169697258729943,2,2,0.512,450.0,0.7426585806533694,0.9771188704324757,-0.42711887043247565
317,317,categorical_soft,1,1,True,0.2529653022322077,0.0,0.0,0.7470346689224243,0.2529653012752533,2,-0.494069367647171,0.1450665523128724,0.6887692357629218,-1.0895235547785194,0.07985109668624338,0.1450665523128724,0.5838088535017374,0.0986296084601955,0.3175615380380672,0.5838088535017374,0.0986296084601955,0.3175615380380672,0.0986296084601955,0.5838088535017374,0.2189319295778717,1,1,0.0,840.0,0.31598392128944397,0.7663283213325881,-0.21632832133258806
318,318,categorical_soft,1,1,False,0.0,0.0,0.0,1.0,0.0,2,-1.0,0.3532970417075906,-0.24710054314841576,1.6603952939307054,-1.2471917557438081,0.3532970417075906,0.12332972550891211,0.830729943834062,0.04594033065702607,0.12332972550891211,0.830729943834062,0.04594033065702607,0.830729943834062,0.12332972550891211,-0.7847896131770359,2,2,0.032,690.0,0.6099110618233681,0.9433591631568852,-0.3933591631568851
319,319,categorical_soft,0,0,False,0.0,0.0,1.0,0.0,0.0,1,-1.0,0.20719295384586775,4.196814341211052,0.40117127290895016,-5.211879160647809,0.20719295384586775,0.9778729393783738,0.02204654136996557,8.051925166044024e-05,0.9778729393783738,0.02204654136996557,8.051925166044024e-05,0.9778729393783738,0.02204654136996557,-0.9777924201267134,1,1,0.256,420.0,0.8809878528118134,0.9886837339785269,-0.4386837339785269
320,320,categorical_soft,1,1,False,0.0,0.0,0.0,1.0,0.0,2,-1.0,0.29515517666991176,1.3502111338409422,0.44486445324166357,-1.8083805060515465,0.29515517666991176,0.6909964657201473,0.2794977259016399,0.029505808378212706,0.6909964657201473,0.2794977259016399,0.029505808378212706,0.2794977259016399,0.6909964657201473,-0.2499919175234272,1,1,0.0,700.0,0.10261709988117218,0.5764236634331203,-0.026423663433120304
321,321,categorical_soft,0,0,True,0.1402273227231401,0.0,0.8597726821899414,0.0,0.1402273178100586,1,-0.7195453643798828,0.13003436039409938,2.835413807516376,-0.8579623322421888,-1.8281957974827663,0.13003436039409938,0.9661278379189175,0.024315559349075404,0.009556602732007122,0.9661278379189175,0.024315559349075404,0.009556602732007122,0.9661278379189175,0.024315559349075404,-0.9565712351869105,1,1,0.128,1000.0,1.0652206018567085,0.9907709267812306,-0.44077092678123053
322,322,categorical_soft,1,1,True,0.2867941577344816,0.0,0.0,0.7132058143615723,0.28679415583610535,2,-0.4264116585254669,0.1046727393703412,-0.21676925679316567,0.2024952102333537,-0.08617076774322992,0.1046727393703412,0.2737047650157636,0.4154480936502165,0.3108471413340199,0.2737047650157636,0.4154480936502165,0.3108471413340199,0.4154480936502165,0.2737047650157636,-0.1046009523161966,2,2,0.0,1030.0,0.3215598538517952,0.7283040136993101,-0.17830401369931004
323,323,categorical_soft,0,0,False,0.0,0.0,1.0,0.0,0.0,1,-1.0,0.19405296969361036,7.634784209139812,0.42392497237046606,-9.356850030097375,0.19405296969361036,0.9992527424739324,0.0007472154652860576,4.206078162095381e-08,0.9992527424739324,0.0007472154652860576,4.206078162095381e-08,0.9992527424739324,0.0007472154652860576,-0.9992527004131507,1,1,0.512,830.0,1.0152685642242432,0.9903932264934603,-0.44039322649346024
324,324,categorical_soft,1,1,True,0.406473696242102,0.0,0.0,0.593526303768158,0.40647369623184204,2,-0.18705260753631592,0.14050648980192074,-0.33538954832862256,0.13312483233399924,-0.04594951222840349,0.14050648980192074,0.25440229897301514,0.4063752684707914,0.33922243255619344,0.25440229897301514,0.4063752684707914,0.33922243255619344,0.4063752684707914,0.25440229897301514,-0.06715283591459797,2,2,0.032,910.0,0.19233771413564682,0.6214666338918414,-0.07146663389184138
325,325,categorical_soft,1,1,False,0.0,0.0,0.0,1.0,0.0,2,-1.0,0.3692184043815272,0.29364618346345245,1.0663058269028902,-1.2863106227297667,0.3692184043815272,0.29654550996981116,0.6420710826386304,0.0613834073915583,0.29654550996981116,0.6420710826386304,0.0613834073915583,0.6420710826386304,0.29654550996981116,-0.5806876752470721,2,2,0.032,580.0,0.3728146329522133,0.8557427906917575,-0.30574279069175747
326,326,categorical_soft,1,1,False,0.0,0.0,0.0,1.0,0.0,2,-1.0,0.24025227537105284,-1.3659619459805645,3.53924117662003,-1.8998461146362389,0.24025227537105284,0.007321152792129695,0.9881923266258716,0.0044865205819985985,0.007321152792129695,0.9881923266258716,0.0044865205819985985,0.9881923266258716,0.007321152792129695,-0.983705806043873,2,2,0.256,1060.0,0.8593176230788231,0.9731977628428837,-0.4231977628428837
327,327,categorical_soft,1,1,False,0.0,0.0,0.0,1.0,0.0,2,-1.0,0.27344839522533465,-0.6570287789790437,3.0031450108153397,-2.063891551504091,0.27344839522533465,0.02493921672273745,0.9687904056885273,0.0062703775887351845,0.02493921672273745,0.9687904056885273,0.0062703775887351845,0.9687904056885273,0.02493921672273745,-0.9625200280997921,2,2,0.064,1040.0,0.6845659837126732,0.9403402151492702,-0.3903402151492702
328,328,categorical_soft,1,1,True,0.1610820202706162,0.0,0.0,0.8389179706573486,0.16108201444149017,2,-0.6778359562158585,0.02839367542470337,-0.8837920043434302,1.1583673334267153,-0.029853307957395207,0.02839367542470337,0.09074041634582528,0.6968769051436495,0.21238267851052522,0.09074041634582528,0.6968769051436495,0.21238267851052522,0.6968769051436495,0.09074041634582528,-0.4844942266331243,2,2,0.032,1080.0,0.6413864023052156,0.9239454056477846,-0.37394540564778456
329,329,categorical_soft,1,1,False,0.0,0.0,0.0,1.0,0.0,2,-1.0,0.3565944332152676,0.6799338374175132,0.9758539048683733,-1.6147321653472677,0.3565944332152676,0.4091022142833796,0.5494924689050389,0.041405316811581286,0.4091022142833796,0.5494924689050389,0.041405316811581286,0.5494924689050389,0.4091022142833796,-0.5080871520934576,2,2,0.032,710.0,0.5105309039354324,0.9089025872845348,-0.3589025872845347
330,330,categorical_soft,0,0,True,0.13915241017614322,0.0,0.8608475923538208,0.0,0.1391524076461792,1,-0.7216951847076416,0.11815436443416309,2.5494329752067166,-1.3979267554931987,-1.186859830163655,0.11815436443416309,0.9573103312923747,0.018524394074988387,0.024165274632636905,0.9573103312923747,0.018524394074988387,0.024165274632636905,0.9573103312923747,0.018524394074988387,-0.9331450566597378,1,1,0.256,630.0,1.1019249856472015,0.9950456617702963,-0.44504566177029625
331,331,categorical_soft,0,0,False,0.0,0.0,1.0,0.0,0.0,1,-1.0,0.2801883688725417,1.7894435317261976,0.43192088342978263,-2.312279669638521,0.2801883688725417,0.784729558774796,0.20222228618244648,0.013048155042757522,0.784729558774796,0.20222228618244648,0.013048155042757522,0.784729558774796,0.20222228618244648,-0.7716814037320385,1,1,0.0,830.0,0.20126265287399292,0.6538655747685236,-0.10386557476852354
332,332,categorical_soft,0,0,True,0.2209024574979664,0.0,0.7790975570678711,0.0,0.2209024578332901,1,-0.558195099234581,0.18389363932255504,1.6410673500101514,-0.5534827750998811,-0.7813206758040778,0.18389363932255504,0.8316542686343391,0.09311723214978784,0.07522849921587302,0.8316542686343391,0.09311723214978784,0.07522849921587302,0.8316542686343391,0.09311723214978784,-0.7564257694184661,1,1,0.064,730.0,0.34088726341724396,0.8088671033863649,-0.25886710338636487
333,333,categorical_soft,1,1,False,0.0,0.0,0.0,1.0,0.0,2,-1.0,0.3437766880014173,0.8008462248728376,0.8647263469326575,-1.6478203750568035,0.3437766880014173,0.46463554176850164,0.49503144713865205,0.04033301109284619,0.46463554176850164,0.49503144713865205,0.04033301109284619,0.49503144713865205,0.46463554176850164,-0.45469843604580584,2,2,0.0,1080.0,0.817897766828537,0.9665757296194332,-0.4165757296194331
334,334,categorical_soft,0,0,True,0.45591100746087365,0.0,0.5440890192985535,0.0,0.4559110105037689,1,-0.08817800879478455,0.14905251980552764,-0.39918689126865886,0.17154228505743646,-0.04149612280380667,0.14905251980552764,0.23828391619474223,0.4215279790256717,0.340188104779586,0.23828391619474223,0.4215279790256717,0.340188104779586,0.23828391619474223,0.4215279790256717,0.10190418858484376,2,2,0.032,500.0,0.05920746922492981,0.5832016383152792,-0.033201638315279114
335,335,categorical_soft,1,1,True,0.29072301708682174,0.0,0.0,0.7092769742012024,0.2907230257987976,2,-0.4185539484024048,0.16567388231005853,0.5274795989551849,-0.2748836688308277,-0.187792354657119,0.16567388231005853,0.5160678092190953,0.2311232775231089,0.2528089132577957,0.5160678092190953,0.2311232775231089,0.2528089132577957,0.2311232775231089,0.5160678092190953,0.021685635734686792,1,1,0.0,1190.0,0.3566339612007141,0.7242176165579642,-0.1742176165579642
336,336,categorical_soft,1,1,True,0.4317453803135542,0.0,0.0,0.5682545900344849,0.43174538016319275,2,-0.13650920987129211,0.09915762004907867,-0.3045998605097732,0.24341307740092058,-0.06643010194670321,0.09915762004907867,0.2505538384827039,0.4325357986370495,0.3169103628802466,0.2505538384827039,0.4325357986370495,0.3169103628802466,0.4325357986370495,0.2505538384827039,-0.1156254357568029,2,2,0.0,650.0,0.11160320788621902,0.6016966688828335,-0.05169666888283342
337,337,categorical_soft,0,0,False,0.0,0.0,1.0,0.0,0.0,1,-1.0,0.16986737637914678,7.12308938972163,0.21652095542717223,-8.637486800547167,0.16986737637914678,0.9989886099356401,0.0010112465700226384,1.43494337171398e-07,0.9989886099356401,0.0010112465700226384,1.43494337171398e-07,0.9989886099356401,0.0010112465700226384,-0.9989884664413029,1,1,0.256,1190.0,0.9339479058980942,0.9781629898726585,-0.42816298987265844
338,338,categorical_soft,1,1,False,0.0,0.0,0.0,1.0,0.0,2,-1.0,0.2544686561794153,-0.9613071041670695,3.3835811344279847,-2.1164733591448663,0.2544686561794153,0.012755983660259682,0.9830666360724323,0.004177380267308149,0.012755983660259682,0.9830666360724323,0.004177380267308149,0.9830666360724323,0.012755983660259682,-0.9788892558051241,2,2,0.128,940.0,0.7707909550517797,0.964490488674304,-0.41449048867430394
339,339,categorical_soft,1,1,True,0.1604912039489657,0.0,0.0,0.8395087718963623,0.1604911983013153,2,-0.679017573595047,0.11524270328668881,-2.0132445912506136,1.6304598762928049,0.250061826016326,0.11524270328668881,0.02046990994201056,0.7824609697398193,0.19706912031817025,0.02046990994201056,0.7824609697398193,0.19706912031817025,0.7824609697398193,0.02046990994201056,-0.585391849421649,2,2,0.128,700.0,0.5527637246996164,0.9255232317218494,-0.3755232317218493
340,340,categorical_soft,0,0,False,0.0,0.0,1.0,0.0,0.0,1,-1.0,0.18698007316666382,3.6062402828427635,0.1887119838292191,-4.409968183651895,0.18698007316666382,0.9678776923564947,0.03180162036954692,0.00032068727395843233,0.9678776923564947,0.03180162036954692,0.00032068727395843233,0.9678776923564947,0.03180162036954692,-0.9675570050825363,1,1,0.064,1130.0,0.7965922951698303,0.9608160830938423,-0.4108160830938422
341,341,categorical_soft,1,1,True,0.6383385305031333,0.0,0.0,0.36166146397590637,0.6383385062217712,3,0.27667704224586487,0.12111203337434166,0.2705915725035579,-0.30691870026460927,-0.11613529300935757,0.12111203337434166,0.44640252171888894,0.25027053001924215,0.30332694826186896,0.44640252171888894,0.25027053001924215,0.30332694826186896,0.25027053001924215,0.44640252171888894,0.0530564182426268,1,1,0.0,830.0,0.024197444319725037,0.44178459489913063,0.10821540510086941
342,342,categorical_soft,0,0,True,0.3484725113930036,0.0,0.651527464389801,0.0,0.3484725058078766,1,-0.30305495858192444,0.10874939159501204,-0.03159192768479875,-0.0722138004033895,-0.08162323681667057,0.10874939159501204,0.34375298717049363,0.32982483317260236,0.326422179656904,0.34375298717049363,0.32982483317260236,0.326422179656904,0.34375298717049363,0.32982483317260236,-0.01733080751358962,1,1,0.0,930.0,0.2401103377342224,0.6696039189278831,-0.11960391892788302
343,343,categorical_soft,0,0,True,0.1408680466465338,0.0,0.859131932258606,0.0,0.14086805284023285,1,-0.7182638794183731,0.11637356838687518,3.5163438315202713,-0.7325299775324254,-2.711855853493482,0.11637356838687518,0.9837474701338017,0.014232279773079882,0.002020250093118362,0.9837474701338017,0.014232279773079882,0.002020250093118362,0.9837474701338017,0.014232279773079882,-0.9817272200406834,1,1,0.128,930.0,0.998799242079258,0.9882740667620786,-0.4382740667620786
344,344,categorical_soft,1,1,False,0.0,0.0,0.0,1.0,0.0,2,-1.0,0.2452909486782236,-1.0589454801923015,3.542047089010469,-2.1549356439236873,0.2452909486782236,0.009909392929827607,0.986642095443913,0.003448511626259363,0.009909392929827607,0.986642095443913,0.003448511626259363,0.986642095443913,0.009909392929827607,-0.9831935838176536,2,2,0.128,1190.0,0.9841103702783585,0.9828513713934699,-0.43285137139346985
345,345,categorical_soft,0,0,False,0.0,0.0,1.0,0.0,0.0,1,-1.0,0.20295300634524235,3.0648156934674646,0.2200886469595039,-3.746222484653626,0.20295300634524235,0.9439842328611252,0.054971822439387696,0.001043944699487021,0.9439842328611252,0.054971822439387696,0.001043944699487021,0.9439842328611252,0.054971822439387696,-0.9429402881616382,1,1,0.064,690.0,0.6364440619945526,0.9499356388377335,-0.3999356388377334
346,346,categorical_soft,0,0,False,0.0,0.0,1.0,0.0,0.0,1,-1.0,0.2874276171836166,1.8408894510189797,0.45758890146445264,-2.3903232267224044,0.2874276171836166,0.789996934396191,0.19846070732529997,0.011542358278509069,0.789996934396191,0.19846070732529997,0.011542358278509069,0.789996934396191,0.19846070732529997,-0.778454576117682,1,1,0.032,640.0,0.6729329973459244,0.9601760593339327,-0.41017605933393264
347,347,categorical_soft,1,1,False,0.0,0.0,0.0,1.0,0.0,2,-1.0,0.25257610605774633,-1.7174718057232166,3.4132982168606008,-1.481001197022112,0.25257610605774633,0.005835851168618533,0.9863931749164452,0.007770973914936204,0.005835851168618533,0.9863931749164452,0.007770973914936204,0.9863931749164452,0.005835851168618533,-0.978622201001509,2,2,0.512,850.0,0.9372682347893715,0.9856319148970634,-0.4356319148970633
348,348,categorical_soft,0,0,False,0.0,0.0,1.0,0.0,0.0,1,-1.0,0.20534242079101112,3.2001538876345648,0.250578025473674,-3.925191909842508,0.20534242079101112,0.9494370971327626,0.04979614607069043,0.0007667567965469412,0.9494370971327626,0.04979614607069043,0.0007667567965469412,0.9494370971327626,0.04979614607069043,-0.9486703403362157,1,1,0.064,750.0,0.7316131889820099,0.965721529342436,-0.415721529342436
349,349,categorical_soft,1,1,False,0.0,0.0,0.0,1.0,0.0,2,-1.0,0.24649887562351852,-1.4649823783621807,3.3670052737320995,-1.679648404623022,0.24649887562351852,0.00785715416423655,0.9855112056354749,0.00663164020028866,0.00785715416423655,0.9855112056354749,0.00663164020028866,0.9855112056354749,0.00785715416423655,-0.9788795654351863,2,2,0.256,1070.0,1.012370828539133,0.9870300100435582,-0.4370300100435581
350,350,categorical_soft,1,1,True,0.14918507993551788,0.0,0.0,0.850814938545227,0.14918507635593414,2,-0.7016298621892929,0.12448741417489313,-1.3178893076054696,1.3109174626415654,0.12498224714005071,0.12448741417489313,0.05272614308315565,0.7252696453105321,0.22200421160631234,0.05272614308315565,0.7252696453105321,0.22200421160631234,0.7252696453105321,0.05272614308315565,-0.5032654337042197,2,2,0.064,650.0,0.6683630901388824,0.9588353278858958,-0.4088353278858957
351,351,categorical_soft,0,0,False,0.0,0.0,1.0,0.0,0.0,1,-1.0,0.18223268047663946,8.959688713502402,0.3066781885253166,-10.820370214482612,0.18223268047663946,0.9998220324908875,0.00017796492336906775,2.585743572707015e-09,0.9998220324908875,0.00017796492336906775,2.585743572707015e-09,0.9998220324908875,0.00017796492336906775,-0.9998220299051439,1,1,0.512,1120.0,1.1905434653162956,0.994218091239636,-0.44421809123963596
352,352,categorical_soft,1,1,False,0.0,0.0,0.0,1.0,0.0,2,-1.0,0.278678642618915,-0.5538822422252508,2.925639018859875,-2.089602754551967,0.278678642618915,0.02973375841172844,0.963724709756806,0.006541531831465415,0.02973375841172844,0.963724709756806,0.006541531831465415,0.963724709756806,0.02973375841172844,-0.9571831779253406,2,2,0.256,400.0,0.7987911775708199,0.9835424597184669,-0.43354245971846683
353,353,categorical_soft,0,0,True,0.4211503580432464,0.0,0.5788496136665344,0.0,0.4211503565311432,1,-0.15769925713539124,0.15332308898230668,-0.6188087330454435,0.3121975344237953,-0.030638417808715162,0.15332308898230668,0.1874747611191928,0.4753376091318452,0.33718762974896205,0.1874747611191928,0.4753376091318452,0.33718762974896205,0.1874747611191928,0.4753376091318452,0.14971286862976924,2,2,0.0,610.0,0.1087988018989563,0.6099215844506183,-0.05992158445061824
354,354,categorical_soft,1,1,True,0.1510709433256638,0.0,0.0,0.8489290475845337,0.15107093751430511,2,-0.6978581100702286,0.16250613353083596,0.6947521986106753,-1.0191030902319704,0.0596611918107004,0.16250613353083596,0.5847601634472122,0.10537738673238603,0.3098624498204017,0.5847601634472122,0.10537738673238603,0.3098624498204017,0.10537738673238603,0.5847601634472122,0.20448506308801565,1,1,0.0,970.0,0.7178128808736801,0.9528142824883851,-0.402814282488385
355,355,categorical_soft,1,1,True,0.1748082876324218,0.0,0.0,0.8251917362213135,0.1748082935810089,2,-0.6503834426403046,0.14417084319321932,0.3711430263722558,-0.7013632326694589,-0.00793221257018851,0.14417084319321932,0.49341084808634134,0.16885431182663888,0.3377348400870197,0.49341084808634134,0.16885431182663888,0.3377348400870197,0.16885431182663888,0.49341084808634134,0.16888052826038083,1,1,0.0,900.0,0.5160111337900162,0.8907261062024602,-0.34072610620246013
356,356,categorical_soft,1,1,True,0.1575029186359953,0.0,0.0,0.8424971103668213,0.1575029194355011,2,-0.6849941909313202,0.24493957619348117,0.408362051999417,0.32928224622229596,-0.34812871537519385,0.24493957619348117,0.4180873583668105,0.3860780271209353,0.1958346145122542,0.4180873583668105,0.3860780271209353,0.1958346145122542,0.3860780271209353,0.4180873583668105,-0.1902434126086811,1,1,0.032,880.0,0.6224783137440681,0.9337274851666373,-0.38372748516663724
357,357,categorical_soft,0,0,True,0.16152437249962082,0.0,0.8384756445884705,0.0,0.16152437031269073,1,-0.6769512742757797,0.15856201208393367,0.3675094131076509,-0.696935278373763,0.004397900677049435,0.15856201208393367,0.49006662784441435,0.1690596843539142,0.3408736878016715,0.49006662784441435,0.1690596843539142,0.3408736878016715,0.49006662784441435,0.1690596843539142,-0.14919294004274286,1,1,0.064,680.0,0.5398712754249573,0.9227732052409395,-0.3727732052409395
358,358,categorical_soft,1,1,True,0.1639196719211149,0.0,0.0,0.8360803127288818,0.16391967236995697,2,-0.6721606403589249,0.12800313840033223,0.05251154037608563,-0.2927516145236442,-0.05855700723442523,0.12800313840033223,0.38419200198762,0.2720934172907125,0.3437145807216676,0.38419200198762,0.2720934172907125,0.3437145807216676,0.2720934172907125,0.38419200198762,0.07162116343095509,1,1,0.0,490.0,0.4761205166578293,0.9165568128082685,-0.36655681280826846
359,359,categorical_soft,1,1,True,0.15313656571740325,0.0,0.0,0.8468634486198425,0.15313656628131866,2,-0.6937268823385239,0.11371537864176406,-2.159461367234965,1.800686688010309,0.2821016989818716,0.11371537864176406,0.015391938020943945,0.8074565489837374,0.1771515129953185,0.015391938020943945,0.8074565489837374,0.1771515129953185,0.8074565489837374,0.015391938020943945,-0.6303050359884189,2,2,0.256,620.0,0.6048325188457966,0.9464525557523773,-0.39645255575237726
360,360,categorical_soft,1,1,True,0.19101452359725563,0.0,0.0,0.8089854717254639,0.19101452827453613,2,-0.6179709434509277,0.1490299112296568,-1.0456077129626569,0.5359627364152805,0.049024330051434986,0.1490299112296568,0.11305408349292063,0.5493381502913771,0.3376077662157021,0.11305408349292063,0.5493381502913771,0.3376077662157021,0.5493381502913771,0.11305408349292063,-0.21173038407567502,2,2,0.032,450.0,0.34453414287418127,0.8579223921921969,-0.30792239219219686
361,361,categorical_soft,1,1,False,0.0,0.0,0.0,1.0,0.0,2,-1.0,0.3554772308271435,0.3199028408607518,2.8109437575503313,-2.7799107088287593,0.3554772308271435,0.07696886971403169,0.9195846254436436,0.003446504842324563,0.07696886971403169,0.9195846254436436,0.003446504842324563,0.9195846254436436,0.07696886971403169,-0.916138120601319,2,2,0.128,710.0,0.8633746355772018,0.9826042518450617,-0.4326042518450617
362,362,categorical_soft,0,0,True,0.14734526445152907,0.0,0.852654755115509,0.0,0.14734525978565216,1,-0.7053094953298569,0.1896272123194911,1.1229092475017424,-1.1169284955512098,-0.10325547593949196,0.1896272123194911,0.7127155554289935,0.07589334497165684,0.2113910995993497,0.7127155554289935,0.07589334497165684,0.2113910995993497,0.7127155554289935,0.07589334497165684,-0.5013244558296437,1,1,0.064,960.0,0.7782713621854782,0.9649209701609414,-0.4149209701609413
363,363,categorical_soft,1,1,True,0.2824668882215106,0.0,0.0,0.7175331115722656,0.2824668884277344,2,-0.43506622314453125,0.1405942719174926,-1.0393126821437257,0.7453903394222626,0.052581216765518156,0.1405942719174926,0.1006364155727304,0.5995017830858942,0.2998618013413755,0.1006364155727304,0.5995017830858942,0.2998618013413755,0.5995017830858942,0.1006364155727304,-0.29963998174451867,2,2,0.064,1130.0,0.35082195699214935,0.7328745950828798,-0.18287459508287973
364,364,categorical_soft,0,0,False,0.0,0.0,1.0,0.0,0.0,1,-1.0,0.24222740234176818,2.8416409978425436,0.3955059275302698,-3.551764563622909,0.24222740234176818,0.918726300186498,0.07973140174309523,0.001542298070406478,0.918726300186498,0.07973140174309523,0.001542298070406478,0.918726300186498,0.07973140174309523,-0.9171840021160915,1,1,0.032,530.0,0.5941829681396484,0.949229112265047,-0.399229112265047
365,365,categorical_soft,0,0,False,0.0,0.0,1.0,0.0,0.0,1,-1.0,0.20557086215712372,8.47633998151109,0.5167659155134776,-10.393817726202837,0.20557086215712372,0.9996451529161672,0.00035484063779725044,6.446035552583258e-09,0.9996451529161672,0.00035484063779725044,6.446035552583258e-09,0.9996451529161672,0.00035484063779725044,-0.9996451464701316,1,1,0.512,1120.0,1.3508169502019882,0.9973610056548473,-0.44736100565484727
366,366,categorical_soft,1,1,False,0.0,0.0,0.0,1.0,0.0,2,-1.0,0.2548230944413944,-1.1044487820973232,3.182786524367118,-1.8403801934233215,0.2548230944413944,0.013467783669435582,0.9797914868568857,0.006740729473678956,0.013467783669435582,0.9797914868568857,0.006740729473678956,0.9797914868568857,0.013467783669435582,-0.9730507573832067,2,2,0.128,970.0,0.7826331406831741,0.9652369443596681,-0.41523694435966807
367,367,categorical_soft,0,0,False,0.0,0.0,1.0,0.0,0.0,1,-1.0,0.1944569163620143,3.3787908628817283,0.21146234702857672,-4.133602748834665,0.1944569163620143,0.9590130822882765,0.040460976635228435,0.0005259410764949828,0.9590130822882765,0.040460976635228435,0.0005259410764949828,0.9590130822882765,0.040460976635228435,-0.9584871412117816,1,1,0.032,840.0,0.5968253463506699,0.9287462190401073,-0.3787462190401073
368,368,categorical_soft,0,0,False,0.0,0.0,1.0,0.0,0.0,1,-1.0,0.20108562699152718,3.9467364930098023,0.33203543562140336,-4.876899488965034,0.20108562699152718,0.9735679078262371,0.026288189581456494,0.0001439025923064897,0.9735679078262371,0.026288189581456494,0.0001439025923064897,0.9735679078262371,0.026288189581456494,-0.9734240052339307,1,1,0.128,840.0,0.846636950969696,0.978011866019843,-0.428011866019843
369,369,categorical_soft,0,0,True,0.549994792500617,0.0,0.4500052034854889,0.0,0.5499947667121887,3,0.09998956322669983,0.12369354545883333,-0.1823968133184478,0.045555499447643075,-0.0600237168207041,0.12369354545883333,0.2955057154679267,0.37111745418058784,0.3333768303514854,0.2955057154679267,0.37111745418058784,0.3333768303514854,0.2955057154679267,0.37111745418058784,0.03787111488355871,2,2,0.0,670.0,0.04256966710090637,0.5123068033698828,0.037693196630117276
370,370,categorical_soft,0,0,False,0.0,0.0,1.0,0.0,0.0,1,-1.0,0.21485237931259923,2.838837122068214,0.25217541321422904,-3.4784678411070815,0.21485237931259923,0.9283507035008084,0.0699673624323717,0.0016819340668199879,0.9283507035008084,0.0699673624323717,0.0016819340668199879,0.9283507035008084,0.0699673624323717,-0.9266687694339885,1,1,0.032,740.0,0.4386346563696861,0.8711185197845402,-0.3211185197845402
371,371,categorical_soft,1,1,True,0.7409121730578815,0.0,0.0,0.25908783078193665,0.7409121990203857,3,0.4818243682384491,0.14134864563054475,0.3635819505186643,-0.5417573106875151,-0.05340115930349833,0.14134864563054475,0.48461447238563443,0.1958748570460658,0.31951067056829974,0.48461447238563443,0.1958748570460658,0.31951067056829974,0.1958748570460658,0.48461447238563443,0.12363581352223393,1,1,0.0,1170.0,0.02112467586994171,0.34098459826029615,0.2090154017397039
372,372,categorical_soft,0,0,False,0.0,0.0,1.0,0.0,0.0,1,-1.0,0.1919761982628751,3.3936304408251927,0.1960860308688525,-4.147956703966969,0.1919761982628751,0.9601852311855547,0.039303359047590206,0.0005114097668552762,0.9601852311855547,0.039303359047590206,0.0005114097668552762,0.9601852311855547,0.039303359047590206,-0.9596738214186994,1,1,0.032,1180.0,0.820691667497158,0.9629470093439594,-0.41294700934395934
373,373,categorical_soft,0,0,True,0.13859959724236742,0.0,0.8614004254341125,0.0,0.13859960436820984,1,-0.7228008210659027,0.10330280442084105,1.5580269764826387,-1.9243647413523022,0.04213459184063502,0.10330280442084105,0.7993848486292824,0.024602294514410716,0.17601285685630685,0.7993848486292824,0.024602294514410716,0.17601285685630685,0.7993848486292824,0.024602294514410716,-0.6233719917729755,1,1,0.256,720.0,1.2470764820463955,0.9972876295955952,-0.4472876295955952
374,374,categorical_soft,0,0,True,0.142547742111232,0.0,0.8574522733688354,0.0,0.14254774153232574,1,-0.7149045318365097,0.15356499339888002,0.827205163942278,-1.2345208061363413,0.09993757618190002,0.15356499339888002,0.6208999203969899,0.07903935470961058,0.3000607248933995,0.6208999203969899,0.07903935470961058,0.3000607248933995,0.6208999203969899,0.07903935470961058,-0.3208391955035904,1,1,0.064,680.0,0.8477915152907372,0.9819000580393523,-0.4319000580393523
375,375,categorical_soft,1,1,True,0.17110929758369697,0.0,0.0,0.8288906812667847,0.17110930383205414,2,-0.6577813774347305,0.12362678178258757,-0.2951045178958934,0.1497731850256277,-0.056484884295958396,0.12362678178258757,0.26141510480950175,0.40755271974393337,0.3310321754465649,0.26141510480950175,0.40755271974393337,0.3310321754465649,0.40755271974393337,0.26141510480950175,-0.07652054429736849,2,2,0.032,850.0,0.5218647550791502,0.8990958545060396,-0.3490958545060395
376,376,categorical_soft,0,0,False,0.0,0.0,1.0,0.0,0.0,1,-1.0,0.19579497009004457,3.1827305710395217,0.19173086398033184,-3.8851777896968125,0.19579497009004457,0.9513229042060869,0.04786336764745472,0.0008137281464583722,0.9513229042060869,0.04786336764745472,0.0008137281464583722,0.9513229042060869,0.04786336764745472,-0.9505091760596285,1,1,0.032,1110.0,0.7185393869876862,0.9448057440354843,-0.3948057440354843
377,377,categorical_soft,1,1,True,0.17171995835359766,0.0,0.0,0.8282800316810608,0.17171995341777802,2,-0.6565600782632828,0.1526470559218668,0.3896026458205558,-0.5839385033659402,-0.026721355264224617,0.1526470559218668,0.49085813463887834,0.1853799499781504,0.3237619153829713,0.49085813463887834,0.1853799499781504,0.3237619153829713,0.1853799499781504,0.49085813463887834,0.13838196540482087,1,1,0.0,510.0,0.43530239164829254,0.8976874868146086,-0.3476874868146086
378,378,categorical_soft,0,0,True,0.14159409893896185,0.0,0.8584058880805969,0.0,0.14159409701824188,1,-0.716811791062355,0.1490901742566058,1.0348031151873704,-1.4189459094390393,0.08981562255430259,0.1490901742566058,0.6780742906085774,0.058362663971268325,0.2635630454201544,0.6780742906085774,0.058362663971268325,0.2635630454201544,0.6780742906085774,0.058362663971268325,-0.41451124518842297,1,1,0.128,680.0,0.8935141116380692,0.9854890640603567,-0.4354890640603567
379,379,categorical_soft,1,1,True,0.15317525639557306,0.0,0.0,0.8468247652053833,0.1531752496957779,2,-0.6936495155096054,0.10669017422268948,-1.8963445614318097,1.8826644266653942,0.21566736739851922,0.10669017422268948,0.01893297330531781,0.8247137570031423,0.15635326969153987,0.01893297330531781,0.8247137570031423,0.15635326969153987,0.8247137570031423,0.01893297330531781,-0.6683604873116025,2,2,0.256,510.0,0.5773737840354443,0.9463356041727776,-0.3963356041727776
380,380,categorical_soft,1,1,True,0.16881225547255846,0.0,0.0,0.8311877250671387,0.16881226003170013,2,-0.6623754650354385,0.10849666086942056,-1.5872859808120992,1.250011918900141,0.17351966721975656,0.10849666086942056,0.0418908484589894,0.7144163595898615,0.24369279195114912,0.0418908484589894,0.7144163595898615,0.24369279195114912,0.7144163595898615,0.0418908484589894,-0.47072356763871237,2,2,0.128,400.0,0.42385962195839966,0.9044932597432849,-0.3544932597432848
381,381,categorical_soft,0,0,True,0.13994749393293426,0.0,0.8600525259971619,0.0,0.13994748890399933,1,-0.7201050370931625,0.10972745075497,1.2749843897586122,-1.7849191769560768,0.12320614048890118,0.10972745075497,0.7336592214042191,0.03444245098793238,0.2318983276078483,0.7336592214042191,0.03444245098793238,0.2318983276078483,0.7336592214042191,0.03444245098793238,-0.5017608937963709,1,1,0.256,610.0,0.9956440702080727,0.9918732366503379,-0.44187323665033784
382,382,categorical_soft,0,0,False,0.0,0.0,1.0,0.0,0.0,1,-1.0,0.2586790615640621,4.114754482479435,0.6277688957254767,-5.219293452130599,0.2586790615640621,0.9701055827753408,0.029808333776588876,8.608344807037157e-05,0.9701055827753408,0.029808333776588876,8.608344807037157e-05,0.9701055827753408,0.029808333776588876,-0.9700194993272704,1,1,0.256,480.0,0.7710565626621246,0.9793193742271186,-0.4293193742271185
383,383,categorical_soft,1,1,True,0.14417076045447696,0.0,0.0,0.8558292388916016,0.14417076110839844,2,-0.7116584777832031,0.1057357946142609,-2.279695501702485,1.9628513217956176,0.31410166169224174,0.1057357946142609,0.01191770083652626,0.8281787408603938,0.15990355830307992,0.01191770083652626,0.8281787408603938,0.15990355830307992,0.8281787408603938,0.01191770083652626,-0.6682751825573139,2,2,0.256,760.0,0.8084479738026857,0.9759628652576691,-0.425962865257669
384,384,categorical_soft,0,0,False,0.0,0.0,1.0,0.0,0.0,1,-1.0,0.1758991375973178,5.020160998978261,0.241850129072909,-6.158724196024689,0.1758991375973178,0.9916106273352943,0.00837546917358092,1.3903491124775412e-05,0.9916106273352943,0.00837546917358092,1.3903491124775412e-05,0.9916106273352943,0.00837546917358092,-0.9915967238441695,1,1,0.128,1080.0,0.9401882588863373,0.9813913142856413,-0.43139131428564126
385,385,categorical_soft,1,1,True,0.14549609815167108,0.0,0.0,0.8545039296150208,0.14549610018730164,2,-0.7090078294277191,0.1124931886664003,-2.2998022987860507,1.9192930157532822,0.31074155753456756,0.1124931886664003,0.01211129004329643,0.8226310361415251,0.1652576738151785,0.01211129004329643,0.8226310361415251,0.1652576738151785,0.8226310361415251,0.01211129004329643,-0.6573733623263466,2,2,0.256,770.0,0.7735878583043814,0.9712650823388411,-0.4212650823388411
386,386,categorical_soft,0,0,True,0.1386766372350519,0.0,0.861323356628418,0.0,0.13867664337158203,1,-0.7226467132568359,0.1161675785123907,1.661885026314161,-1.8521445834865031,-0.061544862758162774,0.1161675785123907,0.8260731852251098,0.024637105433604967,0.14928970934128521,0.8260731852251098,0.024637105433604967,0.14928970934128521,0.8260731852251098,0.024637105433604967,-0.6767834758838245,1,1,0.512,400.0,1.1461854800581932,0.9969733685655217,-0.4469733685655216
387,387,categorical_soft,0,0,False,0.0,0.0,1.0,0.0,0.0,1,-1.0,0.18425098726186742,5.124869604775805,0.3510861807194312,-6.324047944671667,0.18425098726186742,0.9915661138395964,0.008423265421285174,1.0620739118562939e-05,0.9915661138395964,0.008423265421285174,1.0620739118562939e-05,0.9915661138395964,0.008423265421285174,-0.9915554931004777,1,1,0.256,660.0,0.940440259873867,0.9887148115988028,-0.43871481159880277
388,388,categorical_soft,1,1,True,0.16684084755566841,0.0,0.0,0.8331591486930847,0.16684085130691528,2,-0.6663182973861694,0.07543605560226281,-1.7369150883674362,1.7048992082819978,0.1836866089642435,0.07543605560226281,0.02561245777578014,0.7996579464394562,0.1747295957847636,0.02561245777578014,0.7996579464394562,0.1747295957847636,0.7996579464394562,0.02561245777578014,-0.6249283506546925,2,2,0.064,1010.0,0.5850121323019266,0.90925726285887,-0.35925726285886994
389,389,categorical_soft,0,0,False,0.0,0.0,1.0,0.0,0.0,1,-1.0,0.21026327055255503,3.1077666362723955,0.2635697825316054,-3.8158195757097864,0.21026327055255503,0.944054656670352,0.055012532630046115,0.0009328106996018794,0.944054656670352,0.055012532630046115,0.0009328106996018794,0.944054656670352,0.055012532630046115,-0.9431218459707502,1,1,0.064,880.0,0.4785623997449875,0.8741640467966116,-0.3241640467966116
390,390,categorical_soft,1,1,True,0.2760299416475489,0.0,0.0,0.7239700555801392,0.27602994441986084,2,-0.4479401111602783,0.1530339934459967,0.24434528581168796,-0.6034069599438763,0.0019902163586794737,0.1530339934459967,0.4517704049339718,0.19361724546926704,0.35461234959676113,0.4517704049339718,0.19361724546926704,0.35461234959676113,0.19361724546926704,0.4517704049339718,0.1609951041274941,1,1,0.0,1000.0,0.32620373368263245,0.7398172420363511,-0.18981724203635109
391,391,categorical_soft,0,0,False,0.0,0.0,1.0,0.0,0.0,1,-1.0,0.19791857150901665,3.884307910331824,0.30424292909132994,-4.789359334031767,0.19791857150901665,0.972648440001316,0.02718453178725626,0.00016702821142762164,0.972648440001316,0.02718453178725626,0.00016702821142762164,0.972648440001316,0.02718453178725626,-0.9724814117898883,1,1,0.128,840.0,0.7657688558101654,0.9676319299768472,-0.41763192997684717
392,392,categorical_soft,0,0,True,0.1412916564522666,0.0,0.8587083220481873,0.0,0.14129166305065155,1,-0.7174166589975357,0.10477010294463751,1.078664716675298,-1.6101510671095176,0.14397310118646867,0.10477010294463751,0.6845909605881779,0.04654284081175729,0.26886619860006483,0.6845909605881779,0.04654284081175729,0.26886619860006483,0.6845909605881779,0.04654284081175729,-0.4157247619881131,1,1,0.064,930.0,0.9719650354236364,0.9866435474255073,-0.43664354742550726
393,393,categorical_soft,0,0,True,0.29355228838107594,0.0,0.7064477205276489,0.0,0.2935522794723511,1,-0.41289544105529785,0.11234219297847174,-0.222363979706023,0.1588380777881932,-0.07259947298291555,0.11234219297847174,0.27623688921264933,0.40384499033623494,0.3199181204511158,0.27623688921264933,0.40384499033623494,0.3199181204511158,0.27623688921264933,0.40384499033623494,0.043681231238466456,2,2,0.0,420.0,0.16475437581539154,0.7213106216778917,-0.17131062167789168
394,394,categorical_soft,0,0,False,0.0,0.0,1.0,0.0,0.0,1,-1.0,0.1909609005456534,3.663588952061697,0.22802941386093467,-4.491056855583326,0.1909609005456534,0.9684610669292736,0.03125948711892776,0.00027944595179867483,0.9684610669292736,0.03125948711892776,0.00027944595179867483,0.9684610669292736,0.03125948711892776,-0.968181620977475,1,1,0.064,1130.0,0.5938400030136108,0.9005461713773014,-0.3505461713773014
395,395,categorical_soft,0,0,True,0.22105897632457006,0.0,0.7789410352706909,0.0,0.22105897963047028,1,-0.5578820556402206,0.140071274870067,0.5886989207656653,-1.0503640242838161,0.09323722382735752,0.140071274870067,0.5544112940445769,0.1077375822068047,0.33785112374861836,0.5544112940445769,0.1077375822068047,0.33785112374861836,0.5544112940445769,0.1077375822068047,-0.21656017029595853,1,1,0.032,1110.0,0.4338230639696121,0.8086384647508287,-0.25863846475082863
396,396,categorical_soft,1,1,False,0.0,0.0,0.0,1.0,0.0,2,-1.0,0.22771603982278474,-1.3658244369834303,4.009434883126097,-2.210130698221417,0.22771603982278474,0.0045995517148570125,0.9933446209102677,0.0020558273748753795,0.0045995517148570125,0.9933446209102677,0.0020558273748753795,0.9933446209102677,0.0045995517148570125,-0.9912887935353922,2,2,0.512,1110.0,0.9393975138664246,0.9806455907424554,-0.43064559074245534
397,397,categorical_soft,1,1,False,0.0,0.0,0.0,1.0,0.0,2,-1.0,0.26259507154200157,-0.6133950127093779,3.7038518131997953,-2.6406031793722073,0.26259507154200157,0.013187834511742016,0.9850515580569834,0.0017606074312746557,0.013187834511742016,0.9850515580569834,0.0017606074312746557,0.9850515580569834,0.013187834511742016,-0.9832909506257087,2,2,0.256,1050.0,0.9099549353122711,0.9792239661600461,-0.4292239661600461
398,398,categorical_soft,1,1,True,0.15284969822104216,0.0,0.0,0.8471503257751465,0.1528497040271759,2,-0.6943006217479706,0.07042944665568515,-1.3745415638981595,1.2068039935031163,0.14311912192777648,0.07042944665568515,0.05335537944522693,0.7036494349212095,0.24299518563356365,0.05335537944522693,0.7036494349212095,0.24299518563356365,0.7036494349212095,0.05335537944522693,-0.4606542492876458,2,2,0.128,490.0,0.5764550000894815,0.9473221554846154,-0.39732215548461536
399,399,categorical_soft,1,1,True,0.22781912808323002,0.0,0.0,0.7721808552742004,0.22781912982463837,2,-0.5443617254495621,0.11300521859367181,-0.678581651910748,0.30635986375113866,0.004174289086751909,0.11300521859367181,0.17685524546292727,0.4733850769233846,0.34975967761368815,0.17685524546292727,0.4733850769233846,0.34975967761368815,0.4733850769233846,0.17685524546292727,-0.12362539930969646,2,2,0.032,400.0,0.2471591681241989,0.7989866884283707,-0.24898668842837068
