trial_index,dataset_index,student_action_objective,true_direction,dir_choice,sure_available,teacher_sure_strength,target_fixation,target_left,target_right,target_sure,teacher_preferred_action,target_action_margin,raw_post_go_fixation,raw_post_go_left,raw_post_go_right,raw_post_go_sure,predicted_fixation,predicted_left,predicted_right,predicted_sure,p_left,p_right,p_sure,predicted_correct_direction,predicted_incorrect_direction,predicted_action_margin,final_argmax_choice,action_argmax_choice,stimulus_coherence,stimulus_duration_ms,internal_margin,empirical_p_correct,delta_value
0,0,categorical_soft,0,0,False,0.0,0.0,1.0,0.0,0.0,1,-1.0,0.38945440351963045,6.058039140701294,-0.7921730518341065,-0.4502213478088379,0.38945440351963045,0.9974536988171467,0.0010573674485723035,0.0014889337342810483,0.9974536988171467,0.0010573674485723035,0.0014889337342810483,0.9974536988171467,0.0010573674485723035,-0.9959647650828657,1,1,0.512,940.0,1.0484288111329079,0.9906774506351905,-0.4406774506351905
1,1,categorical_soft,0,0,True,0.20536326275014355,0.0,0.7946367263793945,0.0,0.20536325871944427,1,-0.5892734676599503,0.3459822220727801,-0.19575900137424468,0.18577488660812377,0.150604809820652,0.3459822220727801,0.2581224342311049,0.3776675907205422,0.3642099750483528,0.2581224342311049,0.3776675907205422,0.3642099750483528,0.2581224342311049,0.3776675907205422,0.10608754081724786,2,2,0.0,890.0,0.4134471267461777,0.8328962506168242,-0.2828962506168241
2,2,categorical_soft,1,1,True,0.1627092707452713,0.0,0.0,0.8372907042503357,0.16270926594734192,2,-0.6745814383029938,0.3894476890563965,-1.3186154246330262,1.4847265601158142,-0.03326806556433439,0.3894476890563965,0.04741115783237391,0.7813208781172494,0.17126796405037678,0.04741115783237391,0.7813208781172494,0.17126796405037678,0.7813208781172494,0.04741115783237391,-0.6100529140668726,2,2,0.256,510.0,0.4894590051844716,0.9196709493279273,-0.3696709493279272
3,3,categorical_soft,0,0,False,0.0,0.0,1.0,0.0,0.0,1,-1.0,0.3771717071533203,6.798089838027954,-0.8855985581874848,-0.4757420033216476,0.3771717071533203,0.99884651962199,0.0004603188622217612,0.000693161515788262,0.99884651962199,0.0004603188622217612,0.000693161515788262,0.99884651962199,0.0004603188622217612,-0.9981533581062018,1,1,0.512,960.0,1.073611468076706,0.9915539535033948,-0.44155395350339477
4,4,categorical_soft,0,0,False,0.0,0.0,1.0,0.0,0.0,1,-1.0,0.4412654608488083,4.273265361785889,-0.540162080526352,-0.2794071689248085,0.4412654608488083,0.9816291655686318,0.008014139619408093,0.010356694811960184,0.9816291655686318,0.008014139619408093,0.010356694811960184,0.9816291655686318,0.008014139619408093,-0.9712724707566716,1,1,0.128,1020.0,0.8045955151319504,0.9668002996095091,-0.41680029960950904
5,5,categorical_soft,0,0,True,0.1494681574748153,0.0,0.850531816482544,0.0,0.14946815371513367,1,-0.7010636627674103,0.2769594481214881,2.0586671233177185,-0.1849470779299736,0.4428844481706619,0.2769594481214881,0.766300425276676,0.08129053420478553,0.15240904051853854,0.766300425276676,0.08129053420478553,0.15240904051853854,0.766300425276676,0.08129053420478553,-0.6138913847581374,1,1,0.064,1100.0,0.7740941792726517,0.9579179349019022,-0.4079179349019022
6,6,categorical_soft,0,0,False,0.0,0.0,1.0,0.0,0.0,1,-1.0,0.5272600173950195,3.9409218549728395,-0.5152653396129608,-0.34155669808387756,0.5272600173950195,0.9751187670109449,0.011408215552458835,0.013473017436596391,0.9751187670109449,0.011408215552458835,0.013473017436596391,0.9751187670109449,0.011408215552458835,-0.9616457495743486,1,1,0.128,920.0,0.9184840470552444,0.9829027041866822,-0.4329027041866822
7,7,categorical_soft,0,0,False,0.0,0.0,1.0,0.0,0.0,1,-1.0,0.3783400565385818,-1.0372741162776946,1.6047089457511903,-0.7478696525096893,0.3783400565385818,0.06107436020656483,0.8573206234719383,0.081605016321497,0.06107436020656483,0.8573206234719383,0.081605016321497,0.06107436020656483,0.8573206234719383,0.02053065611493217,2,2,0.0,1020.0,0.046841979026794434,0.4129663606271245,0.13703363937287555
8,8,categorical_soft,1,1,True,0.1573025373588735,0.0,0.0,0.8426974415779114,0.15730254352092743,2,-0.685394898056984,0.27293480560183525,-1.523550844192505,1.7858433723449707,-0.057300500012934207,0.27293480560183525,0.03058423701898174,0.8368846667491567,0.1325310962318616,0.03058423701898174,0.8368846667491567,0.1325310962318616,0.8368846667491567,0.03058423701898174,-0.7043535705172952,2,2,0.256,470.0,0.5237435521557927,0.9342915810289389,-0.3842915810289389
9,9,categorical_soft,0,0,False,0.0,0.0,1.0,0.0,0.0,1,-1.0,0.34180733039975164,6.576386404037476,-0.8662953615188599,-0.5028577387332916,0.34180733039975164,0.9985735341214041,0.0005851821018139907,0.0008412837767817361,0.9985735341214041,0.0005851821018139907,0.0008412837767817361,0.9985735341214041,0.0005851821018139907,-0.9977322503446224,1,1,0.512,1010.0,1.1523869410157204,0.9938939755920116,-0.4438939755920116
10,10,categorical_soft,1,1,False,0.0,0.0,0.0,1.0,0.0,2,-1.0,0.3337438479065895,-1.7846964240074157,2.5079741716384887,-0.839543753862381,0.3337438479065895,0.013063806646178316,0.9533393129350903,0.03359688041873134,0.013063806646178316,0.9533393129350903,0.03359688041873134,0.9533393129350903,0.013063806646178316,-0.919742432516359,2,2,0.032,1170.0,0.730802558362484,0.9441724449195158,-0.39417244491951575
11,11,categorical_soft,1,1,True,0.15537181576585085,0.0,0.0,0.8446281552314758,0.15537181496620178,2,-0.689256340265274,0.3328216588124633,-1.1542404651641847,1.2118316173553467,0.03680017292499542,0.3328216588124633,0.06703387640034775,0.7127870979282793,0.22017902567137299,0.06703387640034775,0.7127870979282793,0.22017902567137299,0.7127870979282793,0.06703387640034775,-0.49260807225690634,2,2,0.064,560.0,0.5649214829318225,0.9398221432929741,-0.38982214329297404
12,12,categorical_soft,1,1,False,0.0,0.0,0.0,1.0,0.0,2,-1.0,0.3995699018239975,-1.8028666734695435,2.6928677320480348,-1.049053156375885,0.3995699018239975,0.010800152497020182,0.9662236983792042,0.02297614912377554,0.010800152497020182,0.9662236983792042,0.02297614912377554,0.9662236983792042,0.010800152497020182,-0.9432475492554286,2,2,0.064,910.0,0.7842522263526917,0.9678326450270627,-0.41783264502706263
13,13,categorical_soft,1,1,False,0.0,0.0,0.0,1.0,0.0,2,-1.0,0.40239124447107316,-0.6774456441402436,1.4138321161270142,-0.4872362971305847,0.40239124447107316,0.09705536502535367,0.7855651965284778,0.11737943844616854,0.09705536502535367,0.7855651965284778,0.11737943844616854,0.7855651965284778,0.09705536502535367,-0.6681857580823093,2,2,0.032,460.0,0.8103487938642502,0.9832889224471807,-0.43328892244718065
14,14,categorical_soft,1,1,False,0.0,0.0,0.0,1.0,0.0,2,-1.0,0.4897328346967697,-1.6373126268386842,2.2948503255844117,-0.901529335975647,0.4897328346967697,0.018541312131376463,0.9428311725052382,0.03862751536338533,0.018541312131376463,0.9428311725052382,0.03862751536338533,0.9428311725052382,0.018541312131376463,-0.9042036571418528,2,2,0.064,490.0,0.6984655410051346,0.970371268883655,-0.42037126888365495
15,15,categorical_soft,1,1,False,0.0,0.0,0.0,1.0,0.0,2,-1.0,0.47013006210327146,-1.2860597252845765,1.646441912651062,-0.6828673720359802,0.47013006210327146,0.046352155688711524,0.8688467007567938,0.08480114355449461,0.046352155688711524,0.8688467007567938,0.08480114355449461,0.8688467007567938,0.046352155688711524,-0.7840455572022992,2,2,0.064,670.0,0.657180730602704,0.9555993270423452,-0.40559932704234514
16,16,categorical_soft,0,0,False,0.0,0.0,1.0,0.0,0.0,1,-1.0,0.3802390180528164,2.5244813442230223,-0.2840433955192566,-0.2731684044003487,0.3802390180528164,0.8914165038983736,0.05416295951570434,0.054420536585922184,0.8914165038983736,0.05416295951570434,0.054420536585922184,0.8914165038983736,0.05416295951570434,-0.8369959673124514,1,1,0.032,990.0,0.6548107713460922,0.9353335886244387,-0.38533358862443867
17,17,categorical_soft,0,0,False,0.0,0.0,1.0,0.0,0.0,1,-1.0,0.46300132274627687,3.483904266357422,-0.4887640833854675,-0.32060572803020476,0.46300132274627687,0.9604696888093354,0.018118872846056185,0.02141143834460836,0.9604696888093354,0.018118872846056185,0.02141143834460836,0.9604696888093354,0.018118872846056185,-0.939058250464727,1,1,0.064,1160.0,0.867465652525425,0.9710154946235546,-0.4210154946235546
18,18,categorical_soft,0,0,True,0.4703194649998598,0.0,0.5296805500984192,0.0,0.4703194797039032,1,-0.05936107039451599,0.2452858604490757,1.144088876247406,0.023426090925931932,0.3158197283744812,0.2452858604490757,0.5672443603730705,0.18497594569826756,0.24777969392866198,0.5672443603730705,0.18497594569826756,0.24777969392866198,0.5672443603730705,0.18497594569826756,-0.3194646664444085,1,1,0.064,880.0,0.14334997534751892,0.5723013908026424,-0.022301390802642374
19,19,categorical_soft,0,0,True,0.15783541674977236,0.0,0.8421645760536194,0.0,0.15783542394638062,1,-0.6843291521072388,0.12640281729400157,1.5672139048576355,-0.06592612527310848,0.3626475602388382,0.12640281729400157,0.6686439179152602,0.1306974764876073,0.2006586055971325,0.6686439179152602,0.1306974764876073,0.2006586055971325,0.6686439179152602,0.1306974764876073,-0.46798531231812773,1,1,0.064,890.0,0.6218863129615784,0.9327954541479567,-0.3827954541479567
20,20,categorical_soft,0,0,True,0.1385075905024299,0.0,0.861492395401001,0.0,0.13850758969783783,1,-0.7229848057031631,0.3929708458483219,4.77027587890625,-0.6874760568141938,0.6769873976707459,0.3929708458483219,0.9793439952991392,0.004236653994362087,0.016419350706498782,0.9793439952991392,0.004236653994362087,0.016419350706498782,0.9793439952991392,0.004236653994362087,-0.9629246445926404,1,1,0.512,940.0,1.331511277705431,0.9976637240031028,-0.4476637240031027
21,21,categorical_soft,0,0,True,0.14257556409246797,0.0,0.8574244379997253,0.0,0.14257556200027466,1,-0.7148488759994507,0.246993662789464,1.8019899368286132,-0.1380270704627037,0.38537403345108034,0.246993662789464,0.7209122147083351,0.10376668111106065,0.17532110418060412,0.7209122147083351,0.10376668111106065,0.17532110418060412,0.7209122147083351,0.10376668111106065,-0.545591110527731,1,1,0.128,600.0,0.8269800916314125,0.9817964952979781,-0.43179649529797803
22,22,categorical_soft,1,1,True,0.17070501334162702,0.0,0.0,0.8292949795722961,0.17070502042770386,2,-0.6585899591445923,0.3806347489356995,-1.473311960697174,1.7376651644706727,0.11165243908762931,0.3806347489356995,0.03260687843176103,0.8083216119620678,0.15907150960617128,0.03260687843176103,0.8083216119620678,0.15907150960617128,0.8083216119620678,0.03260687843176103,-0.6492501023558965,2,2,0.256,810.0,0.5141643323004246,0.9000342722994452,-0.35003427229944517
23,23,categorical_soft,1,1,True,0.19562216334397986,0.0,0.0,0.8043778538703918,0.19562216103076935,2,-0.6087556928396225,0.25107197016477584,0.24390158355236052,0.14369877129793168,0.21023034304380417,0.25107197016477584,0.34823964984609435,0.3150124700482098,0.33674788010569584,0.34823964984609435,0.3150124700482098,0.33674788010569584,0.3150124700482098,0.34823964984609435,0.021735410057486027,1,1,0.0,880.0,0.4363681795075536,0.8495365426977518,-0.29953654269775176
24,24,categorical_soft,0,0,True,0.13827039345882153,0.0,0.861729621887207,0.0,0.13827039301395416,1,-0.7234592288732529,0.3751861542463303,4.318059730529785,-0.5529657542705536,0.5899902939796448,0.3751861542463303,0.9691839645651964,0.0074652285828098255,0.023350806851993828,0.9691839645651964,0.0074652285828098255,0.023350806851993828,0.9691839645651964,0.0074652285828098255,-0.9458331577132025,1,1,0.512,670.0,1.3751744218170643,0.9986372597710848,-0.4486372597710847
25,25,categorical_soft,0,0,True,0.13827917050404648,0.0,0.8617208003997803,0.0,0.13827916979789734,1,-0.7234416306018829,0.33035151436924937,3.7821455717086794,-0.4831628918647766,0.5301819801330566,0.33035151436924937,0.9497598413218749,0.013407689060973721,0.03683246961715162,0.9497598413218749,0.013407689060973721,0.03683246961715162,0.9497598413218749,0.013407689060973721,-0.9129273717047233,1,1,0.512,490.0,1.3256772384047508,0.9986011338836283,-0.4486011338836282
26,26,categorical_soft,0,0,False,0.0,0.0,1.0,0.0,0.0,1,-1.0,0.4879325360059738,2.560451698303223,-0.2526461273431778,-0.12835148125886917,0.4879325360059738,0.8861098542337258,0.05359838462632788,0.06029176113994632,0.8861098542337258,0.05359838462632788,0.06029176113994632,0.8861098542337258,0.05359838462632788,-0.8258180930937795,1,1,0.032,990.0,0.6256432682275772,0.9261054418610988,-0.37610544186109873
27,27,categorical_soft,1,1,False,0.0,0.0,0.0,1.0,0.0,2,-1.0,0.38823164999485016,-2.024772620201111,2.97464382648468,-0.9592481076717376,0.38823164999485016,0.006579645607812887,0.9743492495281337,0.019071104864053397,0.006579645607812887,0.9743492495281337,0.019071104864053397,0.9743492495281337,0.006579645607812887,-0.9552781446640803,2,2,0.256,670.0,1.0143475160002708,0.9920294334782974,-0.4420294334782974
28,28,categorical_soft,1,1,True,0.15346409575472014,0.0,0.0,0.8465359210968018,0.15346409380435944,2,-0.6930718272924423,0.32707947976887225,-1.682772123813629,2.0774351835250853,0.01739093353971839,0.32707947976887225,0.020278771280263858,0.8689210152133662,0.11080021350636977,0.020278771280263858,0.8689210152133662,0.11080021350636977,0.8689210152133662,0.020278771280263858,-0.7581208017069964,2,2,0.256,700.0,0.6205295249819756,0.945465008707168,-0.39546500870716794
29,29,categorical_soft,1,1,False,0.0,0.0,0.0,1.0,0.0,2,-1.0,0.40454439632594585,-2.328183650970459,3.1690875053405763,-1.018526554107666,0.40454439632594585,0.004032924284736619,0.9810538840643162,0.01491319165094718,0.004032924284736619,0.9810538840643162,0.01491319165094718,0.9810538840643162,0.004032924284736619,-0.966140692413369,2,2,0.128,1110.0,0.8874989934265614,0.9751635105383551,-0.4251635105383551
30,30,categorical_soft,0,0,True,0.1382362113566537,0.0,0.8617637753486633,0.0,0.13823620975017548,1,-0.7235275655984879,0.4152307540178299,6.484933471679687,-0.9959645092487335,0.40484967529773713,0.4152307540178299,0.9971478031655518,0.0005668202894477454,0.00228537654500027,0.9971478031655518,0.0005668202894477454,0.00228537654500027,0.9971478031655518,0.0005668202894477454,-0.9948624266205516,1,1,0.512,1100.0,1.502898057922721,0.9987780266649418,-0.4487780266649417
31,31,categorical_soft,1,1,True,0.1981886021193041,0.0,0.0,0.8018113970756531,0.19818860292434692,2,-0.6036227941513062,0.21779701337218285,1.3136587619781495,0.007857728749513626,0.36251507699489594,0.21779701337218285,0.6032933706793332,0.16347860138476172,0.2332280279359049,0.6032933706793332,0.16347860138476172,0.2332280279359049,0.16347860138476172,0.6032933706793332,0.06974942655114319,1,1,0.0,1080.0,0.4783298671245575,0.8450161845023628,-0.2950161845023628
32,32,categorical_soft,1,1,True,0.15878169880904897,0.0,0.0,0.8412182927131653,0.15878169238567352,2,-0.6824366003274918,0.28559957779943945,-2.3404934406280518,2.998715806007385,0.10987380594015121,0.28559957779943945,0.004531289763931214,0.9429770572829087,0.05249165295316022,0.004531289763931214,0.9429770572829087,0.05249165295316022,0.9429770572829087,0.004531289763931214,-0.8904854043297485,2,2,0.512,1110.0,0.6674912087619305,0.930169693553761,-0.38016969355376096
33,33,categorical_soft,1,1,True,0.15452912015120251,0.0,0.0,0.8454709053039551,0.1545291244983673,2,-0.6909417808055878,0.2896892722696066,-1.0137144446372985,1.331074595451355,0.05009780433028936,0.2896892722696066,0.0698274599215449,0.727928135144878,0.20224440493357726,0.0698274599215449,0.727928135144878,0.20224440493357726,0.727928135144878,0.0698274599215449,-0.5256837302113007,2,2,0.256,590.0,0.5813465155661106,0.9422921797796965,-0.39229217977969644
34,34,categorical_soft,1,1,True,0.1659572057517602,0.0,0.0,0.8340427875518799,0.16595721244812012,2,-0.6680855751037598,0.43503926396369935,-2.0383042097091675,2.34133358001709,0.03586205765604973,0.43503926396369935,0.011279298772085123,0.8990455830593469,0.08967511816856819,0.011279298772085123,0.8990455830593469,0.08967511816856819,0.8990455830593469,0.011279298772085123,-0.8093704648907787,2,2,0.512,980.0,0.5830800868570805,0.9114341793520553,-0.36143417935205524
35,35,categorical_soft,1,1,False,0.0,0.0,0.0,1.0,0.0,2,-1.0,0.3642167177051306,-1.9536329627037048,2.776244950294495,-0.9892297387123108,0.3642167177051306,0.008578535908228707,0.9689400135871965,0.022481450504574656,0.008578535908228707,0.9689400135871965,0.022481450504574656,0.9689400135871965,0.008578535908228707,-0.9464585630826219,2,2,0.256,740.0,0.983464740216732,0.9899279505458738,-0.43992795054587375
36,36,categorical_soft,0,0,True,0.2756396611169857,0.0,0.7243603467941284,0.0,0.2756396532058716,1,-0.44872069358825684,0.23457071408629418,0.030056178011000155,0.1890156276524067,0.09537565037608146,0.23457071408629418,0.309066396246145,0.36184174193088986,0.32909186182296496,0.309066396246145,0.36184174193088986,0.32909186182296496,0.309066396246145,0.36184174193088986,0.020025465576819945,2,2,0.0,910.0,0.30457280576229095,0.7402439727377856,-0.1902439727377856
37,37,categorical_soft,1,1,True,0.5000959869728804,0.0,0.0,0.49990400671958923,0.5000959634780884,3,0.0001919567584991455,0.3506906393915415,0.30661938190460203,0.11960151046514511,0.19279150366783143,0.3506906393915415,0.36762301254154595,0.30465328069990966,0.3277237067585444,0.36762301254154595,0.30465328069990966,0.3277237067585444,0.30465328069990966,0.36762301254154595,0.02307042605863474,1,1,0.0,530.0,0.03898046910762787,0.549928009768958,7.199023104209612e-05
38,38,categorical_soft,0,0,True,0.13969023630715088,0.0,0.8603097796440125,0.0,0.13969023525714874,1,-0.7206195443868637,0.20354514867067336,1.7270509123802185,-0.12875506430864334,0.410791227221489,0.20354514867067336,0.7017886955183441,0.10977984934128612,0.18843145514036977,0.7017886955183441,0.10977984934128612,0.18843145514036977,0.7017886955183441,0.10977984934128612,-0.5133572403779744,1,1,0.128,420.0,0.9765269681811333,0.9928931070173358,-0.44289310701733575
39,39,categorical_soft,1,1,True,0.1427231677156029,0.0,0.0,0.8572768568992615,0.1427231729030609,2,-0.7145536839962006,0.2395295113325119,-1.988636600971222,2.400979208946228,-0.024784070439636707,0.2395295113325119,0.011282482614545123,0.9083778088452623,0.08033970854019248,0.011282482614545123,0.9083778088452623,0.08033970854019248,0.9083778088452623,0.011282482614545123,-0.8280381003050699,2,2,0.256,1000.0,0.9189697876572609,0.9812481310873736,-0.4312481310873736
40,40,categorical_soft,1,1,True,0.1449283766718838,0.0,0.0,0.8550716042518616,0.14492838084697723,2,-0.7101432234048843,0.3451839923858643,-2.3371124267578125,2.8184255599975585,-0.03414697367697954,0.3451839923858643,0.005425132411852528,0.9402893908929443,0.05428547669520325,0.005425132411852528,0.9402893908929443,0.05428547669520325,0.9402893908929443,0.005425132411852528,-0.886003914197741,2,2,0.512,780.0,0.7911144569516182,0.9732614526724147,-0.42326145267241466
41,41,categorical_soft,0,0,False,0.0,0.0,1.0,0.0,0.0,1,-1.0,0.34141071066260337,4.015737462043762,-0.5336535215377808,-0.3443413972854614,0.34141071066260337,0.9771726439105521,0.010339881186307178,0.012487474903140696,0.9771726439105521,0.010339881186307178,0.012487474903140696,0.9771726439105521,0.010339881186307178,-0.9646851690074114,1,1,0.128,1110.0,0.8105276525020599,0.9641567331433587,-0.41415673314335866
42,42,categorical_soft,1,1,True,0.18386932635116243,0.0,0.0,0.8161306977272034,0.18386933207511902,2,-0.6322613656520844,0.2261526035144925,-0.30279444307088854,0.5109847486019135,0.10115834102034568,0.2261526035144925,0.21062989036622426,0.47445772052759566,0.3149123891061801,0.21062989036622426,0.47445772052759566,0.3149123891061801,0.47445772052759566,0.21062989036622426,-0.15954533142141558,2,2,0.032,870.0,0.47157008200883865,0.8716904059750423,-0.3216904059750423
43,43,categorical_soft,0,0,False,0.0,0.0,1.0,0.0,0.0,1,-1.0,0.5253980487585068,2.17903311252594,-0.2527150884270668,-0.26897975206375124,0.5253980487585068,0.8511823855526683,0.07521521684346921,0.07360239760386239,0.8511823855526683,0.07521521684346921,0.07360239760386239,0.8511823855526683,0.07521521684346921,-0.7775799879488059,1,1,0.064,560.0,0.5961449593305588,0.9479353693958872,-0.39793536939588714
44,44,categorical_soft,0,0,False,0.0,0.0,1.0,0.0,0.0,1,-1.0,0.4377376943826675,3.393109178543091,-0.42013663053512573,-0.2826538786292076,0.4377376943826675,0.9545381194910421,0.021230838224872615,0.024231042284085375,0.9545381194910421,0.021230838224872615,0.024231042284085375,0.9545381194910421,0.021230838224872615,-0.9303070772069567,1,1,0.032,1090.0,0.8813283666968346,0.9750127157054449,-0.42501271570544485
45,45,categorical_soft,0,0,True,0.2042680392286863,0.0,0.7957319617271423,0.0,0.20426803827285767,1,-0.5914639234542847,0.22989276256412267,1.403306782245636,-0.04051282200962305,0.36222438514232635,0.22989276256412267,0.6290638778158263,0.14845522694163624,0.2224808952425375,0.6290638778158263,0.14845522694163624,0.2224808952425375,0.6290638778158263,0.14845522694163624,-0.4065829825732888,1,1,0.064,490.0,0.3179522901773453,0.8346999382675498,-0.2846999382675498
46,46,categorical_soft,0,0,True,0.13885866885625836,0.0,0.8611413240432739,0.0,0.13885867595672607,1,-0.7222826480865479,0.30557332187891006,2.8039268255233765,-0.33683541268110273,0.591152361035347,0.30557332187891006,0.867007786837765,0.037807455483131844,0.09518475767910309,0.867007786837765,0.037807455483131844,0.09518475767910309,0.867007786837765,0.037807455483131844,-0.771823029158662,1,1,0.256,960.0,1.238908588886261,0.9962331804667848,-0.44623318046678473
47,47,categorical_soft,1,1,True,0.1491607895783002,0.0,0.0,0.8508391976356506,0.14916078746318817,2,-0.7016784101724625,0.20559493657201527,-1.598264706134796,1.9514716386795044,0.052477766014635566,0.20559493657201527,0.024395417648225958,0.8485406517041623,0.12706393064761196,0.024395417648225958,0.8485406517041623,0.12706393064761196,0.8485406517041623,0.024395417648225958,-0.7214767210565503,2,2,0.512,580.0,0.6515953863272443,0.9589142773357157,-0.4089142773357156
48,48,categorical_soft,1,1,False,0.0,0.0,0.0,1.0,0.0,2,-1.0,0.4603934556245804,-2.276928353309631,3.3069661140441893,-1.0856488227844239,0.4603934556245804,0.0037048782655991095,0.9841054187439007,0.012189702990500272,0.0037048782655991095,0.9841054187439007,0.012189702990500272,0.9841054187439007,0.0037048782655991095,-0.9719157157534004,2,2,0.128,1170.0,0.9544913917779922,0.9806802795219415,-0.43068027952194143
49,49,categorical_soft,1,1,False,0.0,0.0,0.0,1.0,0.0,2,-1.0,0.40026134103536604,-1.8543920159339904,2.71073739528656,-0.9452772736549377,0.40026134103536604,0.01005364641223391,0.9650067890175699,0.024939564570196155,0.01005364641223391,0.9650067890175699,0.024939564570196155,0.9650067890175699,0.01005364641223391,-0.9400672244473737,2,2,0.128,670.0,0.8650231137871742,0.9835412539954715,-0.4335412539954715
50,50,categorical_soft,0,0,True,0.17652500160833862,0.0,0.8234750032424927,0.0,0.17652499675750732,1,-0.6469500064849854,0.3393132448196411,0.3882624298334122,0.13210247084498405,0.1712754786014557,0.3393132448196411,0.3878156360061888,0.30016598809443773,0.3120183758993735,0.3878156360061888,0.30016598809443773,0.3120183758993735,0.3878156360061888,0.30016598809443773,-0.07579726010681531,1,1,0.032,510.0,0.4125770479440689,0.8869672724728956,-0.3369672724728956
51,51,categorical_soft,1,1,True,0.14994993269699897,0.0,0.0,0.8500500917434692,0.14994993805885315,2,-0.7001001536846161,0.3032858416438103,-1.8090437054634094,2.114085626602173,0.05728809554129839,0.3032858416438103,0.017237465364225477,0.871309625916361,0.11145290871941349,0.017237465364225477,0.871309625916361,0.11145290871941349,0.871309625916361,0.017237465364225477,-0.7598567171969475,2,2,0.256,1000.0,0.7418664749711752,0.9563678204530032,-0.4063678204530031
52,52,categorical_soft,0,0,True,0.13890481310209313,0.0,0.8610951900482178,0.0,0.13890480995178223,1,-0.7221903800964355,0.30780495181679723,3.000986909866333,-0.30022270530462264,0.5509854108095169,0.30780495181679723,0.8900589246091414,0.032959577706780166,0.07698149768407837,0.8900589246091414,0.032959577706780166,0.07698149768407837,0.8900589246091414,0.032959577706780166,-0.813077426925063,1,1,0.256,880.0,1.2093748897314072,0.9960460687413807,-0.44604606874138064
53,53,categorical_soft,1,1,True,0.1700814905199407,0.0,0.0,0.8299185037612915,0.1700814962387085,2,-0.659837007522583,0.23390827476978301,-0.5532331824302673,0.7938768744468689,0.08567308336496353,0.23390827476978301,0.14871464820269426,0.5703873031105592,0.2808980486867466,0.14871464820269426,0.5703873031105592,0.2808980486867466,0.5703873031105592,0.14871464820269426,-0.28948925442381257,2,2,0.032,770.0,0.5076670087873936,0.9014911272737932,-0.35149112727379317
54,54,categorical_soft,1,1,False,0.0,0.0,0.0,1.0,0.0,2,-1.0,0.4492279291152954,-2.139171576499939,2.732655429840088,-0.8766540169715882,0.4492279291152954,0.007403164552650417,0.9663427972759739,0.026254038171375692,0.007403164552650417,0.9663427972759739,0.026254038171375692,0.9663427972759739,0.007403164552650417,-0.9400887591045982,2,2,0.064,1070.0,0.7707834392786026,0.9587128420090807,-0.40871284200908065
55,55,categorical_soft,1,1,False,0.0,0.0,0.0,1.0,0.0,2,-1.0,0.4206950217485428,-2.155718779563904,2.9360663652420045,-1.0871615290641785,0.4206950217485428,0.0060062663851867815,0.9764961345837244,0.0174975990310888,0.0060062663851867815,0.9764961345837244,0.0174975990310888,0.9764961345837244,0.0060062663851867815,-0.9589985355526356,2,2,0.064,1120.0,0.8611905425786972,0.9715009364845482,-0.4215009364845481
56,56,categorical_soft,0,0,False,0.0,0.0,1.0,0.0,0.0,1,-1.0,0.4329703114926815,5.311669778823853,-0.6420887529850006,-0.4402146875858307,0.4329703114926815,0.9942449165956434,0.0025880512541107967,0.0031670321502457167,0.9942449165956434,0.0025880512541107967,0.0031670321502457167,0.9942449165956434,0.0025880512541107967,-0.9910778844453977,1,1,0.512,690.0,0.9768161326646805,0.990199551493082,-0.440199551493082
57,57,categorical_soft,0,0,True,0.15970363701444518,0.0,0.8402963876724243,0.0,0.15970364212989807,1,-0.6805927455425262,0.30233560744673016,1.4362487316131591,-0.012725697085261344,0.322478649020195,0.30233560744673016,0.6396840179276674,0.1502075425419621,0.21010843953037056,0.6396840179276674,0.1502075425419621,0.21010843953037056,0.6396840179276674,0.1502075425419621,-0.4295755783972968,1,1,0.064,460.0,0.500236913561821,0.9276486484729601,-0.3776486484729601
58,58,categorical_soft,1,1,True,0.3336827505310743,0.0,0.0,0.6663172245025635,0.33368274569511414,2,-0.33263447880744934,0.2995352206751704,-0.28168433904647827,0.538784408569336,0.061065442860126495,0.2995352206751704,0.21404123724994184,0.4851646232515806,0.30079413949847755,0.21404123724994184,0.4851646232515806,0.30079413949847755,0.4851646232515806,0.21404123724994184,-0.18437048375310305,2,2,0.032,530.0,0.15421375632286072,0.6827785006137393,-0.1327785006137393
59,59,categorical_soft,1,1,False,0.0,0.0,0.0,1.0,0.0,2,-1.0,0.4163833558559418,-1.9216769814491272,2.6591370582580565,-0.848542332649231,0.4163833558559418,0.009885248088891064,0.9612494120648301,0.02886533984627891,0.009885248088891064,0.9612494120648301,0.02886533984627891,0.9612494120648301,0.009885248088891064,-0.9323840722185511,2,2,0.064,870.0,0.7703574150800705,0.9672025823294294,-0.4172025823294293
60,60,categorical_soft,0,0,True,0.13862414130839523,0.0,0.8613758683204651,0.0,0.1386241465806961,1,-0.722751721739769,0.34369041621685026,4.037151956558228,-0.5982032001018525,0.6410185337066651,0.34369041621685026,0.9582329915281615,0.00936414049238471,0.03240286797945374,0.9582329915281615,0.00936414049238471,0.03240286797945374,0.9582329915281615,0.00936414049238471,-0.9258301235487079,1,1,0.256,1070.0,1.3255500122904778,0.9971874450250001,-0.4471874450250001
61,61,categorical_soft,1,1,False,0.0,0.0,0.0,1.0,0.0,2,-1.0,0.37689137905836106,-2.4218678712844848,3.335015559196472,-1.1256875038146972,0.37689137905836106,0.0031200670532523017,0.9854892940935389,0.011390638853208691,0.0031200670532523017,0.9854892940935389,0.011390638853208691,0.9854892940935389,0.0031200670532523017,-0.9740986552403302,2,2,0.512,870.0,0.9255192875862122,0.9844256769823115,-0.4344256769823115
62,62,categorical_soft,1,1,False,0.0,0.0,0.0,1.0,0.0,2,-1.0,0.4594291657209396,1.724213922023773,-0.1697487972676754,-0.06458256226032973,0.4594291657209396,0.7584533608039579,0.11474472683886612,0.1268019123571761,0.7584533608039579,0.11474472683886612,0.1268019123571761,0.11474472683886612,0.7584533608039579,0.01205718551830999,1,1,0.0,980.0,0.2789652496576309,0.6978387305640433,-0.14783873056404329
63,63,categorical_soft,1,1,True,0.17366902544088542,0.0,0.0,0.8263309597969055,0.1736690253019333,2,-0.6526619344949722,0.3054390113800764,-0.1563456267118454,0.5819460868835449,0.0751922084018588,0.3054390113800764,0.23024982207952344,0.4803819289273896,0.28936824899308694,0.23024982207952344,0.4803819289273896,0.28936824899308694,0.4803819289273896,0.23024982207952344,-0.19101367993430268,2,2,0.032,970.0,0.5385469272732735,0.8932635050298142,-0.3432635050298142
64,64,categorical_soft,1,1,True,0.4901604227321506,0.0,0.0,0.5098395943641663,0.49016043543815613,2,-0.019679158926010132,0.2477232798933983,0.576150381565094,0.05424134861677885,0.23111180067062378,0.2477232798933983,0.43447906081896,0.25783192139497235,0.3076890177860677,0.43447906081896,0.25783192139497235,0.3076890177860677,0.25783192139497235,0.43447906081896,0.04985709639109537,1,1,0.0,840.0,0.12118034064769745,0.5573811719932862,-0.00738117199328614
65,65,categorical_soft,1,1,False,0.0,0.0,0.0,1.0,0.0,2,-1.0,0.43292256593704226,0.14053935259580613,0.822017765045166,-0.43627163469791413,0.43292256593704226,0.28262399847243747,0.5586328849318625,0.15874311659570003,0.28262399847243747,0.5586328849318625,0.15874311659570003,0.5586328849318625,0.28262399847243747,-0.3998897683361624,2,2,0.0,1090.0,0.4844055473804474,0.8473326432389668,-0.2973326432389668
66,66,categorical_soft,0,0,False,0.0,0.0,1.0,0.0,0.0,1,-1.0,0.4245484799146652,6.65229811668396,-0.9480264008045196,-0.39218300879001616,0.4245484799146652,0.9986281534194708,0.0005006278375230322,0.0008712187430059892,0.9986281534194708,0.0005006278375230322,0.0008712187430059892,0.9986281534194708,0.0005006278375230322,-0.9977569346764648,1,1,0.512,890.0,1.2261307686567307,0.9963133969089378,-0.4463133969089378
67,67,categorical_soft,1,1,False,0.0,0.0,0.0,1.0,0.0,2,-1.0,0.4240534923970699,-2.1835862398147583,3.011997675895691,-1.0562701940536499,0.4240534923970699,0.005427048431237366,0.97783630256959,0.016736648999172564,0.005427048431237366,0.97783630256959,0.016736648999172564,0.97783630256959,0.005427048431237366,-0.9610996535704174,2,2,0.128,1100.0,0.8749115876853466,0.9739286109917756,-0.4239286109917756
68,68,categorical_soft,1,1,False,0.0,0.0,0.0,1.0,0.0,2,-1.0,0.4557173833250999,-2.0387721061706543,2.8452824354171753,-0.9233315944671631,0.4557173833250999,0.00736154608184999,0.9701724674073692,0.022465986510780765,0.00736154608184999,0.9701724674073692,0.022465986510780765,0.9701724674073692,0.00736154608184999,-0.9477064808965884,2,2,0.128,960.0,0.9685422331094742,0.9859270080561116,-0.4359270080561115
69,69,categorical_soft,0,0,False,0.0,0.0,1.0,0.0,0.0,1,-1.0,0.5044795334339142,3.132584071159363,-0.3872068107128143,-0.32049968242645266,0.5044795334339142,0.9420456644361976,0.028121021295671778,0.029833314268130462,0.9420456644361976,0.028121021295671778,0.029833314268130462,0.9420456644361976,0.028121021295671778,-0.9122123501680672,1,1,0.128,720.0,0.8523540496826172,0.9814357017170758,-0.4314357017170758
70,70,categorical_soft,0,0,False,0.0,0.0,1.0,0.0,0.0,1,-1.0,0.4318444043397903,-1.1820592641830445,1.8951249599456788,-0.7517771184444427,0.4318444043397903,0.04127058984527647,0.8952209083375948,0.0635085018171287,0.04127058984527647,0.8952209083375948,0.0635085018171287,0.04127058984527647,0.8952209083375948,0.022237911971852237,2,2,0.0,720.0,0.44834649562835693,0.8789702181222038,-0.32897021812220373
71,71,categorical_soft,0,0,False,0.0,0.0,1.0,0.0,0.0,1,-1.0,0.4394106827676296,2.3982592105865477,-0.3066278338432312,-0.23759267181158067,0.4394106827676296,0.8780656585908115,0.0589808241284084,0.06295351728078004,0.8780656585908115,0.0589808241284084,0.06295351728078004,0.8780656585908115,0.0589808241284084,-0.8151121413100315,1,1,0.032,780.0,0.8637105077505112,0.981132042637916,-0.43113204263791594
72,72,categorical_soft,1,1,False,0.0,0.0,0.0,1.0,0.0,2,-1.0,0.4092655688524246,-2.206597018241882,2.8372495651245115,-0.9054743766784668,0.4092655688524246,0.006262833223197234,0.9707248186724644,0.023012348104338366,0.006262833223197234,0.9707248186724644,0.023012348104338366,0.9707248186724644,0.006262833223197234,-0.947712470568126,2,2,0.064,1100.0,0.8855261914432049,0.9752206615559437,-0.4252206615559436
73,73,categorical_soft,1,1,True,0.22352256546050314,0.0,0.0,0.7764774560928345,0.22352255880832672,2,-0.5529548972845078,0.3317241948097944,1.153819739818573,-0.009960552491247655,0.26098247319459916,0.3317241948097944,0.5806420162076688,0.18135116087700828,0.23800682291532285,0.5806420162076688,0.18135116087700828,0.23800682291532285,0.18135116087700828,0.5806420162076688,0.05665566203831457,1,1,0.032,1070.0,0.41934990882873535,0.805071285281604,-0.25507128528160394
74,74,categorical_soft,1,1,False,0.0,0.0,0.0,1.0,0.0,2,-1.0,0.4007882595062256,-1.7356732130050658,2.30721275806427,-0.7937687337398529,0.4007882595062256,0.016546503202451,0.940900033995837,0.04255346280171216,0.016546503202451,0.940900033995837,0.04255346280171216,0.940900033995837,0.016546503202451,-0.8983465711941249,2,2,0.256,470.0,0.750457413494587,0.9774343798942589,-0.4274343798942588
75,75,categorical_soft,0,0,True,0.13853784026948351,0.0,0.8614621758460999,0.0,0.13853783905506134,1,-0.7229243367910385,0.4118343234062195,5.620480632781982,-0.8252608716487885,0.7065716445446014,0.4118343234062195,0.9911207529263247,0.0015914449746039535,0.007287802099071206,0.9911207529263247,0.0015914449746039535,0.007287802099071206,0.9911207529263247,0.0015914449746039535,-0.9838329508272535,1,1,0.512,1130.0,1.367600105702877,0.9975399784909955,-0.44753997849099547
76,76,categorical_soft,1,1,False,0.0,0.0,0.0,1.0,0.0,2,-1.0,0.3729694537818432,-2.05954225063324,2.869127058982849,-0.8608333349227906,0.3729694537818432,0.007020287049397706,0.9696862543692311,0.023293458581370982,0.007020287049397706,0.9696862543692311,0.023293458581370982,0.9696862543692311,0.007020287049397706,-0.9463927957878601,2,2,0.256,570.0,0.875366348773241,0.9860973961582832,-0.43609739615828313
77,77,categorical_soft,0,0,True,0.2843102796255571,0.0,0.7156897187232971,0.0,0.2843102812767029,1,-0.43137943744659424,0.21102319993078708,0.07130966000258923,0.17695808559656143,0.17528923898935317,0.21102319993078708,0.31072357825940944,0.34510558585300727,0.3441708358875834,0.31072357825940944,0.34510558585300727,0.3441708358875834,0.31072357825940944,0.34510558585300727,0.033447257628173965,2,2,0.0,540.0,0.20403078198432922,0.7309183744348664,-0.18091837443486636
78,78,categorical_soft,0,0,False,0.0,0.0,1.0,0.0,0.0,1,-1.0,0.5456226885318756,0.16526872478425503,0.6470771133899689,-0.33647362887859344,0.5456226885318756,0.3101669305741462,0.5016854489496454,0.18814762047620842,0.3101669305741462,0.5016854489496454,0.18814762047620842,0.3101669305741462,0.5016854489496454,-0.12201931009793776,2,2,0.0,620.0,0.4462731406092644,0.8902290393494401,-0.34022903934944004
79,79,categorical_soft,0,0,False,0.0,0.0,1.0,0.0,0.0,1,-1.0,0.33992343172430994,6.782215690612793,-0.8990655481815338,-0.5573257356882095,0.33992343172430994,0.9988887438839337,0.0004615828339767991,0.0006496732820894652,0.9988887438839337,0.0004615828339767991,0.0006496732820894652,0.9988887438839337,0.0004615828339767991,-0.9982390706018442,1,1,0.512,1000.0,1.1299725770950317,0.9932690070609597,-0.4432690070609596
80,80,categorical_soft,0,0,False,0.0,0.0,1.0,0.0,0.0,1,-1.0,0.3909061897546053,2.8767276287078856,-0.37273886799812317,-0.11878949590027332,0.3909061897546053,0.9182936088574255,0.03572939811078236,0.04597699303179225,0.9182936088574255,0.03572939811078236,0.04597699303179225,0.9182936088574255,0.03572939811078236,-0.8723166158256332,1,1,0.064,800.0,0.7522460445761681,0.9670563502311729,-0.4170563502311728
81,81,categorical_soft,1,1,False,0.0,0.0,0.0,1.0,0.0,2,-1.0,0.512675353884697,-0.6677425503730774,0.937203335762024,-0.4099548488855362,0.512675353884697,0.13771967142121205,0.6842260935642634,0.1780542350145245,0.13771967142121205,0.6842260935642634,0.1780542350145245,0.6842260935642634,0.13771967142121205,-0.506171858549739,2,2,0.0,870.0,0.6061205714941025,0.9293726519956671,-0.37937265199566705
82,82,categorical_soft,1,1,True,0.23795408725147604,0.0,0.0,0.7620459198951721,0.23795408010482788,2,-0.5240918397903442,0.3082681741565466,0.6299888551235199,0.06907691033557058,0.22536711245775223,0.3082681741565466,0.4468238598378937,0.2549923170704601,0.2981838230916462,0.4468238598378937,0.2549923170704601,0.2981838230916462,0.2549923170704601,0.4468238598378937,0.0431915060211861,1,1,0.0,890.0,0.35041680932044983,0.7852620969120172,-0.23526209691201716
83,83,categorical_soft,0,0,True,0.36947866635092386,0.0,0.6305213570594788,0.0,0.36947867274284363,1,-0.26104268431663513,0.2147151932120323,0.8041957139968872,0.10270625296980143,0.2815555199980736,0.2147151932120323,0.4787201574772772,0.23735982078256135,0.2839200217401614,0.4787201574772772,0.23735982078256135,0.2839200217401614,0.4787201574772772,0.23735982078256135,-0.1948001357371158,1,1,0.0,950.0,0.22867665439844131,0.651605641655162,-0.10160564165516195
84,84,categorical_soft,1,1,False,0.0,0.0,0.0,1.0,0.0,2,-1.0,0.40797789618372915,-1.2174275279045106,1.7190867066383362,-0.6913992285728454,0.40797789618372915,0.046615186704621794,0.8747653833669645,0.07861942992841371,0.046615186704621794,0.8747653833669645,0.07861942992841371,0.8747653833669645,0.046615186704621794,-0.7961459534385508,2,2,0.0,1000.0,0.550745278596878,0.8955086415069909,-0.3455086415069909
85,85,categorical_soft,1,1,False,0.0,0.0,0.0,1.0,0.0,2,-1.0,0.48934041559696195,-2.066893255710602,3.0249950170516966,-0.9666055917739869,0.48934041559696195,0.0060194314159275316,0.9759314558074272,0.018049112776645202,0.0060194314159275316,0.9759314558074272,0.018049112776645202,0.9759314558074272,0.0060194314159275316,-0.957882343030782,2,2,0.256,930.0,0.8126536016352475,0.9712387698232933,-0.4212387698232932
86,86,categorical_soft,0,0,True,0.1401671634825094,0.0,0.8598328232765198,0.0,0.14016716182231903,1,-0.7196656614542007,0.2526842948049307,1.9700650930404664,-0.1276644326746464,0.3289643630385399,0.2526842948049307,0.7595507125589791,0.09324790836428423,0.14720137907673678,0.7595507125589791,0.09324790836428423,0.14720137907673678,0.7595507125589791,0.09324790836428423,-0.6123493334822423,1,1,0.128,720.0,1.0018488429486752,0.99100729361372,-0.44100729361371993
87,87,categorical_soft,0,0,True,0.1579737808476096,0.0,0.8420262336730957,0.0,0.1579737812280655,1,-0.6840524524450302,0.2932823467999697,0.1908305659890175,0.20493448078632354,0.1612889587879181,0.2932823467999697,0.3352442795143767,0.33968402260727726,0.32507169787834606,0.3352442795143767,0.33968402260727726,0.32507169787834606,0.3352442795143767,0.33968402260727726,-0.010172581636030631,2,2,0.128,440.0,0.5102233439683914,0.9324090586510734,-0.38240905865107333
88,88,categorical_soft,1,1,True,0.15601400032370472,0.0,0.0,0.8439859747886658,0.15601399540901184,2,-0.6879719793796539,0.28792145662009716,-1.6911328554153442,2.0350846886634826,-0.09868908748030662,0.28792145662009716,0.021144090679528434,0.8751415139641413,0.10371439535633024,0.021144090679528434,0.8751415139641413,0.10371439535633024,0.8751415139641413,0.021144090679528434,-0.7714271186078111,2,2,0.064,920.0,0.6466557011008263,0.9379630827620945,-0.38796308276209446
89,89,categorical_soft,0,0,True,0.13867979422016208,0.0,0.8613201975822449,0.0,0.13867978751659393,1,-0.7226404100656509,0.32165454626083373,3.041176509857178,-0.3209820792078972,0.47170658111572267,0.32165454626083373,0.8996833781969127,0.03129947662514879,0.06901714517793858,0.8996833781969127,0.03129947662514879,0.06901714517793858,0.8996833781969127,0.03129947662514879,-0.8306662330189741,1,1,0.512,550.0,1.1821235120296478,0.9969605032899925,-0.4469605032899925
90,90,categorical_soft,0,0,False,0.0,0.0,1.0,0.0,0.0,1,-1.0,0.32501041796058416,6.363072061538697,-0.8617024481296539,-0.4304616659879684,0.32501041796058416,0.9981521037451747,0.0007283723013303506,0.0011195239534948329,0.9981521037451747,0.0007283723013303506,0.0011195239534948329,0.9981521037451747,0.0007283723013303506,-0.9970325797916799,1,1,0.512,880.0,1.2769555374979973,0.997160080993963,-0.447160080993963
91,91,categorical_soft,0,0,True,0.1385059640391194,0.0,0.8614940643310547,0.0,0.1385059654712677,1,-0.722988098859787,0.33890610858798026,4.160704612731934,-0.6715326368808746,0.6468480885028839,0.33890610858798026,0.9634785062837861,0.007731857480794325,0.0287896362354196,0.9634785062837861,0.007731857480794325,0.0287896362354196,0.9634785062837861,0.007731857480794325,-0.9346888700483664,1,1,0.512,1080.0,1.366443656384945,0.9976703801408602,-0.44767038014086014
92,92,categorical_soft,1,1,False,0.0,0.0,0.0,1.0,0.0,2,-1.0,0.4353527069091797,-2.0368429899215696,2.7927905797958372,-1.0995795607566834,0.4353527069091797,0.0077785678784338145,0.9723701534492017,0.019851278672364473,0.0077785678784338145,0.9723701534492017,0.019851278672364473,0.9723701534492017,0.0077785678784338145,-0.9525188747768373,2,2,0.256,560.0,0.9402712360024452,0.9899754196958969,-0.4399754196958968
93,93,categorical_soft,0,0,False,0.0,0.0,1.0,0.0,0.0,1,-1.0,0.33818376548588275,4.513910961151123,-0.6430636346340179,-0.3787847012281418,0.33818376548588275,0.9869054495343013,0.005688835906628183,0.0074057145590705736,0.9869054495343013,0.005688835906628183,0.0074057145590705736,0.9869054495343013,0.005688835906628183,-0.9794997349752307,1,1,0.256,1010.0,0.89406618475914,0.9786080040410493,-0.42860800404104926
94,94,categorical_soft,0,0,False,0.0,0.0,1.0,0.0,0.0,1,-1.0,0.4083775669336319,1.5218050718307494,-0.16076080799102782,-0.09709928780794144,0.4083775669336319,0.7218389213488752,0.1351327425470502,0.14302833610407467,0.7218389213488752,0.1351327425470502,0.14302833610407467,0.7218389213488752,0.1351327425470502,-0.5788105852448004,1,1,0.032,1190.0,0.02443823218345642,0.33922723566905744,0.2107727643309426
95,95,categorical_soft,1,1,False,0.0,0.0,0.0,1.0,0.0,2,-1.0,0.47961435914039613,-1.6043102264404296,2.08782103061676,-0.6557654321193696,0.47961435914039613,0.02289807031912844,0.9179577439797871,0.059144185701084484,0.02289807031912844,0.9179577439797871,0.059144185701084484,0.9179577439797871,0.02289807031912844,-0.8588135582787026,2,2,0.128,600.0,0.7799523025751114,0.9771726121679656,-0.42717261216796554
96,96,categorical_soft,1,1,False,0.0,0.0,0.0,1.0,0.0,2,-1.0,0.45476263463497163,-1.758169960975647,2.2640799283981323,-0.790502405166626,0.45476263463497163,0.016845284262125167,0.9387526919480571,0.04440202378981771,0.016845284262125167,0.9387526919480571,0.04440202378981771,0.9387526919480571,0.016845284262125167,-0.8943506681582394,2,2,0.128,540.0,0.7702847868204117,0.9777200244845375,-0.4277200244845375
97,97,categorical_soft,0,0,False,0.0,0.0,1.0,0.0,0.0,1,-1.0,0.45629478693008424,3.30282518863678,-0.42087209820747373,-0.39883858561515806,0.45629478693008424,0.9533491987588756,0.02309526713806364,0.023555534103060768,0.9533491987588756,0.02309526713806364,0.023555534103060768,0.9533491987588756,0.02309526713806364,-0.9297936646558148,1,1,0.128,850.0,0.8069951236248016,0.9730954313510861,-0.42309543135108607
98,98,categorical_soft,0,0,False,0.0,0.0,1.0,0.0,0.0,1,-1.0,0.48757188618183134,5.231256484985352,-0.6860506951808929,-0.38664711713790895,0.48757188618183134,0.9937112026728103,0.002677321027797314,0.003611476299392477,0.9937112026728103,0.002677321027797314,0.003611476299392477,0.9937112026728103,0.002677321027797314,-0.9900997263734178,1,1,0.256,1130.0,0.940323144197464,0.980270773974937,-0.43027077397493696
99,99,categorical_soft,1,1,False,0.0,0.0,0.0,1.0,0.0,2,-1.0,0.41047762632369994,-2.0043274044990538,2.7778114557266234,-0.8971499264240265,0.41047762632369994,0.008109296990109923,0.9673472284261591,0.02454347458373108,0.008109296990109923,0.9673472284261591,0.02454347458373108,0.9673472284261591,0.008109296990109923,-0.942803753842428,2,2,0.256,770.0,0.8457882143557072,0.9796723792946275,-0.4296723792946274
100,100,categorical_soft,0,0,True,0.3376142361206555,0.0,0.6623857617378235,0.0,0.3376142382621765,1,-0.324771523475647,0.24811536632478237,0.14926421046257018,0.22317610532045365,0.1741521880030632,0.24811536632478237,0.3224402074623312,0.34702768992016064,0.33053210261750826,0.3224402074623312,0.34702768992016064,0.33053210261750826,0.3224402074623312,0.34702768992016064,0.008091895155177053,2,2,0.032,440.0,0.12880773842334747,0.6792309287486062,-0.1292309287486062
101,101,categorical_soft,0,0,False,0.0,0.0,1.0,0.0,0.0,1,-1.0,0.4309039317071438,3.6381304025650025,-0.501224809885025,-0.3087415099143982,0.4309039317071438,0.9659040883894063,0.015427202330286677,0.018668709280306867,0.9659040883894063,0.015427202330286677,0.018668709280306867,0.9659040883894063,0.015427202330286677,-0.9472353791090995,1,1,0.128,830.0,0.830107644200325,0.9764743892344655,-0.42647438923446546
102,102,categorical_soft,1,1,False,0.0,0.0,0.0,1.0,0.0,2,-1.0,0.38087361454963686,-2.9708674430847166,4.178859806060791,-1.294613540172577,0.38087361454963686,0.0007812379046354656,0.9950403431802985,0.004178418915065848,0.0007812379046354656,0.9950403431802985,0.004178418915065848,0.9950403431802985,0.0007812379046354656,-0.9908619242652327,2,2,0.512,1170.0,0.895032768137753,0.9742936447438079,-0.4242936447438078
103,103,categorical_soft,0,0,False,0.0,0.0,1.0,0.0,0.0,1,-1.0,0.40139159336686137,1.777759039402008,-0.16120769083499908,-0.060999184101819995,0.40139159336686137,0.7672538886538551,0.1107277790298061,0.12201833231633874,0.7672538886538551,0.1107277790298061,0.12201833231633874,0.7672538886538551,0.1107277790298061,-0.6452355563375164,1,1,0.0,1100.0,0.23338864743709564,0.6150104376710481,-0.06501043767104808
104,104,categorical_soft,1,1,True,0.4096164916586834,0.0,0.0,0.5903835296630859,0.40961650013923645,2,-0.1807670295238495,0.39473916292190553,0.11983815021812916,0.46596379280090333,0.17659944742918016,0.39473916292190553,0.2879195196508323,0.4074461529278935,0.3046343274212743,0.2879195196508323,0.4074461529278935,0.3046343274212743,0.4074461529278935,0.2879195196508323,-0.10281182550661921,2,2,0.032,540.0,0.09940434992313385,0.618978002070126,-0.06897800207012594
105,105,categorical_soft,1,1,True,0.18887130337457675,0.0,0.0,0.8111286759376526,0.18887130916118622,2,-0.6222573667764664,0.30780241303145883,-0.7612969517707825,0.898220157623291,-0.01648144908249378,0.30780241303145883,0.11958862363116463,0.628563320186257,0.2518480561825783,0.11958862363116463,0.628563320186257,0.2518480561825783,0.628563320186257,0.11958862363116463,-0.3767152640036788,2,2,0.064,550.0,0.3758755214512348,0.8619496191417857,-0.31194961914178565
106,106,categorical_soft,1,1,False,0.0,0.0,0.0,1.0,0.0,2,-1.0,0.3725043676793575,-1.6478548526763916,2.1187852382659913,-0.77181436419487,0.3725043676793575,0.021456477374782283,0.9270434204174556,0.051500102207762154,0.021456477374782283,0.9270434204174556,0.051500102207762154,0.9270434204174556,0.021456477374782283,-0.8755433182096934,2,2,0.064,500.0,0.7896378748118877,0.9806371703308566,-0.4306371703308566
107,107,categorical_soft,0,0,False,0.0,0.0,1.0,0.0,0.0,1,-1.0,0.39067266285419466,3.9461960792541504,-0.453017395734787,-0.3464159697294235,0.39067266285419466,0.9746776932591479,0.01199660861700541,0.013325698123846865,0.9746776932591479,0.01199660861700541,0.013325698123846865,0.9746776932591479,0.01199660861700541,-0.961351995135301,1,1,0.064,1090.0,0.6760236322879791,0.9343389584901522,-0.3843389584901522
108,108,categorical_soft,1,1,False,0.0,0.0,0.0,1.0,0.0,2,-1.0,0.5035737812519073,-2.1651381969451906,2.944170880317688,-0.9796500325202941,0.5035737812519073,0.005895491399693115,0.9748018594391329,0.019302649161173944,0.005895491399693115,0.9748018594391329,0.019302649161173944,0.9748018594391329,0.005895491399693115,-0.9554992102779589,2,2,0.512,420.0,0.9626827612519264,0.9923966606535153,-0.44239666065351524
109,109,categorical_soft,0,0,True,0.13903218305788395,0.0,0.8609678149223328,0.0,0.13903218507766724,1,-0.7219356298446655,0.3878331929445267,4.061312747001648,-0.5187379479408264,0.5491369992494584,0.3878331929445267,0.961143825659614,0.009963776672498748,0.028892397667887336,0.961143825659614,0.009963776672498748,0.028892397667887336,0.961143825659614,0.009963776672498748,-0.9322514279917267,1,1,0.256,1090.0,1.2358582559973001,0.9955306831056581,-0.445530683105658
110,110,categorical_soft,1,1,False,0.0,0.0,0.0,1.0,0.0,2,-1.0,0.3638746850192547,-0.8692527949810028,1.4520947217941285,-0.5994873702526092,0.3638746850192547,0.08013406416041541,0.8150214931911479,0.10484444264843658,0.08013406416041541,0.8150214931911479,0.10484444264843658,0.8150214931911479,0.08013406416041541,-0.7101770505427113,2,2,0.032,490.0,0.6406727135181427,0.9610210045554824,-0.4110210045554824
111,111,categorical_soft,1,1,False,0.0,0.0,0.0,1.0,0.0,2,-1.0,0.4584109276533127,-1.0987533926963806,1.703255569934845,-0.6692520558834076,0.4584109276533127,0.05262341427875954,0.8664355189804824,0.08094106674075804,0.05262341427875954,0.8664355189804824,0.08094106674075804,0.8664355189804824,0.05262341427875954,-0.7854944522397244,2,2,0.032,600.0,0.29688987880945206,0.7995060550026047,-0.2495060550026047
112,112,categorical_soft,1,1,True,0.1814254125808215,0.0,0.0,0.8185746073722839,0.18142540752887726,2,-0.6371491998434067,0.2504121113568544,-1.438131332397461,1.6354483723640443,0.04437643066048622,0.2504121113568544,0.03704583297001886,0.7999094564692244,0.16304471056075676,0.03704583297001886,0.7999094564692244,0.16304471056075676,0.7999094564692244,0.03704583297001886,-0.6368647459084676,2,2,0.064,1090.0,0.5347029687836766,0.8766373137828818,-0.32663731378288174
113,113,categorical_soft,0,0,False,0.0,0.0,1.0,0.0,0.0,1,-1.0,0.4687663733959198,2.9601326465606688,-0.359659506380558,-0.31489695608615875,0.4687663733959198,0.930571462276569,0.034143977272917625,0.03528456045051336,0.930571462276569,0.034143977272917625,0.03528456045051336,0.930571462276569,0.034143977272917625,-0.8952869018260556,1,1,0.128,740.0,0.859238401055336,0.9816118736481374,-0.43161187364813736
114,114,categorical_soft,0,0,True,0.1397140909595591,0.0,0.8602859377861023,0.0,0.1397140920162201,1,-0.7205718457698822,0.2542201429605484,2.892262864112854,-0.3522961214184761,0.46649405658245086,0.2542201429605484,0.8869429291400355,0.03461583966862918,0.07844123119133531,0.8869429291400355,0.03461583966862918,0.07844123119133531,0.8869429291400355,0.03461583966862918,-0.8085016979487002,1,1,0.128,1110.0,1.143107857555151,0.992798274687235,-0.442798274687235
115,115,categorical_soft,0,0,False,0.0,0.0,1.0,0.0,0.0,1,-1.0,0.36672816425561905,3.4727294206619264,-0.4711248576641083,-0.2438245579600334,0.36672816425561905,0.9579596003672142,0.018718891036340037,0.023321508596445734,0.9579596003672142,0.018718891036340037,0.023321508596445734,0.9579596003672142,0.018718891036340037,-0.9346380917707684,1,1,0.256,400.0,0.8786294907331467,0.9888229953165317,-0.4388229953165317
116,116,categorical_soft,0,0,True,0.13828874431963267,0.0,0.8617112636566162,0.0,0.13828875124454498,1,-0.7234225124120712,0.3512548513710499,3.9337486267089843,-0.541711300611496,0.4803910553455353,0.3512548513710499,0.9585852928524815,0.010959887864637828,0.0304548192828804,0.9585852928524815,0.010959887864637828,0.0304548192828804,0.9585852928524815,0.010959887864637828,-0.9281304735696011,1,1,0.512,690.0,1.3690884998068213,0.9985617374980715,-0.4485617374980715
117,117,categorical_soft,1,1,True,0.3776829839284971,0.0,0.0,0.6223170161247253,0.37768298387527466,2,-0.24463403224945068,0.3059079052880406,-1.3351106524467469,1.6932867288589477,-0.013829242810606957,0.3059079052880406,0.03939180484723129,0.8131009573139707,0.1475072378387981,0.03939180484723129,0.8131009573139707,0.1475072378387981,0.8131009573139707,0.03939180484723129,-0.6655937194751727,2,2,0.032,1090.0,0.25692538917064667,0.6447691894907673,-0.09476918949076729
118,118,categorical_soft,0,0,False,0.0,0.0,1.0,0.0,0.0,1,-1.0,0.4779365211725235,-0.1727944791316986,1.0875807762145997,-0.3769745618104935,0.4779365211725235,0.18715360046372706,0.6599463293819032,0.15290007015436985,0.18715360046372706,0.6599463293819032,0.15290007015436985,0.18715360046372706,0.6599463293819032,-0.03425353030935721,2,2,0.0,530.0,0.14550048112869263,0.6734340588596291,-0.1234340588596291
119,119,categorical_soft,1,1,False,0.0,0.0,0.0,1.0,0.0,2,-1.0,0.42286582887172697,-1.4506508350372314,2.002762198448181,-0.6059659898281098,0.42286582887172697,0.028641449004131042,0.904640233479722,0.06671831751614703,0.028641449004131042,0.904640233479722,0.06671831751614703,0.904640233479722,0.028641449004131042,-0.837921915963575,2,2,0.032,1020.0,0.7461745217442513,0.9562448127595157,-0.4062448127595156
120,120,categorical_soft,0,0,False,0.0,0.0,1.0,0.0,0.0,1,-1.0,0.47330529391765597,2.3689159870147707,-0.26070886105298996,-0.15553425773978233,0.47330529391765597,0.8674955802860328,0.06290422290905626,0.06960019680491084,0.8674955802860328,0.06290422290905626,0.06960019680491084,0.8674955802860328,0.06290422290905626,-0.797895383481122,1,1,0.064,1140.0,0.8811020478606224,0.9734726540334536,-0.4234726540334536
121,121,categorical_soft,1,1,False,0.0,0.0,0.0,1.0,0.0,2,-1.0,0.42473254501819613,-0.4090386748313904,1.0710387170314788,-0.4090233653783798,0.42473254501819613,0.1564264386765343,0.6868379297287089,0.1567356315947567,0.1564264386765343,0.6868379297287089,0.1567356315947567,0.6868379297287089,0.1564264386765343,-0.5301022981339523,2,2,0.032,1030.0,0.44420781126245856,0.8304270220552399,-0.28042702205523984
122,122,categorical_soft,0,0,False,0.0,0.0,1.0,0.0,0.0,1,-1.0,0.38646423295140264,1.909006917476654,-0.1894869849085808,-0.12508830837905408,0.38646423295140264,0.7973575275197132,0.09833569935349452,0.10430677312679229,0.7973575275197132,0.09833569935349452,0.10430677312679229,0.7973575275197132,0.09833569935349452,-0.693050754392921,1,1,0.032,770.0,0.5590284466743469,0.921742720182926,-0.371742720182926
123,123,categorical_soft,1,1,False,0.0,0.0,0.0,1.0,0.0,2,-1.0,0.5062794148921966,-1.5048660278320312,2.186737823486328,-0.8484510600566864,0.5062794148921966,0.023319659509045545,0.9317434149835103,0.04493692550744416,0.023319659509045545,0.9317434149835103,0.04493692550744416,0.9317434149835103,0.023319659509045545,-0.8868064894760661,2,2,0.064,970.0,0.8382994756102562,0.9733338173655368,-0.42333381736553677
124,124,categorical_soft,1,1,False,0.0,0.0,0.0,1.0,0.0,2,-1.0,0.40086970999836924,-1.7420292019844055,2.332459545135498,-0.8618634164333343,0.40086970999836924,0.016079201446237444,0.9450961776066364,0.03882462094712619,0.016079201446237444,0.9450961776066364,0.03882462094712619,0.9450961776066364,0.016079201446237444,-0.9062715566595103,2,2,0.064,900.0,0.7135881632566452,0.9555940568279244,-0.4055940568279244
125,125,categorical_soft,1,1,True,0.5794127886650615,0.0,0.0,0.4205872118473053,0.5794128179550171,3,0.1588256061077118,0.3942018896341324,0.09942999631166458,0.20816944539546967,0.16452118679881095,0.3942018896341324,0.3142335502958002,0.3503473741627392,0.33541907554146067,0.3142335502958002,0.3503473741627392,0.33541907554146067,0.3503473741627392,0.3142335502958002,-0.014928298621278535,2,2,0.0,630.0,0.014298170804977417,0.489638852732902,0.06036114726709807
126,126,categorical_soft,0,0,False,0.0,0.0,1.0,0.0,0.0,1,-1.0,0.42209068313241005,2.859361720085144,-0.3095303297042847,-0.1849057376384735,0.42209068313241005,0.9174450650000061,0.03873183848134519,0.04382309651864863,0.9174450650000061,0.03873183848134519,0.04382309651864863,0.9174450650000061,0.03873183848134519,-0.8736219684813575,1,1,0.064,710.0,0.7786474227905273,0.9738569134677411,-0.423856913467741
127,127,categorical_soft,1,1,True,0.14917704361324657,0.0,0.0,0.8508229851722717,0.14917704463005066,2,-0.7016459405422211,0.25029955320060254,-1.7592968344688416,2.17874436378479,-0.016876582521945238,0.25029955320060254,0.01725589336244246,0.8842527110324185,0.09849139560513893,0.01725589336244246,0.8842527110324185,0.09849139560513893,0.8842527110324185,0.01725589336244246,-0.7857613154272796,2,2,0.256,800.0,0.7053017374128103,0.9588614438144833,-0.4088614438144833
128,128,categorical_soft,0,0,False,0.0,0.0,1.0,0.0,0.0,1,-1.0,0.40088144689798355,4.247913455963134,-0.5600421488285064,-0.37441565096378326,0.40088144689798355,0.9822677354561078,0.00804339221392483,0.0096888723299674,0.9822677354561078,0.00804339221392483,0.0096888723299674,0.9822677354561078,0.00804339221392483,-0.9725788631261404,1,1,0.256,810.0,0.9328049719333649,0.9859995425646517,-0.4359995425646517
129,129,categorical_soft,1,1,False,0.0,0.0,0.0,1.0,0.0,2,-1.0,0.4581765323877335,-0.7876818478107452,1.398567759990692,-0.4944851130247116,0.4581765323877335,0.08895885822156716,0.7917131482321411,0.11932799354629171,0.08895885822156716,0.7917131482321411,0.11932799354629171,0.7917131482321411,0.08895885822156716,-0.6723851546858494,2,2,0.0,740.0,0.4401589300541673,0.8719570289551434,-0.32195702895514333
130,130,categorical_soft,0,0,True,0.13932300532074077,0.0,0.8606770038604736,0.0,0.13932301104068756,1,-0.7213539928197861,0.2943762645125389,3.0437125682830812,-0.4302982330322266,0.5326733529567719,0.2943762645125389,0.8987724737845497,0.028043673546886822,0.07318385266856356,0.8987724737845497,0.028043673546886822,0.07318385266856356,0.8987724737845497,0.028043673546886822,-0.8255886211159862,1,1,0.256,760.0,1.1072956509888172,0.9943598641772323,-0.4443598641772323
131,131,categorical_soft,1,1,True,0.26710387641292066,0.0,0.0,0.7328961491584778,0.2671038806438446,2,-0.4657922685146332,0.2726631172001362,0.32994280755519867,0.13489970117807387,0.1751023441553116,0.2726631172001362,0.37323227893239064,0.3070417874107316,0.3197259336568777,0.37323227893239064,0.3070417874107316,0.3197259336568777,0.3070417874107316,0.37323227893239064,0.012684146246146055,1,1,0.0,450.0,0.20189611613750458,0.7497536010137897,-0.1997536010137897
132,132,categorical_soft,1,1,True,0.1942978501231068,0.0,0.0,0.8057021498680115,0.19429785013198853,2,-0.611404299736023,0.28131348844617604,-0.13223828189074993,0.5431207478046417,0.11036522313952446,0.28131348844617604,0.23612060583720135,0.463479312441505,0.3004000817212937,0.23612060583720135,0.463479312441505,0.3004000817212937,0.463479312441505,0.23612060583720135,-0.1630792307202113,2,2,0.0,450.0,0.33466777577996254,0.8519102310008333,-0.30191023100083325
133,133,categorical_soft,1,1,True,0.1479900162383735,0.0,0.0,0.8520100116729736,0.14799001812934875,2,-0.7040199935436249,0.33964706733822825,-2.411926794052124,2.949639654159546,-0.10155177861452103,0.33964706733822825,0.004463614936190375,0.9504926191517967,0.04504376591201305,0.004463614936190375,0.9504926191517967,0.04504376591201305,0.9504926191517967,0.004463614936190375,-0.9054488532397836,2,2,0.256,1060.0,0.7902041841298342,0.9627634908850646,-0.4127634908850646
134,134,categorical_soft,1,1,False,0.0,0.0,0.0,1.0,0.0,2,-1.0,0.3672968529164791,-1.9478079319000243,2.6926398277282715,-0.9235820770263672,0.3672968529164791,0.00934800256943476,0.964632937518774,0.026019059911791313,0.00934800256943476,0.964632937518774,0.026019059911791313,0.964632937518774,0.00934800256943476,-0.9386138776069827,2,2,0.512,420.0,0.9185963869094849,0.9905750027375144,-0.4405750027375144
135,135,categorical_soft,1,1,False,0.0,0.0,0.0,1.0,0.0,2,-1.0,0.4595249116420746,-1.8849265336990357,2.4897281408309935,-0.8635797083377839,0.4595249116420746,0.012022501850636882,0.9545569279597329,0.03342057018963027,0.012022501850636882,0.9545569279597329,0.03342057018963027,0.9545569279597329,0.012022501850636882,-0.9211363577701026,2,2,0.128,550.0,0.8471453636884689,0.9844363066557632,-0.43443630665576316
136,136,categorical_soft,1,1,False,0.0,0.0,0.0,1.0,0.0,2,-1.0,0.43685087338089945,-1.905710804462433,2.5893072128295898,-0.956118381023407,0.43685087338089945,0.010737115491587852,0.9614573884954197,0.027805496012992353,0.010737115491587852,0.9614573884954197,0.027805496012992353,0.9614573884954197,0.010737115491587852,-0.9336518924824274,2,2,0.064,710.0,0.8296653404831886,0.9795348113878266,-0.42953481138782657
137,137,categorical_soft,1,1,False,0.0,0.0,0.0,1.0,0.0,2,-1.0,0.3727195270359516,-2.5234177112579346,3.3489418268203734,-1.0156707763671875,0.3727195270359516,0.0027760474522250675,0.9846768807961747,0.0125470717516001,0.0027760474522250675,0.9846768807961747,0.0125470717516001,0.9846768807961747,0.0027760474522250675,-0.9721298090445746,2,2,0.256,1170.0,0.9370100349187851,0.9789839075363657,-0.4289839075363656
138,138,categorical_soft,0,0,False,0.0,0.0,1.0,0.0,0.0,1,-1.0,0.4668679416179657,3.3899375200271606,-0.4219513893127441,-0.22938870042562484,0.4668679416179657,0.9532974210407626,0.02113285006343215,0.025569728895804965,0.9532974210407626,0.02113285006343215,0.025569728895804965,0.9532974210407626,0.02113285006343215,-0.9277276921449576,1,1,0.256,520.0,0.7035814672708511,0.9700524971125286,-0.42005249711252857
139,139,categorical_soft,0,0,True,0.5633984061695912,0.0,0.43660157918930054,0.0,0.5633984208106995,3,0.12679684162139893,0.3691330417990685,-0.6415823340415955,0.828080677986145,0.08684488832950592,0.3691330417990685,0.13487504148620472,0.5858200254208523,0.279304933092943,0.13487504148620472,0.5858200254208523,0.279304933092943,0.13487504148620472,0.5858200254208523,0.1444298916067383,2,2,0.032,550.0,0.004771977663040161,0.5020469266401053,0.04795307335989474
140,140,categorical_soft,0,0,True,0.20074126903059886,0.0,0.7992587089538574,0.0,0.20074127614498138,1,-0.598517432808876,0.20280263423919678,1.9284945249557495,-0.13880651742219924,0.4360237419605255,0.20280263423919678,0.7394402659415691,0.09397543288048579,0.16658430117794504,0.7394402659415691,0.09397543288048579,0.16658430117794504,0.7394402659415691,0.09397543288048579,-0.572855964763624,1,1,0.032,910.0,0.42986413836479187,0.8406197921304861,-0.29061979213048605
141,141,categorical_soft,0,0,True,0.13822393699639696,0.0,0.8617760539054871,0.0,0.13822393119335175,1,-0.7235521227121353,0.3154520712792873,4.426954317092895,-0.634268170595169,0.5380351454019546,0.3154520712792873,0.9737986925985347,0.006222189519410694,0.019979117882054708,0.9737986925985347,0.006222189519410694,0.019979117882054708,0.9737986925985347,0.006222189519410694,-0.9538195747164799,1,1,0.256,1090.0,1.5090577974915504,0.9988286034420863,-0.4488286034420863
142,142,categorical_soft,0,0,True,0.1386426140440054,0.0,0.8613573908805847,0.0,0.13864260911941528,1,-0.7227147817611694,0.35522671043872833,3.3674372673034667,-0.4679438889026642,0.5002206683158874,0.35522671043872833,0.9270318703159102,0.020110900278260117,0.052857229405829556,0.9270318703159102,0.020110900278260117,0.052857229405829556,0.9270318703159102,0.020110900278260117,-0.8741746409100806,1,1,0.512,520.0,1.1852051876485348,0.9971120824108168,-0.4471120824108168
143,143,categorical_soft,1,1,False,0.0,0.0,0.0,1.0,0.0,2,-1.0,0.47858079373836515,-1.8409939527511596,2.5200132608413695,-0.9566277444362641,0.47858079373836515,0.012237559485254701,0.9580613038144457,0.02970113670029988,0.012237559485254701,0.9580613038144457,0.02970113670029988,0.9580613038144457,0.012237559485254701,-0.9283601671141458,2,2,0.128,820.0,0.8714949004352093,0.9809465115266203,-0.4309465115266202
144,144,categorical_soft,0,0,True,0.6047506896738587,0.0,0.39524930715560913,0.0,0.6047506928443909,3,0.20950138568878174,0.25190791208297014,0.16773299276828765,0.2273046389222145,0.16367927566170692,0.25190791208297014,0.32697364461405354,0.3475150143840344,0.3255113410019121,0.32697364461405354,0.3475150143840344,0.3255113410019121,0.32697364461405354,0.3475150143840344,-0.0014623036121414468,2,2,0.0,930.0,0.0715331882238388,0.46956332434263837,0.08043667565736168
145,145,categorical_soft,0,0,False,0.0,0.0,1.0,0.0,0.0,1,-1.0,0.49524890184402465,-0.6528104484081269,1.4103068113327026,-0.6351044654846192,0.49524890184402465,0.10122046379273206,0.7956982044360538,0.1030813317712141,0.10122046379273206,0.7956982044360538,0.1030813317712141,0.10122046379273206,0.7956982044360538,0.0018608679784820475,2,2,0.0,720.0,0.18114810436964035,0.6614705638313395,-0.11147056383133946
146,146,categorical_soft,1,1,True,0.1519203241885233,0.0,0.0,0.8480796813964844,0.15192031860351562,2,-0.6961593627929688,0.33551517575979234,-0.9028975903987885,1.0988731861114502,0.029767399840056896,0.33551517575979234,0.0914519446078387,0.6763265741088793,0.23222148128328185,0.0914519446078387,0.6763265741088793,0.23222148128328185,0.6763265741088793,0.0914519446078387,-0.44410509282559746,2,2,0.032,760.0,0.654623880982399,0.9501698761583731,-0.4001698761583731
147,147,categorical_soft,0,0,True,0.14111425726669852,0.0,0.8588857650756836,0.0,0.1411142498254776,1,-0.717771515250206,0.3768924318253994,2.168426775932312,-0.18907229825854302,0.3347001254558563,0.3768924318253994,0.797104485404554,0.07547358903634195,0.12742192555910395,0.797104485404554,0.07547358903634195,0.12742192555910395,0.797104485404554,0.07547358903634195,-0.6696825598454501,1,1,0.064,550.0,0.8895179703831673,0.9873244413996682,-0.4373244413996682
148,148,categorical_soft,0,0,False,0.0,0.0,1.0,0.0,0.0,1,-1.0,0.4612225368618965,3.7449846982955934,-0.44366818070411684,-0.3050024926662445,0.4612225368618965,0.9683273384227202,0.01478994894325073,0.016882712634029136,0.9683273384227202,0.01478994894325073,0.016882712634029136,0.9683273384227202,0.01478994894325073,-0.951444625788691,1,1,0.256,640.0,0.9410156607627869,0.989011461538332,-0.4390114615383319
149,149,categorical_soft,1,1,False,0.0,0.0,0.0,1.0,0.0,2,-1.0,0.42165020033717154,-2.9260067701339723,3.962366461753845,-1.1487123727798463,0.42165020033717154,0.0010132733712968005,0.9929735518644744,0.006013174764228755,0.0010132733712968005,0.9929735518644744,0.006013174764228755,0.9929735518644744,0.0010132733712968005,-0.9869603771002456,2,2,0.512,1010.0,0.884843185544014,0.9776384682656628,-0.42763846826566276
150,150,categorical_soft,1,1,True,0.2515553254723077,0.0,0.0,0.748444676399231,0.25155532360076904,2,-0.4968893527984619,0.22463321387767793,0.19400643259286882,0.19019683003425597,0.08396337926387787,0.22463321387767793,0.34586381047523884,0.3444909807798574,0.30964520874490375,0.34586381047523884,0.3444909807798574,0.30964520874490375,0.3444909807798574,0.34586381047523884,-0.03484577203495365,1,1,0.0,1140.0,0.39154666662216187,0.76804389163125,-0.21804389163124993
151,151,categorical_soft,1,1,True,0.16508592190326005,0.0,0.0,0.8349140882492065,0.16508592665195465,2,-0.6698281615972519,0.2753058593720198,-1.0663636445999145,1.1932076454162597,0.043617993034422396,0.2753058593720198,0.07346567947827795,0.7035786552018064,0.2229556653199157,0.07346567947827795,0.7035786552018064,0.2229556653199157,0.7035786552018064,0.07346567947827795,-0.48062298988189067,2,2,0.064,450.0,0.4585789884440601,0.9136067979112812,-0.36360679791128114
152,152,categorical_soft,0,0,True,0.13982705296845277,0.0,0.8601729273796082,0.0,0.13982705771923065,1,-0.7203458696603775,0.28858097940683364,2.4144708156585692,-0.1755761831998825,0.4229525476694107,0.28858097940683364,0.8252735325860797,0.06199191133700015,0.11273455607692,0.8252735325860797,0.06199191133700015,0.11273455607692,0.8252735325860797,0.06199191133700015,-0.7125389765091598,1,1,0.256,680.0,1.0252197608351707,0.9923499347600208,-0.4423499347600207
153,153,categorical_soft,1,1,False,0.0,0.0,0.0,1.0,0.0,2,-1.0,0.46559969782829286,-1.9973020553588867,2.6843311548233033,-0.872610342502594,0.46559969782829286,0.008930956296368999,0.9635444899144048,0.027524553789226164,0.008930956296368999,0.9635444899144048,0.027524553789226164,0.9635444899144048,0.008930956296368999,-0.9360199361251786,2,2,0.128,570.0,0.8900863528251648,0.9870548531058613,-0.43705485310586123
154,154,categorical_soft,1,1,True,0.38718682720448966,0.0,0.0,0.6128131747245789,0.38718682527542114,2,-0.22562634944915771,0.26255502477288245,0.21393169462680817,0.25688940584659575,0.18551531434059143,0.26255502477288245,0.331775501572469,0.3463232864604832,0.32190121196704785,0.331775501572469,0.3463232864604832,0.32190121196704785,0.3463232864604832,0.331775501572469,-0.024422074493435364,2,2,0.0,420.0,0.08563469350337982,0.6369667935119121,-0.08696679351191205
155,155,categorical_soft,1,1,True,0.6919414839182145,0.0,0.0,0.3080585300922394,0.691941499710083,3,0.38388296961784363,0.3313754364848137,-0.15076940767467023,0.48353894948959353,0.13732935041189193,0.3313754364848137,0.2375791682300433,0.4467961148191164,0.3156247169508402,0.2375791682300433,0.4467961148191164,0.3156247169508402,0.4467961148191164,0.2375791682300433,-0.1311713978682762,2,2,0.0,1110.0,0.05216918885707855,0.3931617373280032,0.15683826267199685
156,156,categorical_soft,1,1,False,0.0,0.0,0.0,1.0,0.0,2,-1.0,0.3934694558382034,-2.258093786239624,3.212601971626282,-1.1376597881317139,0.3934694558382034,0.004148575388805703,0.9831072484659164,0.012744176145278101,0.004148575388805703,0.9831072484659164,0.012744176145278101,0.9831072484659164,0.004148575388805703,-0.9703630723206382,2,2,0.512,620.0,1.0369794890284538,0.9932770033740341,-0.4432770033740341
157,157,categorical_soft,0,0,True,0.14246930285070097,0.0,0.8575307130813599,0.0,0.14246930181980133,1,-0.7150614112615585,0.33848462738096713,3.413154935836792,-0.4179143011569977,0.5492321103811264,0.33848462738096713,0.9266764015373863,0.020236765142111514,0.05308683332050214,0.9266764015373863,0.020236765142111514,0.05308683332050214,0.9266764015373863,0.020236765142111514,-0.8735895682168842,1,1,0.256,1190.0,0.9762993305921555,0.9821923797642307,-0.43219237976423064
158,158,categorical_soft,0,0,False,0.0,0.0,1.0,0.0,0.0,1,-1.0,0.40221756175160406,2.1404895067214964,-0.10340771824121475,-0.2090791329741478,0.40221756175160406,0.8321334773207208,0.08846869923547585,0.07939782344380328,0.8321334773207208,0.08846869923547585,0.07939782344380328,0.8321334773207208,0.08846869923547585,-0.7527356538769175,1,1,0.032,970.0,0.5593879073858261,0.9026409468277098,-0.35264094682770974
159,159,categorical_soft,0,0,True,0.2248344800933998,0.0,0.7751654982566833,0.0,0.22483448684215546,1,-0.5503310114145279,0.2784571874886751,1.8879752039909363,-0.10436245687305927,0.40710744857788084,0.2784571874886751,0.7330113406649383,0.10007485920691343,0.16691380012814822,0.7330113406649383,0.10007485920691343,0.16691380012814822,0.7330113406649383,0.10007485920691343,-0.5660975405367901,1,1,0.064,1100.0,0.4242866486310959,0.8031953762369244,-0.25319537623692434
160,160,categorical_soft,0,0,True,0.22324250122744782,0.0,0.7767574787139893,0.0,0.22324250638484955,1,-0.5535149723291397,0.403229907900095,0.2561610445380211,0.16059934571385384,0.12424284368753433,0.403229907900095,0.35908849984310093,0.3263379502624093,0.31457354989448977,0.35908849984310093,0.3263379502624093,0.31457354989448977,0.35908849984310093,0.3263379502624093,-0.04451494994861116,1,1,0.0,570.0,0.29719260334968567,0.8054738559841625,-0.2554738559841625
161,161,categorical_soft,0,0,False,0.0,0.0,1.0,0.0,0.0,1,-1.0,0.39789761006832125,4.812041711807251,-0.5175256967544556,-0.431524732708931,0.39789761006832125,0.9899542851689551,0.004802388593501171,0.005243326237543736,0.9899542851689551,0.004802388593501171,0.005243326237543736,0.9899542851689551,0.004802388593501171,-0.9847109589314114,1,1,0.256,1120.0,0.8825294226408005,0.9742646649939778,-0.42426466499397775
162,162,categorical_soft,0,0,False,0.0,0.0,1.0,0.0,0.0,1,-1.0,0.42071903720498083,3.2597804069519043,-0.4113204300403595,-0.32803957164287567,0.42071903720498083,0.9493329301957235,0.02435583650212197,0.026311233302154395,0.9493329301957235,0.02435583650212197,0.026311233302154395,0.9493329301957235,0.02435583650212197,-0.9230216968935692,1,1,0.064,1170.0,0.6937208026647568,0.9337542971450663,-0.38375429714506626
163,163,categorical_soft,0,0,False,0.0,0.0,1.0,0.0,0.0,1,-1.0,0.4321164026856422,4.338386821746826,-0.5964891195297242,-0.30380948185920714,0.4321164026856422,0.983424272264771,0.0070936744852260316,0.009482053250002915,0.983424272264771,0.0070936744852260316,0.009482053250002915,0.983424272264771,0.0070936744852260316,-0.9739422190147681,1,1,0.512,420.0,1.0640278086066246,0.9953650626985455,-0.4453650626985455
164,164,categorical_soft,1,1,True,0.17329589949797325,0.0,0.0,0.8267040848731995,0.17329590022563934,2,-0.6534081846475601,0.30081238094717266,-1.2508814096450807,1.5969754695892333,-0.03150113876909018,0.30081238094717266,0.04632323543283226,0.797173354717643,0.15650340984952482,0.04632323543283226,0.797173354717643,0.15650340984952482,0.797173354717643,0.04632323543283226,-0.6406699448681181,2,2,0.128,630.0,0.45692120492458344,0.8941022071415985,-0.34410220714159845
165,165,categorical_soft,0,0,False,0.0,0.0,1.0,0.0,0.0,1,-1.0,0.5134670317173005,-0.30852359235286714,0.939371532201767,-0.37076765596866607,0.5134670317173005,0.18444441185583857,0.6422549960684335,0.17330059207572793,0.18444441185583857,0.6422549960684335,0.17330059207572793,0.18444441185583857,0.6422549960684335,-0.011143819780110642,2,2,0.032,450.0,0.3405662328004837,0.8555293667070335,-0.30552936670703346
166,166,categorical_soft,1,1,False,0.0,0.0,0.0,1.0,0.0,2,-1.0,0.4740248769521713,-0.8063054561614991,1.3317408204078673,-0.4924106866121292,0.4740248769521713,0.09226951014237536,0.7812465205060656,0.12648396935155912,0.09226951014237536,0.7812465205060656,0.12648396935155912,0.7812465205060656,0.09226951014237536,-0.6547625511545064,2,2,0.0,790.0,0.5542556680738926,0.918242385703389,-0.36824238570338896
167,167,categorical_soft,0,0,False,0.0,0.0,1.0,0.0,0.0,1,-1.0,0.4355813801288605,6.218023633956909,-0.696897667646408,-0.5208069235086441,0.4355813801288605,0.9978224160753723,0.0009945572705349214,0.001183026654092775,0.9978224160753723,0.0009945572705349214,0.001183026654092775,0.9978224160753723,0.0009945572705349214,-0.9966393894212795,1,1,0.512,960.0,1.1586555764079094,0.9944225634819186,-0.44442256348191855
168,168,categorical_soft,0,0,True,0.13808275097120648,0.0,0.86191725730896,0.0,0.13808275759220123,1,-0.7238344997167587,0.39073262810707093,5.997122001647949,-0.9149279832839966,0.5212229400873184,0.39073262810707093,0.9948148246196761,0.0010049554252992733,0.004180219955024679,0.9948148246196761,0.0010049554252992733,0.004180219955024679,0.9948148246196761,0.0010049554252992733,-0.9906346046646514,1,1,0.512,1150.0,1.6639904230833054,0.9994114755264566,-0.44941147552645655
169,169,categorical_soft,1,1,False,0.0,0.0,0.0,1.0,0.0,2,-1.0,0.44032826870679853,-2.339163613319397,3.2320693731307983,-0.9849780857563019,0.44032826870679853,0.0037393739436773913,0.9817787885172027,0.014481837539119866,0.0037393739436773913,0.9817787885172027,0.014481837539119866,0.9817787885172027,0.0037393739436773913,-0.9672969509780828,2,2,0.512,630.0,0.9054725877940655,0.987096515143741,-0.4370965151437409
170,170,categorical_soft,1,1,True,0.15469499962109745,0.0,0.0,0.8453050255775452,0.15469500422477722,2,-0.6906100213527679,0.2807123053818941,-1.1824908137321473,1.4686479806900024,-0.031236321106553076,0.2807123053818941,0.054577554166440875,0.7729192943106072,0.17250315152295187,0.054577554166440875,0.7729192943106072,0.17250315152295187,0.7729192943106072,0.054577554166440875,-0.6004161427876553,2,2,0.512,400.0,0.5329052275046706,0.941803186065585,-0.39180318606558495
171,171,categorical_soft,1,1,True,0.15684755429634534,0.0,0.0,0.8431524634361267,0.15684755146503448,2,-0.6863049119710922,0.20918166264891624,-1.627599060535431,2.0600223302841187,0.026173870265483856,0.20918166264891624,0.02165761774495387,0.8651031349273752,0.11323924732767095,0.02165761774495387,0.8651031349273752,0.11323924732767095,0.8651031349273752,0.02165761774495387,-0.7518638875997042,2,2,0.128,750.0,0.5967523828148842,0.9355792000910905,-0.3855792000910905
172,172,categorical_soft,0,0,False,0.0,0.0,1.0,0.0,0.0,1,-1.0,0.4332726180553436,2.1322421193122865,-0.2090804636478424,-0.2145267739892006,0.4332726180553436,0.8387006082561628,0.0809550475572464,0.08034434418659069,0.8387006082561628,0.0809550475572464,0.08034434418659069,0.8387006082561628,0.0809550475572464,-0.7583562640695721,1,1,0.064,1000.0,0.7131521999835968,0.9500865290201956,-0.4000865290201956
173,173,categorical_soft,1,1,False,0.0,0.0,0.0,1.0,0.0,2,-1.0,0.5433295488357544,-2.521325421333313,3.4314980268478394,-1.0261685073375701,0.5433295488357544,0.0025637019952042665,0.9860014009877057,0.011434897017090152,0.0025637019952042665,0.9860014009877057,0.011434897017090152,0.9860014009877057,0.0025637019952042665,-0.9745665039706156,2,2,0.512,710.0,0.926895696669817,0.9872083280702392,-0.4372083280702391
174,174,categorical_soft,1,1,False,0.0,0.0,0.0,1.0,0.0,2,-1.0,0.34669471606612207,-1.677553653717041,2.0835556268692015,-0.6847993612289429,0.34669471606612207,0.02142049849645116,0.9206472023953467,0.057932299108202134,0.02142049849645116,0.9206472023953467,0.057932299108202134,0.9206472023953467,0.02142049849645116,-0.8627149032871446,2,2,0.128,510.0,0.8757945969700813,0.9870818102457184,-0.43708181024571835
175,175,categorical_soft,1,1,False,0.0,0.0,0.0,1.0,0.0,2,-1.0,0.4220580220222473,0.15906900390982628,0.6889960885047912,-0.44644683301448823,0.4220580220222473,0.3085340085280433,0.5233471100101778,0.1681188814617789,0.3085340085280433,0.5233471100101778,0.1681188814617789,0.5233471100101778,0.3085340085280433,-0.35522822854839886,2,2,0.032,420.0,0.14259213209152222,0.6989029943655043,-0.14890299436550425
176,176,categorical_soft,0,0,False,0.0,0.0,1.0,0.0,0.0,1,-1.0,0.3830483742058277,4.11818561553955,-0.48508049845695494,-0.27337760031223296,0.3830483742058277,0.9780775868403714,0.009808241475957661,0.012114171683670953,0.9780775868403714,0.009808241475957661,0.012114171683670953,0.9780775868403714,0.009808241475957661,-0.9659634151567005,1,1,0.512,430.0,0.9890631213784218,0.993234279246882,-0.44323427924688197
177,177,categorical_soft,0,0,True,0.14220901230710697,0.0,0.857791006565094,0.0,0.1422090083360672,1,-0.7155819982290268,0.29410065785050393,2.3556365966796875,-0.23299650251865386,0.4166743367910385,0.29410065785050393,0.8203181441810367,0.061644145504903956,0.11803771031405945,0.8203181441810367,0.061644145504903956,0.11803771031405945,0.8203181441810367,0.061644145504903956,-0.7022804338669772,1,1,0.128,680.0,0.8628118187189102,0.9831660768651947,-0.4331660768651947
178,178,categorical_soft,1,1,False,0.0,0.0,0.0,1.0,0.0,2,-1.0,0.43950502574443817,-3.322964406013489,4.26320333480835,-1.2524909138679505,0.43950502574443817,0.0005056471329333687,0.9954793859805433,0.0040149668865231926,0.0005056471329333687,0.9954793859805433,0.0040149668865231926,0.9954793859805433,0.0005056471329333687,-0.9914644190940202,2,2,0.512,1100.0,0.9082893161103129,0.9777844890366508,-0.4277844890366508
179,179,categorical_soft,0,0,True,0.2096389923333335,0.0,0.7903609871864319,0.0,0.20963899791240692,1,-0.580721989274025,0.3024830626323819,0.2971662551164627,0.27206589877605436,0.2364106684923172,0.3024830626323819,0.34299588553514027,0.3343651179692234,0.3226389964956362,0.34299588553514027,0.3343651179692234,0.3226389964956362,0.34299588553514027,0.3343651179692234,-0.020356889039504056,1,1,0.0,530.0,0.31519949436187744,0.826003236936907,-0.276003236936907
180,180,categorical_soft,0,0,False,0.0,0.0,1.0,0.0,0.0,1,-1.0,0.4563716650009155,2.8470298767089846,-0.2949500873684883,-0.25992324501276015,0.4563716650009155,0.9187613513374029,0.04004755234355465,0.04119109631904254,0.9187613513374029,0.04004755234355465,0.04119109631904254,0.9187613513374029,0.04004755234355465,-0.8775702550183604,1,1,0.032,660.0,0.8083652555942535,0.9786259904641058,-0.42862599046410577
181,181,categorical_soft,1,1,True,0.14796051642241764,0.0,0.0,0.8520394563674927,0.14796051383018494,2,-0.7040789425373077,0.34672747924923897,-1.7915169596672058,2.097184920310974,-0.03413658980280161,0.34672747924923897,0.018003705056585988,0.8777889632329934,0.10420733171042074,0.018003705056585988,0.8777889632329934,0.10420733171042074,0.8777889632329934,0.018003705056585988,-0.7735816315225726,2,2,0.256,780.0,0.7220612280070782,0.9628616094181124,-0.41286160941811234
182,182,categorical_soft,1,1,False,0.0,0.0,0.0,1.0,0.0,2,-1.0,0.3927560210227966,-0.015557180671021343,0.6970986485481262,-0.28742212653160093,0.3927560210227966,0.26302672991601683,0.5364307437462942,0.20054252633768907,0.26302672991601683,0.5364307437462942,0.20054252633768907,0.5364307437462942,0.26302672991601683,-0.3358882174086051,2,2,0.0,620.0,0.32470835000276566,0.8169446782905361,-0.26694467829053603
183,183,categorical_soft,1,1,False,0.0,0.0,0.0,1.0,0.0,2,-1.0,0.32357618510723113,-2.082543659210205,2.636255407333374,-0.8593374252319336,0.32357618510723113,0.008618365141337275,0.9620929904715384,0.02928864438712424,0.008618365141337275,0.9620929904715384,0.02928864438712424,0.9620929904715384,0.008618365141337275,-0.9328043460844142,2,2,0.512,440.0,0.9864633828401566,0.9930653685045051,-0.44306536850450506
184,184,categorical_soft,0,0,True,0.14023177311416907,0.0,0.8597682118415833,0.0,0.14023177325725555,1,-0.7195364385843277,0.24507962130010127,2.2438562393188475,-0.19731491357088088,0.42606113851070404,0.24507962130010127,0.8002425629792507,0.06970861038825661,0.1300488266324927,0.8002425629792507,0.06970861038825661,0.1300488266324927,0.8002425629792507,0.06970861038825661,-0.6701937363467579,1,1,0.064,1040.0,1.0746464524418116,0.9907534544092869,-0.4407534544092868
185,185,categorical_soft,0,0,False,0.0,0.0,1.0,0.0,0.0,1,-1.0,0.43814932703971865,4.260374069213867,-0.5220976173877716,-0.3328302353620529,0.43814932703971865,0.9817773783720913,0.008276722725586012,0.009945898902322536,0.9817773783720913,0.008276722725586012,0.009945898902322536,0.9817773783720913,0.008276722725586012,-0.9718314794697688,1,1,0.256,690.0,0.824377030134201,0.9794972389177028,-0.42949723891770275
186,186,categorical_soft,1,1,False,0.0,0.0,0.0,1.0,0.0,2,-1.0,0.4689137935638428,-1.8731602549552917,2.472098445892334,-0.8734894931316376,0.4689137935638428,0.012409225406820495,0.9538156913962442,0.03377508319693522,0.012409225406820495,0.9538156913962442,0.03377508319693522,0.9538156913962442,0.012409225406820495,-0.920040608199309,2,2,0.064,780.0,0.8256258368492126,0.9773373939606169,-0.4273373939606169
187,187,categorical_soft,0,0,True,0.14698093772251564,0.0,0.8530190587043762,0.0,0.14698094129562378,1,-0.7060381174087524,0.25832091383635997,2.5045230865478514,-0.26438202857971194,0.45240649580955505,0.25832091383635997,0.8392973656447292,0.05268369247168627,0.10801894188358449,0.8392973656447292,0.05268369247168627,0.10801894188358449,0.8392973656447292,0.05268369247168627,-0.7312784237611447,1,1,0.032,990.0,0.7931640520691872,0.9661522905281389,-0.41615229052813885
188,188,categorical_soft,0,0,True,0.13887839029869398,0.0,0.8611215949058533,0.0,0.13887839019298553,1,-0.7222432047128677,0.36876062452793124,3.8850809574127196,-0.5696342468261719,0.7042479574680328,0.36876062452793124,0.9491117609390958,0.011141588306981583,0.039746650753922544,0.9491117609390958,0.011141588306981583,0.039746650753922544,0.9491117609390958,0.011141588306981583,-0.9093651101851732,1,1,0.512,820.0,1.2002649754285812,0.9961531855960688,-0.44615318559606876
189,189,categorical_soft,1,1,True,0.4922808545515101,0.0,0.0,0.5077191591262817,0.49228084087371826,2,-0.015438318252563477,0.25683289803564546,-0.4310830652713776,0.5656259834766388,0.08630548100918531,0.25683289803564546,0.18564647987557387,0.502903490197037,0.3114500299273893,0.18564647987557387,0.502903490197037,0.3114500299273893,0.502903490197037,0.18564647987557387,-0.19145346026964766,2,2,0.0,870.0,0.1272290199995041,0.5557900779139849,-0.005790077913984892
190,190,categorical_soft,1,1,True,0.1614042197962,0.0,0.0,0.8385958075523376,0.16140422224998474,2,-0.6771915853023529,0.21282954514026642,-1.6178521394729615,1.862028992176056,0.02247497159987688,0.21282954514026642,0.02590847798526084,0.8404807773257943,0.13361074468894496,0.02590847798526084,0.8404807773257943,0.13361074468894496,0.8404807773257943,0.02590847798526084,-0.7068700326368493,2,2,0.128,1010.0,0.6217487994581461,0.9230908345077989,-0.3730908345077989
191,191,categorical_soft,0,0,False,0.0,0.0,1.0,0.0,0.0,1,-1.0,0.5785818189382553,2.772814989089966,-0.27406934052705767,-0.2588008150458336,0.5785818189382553,0.9124000359383247,0.0435728640026529,0.044027100059022425,0.9124000359383247,0.0435728640026529,0.044027100059022425,0.9124000359383247,0.0435728640026529,-0.8683729358793023,1,1,0.128,430.0,0.6901669502258301,0.971265268944122,-0.421265268944122
192,192,categorical_soft,1,1,False,0.0,0.0,0.0,1.0,0.0,2,-1.0,0.48313397765159605,-2.160877990722656,2.5640342950820925,-0.9264755785465241,0.48313397765159605,0.008548092626704164,0.9621047832205665,0.029347124152729175,0.008548092626704164,0.9621047832205665,0.029347124152729175,0.9621047832205665,0.008548092626704164,-0.9327576590678373,2,2,0.512,530.0,0.8170751482248306,0.9824240518826223,-0.43242405188262223
193,193,categorical_soft,0,0,True,0.145772605207241,0.0,0.8542274236679077,0.0,0.14577260613441467,1,-0.708454817533493,0.3511707678437233,2.7864284992218016,-0.288809534907341,0.48279671669006347,0.3511707678437233,0.8723612387083957,0.0404050134961978,0.0872337477954065,0.8723612387083957,0.0404050134961978,0.0872337477954065,0.8723612387083957,0.0404050134961978,-0.7851274909129892,1,1,0.128,1080.0,0.8427324146032333,0.9703012201844253,-0.4203012201844253
194,194,categorical_soft,1,1,False,0.0,0.0,0.0,1.0,0.0,2,-1.0,0.5280414909124375,1.0136112093925476,0.12426496520638466,-0.34803555607795716,0.5280414909124375,0.5996270135442948,0.24668616533003368,0.1536868211256714,0.5996270135442948,0.24668616533003368,0.1536868211256714,0.24668616533003368,0.5996270135442948,-0.09299934420436229,1,1,0.0,1050.0,0.24135959148406982,0.6382705062354783,-0.08827050623547827
195,195,categorical_soft,1,1,False,0.0,0.0,0.0,1.0,0.0,2,-1.0,0.4220102995634079,-0.3279963195323944,1.085540246963501,-0.4460759311914444,0.4220102995634079,0.16668278601303674,0.6851197830152759,0.1481974309716873,0.16668278601303674,0.6851197830152759,0.1481974309716873,0.6851197830152759,0.16668278601303674,-0.5369223520435886,2,2,0.0,580.0,0.03497976064682007,0.5300748520688947,0.019925147931105336
196,196,categorical_soft,1,1,False,0.0,0.0,0.0,1.0,0.0,2,-1.0,0.3924976274371147,-2.386359429359436,3.3152124166488646,-1.0054435193538667,0.3924976274371147,0.003287484385681904,0.9836212866896927,0.013091228924625506,0.003287484385681904,0.9836212866896927,0.013091228924625506,0.9836212866896927,0.003287484385681904,-0.9705300577650672,2,2,0.128,1090.0,0.8795745894312859,0.9748019174857763,-0.4248019174857762
197,197,categorical_soft,1,1,False,0.0,0.0,0.0,1.0,0.0,2,-1.0,0.43592275530099867,0.16259972155094146,0.5309371709823608,-0.3956661343574524,0.43592275530099867,0.33142276913247587,0.47893622603724867,0.18964100483027552,0.33142276913247587,0.47893622603724867,0.18964100483027552,0.47893622603724867,0.33142276913247587,-0.28929522120697315,2,2,0.0,530.0,0.456807479262352,0.9049384685594726,-0.35493846855947253
198,198,categorical_soft,1,1,True,0.16971806602308326,0.0,0.0,0.8302819132804871,0.16971807181835175,2,-0.6605638414621353,0.2778217077255249,-1.4848501801490783,1.7466861844062804,-0.02248181700706482,0.2778217077255249,0.03273095874928716,0.8263696616474668,0.14089937960324578,0.03273095874928716,0.8263696616474668,0.14089937960324578,0.8263696616474668,0.03273095874928716,-0.6854702820442211,2,2,0.128,940.0,0.5513442233204842,0.9023456784161284,-0.3523456784161284
199,199,categorical_soft,0,0,False,0.0,0.0,1.0,0.0,0.0,1,-1.0,0.46766751557588576,2.2723737478256227,-0.3064047873020172,-0.2438391402363777,0.46766751557588576,0.8643860162800312,0.06579626754584285,0.06981771617412587,0.8643860162800312,0.06579626754584285,0.06981771617412587,0.8643860162800312,0.06579626754584285,-0.7945683001059053,1,1,0.064,630.0,0.6827080249786377,0.9624110985426224,-0.41241109854262237
200,200,categorical_soft,0,0,True,0.1405106175801334,0.0,0.859489381313324,0.0,0.14051061868667603,1,-0.718978762626648,0.21603971011936665,2.321957564353943,-0.2601593494415283,0.47446107864379883,0.21603971011936665,0.8105066839430043,0.06145418466719529,0.12803913138980036,0.8105066839430043,0.06145418466719529,0.12803913138980036,0.8105066839430043,0.06145418466719529,-0.6824675525532039,1,1,0.256,510.0,0.9216797426342964,0.9896623360021629,-0.43966233600216287
201,201,categorical_soft,0,0,False,0.0,0.0,1.0,0.0,0.0,1,-1.0,0.4624230325222015,4.448791599273681,-0.6403962135314941,-0.3398965746164322,0.4624230325222015,0.9856800883816946,0.006099093987806696,0.008220817630498575,0.9856800883816946,0.006099093987806696,0.008220817630498575,0.9856800883816946,0.006099093987806696,-0.9774592707511961,1,1,0.128,1160.0,0.77137890458107,0.9543255483404679,-0.40432554834046786
202,202,categorical_soft,1,1,False,0.0,0.0,0.0,1.0,0.0,2,-1.0,0.3883220911026001,-1.666836953163147,2.337345910072327,-0.8627513706684112,0.3883220911026001,0.017256371537058134,0.9441707496833371,0.038572878779604684,0.017256371537058134,0.9441707496833371,0.038572878779604684,0.9441707496833371,0.017256371537058134,-0.9055978709037324,2,2,0.128,630.0,0.7733290158212185,0.9755886426620864,-0.4255886426620864
203,203,categorical_soft,1,1,True,0.1490194756019766,0.0,0.0,0.8509805202484131,0.14901947975158691,2,-0.7019610404968262,0.22768095061182975,-1.8717157363891601,2.3309481382369994,-0.05370704215019941,0.22768095061182975,0.013515948732541052,0.9032538378608617,0.08323021340659717,0.013515948732541052,0.9032538378608617,0.08323021340659717,0.9032538378608617,0.013515948732541052,-0.8200236244542645,2,2,0.256,720.0,0.6883350163698196,0.9593743057190663,-0.4093743057190663
204,204,categorical_soft,1,1,False,0.0,0.0,0.0,1.0,0.0,2,-1.0,0.3925587922334671,-1.5007444381713868,2.1406734943389893,-0.8097889661788941,0.3925587922334671,0.024377229449525657,0.9270649653171852,0.04855780523328919,0.024377229449525657,0.9270649653171852,0.04855780523328919,0.9270649653171852,0.024377229449525657,-0.878507160083896,2,2,0.032,880.0,0.786303885281086,0.9692417092065296,-0.4192417092065296
205,205,categorical_soft,0,0,False,0.0,0.0,1.0,0.0,0.0,1,-1.0,0.3555767647922039,3.264763021469116,-0.4029689908027649,-0.2814359575510025,0.3555767647922039,0.9481863077091537,0.02446594670239021,0.02734774558845602,0.9481863077091537,0.02446594670239021,0.02734774558845602,0.9481863077091537,0.02446594670239021,-0.9208385621206977,1,1,0.256,480.0,0.860015258193016,0.9865435989136945,-0.43654359891369443
206,206,categorical_soft,0,0,True,0.13854824437373459,0.0,0.8614517450332642,0.0,0.13854824006557465,1,-0.7229035049676895,0.39107638150453566,4.662299633026123,-0.6559849739074707,0.6367604553699493,0.39107638150453566,0.9775237442721233,0.004868468715095338,0.01760778701278127,0.9775237442721233,0.004868468715095338,0.01760778701278127,0.9775237442721233,0.004868468715095338,-0.959915957259342,1,1,0.512,860.0,1.2978549934923649,0.9974974387743648,-0.44749743877436476
207,207,categorical_soft,1,1,True,0.14534355196600074,0.0,0.0,0.854656457901001,0.14534355700016022,2,-0.7093129009008408,0.31187864411622285,-1.4491573095321655,1.7095302581787108,0.015659881755709648,0.31187864411622285,0.03470699083322253,0.8153861980145459,0.14990681115223162,0.03470699083322253,0.8153861980145459,0.14990681115223162,0.8153861980145459,0.03470699083322253,-0.6654793868623143,2,2,0.256,600.0,0.7358072251081467,0.9717991940936319,-0.42179919409363187
208,208,categorical_soft,0,0,False,0.0,0.0,1.0,0.0,0.0,1,-1.0,0.42107010185718535,4.901937675476074,-0.556016492843628,-0.3884054034948349,0.42107010185718535,0.9907611429148782,0.004236159275865158,0.005002697809256672,0.9907611429148782,0.004236159275865158,0.005002697809256672,0.9907611429148782,0.004236159275865158,-0.9857584451056215,1,1,0.512,550.0,0.9212616831064224,0.9891350999766536,-0.43913509997665356
209,209,categorical_soft,0,0,True,0.14118864567241024,0.0,0.8588113784790039,0.0,0.14118865132331848,1,-0.7176227271556854,0.2858260752633214,2.2930331230163574,-0.22087750732898712,0.5064562529325485,0.2858260752633214,0.8006793902832943,0.06496674728304334,0.13435386243366254,0.8006793902832943,0.06496674728304334,0.13435386243366254,0.8006793902832943,0.06496674728304334,-0.6663255278496317,1,1,0.128,920.0,0.9757032729685307,0.9870385860373436,-0.4370385860373436
210,210,categorical_soft,1,1,True,0.15860824482892266,0.0,0.0,0.8413917422294617,0.15860824286937714,2,-0.6827834993600845,0.2682474836707115,-1.7546478629112243,2.087363266944885,0.013009367790073157,0.2682474836707115,0.018706962977711548,0.8717538709984236,0.10953916602386493,0.018706962977711548,0.8717538709984236,0.10953916602386493,0.8717538709984236,0.018706962977711548,-0.7622147049745587,2,2,0.128,1120.0,0.6714484915137291,0.9306480679911552,-0.38064806799115514
211,211,categorical_soft,1,1,False,0.0,0.0,0.0,1.0,0.0,2,-1.0,0.4063900589942932,-1.8832087993621827,2.8570037126541137,-1.012600940465927,0.4063900589942932,0.008492339025797319,0.9712101711389826,0.020297489835220093,0.008492339025797319,0.9712101711389826,0.020297489835220093,0.9712101711389826,0.008492339025797319,-0.9509126813037625,2,2,0.128,630.0,0.9032019004225731,0.9869536354201252,-0.4369536354201251
212,212,categorical_soft,1,1,False,0.0,0.0,0.0,1.0,0.0,2,-1.0,0.45306108966469766,-1.905564272403717,2.550231170654297,-0.9539031565189362,0.45306108966469766,0.011153046444668592,0.9599440369686618,0.028902916586669557,0.011153046444668592,0.9599440369686618,0.028902916586669557,0.9599440369686618,0.011153046444668592,-0.9310411203819923,2,2,0.256,490.0,0.8382568582892418,0.9848693830353438,-0.4348693830353437
213,213,categorical_soft,0,0,True,0.1411430340477458,0.0,0.8588569760322571,0.0,0.1411430388689041,1,-0.717713937163353,0.21940352004021407,2.128113877773285,-0.19166549667716026,0.46460631787776946,0.21940352004021407,0.7760605345201352,0.07631567477416464,0.14762379070570017,0.7760605345201352,0.07631567477416464,0.14762379070570017,0.7760605345201352,0.07631567477416464,-0.628436743814435,1,1,0.128,620.0,0.9049015678465366,0.9872138017206691,-0.43721380172066904
214,214,categorical_soft,1,1,True,0.33175343955558406,0.0,0.0,0.6682465672492981,0.3317534327507019,2,-0.3364931344985962,0.3102004759013653,1.010210531949997,0.016809708345681428,0.2526436045765877,0.3102004759013653,0.5437219634587782,0.20136619667716005,0.25491183986406174,0.5437219634587782,0.20136619667716005,0.25491183986406174,0.20136619667716005,0.5437219634587782,0.05354564318690169,1,1,0.0,1170.0,0.3128942549228668,0.6845322045734847,-0.1345322045734847
215,215,categorical_soft,0,0,True,0.14168217634812003,0.0,0.8583178520202637,0.0,0.14168217778205872,1,-0.716635674238205,0.30923582538962363,0.4770823746919632,0.11789951622486114,0.14972978606820106,0.30923582538962363,0.4133753467915747,0.28871396621961287,0.2979106869888123,0.4133753467915747,0.28871396621961287,0.2979106869888123,0.4133753467915747,0.28871396621961287,-0.11546465980276244,1,1,0.0,400.0,0.8201030120253563,0.9851543467679202,-0.4351543467679202
216,216,categorical_soft,1,1,False,0.0,0.0,0.0,1.0,0.0,2,-1.0,0.40127193182706833,-1.9549833178520202,2.585418462753296,-0.8415812015533447,0.40127193182706833,0.010239954023486935,0.9585990029704391,0.031161043006073842,0.010239954023486935,0.9585990029704391,0.031161043006073842,0.9585990029704391,0.010239954023486935,-0.9274379599643653,2,2,0.032,1070.0,0.9571733213961124,0.9830576817710954,-0.4330576817710954
217,217,categorical_soft,1,1,True,0.14734119037216775,0.0,0.0,0.8526588082313538,0.14734119176864624,2,-0.7053176164627075,0.2988384760916233,-1.2317772269248963,1.593306040763855,0.08893684670329094,0.2988384760916233,0.04638836251710411,0.7802511527834557,0.17336048469944018,0.04638836251710411,0.7802511527834557,0.17336048469944018,0.7802511527834557,0.04638836251710411,-0.6068906680840155,2,2,0.128,510.0,0.6679420471191406,0.9649346902173321,-0.4149346902173321
218,218,categorical_soft,1,1,True,0.14561376889664313,0.0,0.0,0.8543862104415894,0.14561377465724945,2,-0.7087724357843399,0.3321077525615692,-2.1469964742660523,2.5485729217529296,0.009339610487222672,0.3321077525615692,0.008398780660934375,0.9190346514975059,0.07256656784156003,0.008398780660934375,0.9190346514975059,0.07256656784156003,0.9190346514975059,0.008398780660934375,-0.8464680836559458,2,2,0.512,840.0,0.7877875319682062,0.9708542288902703,-0.42085422889027024
219,219,categorical_soft,0,0,False,0.0,0.0,1.0,0.0,0.0,1,-1.0,0.5237390607595444,4.001696467399597,-0.5048722207546235,-0.25640497654676436,0.5237390607595444,0.9754017528045154,0.010788719958677428,0.013809527236807218,0.9754017528045154,0.010788719958677428,0.013809527236807218,0.9754017528045154,0.010788719958677428,-0.9615922255677082,1,1,0.256,790.0,0.9336192756891251,0.9863823598187527,-0.4363823598187526
220,220,categorical_soft,1,1,False,0.0,0.0,0.0,1.0,0.0,2,-1.0,0.41135398671031,-1.426832926273346,1.8969161868095399,-0.7750731766223907,0.41135398671031,0.032612528303821414,0.9046927585921132,0.06269471310406535,0.032612528303821414,0.9046927585921132,0.06269471310406535,0.9046927585921132,0.032612528303821414,-0.8419980454880478,2,2,0.032,930.0,0.695711875683628,0.9500247111675635,-0.40002471116756344
221,221,categorical_soft,1,1,True,0.14853097830641065,0.0,0.0,0.8514690399169922,0.148530974984169,2,-0.7029380649328232,0.35464033037424086,-1.6021313548088074,1.9297353386878968,-0.05504569634795189,0.35464033037424086,0.025079816675311152,0.857118449671359,0.11780173365332983,0.025079816675311152,0.857118449671359,0.11780173365332983,0.857118449671359,0.025079816675311152,-0.7393167160180292,2,2,0.256,600.0,0.6674078479409218,0.9609741496551975,-0.4109741496551974
222,222,categorical_soft,1,1,True,0.1561274774266378,0.0,0.0,0.8438725471496582,0.15612748265266418,2,-0.687745064496994,0.28381786942481996,-1.453757917881012,1.7565974950790406,0.06734844874590636,0.28381786942481996,0.032937807756785085,0.8163164296607391,0.15074576258247574,0.032937807756785085,0.8163164296607391,0.15074576258247574,0.8163164296607391,0.032937807756785085,-0.6655706670782634,2,2,0.128,920.0,0.6455166675150394,0.9376366289807997,-0.38763662898079965
223,223,categorical_soft,1,1,False,0.0,0.0,0.0,1.0,0.0,2,-1.0,0.3260438144207001,-2.9184589862823485,4.063817071914673,-1.1714303970336915,0.3260438144207001,0.000923964883944196,0.9937730496100864,0.005302985505969466,0.000923964883944196,0.9937730496100864,0.005302985505969466,0.9937730496100864,0.000923964883944196,-0.988470064104117,2,2,0.512,1080.0,0.9951790161430836,0.9857344003738269,-0.4357344003738268
224,224,categorical_soft,0,0,False,0.0,0.0,1.0,0.0,0.0,1,-1.0,0.36787412464618685,-1.6338072180747987,2.255867052078247,-0.84988813996315,0.36787412464618685,0.01920702316034663,0.9387133238856263,0.04207965295402702,0.01920702316034663,0.9387133238856263,0.04207965295402702,0.01920702316034663,0.9387133238856263,0.02287262979368039,2,2,0.0,1140.0,0.4604542929737363,0.8228637386141178,-0.2728637386141177
225,225,categorical_soft,0,0,False,0.0,0.0,1.0,0.0,0.0,1,-1.0,0.3897945709526539,2.5731295108795167,-0.31614331156015396,-0.2331990644335747,0.3897945709526539,0.8957238006185424,0.0501381556094041,0.05413804377205349,0.8957238006185424,0.0501381556094041,0.05413804377205349,0.8957238006185424,0.0501381556094041,-0.841585756846489,1,1,0.032,740.0,0.7069098949432373,0.9619124420023145,-0.41191244200231447
226,226,categorical_soft,0,0,True,0.1528089201268638,0.0,0.8471910953521729,0.0,0.15280891954898834,1,-0.6943821758031845,0.26869134288281205,1.1219740867614747,0.006742449011653662,0.3297006994485855,0.26869134288281205,0.5615318694425022,0.18407194698705917,0.2543961835704384,0.5615318694425022,0.18407194698705917,0.2543961835704384,0.5615318694425022,0.18407194698705917,-0.3071356858720638,1,1,0.064,1010.0,0.7045481577515602,0.9474461245798402,-0.3974461245798402
227,227,categorical_soft,1,1,True,0.15360463462581997,0.0,0.0,0.8463953733444214,0.1536046415567398,2,-0.6927907317876816,0.32747538313269614,-1.2788530349731446,1.5178351521492004,0.06122000440955162,0.32747538313269614,0.0471520247624226,0.7726952011456705,0.18015277409190697,0.0471520247624226,0.7726952011456705,0.18015277409190697,0.7726952011456705,0.0471520247624226,-0.5925424270537635,2,2,0.512,420.0,0.5501690473174676,0.945042986345464,-0.395042986345464
228,228,categorical_soft,0,0,True,0.14064528422321942,0.0,0.8593547344207764,0.0,0.14064528048038483,1,-0.7187094539403915,0.27169659454375505,2.861815571784973,-0.36807145476341246,0.47019290626049043,0.27169659454375505,0.8838865633784223,0.03506741491075428,0.0810460217108234,0.8838865633784223,0.03506741491075428,0.0810460217108234,0.8838865633784223,0.03506741491075428,-0.8028405416675989,1,1,0.256,730.0,0.9654799997806549,0.9891379291663808,-0.4391379291663807
229,229,categorical_soft,1,1,False,0.0,0.0,0.0,1.0,0.0,2,-1.0,0.3642778445035219,-1.4004279971122742,1.9172738552093507,-0.8010325372219086,0.3642778445035219,0.032889516621068766,0.907198393887616,0.05991208949131528,0.032889516621068766,0.907198393887616,0.05991208949131528,0.907198393887616,0.032889516621068766,-0.8472863043963007,2,2,0.064,730.0,0.7088822452351451,0.9627012144069175,-0.4127012144069174
230,230,categorical_soft,0,0,True,0.6246148066422668,0.0,0.37538519501686096,0.0,0.6246148347854614,3,0.24922963976860046,0.3454225391149521,0.15089639835059643,0.11883175410330296,0.16081191152334212,0.3454225391149521,0.33584976789491583,0.3251838028553175,0.3389664292497666,0.33584976789491583,0.3251838028553175,0.3389664292497666,0.33584976789491583,0.3251838028553175,0.0031166613548507804,3,3,0.0,1030.0,0.08277012407779694,0.4533259793573495,0.09667402064265057
231,231,categorical_soft,1,1,True,0.1600567102224431,0.0,0.0,0.8399432897567749,0.1600567102432251,2,-0.6798865795135498,0.31161512080579995,-1.7818751811981202,2.0906043529510496,0.008147423341870307,0.31161512080579995,0.018168279053422075,0.8729963332639914,0.10883538768258678,0.018168279053422075,0.8729963332639914,0.10883538768258678,0.8729963332639914,0.018168279053422075,-0.7641609455814046,2,2,0.128,970.0,0.6224888265132904,0.9266926392432918,-0.37669263924329177
232,232,categorical_soft,0,0,True,0.6555425499959664,0.0,0.3444574475288391,0.0,0.6555425524711609,3,0.3110851049423218,0.2580415289849043,0.0026032796129584314,0.11055996045470237,0.19383055716753006,0.2580415289849043,0.30083907808264077,0.3350472885101272,0.3641136334072321,0.30083907808264077,0.3350472885101272,0.3641136334072321,0.30083907808264077,0.3350472885101272,0.06327455532459131,3,3,0.0,940.0,0.03882630169391632,0.4268644092037139,0.12313559079628617
233,233,categorical_soft,0,0,True,0.13890512674687916,0.0,0.8610948920249939,0.0,0.1389051228761673,1,-0.7221897691488266,0.2295460943132639,3.198514533042908,-0.3755455851554871,0.6260460257530213,0.2295460943132639,0.9050990876645966,0.025585095724711505,0.06931581661069212,0.9050990876645966,0.025585095724711505,0.06931581661069212,0.9050990876645966,0.025585095724711505,-0.8357832710539045,1,1,0.256,890.0,1.2117628089617938,0.9960447976541715,-0.4460447976541715
234,234,categorical_soft,1,1,True,0.1669190986530561,0.0,0.0,0.8330808877944946,0.16691909730434418,2,-0.6661617904901505,0.2486802389845252,-1.6291627526283263,2.122468090057373,0.13108377754688263,0.2486802389845252,0.020253368363492844,0.862046577807426,0.11770005382908108,0.020253368363492844,0.862046577807426,0.11770005382908108,0.862046577807426,0.020253368363492844,-0.7443465239783449,2,2,0.256,1150.0,0.618890518322587,0.9090657488465645,-0.3590657488465645
235,235,categorical_soft,0,0,True,0.3584819305486807,0.0,0.6415180563926697,0.0,0.3584819436073303,1,-0.28303611278533936,0.23941093310713768,0.3475125223398209,0.08018257953226567,0.19618092030286788,0.23941093310713768,0.38096969432873073,0.29158254304674536,0.3274477626245239,0.38096969432873073,0.29158254304674536,0.3274477626245239,0.38096969432873073,0.29158254304674536,-0.05352193170420683,1,1,0.0,450.0,0.11441224813461304,0.660932596719877,-0.11093259671987699
236,236,categorical_soft,0,0,False,0.0,0.0,1.0,0.0,0.0,1,-1.0,0.39630055129528047,7.946364212036133,-0.9413965344429016,-0.6347527861595154,0.39630055129528047,0.9996742064419794,0.00013812218074248835,0.00018767137727811615,0.9996742064419794,0.00013812218074248835,0.00018767137727811615,0.9996742064419794,0.00013812218074248835,-0.9994865350647012,1,1,0.512,1180.0,1.1793404817581177,0.9934377917668306,-0.4434377917668305
237,237,categorical_soft,1,1,False,0.0,0.0,0.0,1.0,0.0,2,-1.0,0.4720467798411846,-3.105337047576904,4.147178697586059,-1.2560656189918518,0.4720467798411846,0.0007052004889675386,0.9948050088777919,0.004489790633240662,0.0007052004889675386,0.9948050088777919,0.004489790633240662,0.9948050088777919,0.0007052004889675386,-0.9903152182445513,2,2,0.512,1040.0,0.8575209192931652,0.9735935369836438,-0.42359353698364377
238,238,categorical_soft,1,1,True,0.1653626532142904,0.0,0.0,0.8346373438835144,0.1653626561164856,2,-0.6692746877670288,0.29225241467356683,-0.3929959833621979,0.7270615875720978,0.018089353665709497,0.29225241467356683,0.17962740068355126,0.549683232995434,0.2706893663210148,0.17962740068355126,0.549683232995434,0.2706893663210148,0.549683232995434,0.17962740068355126,-0.27899386667441917,2,2,0.064,570.0,0.48624189104884863,0.912913889219907,-0.36291388921990697
239,239,categorical_soft,1,1,False,0.0,0.0,0.0,1.0,0.0,2,-1.0,0.39401321560144426,-2.6953475713729858,3.479673075675964,-1.064635705947876,0.39401321560144426,0.0020586972459004037,0.9873908807322769,0.010550422021822672,0.0020586972459004037,0.9873908807322769,0.010550422021822672,0.9873908807322769,0.0020586972459004037,-0.9768404587104542,2,2,0.256,1150.0,0.9062359754461795,0.9762034818176099,-0.4262034818176098
240,240,categorical_soft,0,0,True,0.13999451437870852,0.0,0.8600054979324341,0.0,0.1399945169687271,1,-0.720010980963707,0.28945373762398957,2.6576675891876222,-0.2544831782579422,0.5246632128953934,0.28945373762398957,0.8524598208782217,0.0464232676683751,0.10111691145340318,0.8524598208782217,0.0464232676683751,0.10111691145340318,0.8524598208782217,0.0464232676683751,-0.7513429094248185,1,1,0.128,1160.0,1.1259546265937388,0.9916875020500079,-0.44168750205000784
241,241,categorical_soft,0,0,False,0.0,0.0,1.0,0.0,0.0,1,-1.0,0.37084621638059617,4.177141857147217,-0.481222927570343,-0.3697036474943161,0.37084621638059617,0.9802533624495482,0.00932921416179049,0.010417423388661452,0.9802533624495482,0.00932921416179049,0.010417423388661452,0.9802533624495482,0.00932921416179049,-0.9698359390608867,1,1,0.256,780.0,0.9812496453523636,0.9893212358900684,-0.43932123589006833
242,242,categorical_soft,1,1,False,0.0,0.0,0.0,1.0,0.0,2,-1.0,0.35159582979977133,-0.7287643492221832,1.3751970291137696,-0.5434727072715759,0.35159582979977133,0.09618393994108568,0.7878651088380095,0.11595095122090468,0.09618393994108568,0.7878651088380095,0.11595095122090468,0.7878651088380095,0.09618393994108568,-0.6719141576171048,2,2,0.032,760.0,0.40921776555478573,0.850970846419215,-0.300970846419215
243,243,categorical_soft,1,1,True,0.1521124229431609,0.0,0.0,0.8478875756263733,0.1521124243736267,2,-0.6957751512527466,0.3410962842404842,-1.5402107000350953,1.8849331140518188,0.044327318854629996,0.3410962842404842,0.02734634417912889,0.8393662589598663,0.13328739686100496,0.02734634417912889,0.8393662589598663,0.13328739686100496,0.8393662589598663,0.02734634417912889,-0.7060788620988613,2,2,0.128,890.0,0.6839880559127778,0.9495773956125515,-0.39957739561255146
244,244,categorical_soft,1,1,False,0.0,0.0,0.0,1.0,0.0,2,-1.0,0.49421056658029555,-0.750190532207489,1.4319194674491882,-0.5406418174505234,0.49421056658029555,0.09014269607815677,0.7986700686438175,0.11118723527802558,0.09014269607815677,0.7986700686438175,0.11118723527802558,0.7986700686438175,0.09014269607815677,-0.687482833365792,2,2,0.064,460.0,0.5251156184822321,0.9354361738992932,-0.3854361738992932
245,245,categorical_soft,1,1,True,0.15085227026719744,0.0,0.0,0.8491477370262146,0.1508522629737854,2,-0.6982954740524292,0.3445403538644314,-1.9848697423934936,2.3888959646224976,0.06376655083149671,0.3445403538644314,0.011352838087672859,0.9005852751037244,0.0880618868086028,0.011352838087672859,0.9005852751037244,0.0880618868086028,0.9005852751037244,0.011352838087672859,-0.8125233882951216,2,2,0.256,1000.0,0.7283073337748647,0.9535017148259897,-0.4035017148259896
246,246,categorical_soft,0,0,True,0.13834065920886074,0.0,0.8616593480110168,0.0,0.13834065198898315,1,-0.7233186960220337,0.39005529284477236,4.351649570465088,-0.6350182294845581,0.5397795289754868,0.39005529284477236,0.9717211766928889,0.006708952815733779,0.02156987049137729,0.9717211766928889,0.006708952815733779,0.02156987049137729,0.9717211766928889,0.006708952815733779,-0.9501513062015117,1,1,0.512,670.0,1.3359726145863533,0.9983482697746391,-0.44834826977463904
247,247,categorical_soft,1,1,True,0.15131481865765273,0.0,0.0,0.8486852049827576,0.15131482481956482,2,-0.6973703801631927,0.2640213629230857,-1.9653744459152223,2.3901413917541503,0.035437505692243576,0.2640213629230857,0.011592284932756405,0.902700406170665,0.08570730889657842,0.011592284932756405,0.902700406170665,0.08570730889657842,0.902700406170665,0.011592284932756405,-0.8169930972740866,2,2,0.512,750.0,0.6604041084647179,0.9520508505006002,-0.4020508505006002
248,248,categorical_soft,0,0,True,0.19104601399816412,0.0,0.8089540004730225,0.0,0.19104601442813873,1,-0.6179079860448837,0.22147280108183623,1.1391598522663116,0.030003844853490592,0.30901282131671903,0.22147280108183623,0.5661426198301126,0.18667494101886445,0.24718243915102303,0.5661426198301126,0.18667494101886445,0.24718243915102303,0.5661426198301126,0.18667494101886445,-0.3189601806790896,1,1,0.032,630.0,0.3886011242866516,0.8578638396277584,-0.3078638396277583
249,249,categorical_soft,0,0,True,0.14899593500840919,0.0,0.8510040640830994,0.0,0.14899593591690063,1,-0.7020081281661987,0.2582231741398573,0.9308579862117767,0.0393933929502964,0.27491127848625185,0.2582231741398573,0.518368732151688,0.21253125770275183,0.2691000101455603,0.518368732151688,0.21253125770275183,0.2691000101455603,0.518368732151688,0.21253125770275183,-0.2492687220061277,1,1,0.064,830.0,0.7157257348299026,0.9594510593295946,-0.4094510593295946
250,250,categorical_soft,0,0,False,0.0,0.0,1.0,0.0,0.0,1,-1.0,0.47129547148942946,5.380807971954345,-0.6855272233486176,-0.5145445674657821,0.47129547148942946,0.9949503524629921,0.002309421258171027,0.002740226278836798,0.9949503524629921,0.002309421258171027,0.002740226278836798,0.9949503524629921,0.002309421258171027,-0.9922101261841554,1,1,0.512,690.0,1.0512995719909668,0.9931826741729747,-0.44318267417297463
251,251,categorical_soft,1,1,True,0.1450358315135591,0.0,0.0,0.8549641966819763,0.14503583312034607,2,-0.7099283635616302,0.2955984491854906,-1.373398768901825,1.7275097250938416,0.1123684749007225,0.2955984491854906,0.03621033439350925,0.8038806173757,0.15990904823079077,0.03621033439350925,0.8038806173757,0.15990904823079077,0.8038806173757,0.03621033439350925,-0.6439715691449093,2,2,0.512,460.0,0.7096503600478172,0.9728817790571173,-0.4228817790571172
252,252,categorical_soft,0,0,False,0.0,0.0,1.0,0.0,0.0,1,-1.0,0.41648162007331846,0.8451783001422882,-0.03647800451144576,-0.21199250668287278,0.41648162007331846,0.5674449059937563,0.23541106337021817,0.1971440306360256,0.5674449059937563,0.23541106337021817,0.1971440306360256,0.5674449059937563,0.23541106337021817,-0.3703008753577307,1,1,0.0,1090.0,0.056773871183395386,0.4043661573593404,0.14563384264065965
253,253,categorical_soft,0,0,True,0.14177096366115877,0.0,0.8582290410995483,0.0,0.14177095890045166,1,-0.7164580821990967,0.30600654929876325,2.574124002456665,-0.2078522488474846,0.5132545292377472,0.30600654929876325,0.8407082155331057,0.052165370741011165,0.10712641372588302,0.8407082155331057,0.052165370741011165,0.10712641372588302,0.8407082155331057,0.052165370741011165,-0.7335818018072227,1,1,0.064,800.0,0.913612388074398,0.9848176074796632,-0.43481760747966314
254,254,categorical_soft,0,0,False,0.0,0.0,1.0,0.0,0.0,1,-1.0,0.3912222295999527,3.3809619188308715,-0.44758991003036497,-0.3182405859231949,0.3912222295999527,0.9554187234037682,0.020930261016130512,0.02365101558010109,0.9554187234037682,0.020930261016130512,0.02365101558010109,0.9554187234037682,0.020930261016130512,-0.9317677078236671,1,1,0.128,900.0,0.7917141616344452,0.9693153156346825,-0.4193153156346825
255,255,categorical_soft,1,1,True,0.14931775281247062,0.0,0.0,0.850682258605957,0.14931775629520416,2,-0.7013645023107529,0.250429293513298,-2.107248568534851,2.577955150604248,-0.08583742678165436,0.250429293513298,0.008579057787117473,0.9268270585630315,0.06459388364985112,0.008579057787117473,0.9268270585630315,0.06459388364985112,0.9268270585630315,0.008579057787117473,-0.8622331749131804,2,2,0.256,1050.0,0.7642977461218834,0.9584047513164093,-0.4084047513164093
256,256,categorical_soft,0,0,False,0.0,0.0,1.0,0.0,0.0,1,-1.0,0.35637814793735745,2.0488983631134032,-0.20394218116998672,-0.19111247658729552,0.35637814793735745,0.8245570094094342,0.0874896616808995,0.08795332890966627,0.8245570094094342,0.0874896616808995,0.08795332890966627,0.8245570094094342,0.0874896616808995,-0.736603680499768,1,1,0.064,640.0,0.4652378112077713,0.8967989949471341,-0.34679899494713406
257,257,categorical_soft,1,1,True,0.33470239391383116,0.0,0.0,0.6652976274490356,0.33470240235328674,2,-0.3305952250957489,0.24079198017716408,-0.2735007330775261,0.6845763385295868,0.05484322886914015,0.24079198017716408,0.20055085254615737,0.5215646910612939,0.2778844563925488,0.20055085254615737,0.5215646910612939,0.2778844563925488,0.5215646910612939,0.20055085254615737,-0.2436802346687451,2,2,0.0,730.0,0.20241867005825043,0.6818551039317605,-0.13185510393176048
258,258,categorical_soft,1,1,True,0.14302894809337374,0.0,0.0,0.856971025466919,0.14302894473075867,2,-0.7139420807361603,0.3205475453287363,-2.534241771697998,3.137059760093689,-0.21319944113492967,0.3205475453287363,0.0033168806202403837,0.9628211701409535,0.03386194923880616,0.0033168806202403837,0.9628211701409535,0.03386194923880616,0.9628211701409535,0.0033168806202403837,-0.9289592209021473,2,2,0.512,850.0,0.8700185790657997,0.9801177867247022,-0.43011778672470213
259,259,categorical_soft,0,0,True,0.18788168456132315,0.0,0.8121182918548584,0.0,0.1878816783428192,1,-0.6242366135120392,0.331941344961524,0.22869688421487808,0.22414132654666902,0.14822583124041558,0.331941344961524,0.343014010660341,0.3414605130799417,0.3155254762597173,0.343014010660341,0.3414605130799417,0.3155254762597173,0.343014010660341,0.3414605130799417,-0.02748853440062371,1,1,0.032,460.0,0.3570415824651718,0.8638378982141887,-0.3138378982141886
260,260,categorical_soft,0,0,True,0.2796784244066199,0.0,0.7203215956687927,0.0,0.27967843413352966,1,-0.44064316153526306,0.322128963842988,-1.0368816554546356,1.193067741394043,0.019751118682324886,0.322128963842988,0.07607886043443361,0.7055293008611732,0.21839183870439333,0.07607886043443361,0.7055293008611732,0.21839183870439333,0.07607886043443361,0.7055293008611732,0.1423129782699597,2,2,0.0,830.0,0.28032926470041275,0.7358603937733131,-0.1858603937733131
261,261,categorical_soft,0,0,True,0.3556582784721536,0.0,0.6443417072296143,0.0,0.35565829277038574,1,-0.2886834144592285,0.2599284954369068,-0.01968278447166085,0.47962656021118166,0.1294766679406166,0.2599284954369068,0.262792044078355,0.43265693305594477,0.30455102286570024,0.262792044078355,0.43265693305594477,0.30455102286570024,0.262792044078355,0.43265693305594477,0.04175897878734525,2,2,0.0,520.0,0.1337961107492447,0.6633603266740746,-0.11336032667407459
262,262,categorical_soft,0,0,True,0.14775865724515563,0.0,0.8522413372993469,0.0,0.14775866270065308,1,-0.7044826745986938,0.21613190807402133,1.4171283721923829,-0.0236559446901083,0.37492980659008024,0.21613190807402133,0.6290475987699538,0.14893784342179103,0.22201455780825535,0.6290475987699538,0.14893784342179103,0.22201455780825535,0.6290475987699538,0.14893784342179103,-0.4070330409616984,1,1,0.032,730.0,0.713656947016716,0.9635345279378638,-0.4135345279378637
263,263,categorical_soft,1,1,False,0.0,0.0,0.0,1.0,0.0,2,-1.0,0.3937613260000944,-1.146109700202942,1.8024574160575866,-0.7005811870098114,0.3937613260000944,0.046416966232918036,0.8814001261487162,0.07218290761836564,0.046416966232918036,0.8814001261487162,0.07218290761836564,0.8814001261487162,0.046416966232918036,-0.8092172185303506,2,2,0.064,430.0,0.7616479843854904,0.9796020092335416,-0.4296020092335415
264,264,categorical_soft,1,1,False,0.0,0.0,0.0,1.0,0.0,2,-1.0,0.37161722108721734,0.06849300349131227,0.82673100233078,-0.25406636148691175,0.37161722108721734,0.2595455355357598,0.5529057990564206,0.1875486654078197,0.2595455355357598,0.5529057990564206,0.1875486654078197,0.5529057990564206,0.2595455355357598,-0.3653571336486009,2,2,0.032,640.0,0.5525830592960119,0.9303007074070531,-0.380300707407053
265,265,categorical_soft,1,1,True,0.1591806303985685,0.0,0.0,0.8408193588256836,0.1591806262731552,2,-0.6816387325525284,0.24261720292270184,-0.7221164584159852,0.9750060021877289,-0.033704953454434874,0.24261720292270184,0.11868154106533632,0.6458045913091309,0.2355138676255327,0.11868154106533632,0.6458045913091309,0.2355138676255327,0.6458045913091309,0.11868154106533632,-0.4102907236835982,2,2,0.032,460.0,0.504600090906024,0.9290743796082712,-0.3790743796082712
266,266,categorical_soft,0,0,True,0.18279476550159074,0.0,0.8172052502632141,0.0,0.18279476463794708,1,-0.634410485625267,0.32448819912970067,-0.09361493540927768,0.4698301374912262,0.06822639461606742,0.32448819912970067,0.25441618558360257,0.4467463546458316,0.29883745977056597,0.25441618558360257,0.4467463546458316,0.29883745977056597,0.25441618558360257,0.4467463546458316,0.0444212741869634,2,2,0.0,1070.0,0.5245995223522186,0.8738495799116713,-0.3238495799116713
267,267,categorical_soft,0,0,True,0.13986777918535542,0.0,0.8601322174072266,0.0,0.13986778259277344,1,-0.7202644348144531,0.19392675012350083,1.8830581903457642,-0.18550472781062127,0.43071337342262267,0.19392675012350083,0.7349129664074122,0.09298839445277331,0.17209863913981435,0.7349129664074122,0.09298839445277331,0.17209863913981435,0.7349129664074122,0.09298839445277331,-0.5628143272675978,1,1,0.256,540.0,0.9865885153412819,0.9921885901687603,-0.4421885901687602
268,268,categorical_soft,0,0,True,0.1533718956249439,0.0,0.8466281294822693,0.0,0.1533719003200531,1,-0.6932562291622162,0.27674059104174376,1.3920348763465882,0.02174395099282265,0.40299278795719146,0.27674059104174376,0.614865527566646,0.15621714348010368,0.2289173289532503,0.614865527566646,0.15621714348010368,0.2289173289532503,0.614865527566646,0.15621714348010368,-0.38594819861339574,1,1,0.032,1050.0,0.7075030952692032,0.945742435098585,-0.395742435098585
269,269,categorical_soft,1,1,True,0.19538686710282,0.0,0.0,0.8046131134033203,0.1953868716955185,2,-0.6092262417078018,0.2676341388374567,0.010698729567229748,0.2387086734175682,0.12484048008918762,0.2676341388374567,0.29638932906835436,0.37200300194102764,0.331607668990618,0.29638932906835436,0.37200300194102764,0.331607668990618,0.37200300194102764,0.29638932906835436,-0.040395332950409646,2,2,0.0,780.0,0.41250117123126984,0.8499561995424352,-0.29995619954243513
270,270,categorical_soft,1,1,False,0.0,0.0,0.0,1.0,0.0,2,-1.0,0.5198974311351776,1.99575434923172,-0.18017054051160813,-0.26292234659194946,0.5198974311351776,0.8205887455613061,0.09366314593658909,0.08574810850210478,0.8205887455613061,0.09366314593658909,0.08574810850210478,0.09366314593658909,0.8205887455613061,-0.00791503743448431,1,1,0.0,480.0,0.10274922102689743,0.6396812171228674,-0.08968121712286736
271,271,categorical_soft,0,0,True,0.1594492223485875,0.0,0.8405507802963257,0.0,0.15944921970367432,1,-0.6811015605926514,0.2273074908182025,1.7047016739845275,-0.07903496641665697,0.37402952909469606,0.2273074908182025,0.6980535295661054,0.117305172194262,0.18464129823963255,0.6980535295661054,0.117305172194262,0.18464129823963255,0.6980535295661054,0.117305172194262,-0.5134122313264728,1,1,0.032,690.0,0.5587776601314545,0.9283407491777317,-0.37834074917773164
272,272,categorical_soft,1,1,True,0.15029517023535793,0.0,0.0,0.8497048020362854,0.1502951681613922,2,-0.6994096338748932,0.25074328258633616,-1.0913453936576842,1.2767278671264648,-0.03678373973816633,0.25074328258633616,0.06881861831592917,0.7338532041968108,0.19732817748725995,0.06881861831592917,0.7338532041968108,0.19732817748725995,0.7338532041968108,0.06881861831592917,-0.5365250267095508,2,2,0.032,840.0,0.6972966487519443,0.9552655773150365,-0.40526557731503643
273,273,categorical_soft,1,1,True,0.6648790529686728,0.0,0.0,0.33512094616889954,0.6648790240287781,3,0.32975807785987854,0.26389597561210393,-0.27212716192007064,0.5099891424179077,0.11182990893721581,0.26389597561210393,0.21479520819511402,0.4697017261908519,0.31550306561403413,0.21479520819511402,0.4697017261908519,0.31550306561403413,0.4697017261908519,0.21479520819511402,-0.15419866057681775,2,2,0.0,1090.0,0.0686732679605484,0.41852326109160093,0.13147673890839912
274,274,categorical_soft,0,0,False,0.0,0.0,1.0,0.0,0.0,1,-1.0,0.3663067750632763,4.115143632888794,-0.5315625548362732,-0.2636083483695984,0.3663067750632763,0.9782916798466053,0.009435885133977352,0.012272435019417301,0.9782916798466053,0.009435885133977352,0.012272435019417301,0.9782916798466053,0.009435885133977352,-0.9660192448271879,1,1,0.128,1180.0,0.8269686996936798,0.9640318690614057,-0.41403186906140566
275,275,categorical_soft,1,1,False,0.0,0.0,0.0,1.0,0.0,2,-1.0,0.48971145004034045,-2.2235854148864744,3.1580779790878295,-1.0228719890117646,0.48971145004034045,0.004523044761399126,0.9804684609830605,0.015008494255540178,0.004523044761399126,0.9804684609830605,0.015008494255540178,0.9804684609830605,0.004523044761399126,-0.9654599667275203,2,2,0.256,850.0,1.0121175795793533,0.9900091090472307,-0.4400091090472307
276,276,categorical_soft,0,0,False,0.0,0.0,1.0,0.0,0.0,1,-1.0,0.3356299389153719,6.853825092315674,-0.8695261955261231,-0.450115954875946,0.3356299389153719,0.9988853485717956,0.0004421981195922368,0.0006724533086122505,0.9988853485717956,0.0004421981195922368,0.0006724533086122505,0.9988853485717956,0.0004421981195922368,-0.9982128952631834,1,1,0.512,1150.0,1.1009928733110428,0.9907244605102499,-0.4407244605102498
277,277,categorical_soft,0,0,False,0.0,0.0,1.0,0.0,0.0,1,-1.0,0.4381971061229706,3.5762905359268187,-0.4159457266330719,-0.2521945804357529,0.4381971061229706,0.961279398725879,0.01780287388575254,0.020917727388368272,0.961279398725879,0.01780287388575254,0.020917727388368272,0.961279398725879,0.01780287388575254,-0.9403616713375107,1,1,0.128,680.0,0.9255853593349457,0.9875783536318303,-0.4375783536318303
278,278,categorical_soft,1,1,True,0.15633731192870665,0.0,0.0,0.843662679195404,0.15633730590343475,2,-0.6873253732919693,0.29999370090663435,-1.034918749332428,1.2710165143013001,0.11180347353219985,0.29999370090663435,0.07053567842574616,0.7074757819799858,0.221988539594268,0.07053567842574616,0.7074757819799858,0.221988539594268,0.7074757819799858,0.07053567842574616,-0.48548724238571783,2,2,0.032,850.0,0.6262553837150335,0.9370345759096455,-0.3870345759096454
279,279,categorical_soft,1,1,True,0.5298821104103935,0.0,0.0,0.4701178967952728,0.5298821330070496,3,0.05976423621177673,0.31912430487573146,0.3229612872004509,0.21724748164415358,0.10015676021575928,0.31912430487573146,0.3703780594519119,0.3332955103722658,0.2963264301758224,0.3703780594519119,0.3332955103722658,0.2963264301758224,0.3332955103722658,0.3703780594519119,-0.036969080196443405,1,1,0.0,850.0,0.09916174411773682,0.5275465849209846,0.022453415079015437
280,280,categorical_soft,1,1,True,0.1950017066658168,0.0,0.0,0.8049982786178589,0.19500170648097992,2,-0.609996572136879,0.27411547638475897,0.021043519605882466,0.2668883457779884,0.17646830305457115,0.27411547638475897,0.2901990000909715,0.37103990710497164,0.33876109280405675,0.2901990000909715,0.37103990710497164,0.33876109280405675,0.37103990710497164,0.2901990000909715,-0.03227881430091489,2,2,0.0,650.0,0.3817058764398098,0.8506450788496379,-0.30064507884963787
281,281,categorical_soft,0,0,True,0.24079107969569813,0.0,0.7592089176177979,0.0,0.24079108238220215,1,-0.5184178352355957,0.3118232285603881,-0.10395637829788029,0.46748079657554625,0.09265113323926925,0.3118232285603881,0.2510806281113237,0.443914917279664,0.30500445460901215,0.2510806281113237,0.443914917279664,0.30500445460901215,0.2510806281113237,0.443914917279664,0.053923826497688454,2,2,0.032,550.0,0.26255927979946136,0.7815645134853585,-0.23156451348535845
282,282,categorical_soft,0,0,False,0.0,0.0,1.0,0.0,0.0,1,-1.0,0.4037140630185604,4.2321268081665036,-0.5060123980045319,-0.29522973895072935,0.4037140630185604,0.9807998667549114,0.008593195567611732,0.010606937677476693,0.9807998667549114,0.008593195567611732,0.010606937677476693,0.9807998667549114,0.008593195567611732,-0.9701929290774347,1,1,0.512,440.0,0.9626259952783585,0.9922103971270537,-0.4422103971270537
283,283,categorical_soft,0,0,True,0.4337579858360813,0.0,0.5662420392036438,0.0,0.4337579905986786,1,-0.1324840486049652,0.2738024592399597,0.4108020097017288,0.1837111532688141,0.10936750695109368,0.2738024592399597,0.39441596651188676,0.31409956223859126,0.291484471249522,0.39441596651188676,0.31409956223859126,0.291484471249522,0.39441596651188676,0.31409956223859126,-0.10293149526236478,1,1,0.0,990.0,0.1937071830034256,0.600143305897875,-0.05014330589787497
284,284,categorical_soft,1,1,False,0.0,0.0,0.0,1.0,0.0,2,-1.0,0.4457538455724716,-3.234230160713196,4.506988191604615,-1.3974897027015687,0.4457538455724716,0.0004333026354214742,0.9968433507678288,0.002723346596749808,0.0004333026354214742,0.9968433507678288,0.002723346596749808,0.9968433507678288,0.0004333026354214742,-0.994120004171079,2,2,0.512,1180.0,1.0494448315293994,0.9876492570449825,-0.4376492570449825
285,285,categorical_soft,0,0,True,0.20068470657477516,0.0,0.7993152737617493,0.0,0.20068471133708954,1,-0.5986305624246597,0.25988896414637563,1.156738543510437,0.02499652449041605,0.2977284401655197,0.25988896414637563,0.5726809600534913,0.18470628252451232,0.24261275742199623,0.5726809600534913,0.18470628252451232,0.24261275742199623,0.5726809600534913,0.18470628252451232,-0.3300682026314951,1,1,0.064,740.0,0.38829944282770157,0.8407161680580805,-0.2907161680580804
286,286,categorical_soft,1,1,False,0.0,0.0,0.0,1.0,0.0,2,-1.0,0.37030193135142325,-2.97864716053009,4.12024827003479,-1.2530538201332093,0.37030193135142325,0.0008218018704088821,0.9945588145799237,0.004619383549667241,0.0008218018704088821,0.9945588145799237,0.004619383549667241,0.9945588145799237,0.0008218018704088821,-0.9899394310302564,2,2,0.512,1140.0,0.9693213626742363,0.9826413425144718,-0.4326413425144717
287,287,categorical_soft,1,1,True,0.1485846174179713,0.0,0.0,0.8514153957366943,0.14858461916446686,2,-0.7028307765722275,0.263344069570303,-1.9742262244224549,2.3617755651473997,0.0006086019799113274,0.263344069570303,0.011823356666216828,0.9030015567057739,0.08517508662800925,0.011823356666216828,0.9030015567057739,0.08517508662800925,0.9030015567057739,0.011823356666216828,-0.8178264700777647,2,2,0.256,780.0,0.7106173224747181,0.9607977457080538,-0.4107977457080537
288,288,categorical_soft,0,0,False,0.0,0.0,1.0,0.0,0.0,1,-1.0,0.41555285602808,4.677226161956787,-0.5864719450473785,-0.4606433749198914,0.41555285602808,0.9890324499346608,0.005142350812183468,0.005825199253155874,0.9890324499346608,0.005142350812183468,0.005825199253155874,0.9890324499346608,0.005142350812183468,-0.9832072506815049,1,1,0.256,880.0,0.9866893738508224,0.9882830661053026,-0.43828306610530254
289,289,categorical_soft,0,0,False,0.0,0.0,1.0,0.0,0.0,1,-1.0,0.4290822595357895,3.110269331932068,-0.3489197552204132,-0.328005550801754,0.4290822595357895,0.9401283436832989,0.029665922502251557,0.0302057338144495,0.9401283436832989,0.029665922502251557,0.0302057338144495,0.9401283436832989,0.029665922502251557,-0.9099226098688494,1,1,0.064,920.0,0.7644073963165283,0.9642412099292518,-0.41424120992925173
290,290,categorical_soft,0,0,True,0.1381227231744136,0.0,0.8618772625923157,0.0,0.13812272250652313,1,-0.7237545400857925,0.3621267765760422,3.671157789230347,-0.4365231692790985,0.5690982609987258,0.3621267765760422,0.9418697467494834,0.01559509739964914,0.04253515585086745,0.9418697467494834,0.01559509739964914,0.04253515585086745,0.9418697467494834,0.01559509739964914,-0.899334590898616,1,1,0.512,600.0,1.4786475822329521,0.9992462463328757,-0.4492462463328757
291,291,categorical_soft,1,1,True,0.15995708681233395,0.0,0.0,0.8400428891181946,0.15995708107948303,2,-0.6800858080387115,0.22443130873143674,-0.2556970208883286,0.5242445468902588,0.061979543045163156,0.22443130873143674,0.21973939392139236,0.47884971696656853,0.30141088911203906,0.21973939392139236,0.47884971696656853,0.30141088911203906,0.47884971696656853,0.21973939392139236,-0.17743882785452947,2,2,0.0,920.0,0.611028790473938,0.9269618633162482,-0.37696186331624815
292,292,categorical_soft,0,0,False,0.0,0.0,1.0,0.0,0.0,1,-1.0,0.4823898419737816,2.7333985328674317,-0.34966871738433836,-0.21189241856336594,0.4823898419737816,0.9102968469511762,0.04181160282618905,0.04789155022263484,0.9102968469511762,0.04181160282618905,0.04789155022263484,0.9102968469511762,0.04181160282618905,-0.8624052967285414,1,1,0.064,970.0,0.7140514403581619,0.9519763772780255,-0.4019763772780255
293,293,categorical_soft,1,1,True,0.14477298929539312,0.0,0.0,0.855226993560791,0.1447729915380478,2,-0.7104540020227432,0.34019179418683054,-2.8234448432922363,3.355579447746277,-0.18936849236488343,0.34019179418683054,0.002010617281392167,0.9699466481949228,0.02804273452368498,0.002010617281392167,0.9699466481949228,0.02804273452368498,0.9699466481949228,0.002010617281392167,-0.9419039136712378,2,2,0.512,1130.0,0.881339731393382,0.9738120010607991,-0.4238120010607991
294,294,categorical_soft,1,1,False,0.0,0.0,0.0,1.0,0.0,2,-1.0,0.4522687405347824,-2.122318649291992,3.0645111799240112,-0.9927639663219452,0.4522687405347824,0.0054686098989461755,0.9775810539115272,0.01695033618952673,0.0054686098989461755,0.9775810539115272,0.01695033618952673,0.9775810539115272,0.0054686098989461755,-0.9606307177220005,2,2,0.128,800.0,0.8723767548799515,0.9814709344251706,-0.4314709344251706
295,295,categorical_soft,1,1,False,0.0,0.0,0.0,1.0,0.0,2,-1.0,0.36237105876207354,-2.9277451038360596,3.988164854049683,-1.2118656158447265,0.36237105876207354,0.0009861098327123518,0.9935194994052917,0.00549439076199593,0.0009861098327123518,0.9935194994052917,0.00549439076199593,0.9935194994052917,0.0009861098327123518,-0.9880251086432957,2,2,0.512,980.0,0.9144380930811167,0.9812820490448256,-0.4312820490448256
296,296,categorical_soft,1,1,True,0.14963844126577752,0.0,0.0,0.8503615856170654,0.14963844418525696,2,-0.7007231414318085,0.2624417034909129,-1.7565013408660888,2.126133942604065,0.036802082881331445,0.2624417034909129,0.018013370983070553,0.8738105097695661,0.10817611924736348,0.018013370983070553,0.8738105097695661,0.10817611924736348,0.8738105097695661,0.018013370983070553,-0.7656343905222026,2,2,0.512,510.0,0.6265748795121908,0.9573684414410254,-0.40736844144102535
297,297,categorical_soft,1,1,True,0.1490484519506305,0.0,0.0,0.8509515523910522,0.14904844760894775,2,-0.7019031047821045,0.27295484095811845,-2.237380123138428,2.7772075653076174,0.12035108283162117,0.27295484095811845,0.006172142106910832,0.9286589169343603,0.06516894095872887,0.006172142106910832,0.9286589169343603,0.06516894095872887,0.9286589169343603,0.006172142106910832,-0.8634899759756315,2,2,0.512,1130.0,0.7884399071335793,0.9592798762345498,-0.40927987623454976
298,298,categorical_soft,1,1,False,0.0,0.0,0.0,1.0,0.0,2,-1.0,0.3855766385793686,-2.106281876564026,2.935664963722229,-0.921937745809555,0.3855766385793686,0.006291262773991421,0.9731498209149099,0.02055891631109866,0.006291262773991421,0.9731498209149099,0.02055891631109866,0.9731498209149099,0.006291262773991421,-0.9525909046038112,2,2,0.512,490.0,0.915975533425808,0.989622194411161,-0.4396221944111609
299,299,categorical_soft,0,0,False,0.0,0.0,1.0,0.0,0.0,1,-1.0,0.37474811524152757,-0.15380315035581588,0.9052593231201171,-0.38096400201320646,0.37474811524152757,0.21372186312892177,0.6160473445682731,0.1702307923028052,0.21372186312892177,0.6160473445682731,0.1702307923028052,0.21372186312892177,0.6160473445682731,-0.043491070826116585,2,2,0.0,540.0,0.1374301016330719,0.6619619019605973,-0.1119619019605973
300,300,categorical_soft,1,1,False,0.0,0.0,0.0,1.0,0.0,2,-1.0,0.3575031392276287,-2.1594767332077027,3.118907070159912,-0.9724433243274688,0.3575031392276287,0.004995708707621713,0.9786391623213,0.01636512897107854,0.004995708707621713,0.9786391623213,0.01636512897107854,0.9786391623213,0.004995708707621713,-0.9622740333502214,2,2,0.512,650.0,0.9220624417066574,0.9878075660184856,-0.4378075660184856
301,301,categorical_soft,0,0,True,0.3926417585264873,0.0,0.6073582172393799,0.0,0.39264175295829773,1,-0.21471646428108215,0.33827384002506733,0.2240082859992981,0.11384028866887093,0.21790097951889037,0.33827384002506733,0.34630542065790115,0.30988793795811836,0.34380664138398054,0.34630542065790115,0.30988793795811836,0.34380664138398054,0.34630542065790115,0.30988793795811836,-0.002498779273920615,1,1,0.0,780.0,0.17007821798324585,0.6325402226419574,-0.08254022264195737
302,302,categorical_soft,0,0,True,0.17886932257187405,0.0,0.8211306929588318,0.0,0.1788693219423294,1,-0.6422613710165024,0.2237677788361907,0.42421568036079405,0.15048448666930198,0.243609157204628,0.2237677788361907,0.3853083278242525,0.29304013923350813,0.3216515329422394,0.3853083278242525,0.29304013923350813,0.3216515329422394,0.3853083278242525,0.29304013923350813,-0.06365679488201309,1,1,0.064,490.0,0.39768432080745697,0.8819542041042935,-0.33195420410429344
303,303,categorical_soft,1,1,False,0.0,0.0,0.0,1.0,0.0,2,-1.0,0.46263699382543566,-0.4370701551437378,1.0792310118675232,-0.370261138677597,0.46263699382543566,0.1510414344882574,0.6874984960659791,0.16146006944576352,0.1510414344882574,0.6874984960659791,0.16146006944576352,0.6874984960659791,0.1510414344882574,-0.5260384266202156,2,2,0.0,570.0,0.11988545954227448,0.6340609673785624,-0.08406096737856239
304,304,categorical_soft,1,1,True,0.1426841499922351,0.0,0.0,0.8573158383369446,0.14268414676189423,2,-0.7146316915750504,0.3111058920621872,-2.1377447843551636,2.6350661277770997,-0.006143759749829769,0.3111058920621872,0.00784247053588809,0.9260872974788962,0.06607023198521579,0.00784247053588809,0.9260872974788962,0.06607023198521579,0.9260872974788962,0.00784247053588809,-0.8600170654936804,2,2,0.256,1040.0,0.9303916841745377,0.9813929123148705,-0.4313929123148704
305,305,categorical_soft,1,1,True,0.15134368036888202,0.0,0.0,0.8486562967300415,0.1513436734676361,2,-0.6973126232624054,0.3870036453008652,-1.6999521851539612,2.0667941570281982,-0.011302917543798686,0.3870036453008652,0.02018254426501827,0.8707455804153673,0.10907187531961444,0.02018254426501827,0.8707455804153673,0.10907187531961444,0.8707455804153673,0.02018254426501827,-0.7616737050957528,2,2,0.256,560.0,0.6133843287825584,0.9519607250283878,-0.40196072502838776
306,306,categorical_soft,1,1,True,0.17814919649739103,0.0,0.0,0.8218507766723633,0.17814919352531433,2,-0.643701583147049,0.2800996648147702,-1.0775232791900635,1.4027384400367737,0.11663557887077332,0.2800996648147702,0.061617565720429666,0.7350956328347963,0.2032868014447741,0.061617565720429666,0.7350956328347963,0.2032868014447741,0.7350956328347963,0.061617565720429666,-0.5318088313900222,2,2,0.128,830.0,0.48410578817129135,0.8834798048379447,-0.3334798048379447
307,307,categorical_soft,0,0,False,0.0,0.0,1.0,0.0,0.0,1,-1.0,0.45625810921192167,1.7022151827812195,-0.1698368161916733,-0.18781911730766296,0.45625810921192167,0.7658696858355876,0.11839511222978197,0.11573520193463047,0.7658696858355876,0.11839511222978197,0.11573520193463047,0.7658696858355876,0.11839511222978197,-0.6501344839009571,1,1,0.128,430.0,0.6822309195995331,0.9701567791206914,-0.4201567791206914
308,308,categorical_soft,0,0,True,0.19729139267598805,0.0,0.802708625793457,0.0,0.19729138910770416,1,-0.6054172366857529,0.25238287132233383,0.48599609136581423,0.1650881990790367,0.22573668509721756,0.25238287132233383,0.4006340702490303,0.29070247656263526,0.30866345318833444,0.4006340702490303,0.29070247656263526,0.30866345318833444,0.4006340702490303,0.29070247656263526,-0.09197061706069587,1,1,0.032,520.0,0.3433762788772583,0.8465847675222417,-0.2965847675222416
309,309,categorical_soft,1,1,False,0.0,0.0,0.0,1.0,0.0,2,-1.0,0.40954112261533737,2.318269872665405,-0.26027034819126127,-0.155050790309906,0.40954112261533737,0.8617633236450777,0.06552384338985374,0.07271283296506859,0.8617633236450777,0.06552384338985374,0.07271283296506859,0.06552384338985374,0.8617633236450777,0.007188989575214841,1,1,0.0,1000.0,0.5186137944401708,0.8797866948377613,-0.32978669483776124
310,310,categorical_soft,1,1,False,0.0,0.0,0.0,1.0,0.0,2,-1.0,0.43985832929611207,-1.7328390717506408,2.2084019422531127,-0.8856926262378693,0.43985832929611207,0.018312899060058344,0.9390578721893108,0.04262922875063089,0.018312899060058344,0.9390578721893108,0.04262922875063089,0.9390578721893108,0.018312899060058344,-0.8964286434386799,2,2,0.032,970.0,0.39643021300435066,0.8063145232842015,-0.25631452328420146
311,311,categorical_soft,1,1,True,0.15569712710598393,0.0,0.0,0.8443028926849365,0.15569712221622467,2,-0.6886057704687119,0.3176435250788927,-1.2607178092002869,1.5966685652732848,0.12384107559919358,0.3176435250788927,0.04464006864397817,0.7771296565418371,0.17823027481418488,0.04464006864397817,0.7771296565418371,0.17823027481418488,0.7771296565418371,0.04464006864397817,-0.5988993817276522,2,2,0.256,650.0,0.5836306642740965,0.9388779207407766,-0.38887792074077654
312,312,categorical_soft,1,1,False,0.0,0.0,0.0,1.0,0.0,2,-1.0,0.4530771553516388,-2.2443669557571413,2.8651806116104126,-0.9416497886180878,0.4530771553516388,0.005875143706383507,0.9725085564721617,0.02161629982145471,0.005875143706383507,0.9725085564721617,0.02161629982145471,0.9725085564721617,0.005875143706383507,-0.950892256650707,2,2,0.512,610.0,0.9209451451897621,0.9883116426258042,-0.43831164262580413
313,313,categorical_soft,0,0,False,0.0,0.0,1.0,0.0,0.0,1,-1.0,0.5173876643180847,5.220295810699463,-0.7510654747486114,-0.366021403670311,0.5173876643180847,0.9937294371963257,0.002543540032510347,0.003727022771163828,0.9937294371963257,0.002543540032510347,0.003727022771163828,0.9937294371963257,0.002543540032510347,-0.9900024144251618,1,1,0.512,640.0,1.0328418463468552,0.9929736339388011,-0.44297363393880107
314,314,categorical_soft,0,0,False,0.0,0.0,1.0,0.0,0.0,1,-1.0,0.407482373714447,2.268562436103821,-0.16796202957630157,-0.10945893973112106,0.407482373714447,0.846767687597637,0.07448565963856811,0.07874665276379503,0.846767687597637,0.07448565963856811,0.07874665276379503,0.846767687597637,0.07448565963856811,-0.768021034833842,1,1,0.064,740.0,0.653642937541008,0.9510753730288615,-0.4010753730288614
315,315,categorical_soft,1,1,True,0.18445459278003695,0.0,0.0,0.815545380115509,0.18445459008216858,2,-0.6310907900333405,0.2425595700740814,0.1438171612098813,0.47280989289283754,0.1682065546512604,0.2425595700740814,0.2930523572485881,0.4068713673895722,0.3000762753618398,0.2930523572485881,0.4068713673895722,0.3000762753618398,0.4068713673895722,0.2930523572485881,-0.10679509202773241,2,2,0.064,410.0,0.3565915375947952,0.8705246549234951,-0.320524654923495
316,316,categorical_soft,1,1,True,0.14385024512179656,0.0,0.0,0.8561497330665588,0.14385025203227997,2,-0.7122994810342789,0.2721955478191376,-1.6747371196746825,1.9451395869255066,0.004529696889221668,0.2721955478191376,0.022899124573368252,0.854379706678869,0.12272116874776276,0.022899124573368252,0.854379706678869,0.12272116874776276,0.854379706678869,0.022899124573368252,-0.7316585379311062,2,2,0.512,450.0,0.7426585806533694,0.9771188704324757,-0.42711887043247565
317,317,categorical_soft,1,1,True,0.2529653022322077,0.0,0.0,0.7470346689224243,0.2529653012752533,2,-0.494069367647171,0.23099315501749515,1.6931548357009887,-0.03925165347754955,0.36319485306739807,0.23099315501749515,0.6937429290278139,0.12271072211032663,0.18354634886185933,0.6937429290278139,0.12271072211032663,0.18354634886185933,0.12271072211032663,0.6937429290278139,0.0608356267515327,1,1,0.0,840.0,0.31598392128944397,0.7663283213325881,-0.21632832133258806
318,318,categorical_soft,1,1,False,0.0,0.0,0.0,1.0,0.0,2,-1.0,0.4084583282470703,-1.5160771489143372,2.1351668357849123,-0.8484914004802704,0.4084583282470703,0.02413653244656123,0.9288093723349476,0.0470540952184913,0.02413653244656123,0.9288093723349476,0.0470540952184913,0.9288093723349476,0.02413653244656123,-0.8817552771164563,2,2,0.032,690.0,0.6099110618233681,0.9433591631568852,-0.3933591631568851
319,319,categorical_soft,0,0,False,0.0,0.0,1.0,0.0,0.0,1,-1.0,0.4172044456005096,3.2469053506851195,-0.4244896829128265,-0.26341706812381743,0.4172044456005096,0.9473636442783937,0.024300845387711774,0.028335510333894524,0.9473636442783937,0.024300845387711774,0.028335510333894524,0.9473636442783937,0.024300845387711774,-0.9190281339444992,1,1,0.256,420.0,0.8809878528118134,0.9886837339785269,-0.4386837339785269
320,320,categorical_soft,1,1,False,0.0,0.0,0.0,1.0,0.0,2,-1.0,0.456566421687603,0.01891676909290254,0.9382308602333069,-0.43483748137950895,0.456566421687603,0.2415234333333792,0.6051538372744452,0.15332272939217553,0.2415234333333792,0.6051538372744452,0.15332272939217553,0.6051538372744452,0.2415234333333792,-0.45183110788226966,2,2,0.0,700.0,0.10261709988117218,0.5764236634331203,-0.026423663433120304
321,321,categorical_soft,0,0,True,0.1402273227231401,0.0,0.8597726821899414,0.0,0.1402273178100586,1,-0.7195453643798828,0.3941144734621048,3.3006988763809204,-0.3371260389685631,0.3967235922813416,0.3941144734621048,0.9248820558148545,0.02437450703920588,0.050743437145939485,0.9248820558148545,0.02437450703920588,0.050743437145939485,0.9248820558148545,0.02437450703920588,-0.8741386186689151,1,1,0.128,1000.0,1.0652206018567085,0.9907709267812306,-0.44077092678123053
322,322,categorical_soft,1,1,True,0.2867941577344816,0.0,0.0,0.7132058143615723,0.28679415583610535,2,-0.4264116585254669,0.31697366312146186,-1.027240937948227,1.2914762258529664,0.041756178438663485,0.31697366312146186,0.07126670769081786,0.721806680617221,0.2069266116919612,0.07126670769081786,0.721806680617221,0.2069266116919612,0.721806680617221,0.07126670769081786,-0.5148800689252597,2,2,0.0,1030.0,0.3215598538517952,0.7283040136993101,-0.17830401369931004
323,323,categorical_soft,0,0,False,0.0,0.0,1.0,0.0,0.0,1,-1.0,0.46054248213768006,5.405252504348755,-0.7159314632415772,-0.4075134754180908,0.46054248213768006,0.994836854164545,0.0021864358565954335,0.0029767099788595743,0.994836854164545,0.0021864358565954335,0.0029767099788595743,0.994836854164545,0.0021864358565954335,-0.9918601441856855,1,1,0.512,830.0,1.0152685642242432,0.9903932264934603,-0.44039322649346024
324,324,categorical_soft,1,1,True,0.406473696242102,0.0,0.0,0.593526303768158,0.40647369623184204,2,-0.18705260753631592,0.28894119393080475,-0.03355554342269897,0.27891223430633544,0.23741416484117508,0.28894119393080475,0.2720970260377048,0.3716439197930585,0.35625905416923664,0.2720970260377048,0.3716439197930585,0.35625905416923664,0.3716439197930585,0.2720970260377048,-0.015384865623821853,2,2,0.032,910.0,0.19233771413564682,0.6214666338918414,-0.07146663389184138
325,325,categorical_soft,1,1,False,0.0,0.0,0.0,1.0,0.0,2,-1.0,0.4016508489847183,-1.1860285639762878,1.7330105662345887,-0.6794743716716767,0.4016508489847183,0.04722439189613049,0.8739489653445572,0.07882664275931227,0.04722439189613049,0.8739489653445572,0.07882664275931227,0.8739489653445572,0.04722439189613049,-0.795122322585245,2,2,0.032,580.0,0.3728146329522133,0.8557427906917575,-0.30574279069175747
326,326,categorical_soft,1,1,False,0.0,0.0,0.0,1.0,0.0,2,-1.0,0.44862856566905973,-2.483501100540161,3.3329421043395997,-1.1019734621047974,0.44862856566905973,0.0029429033633161144,0.9853242920478037,0.01173280458888041,0.0029429033633161144,0.9853242920478037,0.01173280458888041,0.9853242920478037,0.0029429033633161144,-0.9735914874589233,2,2,0.256,1060.0,0.8593176230788231,0.9731977628428837,-0.4231977628428837
327,327,categorical_soft,1,1,False,0.0,0.0,0.0,1.0,0.0,2,-1.0,0.374884720146656,-2.238643169403076,3.2501997709274293,-1.0602603316307069,0.374884720146656,0.004066500081841394,0.9827234543134538,0.013210045604704937,0.004066500081841394,0.9827234543134538,0.013210045604704937,0.9827234543134538,0.004066500081841394,-0.9695134087087488,2,2,0.064,1040.0,0.6845659837126732,0.9403402151492702,-0.3903402151492702
328,328,categorical_soft,1,1,True,0.1610820202706162,0.0,0.0,0.8389179706573486,0.16108201444149017,2,-0.6778359562158585,0.2780175680294633,-1.2747106552124023,1.607553780078888,0.013318119570612907,0.2780175680294633,0.04451357012363211,0.7941881866697427,0.16129824320662525,0.04451357012363211,0.7941881866697427,0.16129824320662525,0.7941881866697427,0.04451357012363211,-0.6328899434631174,2,2,0.032,1080.0,0.6413864023052156,0.9239454056477846,-0.37394540564778456
329,329,categorical_soft,1,1,False,0.0,0.0,0.0,1.0,0.0,2,-1.0,0.46737057268619536,-0.5961975693702698,1.301740002632141,-0.5571012556552887,0.46737057268619536,0.11484373862733428,0.7657062833038479,0.11944997806881778,0.11484373862733428,0.7657062833038479,0.11944997806881778,0.7657062833038479,0.11484373862733428,-0.6462563052350302,2,2,0.032,710.0,0.5105309039354324,0.9089025872845348,-0.3589025872845347
330,330,categorical_soft,0,0,True,0.13915241017614322,0.0,0.8608475923538208,0.0,0.1391524076461792,1,-0.7216951847076416,0.2912116102874279,3.0081936836242678,-0.355515293776989,0.4635155349969864,0.2912116102874279,0.8979970943554841,0.0312446427954558,0.07075826284906013,0.8979970943554841,0.0312446427954558,0.07075826284906013,0.8979970943554841,0.0312446427954558,-0.827238831506424,1,1,0.256,630.0,1.1019249856472015,0.9950456617702963,-0.44504566177029625
331,331,categorical_soft,0,0,False,0.0,0.0,1.0,0.0,0.0,1,-1.0,0.538022868335247,0.09952636659145356,0.7011192798614502,-0.33226947486400604,0.538022868335247,0.28787501196152315,0.5251673348806166,0.18695765315786034,0.28787501196152315,0.5251673348806166,0.18695765315786034,0.28787501196152315,0.5251673348806166,-0.10091735880366282,2,2,0.0,830.0,0.20126265287399292,0.6538655747685236,-0.10386557476852354
332,332,categorical_soft,0,0,True,0.2209024574979664,0.0,0.7790975570678711,0.0,0.2209024578332901,1,-0.558195099234581,0.250976686924696,1.3916104078292846,-0.049881051294505596,0.2631513074040413,0.250976686924696,0.6409566893525421,0.15166715316894921,0.20737615747850868,0.6409566893525421,0.15166715316894921,0.20737615747850868,0.6409566893525421,0.15166715316894921,-0.43358053187403345,1,1,0.064,730.0,0.34088726341724396,0.8088671033863649,-0.25886710338636487
333,333,categorical_soft,1,1,False,0.0,0.0,0.0,1.0,0.0,2,-1.0,0.42259431183338164,-1.783837878704071,2.372871518135071,-0.8225545406341552,0.42259431183338164,0.014820390648688947,0.9463062223241652,0.03887338702714586,0.014820390648688947,0.9463062223241652,0.03887338702714586,0.9463062223241652,0.014820390648688947,-0.9074328352970193,2,2,0.0,1080.0,0.817897766828537,0.9665757296194332,-0.4165757296194331
334,334,categorical_soft,0,0,True,0.45591100746087365,0.0,0.5440890192985535,0.0,0.4559110105037689,1,-0.08817800879478455,0.3422151919454336,0.12427598275244237,0.15877820551395416,0.17820466160774232,0.3422151919454336,0.3237650167228967,0.3348135408642499,0.3414214424128533,0.3237650167228967,0.3348135408642499,0.3414214424128533,0.3237650167228967,0.3348135408642499,0.017656425689956623,3,3,0.032,500.0,0.05920746922492981,0.5832016383152792,-0.033201638315279114
335,335,categorical_soft,1,1,True,0.29072301708682174,0.0,0.0,0.7092769742012024,0.2907230257987976,2,-0.4185539484024048,0.2077017340809107,-0.2978561207652092,0.6190608680248261,0.030284669436514377,0.2077017340809107,0.2051681997530291,0.5112227926039666,0.2836090076430043,0.2051681997530291,0.5112227926039666,0.2836090076430043,0.5112227926039666,0.2051681997530291,-0.22761378496096235,2,2,0.0,1190.0,0.3566339612007141,0.7242176165579642,-0.1742176165579642
336,336,categorical_soft,1,1,True,0.4317453803135542,0.0,0.0,0.5682545900344849,0.43174538016319275,2,-0.13650920987129211,0.22173460070043802,-0.3496335715055466,0.6468912839889527,0.08643628880381585,0.22173460070043802,0.1903526250185295,0.5153884818451819,0.29425889313628856,0.1903526250185295,0.5153884818451819,0.29425889313628856,0.5153884818451819,0.1903526250185295,-0.22112958870889338,2,2,0.0,650.0,0.11160320788621902,0.6016966688828335,-0.05169666888283342
337,337,categorical_soft,0,0,False,0.0,0.0,1.0,0.0,0.0,1,-1.0,0.41882005929946897,5.325603294372558,-0.7232418596744538,-0.4026945799589157,0.41882005929946897,0.9944157313033031,0.0023491171748860505,0.0032351515218108,0.9944157313033031,0.0023491171748860505,0.0032351515218108,0.9944157313033031,0.0023491171748860505,-0.9911805797814923,1,1,0.256,1190.0,0.9339479058980942,0.9781629898726585,-0.42816298987265844
338,338,categorical_soft,1,1,False,0.0,0.0,0.0,1.0,0.0,2,-1.0,0.46000133752822875,-2.027583456039429,2.7208425283432005,-0.9205446004867553,0.46000133752822875,0.008408671080634835,0.966158990727427,0.025432338191938277,0.008408671080634835,0.966158990727427,0.025432338191938277,0.966158990727427,0.008408671080634835,-0.9407266525354887,2,2,0.128,940.0,0.7707909550517797,0.964490488674304,-0.41449048867430394
339,339,categorical_soft,1,1,True,0.1604912039489657,0.0,0.0,0.8395087718963623,0.1604911983013153,2,-0.679017573595047,0.319888137280941,-1.2079347133636475,1.4359048128128051,0.05621297638863325,0.319888137280941,0.05378402272320859,0.7558019507996615,0.19041402647712982,0.05378402272320859,0.7558019507996615,0.19041402647712982,0.7558019507996615,0.05378402272320859,-0.5653879243225317,2,2,0.128,700.0,0.5527637246996164,0.9255232317218494,-0.3755232317218493
340,340,categorical_soft,0,0,False,0.0,0.0,1.0,0.0,0.0,1,-1.0,0.3386712037026882,3.989006757736206,-0.4917799115180969,-0.24212388843297958,0.3386712037026882,0.9747421595225347,0.011078440804419975,0.014179399673045106,0.9747421595225347,0.011078440804419975,0.014179399673045106,0.9747421595225347,0.011078440804419975,-0.9605627598494896,1,1,0.064,1130.0,0.7965922951698303,0.9608160830938423,-0.4108160830938422
341,341,categorical_soft,1,1,True,0.6383385305031333,0.0,0.0,0.36166146397590637,0.6383385062217712,3,0.27667704224586487,0.28869126718491317,-0.658627712726593,0.8388454616069794,-0.03513871161267161,0.28869126718491317,0.13665762782044266,0.6091632070781637,0.2541791651013937,0.13665762782044266,0.6091632070781637,0.2541791651013937,0.6091632070781637,0.13665762782044266,-0.35498404197677,2,2,0.0,830.0,0.024197444319725037,0.44178459489913063,0.10821540510086941
342,342,categorical_soft,0,0,True,0.3484725113930036,0.0,0.651527464389801,0.0,0.3484725058078766,1,-0.30305495858192444,0.24135999344289302,-0.9911119639873505,1.288914728164673,0.02474274467676878,0.24135999344289302,0.07408068686385659,0.7219126952348607,0.20400661790128277,0.07408068686385659,0.7219126952348607,0.20400661790128277,0.07408068686385659,0.7219126952348607,0.12992593103742617,2,2,0.0,930.0,0.2401103377342224,0.6696039189278831,-0.11960391892788302
343,343,categorical_soft,0,0,True,0.1408680466465338,0.0,0.859131932258606,0.0,0.14086805284023285,1,-0.7182638794183731,0.33612583875656127,3.236310124397278,-0.4586284041404724,0.4312241554260254,0.33612583875656127,0.9212406480731736,0.022930237614132643,0.05582911431269365,0.9212406480731736,0.022930237614132643,0.05582911431269365,0.9212406480731736,0.022930237614132643,-0.86541153376048,1,1,0.128,930.0,0.998799242079258,0.9882740667620786,-0.4382740667620786
344,344,categorical_soft,1,1,False,0.0,0.0,0.0,1.0,0.0,2,-1.0,0.40618145987391474,-2.327466678619385,3.208682155609131,-1.039842700958252,0.40618145987391474,0.0038777167275161673,0.9820680045013169,0.014054278771167047,0.0038777167275161673,0.9820680045013169,0.014054278771167047,0.9820680045013169,0.0038777167275161673,-0.9680137257301499,2,2,0.128,1190.0,0.9841103702783585,0.9828513713934699,-0.43285137139346985
345,345,categorical_soft,0,0,False,0.0,0.0,1.0,0.0,0.0,1,-1.0,0.45491351187229156,2.881641960144043,-0.34406931400299073,-0.2454164907336235,0.45491351187229156,0.9224091182882044,0.036984582923206305,0.04060629878858925,0.9224091182882044,0.036984582923206305,0.04060629878858925,0.9224091182882044,0.036984582923206305,-0.8818028194996151,1,1,0.064,690.0,0.6364440619945526,0.9499356388377335,-0.3999356388377334
346,346,categorical_soft,0,0,False,0.0,0.0,1.0,0.0,0.0,1,-1.0,0.5006671994924545,0.8416525363922119,0.08410145714879036,-0.28070967048406603,0.5006671994924545,0.5567989241894948,0.2622101931256122,0.18099088268489302,0.5567989241894948,0.2622101931256122,0.18099088268489302,0.5567989241894948,0.2622101931256122,-0.3758080415046018,1,1,0.032,640.0,0.6729329973459244,0.9601760593339327,-0.41017605933393264
347,347,categorical_soft,1,1,False,0.0,0.0,0.0,1.0,0.0,2,-1.0,0.34787612073123453,-2.669265031814575,3.753792476654053,-1.116363525390625,0.34787612073123453,0.0016104496935098567,0.9907844926011362,0.0076050577053539264,0.0016104496935098567,0.9907844926011362,0.0076050577053539264,0.9907844926011362,0.0016104496935098567,-0.9831794348957823,2,2,0.512,850.0,0.9372682347893715,0.9856319148970634,-0.4356319148970633
348,348,categorical_soft,0,0,False,0.0,0.0,1.0,0.0,0.0,1,-1.0,0.45283987522125246,2.9576785802841186,-0.38010823130607607,-0.3019006371498108,0.45283987522125246,0.9310507757238267,0.03316203526366785,0.03578718901250556,0.9310507757238267,0.03316203526366785,0.03578718901250556,0.9310507757238267,0.03316203526366785,-0.8952635867113211,1,1,0.064,750.0,0.7316131889820099,0.965721529342436,-0.415721529342436
349,349,categorical_soft,1,1,False,0.0,0.0,0.0,1.0,0.0,2,-1.0,0.38457309901714326,-2.477753496170044,3.4598215341567995,-1.1418447375297547,0.38457309901714326,0.002611474696583146,0.9874697800830061,0.009918745220410748,0.002611474696583146,0.9874697800830061,0.009918745220410748,0.9874697800830061,0.002611474696583146,-0.9775510348625954,2,2,0.256,1070.0,1.012370828539133,0.9870300100435582,-0.4370300100435581
350,350,categorical_soft,1,1,True,0.14918507993551788,0.0,0.0,0.850814938545227,0.14918507635593414,2,-0.7016298621892929,0.2348626833409071,-1.5066908597946167,1.8638233542442322,-0.0823167186230421,0.2348626833409071,0.029335513410088814,0.8491761291481771,0.12148835744173428,0.029335513410088814,0.8491761291481771,0.12148835744173428,0.8491761291481771,0.029335513410088814,-0.7276877717064428,2,2,0.064,650.0,0.6683630901388824,0.9588353278858958,-0.4088353278858957
351,351,categorical_soft,0,0,False,0.0,0.0,1.0,0.0,0.0,1,-1.0,0.37536872178316116,7.557530641555786,-0.878018033504486,-0.6187962651252746,0.37536872178316116,0.9995017111237889,0.0002170523317091866,0.000281236544501991,0.9995017111237889,0.0002170523317091866,0.000281236544501991,0.9995017111237889,0.0002170523317091866,-0.999220474579287,1,1,0.512,1120.0,1.1905434653162956,0.994218091239636,-0.44421809123963596
352,352,categorical_soft,1,1,False,0.0,0.0,0.0,1.0,0.0,2,-1.0,0.3607784055173397,-1.75076824426651,2.4577792406082155,-0.8701728165149689,0.3607784055173397,0.014203915974071151,0.9516136330526317,0.03418245097329707,0.014203915974071151,0.9516136330526317,0.03418245097329707,0.9516136330526317,0.014203915974071151,-0.9174311820793346,2,2,0.256,400.0,0.7987911775708199,0.9835424597184669,-0.43354245971846683
353,353,categorical_soft,0,0,True,0.4211503580432464,0.0,0.5788496136665344,0.0,0.4211503565311432,1,-0.15769925713539124,0.31237928196787834,-0.4357930958271027,0.43187609910964964,0.038542686775326726,0.31237928196787834,0.2005815271050427,0.4773970246446423,0.3220214482503151,0.2005815271050427,0.4773970246446423,0.3220214482503151,0.2005815271050427,0.4773970246446423,0.12143992114527238,2,2,0.0,610.0,0.1087988018989563,0.6099215844506183,-0.05992158445061824
354,354,categorical_soft,1,1,True,0.1510709433256638,0.0,0.0,0.8489290475845337,0.15107093751430511,2,-0.6978581100702286,0.31708372551947833,0.19974006563425065,0.15292315259575845,0.18126129359006882,0.31708372551947833,0.3406684037438891,0.3250335761608881,0.3342980200952227,0.3406684037438891,0.3250335761608881,0.3342980200952227,0.3250335761608881,0.3406684037438891,0.009264443934334565,1,1,0.0,970.0,0.7178128808736801,0.9528142824883851,-0.402814282488385
355,355,categorical_soft,1,1,True,0.1748082876324218,0.0,0.0,0.8251917362213135,0.1748082935810089,2,-0.6503834426403046,0.3536196921020746,1.0071098625659942,0.026985902339220047,0.3052804797887802,0.3536196921020746,0.5344564604173582,0.20056419618792543,0.2649793433947165,0.5344564604173582,0.20056419618792543,0.2649793433947165,0.20056419618792543,0.5344564604173582,0.06441514720679109,1,1,0.0,900.0,0.5160111337900162,0.8907261062024602,-0.34072610620246013
356,356,categorical_soft,1,1,True,0.1575029186359953,0.0,0.0,0.8424971103668213,0.1575029194355011,2,-0.6849941909313202,0.2778469674289227,-0.8141450464725495,1.213716971874237,-0.058247480913996695,0.2778469674289227,0.09380611815783207,0.7077385383609314,0.19845534348123656,0.09380611815783207,0.7077385383609314,0.19845534348123656,0.7077385383609314,0.09380611815783207,-0.5092831948796948,2,2,0.032,880.0,0.6224783137440681,0.9337274851666373,-0.38372748516663724
357,357,categorical_soft,0,0,True,0.16152437249962082,0.0,0.8384756445884705,0.0,0.16152437031269073,1,-0.6769512742757797,0.23432531505823134,0.22455574274063111,0.18004216849803925,0.21667928397655487,0.23432531505823134,0.33938558341269454,0.3244256126002184,0.33618880398708706,0.33938558341269454,0.3244256126002184,0.33618880398708706,0.33938558341269454,0.3244256126002184,-0.0031967794256074766,1,1,0.064,680.0,0.5398712754249573,0.9227732052409395,-0.3727732052409395
358,358,categorical_soft,1,1,True,0.1639196719211149,0.0,0.0,0.8360803127288818,0.16391967236995697,2,-0.6721606403589249,0.30359410420060157,0.28248785734176635,0.13230441361665726,0.11616584733128547,0.30359410420060157,0.3695303717108951,0.31786235485503267,0.3126072734340723,0.3695303717108951,0.31786235485503267,0.3126072734340723,0.31786235485503267,0.3695303717108951,-0.0052550814209603725,1,1,0.0,490.0,0.4761205166578293,0.9165568128082685,-0.36655681280826846
359,359,categorical_soft,1,1,True,0.15313656571740325,0.0,0.0,0.8468634486198425,0.15313656628131866,2,-0.6937268823385239,0.3026873625814915,-1.2897772073745728,1.5498650431632996,-0.007913133408874274,0.3026873625814915,0.046063818406909894,0.7879652964285608,0.1659708851645293,0.046063818406909894,0.7879652964285608,0.1659708851645293,0.7879652964285608,0.046063818406909894,-0.6219944112640315,2,2,0.256,620.0,0.6048325188457966,0.9464525557523773,-0.39645255575237726
360,360,categorical_soft,1,1,True,0.19101452359725563,0.0,0.0,0.8089854717254639,0.19101452827453613,2,-0.6179709434509277,0.31146818697452544,-0.01860750219784677,0.2597224622964859,0.18440100997686387,0.31146818697452544,0.28205558224441474,0.3727206866139531,0.3452237311416321,0.28205558224441474,0.3727206866139531,0.3452237311416321,0.3727206866139531,0.28205558224441474,-0.027496955472321005,2,2,0.032,450.0,0.34453414287418127,0.8579223921921969,-0.30792239219219686
361,361,categorical_soft,1,1,False,0.0,0.0,0.0,1.0,0.0,2,-1.0,0.3753916770219803,-2.069610667228699,2.8481216192245484,-0.9826669692993164,0.3753916770219803,0.0071233801375543875,0.9717593167095917,0.021117303152853924,0.0071233801375543875,0.9717593167095917,0.021117303152853924,0.9717593167095917,0.0071233801375543875,-0.9506420135567378,2,2,0.128,710.0,0.8633746355772018,0.9826042518450617,-0.4326042518450617
362,362,categorical_soft,0,0,True,0.14734526445152907,0.0,0.852654755115509,0.0,0.14734525978565216,1,-0.7053094953298569,0.18071996755897998,1.9837170004844666,-0.11279242075979709,0.4503238290548325,0.18071996755897998,0.7467670503419598,0.0918185797956177,0.16141436986242258,0.7467670503419598,0.0918185797956177,0.16141436986242258,0.7467670503419598,0.0918185797956177,-0.5853526804795373,1,1,0.064,960.0,0.7782713621854782,0.9649209701609414,-0.4149209701609413
363,363,categorical_soft,1,1,True,0.2824668882215106,0.0,0.0,0.7175331115722656,0.2824668884277344,2,-0.43506622314453125,0.20999084338545798,-0.9886313676834106,1.1191351413726807,0.1567060112953186,0.20999084338545798,0.08082501157219214,0.6650764474254458,0.25409854100236207,0.08082501157219214,0.6650764474254458,0.25409854100236207,0.6650764474254458,0.08082501157219214,-0.41097790642308374,2,2,0.064,1130.0,0.35082195699214935,0.7328745950828798,-0.18287459508287973
364,364,categorical_soft,0,0,False,0.0,0.0,1.0,0.0,0.0,1,-1.0,0.43721514046192167,1.7553580760955811,-0.18585250154137611,-0.17244707345962523,0.43721514046192167,0.7752374659231978,0.11194321118794073,0.11281932288886158,0.7752374659231978,0.11194321118794073,0.11281932288886158,0.7752374659231978,0.11194321118794073,-0.6624181430343362,1,1,0.032,530.0,0.5941829681396484,0.949229112265047,-0.399229112265047
365,365,categorical_soft,0,0,False,0.0,0.0,1.0,0.0,0.0,1,-1.0,0.3769482016563416,8.005662107467652,-1.0284449219703675,-0.6890900313854218,0.3769482016563416,0.9997131665603718,0.0001192879637564701,0.00016754547587190203,0.9997131665603718,0.0001192879637564701,0.00016754547587190203,0.9997131665603718,0.0001192879637564701,-0.9995456210844998,1,1,0.512,1120.0,1.3508169502019882,0.9973610056548473,-0.44736100565484727
366,366,categorical_soft,1,1,False,0.0,0.0,0.0,1.0,0.0,2,-1.0,0.36282422468066217,-1.861713171005249,2.657899522781372,-0.9335777461528778,0.36282422468066217,0.010500236344500456,0.9629404319227113,0.026559331732788037,0.010500236344500456,0.9629404319227113,0.026559331732788037,0.9629404319227113,0.010500236344500456,-0.9363811001899233,2,2,0.128,970.0,0.7826331406831741,0.9652369443596681,-0.41523694435966807
367,367,categorical_soft,0,0,False,0.0,0.0,1.0,0.0,0.0,1,-1.0,0.42826511040329934,3.3781358003616333,-0.3891896903514862,-0.29088374972343445,0.42826511040329934,0.9534741922420805,0.022174692585767326,0.024351115172152236,0.9534741922420805,0.022174692585767326,0.024351115172152236,0.9534741922420805,0.022174692585767326,-0.9291230770699282,1,1,0.032,840.0,0.5968253463506699,0.9287462190401073,-0.3787462190401073
368,368,categorical_soft,0,0,False,0.0,0.0,1.0,0.0,0.0,1,-1.0,0.3801878571510315,3.237970232963562,-0.4364225327968597,-0.28639407753944396,0.3801878571510315,0.9479695653156265,0.024082835620830016,0.027947599063543344,0.9479695653156265,0.024082835620830016,0.027947599063543344,0.9479695653156265,0.024082835620830016,-0.9200219662520831,1,1,0.128,840.0,0.846636950969696,0.978011866019843,-0.428011866019843
369,369,categorical_soft,0,0,True,0.549994792500617,0.0,0.4500052034854889,0.0,0.5499947667121887,3,0.09998956322669983,0.2786715431138873,0.05835547419264912,0.16384624242782592,0.15070703700184823,0.2786715431138873,0.3118947552091972,0.34640799779313197,0.3416972469976708,0.3118947552091972,0.34640799779313197,0.3416972469976708,0.3118947552091972,0.34640799779313197,0.029802491788473606,2,2,0.0,670.0,0.04256966710090637,0.5123068033698828,0.037693196630117276
370,370,categorical_soft,0,0,False,0.0,0.0,1.0,0.0,0.0,1,-1.0,0.4455059334635735,2.2779033184051514,-0.2848173871636391,-0.26644163876771926,0.4455059334635735,0.8648963961857552,0.06714763543781857,0.06795596837642619,0.8648963961857552,0.06714763543781857,0.06795596837642619,0.8648963961857552,0.06714763543781857,-0.796940427809329,1,1,0.032,740.0,0.4386346563696861,0.8711185197845402,-0.3211185197845402
371,371,categorical_soft,1,1,True,0.7409121730578815,0.0,0.0,0.25908783078193665,0.7409121990203857,3,0.4818243682384491,0.23042730651795865,0.04258973444812,0.4436739444732666,0.17565699070692062,0.23042730651795865,0.2753346784016737,0.41066875789078783,0.31399656370753853,0.2753346784016737,0.41066875789078783,0.31399656370753853,0.41066875789078783,0.2753346784016737,-0.0966721941832493,2,2,0.0,1170.0,0.02112467586994171,0.34098459826029615,0.2090154017397039
372,372,categorical_soft,0,0,False,0.0,0.0,1.0,0.0,0.0,1,-1.0,0.40005827844142916,2.9660932540893556,-0.3691856026649475,-0.2500794932246208,0.40005827844142916,0.9295269022688535,0.033188166003840544,0.03728493172730602,0.9295269022688535,0.033188166003840544,0.03728493172730602,0.9295269022688535,0.033188166003840544,-0.8922419705415474,1,1,0.032,1180.0,0.820691667497158,0.9629470093439594,-0.41294700934395934
373,373,categorical_soft,0,0,True,0.13859959724236742,0.0,0.8614004254341125,0.0,0.13859960436820984,1,-0.7228008210659027,0.3906226769089699,2.6796202421188355,-0.25148461759090424,0.5027755737304688,0.3906226769089699,0.8569741841825291,0.045761565040535204,0.09726425077693567,0.8569741841825291,0.045761565040535204,0.09726425077693567,0.8569741841825291,0.045761565040535204,-0.7597099334055935,1,1,0.256,720.0,1.2470764820463955,0.9972876295955952,-0.4472876295955952
374,374,categorical_soft,0,0,True,0.142547742111232,0.0,0.8574522733688354,0.0,0.14254774153232574,1,-0.7149045318365097,0.1800819918513298,2.0891584873199465,-0.2133811257779598,0.40990856289863586,0.1800819918513298,0.7771728839693799,0.07773791662101562,0.14508919940960452,0.7771728839693799,0.07773791662101562,0.14508919940960452,0.7771728839693799,0.07773791662101562,-0.6320836845597754,1,1,0.064,680.0,0.8477915152907372,0.9819000580393523,-0.4319000580393523
375,375,categorical_soft,1,1,True,0.17110929758369697,0.0,0.0,0.8288906812667847,0.17110930383205414,2,-0.6577813774347305,0.24441698491573333,0.05993987303227186,0.12153024673461914,0.19017657786607742,0.24441698491573333,0.31219997143885775,0.3323995031913828,0.3554005253697594,0.31219997143885775,0.3323995031913828,0.3554005253697594,0.3323995031913828,0.31219997143885775,0.02300102217837663,3,3,0.032,850.0,0.5218647550791502,0.8990958545060396,-0.3490958545060395
376,376,categorical_soft,0,0,False,0.0,0.0,1.0,0.0,0.0,1,-1.0,0.4504983425140381,2.5969205617904665,-0.2610383629798889,-0.1626929335296154,0.4504983425140381,0.8919876964530996,0.051494109935526146,0.05651819361137421,0.8919876964530996,0.051494109935526146,0.05651819361137421,0.8919876964530996,0.051494109935526146,-0.8354695028417254,1,1,0.032,1110.0,0.7185393869876862,0.9448057440354843,-0.3948057440354843
377,377,categorical_soft,1,1,True,0.17171995835359766,0.0,0.0,0.8282800316810608,0.17171995341777802,2,-0.6565600782632828,0.365016164816916,0.261184923350811,0.18999952971935272,0.18010131791234016,0.365016164816916,0.35045560753390387,0.3266589246017424,0.3228854678643538,0.35045560753390387,0.3266589246017424,0.3228854678643538,0.3266589246017424,0.35045560753390387,-0.003773456737388603,1,1,0.0,510.0,0.43530239164829254,0.8976874868146086,-0.3476874868146086
378,378,categorical_soft,0,0,True,0.14159409893896185,0.0,0.8584058880805969,0.0,0.14159409701824188,1,-0.716811791062355,0.2343332339078188,1.9346404075622559,-0.07394436597824097,0.41928947865962984,0.2343332339078188,0.738254816600367,0.09909895237378247,0.16264623102585074,0.738254816600367,0.09909895237378247,0.16264623102585074,0.738254816600367,0.09909895237378247,-0.5756085855745162,1,1,0.128,680.0,0.8935141116380692,0.9854890640603567,-0.4354890640603567
379,379,categorical_soft,1,1,True,0.15317525639557306,0.0,0.0,0.8468247652053833,0.1531752496957779,2,-0.6936495155096054,0.31938239075243474,-1.655120599269867,1.966062343120575,-0.06931623183190823,0.31938239075243474,0.023212507601019373,0.8637506751004576,0.11303681729852277,0.023212507601019373,0.8637506751004576,0.11303681729852277,0.8637506751004576,0.023212507601019373,-0.7507138578019348,2,2,0.256,510.0,0.5773737840354443,0.9463356041727776,-0.3963356041727776
380,380,categorical_soft,1,1,True,0.16881225547255846,0.0,0.0,0.8311877250671387,0.16881226003170013,2,-0.6623754650354385,0.23055572398006915,-0.9605327486991883,1.2009554982185364,0.0688983865082264,0.23055572398006915,0.08029282073956966,0.6953975739320775,0.2243096053283528,0.08029282073956966,0.6953975739320775,0.2243096053283528,0.6953975739320775,0.08029282073956966,-0.47108796860372465,2,2,0.128,400.0,0.42385962195839966,0.9044932597432849,-0.3544932597432848
381,381,categorical_soft,0,0,True,0.13994749393293426,0.0,0.8600525259971619,0.0,0.13994748890399933,1,-0.7201050370931625,0.29442763440310954,2.331208062171936,-0.19940609484910965,0.41087694466114044,0.29442763440310954,0.815469482436608,0.0649515239859784,0.11957899357741372,0.815469482436608,0.0649515239859784,0.11957899357741372,0.815469482436608,0.0649515239859784,-0.6958904888591942,1,1,0.256,610.0,0.9956440702080727,0.9918732366503379,-0.44187323665033784
382,382,categorical_soft,0,0,False,0.0,0.0,1.0,0.0,0.0,1,-1.0,0.5525785565376282,2.920085620880127,-0.4221600592136383,-0.3642428457736969,0.5525785565376282,0.9317647283376473,0.03324616871779518,0.034989102944557385,0.9317647283376473,0.03324616871779518,0.034989102944557385,0.9317647283376473,0.03324616871779518,-0.89677562539309,1,1,0.256,480.0,0.7710565626621246,0.9793193742271186,-0.4293193742271185
383,383,categorical_soft,1,1,True,0.14417076045447696,0.0,0.0,0.8558292388916016,0.14417076110839844,2,-0.7116584777832031,0.3296314049512148,-1.6683817267417909,2.09337842464447,0.020675332099199296,0.3296314049512148,0.020238912350291707,0.8702333843175045,0.10952770333220371,0.020238912350291707,0.8702333843175045,0.10952770333220371,0.8702333843175045,0.020238912350291707,-0.7607056809853008,2,2,0.256,760.0,0.8084479738026857,0.9759628652576691,-0.425962865257669
384,384,categorical_soft,0,0,False,0.0,0.0,1.0,0.0,0.0,1,-1.0,0.35962347611784934,3.760388159751892,-0.40111154317855835,-0.24558418691158296,0.35962347611784934,0.9672155831557359,0.015160840098816583,0.01762357674544758,0.9672155831557359,0.015160840098816583,0.01762357674544758,0.9672155831557359,0.015160840098816583,-0.9495920064102883,1,1,0.128,1080.0,0.9401882588863373,0.9813913142856413,-0.43139131428564126
385,385,categorical_soft,1,1,True,0.14549609815167108,0.0,0.0,0.8545039296150208,0.14549610018730164,2,-0.7090078294277191,0.3563073374330997,-1.5242743492126465,1.8741624236106873,-0.021376315224915742,0.3563073374330997,0.028245167492925893,0.844767605753107,0.12698722675396676,0.028245167492925893,0.844767605753107,0.12698722675396676,0.844767605753107,0.028245167492925893,-0.7177803789991403,2,2,0.256,770.0,0.7735878583043814,0.9712650823388411,-0.4212650823388411
386,386,categorical_soft,0,0,True,0.1386766372350519,0.0,0.861323356628418,0.0,0.13867664337158203,1,-0.7226467132568359,0.28370850067585707,2.8794601440429686,-0.34834492951631546,0.5220063239336014,0.28370850067585707,0.881454510090777,0.03500916479995396,0.08353632510926902,0.881454510090777,0.03500916479995396,0.08353632510926902,0.881454510090777,0.03500916479995396,-0.797918184981508,1,1,0.512,400.0,1.1461854800581932,0.9969733685655217,-0.4469733685655216
387,387,categorical_soft,0,0,False,0.0,0.0,1.0,0.0,0.0,1,-1.0,0.3809552788734436,4.11850152015686,-0.49294592142105104,-0.3646607369184494,0.3809552788734436,0.9791595082343836,0.009762345085077253,0.011078146680539226,0.9791595082343836,0.009762345085077253,0.011078146680539226,0.9791595082343836,0.009762345085077253,-0.9680813615538444,1,1,0.256,660.0,0.940440259873867,0.9887148115988028,-0.43871481159880277
388,388,categorical_soft,1,1,True,0.16684084755566841,0.0,0.0,0.8331591486930847,0.16684085130691528,2,-0.6663182973861694,0.288048492372036,-1.6659598231315613,1.9808547496795654,0.04773752093315124,0.288048492372036,0.022311750471094224,0.8540533860197256,0.12363486350918022,0.022311750471094224,0.8540533860197256,0.12363486350918022,0.8540533860197256,0.022311750471094224,-0.7304185225105454,2,2,0.064,1010.0,0.5850121323019266,0.90925726285887,-0.35925726285886994
389,389,categorical_soft,0,0,False,0.0,0.0,1.0,0.0,0.0,1,-1.0,0.49121244847774503,1.7548226237297058,-0.05408691521733999,-0.23453503400087355,0.49121244847774503,0.7684389399612228,0.12642190999101563,0.1051391500477616,0.7684389399612228,0.12642190999101563,0.1051391500477616,0.7684389399612228,0.12642190999101563,-0.6632997899134612,1,1,0.064,880.0,0.4785623997449875,0.8741640467966116,-0.3241640467966116
390,390,categorical_soft,1,1,True,0.2760299416475489,0.0,0.0,0.7239700555801392,0.27602994441986084,2,-0.4479401111602783,0.30692565701901914,0.8938550293445587,0.10429039113223552,0.3383113920688629,0.30692565701901914,0.49308766990594843,0.22389133785310675,0.28302099224094485,0.49308766990594843,0.22389133785310675,0.28302099224094485,0.22389133785310675,0.49308766990594843,0.0591296543878381,1,1,0.0,1000.0,0.32620373368263245,0.7398172420363511,-0.18981724203635109
391,391,categorical_soft,0,0,False,0.0,0.0,1.0,0.0,0.0,1,-1.0,0.457703098654747,3.2311364650726317,-0.4024908125400543,-0.24505663812160491,0.457703098654747,0.9456547180901202,0.0250626951479815,0.029282586761898377,0.9456547180901202,0.0250626951479815,0.029282586761898377,0.9456547180901202,0.0250626951479815,-0.9163721313282218,1,1,0.128,840.0,0.7657688558101654,0.9676319299768472,-0.41763192997684717
392,392,categorical_soft,0,0,True,0.1412916564522666,0.0,0.8587083220481873,0.0,0.14129166305065155,1,-0.7174166589975357,0.24497195594012738,1.861320436000824,-0.13297903314232826,0.410518491268158,0.24497195594012738,0.7294678970681074,0.09945798441192479,0.17107411851996784,0.7294678970681074,0.09945798441192479,0.17107411851996784,0.7294678970681074,0.09945798441192479,-0.5583937785481397,1,1,0.064,930.0,0.9719650354236364,0.9866435474255073,-0.43664354742550726
393,393,categorical_soft,0,0,True,0.29355228838107594,0.0,0.7064477205276489,0.0,0.2935522794723511,1,-0.41289544105529785,0.3563379250466824,-0.0385516744107008,0.44830833077430726,0.1185370035469532,0.3563379250466824,0.26354968731372147,0.42850362596369856,0.30794668672258,0.26354968731372147,0.42850362596369856,0.30794668672258,0.26354968731372147,0.42850362596369856,0.04439699940885855,2,2,0.0,420.0,0.16475437581539154,0.7213106216778917,-0.17131062167789168
394,394,categorical_soft,0,0,False,0.0,0.0,1.0,0.0,0.0,1,-1.0,0.6221423745155334,3.4809557676315306,-0.41916354894638064,-0.33897838592529295,0.6221423745155334,0.9594917126311966,0.01944846508773212,0.021059822281071425,0.9594917126311966,0.01944846508773212,0.021059822281071425,0.9594917126311966,0.01944846508773212,-0.9384318903501252,1,1,0.064,1130.0,0.5938400030136108,0.9005461713773014,-0.3505461713773014
395,395,categorical_soft,0,0,True,0.22105897632457006,0.0,0.7789410352706909,0.0,0.22105897963047028,1,-0.5578820556402206,0.32290020659565927,0.25858896523714064,0.11353603675961495,0.23888044953346252,0.32290020659565927,0.35145288317848317,0.3040119845810832,0.34453513224043364,0.35145288317848317,0.3040119845810832,0.34453513224043364,0.35145288317848317,0.3040119845810832,-0.006917750938049527,1,1,0.032,1110.0,0.4338230639696121,0.8086384647508287,-0.25863846475082863
396,396,categorical_soft,1,1,False,0.0,0.0,0.0,1.0,0.0,2,-1.0,0.4069399446249008,-3.025306797027588,4.0293796300888065,-1.1679575562477111,0.4069399446249008,0.0008584477052812364,0.9936377842343861,0.005503768060332646,0.0008584477052812364,0.9936377842343861,0.005503768060332646,0.9936377842343861,0.0008584477052812364,-0.9881340161740535,2,2,0.512,1110.0,0.9393975138664246,0.9806455907424554,-0.43064559074245534
397,397,categorical_soft,1,1,False,0.0,0.0,0.0,1.0,0.0,2,-1.0,0.4988032132387161,-2.8284498691558837,3.764570379257202,-1.2361299991607666,0.4988032132387161,0.0013609365753326432,0.991958097198647,0.006680966226020454,0.0013609365753326432,0.991958097198647,0.006680966226020454,0.991958097198647,0.0013609365753326432,-0.9852771309726266,2,2,0.256,1050.0,0.9099549353122711,0.9792239661600461,-0.4292239661600461
398,398,categorical_soft,1,1,True,0.15284969822104216,0.0,0.0,0.8471503257751465,0.1528497040271759,2,-0.6943006217479706,0.3076213952153921,-0.9281797885894776,1.0792895793914794,0.015712154749780893,0.3076213952153921,0.09086357361620706,0.6757528951827256,0.23338353120106725,0.09086357361620706,0.6757528951827256,0.23338353120106725,0.6757528951827256,0.09086357361620706,-0.4423693639816584,2,2,0.128,490.0,0.5764550000894815,0.9473221554846154,-0.39732215548461536
399,399,categorical_soft,1,1,True,0.22781912808323002,0.0,0.0,0.7721808552742004,0.22781912982463837,2,-0.5443617254495621,0.17152886372059584,-0.26348780989646914,0.41729668378829954,0.016854270361363888,0.17152886372059584,0.23297302796564937,0.4594471703965497,0.307579801637801,0.23297302796564937,0.4594471703965497,0.307579801637801,0.4594471703965497,0.23297302796564937,-0.15186736875874868,2,2,0.032,400.0,0.2471591681241989,0.7989866884283707,-0.24898668842837068
