trial_index,dataset_index,student_action_objective,true_direction,dir_choice,sure_available,teacher_sure_strength,target_fixation,target_left,target_right,target_sure,teacher_preferred_action,target_action_margin,raw_post_go_fixation,raw_post_go_left,raw_post_go_right,raw_post_go_sure,predicted_fixation,predicted_left,predicted_right,predicted_sure,p_left,p_right,p_sure,predicted_correct_direction,predicted_incorrect_direction,predicted_action_margin,final_argmax_choice,action_argmax_choice,stimulus_coherence,stimulus_duration_ms,internal_margin,empirical_p_correct,delta_value
0,0,categorical_soft,0,0,False,0.0,0.0,1.0,0.0,0.0,1,-1.0,0.21214672848582267,7.330922412872314,0.4969168365001678,-8.955498695373535,0.21214672848582267,0.9989054140111779,0.0010945006423012883,8.534652075892054e-08,0.9989054140111779,0.0010945006423012883,8.534652075892054e-08,0.9989054140111779,0.0010945006423012883,-0.9989053286646572,1,1,0.512,940.0,1.0484288111329079,0.9906774506351905,-0.4406774506351905
1,1,categorical_soft,0,0,True,0.20536326275014355,0.0,0.7946367263793945,0.0,0.20536325871944427,1,-0.5892734676599503,0.19939165245741605,-0.03449731208384037,-0.31120711117982863,0.05060157626867294,0.19939165245741605,0.3512059084835565,0.2664994052397716,0.3822946862766719,0.3512059084835565,0.2664994052397716,0.3822946862766719,0.3512059084835565,0.2664994052397716,0.03108877779311542,3,3,0.0,890.0,0.4134471267461777,0.8328962506168242,-0.2828962506168241
2,2,categorical_soft,1,1,True,0.1627092707452713,0.0,0.0,0.8372907042503357,0.16270926594734192,2,-0.6745814383029938,0.1779865637421608,-2.240301775932312,1.8243589639663695,0.18899622261524202,0.1779865637421608,0.01416557886683984,0.8245578630321783,0.16127655810098201,0.01416557886683984,0.8245578630321783,0.16127655810098201,0.8245578630321783,0.01416557886683984,-0.6632813049311963,2,2,0.256,510.0,0.4894590051844716,0.9196709493279273,-0.3696709493279272
3,3,categorical_soft,0,0,False,0.0,0.0,1.0,0.0,0.0,1,-1.0,0.19443357065320016,8.177325868606568,0.49553902447223663,-10.012062549591064,0.19443357065320016,0.9995267804965383,0.0004732067273485659,1.2776113174115448e-08,0.9995267804965383,0.0004732067273485659,1.2776113174115448e-08,0.9995267804965383,0.0004732067273485659,-0.9995267677204251,1,1,0.512,960.0,1.073611468076706,0.9915539535033948,-0.44155395350339477
4,4,categorical_soft,0,0,False,0.0,0.0,1.0,0.0,0.0,1,-1.0,0.13431209400296212,5.122996044158936,0.34633347690105437,-6.287894916534424,0.13431209400296212,0.9915746530080509,0.008414349914065538,1.0997077883604002e-05,0.9915746530080509,0.008414349914065538,1.0997077883604002e-05,0.9915746530080509,0.008414349914065538,-0.9915636559301673,1,1,0.128,1020.0,0.8045955151319504,0.9668002996095091,-0.41680029960950904
5,5,categorical_soft,0,0,True,0.1494681574748153,0.0,0.850531816482544,0.0,0.14946815371513367,1,-0.7010636627674103,0.1296075439080596,0.9563978910446167,-1.5443097829818726,0.19780944883823395,0.1296075439080596,0.6447986976838791,0.05293561798847461,0.30226568432764617,0.6447986976838791,0.05293561798847461,0.30226568432764617,0.6447986976838791,0.05293561798847461,-0.34253301335623293,1,1,0.064,1100.0,0.7740941792726517,0.9579179349019022,-0.4079179349019022
6,6,categorical_soft,0,0,False,0.0,0.0,1.0,0.0,0.0,1,-1.0,0.18909675665199757,4.290831995010376,0.2739510416984558,-5.304721450805664,0.18909675665199757,0.9821384119989492,0.017794487719872822,6.710028117800977e-05,0.9821384119989492,0.017794487719872822,6.710028117800977e-05,0.9821384119989492,0.017794487719872822,-0.9820713117177713,1,1,0.128,920.0,0.9184840470552444,0.9829027041866822,-0.4329027041866822
7,7,categorical_soft,0,0,False,0.0,0.0,1.0,0.0,0.0,1,-1.0,0.17939425613731147,1.3419748902320863,0.18621039390563965,-1.790878987312317,0.17939425613731147,0.7359794568316362,0.2319055188796407,0.03211502428872304,0.7359794568316362,0.2319055188796407,0.03211502428872304,0.7359794568316362,0.2319055188796407,-0.7038644325429132,1,1,0.0,1020.0,0.046841979026794434,0.4129663606271245,0.13703363937287555
8,8,categorical_soft,1,1,True,0.1573025373588735,0.0,0.0,0.8426974415779114,0.15730254352092743,2,-0.685394898056984,0.176786451600492,-1.7365801453590393,1.1786848306655884,0.17305172085762024,0.176786451600492,0.03823568052317959,0.7033838300780723,0.25838048939874814,0.03823568052317959,0.7033838300780723,0.25838048939874814,0.7033838300780723,0.03823568052317959,-0.4450033406793241,2,2,0.256,470.0,0.5237435521557927,0.9342915810289389,-0.3842915810289389
9,9,categorical_soft,0,0,False,0.0,0.0,1.0,0.0,0.0,1,-1.0,0.20497782882303,7.658008337020874,0.5542538076639175,-9.518066024780273,0.20497782882303,0.9991655251669365,0.0008344397169897265,3.511607377776644e-08,0.9991655251669365,0.0008344397169897265,3.511607377776644e-08,0.9991655251669365,0.0008344397169897265,-0.9991654900508626,1,1,0.512,1010.0,1.1523869410157204,0.9938939755920116,-0.4438939755920116
10,10,categorical_soft,1,1,False,0.0,0.0,0.0,1.0,0.0,2,-1.0,0.28395284339785576,1.202367353439331,0.7996078848838806,-2.0142802596092224,0.28395284339785576,0.5850260316128996,0.39140700784588217,0.023566960541218297,0.5850260316128996,0.39140700784588217,0.023566960541218297,0.39140700784588217,0.5850260316128996,-0.36784004730466385,1,1,0.032,1170.0,0.730802558362484,0.9441724449195158,-0.39417244491951575
11,11,categorical_soft,1,1,True,0.15537181576585085,0.0,0.0,0.8446281552314758,0.15537181496620178,2,-0.689256340265274,0.1575615856796503,-1.7797245502471923,1.206437611579895,0.2168353170156479,0.1575615856796503,0.035472281886961096,0.702634333328134,0.26189338478490487,0.035472281886961096,0.702634333328134,0.26189338478490487,0.702634333328134,0.035472281886961096,-0.4407409485432291,2,2,0.064,560.0,0.5649214829318225,0.9398221432929741,-0.38982214329297404
12,12,categorical_soft,1,1,False,0.0,0.0,0.0,1.0,0.0,2,-1.0,0.34658226519823077,0.24942161291837692,1.6159964442253112,-1.8111626744270324,0.34658226519823077,0.19890184850865714,0.7755953184499618,0.025502833041381068,0.19890184850865714,0.7755953184499618,0.025502833041381068,0.7755953184499618,0.19890184850865714,-0.7500924854085806,2,2,0.064,910.0,0.7842522263526917,0.9678326450270627,-0.41783264502706263
13,13,categorical_soft,1,1,False,0.0,0.0,0.0,1.0,0.0,2,-1.0,0.3254660349339247,0.691975337266922,0.6722665429115295,-1.3282352685928345,0.3254660349339247,0.47329443869745075,0.4639359986143382,0.0627695626882112,0.47329443869745075,0.4639359986143382,0.0627695626882112,0.4639359986143382,0.47329443869745075,-0.401166435926127,1,1,0.032,460.0,0.8103487938642502,0.9832889224471807,-0.43328892244718065
14,14,categorical_soft,1,1,False,0.0,0.0,0.0,1.0,0.0,2,-1.0,0.3523771375417709,-0.6071695744991302,2.2974714756011965,-1.5903112173080445,0.3523771375417709,0.05093480176593147,0.92949439215796,0.01957080607610858,0.05093480176593147,0.92949439215796,0.01957080607610858,0.92949439215796,0.05093480176593147,-0.9099235860818514,2,2,0.064,490.0,0.6984655410051346,0.970371268883655,-0.42037126888365495
15,15,categorical_soft,1,1,False,0.0,0.0,0.0,1.0,0.0,2,-1.0,0.3676523305475712,0.17022331207990646,0.9112290620803833,-1.1458426475524903,0.3676523305475712,0.29704475213101567,0.6229473752229955,0.08000787264598888,0.29704475213101567,0.6229473752229955,0.08000787264598888,0.6229473752229955,0.29704475213101567,-0.5429395025770066,2,2,0.064,670.0,0.657180730602704,0.9555993270423452,-0.40559932704234514
16,16,categorical_soft,0,0,False,0.0,0.0,1.0,0.0,0.0,1,-1.0,0.1581074319779873,2.43588502407074,0.35204252898693084,-3.134148120880127,0.1581074319779873,0.8860016987797064,0.11057972073527059,0.0034185804850232282,0.8860016987797064,0.11057972073527059,0.0034185804850232282,0.8860016987797064,0.11057972073527059,-0.8825831182946832,1,1,0.032,990.0,0.6548107713460922,0.9353335886244387,-0.38533358862443867
17,17,categorical_soft,0,0,False,0.0,0.0,1.0,0.0,0.0,1,-1.0,0.21435462795197963,3.47141432762146,0.21442757695913314,-4.248589563369751,0.21435462795197963,0.9625019650275034,0.03706900995012545,0.0004290250223710196,0.9625019650275034,0.03706900995012545,0.0004290250223710196,0.9625019650275034,0.03706900995012545,-0.9620729400051324,1,1,0.064,1160.0,0.867465652525425,0.9710154946235546,-0.4210154946235546
18,18,categorical_soft,0,0,True,0.4703194649998598,0.0,0.5296805500984192,0.0,0.4703194797039032,1,-0.05936107039451599,0.09604129195213318,0.5738593101501465,-1.0572002530097961,0.05233917161822319,0.09604129195213318,0.5586676656243833,0.10955176061559804,0.33178057376001857,0.5586676656243833,0.10955176061559804,0.33178057376001857,0.5586676656243833,0.10955176061559804,-0.22688709186436473,1,1,0.064,880.0,0.14334997534751892,0.5723013908026424,-0.022301390802642374
19,19,categorical_soft,0,0,True,0.15783541674977236,0.0,0.8421645760536194,0.0,0.15783542394638062,1,-0.6843291521072388,0.08462919071316719,1.276121151447296,-0.9482383906841279,-0.37613376677036287,0.08462919071316719,0.7679789715359562,0.08304385654426528,0.1489771719197785,0.7679789715359562,0.08304385654426528,0.1489771719197785,0.7679789715359562,0.08304385654426528,-0.6190017996161776,1,1,0.064,890.0,0.6218863129615784,0.9327954541479567,-0.3827954541479567
20,20,categorical_soft,0,0,True,0.1385075905024299,0.0,0.861492395401001,0.0,0.13850758969783783,1,-0.7229848057031631,0.0706615213304758,3.5104652404785157,-2.149765646457672,-1.5760203719139099,0.0706615213304758,0.9896991353050051,0.0034604675254529165,0.006840397169542002,0.9896991353050051,0.0034604675254529165,0.006840397169542002,0.9896991353050051,0.0034604675254529165,-0.9828587381354631,1,1,0.512,940.0,1.331511277705431,0.9976637240031028,-0.4476637240031027
21,21,categorical_soft,0,0,True,0.14257556409246797,0.0,0.8574244379997253,0.0,0.14257556200027466,1,-0.7148488759994507,0.17923374213278292,0.8004639863967895,-1.1753873467445373,0.13099934831261634,0.17923374213278292,0.6057420866431598,0.08402119239112608,0.3102367209657143,0.6057420866431598,0.08402119239112608,0.3102367209657143,0.6057420866431598,0.08402119239112608,-0.29550536567744545,1,1,0.128,600.0,0.8269800916314125,0.9817964952979781,-0.43179649529797803
22,22,categorical_soft,1,1,True,0.17070501334162702,0.0,0.0,0.8292949795722961,0.17070502042770386,2,-0.6585899591445923,0.17714321985840797,-2.384636402130127,1.9116258502006531,0.4006214112043381,0.17714321985840797,0.011039874412759937,0.8095328803717736,0.17942724521546652,0.011039874412759937,0.8095328803717736,0.17942724521546652,0.8095328803717736,0.011039874412759937,-0.6301056351563071,2,2,0.256,810.0,0.5141643323004246,0.9000342722994452,-0.35003427229944517
23,23,categorical_soft,1,1,True,0.19562216334397986,0.0,0.0,0.8043778538703918,0.19562216103076935,2,-0.6087556928396225,0.08768131788820029,0.251215398311615,-0.5867155313491821,0.03309321776032448,0.08768131788820029,0.44705722253735136,0.19346061989726632,0.35948215756538227,0.44705722253735136,0.19346061989726632,0.35948215756538227,0.19346061989726632,0.44705722253735136,0.16602153766811595,1,1,0.0,880.0,0.4363681795075536,0.8495365426977518,-0.29953654269775176
24,24,categorical_soft,0,0,True,0.13827039345882153,0.0,0.861729621887207,0.0,0.13827039301395416,1,-0.7234592288732529,0.09714916609227657,3.8685771942138674,-1.129682904481888,-2.4191550970077516,0.09714916609227657,0.9912448217709195,0.0067514481727957805,0.002003730056284633,0.9912448217709195,0.0067514481727957805,0.002003730056284633,0.9912448217709195,0.0067514481727957805,-0.9892410917146349,1,1,0.512,670.0,1.3751744218170643,0.9986372597710848,-0.4486372597710847
25,25,categorical_soft,0,0,True,0.13827917050404648,0.0,0.8617208003997803,0.0,0.13827916979789734,1,-0.7234416306018829,0.21714981645345688,4.172998714447021,-0.3967608273029327,-3.4098641157150267,0.21714981645345688,0.9890694465926302,0.010404118016838203,0.0005264353905317564,0.9890694465926302,0.010404118016838203,0.0005264353905317564,0.9890694465926302,0.010404118016838203,-0.9885430112020984,1,1,0.512,490.0,1.3256772384047508,0.9986011338836283,-0.4486011338836282
26,26,categorical_soft,0,0,False,0.0,0.0,1.0,0.0,0.0,1,-1.0,0.3591263577342033,1.9604025602340698,0.3886652499437332,-2.282086658477783,0.3591263577342033,0.8179740639563216,0.1701950301937272,0.011830905849951395,0.8179740639563216,0.1701950301937272,0.011830905849951395,0.8179740639563216,0.1701950301937272,-0.8061431581063702,1,1,0.032,990.0,0.6256432682275772,0.9261054418610988,-0.37610544186109873
27,27,categorical_soft,1,1,False,0.0,0.0,0.0,1.0,0.0,2,-1.0,0.24966733381152154,-1.368574059009552,3.096172499656677,-1.4535146474838256,0.24966733381152154,0.01126469990932007,0.9779614796952881,0.01077382039539174,0.01126469990932007,0.9779614796952881,0.01077382039539174,0.9779614796952881,0.01126469990932007,-0.9671876592998964,2,2,0.256,670.0,1.0143475160002708,0.9920294334782974,-0.4420294334782974
28,28,categorical_soft,1,1,True,0.15346409575472014,0.0,0.0,0.8465359210968018,0.15346409380435944,2,-0.6930718272924423,0.18614699710160493,-1.9861321210861207,1.8087944269180298,0.33865599930286405,0.18614699710160493,0.018230789339623705,0.7964507396876775,0.1853184709726987,0.018230789339623705,0.7964507396876775,0.1853184709726987,0.7964507396876775,0.018230789339623705,-0.6111322687149788,2,2,0.256,700.0,0.6205295249819756,0.945465008707168,-0.39546500870716794
29,29,categorical_soft,1,1,False,0.0,0.0,0.0,1.0,0.0,2,-1.0,0.2412456665188074,-0.2988264083862305,3.2900320529937743,-2.465377759933472,0.2412456665188074,0.026848821810212503,0.9700262911026835,0.003124887087103934,0.026848821810212503,0.9700262911026835,0.003124887087103934,0.9700262911026835,0.026848821810212503,-0.9669014040155796,2,2,0.128,1110.0,0.8874989934265614,0.9751635105383551,-0.4251635105383551
30,30,categorical_soft,0,0,True,0.1382362113566537,0.0,0.8617637753486633,0.0,0.13823620975017548,1,-0.7235275655984879,0.18281395472586154,6.448588466644287,-0.3796226382255554,-6.389586734771728,0.18281395472586154,0.9989132363089513,0.0010839957182268542,2.7679728218078255e-06,0.9989132363089513,0.0010839957182268542,2.7679728218078255e-06,0.9989132363089513,0.0010839957182268542,-0.9989104683361295,1,1,0.512,1100.0,1.502898057922721,0.9987780266649418,-0.4487780266649417
31,31,categorical_soft,1,1,True,0.1981886021193041,0.0,0.0,0.8018113970756531,0.19818860292434692,2,-0.6036227941513062,0.16447711661458014,0.3292595535516739,-0.6887352705001831,-0.023915051855146884,0.16447711661458014,0.4845160249673783,0.1751934031910853,0.3402905718415364,0.4845160249673783,0.1751934031910853,0.3402905718415364,0.1751934031910853,0.4845160249673783,0.16509716865045107,1,1,0.0,1080.0,0.4783298671245575,0.8450161845023628,-0.2950161845023628
32,32,categorical_soft,1,1,True,0.15878169880904897,0.0,0.0,0.8412182927131653,0.15878169238567352,2,-0.6824366003274918,0.10215882752090692,-2.4313434600830077,2.459004259109497,0.4191491574048996,0.10215882752090692,0.0066101006967208605,0.8788793805660076,0.11451051873727151,0.0066101006967208605,0.8788793805660076,0.11451051873727151,0.8788793805660076,0.0066101006967208605,-0.7643688618287361,2,2,0.512,1110.0,0.6674912087619305,0.930169693553761,-0.38016969355376096
33,33,categorical_soft,1,1,True,0.15452912015120251,0.0,0.0,0.8454709053039551,0.1545291244983673,2,-0.6909417808055878,0.1221712714061141,-2.005709230899811,1.717221701145172,0.21244058310985564,0.1221712714061141,0.019454447204478857,0.8018825920939865,0.17866296070153484,0.019454447204478857,0.8018825920939865,0.17866296070153484,0.8018825920939865,0.019454447204478857,-0.6232196313924516,2,2,0.256,590.0,0.5813465155661106,0.9422921797796965,-0.39229217977969644
34,34,categorical_soft,1,1,True,0.1659572057517602,0.0,0.0,0.8340427875518799,0.16595721244812012,2,-0.6680855751037598,0.2409994401037693,-2.6987284898757933,2.206752872467041,0.3684176653623581,0.2409994401037693,0.006354631083493564,0.8567958384094669,0.13684953050703946,0.006354631083493564,0.8567958384094669,0.13684953050703946,0.8567958384094669,0.006354631083493564,-0.7199463079024275,2,2,0.512,980.0,0.5830800868570805,0.9114341793520553,-0.36143417935205524
35,35,categorical_soft,1,1,False,0.0,0.0,0.0,1.0,0.0,2,-1.0,0.2815128369256854,-0.8067244172096253,3.0761083126068116,-2.0132401823997497,0.2815128369256854,0.02007784401254861,0.9736026229942059,0.006319532993245498,0.02007784401254861,0.9736026229942059,0.006319532993245498,0.9736026229942059,0.02007784401254861,-0.9672830900009604,2,2,0.256,740.0,0.983464740216732,0.9899279505458738,-0.43992795054587375
36,36,categorical_soft,0,0,True,0.2756396611169857,0.0,0.7243603467941284,0.0,0.2756396532058716,1,-0.44872069358825684,0.07477120272815227,-0.23886112868785858,-0.03978115431964398,-0.023065297678112984,0.07477120272815227,0.28893363260051996,0.353011446656407,0.35805492074307305,0.28893363260051996,0.353011446656407,0.35805492074307305,0.28893363260051996,0.353011446656407,0.06912128814255308,3,3,0.0,910.0,0.30457280576229095,0.7402439727377856,-0.1902439727377856
37,37,categorical_soft,1,1,True,0.5000959869728804,0.0,0.0,0.49990400671958923,0.5000959634780884,3,0.0001919567584991455,0.1743506658822298,0.5715918004512787,-0.7991601049900054,0.03312353044748306,0.1743506658822298,0.5441637858257614,0.13816143921297763,0.3176747749612609,0.5441637858257614,0.13816143921297763,0.3176747749612609,0.13816143921297763,0.5441637858257614,0.17951333574828326,1,1,0.0,530.0,0.03898046910762787,0.549928009768958,7.199023104209612e-05
38,38,categorical_soft,0,0,True,0.13969023630715088,0.0,0.8603097796440125,0.0,0.13969023525714874,1,-0.7206195443868637,0.12588451243937016,0.6348620593547821,-1.0923723816871642,0.04536475986242294,0.12588451243937016,0.5771871772154926,0.10269603658888829,0.32011678619561906,0.5771871772154926,0.10269603658888829,0.32011678619561906,0.5771871772154926,0.10269603658888829,-0.25707039101987356,1,1,0.128,420.0,0.9765269681811333,0.9928931070173358,-0.44289310701733575
39,39,categorical_soft,1,1,True,0.1427231677156029,0.0,0.0,0.8572768568992615,0.1427231729030609,2,-0.7145536839962006,0.04017890766263008,-2.2205996036529543,2.470386338233948,0.1301400825381279,0.04017890766263008,0.008343511898885938,0.9042586044433476,0.08739788365776643,0.008343511898885938,0.9042586044433476,0.08739788365776643,0.9042586044433476,0.008343511898885938,-0.8168607207855811,2,2,0.256,1000.0,0.9189697876572609,0.9812481310873736,-0.4312481310873736
40,40,categorical_soft,1,1,True,0.1449283766718838,0.0,0.0,0.8550716042518616,0.14492838084697723,2,-0.7101432234048843,0.1098825566470623,-1.903601598739624,2.755692172050476,-0.234968201816082,0.1098825566470623,0.008976217904628657,0.9429746562853196,0.048049125810051684,0.008976217904628657,0.9429746562853196,0.048049125810051684,0.9429746562853196,0.008976217904628657,-0.8949255304752679,2,2,0.512,780.0,0.7911144569516182,0.9732614526724147,-0.42326145267241466
41,41,categorical_soft,0,0,False,0.0,0.0,1.0,0.0,0.0,1,-1.0,0.09799853675067424,4.723448657989502,0.1391679674386978,-5.84886999130249,0.09799853675067424,0.9898442309494625,0.010130409169853947,2.5359880683557384e-05,0.9898442309494625,0.010130409169853947,2.5359880683557384e-05,0.9898442309494625,0.010130409169853947,-0.989818871068779,1,1,0.128,1110.0,0.8105276525020599,0.9641567331433587,-0.41415673314335866
42,42,categorical_soft,1,1,True,0.18386932635116243,0.0,0.0,0.8161306977272034,0.18386933207511902,2,-0.6322613656520844,0.08669082596898078,-0.17486892491579056,0.008946631290018558,-0.05863368362188339,0.08669082596898078,0.3011517364808994,0.36150941601470693,0.33733884750439364,0.3011517364808994,0.36150941601470693,0.33733884750439364,0.36150941601470693,0.3011517364808994,-0.024170568510313295,2,2,0.032,870.0,0.47157008200883865,0.8716904059750423,-0.3216904059750423
43,43,categorical_soft,0,0,False,0.0,0.0,1.0,0.0,0.0,1,-1.0,0.3717526763677597,1.8653087973594666,0.41035539507865904,-2.5328131198883055,0.3717526763677597,0.8025096271474788,0.18759227068470535,0.00989810216781609,0.8025096271474788,0.18759227068470535,0.00989810216781609,0.8025096271474788,0.18759227068470535,-0.7926115249796627,1,1,0.064,560.0,0.5961449593305588,0.9479353693958872,-0.39793536939588714
44,44,categorical_soft,0,0,False,0.0,0.0,1.0,0.0,0.0,1,-1.0,0.18646164387464523,3.687591576576233,0.3528882533311844,-4.691664409637451,0.18646164387464523,0.9652025283669156,0.034573234767172153,0.00022423686591225,0.9652025283669156,0.034573234767172153,0.00022423686591225,0.9652025283669156,0.034573234767172153,-0.9649782915010033,1,1,0.032,1090.0,0.8813283666968346,0.9750127157054449,-0.42501271570544485
45,45,categorical_soft,0,0,True,0.2042680392286863,0.0,0.7957319617271423,0.0,0.20426803827285767,1,-0.5914639234542847,0.21177964955568312,0.6901969313621521,-0.9902059197425842,0.03417072743177414,0.21177964955568312,0.5863913213581242,0.109283929002215,0.3043247496396608,0.5863913213581242,0.109283929002215,0.3043247496396608,0.5863913213581242,0.109283929002215,-0.28206657171846344,1,1,0.064,490.0,0.3179522901773453,0.8346999382675498,-0.2846999382675498
46,46,categorical_soft,0,0,True,0.13885866885625836,0.0,0.8611413240432739,0.0,0.13885867595672607,1,-0.7222826480865479,0.01034195888787508,1.8887627363204955,-2.6298675298690797,0.21307888329029084,0.01034195888787508,0.8345873009345863,0.009104521942332392,0.15630817712308126,0.8345873009345863,0.009104521942332392,0.15630817712308126,0.8345873009345863,0.009104521942332392,-0.6782791238115051,1,1,0.256,960.0,1.238908588886261,0.9962331804667848,-0.44623318046678473
47,47,categorical_soft,1,1,True,0.1491607895783002,0.0,0.0,0.8508391976356506,0.14916078746318817,2,-0.7016784101724625,0.11545314695686101,-2.590616774559021,2.135558557510376,0.33089138865470885,0.11545314695686101,0.007579052278412757,0.8514874768851388,0.1409334708364484,0.007579052278412757,0.8514874768851388,0.1409334708364484,0.8514874768851388,0.007579052278412757,-0.7105540060486905,2,2,0.512,580.0,0.6515953863272443,0.9589142773357157,-0.4089142773357156
48,48,categorical_soft,1,1,False,0.0,0.0,0.0,1.0,0.0,2,-1.0,0.5087844431400299,0.6368564486503601,3.718417930603027,-3.6191845417022703,0.5087844431400299,0.04449556362397124,0.9548826734669739,0.0006217629090548226,0.04449556362397124,0.9548826734669739,0.0006217629090548226,0.9548826734669739,0.04449556362397124,-0.9542609105579191,2,2,0.128,1170.0,0.9544913917779922,0.9806802795219415,-0.43068027952194143
49,49,categorical_soft,1,1,False,0.0,0.0,0.0,1.0,0.0,2,-1.0,0.3196642383933067,-0.1303959047421813,2.989132261276245,-2.4789750814437865,0.3196642383933067,0.042383255082166324,0.9535702402142368,0.004046504703596798,0.042383255082166324,0.9535702402142368,0.004046504703596798,0.9535702402142368,0.042383255082166324,-0.94952373551064,2,2,0.128,670.0,0.8650231137871742,0.9835412539954715,-0.4335412539954715
50,50,categorical_soft,0,0,True,0.17652500160833862,0.0,0.8234750032424927,0.0,0.17652499675750732,1,-0.6469500064849854,0.1764062661677599,0.3172208577394485,-0.7264572739601135,0.045775653794407845,0.1764062661677599,0.4728401608003715,0.16686173897374684,0.3602981002258817,0.4728401608003715,0.16686173897374684,0.3602981002258817,0.4728401608003715,0.16686173897374684,-0.11254206057448979,1,1,0.032,510.0,0.4125770479440689,0.8869672724728956,-0.3369672724728956
51,51,categorical_soft,1,1,True,0.14994993269699897,0.0,0.0,0.8500500917434692,0.14994993805885315,2,-0.7001001536846161,0.07972537875175476,-2.4720167398452757,2.199769306182861,0.37697172462940215,0.07972537875175476,0.0079872456235974,0.8534064630950386,0.13860629128136392,0.0079872456235974,0.8534064630950386,0.13860629128136392,0.8534064630950386,0.0079872456235974,-0.7148001718136747,2,2,0.256,1000.0,0.7418664749711752,0.9563678204530032,-0.4063678204530031
52,52,categorical_soft,0,0,True,0.13890481310209313,0.0,0.8610951900482178,0.0,0.13890480995178223,1,-0.7221903800964355,0.034734589606523515,1.8792331218719482,-2.083276152610779,-0.02147146835923195,0.034734589606523515,0.8540997505812655,0.016239523002708384,0.12966072641602602,0.8540997505812655,0.016239523002708384,0.12966072641602602,0.8540997505812655,0.016239523002708384,-0.7244390241652395,1,1,0.256,880.0,1.2093748897314072,0.9960460687413807,-0.44604606874138064
53,53,categorical_soft,1,1,True,0.1700814905199407,0.0,0.0,0.8299185037612915,0.1700814962387085,2,-0.659837007522583,0.08131527248769999,-0.2704413443803787,0.2563054770231247,-0.10168307051062583,0.08131527248769999,0.2585964556127435,0.43656542009736743,0.304838124289889,0.2585964556127435,0.43656542009736743,0.304838124289889,0.43656542009736743,0.2585964556127435,-0.13172729580747844,2,2,0.032,770.0,0.5076670087873936,0.9014911272737932,-0.35149112727379317
54,54,categorical_soft,1,1,False,0.0,0.0,0.0,1.0,0.0,2,-1.0,0.3770753562450409,1.1039159774780274,1.3626307725906373,-2.3666815519332887,0.3770753562450409,0.4307965030850318,0.5557306532728253,0.013472843642142986,0.4307965030850318,0.5557306532728253,0.013472843642142986,0.5557306532728253,0.4307965030850318,-0.5422578096306824,2,2,0.064,1070.0,0.7707834392786026,0.9587128420090807,-0.40871284200908065
55,55,categorical_soft,1,1,False,0.0,0.0,0.0,1.0,0.0,2,-1.0,0.32738181874155997,2.0687278747558593,0.4779623359441757,-2.8005690813064574,0.32738181874155997,0.8243260636096175,0.16930385535719586,0.006370081033186832,0.8243260636096175,0.16930385535719586,0.006370081033186832,0.16930385535719586,0.8243260636096175,-0.16293377432400902,1,1,0.064,1120.0,0.8611905425786972,0.9715009364845482,-0.4215009364845481
56,56,categorical_soft,0,0,False,0.0,0.0,1.0,0.0,0.0,1,-1.0,0.2441600773483515,7.290310859680176,0.5493118792772294,-8.96230115890503,0.2441600773483515,0.9988001721264059,0.0011997386472039732,8.922639001151628e-08,0.9988001721264059,0.0011997386472039732,8.922639001151628e-08,0.9988001721264059,0.0011997386472039732,-0.9988000829000159,1,1,0.512,690.0,0.9768161326646805,0.990199551493082,-0.440199551493082
57,57,categorical_soft,0,0,True,0.15970363701444518,0.0,0.8402963876724243,0.0,0.15970364212989807,1,-0.6805927455425262,0.1948193794116378,0.5792640745639801,-0.8180273830890655,-0.0044266987591981884,0.1948193794116378,0.5539095534859573,0.1371205075853133,0.30896993892872937,0.5539095534859573,0.1371205075853133,0.30896993892872937,0.5539095534859573,0.1371205075853133,-0.2449396145572279,1,1,0.064,460.0,0.500236913561821,0.9276486484729601,-0.3776486484729601
58,58,categorical_soft,1,1,True,0.3336827505310743,0.0,0.0,0.6663172245025635,0.33368274569511414,2,-0.33263447880744934,0.10896320845931769,-0.38562759160995486,0.3903616577386856,-0.13133958987891675,0.10896320845931769,0.224974352153757,0.486497616658112,0.288528031188131,0.224974352153757,0.486497616658112,0.288528031188131,0.486497616658112,0.224974352153757,-0.197969585469981,2,2,0.032,530.0,0.15421375632286072,0.6827785006137393,-0.1327785006137393
59,59,categorical_soft,1,1,False,0.0,0.0,0.0,1.0,0.0,2,-1.0,0.34178087711334226,0.4188778787851334,2.576541304588318,-2.608822154998779,0.34178087711334226,0.10460976869913077,0.8903869186603522,0.005003312640516939,0.10460976869913077,0.8903869186603522,0.005003312640516939,0.8903869186603522,0.10460976869913077,-0.8853836060198353,2,2,0.064,870.0,0.7703574150800705,0.9672025823294294,-0.4172025823294293
60,60,categorical_soft,0,0,True,0.13862414130839523,0.0,0.8613758683204651,0.0,0.1386241465806961,1,-0.722751721739769,0.07578861974179744,3.4437910079956056,-1.5164121866226197,-1.942545473575592,0.07578861974179744,0.9880476331502853,0.006954932473754791,0.004997434375959682,0.9880476331502853,0.006954932473754791,0.004997434375959682,0.9880476331502853,0.006954932473754791,-0.9830501987743256,1,1,0.256,1070.0,1.3255500122904778,0.9971874450250001,-0.4471874450250001
61,61,categorical_soft,1,1,False,0.0,0.0,0.0,1.0,0.0,2,-1.0,0.22425010465085507,-1.5625153303146362,3.379499411582947,-1.6210670709609984,0.22425010465085507,0.0070499486897614315,0.9860154496481683,0.006934601662070096,0.0070499486897614315,0.9860154496481683,0.006934601662070096,0.9860154496481683,0.0070499486897614315,-0.9790808479860983,2,2,0.512,870.0,0.9255192875862122,0.9844256769823115,-0.4344256769823115
62,62,categorical_soft,1,1,False,0.0,0.0,0.0,1.0,0.0,2,-1.0,0.12518447693437337,2.018748641014099,0.01239577066153288,-2.1130459547042846,0.12518447693437337,0.8690315354818073,0.11700214048810771,0.013966324030084895,0.8690315354818073,0.11700214048810771,0.013966324030084895,0.11700214048810771,0.8690315354818073,-0.10303581645802282,1,1,0.0,980.0,0.2789652496576309,0.6978387305640433,-0.14783873056404329
63,63,categorical_soft,1,1,True,0.17366902544088542,0.0,0.0,0.8263309597969055,0.1736690253019333,2,-0.6526619344949722,0.19846386164426805,-0.012583466619253159,0.19925037026405334,-0.09591966681182384,0.19846386164426805,0.31740543092605356,0.3914564365556799,0.29113813251826653,0.31740543092605356,0.3914564365556799,0.29113813251826653,0.3914564365556799,0.31740543092605356,-0.10031830403741337,2,2,0.032,970.0,0.5385469272732735,0.8932635050298142,-0.3432635050298142
64,64,categorical_soft,1,1,True,0.4901604227321506,0.0,0.0,0.5098395943641663,0.49016043543815613,2,-0.019679158926010132,0.10678148828446865,0.14407549947500228,-0.5229884624481201,-0.06381182596087456,0.10678148828446865,0.4299087987434416,0.22075119757875297,0.3493400036778054,0.4299087987434416,0.22075119757875297,0.3493400036778054,0.22075119757875297,0.4299087987434416,0.1285888060990524,1,1,0.0,840.0,0.12118034064769745,0.5573811719932862,-0.00738117199328614
65,65,categorical_soft,1,1,False,0.0,0.0,0.0,1.0,0.0,2,-1.0,0.2946937795728445,1.8437831282615662,0.5438329458236695,-2.5205143213272097,0.2946937795728445,0.7778839149369132,0.21218786314236282,0.009928221920724034,0.7778839149369132,0.21218786314236282,0.009928221920724034,0.21218786314236282,0.7778839149369132,-0.20225964122163878,1,1,0.0,1090.0,0.4844055473804474,0.8473326432389668,-0.2973326432389668
66,66,categorical_soft,0,0,False,0.0,0.0,1.0,0.0,0.0,1,-1.0,0.23444014713168143,7.808950710296631,0.46021017134189607,-9.519795894622803,0.23444014713168143,0.9993441927652722,0.0006557771084155167,3.0126312297597503e-08,0.9993441927652722,0.0006557771084155167,3.0126312297597503e-08,0.9993441927652722,0.0006557771084155167,-0.9993441626389599,1,1,0.512,890.0,1.2261307686567307,0.9963133969089378,-0.4463133969089378
67,67,categorical_soft,1,1,False,0.0,0.0,0.0,1.0,0.0,2,-1.0,0.3076113499701023,0.09382053706794977,3.563910126686096,-3.1355936527252197,0.3076113499701023,0.0305349968805834,0.9682697070967988,0.0011952960226178646,0.0305349968805834,0.9682697070967988,0.0011952960226178646,0.9682697070967988,0.0305349968805834,-0.9670744110741809,2,2,0.128,1100.0,0.8749115876853466,0.9739286109917756,-0.4239286109917756
68,68,categorical_soft,1,1,False,0.0,0.0,0.0,1.0,0.0,2,-1.0,0.30367908515036107,-0.6896452367305755,2.9917104959487917,-2.0174558758735657,0.30367908515036107,0.024488160053891195,0.9688234663568098,0.006688373589299079,0.024488160053891195,0.9688234663568098,0.006688373589299079,0.9688234663568098,0.024488160053891195,-0.9621350927675107,2,2,0.128,960.0,0.9685422331094742,0.9859270080561116,-0.4359270080561115
69,69,categorical_soft,0,0,False,0.0,0.0,1.0,0.0,0.0,1,-1.0,0.24005306046456099,3.874095106124878,0.357201012969017,-4.874557209014893,0.24005306046456099,0.9708675437080568,0.028977286572568,0.00015516971937528732,0.9708675437080568,0.028977286572568,0.00015516971937528732,0.9708675437080568,0.028977286572568,-0.9707123739886816,1,1,0.128,720.0,0.8523540496826172,0.9814357017170758,-0.4314357017170758
70,70,categorical_soft,0,0,False,0.0,0.0,1.0,0.0,0.0,1,-1.0,0.3569678753614426,1.7041764616966248,0.7172243297100067,-2.505543422698975,0.3569678753614426,0.7200279159709176,0.26919883855986526,0.010773245469217055,0.7200279159709176,0.26919883855986526,0.010773245469217055,0.7200279159709176,0.26919883855986526,-0.7092546705017005,1,1,0.0,720.0,0.44834649562835693,0.8789702181222038,-0.32897021812220373
71,71,categorical_soft,0,0,False,0.0,0.0,1.0,0.0,0.0,1,-1.0,0.1948412612080574,2.8109612464904785,0.29660113006830213,-3.5082714319229127,0.1948412612080574,0.9234231407961653,0.07490221885804615,0.00167464034578836,0.9234231407961653,0.07490221885804615,0.00167464034578836,0.9234231407961653,0.07490221885804615,-0.9217485004503769,1,1,0.032,780.0,0.8637105077505112,0.981132042637916,-0.43113204263791594
72,72,categorical_soft,1,1,False,0.0,0.0,0.0,1.0,0.0,2,-1.0,0.37741453349590304,0.6543430030345917,3.0244686365127564,-3.40493528842926,0.37741453349590304,0.08759753273085316,0.910931648821992,0.0014708184471548193,0.08759753273085316,0.910931648821992,0.0014708184471548193,0.910931648821992,0.08759753273085316,-0.9094608303748372,2,2,0.064,1100.0,0.8855261914432049,0.9752206615559437,-0.4252206615559436
73,73,categorical_soft,1,1,True,0.22352256546050314,0.0,0.0,0.7764774560928345,0.22352255880832672,2,-0.5529548972845078,0.2505715150386095,0.5723999619483948,-0.4240617245435715,-0.20503090992569922,0.2505715150386095,0.5462906993264077,0.20136408805020886,0.25234521262338344,0.5462906993264077,0.20136408805020886,0.25234521262338344,0.20136408805020886,0.5462906993264077,0.05098112457317458,1,1,0.032,1070.0,0.41934990882873535,0.805071285281604,-0.25507128528160394
74,74,categorical_soft,1,1,False,0.0,0.0,0.0,1.0,0.0,2,-1.0,0.2712970539927483,-1.2904392242431642,2.451907157897949,-1.0706692159175872,0.2712970539927483,0.022536433815314474,0.9482620792154212,0.029201486969264327,0.022536433815314474,0.9482620792154212,0.029201486969264327,0.9482620792154212,0.022536433815314474,-0.9190605922461569,2,2,0.256,470.0,0.750457413494587,0.9774343798942589,-0.4274343798942588
75,75,categorical_soft,0,0,True,0.13853784026948351,0.0,0.8614621758460999,0.0,0.13853783905506134,1,-0.7229243367910385,0.10777395255863667,4.314297533035278,-2.234003174304962,-2.179100501537323,0.10777395255863667,0.9969060766237211,0.0014292822366618468,0.0016646411396169561,0.9969060766237211,0.0014292822366618468,0.0016646411396169561,0.9969060766237211,0.0014292822366618468,-0.9952414354841042,1,1,0.512,1130.0,1.367600105702877,0.9975399784909955,-0.44753997849099547
76,76,categorical_soft,1,1,False,0.0,0.0,0.0,1.0,0.0,2,-1.0,0.20849790666252374,-0.6405083894729614,3.081132674217224,-2.111186683177948,0.20849790666252374,0.023505118272335306,0.970915783315499,0.005579098412165624,0.023505118272335306,0.970915783315499,0.005579098412165624,0.970915783315499,0.023505118272335306,-0.9653366849033334,2,2,0.256,570.0,0.875366348773241,0.9860973961582832,-0.43609739615828313
77,77,categorical_soft,0,0,True,0.2843102796255571,0.0,0.7156897187232971,0.0,0.2843102812767029,1,-0.43137943744659424,0.07311565298587083,-0.23881377428770065,0.05565569046884775,-0.05077386405318975,0.07311565298587083,0.2825194760968269,0.37821982782969016,0.3392606960734828,0.2825194760968269,0.37821982782969016,0.3392606960734828,0.2825194760968269,0.37821982782969016,0.05674121997665588,2,2,0.0,540.0,0.20403078198432922,0.7309183744348664,-0.18091837443486636
78,78,categorical_soft,0,0,False,0.0,0.0,1.0,0.0,0.0,1,-1.0,0.3749871088191867,1.7602375149726868,0.5435407876968383,-2.3018463850021362,0.3749871088191867,0.7608301297831762,0.2258764083878592,0.01329346182896472,0.7608301297831762,0.2258764083878592,0.01329346182896472,0.7608301297831762,0.2258764083878592,-0.7475366679542115,1,1,0.0,620.0,0.4462731406092644,0.8902290393494401,-0.34022903934944004
79,79,categorical_soft,0,0,False,0.0,0.0,1.0,0.0,0.0,1,-1.0,0.1885408779606223,8.106552362442017,0.3452970296144485,-9.85003137588501,0.1885408779606223,0.9995699187677125,0.0004300653088032655,1.5923484296202096e-08,0.9995699187677125,0.0004300653088032655,1.5923484296202096e-08,0.9995699187677125,0.0004300653088032655,-0.9995699028442282,1,1,0.512,1000.0,1.1299725770950317,0.9932690070609597,-0.4432690070609596
80,80,categorical_soft,0,0,False,0.0,0.0,1.0,0.0,0.0,1,-1.0,0.21170028448104858,2.7818588256835937,0.19218803718686103,-3.2885828018188477,0.21170028448104858,0.9280756393228395,0.06977862937456468,0.0021457313025957715,0.9280756393228395,0.06977862937456468,0.0021457313025957715,0.9280756393228395,0.06977862937456468,-0.9259299080202438,1,1,0.064,800.0,0.7522460445761681,0.9670563502311729,-0.4170563502311728
81,81,categorical_soft,1,1,False,0.0,0.0,0.0,1.0,0.0,2,-1.0,0.30772484727203847,1.1377795457839965,0.44168073534965513,-1.7300984859466553,0.30772484727203847,0.6428080817999258,0.3206210633080245,0.036570854892049726,0.6428080817999258,0.3206210633080245,0.036570854892049726,0.3206210633080245,0.6428080817999258,-0.2840502084159747,1,1,0.0,870.0,0.6061205714941025,0.9293726519956671,-0.37937265199566705
82,82,categorical_soft,1,1,True,0.23795408725147604,0.0,0.0,0.7620459198951721,0.23795408010482788,2,-0.5240918397903442,0.1744014773517847,1.1321889400482177,-1.1410497844219207,-0.16222021486610175,0.1744014773517847,0.7243795082547898,0.07479893512827775,0.2008215566169324,0.7243795082547898,0.07479893512827775,0.2008215566169324,0.07479893512827775,0.7243795082547898,0.12602262148865467,1,1,0.0,890.0,0.35041680932044983,0.7852620969120172,-0.23526209691201716
83,83,categorical_soft,0,0,True,0.36947866635092386,0.0,0.6305213570594788,0.0,0.36947867274284363,1,-0.26104268431663513,0.06916751079261303,0.871239310503006,-0.5921822309494018,-0.1206152480095625,0.06916751079261303,0.6230858133736964,0.14403648512417408,0.2328777015021295,0.6230858133736964,0.14403648512417408,0.2328777015021295,0.6230858133736964,0.14403648512417408,-0.3902081118715669,1,1,0.0,950.0,0.22867665439844131,0.651605641655162,-0.10160564165516195
84,84,categorical_soft,1,1,False,0.0,0.0,0.0,1.0,0.0,2,-1.0,0.15090680122375488,1.8337035655975342,0.29549252092838285,-2.2536034107208254,0.15090680122375488,0.8119288181877016,0.17443781026479815,0.013633371547500262,0.8119288181877016,0.17443781026479815,0.013633371547500262,0.17443781026479815,0.8119288181877016,-0.16080443871729788,1,1,0.0,1000.0,0.550745278596878,0.8955086415069909,-0.3455086415069909
85,85,categorical_soft,1,1,False,0.0,0.0,0.0,1.0,0.0,2,-1.0,0.35853376388549807,-1.2427461385726928,2.965718460083008,-1.4793120980262757,0.35853376388549807,0.014520617692167462,0.9735256857508915,0.011953696556941,0.014520617692167462,0.9735256857508915,0.011953696556941,0.9735256857508915,0.014520617692167462,-0.9615719891939505,2,2,0.256,930.0,0.8126536016352475,0.9712387698232933,-0.4212387698232932
86,86,categorical_soft,0,0,True,0.1401671634825094,0.0,0.8598328232765198,0.0,0.14016716182231903,1,-0.7196656614542007,0.12993642073124648,0.8568774580955505,-1.3443718433380127,0.09526359587907791,0.12993642073124648,0.6338367000039424,0.07015928194381472,0.2960040180522428,0.6338367000039424,0.07015928194381472,0.2960040180522428,0.6338367000039424,0.07015928194381472,-0.33783268195169963,1,1,0.128,720.0,1.0018488429486752,0.99100729361372,-0.44100729361371993
87,87,categorical_soft,0,0,True,0.1579737808476096,0.0,0.8420262336730957,0.0,0.1579737812280655,1,-0.6840524524450302,0.14977320823818446,0.45906478762626646,-0.4788055866956711,-0.06061013787984848,0.14977320823818446,0.5029601105333705,0.1968297525738259,0.3002101368928035,0.5029601105333705,0.1968297525738259,0.3002101368928035,0.5029601105333705,0.1968297525738259,-0.20274997364056702,1,1,0.128,440.0,0.5102233439683914,0.9324090586510734,-0.38240905865107333
88,88,categorical_soft,1,1,True,0.15601400032370472,0.0,0.0,0.8439859747886658,0.15601399540901184,2,-0.6879719793796539,0.14086538515985011,-1.7471694588661193,1.4973729848861694,0.2711593359708786,0.14086538515985011,0.02942945872520907,0.7493484363253053,0.22122210494948574,0.02942945872520907,0.7493484363253053,0.22122210494948574,0.7493484363253053,0.02942945872520907,-0.5281263313758195,2,2,0.064,920.0,0.6466557011008263,0.9379630827620945,-0.38796308276209446
89,89,categorical_soft,0,0,True,0.13867979422016208,0.0,0.8613201975822449,0.0,0.13867978751659393,1,-0.7226404100656509,0.1332381611689925,1.597304379940033,-1.8858261942863463,-0.10160512439906597,0.1332381611689925,0.8228783424225996,0.025434917575139722,0.15168674000226057,0.8228783424225996,0.025434917575139722,0.15168674000226057,0.8228783424225996,0.025434917575139722,-0.671191602420339,1,1,0.512,550.0,1.1821235120296478,0.9969605032899925,-0.4469605032899925
90,90,categorical_soft,0,0,False,0.0,0.0,1.0,0.0,0.0,1,-1.0,0.16092419661581517,7.772506046295166,0.5407384127378464,-9.536798286437989,0.16092419661581517,0.9992651681865308,0.0007348011195275689,3.0693941511217135e-08,0.9992651681865308,0.0007348011195275689,3.0693941511217135e-08,0.9992651681865308,0.0007348011195275689,-0.9992651374925893,1,1,0.512,880.0,1.2769555374979973,0.997160080993963,-0.447160080993963
91,91,categorical_soft,0,0,True,0.1385059640391194,0.0,0.8614940643310547,0.0,0.1385059654712677,1,-0.722988098859787,-0.052696355059742926,2.2591925859451294,-2.8095349311828612,-0.05457350388169289,-0.052696355059742926,0.9041590950766534,0.005697518247568871,0.09014338667577795,0.9041590950766534,0.005697518247568871,0.09014338667577795,0.9041590950766534,0.005697518247568871,-0.8140157084008754,1,1,0.512,1080.0,1.366443656384945,0.9976703801408602,-0.44767038014086014
92,92,categorical_soft,1,1,False,0.0,0.0,0.0,1.0,0.0,2,-1.0,0.3444801479578018,0.07544130086898804,2.7807541847229005,-2.6070433855056763,0.3444801479578018,0.06298540964179622,0.9327049870368359,0.00430960332136794,0.06298540964179622,0.9327049870368359,0.00430960332136794,0.9327049870368359,0.06298540964179622,-0.9283953837154679,2,2,0.256,560.0,0.9402712360024452,0.9899754196958969,-0.4399754196958968
93,93,categorical_soft,0,0,False,0.0,0.0,1.0,0.0,0.0,1,-1.0,0.09685909971594811,6.164974927902222,0.17133362889289855,-7.528948545455933,0.09685909971594811,0.9974926924630523,0.002506176496848579,1.1310400990667396e-06,0.9974926924630523,0.002506176496848579,1.1310400990667396e-06,0.9974926924630523,0.002506176496848579,-0.9974915614229533,1,1,0.256,1010.0,0.89406618475914,0.9786080040410493,-0.42860800404104926
94,94,categorical_soft,0,0,False,0.0,0.0,1.0,0.0,0.0,1,-1.0,0.12704378552734852,2.7205886363983156,0.0619673490524292,-3.2498713970184325,0.12704378552734852,0.9322154637065374,0.06540176960878646,0.0023827666846760773,0.9322154637065374,0.06540176960878646,0.0023827666846760773,0.9322154637065374,0.06540176960878646,-0.9298326970218613,1,1,0.032,1190.0,0.02443823218345642,0.33922723566905744,0.2107727643309426
95,95,categorical_soft,1,1,False,0.0,0.0,0.0,1.0,0.0,2,-1.0,0.31167120598256587,-0.8736014187335968,1.9721935868263245,-0.8708597600460053,0.31167120598256587,0.0520869823242627,0.8947917229475598,0.053121294728177636,0.0520869823242627,0.8947917229475598,0.053121294728177636,0.8947917229475598,0.0520869823242627,-0.8416704282193822,2,2,0.128,600.0,0.7799523025751114,0.9771726121679656,-0.42717261216796554
96,96,categorical_soft,1,1,False,0.0,0.0,0.0,1.0,0.0,2,-1.0,0.3007450573146343,-0.5332975029945374,1.913685405254364,-1.2395422518253327,0.3007450573146343,0.07663668675023264,0.884881862052849,0.03848145119691819,0.07663668675023264,0.884881862052849,0.03848145119691819,0.884881862052849,0.07663668675023264,-0.8464004108559309,2,2,0.128,540.0,0.7702847868204117,0.9777200244845375,-0.4277200244845375
97,97,categorical_soft,0,0,False,0.0,0.0,1.0,0.0,0.0,1,-1.0,0.15351825971156358,4.015096235275268,0.1772938549518585,-4.973153018951416,0.15351825971156358,0.9787431385704997,0.021134077122249,0.0001227843072514559,0.9787431385704997,0.021134077122249,0.0001227843072514559,0.9787431385704997,0.021134077122249,-0.9786203542632482,1,1,0.128,850.0,0.8069951236248016,0.9730954313510861,-0.42309543135108607
98,98,categorical_soft,0,0,False,0.0,0.0,1.0,0.0,0.0,1,-1.0,0.26467100642621516,6.655288648605347,0.34959697872400286,-8.03119535446167,0.26467100642621516,0.9981540367182564,0.0018455438609498351,4.1942079387754514e-07,0.9981540367182564,0.0018455438609498351,4.1942079387754514e-07,0.9981540367182564,0.0018455438609498351,-0.9981536172974625,1,1,0.256,1130.0,0.940323144197464,0.980270773974937,-0.43027077397493696
99,99,categorical_soft,1,1,False,0.0,0.0,0.0,1.0,0.0,2,-1.0,0.30059340931475165,-1.6046608090400696,2.36999888420105,-0.6663091897964477,0.30059340931475165,0.017596048127750407,0.9360445085255282,0.04635944334672144,0.017596048127750407,0.9360445085255282,0.04635944334672144,0.9360445085255282,0.017596048127750407,-0.8896850651788067,2,2,0.256,770.0,0.8457882143557072,0.9796723792946275,-0.4296723792946274
100,100,categorical_soft,0,0,True,0.3376142361206555,0.0,0.6623857617378235,0.0,0.3376142382621765,1,-0.324771523475647,0.07866185382008553,-0.25189653038978577,0.15894936388358474,-0.09508559182286262,0.07866185382008553,0.27190768588784114,0.4101507135017449,0.317941600610414,0.27190768588784114,0.4101507135017449,0.317941600610414,0.27190768588784114,0.4101507135017449,0.046033914722572844,2,2,0.032,440.0,0.12880773842334747,0.6792309287486062,-0.1292309287486062
101,101,categorical_soft,0,0,False,0.0,0.0,1.0,0.0,0.0,1,-1.0,0.12524861246347427,4.361392164230347,0.13791987374424935,-5.317686271667481,0.12524861246347427,0.9854598226555413,0.014478417848052852,6.175949640568642e-05,0.9854598226555413,0.014478417848052852,6.175949640568642e-05,0.9854598226555413,0.014478417848052852,-0.9853980631591357,1,1,0.128,830.0,0.830107644200325,0.9764743892344655,-0.42647438923446546
102,102,categorical_soft,1,1,False,0.0,0.0,0.0,1.0,0.0,2,-1.0,0.1933068335056305,-1.638354766368866,4.263304376602173,-2.06599680185318,0.1933068335056305,0.0027241875811729087,0.9954449331979921,0.0018308792208350602,0.0027241875811729087,0.9954449331979921,0.0018308792208350602,0.9954449331979921,0.0027241875811729087,-0.9936140539771571,2,2,0.512,1170.0,0.895032768137753,0.9742936447438079,-0.4242936447438078
103,103,categorical_soft,0,0,False,0.0,0.0,1.0,0.0,0.0,1,-1.0,0.17683190330863,2.1668474197387697,0.17196897193789482,-2.4731454133987425,0.17683190330863,0.8726970506773295,0.1188337005272109,0.008469248795459773,0.8726970506773295,0.1188337005272109,0.008469248795459773,0.8726970506773295,0.1188337005272109,-0.8642278018818698,1,1,0.0,1100.0,0.23338864743709564,0.6150104376710481,-0.06501043767104808
104,104,categorical_soft,1,1,True,0.4096164916586834,0.0,0.0,0.5903835296630859,0.40961650013923645,2,-0.1807670295238495,0.28413628712296485,0.9441831469535827,0.39057968854904174,-0.6473224639892579,0.28413628712296485,0.562158889543612,0.32331819168360243,0.11452291877278549,0.562158889543612,0.32331819168360243,0.11452291877278549,0.32331819168360243,0.562158889543612,-0.20879527291081695,1,1,0.032,540.0,0.09940434992313385,0.618978002070126,-0.06897800207012594
105,105,categorical_soft,1,1,True,0.18887130337457675,0.0,0.0,0.8111286759376526,0.18887130916118622,2,-0.6222573667764664,0.15819644927978516,-1.0724265813827514,0.8263644397258758,-0.03436825647950172,0.15819644927978516,0.09524622815312311,0.6357096369286902,0.2690441349181868,0.09524622815312311,0.6357096369286902,0.2690441349181868,0.6357096369286902,0.09524622815312311,-0.3666655020105034,2,2,0.064,550.0,0.3758755214512348,0.8619496191417857,-0.31194961914178565
106,106,categorical_soft,1,1,False,0.0,0.0,0.0,1.0,0.0,2,-1.0,0.20712479427456856,-0.6797223627567291,2.369206500053406,-1.417322587966919,0.20712479427456856,0.04436705651620769,0.9341590237473959,0.021473919736396382,0.04436705651620769,0.9341590237473959,0.021473919736396382,0.9341590237473959,0.04436705651620769,-0.9126851040109996,2,2,0.064,500.0,0.7896378748118877,0.9806371703308566,-0.4306371703308566
107,107,categorical_soft,0,0,False,0.0,0.0,1.0,0.0,0.0,1,-1.0,0.1680985927581787,4.449339866638184,0.2542182728648186,-5.514697170257568,0.1680985927581787,0.9850592949999534,0.014894215351790951,4.6489648255731465e-05,0.9850592949999534,0.014894215351790951,4.6489648255731465e-05,0.9850592949999534,0.014894215351790951,-0.9850128053516977,1,1,0.064,1090.0,0.6760236322879791,0.9343389584901522,-0.3843389584901522
108,108,categorical_soft,1,1,False,0.0,0.0,0.0,1.0,0.0,2,-1.0,0.3252984404563904,-1.2603207349777221,3.3229300498962404,-1.8997503638267517,0.3252984404563904,0.010066738737069791,0.984358516594171,0.005574744668759497,0.010066738737069791,0.984358516594171,0.005574744668759497,0.984358516594171,0.010066738737069791,-0.9787837719254114,2,2,0.512,420.0,0.9626827612519264,0.9923966606535153,-0.44239666065351524
109,109,categorical_soft,0,0,True,0.13903218305788395,0.0,0.8609678149223328,0.0,0.13903218507766724,1,-0.7219356298446655,0.13053787536919118,4.3683654308319095,-1.1809981048107148,-3.223335886001587,0.13053787536919118,0.9955490669047237,0.00390071070079443,0.0005502223944819896,0.9955490669047237,0.00390071070079443,0.0005502223944819896,0.9955490669047237,0.00390071070079443,-0.9949988445102417,1,1,0.256,1090.0,1.2358582559973001,0.9955306831056581,-0.445530683105658
110,110,categorical_soft,1,1,False,0.0,0.0,0.0,1.0,0.0,2,-1.0,0.21553278993815184,0.7421540141105651,0.36974118947982787,-1.1212289333343506,0.21553278993815184,0.5420347547416183,0.3736773253222966,0.08428791993608506,0.5420347547416183,0.3736773253222966,0.08428791993608506,0.3736773253222966,0.5420347547416183,-0.2893894053862115,1,1,0.032,490.0,0.6406727135181427,0.9610210045554824,-0.4110210045554824
111,111,categorical_soft,1,1,False,0.0,0.0,0.0,1.0,0.0,2,-1.0,0.42635358329862355,0.25024408251047137,1.4369992852210998,-1.5759761452674865,0.42635358329862355,0.22560925334699009,0.7376502596291978,0.03674048702381214,0.22560925334699009,0.7376502596291978,0.03674048702381214,0.7376502596291978,0.22560925334699009,-0.7009097726053857,2,2,0.032,600.0,0.29688987880945206,0.7995060550026047,-0.2495060550026047
112,112,categorical_soft,1,1,True,0.1814254125808215,0.0,0.0,0.8185746073722839,0.18142540752887726,2,-0.6371491998434067,0.056867285259068014,-1.8220887184143066,1.3980528235435485,0.18647735714912414,0.056867285259068014,0.029911747506836395,0.7473607029020095,0.2227275495911542,0.029911747506836395,0.7473607029020095,0.2227275495911542,0.7473607029020095,0.029911747506836395,-0.5246331533108552,2,2,0.064,1090.0,0.5347029687836766,0.8766373137828818,-0.32663731378288174
113,113,categorical_soft,0,0,False,0.0,0.0,1.0,0.0,0.0,1,-1.0,0.24529184196144344,3.7519641876220704,0.4341606467962265,-4.764326047897339,0.24529184196144344,0.9645025219584088,0.03530213544525066,0.00019534259634059137,0.9645025219584088,0.03530213544525066,0.00019534259634059137,0.9645025219584088,0.03530213544525066,-0.9643071793620682,1,1,0.128,740.0,0.859238401055336,0.9816118736481374,-0.43161187364813736
114,114,categorical_soft,0,0,True,0.1397140909595591,0.0,0.8602859377861023,0.0,0.1397140920162201,1,-0.7205718457698822,0.06852170377969742,1.9164838671684266,-1.4789878487586976,-0.6000470340251922,0.06852170377969742,0.8957690282986832,0.03006468612335808,0.07416628557795871,0.8957690282986832,0.03006468612335808,0.07416628557795871,0.8957690282986832,0.03006468612335808,-0.8216027427207245,1,1,0.128,1110.0,1.143107857555151,0.992798274687235,-0.442798274687235
115,115,categorical_soft,0,0,False,0.0,0.0,1.0,0.0,0.0,1,-1.0,0.1396781487390399,4.417233085632324,0.32426280379295347,-5.469283866882324,0.1396781487390399,0.9834562622033378,0.01649345192521448,5.0285871447657285e-05,0.9834562622033378,0.01649345192521448,5.0285871447657285e-05,0.9834562622033378,0.01649345192521448,-0.9834059763318902,1,1,0.256,400.0,0.8786294907331467,0.9888229953165317,-0.4388229953165317
116,116,categorical_soft,0,0,True,0.13828874431963267,0.0,0.8617112636566162,0.0,0.13828875124454498,1,-0.7234225124120712,0.12415666319429874,3.432515549659729,-1.1102168321609498,-2.272084140777588,0.12415666319429874,0.9857445784914329,0.010580788190763527,0.0036746333178037426,0.9857445784914329,0.010580788190763527,0.0036746333178037426,0.9857445784914329,0.010580788190763527,-0.9820699451736292,1,1,0.512,690.0,1.3690884998068213,0.9985617374980715,-0.4485617374980715
117,117,categorical_soft,1,1,True,0.3776829839284971,0.0,0.0,0.6223170161247253,0.37768298387527466,2,-0.24463403224945068,0.12175005152821541,0.10835302844643593,0.3003560096025467,-0.2240254670381546,0.12175005152821541,0.3417685219228963,0.4136864918630628,0.24454498621404097,0.3417685219228963,0.4136864918630628,0.24454498621404097,0.4136864918630628,0.3417685219228963,-0.1691415056490218,2,2,0.032,1090.0,0.25692538917064667,0.6447691894907673,-0.09476918949076729
118,118,categorical_soft,0,0,False,0.0,0.0,1.0,0.0,0.0,1,-1.0,0.30079435035586355,2.0599098801612854,0.5173103600740433,-2.505171775817871,0.30079435035586355,0.8161070260721892,0.17527675577970236,0.008616218148108399,0.8161070260721892,0.17527675577970236,0.008616218148108399,0.8161070260721892,0.17527675577970236,-0.8074908079240808,1,1,0.0,530.0,0.14550048112869263,0.6734340588596291,-0.1234340588596291
119,119,categorical_soft,1,1,False,0.0,0.0,0.0,1.0,0.0,2,-1.0,0.3541570998728275,0.5195603638887405,1.0834490776062011,-1.4108362197875977,0.3541570998728275,0.3446343150126527,0.6049454754396161,0.05042020954773112,0.3446343150126527,0.6049454754396161,0.05042020954773112,0.6049454754396161,0.3446343150126527,-0.554525265891885,2,2,0.032,1020.0,0.7461745217442513,0.9562448127595157,-0.4062448127595156
120,120,categorical_soft,0,0,False,0.0,0.0,1.0,0.0,0.0,1,-1.0,0.19966506063938141,3.2699485778808595,0.14057050198316573,-3.946973419189453,0.19966506063938141,0.9572643811449091,0.042028443588702724,0.0007071752663883223,0.9572643811449091,0.042028443588702724,0.0007071752663883223,0.9572643811449091,0.042028443588702724,-0.9565572058785208,1,1,0.064,1140.0,0.8811020478606224,0.9734726540334536,-0.4234726540334536
121,121,categorical_soft,1,1,False,0.0,0.0,0.0,1.0,0.0,2,-1.0,0.2911299079656601,0.7748390793800354,0.2637005791068077,-1.0489349901676177,0.2911299079656601,0.5674741591950204,0.3406562139139952,0.0918696268909843,0.5674741591950204,0.3406562139139952,0.0918696268909843,0.3406562139139952,0.5674741591950204,-0.2487865870230109,1,1,0.032,1030.0,0.44420781126245856,0.8304270220552399,-0.28042702205523984
122,122,categorical_soft,0,0,False,0.0,0.0,1.0,0.0,0.0,1,-1.0,0.14699490517377853,2.243719744682312,0.25674186646938324,-2.721949577331543,0.14699490517377853,0.8738532551003433,0.12005036256569897,0.006096382333957735,0.8738532551003433,0.12005036256569897,0.006096382333957735,0.8738532551003433,0.12005036256569897,-0.8677568727663856,1,1,0.032,770.0,0.5590284466743469,0.921742720182926,-0.371742720182926
123,123,categorical_soft,1,1,False,0.0,0.0,0.0,1.0,0.0,2,-1.0,0.44067162871360777,1.0069095194339752,1.265009844303131,-2.1966472625732423,0.44067162871360777,0.42836584235595215,0.5541317394266031,0.017502418217444762,0.42836584235595215,0.5541317394266031,0.017502418217444762,0.5541317394266031,0.42836584235595215,-0.5366293212091583,2,2,0.064,970.0,0.8382994756102562,0.9733338173655368,-0.42333381736553677
124,124,categorical_soft,1,1,False,0.0,0.0,0.0,1.0,0.0,2,-1.0,0.33939185179769993,0.3441888868808746,0.6469027698040009,-0.9084756791591644,0.33939185179769993,0.3787993543358409,0.51240224159877,0.10879840406538899,0.3787993543358409,0.51240224159877,0.10879840406538899,0.51240224159877,0.3787993543358409,-0.403603837533381,2,2,0.064,900.0,0.7135881632566452,0.9555940568279244,-0.4055940568279244
125,125,categorical_soft,1,1,True,0.5794127886650615,0.0,0.0,0.4205872118473053,0.5794128179550171,3,0.1588256061077118,0.2022702641785145,-0.08183351382613183,-0.20174492299556732,-0.06459458582103253,0.2022702641785145,0.3443229798951956,0.3054209305375116,0.3502560895672927,0.3443229798951956,0.3054209305375116,0.3502560895672927,0.3054209305375116,0.3443229798951956,0.04483515902978108,3,3,0.0,630.0,0.014298170804977417,0.489638852732902,0.06036114726709807
126,126,categorical_soft,0,0,False,0.0,0.0,1.0,0.0,0.0,1,-1.0,0.19221656769514084,3.4514917373657226,0.40253605544567106,-4.213371610641479,0.19221656769514084,0.9541837991476599,0.045364207329692104,0.00045199352264791256,0.9541837991476599,0.045364207329692104,0.00045199352264791256,0.9541837991476599,0.045364207329692104,-0.953731805625012,1,1,0.064,710.0,0.7786474227905273,0.9738569134677411,-0.423856913467741
127,127,categorical_soft,1,1,True,0.14917704361324657,0.0,0.0,0.8508229851722717,0.14917704463005066,2,-0.7016459405422211,0.07696200311183929,-2.130069899559021,2.0338977217674254,0.25147179663181307,0.07696200311183929,0.013197174757696151,0.8436328405979685,0.14316998464433522,0.013197174757696151,0.8436328405979685,0.14316998464433522,0.8436328405979685,0.013197174757696151,-0.7004628559536332,2,2,0.256,800.0,0.7053017374128103,0.9588614438144833,-0.4088614438144833
128,128,categorical_soft,0,0,False,0.0,0.0,1.0,0.0,0.0,1,-1.0,0.18859199807047844,5.746125984191894,0.39481639862060547,-7.204683876037597,0.18859199807047844,0.9952202687947251,0.004777317694461332,2.4135108134946554e-06,0.9952202687947251,0.004777317694461332,2.4135108134946554e-06,0.9952202687947251,0.004777317694461332,-0.9952178552839116,1,1,0.256,810.0,0.9328049719333649,0.9859995425646517,-0.4359995425646517
129,129,categorical_soft,1,1,False,0.0,0.0,0.0,1.0,0.0,2,-1.0,0.44325955510139464,0.03766899462789297,0.7403131246566772,-0.7011090636253356,0.44325955510139464,0.2858653041284629,0.5771822694116773,0.13695242645985978,0.2858653041284629,0.5771822694116773,0.13695242645985978,0.5771822694116773,0.2858653041284629,-0.4402298429518175,2,2,0.0,740.0,0.4401589300541673,0.8719570289551434,-0.32195702895514333
130,130,categorical_soft,0,0,True,0.13932300532074077,0.0,0.8606770038604736,0.0,0.13932301104068756,1,-0.7213539928197861,0.026585753262043,1.9623590588569642,-2.510351824760437,0.03936579041182995,0.026585753262043,0.8634206886963796,0.009867907605198487,0.1267114036984221,0.8634206886963796,0.009867907605198487,0.1267114036984221,0.8634206886963796,0.009867907605198487,-0.7367092849979575,1,1,0.256,760.0,1.1072956509888172,0.9943598641772323,-0.4443598641772323
131,131,categorical_soft,1,1,True,0.26710387641292066,0.0,0.0,0.7328961491584778,0.2671038806438446,2,-0.4657922685146332,0.13805071488022805,-0.08480046354234219,-0.18662266433238983,-0.08936132155358792,0.13805071488022805,0.34505424956834524,0.3116036205931096,0.3433421298385452,0.34505424956834524,0.3116036205931096,0.3433421298385452,0.3116036205931096,0.34505424956834524,0.03173850924543559,1,1,0.0,450.0,0.20189611613750458,0.7497536010137897,-0.1997536010137897
132,132,categorical_soft,1,1,True,0.1942978501231068,0.0,0.0,0.8057021498680115,0.19429785013198853,2,-0.611404299736023,0.14424339011311532,0.06241396963596344,0.18898715153336526,-0.1371414601802826,0.14424339011311532,0.3390759218997146,0.38460888309023133,0.2763151950100541,0.3390759218997146,0.38460888309023133,0.2763151950100541,0.38460888309023133,0.3390759218997146,-0.10829368808017725,2,2,0.0,450.0,0.33466777577996254,0.8519102310008333,-0.30191023100083325
133,133,categorical_soft,1,1,True,0.1479900162383735,0.0,0.0,0.8520100116729736,0.14799001812934875,2,-0.7040199935436249,0.07906156182289123,-2.041760575771332,2.7224756479263306,-0.1265554539859295,0.07906156182289123,0.008001684976308933,0.9366736871379077,0.05532462788578342,0.008001684976308933,0.9366736871379077,0.05532462788578342,0.9366736871379077,0.008001684976308933,-0.8813490592521243,2,2,0.256,1060.0,0.7902041841298342,0.9627634908850646,-0.4127634908850646
134,134,categorical_soft,1,1,False,0.0,0.0,0.0,1.0,0.0,2,-1.0,0.21432411149144173,-1.0631362557411195,3.081815791130066,-1.7326997518539429,0.21432411149144173,0.015506008951083833,0.9762675605873241,0.008226430461592191,0.015506008951083833,0.9762675605873241,0.008226430461592191,0.9762675605873241,0.015506008951083833,-0.9680411301257319,2,2,0.512,420.0,0.9185963869094849,0.9905750027375144,-0.4405750027375144
135,135,categorical_soft,1,1,False,0.0,0.0,0.0,1.0,0.0,2,-1.0,0.27067541554570196,-0.6000980079174042,2.624759149551392,-1.7304951786994933,0.27067541554570196,0.037876166105733106,0.9497231018750714,0.012400732019195358,0.037876166105733106,0.9497231018750714,0.012400732019195358,0.9497231018750714,0.037876166105733106,-0.937322369855876,2,2,0.128,550.0,0.8471453636884689,0.9844363066557632,-0.43443630665576316
136,136,categorical_soft,1,1,False,0.0,0.0,0.0,1.0,0.0,2,-1.0,0.29762065410614014,-0.23291129767894744,2.4248292684555053,-1.9207086443901062,0.29762065410614014,0.06503561419681822,0.9229433938354589,0.012020991967722706,0.06503561419681822,0.9229433938354589,0.012020991967722706,0.9229433938354589,0.06503561419681822,-0.9109224018677362,2,2,0.064,710.0,0.8296653404831886,0.9795348113878266,-0.42953481138782657
137,137,categorical_soft,1,1,False,0.0,0.0,0.0,1.0,0.0,2,-1.0,0.24164008498191833,-1.785547947883606,2.631687808036804,-0.7620129644870758,0.24164008498191833,0.011527830804008805,0.9550368357419614,0.03343533345402958,0.011527830804008805,0.9550368357419614,0.03343533345402958,0.9550368357419614,0.011527830804008805,-0.9216015022879318,2,2,0.256,1170.0,0.9370100349187851,0.9789839075363657,-0.4289839075363656
138,138,categorical_soft,0,0,False,0.0,0.0,1.0,0.0,0.0,1,-1.0,0.2302715089172125,4.258489561080933,0.316270749270916,-5.204511880874634,0.2302715089172125,0.9808535381776589,0.019069681927416975,7.677989492421318e-05,0.9808535381776589,0.019069681927416975,7.677989492421318e-05,0.9808535381776589,0.019069681927416975,-0.9807767582827347,1,1,0.256,520.0,0.7035814672708511,0.9700524971125286,-0.42005249711252857
139,139,categorical_soft,0,0,True,0.5633984061695912,0.0,0.43660157918930054,0.0,0.5633984208106995,3,0.12679684162139893,0.15910603813827037,-0.09295438006520271,0.012773672863841058,-0.02693013325333595,0.15910603813827037,0.31440165855106184,0.3497394655586473,0.3358588758902909,0.31440165855106184,0.3497394655586473,0.3358588758902909,0.31440165855106184,0.3497394655586473,0.021457217339229062,2,2,0.032,550.0,0.004771977663040161,0.5020469266401053,0.04795307335989474
140,140,categorical_soft,0,0,True,0.20074126903059886,0.0,0.7992587089538574,0.0,0.20074127614498138,1,-0.598517432808876,0.036238824017345905,0.7384384155273438,-1.0359793066978455,0.0379293367266655,0.036238824017345905,0.5997281663617997,0.10192474392095033,0.2983470897172501,0.5997281663617997,0.10192474392095033,0.2983470897172501,0.5997281663617997,0.10192474392095033,-0.3013810766445496,1,1,0.032,910.0,0.42986413836479187,0.8406197921304861,-0.29061979213048605
141,141,categorical_soft,0,0,True,0.13822393699639696,0.0,0.8617760539054871,0.0,0.13822393119335175,1,-0.7235521227121353,0.057190549559891224,4.2884704828262326,-1.2870602369308473,-3.0438770055770874,0.057190549559891224,0.9954918653638213,0.003803688125797304,0.0007044465103814348,0.9954918653638213,0.003803688125797304,0.0007044465103814348,0.9954918653638213,0.003803688125797304,-0.9947874188534398,1,1,0.256,1090.0,1.5090577974915504,0.9988286034420863,-0.4488286034420863
142,142,categorical_soft,0,0,True,0.1386426140440054,0.0,0.8613573908805847,0.0,0.13864260911941528,1,-0.7227147817611694,0.2064520152285695,3.1361616373062136,-1.1403691530227662,-1.8514522433280944,0.2064520152285695,0.978891476453993,0.013807060157097545,0.007301463388909382,0.978891476453993,0.013807060157097545,0.007301463388909382,0.978891476453993,0.013807060157097545,-0.9715900130650836,1,1,0.512,520.0,1.1852051876485348,0.9971120824108168,-0.4471120824108168
143,143,categorical_soft,1,1,False,0.0,0.0,0.0,1.0,0.0,2,-1.0,0.31026076823472976,-1.1730136036872865,2.4098878860473634,-1.170299416780472,0.31026076823472976,0.026454812341574645,0.9461029292315513,0.027442258426874304,0.026454812341574645,0.9461029292315513,0.027442258426874304,0.9461029292315513,0.026454812341574645,-0.918660670804677,2,2,0.128,820.0,0.8714949004352093,0.9809465115266203,-0.4309465115266202
144,144,categorical_soft,0,0,True,0.6047506896738587,0.0,0.39524930715560913,0.0,0.6047506928443909,3,0.20950138568878174,0.11883662790060043,0.005144838988780975,-0.19242958202958108,-0.05436114314943552,0.11883662790060043,0.36188270258051547,0.29737181735415474,0.3407454800653299,0.36188270258051547,0.29737181735415474,0.3407454800653299,0.36188270258051547,0.29737181735415474,-0.021137222515185572,1,1,0.0,930.0,0.0715331882238388,0.46956332434263837,0.08043667565736168
145,145,categorical_soft,0,0,False,0.0,0.0,1.0,0.0,0.0,1,-1.0,0.34568503201007844,1.3747596740722656,0.9487934410572052,-2.410849928855896,0.34568503201007844,0.5964171085786865,0.389901009211107,0.013681882210206612,0.5964171085786865,0.389901009211107,0.013681882210206612,0.5964171085786865,0.389901009211107,-0.5827352263684799,1,1,0.0,720.0,0.18114810436964035,0.6614705638313395,-0.11147056383133946
146,146,categorical_soft,1,1,True,0.1519203241885233,0.0,0.0,0.8480796813964844,0.15192031860351562,2,-0.6961593627929688,0.1707845777273178,-0.9175360023975372,0.5391316205263138,0.007185221835970879,0.1707845777273178,0.12810262526642277,0.5492289684745609,0.32266840625901627,0.12810262526642277,0.5492289684745609,0.32266840625901627,0.5492289684745609,0.12810262526642277,-0.22656056221554466,2,2,0.032,760.0,0.654623880982399,0.9501698761583731,-0.4001698761583731
147,147,categorical_soft,0,0,True,0.14111425726669852,0.0,0.8588857650756836,0.0,0.1411142498254776,1,-0.717771515250206,0.2070583213120699,2.540391230583191,-0.5255633443593979,-1.6391682267189025,0.2070583213120699,0.9412043020103811,0.04405653484878102,0.014739163140837822,0.9412043020103811,0.04405653484878102,0.014739163140837822,0.9412043020103811,0.04405653484878102,-0.9264651388695433,1,1,0.064,550.0,0.8895179703831673,0.9873244413996682,-0.4373244413996682
148,148,categorical_soft,0,0,False,0.0,0.0,1.0,0.0,0.0,1,-1.0,0.2300693592056632,4.9990349292755125,0.4177092134952545,-6.1708128452301025,0.2300693592056632,0.9897927426012638,0.01019326122888289,1.3996169853247692e-05,0.9897927426012638,0.01019326122888289,1.3996169853247692e-05,0.9897927426012638,0.01019326122888289,-0.9897787464314106,1,1,0.256,640.0,0.9410156607627869,0.989011461538332,-0.4390114615383319
149,149,categorical_soft,1,1,False,0.0,0.0,0.0,1.0,0.0,2,-1.0,0.2180771291255951,-2.017575430870056,3.3801536083221437,-1.1620172917842866,0.2180771291255951,0.004465249680988304,0.9839909597807376,0.011543790538274142,0.004465249680988304,0.9839909597807376,0.011543790538274142,0.9839909597807376,0.004465249680988304,-0.9724471692424634,2,2,0.512,1010.0,0.884843185544014,0.9776384682656628,-0.42763846826566276
150,150,categorical_soft,1,1,True,0.2515553254723077,0.0,0.0,0.748444676399231,0.25155532360076904,2,-0.4968893527984619,0.110349290817976,0.3015636831521988,-0.6290245354175568,-0.09381548836827278,0.110349290817976,0.48361692209891727,0.19066228628469725,0.32572079161638545,0.48361692209891727,0.19066228628469725,0.32572079161638545,0.19066228628469725,0.48361692209891727,0.1350585053316882,1,1,0.0,1140.0,0.39154666662216187,0.76804389163125,-0.21804389163124993
151,151,categorical_soft,1,1,True,0.16508592190326005,0.0,0.0,0.8349140882492065,0.16508592665195465,2,-0.6698281615972519,0.09397327043116092,-1.4339492559432983,0.8065129518508911,0.2104629546403885,0.09397327043116092,0.06430127984291088,0.6028564954904557,0.3328422246666334,0.06430127984291088,0.6028564954904557,0.3328422246666334,0.6028564954904557,0.06430127984291088,-0.27001427082382234,2,2,0.064,450.0,0.4585789884440601,0.9136067979112812,-0.36360679791128114
152,152,categorical_soft,0,0,True,0.13982705296845277,0.0,0.8601729273796082,0.0,0.13982705771923065,1,-0.7203458696603775,0.06826714854687452,1.4407382607460022,-1.9168092727661132,0.09125304147601128,0.06826714854687452,0.7724879899815391,0.027024364152385,0.20048764586607576,0.7724879899815391,0.027024364152385,0.20048764586607576,0.7724879899815391,0.027024364152385,-0.5720003441154633,1,1,0.256,680.0,1.0252197608351707,0.9923499347600208,-0.4423499347600207
153,153,categorical_soft,1,1,False,0.0,0.0,0.0,1.0,0.0,2,-1.0,0.28210978135466575,-0.8331242263317108,2.829380464553833,-1.7670504093170165,0.28210978135466575,0.024790199787043773,0.965186876935425,0.01002292327753117,0.024790199787043773,0.965186876935425,0.01002292327753117,0.965186876935425,0.024790199787043773,-0.9551639536578939,2,2,0.128,570.0,0.8900863528251648,0.9870548531058613,-0.43705485310586123
154,154,categorical_soft,1,1,True,0.38718682720448966,0.0,0.0,0.6128131747245789,0.38718682527542114,2,-0.22562634944915771,0.021826383844017982,-0.19737136475741862,0.2666101321578026,-0.05888504832983017,0.021826383844017982,0.26814081861438466,0.4254645567175485,0.3063946246680668,0.26814081861438466,0.4254645567175485,0.3063946246680668,0.4254645567175485,0.26814081861438466,-0.11906993204948174,2,2,0.0,420.0,0.08563469350337982,0.6369667935119121,-0.08696679351191205
155,155,categorical_soft,1,1,True,0.6919414839182145,0.0,0.0,0.3080585300922394,0.691941499710083,3,0.38388296961784363,0.1985928701236844,0.48827931880950926,-0.6249601602554321,0.05697035118937492,0.1985928701236844,0.5053859178178173,0.16631530596783786,0.32829877621434495,0.5053859178178173,0.16631530596783786,0.32829877621434495,0.16631530596783786,0.5053859178178173,0.16198347024650708,1,1,0.0,1110.0,0.05216918885707855,0.3931617373280032,0.15683826267199685
156,156,categorical_soft,1,1,False,0.0,0.0,0.0,1.0,0.0,2,-1.0,0.25153531357645986,-0.7733270287513733,3.836930012702942,-2.7484546422958376,0.25153531357645986,0.009860471126005252,0.9887352381125508,0.001404290761443883,0.009860471126005252,0.9887352381125508,0.001404290761443883,0.9887352381125508,0.009860471126005252,-0.9873309473511069,2,2,0.512,620.0,1.0369794890284538,0.9932770033740341,-0.4432770033740341
157,157,categorical_soft,0,0,True,0.14246930285070097,0.0,0.8575307130813599,0.0,0.14246930181980133,1,-0.7150614112615585,0.04364410229027271,1.9935012817382813,-2.6450323820114137,0.1896431140601635,0.04364410229027271,0.8513234956513502,0.008239262480708259,0.1404372418679416,0.8513234956513502,0.008239262480708259,0.1404372418679416,0.8513234956513502,0.008239262480708259,-0.7108862537834086,1,1,0.256,1190.0,0.9762993305921555,0.9821923797642307,-0.43219237976423064
158,158,categorical_soft,0,0,False,0.0,0.0,1.0,0.0,0.0,1,-1.0,0.21003175023943185,3.2390413522720336,0.2831298440694809,-3.7860650777816773,0.21003175023943185,0.9496631458297632,0.04949098048945339,0.0008458736807835582,0.9496631458297632,0.04949098048945339,0.0008458736807835582,0.9496631458297632,0.04949098048945339,-0.9488172721489796,1,1,0.032,970.0,0.5593879073858261,0.9026409468277098,-0.35264094682770974
159,159,categorical_soft,0,0,True,0.2248344800933998,0.0,0.7751654982566833,0.0,0.22483448684215546,1,-0.5503310114145279,0.19926690347492695,0.8992641568183899,-0.9840608179569245,-0.03919527009129524,0.19926690347492695,0.6470139723607679,0.09859245855620109,0.2543935690830311,0.6470139723607679,0.09859245855620109,0.2543935690830311,0.6470139723607679,0.09859245855620109,-0.39262040327773673,1,1,0.064,1100.0,0.4242866486310959,0.8031953762369244,-0.25319537623692434
160,160,categorical_soft,0,0,True,0.22324250122744782,0.0,0.7767574787139893,0.0,0.22324250638484955,1,-0.5535149723291397,0.18749276529997588,-0.2828013986349106,0.25410488843917844,-0.05755851119756698,0.18749276529997588,0.2527088836285022,0.43164429327880116,0.31564682309269665,0.2527088836285022,0.43164429327880116,0.31564682309269665,0.2527088836285022,0.43164429327880116,0.06293793946419446,2,2,0.0,570.0,0.29719260334968567,0.8054738559841625,-0.2554738559841625
161,161,categorical_soft,0,0,False,0.0,0.0,1.0,0.0,0.0,1,-1.0,0.2272985778748989,6.088259315490722,0.27996173202991487,-7.47041802406311,0.2272985778748989,0.9969874391749138,0.0030112542194525513,1.306605633587006e-06,0.9969874391749138,0.0030112542194525513,1.306605633587006e-06,0.9969874391749138,0.0030112542194525513,-0.9969861325692803,1,1,0.256,1120.0,0.8825294226408005,0.9742646649939778,-0.42426466499397775
162,162,categorical_soft,0,0,False,0.0,0.0,1.0,0.0,0.0,1,-1.0,0.18277318514883517,3.573706316947937,0.21159987151622772,-4.416007709503174,0.18277318514883517,0.9660709806593388,0.03359897463755133,0.00033004470310974603,0.9660709806593388,0.03359897463755133,0.00033004470310974603,0.9660709806593388,0.03359897463755133,-0.9657409359562291,1,1,0.064,1170.0,0.6937208026647568,0.9337542971450663,-0.38375429714506626
163,163,categorical_soft,0,0,False,0.0,0.0,1.0,0.0,0.0,1,-1.0,0.1297732386738062,5.793325424194336,0.45378327965736387,-7.1604238986969,0.1297732386738062,0.9951805792396368,0.004817050090370795,2.370669992376773e-06,0.9951805792396368,0.004817050090370795,2.370669992376773e-06,0.9951805792396368,0.004817050090370795,-0.9951782085696443,1,1,0.512,420.0,1.0640278086066246,0.9953650626985455,-0.4453650626985455
164,164,categorical_soft,1,1,True,0.17329589949797325,0.0,0.0,0.8267040848731995,0.17329590022563934,2,-0.6534081846475601,0.1629551848396659,-1.833972954750061,1.4281736612319946,0.20352188348770142,0.1629551848396659,0.029148227923986185,0.749201580725275,0.2216501913507387,0.029148227923986185,0.749201580725275,0.2216501913507387,0.749201580725275,0.029148227923986185,-0.5275513893745363,2,2,0.128,630.0,0.45692120492458344,0.8941022071415985,-0.34410220714159845
165,165,categorical_soft,0,0,False,0.0,0.0,1.0,0.0,0.0,1,-1.0,0.40857132486999037,1.3215920090675355,0.7419630646705627,-2.01129606962204,0.40857132486999037,0.6260188997983389,0.3515603108266237,0.02242078937503733,0.6260188997983389,0.3515603108266237,0.02242078937503733,0.6260188997983389,0.3515603108266237,-0.6035981104233016,1,1,0.032,450.0,0.3405662328004837,0.8555293667070335,-0.30552936670703346
166,166,categorical_soft,1,1,False,0.0,0.0,0.0,1.0,0.0,2,-1.0,0.2400327417999506,1.2394896030426026,0.40451543033123016,-1.7182970881462096,0.2400327417999506,0.6727797270925091,0.2919650617514221,0.03525521115606882,0.6727797270925091,0.2919650617514221,0.03525521115606882,0.2919650617514221,0.6727797270925091,-0.2567098505953533,1,1,0.0,790.0,0.5542556680738926,0.918242385703389,-0.36824238570338896
167,167,categorical_soft,0,0,False,0.0,0.0,1.0,0.0,0.0,1,-1.0,0.24782321825623513,7.45011715888977,0.5240993916988372,-9.2146071434021,0.24782321825623513,0.9989964746728267,0.0010034665376464499,5.8789526953520944e-08,0.9989964746728267,0.0010034665376464499,5.8789526953520944e-08,0.9989964746728267,0.0010034665376464499,-0.9989964158832998,1,1,0.512,960.0,1.1586555764079094,0.9944225634819186,-0.44442256348191855
168,168,categorical_soft,0,0,True,0.13808275097120648,0.0,0.86191725730896,0.0,0.13808275759220123,1,-0.7238344997167587,0.07237080316990614,5.154218912124634,-1.230010485649109,-4.1853276014328005,0.07237080316990614,0.9982012069293511,0.0016991613508883826,9.963171976043197e-05,0.9982012069293511,0.0016991613508883826,9.963171976043197e-05,0.9982012069293511,0.0016991613508883826,-0.9981015752095906,1,1,0.512,1150.0,1.6639904230833054,0.9994114755264566,-0.44941147552645655
169,169,categorical_soft,1,1,False,0.0,0.0,0.0,1.0,0.0,2,-1.0,0.23832297809422015,-1.5062326669692994,3.1285934686660766,-1.3670859217643738,0.23832297809422015,0.009534636582341454,0.9792127866015254,0.011252576816133123,0.009534636582341454,0.9792127866015254,0.011252576816133123,0.9792127866015254,0.009534636582341454,-0.9679602097853923,2,2,0.512,630.0,0.9054725877940655,0.987096515143741,-0.4370965151437409
170,170,categorical_soft,1,1,True,0.15469499962109745,0.0,0.0,0.8453050255775452,0.15469500422477722,2,-0.6906100213527679,0.1201771531254053,-2.017833924293518,1.5720401406288147,0.23792468309402465,0.1201771531254053,0.021400449983329947,0.774031718577526,0.20456783143914406,0.021400449983329947,0.774031718577526,0.20456783143914406,0.774031718577526,0.021400449983329947,-0.5694638871383819,2,2,0.512,400.0,0.5329052275046706,0.941803186065585,-0.39180318606558495
171,171,categorical_soft,1,1,True,0.15684755429634534,0.0,0.0,0.8431524634361267,0.15684755146503448,2,-0.6863049119710922,0.0019891692325472833,-1.813133132457733,1.8414320707321168,0.20184820592403413,0.0019891692325472833,0.021228001567735178,0.8194130079676925,0.1593589904645723,0.021228001567735178,0.8194130079676925,0.1593589904645723,0.8194130079676925,0.021228001567735178,-0.6600540175031202,2,2,0.128,750.0,0.5967523828148842,0.9355792000910905,-0.3855792000910905
172,172,categorical_soft,0,0,False,0.0,0.0,1.0,0.0,0.0,1,-1.0,0.21443748902529478,2.848579239845276,0.3351925790309906,-3.5035579442977904,0.21443748902529478,0.9234244063477917,0.0749525707884911,0.0016230228637171974,0.9234244063477917,0.0749525707884911,0.0016230228637171974,0.9234244063477917,0.0749525707884911,-0.9218013834840745,1,1,0.064,1000.0,0.7131521999835968,0.9500865290201956,-0.4000865290201956
173,173,categorical_soft,1,1,False,0.0,0.0,0.0,1.0,0.0,2,-1.0,0.33316865339875223,-1.702243435382843,3.9799315690994264,-2.0041655778884886,0.33316865339875223,0.00339053416076589,0.9939157254006735,0.002693740438560713,0.00339053416076589,0.9939157254006735,0.002693740438560713,0.9939157254006735,0.00339053416076589,-0.9912219849621128,2,2,0.512,710.0,0.926895696669817,0.9872083280702392,-0.4372083280702391
174,174,categorical_soft,1,1,False,0.0,0.0,0.0,1.0,0.0,2,-1.0,0.27959463484585284,-1.1506168365478515,1.7760711073875428,-0.6243558138608932,0.27959463484585284,0.04670516768636355,0.8716430034789946,0.08165182883464181,0.04670516768636355,0.8716430034789946,0.08165182883464181,0.8716430034789946,0.04670516768636355,-0.7899911746443528,2,2,0.128,510.0,0.8757945969700813,0.9870818102457184,-0.43708181024571835
175,175,categorical_soft,1,1,False,0.0,0.0,0.0,1.0,0.0,2,-1.0,0.287411093711853,1.4145304918289185,0.6105195224285126,-2.1323851466178896,0.287411093711853,0.6762861535290268,0.30399790993243375,0.01971593653853957,0.6762861535290268,0.30399790993243375,0.01971593653853957,0.30399790993243375,0.6762861535290268,-0.28428197339389416,1,1,0.032,420.0,0.14259213209152222,0.6989029943655043,-0.14890299436550425
176,176,categorical_soft,0,0,False,0.0,0.0,1.0,0.0,0.0,1,-1.0,0.17284314539283513,5.676003313064575,0.7171739935874939,-7.051848697662353,0.17284314539283513,0.9929567271145547,0.007040312236771093,2.9606486742154062e-06,0.9929567271145547,0.007040312236771093,2.9606486742154062e-06,0.9929567271145547,0.007040312236771093,-0.9929537664658805,1,1,0.512,430.0,0.9890631213784218,0.993234279246882,-0.44323427924688197
177,177,categorical_soft,0,0,True,0.14220901230710697,0.0,0.857791006565094,0.0,0.1422090083360672,1,-0.7155819982290268,0.21342757605016233,1.2833585262298584,-1.1667043805122375,-0.32340072095394135,0.21342757605016233,0.7751801200923766,0.06715932162708727,0.1576605582805361,0.7751801200923766,0.06715932162708727,0.1576605582805361,0.7751801200923766,0.06715932162708727,-0.6175195618118405,1,1,0.128,680.0,0.8628118187189102,0.9831660768651947,-0.4331660768651947
178,178,categorical_soft,1,1,False,0.0,0.0,0.0,1.0,0.0,2,-1.0,0.2745380103588104,-1.083124154806137,4.1019714117050174,-2.599668049812317,0.2745380103588104,0.005564060749369743,0.9931707270757582,0.0012652121748721568,0.005564060749369743,0.9931707270757582,0.0012652121748721568,0.9931707270757582,0.005564060749369743,-0.991905514900886,2,2,0.512,1100.0,0.9082893161103129,0.9777844890366508,-0.4277844890366508
179,179,categorical_soft,0,0,True,0.2096389923333335,0.0,0.7903609871864319,0.0,0.20963899791240692,1,-0.580721989274025,0.133171958476305,0.055459561944007876,0.2922509491443634,-0.13216674849390983,0.133171958476305,0.323638291840657,0.4089822703457505,0.2673794378135925,0.323638291840657,0.4089822703457505,0.2673794378135925,0.323638291840657,0.4089822703457505,-0.05625885402706449,2,2,0.0,530.0,0.31519949436187744,0.826003236936907,-0.276003236936907
180,180,categorical_soft,0,0,False,0.0,0.0,1.0,0.0,0.0,1,-1.0,0.22991843111813068,2.765737795829773,0.1857253059744835,-3.2271856307983398,0.22991843111813068,0.9271420437941789,0.07053042400050835,0.0023275322053127492,0.9271420437941789,0.07053042400050835,0.0023275322053127492,0.9271420437941789,0.07053042400050835,-0.9248145115888661,1,1,0.032,660.0,0.8083652555942535,0.9786259904641058,-0.42862599046410577
181,181,categorical_soft,1,1,True,0.14796051642241764,0.0,0.0,0.8520394563674927,0.14796051383018494,2,-0.7040789425373077,0.1426152314990759,-1.8268274307250976,1.893075692653656,0.22006931006908417,0.1426152314990759,0.01999841167605838,0.8250137500383637,0.1549878382855778,0.01999841167605838,0.8250137500383637,0.1549878382855778,0.8250137500383637,0.01999841167605838,-0.6700259117527859,2,2,0.256,780.0,0.7220612280070782,0.9628616094181124,-0.41286160941811234
182,182,categorical_soft,1,1,False,0.0,0.0,0.0,1.0,0.0,2,-1.0,0.2810197604820132,0.6829283952713012,0.7204686999320984,-1.5143962502479553,0.2810197604820132,0.4650447862408039,0.4828900381576798,0.052065175601516446,0.4650447862408039,0.4828900381576798,0.052065175601516446,0.4828900381576798,0.4650447862408039,-0.4308248625561633,2,2,0.0,620.0,0.32470835000276566,0.8169446782905361,-0.26694467829053603
183,183,categorical_soft,1,1,False,0.0,0.0,0.0,1.0,0.0,2,-1.0,0.2424347221851349,-0.7929843902587891,3.1170932054519653,-2.112161636352539,0.2424347221851349,0.01954847769498353,0.9750792662304081,0.005372256074608433,0.01954847769498353,0.9750792662304081,0.005372256074608433,0.9750792662304081,0.01954847769498353,-0.9697070101557996,2,2,0.512,440.0,0.9864633828401566,0.9930653685045051,-0.44306536850450506
184,184,categorical_soft,0,0,True,0.14023177311416907,0.0,0.8597682118415833,0.0,0.14023177325725555,1,-0.7195364385843277,0.13978128358721734,1.4669376850128173,-1.548060941696167,-0.14665027987211943,0.13978128358721734,0.7986448671221893,0.03916612062146857,0.16218901225634214,0.7986448671221893,0.03916612062146857,0.16218901225634214,0.7986448671221893,0.03916612062146857,-0.6364558548658472,1,1,0.064,1040.0,1.0746464524418116,0.9907534544092869,-0.4407534544092868
185,185,categorical_soft,0,0,False,0.0,0.0,1.0,0.0,0.0,1,-1.0,0.19819392934441565,5.500256443023682,0.48304913341999056,-6.804657888412476,0.19819392934441565,0.9933275986313642,0.006667862811801356,4.538556834473202e-06,0.9933275986313642,0.006667862811801356,4.538556834473202e-06,0.9933275986313642,0.006667862811801356,-0.9933230600745298,1,1,0.256,690.0,0.824377030134201,0.9794972389177028,-0.42949723891770275
186,186,categorical_soft,1,1,False,0.0,0.0,0.0,1.0,0.0,2,-1.0,0.28693327456712725,-0.7959483385086059,3.1927077531814576,-2.0944519996643067,0.28693327456712725,0.0181130026784788,0.9767669359686593,0.005120061352861938,0.0181130026784788,0.9767669359686593,0.005120061352861938,0.9767669359686593,0.0181130026784788,-0.9716468746157974,2,2,0.064,780.0,0.8256258368492126,0.9773373939606169,-0.4273373939606169
187,187,categorical_soft,0,0,True,0.14698093772251564,0.0,0.8530190587043762,0.0,0.14698094129562378,1,-0.7060381174087524,0.16231963522732257,1.2076179027557372,-1.3101051330566407,-0.11788786742836237,0.16231963522732257,0.7408555528404319,0.05978679075000661,0.19935765640956152,0.7408555528404319,0.05978679075000661,0.19935765640956152,0.7408555528404319,0.05978679075000661,-0.5414978964308704,1,1,0.032,990.0,0.7931640520691872,0.9661522905281389,-0.41615229052813885
188,188,categorical_soft,0,0,True,0.13887839029869398,0.0,0.8611215949058533,0.0,0.13887839019298553,1,-0.7222432047128677,-0.06133543737232685,2.4827354669570925,-2.5537212610244753,-0.3226735591888428,-0.06133543737232685,0.9354905387476051,0.006086072986775853,0.05842338826561916,0.9354905387476051,0.006086072986775853,0.05842338826561916,0.9354905387476051,0.006086072986775853,-0.877067150481986,1,1,0.512,820.0,1.2002649754285812,0.9961531855960688,-0.44615318559606876
189,189,categorical_soft,1,1,True,0.4922808545515101,0.0,0.0,0.5077191591262817,0.49228084087371826,2,-0.015438318252563477,0.07871586792171001,-0.10286469608545304,-0.005946580879390239,-0.10244183242321014,0.07871586792171001,0.3224596076705487,0.3555993917073853,0.3219410006220661,0.3224596076705487,0.3555993917073853,0.3219410006220661,0.3555993917073853,0.3224596076705487,-0.033658391085319206,2,2,0.0,870.0,0.1272290199995041,0.5557900779139849,-0.005790077913984892
190,190,categorical_soft,1,1,True,0.1614042197962,0.0,0.0,0.8385958075523376,0.16140422224998474,2,-0.6771915853023529,0.0325258694589138,-2.4760361194610594,1.9735840439796448,0.3297798424959183,0.0325258694589138,0.0096942294219445,0.8296915036248993,0.16061426695315614,0.0096942294219445,0.8296915036248993,0.16061426695315614,0.8296915036248993,0.0096942294219445,-0.6690772366717431,2,2,0.128,1010.0,0.6217487994581461,0.9230908345077989,-0.3730908345077989
191,191,categorical_soft,0,0,False,0.0,0.0,1.0,0.0,0.0,1,-1.0,0.40081320106983187,3.632224130630493,0.6161059737205505,-4.545158338546753,0.40081320106983187,0.9528690587498347,0.04686180973028233,0.00026913151988274664,0.9528690587498347,0.04686180973028233,0.00026913151988274664,0.9528690587498347,0.04686180973028233,-0.952599927229952,1,1,0.128,430.0,0.6901669502258301,0.971265268944122,-0.421265268944122
192,192,categorical_soft,1,1,False,0.0,0.0,0.0,1.0,0.0,2,-1.0,0.4374295771121979,-1.9472732901573182,2.1407864093780518,-0.4067363917827606,0.4374295771121979,0.015321674244925828,0.9120322998408834,0.07264602591419057,0.015321674244925828,0.9120322998408834,0.07264602591419057,0.9120322998408834,0.015321674244925828,-0.8393862739266928,2,2,0.512,530.0,0.8170751482248306,0.9824240518826223,-0.43242405188262223
193,193,categorical_soft,0,0,True,0.145772605207241,0.0,0.8542274236679077,0.0,0.14577260613441467,1,-0.708454817533493,0.07228990346193313,1.6858671665191651,-1.9702377319335938,0.018152564764022827,0.07228990346193313,0.8226771721426159,0.02130536036472678,0.1560174674926573,0.8226771721426159,0.02130536036472678,0.1560174674926573,0.8226771721426159,0.02130536036472678,-0.6666597046499586,1,1,0.128,1080.0,0.8427324146032333,0.9703012201844253,-0.4203012201844253
194,194,categorical_soft,1,1,False,0.0,0.0,0.0,1.0,0.0,2,-1.0,0.34051473885774614,2.4018280506134033,0.5723129570484161,-3.2251358032226562,0.34051473885774614,0.8587255995812189,0.13814508069086867,0.0031293197279125204,0.8587255995812189,0.13814508069086867,0.0031293197279125204,0.13814508069086867,0.8587255995812189,-0.13501576096295614,1,1,0.0,1050.0,0.24135959148406982,0.6382705062354783,-0.08827050623547827
195,195,categorical_soft,1,1,False,0.0,0.0,0.0,1.0,0.0,2,-1.0,0.25060301274061203,1.4458864212036133,0.1709006853401661,-1.6371110916137694,0.25060301274061203,0.7541981715436153,0.21114611363551133,0.03465571482087329,0.7541981715436153,0.21114611363551133,0.03465571482087329,0.21114611363551133,0.7541981715436153,-0.17649039881463804,1,1,0.0,580.0,0.03497976064682007,0.5300748520688947,0.019925147931105336
196,196,categorical_soft,1,1,False,0.0,0.0,0.0,1.0,0.0,2,-1.0,0.38595240116119384,0.8256711184978485,2.8440847158432008,-3.195256733894348,0.38595240116119384,0.11952565034487257,0.8783778427360455,0.00209650691908196,0.11952565034487257,0.8783778427360455,0.00209650691908196,0.8783778427360455,0.11952565034487257,-0.8762813358169635,2,2,0.128,1090.0,0.8795745894312859,0.9748019174857763,-0.4248019174857762
197,197,categorical_soft,1,1,False,0.0,0.0,0.0,1.0,0.0,2,-1.0,0.36059492230415346,1.2193257212638855,0.6388622105121613,-2.0854702472686766,0.36059492230415346,0.6262664850669708,0.35070729946542417,0.023026215467604937,0.6262664850669708,0.35070729946542417,0.023026215467604937,0.35070729946542417,0.6262664850669708,-0.32768108399781926,1,1,0.0,530.0,0.456807479262352,0.9049384685594726,-0.35493846855947253
198,198,categorical_soft,1,1,True,0.16971806602308326,0.0,0.0,0.8302819132804871,0.16971807181835175,2,-0.6605638414621353,0.11240580305457115,-1.7818598985671996,1.8252116322517395,0.16178827807307244,0.11240580305457115,0.02237855105670772,0.8204462412870479,0.15717520765624438,0.02237855105670772,0.8204462412870479,0.15717520765624438,0.8204462412870479,0.02237855105670772,-0.6632710336308035,2,2,0.128,940.0,0.5513442233204842,0.9023456784161284,-0.3523456784161284
199,199,categorical_soft,0,0,False,0.0,0.0,1.0,0.0,0.0,1,-1.0,0.1799992121756077,2.2948171138763427,0.2890520840883255,-2.9084877490997316,0.1799992121756077,0.8770570189315515,0.1181103049810718,0.0048326760873768386,0.8770570189315515,0.1181103049810718,0.0048326760873768386,0.8770570189315515,0.1181103049810718,-0.8722243428441747,1,1,0.064,630.0,0.6827080249786377,0.9624110985426224,-0.41241109854262237
200,200,categorical_soft,0,0,True,0.1405106175801334,0.0,0.859489381313324,0.0,0.14051061868667603,1,-0.718978762626648,0.1287082090973854,1.1537965655326843,-1.5400700688362121,0.08821122199296952,0.1287082090973854,0.7080580695391843,0.0479009825893721,0.2440409478714436,0.7080580695391843,0.0479009825893721,0.2440409478714436,0.7080580695391843,0.0479009825893721,-0.4640171216677407,1,1,0.256,510.0,0.9216797426342964,0.9896623360021629,-0.43966233600216287
201,201,categorical_soft,0,0,False,0.0,0.0,1.0,0.0,0.0,1,-1.0,0.1858707532286644,4.768505191802978,0.050445649027824405,-5.717534732818604,0.1858707532286644,0.9910743823632631,0.00889774792416831,2.786971256861838e-05,0.9910743823632631,0.00889774792416831,2.786971256861838e-05,0.9910743823632631,0.00889774792416831,-0.9910465126506944,1,1,0.128,1160.0,0.77137890458107,0.9543255483404679,-0.40432554834046786
202,202,categorical_soft,1,1,False,0.0,0.0,0.0,1.0,0.0,2,-1.0,0.2302876103669405,-1.0794006049633027,2.5694320678710936,-1.3156907200813293,0.2302876103669405,0.024919161444358382,0.9546662733275137,0.020414565228127964,0.024919161444358382,0.9546662733275137,0.020414565228127964,0.9546662733275137,0.024919161444358382,-0.9342517080993857,2,2,0.128,630.0,0.7733290158212185,0.9755886426620864,-0.4255886426620864
203,203,categorical_soft,1,1,True,0.1490194756019766,0.0,0.0,0.8509805202484131,0.14901947975158691,2,-0.7019610404968262,0.09144562296569347,-2.2751302242279055,2.242258143424988,0.24511586129665375,0.09144562296569347,0.0095252136289031,0.8707531419222908,0.11972164444880581,0.0095252136289031,0.8707531419222908,0.11972164444880581,0.8707531419222908,0.0095252136289031,-0.751031497473485,2,2,0.256,720.0,0.6883350163698196,0.9593743057190663,-0.4093743057190663
204,204,categorical_soft,1,1,False,0.0,0.0,0.0,1.0,0.0,2,-1.0,0.2847349876537919,0.0837993822991848,1.1280365347862245,-1.1225914239883423,0.2847349876537919,0.24219636005342435,0.6853540250209538,0.07244961492562177,0.24219636005342435,0.6853540250209538,0.07244961492562177,0.6853540250209538,0.24219636005342435,-0.612904410095332,2,2,0.032,880.0,0.786303885281086,0.9692417092065296,-0.4192417092065296
205,205,categorical_soft,0,0,False,0.0,0.0,1.0,0.0,0.0,1,-1.0,0.1915736623108387,4.213669919967652,0.7022898435592652,-5.3763679504394535,0.1915736623108387,0.9707579934397442,0.029175353546306747,6.665301394915234e-05,0.9707579934397442,0.029175353546306747,6.665301394915234e-05,0.9707579934397442,0.029175353546306747,-0.9706913404257951,1,1,0.256,480.0,0.860015258193016,0.9865435989136945,-0.43654359891369443
206,206,categorical_soft,0,0,True,0.13854824437373459,0.0,0.8614517450332642,0.0,0.13854824006557465,1,-0.7229035049676895,0.10561436600983143,4.5129059791564945,-1.215914261341095,-3.3282256364822387,0.10561436600983143,0.9962627694068494,0.003299169966309789,0.0004380606268407179,0.9962627694068494,0.003299169966309789,0.0004380606268407179,0.9962627694068494,0.003299169966309789,-0.9958247087800087,1,1,0.512,860.0,1.2978549934923649,0.9974974387743648,-0.44749743877436476
207,207,categorical_soft,1,1,True,0.14534355196600074,0.0,0.0,0.854656457901001,0.14534355700016022,2,-0.7093129009008408,0.16532734502106905,-2.3382702827453614,1.9688074231147765,0.28542979061603546,0.16532734502106905,0.01127659259949839,0.8326255232963533,0.15609788410414835,0.01127659259949839,0.8326255232963533,0.15609788410414835,0.8326255232963533,0.01127659259949839,-0.6765276391922049,2,2,0.256,600.0,0.7358072251081467,0.9717991940936319,-0.42179919409363187
208,208,categorical_soft,0,0,False,0.0,0.0,1.0,0.0,0.0,1,-1.0,0.2557270899415016,6.614327383041382,0.8593049347400665,-8.248905563354493,0.2557270899415016,0.9967840097543881,0.0032156347949366254,3.5545067533422717e-07,0.9967840097543881,0.0032156347949366254,3.5545067533422717e-07,0.9967840097543881,0.0032156347949366254,-0.9967836543037127,1,1,0.512,550.0,0.9212616831064224,0.9891350999766536,-0.43913509997665356
209,209,categorical_soft,0,0,True,0.14118864567241024,0.0,0.8588113784790039,0.0,0.14118865132331848,1,-0.7176227271556854,0.1745095167309046,1.248773467540741,-1.8538387417793274,0.1738260418176651,0.1745095167309046,0.7212726292492667,0.03252466328666624,0.24620270746406697,0.7212726292492667,0.03252466328666624,0.24620270746406697,0.7212726292492667,0.03252466328666624,-0.47506992178519974,1,1,0.128,920.0,0.9757032729685307,0.9870385860373436,-0.4370385860373436
210,210,categorical_soft,1,1,True,0.15860824482892266,0.0,0.0,0.8413917422294617,0.15860824286937714,2,-0.6827834993600845,0.03980884738266468,-1.9032389521598816,1.733469045162201,0.259027236700058,0.03980884738266468,0.021018471462060012,0.796422197466582,0.18255933107135788,0.021018471462060012,0.796422197466582,0.18255933107135788,0.796422197466582,0.021018471462060012,-0.6138628663952241,2,2,0.128,1120.0,0.6714484915137291,0.9306480679911552,-0.38064806799115514
211,211,categorical_soft,1,1,False,0.0,0.0,0.0,1.0,0.0,2,-1.0,0.3226033836603165,-0.15096000358462333,3.5390504598617554,-2.8740485668182374,0.3226033836603165,0.024568755455943985,0.9738247683146767,0.0016064762293795409,0.024568755455943985,0.9738247683146767,0.0016064762293795409,0.9738247683146767,0.024568755455943985,-0.9722182920852971,2,2,0.128,630.0,0.9032019004225731,0.9869536354201252,-0.4369536354201251
212,212,categorical_soft,1,1,False,0.0,0.0,0.0,1.0,0.0,2,-1.0,0.3034605011343956,-0.24376520626246928,2.734745812416077,-2.266706120967865,0.3034605011343956,0.04861062608940937,0.9449145806433741,0.006474793267216528,0.04861062608940937,0.9449145806433741,0.006474793267216528,0.9449145806433741,0.04861062608940937,-0.9384397873761575,2,2,0.256,490.0,0.8382568582892418,0.9848693830353438,-0.4348693830353437
213,213,categorical_soft,0,0,True,0.1411430340477458,0.0,0.8588569760322571,0.0,0.1411430388689041,1,-0.717713937163353,0.11703647822141647,1.0045443058013916,-1.2473283171653748,0.05862458795309067,0.11703647822141647,0.6694931235313791,0.07045935647299437,0.26004751999562653,0.6694931235313791,0.07045935647299437,0.26004751999562653,0.6694931235313791,0.07045935647299437,-0.4094456035357526,1,1,0.128,620.0,0.9049015678465366,0.9872138017206691,-0.43721380172066904
214,214,categorical_soft,1,1,True,0.33175343955558406,0.0,0.0,0.6682465672492981,0.3317534327507019,2,-0.3364931344985962,0.1253314722329378,0.42128066420555116,-0.8139870762825012,0.015918950922787188,0.1253314722329378,0.5107644001249938,0.14866276214760468,0.3405728377274016,0.5107644001249938,0.14866276214760468,0.3405728377274016,0.14866276214760468,0.5107644001249938,0.19191007557979692,1,1,0.0,1170.0,0.3128942549228668,0.6845322045734847,-0.1345322045734847
215,215,categorical_soft,0,0,True,0.14168217634812003,0.0,0.8583178520202637,0.0,0.14168217778205872,1,-0.716635674238205,0.15549075603485107,0.022114294953644274,0.10341282244771718,-0.20506160259246825,0.15549075603485107,0.3474329897324097,0.37662214522896165,0.2759448650386287,0.3474329897324097,0.37662214522896165,0.2759448650386287,0.3474329897324097,0.37662214522896165,-0.07148812469378102,2,2,0.0,400.0,0.8201030120253563,0.9851543467679202,-0.4351543467679202
216,216,categorical_soft,1,1,False,0.0,0.0,0.0,1.0,0.0,2,-1.0,0.28249720111489296,-0.8880275905132293,2.2329126596450806,-1.2268244862556457,0.28249720111489296,0.041074349277037805,0.9289252083016771,0.030000442421284947,0.041074349277037805,0.9289252083016771,0.030000442421284947,0.9289252083016771,0.041074349277037805,-0.8989247658803922,2,2,0.032,1070.0,0.9571733213961124,0.9830576817710954,-0.4330576817710954
217,217,categorical_soft,1,1,True,0.14734119037216775,0.0,0.0,0.8526588082313538,0.14734119176864624,2,-0.7053176164627075,0.12723927795886994,-1.6132437586784363,1.3571211576461792,0.25247842669487,0.12723927795886994,0.037194358079851705,0.7222328431966909,0.24057279872345744,0.037194358079851705,0.7222328431966909,0.24057279872345744,0.7222328431966909,0.037194358079851705,-0.48166004447323346,2,2,0.128,510.0,0.6679420471191406,0.9649346902173321,-0.4149346902173321
218,218,categorical_soft,1,1,True,0.14561376889664313,0.0,0.0,0.8543862104415894,0.14561377465724945,2,-0.7087724357843399,0.13077678047120572,-2.6188411712646484,2.2638570785522463,0.41329153776168825,0.13077678047120572,0.006509983369040265,0.8580322299569192,0.13545778667404057,0.006509983369040265,0.8580322299569192,0.13545778667404057,0.8580322299569192,0.006509983369040265,-0.7225744432828787,2,2,0.512,840.0,0.7877875319682062,0.9708542288902703,-0.42085422889027024
219,219,categorical_soft,0,0,False,0.0,0.0,1.0,0.0,0.0,1,-1.0,0.2809647101908922,5.549904012680054,0.6355152010917664,-6.925308895111084,0.2809647101908922,0.9926702243272668,0.00732594716445841,3.828508274788841e-06,0.9926702243272668,0.00732594716445841,3.828508274788841e-06,0.9926702243272668,0.00732594716445841,-0.9926663958189921,1,1,0.256,790.0,0.9336192756891251,0.9863823598187527,-0.4363823598187526
220,220,categorical_soft,1,1,False,0.0,0.0,0.0,1.0,0.0,2,-1.0,0.384859849140048,0.09629002809524537,0.9018856763839722,-1.0162097692489624,0.384859849140048,0.28022816139632856,0.6271788221775774,0.09259301642609416,0.28022816139632856,0.6271788221775774,0.09259301642609416,0.6271788221775774,0.28022816139632856,-0.5345858057514832,2,2,0.032,930.0,0.695711875683628,0.9500247111675635,-0.40002471116756344
221,221,categorical_soft,1,1,True,0.14853097830641065,0.0,0.0,0.8514690399169922,0.148530974984169,2,-0.7029380649328232,0.16637003012001514,-2.2213682889938355,2.015287661552429,0.3146825820207596,0.16637003012001514,0.01207994722392183,0.8344290778025037,0.1534909749735745,0.01207994722392183,0.8344290778025037,0.1534909749735745,0.8344290778025037,0.01207994722392183,-0.6809381028289292,2,2,0.256,600.0,0.6674078479409218,0.9609741496551975,-0.4109741496551974
222,222,categorical_soft,1,1,True,0.1561274774266378,0.0,0.0,0.8438725471496582,0.15612748265266418,2,-0.687745064496994,0.09231501445174217,-1.587687361240387,1.5177632212638854,0.07757422961294651,0.09231501445174217,0.03500748979099211,0.7801478440247733,0.18484466618423454,0.03500748979099211,0.7801478440247733,0.18484466618423454,0.7801478440247733,0.03500748979099211,-0.5953031778405388,2,2,0.128,920.0,0.6455166675150394,0.9376366289807997,-0.38763662898079965
223,223,categorical_soft,1,1,False,0.0,0.0,0.0,1.0,0.0,2,-1.0,0.22992692627012729,-1.064755231142044,3.837012219429016,-2.3676950454711916,0.22992692627012729,0.007365792837840429,0.9905307311160559,0.002103476046103828,0.007365792837840429,0.9905307311160559,0.002103476046103828,0.9905307311160559,0.007365792837840429,-0.9884272550699521,2,2,0.512,1080.0,0.9951790161430836,0.9857344003738269,-0.4357344003738268
224,224,categorical_soft,0,0,False,0.0,0.0,1.0,0.0,0.0,1,-1.0,0.2074846550822258,2.070395863056183,0.27493972778320314,-2.4932581901550295,0.2074846550822258,0.84990042671538,0.14120092076410135,0.008898652520518604,0.84990042671538,0.14120092076410135,0.008898652520518604,0.84990042671538,0.14120092076410135,-0.8410017741948614,1,1,0.0,1140.0,0.4604542929737363,0.8228637386141178,-0.2728637386141177
225,225,categorical_soft,0,0,False,0.0,0.0,1.0,0.0,0.0,1,-1.0,0.180746466293931,3.088260269165039,0.13768772408366203,-3.6807358264923096,0.180746466293931,0.9492195925746747,0.049688982187661615,0.0010914252376637169,0.9492195925746747,0.049688982187661615,0.0010914252376637169,0.9492195925746747,0.049688982187661615,-0.948128167337011,1,1,0.032,740.0,0.7069098949432373,0.9619124420023145,-0.41191244200231447
226,226,categorical_soft,0,0,True,0.1528089201268638,0.0,0.8471910953521729,0.0,0.15280891954898834,1,-0.6943821758031845,0.17045823000371457,0.6436626255512238,-1.0256299138069154,0.04769474193453789,0.17045823000371457,0.5748789568746784,0.10833649559907574,0.31678454752624585,0.5748789568746784,0.10833649559907574,0.31678454752624585,0.5748789568746784,0.10833649559907574,-0.25809440934843253,1,1,0.064,1010.0,0.7045481577515602,0.9474461245798402,-0.3974461245798402
227,227,categorical_soft,1,1,True,0.15360463462581997,0.0,0.0,0.8463953733444214,0.1536046415567398,2,-0.6927907317876816,0.14533267989754678,-2.186424732208252,1.7378106355667113,0.2594899535179138,0.14533267989754678,0.015871438540480256,0.8007272697428924,0.18340129171662733,0.015871438540480256,0.8007272697428924,0.18340129171662733,0.8007272697428924,0.015871438540480256,-0.6173259780262651,2,2,0.512,420.0,0.5501690473174676,0.945042986345464,-0.395042986345464
228,228,categorical_soft,0,0,True,0.14064528422321942,0.0,0.8593547344207764,0.0,0.14064528048038483,1,-0.7187094539403915,0.052604027837514875,1.446094536781311,-1.9416321396827698,0.03479888290166855,0.052604027837514875,0.7824466202521541,0.026576366164252286,0.1909770135835937,0.7824466202521541,0.026576366164252286,0.1909770135835937,0.7824466202521541,0.026576366164252286,-0.5914696066685603,1,1,0.256,730.0,0.9654799997806549,0.9891379291663808,-0.4391379291663807
229,229,categorical_soft,1,1,False,0.0,0.0,0.0,1.0,0.0,2,-1.0,0.30393616259098055,1.4207969665527345,0.6857396841049195,-2.2899290800094603,0.30393616259098055,0.6643537741250494,0.31930345754230294,0.016342768332647806,0.6643537741250494,0.31930345754230294,0.016342768332647806,0.31930345754230294,0.6643537741250494,-0.30296068920965513,1,1,0.064,730.0,0.7088822452351451,0.9627012144069175,-0.4127012144069174
230,230,categorical_soft,0,0,True,0.6246148066422668,0.0,0.37538519501686096,0.0,0.6246148347854614,3,0.24922963976860046,0.1822757175192237,0.08939405493438243,-0.47177411019802096,-0.010026179440319537,0.1822757175192237,0.40389121320708565,0.23049157580238067,0.3656172109905337,0.40389121320708565,0.23049157580238067,0.3656172109905337,0.40389121320708565,0.23049157580238067,-0.03827400221655197,1,1,0.0,1030.0,0.08277012407779694,0.4533259793573495,0.09667402064265057
231,231,categorical_soft,1,1,True,0.1600567102224431,0.0,0.0,0.8399432897567749,0.1600567102432251,2,-0.6798865795135498,0.10567705668509006,-2.3044296979904173,1.933077323436737,0.36461753249168394,0.10567705668509006,0.011817561226157822,0.8175449711143002,0.17063746765954182,0.011817561226157822,0.8175449711143002,0.17063746765954182,0.8175449711143002,0.011817561226157822,-0.6469075034547584,2,2,0.128,970.0,0.6224888265132904,0.9266926392432918,-0.37669263924329177
232,232,categorical_soft,0,0,True,0.6555425499959664,0.0,0.3444574475288391,0.0,0.6555425524711609,3,0.3110851049423218,0.11864253506064415,0.06589578688144684,-0.44136483669281007,-0.04860867820680141,0.11864253506064415,0.40094530754597824,0.24143542950184008,0.35761926295218166,0.40094530754597824,0.24143542950184008,0.35761926295218166,0.40094530754597824,0.24143542950184008,-0.043326044593796575,1,1,0.0,940.0,0.03882630169391632,0.4268644092037139,0.12313559079628617
233,233,categorical_soft,0,0,True,0.13890512674687916,0.0,0.8610948920249939,0.0,0.1389051228761673,1,-0.7221897691488266,-0.01183965541422367,2.343430781364441,-2.1419812083244323,-0.35022135078907013,-0.01183965541422367,0.923926092464068,0.01041616939587098,0.06565773814006094,0.923926092464068,0.01041616939587098,0.06565773814006094,0.923926092464068,0.01041616939587098,-0.858268354324007,1,1,0.256,890.0,1.2117628089617938,0.9960447976541715,-0.4460447976541715
234,234,categorical_soft,1,1,True,0.1669190986530561,0.0,0.0,0.8330808877944946,0.16691909730434418,2,-0.6661617904901505,0.08113367725163698,-2.504108452796936,2.3117470264434816,0.3483797192573547,0.08113367725163698,0.00705939274003532,0.8703579549709497,0.12258265228901485,0.00705939274003532,0.8703579549709497,0.12258265228901485,0.8703579549709497,0.00705939274003532,-0.7477753026819348,2,2,0.256,1150.0,0.618890518322587,0.9090657488465645,-0.3590657488465645
235,235,categorical_soft,0,0,True,0.3584819305486807,0.0,0.6415180563926697,0.0,0.3584819436073303,1,-0.28303611278533936,0.09614882990717888,0.011495964787900447,-0.1397526115179062,-0.09994432255625725,0.09614882990717888,0.363207646380387,0.31225633069665604,0.324536022922957,0.363207646380387,0.31225633069665604,0.324536022922957,0.363207646380387,0.31225633069665604,-0.03867162345742997,1,1,0.0,450.0,0.11441224813461304,0.660932596719877,-0.11093259671987699
236,236,categorical_soft,0,0,False,0.0,0.0,1.0,0.0,0.0,1,-1.0,0.195582415163517,8.840122890472411,0.41249577701091766,-10.775627326965331,0.195582415163517,0.9997784473751684,0.00022154957491451088,3.0499170274571008e-09,0.9997784473751684,0.00022154957491451088,3.0499170274571008e-09,0.9997784473751684,0.00022154957491451088,-0.9997784443252514,1,1,0.512,1180.0,1.1793404817581177,0.9934377917668306,-0.4434377917668305
237,237,categorical_soft,1,1,False,0.0,0.0,0.0,1.0,0.0,2,-1.0,0.2440812373533845,-1.755652618408203,3.6823097705841064,-1.628244411945343,0.2440812373533845,0.0043165064687938634,0.9906447557715813,0.005038737759624918,0.0043165064687938634,0.9906447557715813,0.005038737759624918,0.9906447557715813,0.0043165064687938634,-0.9856060180119564,2,2,0.512,1040.0,0.8575209192931652,0.9735935369836438,-0.42359353698364377
238,238,categorical_soft,1,1,True,0.1653626532142904,0.0,0.0,0.8346373438835144,0.1653626561164856,2,-0.6692746877670288,0.170974812284112,-0.017693337984383106,0.020301701314747334,-0.14655849412083627,0.170974812284112,0.3431624060857277,0.35547176886364273,0.3013658250506296,0.3431624060857277,0.35547176886364273,0.3013658250506296,0.35547176886364273,0.3431624060857277,-0.054105943813013146,2,2,0.064,570.0,0.48624189104884863,0.912913889219907,-0.36291388921990697
239,239,categorical_soft,1,1,False,0.0,0.0,0.0,1.0,0.0,2,-1.0,0.2207330096513033,-1.628068494796753,3.149966311454773,-1.3459617972373963,0.2207330096513033,0.00828546321913808,0.980120729226107,0.01159380755475482,0.00828546321913808,0.980120729226107,0.01159380755475482,0.980120729226107,0.00828546321913808,-0.9685269216713522,2,2,0.256,1150.0,0.9062359754461795,0.9762034818176099,-0.4262034818176098
240,240,categorical_soft,0,0,True,0.13999451437870852,0.0,0.8600054979324341,0.0,0.1399945169687271,1,-0.720010980963707,0.03651726543903351,1.5056355357170106,-2.1095394253730775,0.1679977536201477,0.03651726543903351,0.7754392521719999,0.02089735910182004,0.20366338872618,0.7754392521719999,0.02089735910182004,0.20366338872618,0.7754392521719999,0.02089735910182004,-0.5717758634458199,1,1,0.128,1160.0,1.1259546265937388,0.9916875020500079,-0.44168750205000784
241,241,categorical_soft,0,0,False,0.0,0.0,1.0,0.0,0.0,1,-1.0,0.14950775783509015,5.498659086227417,0.4842288285493851,-6.773193502426148,0.14950775783509015,0.9933485171455114,0.006646771804344356,4.7110501441714734e-06,0.9933485171455114,0.006646771804344356,4.7110501441714734e-06,0.9933485171455114,0.006646771804344356,-0.9933438060953672,1,1,0.256,780.0,0.9812496453523636,0.9893212358900684,-0.43932123589006833
242,242,categorical_soft,1,1,False,0.0,0.0,0.0,1.0,0.0,2,-1.0,0.3086472928524017,0.903700840473175,0.7239878594875335,-1.696696937084198,0.3086472928524017,0.5233563233200993,0.4371280154649658,0.039515661214934834,0.5233563233200993,0.4371280154649658,0.039515661214934834,0.4371280154649658,0.5233563233200993,-0.397612354250031,1,1,0.032,760.0,0.40921776555478573,0.850970846419215,-0.300970846419215
243,243,categorical_soft,1,1,True,0.1521124229431609,0.0,0.0,0.8478875756263733,0.1521124243736267,2,-0.6957751512527466,0.10871482491493226,-2.103774666786194,1.7609671592712401,0.2999713957309723,0.10871482491493226,0.01675352731628965,0.7969817826675666,0.18626469001614374,0.01675352731628965,0.7969817826675666,0.18626469001614374,0.7969817826675666,0.01675352731628965,-0.6107170926514228,2,2,0.128,890.0,0.6839880559127778,0.9495773956125515,-0.39957739561255146
244,244,categorical_soft,1,1,False,0.0,0.0,0.0,1.0,0.0,2,-1.0,0.4534920141100883,0.5177063167095184,1.192589485645294,-1.6143166542053222,0.4534920141100883,0.3245039997669491,0.6367361857209848,0.03875981451206609,0.3245039997669491,0.6367361857209848,0.03875981451206609,0.6367361857209848,0.3245039997669491,-0.5979763712089187,2,2,0.064,460.0,0.5251156184822321,0.9354361738992932,-0.3854361738992932
245,245,categorical_soft,1,1,True,0.15085227026719744,0.0,0.0,0.8491477370262146,0.1508522629737854,2,-0.6982954740524292,0.06583558116108179,-1.9521467447280885,1.9073542475700378,0.2793095201253891,0.06583558116108179,0.01733200785720604,0.8213974129661061,0.1612705791766879,0.01733200785720604,0.8213974129661061,0.1612705791766879,0.8213974129661061,0.01733200785720604,-0.6601268337894182,2,2,0.256,1000.0,0.7283073337748647,0.9535017148259897,-0.4035017148259896
246,246,categorical_soft,0,0,True,0.13834065920886074,0.0,0.8616593480110168,0.0,0.13834065198898315,1,-0.7233186960220337,0.14606583192944528,3.768761491775513,-1.5667711973190308,-2.2239616751670837,0.14606583192944528,0.99241000950681,0.004823364620558278,0.002766625872631475,0.99241000950681,0.004823364620558278,0.002766625872631475,0.99241000950681,0.004823364620558278,-0.9896433836341786,1,1,0.512,670.0,1.3359726145863533,0.9983482697746391,-0.44834826977463904
247,247,categorical_soft,1,1,True,0.15131481865765273,0.0,0.0,0.8486852049827576,0.15131482481956482,2,-0.6973703801631927,0.10047221351414919,-2.355109167098999,2.1407631635665894,0.28265201151371,0.10047221351414919,0.009568616325484058,0.8560845117523777,0.1343468719221384,0.009568616325484058,0.8560845117523777,0.1343468719221384,0.8560845117523777,0.009568616325484058,-0.7217376398302393,2,2,0.512,750.0,0.6604041084647179,0.9520508505006002,-0.4020508505006002
248,248,categorical_soft,0,0,True,0.19104601399816412,0.0,0.8089540004730225,0.0,0.19104601442813873,1,-0.6179079860448837,0.12541682235896587,0.47320408225059507,-0.8943581104278564,0.06630809456110001,0.12541682235896587,0.5207032265436096,0.13264613909345874,0.3466506343629317,0.5207032265436096,0.13264613909345874,0.3466506343629317,0.5207032265436096,0.13264613909345874,-0.17405259218067787,1,1,0.032,630.0,0.3886011242866516,0.8578638396277584,-0.3078638396277583
249,249,categorical_soft,0,0,True,0.14899593500840919,0.0,0.8510040640830994,0.0,0.14899593591690063,1,-0.7020081281661987,0.16903672739863396,0.6083195924758911,-1.1243735432624817,0.09257064089179039,0.16903672739863396,0.5636270385452055,0.09967872561802323,0.3366942358367713,0.5636270385452055,0.09967872561802323,0.3366942358367713,0.5636270385452055,0.09967872561802323,-0.22693280270843413,1,1,0.064,830.0,0.7157257348299026,0.9594510593295946,-0.4094510593295946
250,250,categorical_soft,0,0,False,0.0,0.0,1.0,0.0,0.0,1,-1.0,0.22177276983857155,6.930170726776123,0.4371584564447403,-8.492664241790772,0.22177276983857155,0.9984771873761961,0.001522611241553287,2.0138225066578873e-07,0.9984771873761961,0.001522611241553287,2.0138225066578873e-07,0.9984771873761961,0.001522611241553287,-0.9984769859939454,1,1,0.512,690.0,1.0512995719909668,0.9931826741729747,-0.44318267417297463
251,251,categorical_soft,1,1,True,0.1450358315135591,0.0,0.0,0.8549641966819763,0.14503583312034607,2,-0.7099283635616302,0.12434680759906769,-2.376869034767151,2.0014498591423036,0.41624523103237154,0.12434680759906769,0.010352863687652687,0.8208700000847295,0.16877713622761764,0.010352863687652687,0.8208700000847295,0.16877713622761764,0.8208700000847295,0.010352863687652687,-0.652092863857112,2,2,0.512,460.0,0.7096503600478172,0.9728817790571173,-0.4228817790571172
252,252,categorical_soft,0,0,False,0.0,0.0,1.0,0.0,0.0,1,-1.0,0.32069632187485697,0.3245778888463974,0.8438608348369598,-1.2290780782699584,0.32069632187485697,0.3456545723050572,0.5808076911430309,0.07353773655191191,0.3456545723050572,0.5808076911430309,0.07353773655191191,0.3456545723050572,0.5808076911430309,-0.27211683575314527,2,2,0.0,1090.0,0.056773871183395386,0.4043661573593404,0.14563384264065965
253,253,categorical_soft,0,0,True,0.14177096366115877,0.0,0.8582290410995483,0.0,0.14177095890045166,1,-0.7164580821990967,0.21251504495739937,1.4154850244522095,-0.9614928305149079,-0.3116843670606613,0.21251504495739937,0.7857457435209516,0.07295547505621602,0.14129878142283228,0.7857457435209516,0.07295547505621602,0.14129878142283228,0.7857457435209516,0.07295547505621602,-0.6444469620981194,1,1,0.064,800.0,0.913612388074398,0.9848176074796632,-0.43481760747966314
254,254,categorical_soft,0,0,False,0.0,0.0,1.0,0.0,0.0,1,-1.0,0.19084832556545733,4.3360411643981935,0.40262843370437623,-5.458078527450562,0.19084832556545733,0.9806332493693889,0.019311691377336553,5.5059253274537007e-05,0.9806332493693889,0.019311691377336553,5.5059253274537007e-05,0.9806332493693889,0.019311691377336553,-0.9805781901161144,1,1,0.128,900.0,0.7917141616344452,0.9693153156346825,-0.4193153156346825
255,255,categorical_soft,1,1,True,0.14931775281247062,0.0,0.0,0.850682258605957,0.14931775629520416,2,-0.7013645023107529,0.10240188390016555,-2.3360466241836546,2.4535290956497193,0.22284941673278807,0.10240188390016555,0.007475996242717281,0.8957882727386867,0.09673573101859616,0.007475996242717281,0.8957882727386867,0.09673573101859616,0.8957882727386867,0.007475996242717281,-0.7990525417200905,2,2,0.256,1050.0,0.7642977461218834,0.9584047513164093,-0.4084047513164093
256,256,categorical_soft,0,0,False,0.0,0.0,1.0,0.0,0.0,1,-1.0,0.20971739999949932,2.929665207862854,0.44675091505050657,-3.7099727630615233,0.20971739999949932,0.9212314082241096,0.07754623383437546,0.0012223579415147014,0.9212314082241096,0.07754623383437546,0.0012223579415147014,0.9212314082241096,0.07754623383437546,-0.9200090502825949,1,1,0.064,640.0,0.4652378112077713,0.8967989949471341,-0.34679899494713406
257,257,categorical_soft,1,1,True,0.33470239391383116,0.0,0.0,0.6652976274490356,0.33470240235328674,2,-0.3305952250957489,0.12328554019331932,0.21843302696943284,-0.18509741574525834,-0.1420559909194708,0.12328554019331932,0.42318854612039625,0.28195712810200024,0.2948543257776035,0.42318854612039625,0.28195712810200024,0.2948543257776035,0.28195712810200024,0.42318854612039625,0.012897197675603267,1,1,0.0,730.0,0.20241867005825043,0.6818551039317605,-0.13185510393176048
258,258,categorical_soft,1,1,True,0.14302894809337374,0.0,0.0,0.856971025466919,0.14302894473075867,2,-0.7139420807361603,0.2869898326694965,-2.495334029197693,2.135102462768555,0.4549173802137375,0.2869898326694965,0.008202550645772813,0.833691667090261,0.15810578226396627,0.008202550645772813,0.833691667090261,0.15810578226396627,0.833691667090261,0.008202550645772813,-0.6755858848262948,2,2,0.512,850.0,0.8700185790657997,0.9801177867247022,-0.43011778672470213
259,259,categorical_soft,0,0,True,0.18788168456132315,0.0,0.8121182918548584,0.0,0.1878816783428192,1,-0.6242366135120392,0.11372750252485275,0.03186536692082882,0.37068340331315996,-0.17534569129347802,0.11372750252485275,0.31195465696649877,0.4360054824782124,0.2520398605552888,0.31195465696649877,0.4360054824782124,0.2520398605552888,0.31195465696649877,0.4360054824782124,-0.05991479641120995,2,2,0.032,460.0,0.3570415824651718,0.8638378982141887,-0.3138378982141886
260,260,categorical_soft,0,0,True,0.2796784244066199,0.0,0.7203215956687927,0.0,0.27967843413352966,1,-0.44064316153526306,0.1573679331690073,-0.7222385227680206,0.3937654674053192,-0.05290852636098862,0.1573679331690073,0.16707954015876694,0.5081519870168683,0.3247684728243648,0.16707954015876694,0.5081519870168683,0.3247684728243648,0.16707954015876694,0.5081519870168683,0.15768893266559783,2,2,0.0,830.0,0.28032926470041275,0.7358603937733131,-0.1858603937733131
261,261,categorical_soft,0,0,True,0.3556582784721536,0.0,0.6443417072296143,0.0,0.35565829277038574,1,-0.2886834144592285,0.12001039907336235,0.3392583966255188,-0.26084028035402296,-0.09976830184459687,0.12001039907336235,0.45599553282090755,0.2501587905301181,0.29384567664897443,0.45599553282090755,0.2501587905301181,0.29384567664897443,0.45599553282090755,0.2501587905301181,-0.16214985617193312,1,1,0.0,520.0,0.1337961107492447,0.6633603266740746,-0.11336032667407459
262,262,categorical_soft,0,0,True,0.14775865724515563,0.0,0.8522413372993469,0.0,0.14775866270065308,1,-0.7044826745986938,0.1547531194984913,0.5318833768367768,-0.9320169448852539,0.05104070454835892,0.1547531194984913,0.5405956020060357,0.12508791359727095,0.3343164843966933,0.5405956020060357,0.12508791359727095,0.3343164843966933,0.5405956020060357,0.12508791359727095,-0.20627911760934242,1,1,0.032,730.0,0.713656947016716,0.9635345279378638,-0.4135345279378637
263,263,categorical_soft,1,1,False,0.0,0.0,0.0,1.0,0.0,2,-1.0,0.35120697543025015,-0.26622017920017244,1.2603798866271974,-0.8776878237724304,0.35120697543025015,0.1630089296354847,0.7481628600226574,0.08882821034185788,0.1630089296354847,0.7481628600226574,0.08882821034185788,0.7481628600226574,0.1630089296354847,-0.6593346496807996,2,2,0.064,430.0,0.7616479843854904,0.9796020092335416,-0.4296020092335415
264,264,categorical_soft,1,1,False,0.0,0.0,0.0,1.0,0.0,2,-1.0,0.25736016146838664,0.687503433227539,0.6739215016365051,-1.2624813675880433,0.25736016146838664,0.46968853341491207,0.46338953055555265,0.06692193602953533,0.46968853341491207,0.46338953055555265,0.06692193602953533,0.46338953055555265,0.46968853341491207,-0.3964675945260173,1,1,0.032,640.0,0.5525830592960119,0.9303007074070531,-0.380300707407053
265,265,categorical_soft,1,1,True,0.1591806303985685,0.0,0.0,0.8408193588256836,0.1591806262731552,2,-0.6816387325525284,0.0744427464902401,-0.33256226778030396,0.2185295805335045,-0.021930819377303123,0.0744427464902401,0.2445197499896327,0.42331749482155157,0.3321627551888157,0.2445197499896327,0.42331749482155157,0.3321627551888157,0.42331749482155157,0.2445197499896327,-0.09115473963273585,2,2,0.032,460.0,0.504600090906024,0.9290743796082712,-0.3790743796082712
266,266,categorical_soft,0,0,True,0.18279476550159074,0.0,0.8172052502632141,0.0,0.18279476463794708,1,-0.634410485625267,0.14358715564012528,0.4915147006511688,-0.4307390660047531,-0.1320822924375534,0.14358715564012528,0.5169040252188901,0.2054201599058386,0.2776758148752714,0.5169040252188901,0.2054201599058386,0.2776758148752714,0.5169040252188901,0.2054201599058386,-0.23922821034361874,1,1,0.0,1070.0,0.5245995223522186,0.8738495799116713,-0.3238495799116713
267,267,categorical_soft,0,0,True,0.13986777918535542,0.0,0.8601322174072266,0.0,0.13986778259277344,1,-0.7202644348144531,0.14256829768419266,1.0428979635238647,-1.604443371295929,0.14182945415377618,0.14256829768419266,0.6768503087412812,0.04796565683511065,0.2751840344236082,0.6768503087412812,0.04796565683511065,0.2751840344236082,0.6768503087412812,0.04796565683511065,-0.40166627431767293,1,1,0.256,540.0,0.9865885153412819,0.9921885901687603,-0.4421885901687602
268,268,categorical_soft,0,0,True,0.1533718956249439,0.0,0.8466281294822693,0.0,0.1533719003200531,1,-0.6932562291622162,0.24961629193276166,0.9761423587799072,-0.7783694386482238,-0.10575341787189245,0.24961629193276166,0.6605112931507613,0.11439359311149747,0.22509511373774127,0.6605112931507613,0.11439359311149747,0.22509511373774127,0.6605112931507613,0.11439359311149747,-0.43541617941302,1,1,0.032,1050.0,0.7075030952692032,0.945742435098585,-0.395742435098585
269,269,categorical_soft,1,1,True,0.19538686710282,0.0,0.0,0.8046131134033203,0.1953868716955185,2,-0.6092262417078018,0.13207670748233796,0.20912664607167245,-0.5682930469512939,-0.009925390593707561,0.13207670748233796,0.4419750357742001,0.2031640253821017,0.3548609388436982,0.4419750357742001,0.2031640253821017,0.3548609388436982,0.2031640253821017,0.4419750357742001,0.15169691346159647,1,1,0.0,780.0,0.41250117123126984,0.8499561995424352,-0.29995619954243513
270,270,categorical_soft,1,1,False,0.0,0.0,0.0,1.0,0.0,2,-1.0,0.320878891274333,2.0710613131523132,0.4414111912250519,-2.6959945440292357,0.320878891274333,0.8299079923219711,0.16301799867893643,0.0070740089990924335,0.8299079923219711,0.16301799867893643,0.0070740089990924335,0.16301799867893643,0.8299079923219711,-0.155943989679844,1,1,0.0,480.0,0.10274922102689743,0.6396812171228674,-0.08968121712286736
271,271,categorical_soft,0,0,True,0.1594492223485875,0.0,0.8405507802963257,0.0,0.15944921970367432,1,-0.6811015605926514,0.11538655795156956,0.7913736522197723,-1.275843346118927,0.10166591554880142,0.11538655795156956,0.6141079857455872,0.07773091376110514,0.3081611004933076,0.6141079857455872,0.07773091376110514,0.3081611004933076,0.6141079857455872,0.07773091376110514,-0.30594688525227964,1,1,0.032,690.0,0.5587776601314545,0.9283407491777317,-0.37834074917773164
272,272,categorical_soft,1,1,True,0.15029517023535793,0.0,0.0,0.8497048020362854,0.1502951681613922,2,-0.6994096338748932,0.06137182023376227,-1.201748216152191,0.9929142415523529,0.127605102956295,0.06137182023376227,0.07285815449481413,0.6523013107812531,0.2748405347239328,0.07285815449481413,0.6523013107812531,0.2748405347239328,0.6523013107812531,0.07285815449481413,-0.3774607760573203,2,2,0.032,840.0,0.6972966487519443,0.9552655773150365,-0.40526557731503643
273,273,categorical_soft,1,1,True,0.6648790529686728,0.0,0.0,0.33512094616889954,0.6648790240287781,3,0.32975807785987854,0.0685780592262745,-0.11868872568011284,0.08882324704900384,-0.06580551862716674,0.0685780592262745,0.30447370566877957,0.3748769487910808,0.32064934554013963,0.30447370566877957,0.3748769487910808,0.32064934554013963,0.3748769487910808,0.30447370566877957,-0.05422760325094117,2,2,0.0,1090.0,0.0686732679605484,0.41852326109160093,0.13147673890839912
274,274,categorical_soft,0,0,False,0.0,0.0,1.0,0.0,0.0,1,-1.0,0.1150155421346426,5.321713876724243,0.1373157262802124,-6.332435369491577,0.1150155421346426,0.9943811645839542,0.005610197047687323,8.638368358562725e-06,0.9943811645839542,0.005610197047687323,8.638368358562725e-06,0.9943811645839542,0.005610197047687323,-0.9943725262155957,1,1,0.128,1180.0,0.8269686996936798,0.9640318690614057,-0.41403186906140566
275,275,categorical_soft,1,1,False,0.0,0.0,0.0,1.0,0.0,2,-1.0,0.29308256730437277,-1.4236102104187012,3.177172827720642,-1.4790947556495666,0.29308256730437277,0.009925578389233799,0.9803325302945852,0.009741891316181039,0.009925578389233799,0.9803325302945852,0.009741891316181039,0.9803325302945852,0.009925578389233799,-0.9705906389784041,2,2,0.256,850.0,1.0121175795793533,0.9900091090472307,-0.4400091090472307
276,276,categorical_soft,0,0,False,0.0,0.0,1.0,0.0,0.0,1,-1.0,0.1258935123682022,8.042552852630616,0.2769439175724983,-9.644270610809325,0.1258935123682022,0.9995698989036945,0.0004300802147350516,2.088157028808812e-08,0.9995698989036945,0.0004300802147350516,2.088157028808812e-08,0.9995698989036945,0.0004300802147350516,-0.9995698780221243,1,1,0.512,1150.0,1.1009928733110428,0.9907244605102499,-0.4407244605102498
277,277,categorical_soft,0,0,False,0.0,0.0,1.0,0.0,0.0,1,-1.0,0.21658301763236523,4.00252890586853,0.4788197338581085,-4.925790166854858,0.21658301763236523,0.9711412006918264,0.02872887474674284,0.00012992456143092685,0.9711412006918264,0.02872887474674284,0.00012992456143092685,0.9711412006918264,0.02872887474674284,-0.9710112761303955,1,1,0.128,680.0,0.9255853593349457,0.9875783536318303,-0.4375783536318303
278,278,categorical_soft,1,1,True,0.15633731192870665,0.0,0.0,0.843662679195404,0.15633730590343475,2,-0.6873253732919693,0.10579595565795899,-0.4128629505634308,0.08486790228635073,0.07704172506928444,0.10579595565795899,0.2337033472551505,0.3846539044047805,0.38164274834006895,0.2337033472551505,0.3846539044047805,0.38164274834006895,0.3846539044047805,0.2337033472551505,-0.0030111560647115287,2,2,0.032,850.0,0.6262553837150335,0.9370345759096455,-0.3870345759096454
279,279,categorical_soft,1,1,True,0.5298821104103935,0.0,0.0,0.4701178967952728,0.5298821330070496,3,0.05976423621177673,0.11435828842222691,0.21069062426686286,-0.0788021138869226,-0.2623155862092972,0.11435828842222691,0.42185764184467445,0.3158677027573053,0.2622746553980202,0.42185764184467445,0.3158677027573053,0.2622746553980202,0.3158677027573053,0.42185764184467445,-0.053593047359285106,1,1,0.0,850.0,0.09916174411773682,0.5275465849209846,0.022453415079015437
280,280,categorical_soft,1,1,True,0.1950017066658168,0.0,0.0,0.8049982786178589,0.19500170648097992,2,-0.609996572136879,0.11734630335122347,0.11521588712930679,-0.28096744865179063,-0.06768053621053696,0.11734630335122347,0.3991311955045786,0.26875142156738785,0.33211738292803356,0.3991311955045786,0.26875142156738785,0.33211738292803356,0.26875142156738785,0.3991311955045786,0.0633659613606457,1,1,0.0,650.0,0.3817058764398098,0.8506450788496379,-0.30064507884963787
281,281,categorical_soft,0,0,True,0.24079107969569813,0.0,0.7592089176177979,0.0,0.24079108238220215,1,-0.5184178352355957,0.1876811735332012,0.45765575766563416,-0.43650305569171904,-0.0392418896779418,0.1876811735332012,0.4954963453609304,0.2025212996724194,0.30198235496665016,0.4954963453609304,0.2025212996724194,0.30198235496665016,0.4954963453609304,0.2025212996724194,-0.19351399039428024,1,1,0.032,550.0,0.26255927979946136,0.7815645134853585,-0.23156451348535845
282,282,categorical_soft,0,0,False,0.0,0.0,1.0,0.0,0.0,1,-1.0,0.17371088080108166,5.833288097381592,0.43737987279891966,-7.113752603530884,0.17371088080108166,0.995463778998231,0.004533842742303268,2.3782594656305783e-06,0.995463778998231,0.004533842742303268,2.3782594656305783e-06,0.995463778998231,0.004533842742303268,-0.9954614007387654,1,1,0.512,440.0,0.9626259952783585,0.9922103971270537,-0.4422103971270537
283,283,categorical_soft,0,0,True,0.4337579858360813,0.0,0.5662420392036438,0.0,0.4337579905986786,1,-0.1324840486049652,0.11145688630640507,0.2978478103876114,-0.08563221525400877,-0.25771231949329376,0.11145688630640507,0.4437649387042829,0.3018809548281619,0.25435410646755513,0.4437649387042829,0.3018809548281619,0.25435410646755513,0.4437649387042829,0.3018809548281619,-0.18941083223672778,1,1,0.0,990.0,0.1937071830034256,0.600143305897875,-0.05014330589787497
284,284,categorical_soft,1,1,False,0.0,0.0,0.0,1.0,0.0,2,-1.0,0.4040684372186661,0.04325872883200645,4.194436025619507,-3.3979137659072878,0.4040684372186661,0.015785244500888036,0.9837171006038616,0.0004976548952503479,0.015785244500888036,0.9837171006038616,0.0004976548952503479,0.9837171006038616,0.015785244500888036,-0.9832194457086113,2,2,0.512,1180.0,1.0494448315293994,0.9876492570449825,-0.4376492570449825
285,285,categorical_soft,0,0,True,0.20068470657477516,0.0,0.7993152737617493,0.0,0.20068471133708954,1,-0.5986305624246597,0.19271598309278487,0.49832023978233336,-0.7194962620735168,-0.04833620302379131,0.19271598309278487,0.5333801569538996,0.15783378406028586,0.3087860589858145,0.5333801569538996,0.15783378406028586,0.3087860589858145,0.5333801569538996,0.15783378406028586,-0.2245940979680851,1,1,0.064,740.0,0.38829944282770157,0.8407161680580805,-0.2907161680580804
286,286,categorical_soft,1,1,False,0.0,0.0,0.0,1.0,0.0,2,-1.0,0.1769766580313444,-1.0755212306976318,3.802179217338562,-2.248536002635956,0.1769766580313444,0.007545198859738625,0.9900266790754048,0.002428122064856599,0.007545198859738625,0.9900266790754048,0.002428122064856599,0.9900266790754048,0.007545198859738625,-0.9875985570105481,2,2,0.512,1140.0,0.9693213626742363,0.9826413425144718,-0.4326413425144717
287,287,categorical_soft,1,1,True,0.1485846174179713,0.0,0.0,0.8514153957366943,0.14858461916446686,2,-0.7028307765722275,0.05676598884165287,-2.437190222740173,2.2677751064300535,0.35926651656627656,0.05676598884165287,0.007828924288463986,0.8634193403114064,0.12875173540012944,0.007828924288463986,0.8634193403114064,0.12875173540012944,0.8634193403114064,0.007828924288463986,-0.734667604911277,2,2,0.256,780.0,0.7106173224747181,0.9607977457080538,-0.4107977457080537
288,288,categorical_soft,0,0,False,0.0,0.0,1.0,0.0,0.0,1,-1.0,0.19556055422872304,6.0800660133361815,0.4903636246919632,-7.5892597198486325,0.19556055422872304,0.9962203037504406,0.0037785206488054426,1.175600754066486e-06,0.9962203037504406,0.0037785206488054426,1.175600754066486e-06,0.9962203037504406,0.0037785206488054426,-0.9962191281496865,1,1,0.256,880.0,0.9866893738508224,0.9882830661053026,-0.43828306610530254
289,289,categorical_soft,0,0,False,0.0,0.0,1.0,0.0,0.0,1,-1.0,0.2011926608160138,3.692080569267273,0.24345930069684982,-4.589948940277099,0.2011926608160138,0.96892824079688,0.03082597000642014,0.00024578919669986744,0.96892824079688,0.03082597000642014,0.00024578919669986744,0.96892824079688,0.03082597000642014,-0.9686824516001802,1,1,0.064,920.0,0.7644073963165283,0.9642412099292518,-0.41424120992925173
290,290,categorical_soft,0,0,True,0.1381227231744136,0.0,0.8618772625923157,0.0,0.13812272250652313,1,-0.7237545400857925,0.14424396753311158,3.114884305000305,-0.7347008436918259,-2.1040269494056703,0.14424396753311158,0.9732398816285821,0.02100635726600366,0.005753761105414313,0.9732398816285821,0.02100635726600366,0.005753761105414313,0.9732398816285821,0.02100635726600366,-0.9674861205231677,1,1,0.512,600.0,1.4786475822329521,0.9992462463328757,-0.4492462463328757
291,291,categorical_soft,1,1,True,0.15995708681233395,0.0,0.0,0.8400428891181946,0.15995708107948303,2,-0.6800858080387115,0.09142141751945018,0.32766535580158235,-0.6330022811889648,-0.022927278839051723,0.09142141751945018,0.47900867054433266,0.1836382254856807,0.33735310396998675,0.47900867054433266,0.1836382254856807,0.33735310396998675,0.1836382254856807,0.47900867054433266,0.15371487848430604,1,1,0.0,920.0,0.611028790473938,0.9269618633162482,-0.37696186331624815
292,292,categorical_soft,0,0,False,0.0,0.0,1.0,0.0,0.0,1,-1.0,0.22084701098501683,3.1917463302612306,0.21190887987613677,-3.809462332725525,0.22084701098501683,0.9507982627195343,0.0483319698177547,0.0008697674627110147,0.9507982627195343,0.0483319698177547,0.0008697674627110147,0.9507982627195343,0.0483319698177547,-0.9499284952568232,1,1,0.064,970.0,0.7140514403581619,0.9519763772780255,-0.4019763772780255
293,293,categorical_soft,1,1,True,0.14477298929539312,0.0,0.0,0.855226993560791,0.1447729915380478,2,-0.7104540020227432,0.22390070743858814,-2.5449933290481566,2.3152076244354247,0.39371430575847627,0.22390070743858814,0.006724625644989715,0.8655945323780708,0.12768084197693944,0.006724625644989715,0.8655945323780708,0.12768084197693944,0.8655945323780708,0.006724625644989715,-0.7379136904011314,2,2,0.512,1130.0,0.881339731393382,0.9738120010607991,-0.4238120010607991
294,294,categorical_soft,1,1,False,0.0,0.0,0.0,1.0,0.0,2,-1.0,0.3776934117078781,0.4744440793991089,2.8458677530288696,-2.902120304107666,0.3776934117078781,0.08585433231975617,0.9112145756204078,0.002931092059836003,0.08585433231975617,0.9112145756204078,0.002931092059836003,0.9112145756204078,0.08585433231975617,-0.9082834835605718,2,2,0.128,800.0,0.8723767548799515,0.9814709344251706,-0.4314709344251706
295,295,categorical_soft,1,1,False,0.0,0.0,0.0,1.0,0.0,2,-1.0,0.2210503226146102,-1.5926908731460572,3.644194221496582,-1.7690894246101379,0.2210503226146102,0.005266224998479037,0.9900907464506223,0.004643028550898566,0.005266224998479037,0.9900907464506223,0.004643028550898566,0.9900907464506223,0.005266224998479037,-0.9854477178997237,2,2,0.512,980.0,0.9144380930811167,0.9812820490448256,-0.4312820490448256
296,296,categorical_soft,1,1,True,0.14963844126577752,0.0,0.0,0.8503615856170654,0.14963844418525696,2,-0.7007231414318085,0.10045395512133837,-2.1080538511276243,1.5452765822410583,0.2209411233663559,0.10045395512133837,0.020068437860033754,0.7729159139636104,0.207015648176356,0.020068437860033754,0.7729159139636104,0.207015648176356,0.7729159139636104,0.020068437860033754,-0.5659002657872544,2,2,0.512,510.0,0.6265748795121908,0.9573684414410254,-0.40736844144102535
297,297,categorical_soft,1,1,True,0.1490484519506305,0.0,0.0,0.8509515523910522,0.14904844760894775,2,-0.7019031047821045,0.08323332723230123,-2.8439034938812258,2.467421793937683,0.4742006421089172,0.08323332723230123,0.004324399236745128,0.8758832546793818,0.1197923460838732,0.004324399236745128,0.8758832546793818,0.1197923460838732,0.8758832546793818,0.004324399236745128,-0.7560909085955085,2,2,0.512,1130.0,0.7884399071335793,0.9592798762345498,-0.40927987623454976
298,298,categorical_soft,1,1,False,0.0,0.0,0.0,1.0,0.0,2,-1.0,0.2591936714947224,-0.6732825040817261,3.4560961008071898,-2.4418235778808595,0.2591936714947224,0.015945412022197993,0.9812935016657844,0.002761086312017447,0.015945412022197993,0.9812935016657844,0.002761086312017447,0.9812935016657844,0.015945412022197993,-0.978532415353767,2,2,0.512,490.0,0.915975533425808,0.989622194411161,-0.4396221944111609
299,299,categorical_soft,0,0,False,0.0,0.0,1.0,0.0,0.0,1,-1.0,0.224873723462224,0.7748233139514923,0.6969234466552734,-1.5399075031280518,0.224873723462224,0.4941348114834171,0.4569565324803545,0.04890865603622836,0.4941348114834171,0.4569565324803545,0.04890865603622836,0.4941348114834171,0.4569565324803545,-0.44522615544718874,1,1,0.0,540.0,0.1374301016330719,0.6619619019605973,-0.1119619019605973
300,300,categorical_soft,1,1,False,0.0,0.0,0.0,1.0,0.0,2,-1.0,0.2403929866850376,-1.4557582020759583,3.1604656457901,-1.4245323538780212,0.2403929866850376,0.009699455243972878,0.980018814169032,0.01028173058699515,0.009699455243972878,0.980018814169032,0.01028173058699515,0.980018814169032,0.009699455243972878,-0.9697370835820369,2,2,0.512,650.0,0.9220624417066574,0.9878075660184856,-0.4378075660184856
301,301,categorical_soft,0,0,True,0.3926417585264873,0.0,0.6073582172393799,0.0,0.39264175295829773,1,-0.21471646428108215,0.21012721676379442,-0.24925311505794526,-0.12045273426920175,-0.004789886251091957,0.21012721676379442,0.2928742359115432,0.33334371287417774,0.373782051214279,0.2928742359115432,0.33334371287417774,0.373782051214279,0.2928742359115432,0.33334371287417774,0.08090781530273577,3,3,0.0,780.0,0.17007821798324585,0.6325402226419574,-0.08254022264195737
302,302,categorical_soft,0,0,True,0.17886932257187405,0.0,0.8211306929588318,0.0,0.1788693219423294,1,-0.6422613710165024,0.06268119141459465,0.23839976787567138,-0.43197152614593504,-0.009573931992053985,0.06268119141459465,0.43630088591964916,0.22322801368372341,0.3404711003966274,0.43630088591964916,0.22322801368372341,0.3404711003966274,0.43630088591964916,0.22322801368372341,-0.09582978552302174,1,1,0.064,490.0,0.39768432080745697,0.8819542041042935,-0.33195420410429344
303,303,categorical_soft,1,1,False,0.0,0.0,0.0,1.0,0.0,2,-1.0,0.2721667652949691,1.3804575085639954,0.48241349756717683,-1.9099699258804321,0.2721667652949691,0.6920958313741652,0.28207567445671083,0.025828494169123934,0.6920958313741652,0.28207567445671083,0.025828494169123934,0.28207567445671083,0.6920958313741652,-0.2562471802875869,1,1,0.0,570.0,0.11988545954227448,0.6340609673785624,-0.08406096737856239
304,304,categorical_soft,1,1,True,0.1426841499922351,0.0,0.0,0.8573158383369446,0.14268414676189423,2,-0.7146316915750504,0.16532723642885686,-2.3680500745773316,2.1259653210639953,0.3629274517297745,0.16532723642885686,0.009524633060420196,0.8444972707845254,0.14597809615505433,0.009524633060420196,0.8444972707845254,0.14597809615505433,0.8444972707845254,0.009524633060420196,-0.6985191746294711,2,2,0.256,1040.0,0.9303916841745377,0.9813929123148705,-0.4313929123148704
305,305,categorical_soft,1,1,True,0.15134368036888202,0.0,0.0,0.8486562967300415,0.1513436734676361,2,-0.6973126232624054,0.15756904389709234,-1.9377987504005432,1.5309728860855103,0.2969446271657944,0.15756904389709234,0.02359231350413101,0.7558330252973107,0.22057466119855826,0.02359231350413101,0.7558330252973107,0.22057466119855826,0.7558330252973107,0.02359231350413101,-0.5352583640987524,2,2,0.256,560.0,0.6133843287825584,0.9519607250283878,-0.40196072502838776
306,306,categorical_soft,1,1,True,0.17814919649739103,0.0,0.0,0.8218507766723633,0.17814919352531433,2,-0.643701583147049,0.10021304842084647,-1.912126851081848,1.5787780165672303,0.30588178932666776,0.10021304842084647,0.023258372285032386,0.7627812905123322,0.21396033720263538,0.023258372285032386,0.7627812905123322,0.21396033720263538,0.7627812905123322,0.023258372285032386,-0.5488209533096968,2,2,0.128,830.0,0.48410578817129135,0.8834798048379447,-0.3334798048379447
307,307,categorical_soft,0,0,False,0.0,0.0,1.0,0.0,0.0,1,-1.0,0.20596961956471205,2.8686517000198366,0.34514195919036866,-3.601618766784668,0.20596961956471205,0.924395764661805,0.07416757868189694,0.0014366566562981425,0.924395764661805,0.07416757868189694,0.0014366566562981425,0.924395764661805,0.07416757868189694,-0.9229591080055068,1,1,0.128,430.0,0.6822309195995331,0.9701567791206914,-0.4201567791206914
308,308,categorical_soft,0,0,True,0.19729139267598805,0.0,0.802708625793457,0.0,0.19729138910770416,1,-0.6054172366857529,0.09493008404970169,0.397707587480545,-0.07814819738268852,-0.1988353341817856,0.09493008404970169,0.46052698962357824,0.2856190229107421,0.25385398746567966,0.46052698962357824,0.2856190229107421,0.25385398746567966,0.46052698962357824,0.2856190229107421,-0.20667300215789858,1,1,0.032,520.0,0.3433762788772583,0.8465847675222417,-0.2965847675222416
309,309,categorical_soft,1,1,False,0.0,0.0,0.0,1.0,0.0,2,-1.0,0.20979536566883325,2.714891958236694,0.2918509319424629,-3.2825645923614504,0.20979536566883325,0.916292776957189,0.08140422961924206,0.0023029934235688585,0.916292776957189,0.08140422961924206,0.0023029934235688585,0.08140422961924206,0.916292776957189,-0.07910123619567319,1,1,0.0,1000.0,0.5186137944401708,0.8797866948377613,-0.32978669483776124
310,310,categorical_soft,1,1,False,0.0,0.0,0.0,1.0,0.0,2,-1.0,0.37403574436903,0.5738658666610718,0.6335574209690094,-1.3682206749916077,0.37403574436903,0.45344020930676193,0.4813562126468101,0.0652035780464279,0.45344020930676193,0.4813562126468101,0.0652035780464279,0.4813562126468101,0.45344020930676193,-0.4161526346003822,2,2,0.032,970.0,0.39643021300435066,0.8063145232842015,-0.25631452328420146
311,311,categorical_soft,1,1,True,0.15569712710598393,0.0,0.0,0.8443028926849365,0.15569712221622467,2,-0.6886057704687119,0.12871189154684542,-2.0501634001731874,1.5849204421043397,0.31792210042476654,0.12871189154684542,0.02017065194546743,0.7642236011025034,0.21560574695202922,0.02017065194546743,0.7642236011025034,0.21560574695202922,0.7642236011025034,0.02017065194546743,-0.5486178541504743,2,2,0.256,650.0,0.5836306642740965,0.9388779207407766,-0.38887792074077654
312,312,categorical_soft,1,1,False,0.0,0.0,0.0,1.0,0.0,2,-1.0,0.2858200054615736,-1.5682917952537536,2.690675067901611,-1.047943538427353,0.2858200054615736,0.01363247923146397,0.9625235534181543,0.023843967350381717,0.01363247923146397,0.9625235534181543,0.023843967350381717,0.9625235534181543,0.01363247923146397,-0.9386795860677726,2,2,0.512,610.0,0.9209451451897621,0.9883116426258042,-0.43831164262580413
313,313,categorical_soft,0,0,False,0.0,0.0,1.0,0.0,0.0,1,-1.0,0.2470237948000431,6.645182037353516,0.45975314974784853,-8.290904426574707,0.2470237948000431,0.9979230830646731,0.002076590133801085,3.268015257063486e-07,0.9979230830646731,0.002076590133801085,3.268015257063486e-07,0.9979230830646731,0.002076590133801085,-0.9979227562631474,1,1,0.512,640.0,1.0328418463468552,0.9929736339388011,-0.44297363393880107
314,314,categorical_soft,0,0,False,0.0,0.0,1.0,0.0,0.0,1,-1.0,0.1611137233674526,1.6820188879966735,0.3146206706762314,-1.9041471481323242,0.1611137233674526,0.7795231407490092,0.19874999538488974,0.021726863866100933,0.7795231407490092,0.19874999538488974,0.021726863866100933,0.7795231407490092,0.19874999538488974,-0.7577962768829083,1,1,0.064,740.0,0.653642937541008,0.9510753730288615,-0.4010753730288614
315,315,categorical_soft,1,1,True,0.18445459278003695,0.0,0.0,0.815545380115509,0.18445459008216858,2,-0.6310907900333405,0.17365108877420427,0.48387486338615415,-0.11416545454412699,-0.2591238170862198,0.17365108877420427,0.4933775758068154,0.2709485605110816,0.23567386368210302,0.4933775758068154,0.2709485605110816,0.23567386368210302,0.2709485605110816,0.4933775758068154,-0.0352746968289786,1,1,0.064,410.0,0.3565915375947952,0.8705246549234951,-0.320524654923495
316,316,categorical_soft,1,1,True,0.14385024512179656,0.0,0.0,0.8561497330665588,0.14385025203227997,2,-0.7122994810342789,0.1056230602785945,-2.319254517555237,1.9745606780052185,0.2594650238752365,0.1056230602785945,0.011522696804075035,0.8363303000046646,0.15214700319126034,0.011522696804075035,0.8363303000046646,0.15214700319126034,0.8363303000046646,0.011522696804075035,-0.6841832968134043,2,2,0.512,450.0,0.7426585806533694,0.9771188704324757,-0.42711887043247565
317,317,categorical_soft,1,1,True,0.2529653022322077,0.0,0.0,0.7470346689224243,0.2529653012752533,2,-0.494069367647171,0.13434473909437655,1.0250169217586518,-1.4252218723297119,0.16949155330657958,0.13434473909437655,0.6614792172343806,0.05716787086801643,0.2813529118976029,0.6614792172343806,0.05716787086801643,0.2813529118976029,0.05716787086801643,0.6614792172343806,0.22418504102958647,1,1,0.0,840.0,0.31598392128944397,0.7663283213325881,-0.21632832133258806
318,318,categorical_soft,1,1,False,0.0,0.0,0.0,1.0,0.0,2,-1.0,0.3085490420460701,-1.1270156741142272,2.0643110632896424,-0.8606465697288513,0.3085490420460701,0.037555286489136794,0.9119592363707365,0.05048547714012663,0.037555286489136794,0.9119592363707365,0.05048547714012663,0.9119592363707365,0.037555286489136794,-0.8614737592306099,2,2,0.032,690.0,0.6099110618233681,0.9433591631568852,-0.3933591631568851
319,319,categorical_soft,0,0,False,0.0,0.0,1.0,0.0,0.0,1,-1.0,0.18234072290360928,4.359442472457886,0.3238879472017288,-5.441054153442383,0.18234072290360928,0.9825085888540563,0.0174367267464395,5.4684399504114395e-05,0.9825085888540563,0.0174367267464395,5.4684399504114395e-05,0.9825085888540563,0.0174367267464395,-0.9824539044545523,1,1,0.256,420.0,0.8809878528118134,0.9886837339785269,-0.4386837339785269
320,320,categorical_soft,1,1,False,0.0,0.0,0.0,1.0,0.0,2,-1.0,0.2649807523936033,1.8847652077674866,0.3622333616018295,-2.413792872428894,0.2649807523936033,0.8106243694525089,0.1782144996325615,0.011161130914929637,0.8106243694525089,0.1782144996325615,0.011161130914929637,0.1782144996325615,0.8106243694525089,-0.16705336871763188,1,1,0.0,700.0,0.10261709988117218,0.5764236634331203,-0.026423663433120304
321,321,categorical_soft,0,0,True,0.1402273227231401,0.0,0.8597726821899414,0.0,0.1402273178100586,1,-0.7195453643798828,0.1744528219103813,3.3254478693008425,-0.7677080035209656,-2.3458394050598144,0.1744528219103813,0.9799724023213401,0.016531281403738336,0.003496316274921645,0.9799724023213401,0.016531281403738336,0.003496316274921645,0.9799724023213401,0.016531281403738336,-0.9764760860464184,1,1,0.128,1000.0,1.0652206018567085,0.9907709267812306,-0.44077092678123053
322,322,categorical_soft,1,1,True,0.2867941577344816,0.0,0.0,0.7132058143615723,0.28679415583610535,2,-0.4264116585254669,0.1350546345114708,-0.049154249299317596,-0.1268256738781929,-0.07697486206889152,0.1350546345114708,0.3456412086171997,0.31937786607661,0.3349809253061903,0.3456412086171997,0.31937786607661,0.3349809253061903,0.31937786607661,0.3456412086171997,0.015603059229580274,1,1,0.0,1030.0,0.3215598538517952,0.7283040136993101,-0.17830401369931004
323,323,categorical_soft,0,0,False,0.0,0.0,1.0,0.0,0.0,1,-1.0,0.16121659353375434,7.13853178024292,0.43158125281333926,-8.846168708801269,0.16121659353375434,0.9987686770328115,0.0012312085388696877,1.1442831879337264e-07,0.9987686770328115,0.0012312085388696877,1.1442831879337264e-07,0.9987686770328115,0.0012312085388696877,-0.9987685626044926,1,1,0.512,830.0,1.0152685642242432,0.9903932264934603,-0.44039322649346024
324,324,categorical_soft,1,1,True,0.406473696242102,0.0,0.0,0.593526303768158,0.40647369623184204,2,-0.18705260753631592,0.12903125397861004,0.02208636123687029,-0.23799312114715576,0.01788644939661026,0.12903125397861004,0.3614788375624707,0.27887213783820836,0.359649024599321,0.3614788375624707,0.27887213783820836,0.359649024599321,0.27887213783820836,0.3614788375624707,0.08077688676111267,1,1,0.032,910.0,0.19233771413564682,0.6214666338918414,-0.07146663389184138
325,325,categorical_soft,1,1,False,0.0,0.0,0.0,1.0,0.0,2,-1.0,0.31841611247509716,-0.7532775461673736,1.2369338512420653,-0.3500478267669678,0.31841611247509716,0.10169398594555867,0.743913062795672,0.15439295125876937,0.10169398594555867,0.743913062795672,0.15439295125876937,0.743913062795672,0.10169398594555867,-0.5895201115369026,2,2,0.032,580.0,0.3728146329522133,0.8557427906917575,-0.30574279069175747
326,326,categorical_soft,1,1,False,0.0,0.0,0.0,1.0,0.0,2,-1.0,0.29834821447730064,-1.0451859414577485,3.4004494667053224,-2.012023389339447,0.29834821447730064,0.011549003193690639,0.983819427018141,0.004631569788168367,0.011549003193690639,0.983819427018141,0.004631569788168367,0.983819427018141,0.011549003193690639,-0.9791878572299726,2,2,0.256,1060.0,0.8593176230788231,0.9731977628428837,-0.4231977628428837
327,327,categorical_soft,1,1,False,0.0,0.0,0.0,1.0,0.0,2,-1.0,0.25409429147839546,-0.5966494590044021,2.998795676231384,-2.0919021725654603,0.25409429147839546,0.026575572999044356,0.967300949254861,0.00612347774609457,0.026575572999044356,0.967300949254861,0.00612347774609457,0.967300949254861,0.026575572999044356,-0.9611774715087664,2,2,0.064,1040.0,0.6845659837126732,0.9403402151492702,-0.3903402151492702
328,328,categorical_soft,1,1,True,0.1610820202706162,0.0,0.0,0.8389179706573486,0.16108201444149017,2,-0.6778359562158585,0.06754476055502892,-0.06455746870487929,0.5231618791818619,-0.14909664615988732,0.06754476055502892,0.2691600328400127,0.4836089277469074,0.2472310394130799,0.2691600328400127,0.4836089277469074,0.2472310394130799,0.4836089277469074,0.2691600328400127,-0.2363778883338275,2,2,0.032,1080.0,0.6413864023052156,0.9239454056477846,-0.37394540564778456
329,329,categorical_soft,1,1,False,0.0,0.0,0.0,1.0,0.0,2,-1.0,0.3569450706243515,0.42120735049247743,0.7784233510494232,-1.3662610292434691,0.3569450706243515,0.3853358390776685,0.5498884287614256,0.06477573216090582,0.3853358390776685,0.5498884287614256,0.06477573216090582,0.5498884287614256,0.3853358390776685,-0.4851126966005198,2,2,0.032,710.0,0.5105309039354324,0.9089025872845348,-0.3589025872845347
330,330,categorical_soft,0,0,True,0.13915241017614322,0.0,0.8608475923538208,0.0,0.1391524076461792,1,-0.7216951847076416,0.15154306031763554,2.4144346714019775,-1.2940178751945495,-1.1555480897426604,0.15154306031763554,0.9481651054372543,0.023365043824066952,0.028469850738678675,0.9481651054372543,0.023365043824066952,0.028469850738678675,0.9481651054372543,0.023365043824066952,-0.9196952546985756,1,1,0.256,630.0,1.1019249856472015,0.9950456617702963,-0.44504566177029625
331,331,categorical_soft,0,0,False,0.0,0.0,1.0,0.0,0.0,1,-1.0,0.32313616629689934,2.844804286956787,0.5377504140138626,-3.58319776058197,0.32313616629689934,0.9080099704190218,0.09051198948800021,0.0014780400929778393,0.9080099704190218,0.09051198948800021,0.0014780400929778393,0.9080099704190218,0.09051198948800021,-0.906531930326044,1,1,0.0,830.0,0.20126265287399292,0.6538655747685236,-0.10386557476852354
332,332,categorical_soft,0,0,True,0.2209024574979664,0.0,0.7790975570678711,0.0,0.2209024578332901,1,-0.558195099234581,0.08299514073878526,1.3476360201835633,-0.36475864946842196,-0.7066904664039612,0.08299514073878526,0.7631270267257888,0.13845566181606223,0.09841731145814901,0.7631270267257888,0.13845566181606223,0.09841731145814901,0.7631270267257888,0.13845566181606223,-0.6647097152676398,1,1,0.064,730.0,0.34088726341724396,0.8088671033863649,-0.25886710338636487
333,333,categorical_soft,1,1,False,0.0,0.0,0.0,1.0,0.0,2,-1.0,0.33400298971682785,1.3418559074401855,0.808311539888382,-2.1920169591903687,0.33400298971682785,0.6182335065532899,0.36338422304716744,0.018382270399542513,0.6182335065532899,0.36338422304716744,0.018382270399542513,0.36338422304716744,0.6182335065532899,-0.34500195264762495,1,1,0.0,1080.0,0.817897766828537,0.9665757296194332,-0.4165757296194331
334,334,categorical_soft,0,0,True,0.45591100746087365,0.0,0.5440890192985535,0.0,0.4559110105037689,1,-0.08817800879478455,0.1823111142963171,-0.45380396246910093,0.2620816182345152,0.006172088906168938,0.1823111142963171,0.21626760093584602,0.44203757808622457,0.34169482097792947,0.21626760093584602,0.44203757808622457,0.34169482097792947,0.21626760093584602,0.44203757808622457,0.12542722004208345,2,2,0.032,500.0,0.05920746922492981,0.5832016383152792,-0.033201638315279114
335,335,categorical_soft,1,1,True,0.29072301708682174,0.0,0.0,0.7092769742012024,0.2907230257987976,2,-0.4185539484024048,0.10636498965322971,0.5080253541469574,-0.538257610797882,-0.12856503054499627,0.10636498965322971,0.5315155120710898,0.1864156021501972,0.28206888577871303,0.5315155120710898,0.1864156021501972,0.28206888577871303,0.1864156021501972,0.5315155120710898,0.09565328362851583,1,1,0.0,1190.0,0.3566339612007141,0.7242176165579642,-0.1742176165579642
336,336,categorical_soft,1,1,True,0.4317453803135542,0.0,0.0,0.5682545900344849,0.43174538016319275,2,-0.13650920987129211,0.10998128727078438,0.0566340696066618,-0.0664542442187667,-0.09858844615519047,0.10998128727078438,0.3648651624105044,0.3226072737354956,0.312527563854,0.3648651624105044,0.3226072737354956,0.312527563854,0.3226072737354956,0.3648651624105044,-0.010079709881495591,1,1,0.0,650.0,0.11160320788621902,0.6016966688828335,-0.05169666888283342
337,337,categorical_soft,0,0,False,0.0,0.0,1.0,0.0,0.0,1,-1.0,0.14222643636167048,6.614062690734864,0.18065836578607558,-8.062772369384765,0.14222643636167048,0.9983896666838425,0.0016099111915359094,4.221246216797432e-07,0.9983896666838425,0.0016099111915359094,4.221246216797432e-07,0.9983896666838425,0.0016099111915359094,-0.9983892445592208,1,1,0.256,1190.0,0.9339479058980942,0.9781629898726585,-0.42816298987265844
338,338,categorical_soft,1,1,False,0.0,0.0,0.0,1.0,0.0,2,-1.0,0.2487907551229,-1.4210087537765503,3.13097722530365,-1.501927876472473,0.2487907551229,0.010350332866474531,0.9795681484701027,0.010081518663422776,0.010350332866474531,0.9795681484701027,0.010081518663422776,0.9795681484701027,0.010350332866474531,-0.9694866298066799,2,2,0.128,940.0,0.7707909550517797,0.964490488674304,-0.41449048867430394
339,339,categorical_soft,1,1,True,0.1604912039489657,0.0,0.0,0.8395087718963623,0.1604911983013153,2,-0.679017573595047,0.14528323486447334,-2.010553848743439,1.5646481156349181,0.2777457505464554,0.14528323486447334,0.021489851381131804,0.7661322924617832,0.212377856157085,0.021489851381131804,0.7661322924617832,0.212377856157085,0.7661322924617832,0.021489851381131804,-0.5537544363046982,2,2,0.128,700.0,0.5527637246996164,0.9255232317218494,-0.3755232317218493
340,340,categorical_soft,0,0,False,0.0,0.0,1.0,0.0,0.0,1,-1.0,0.13002729900181292,4.269191408157349,0.2360302612185478,-5.074667453765869,0.13002729900181292,0.9824830173502281,0.017430573590137326,8.640905963431885e-05,0.9824830173502281,0.017430573590137326,8.640905963431885e-05,0.9824830173502281,0.017430573590137326,-0.9823966082905938,1,1,0.064,1130.0,0.7965922951698303,0.9608160830938423,-0.4108160830938422
341,341,categorical_soft,1,1,True,0.6383385305031333,0.0,0.0,0.36166146397590637,0.6383385062217712,3,0.27667704224586487,0.11505590938031673,-0.4670260488986969,0.11229807427152991,-0.009173820167779923,0.11505590938031673,0.2291139708215176,0.40896246965741234,0.36192355952107,0.2291139708215176,0.40896246965741234,0.36192355952107,0.40896246965741234,0.2291139708215176,-0.047038910136342316,2,2,0.0,830.0,0.024197444319725037,0.44178459489913063,0.10821540510086941
342,342,categorical_soft,0,0,True,0.3484725113930036,0.0,0.651527464389801,0.0,0.3484725058078766,1,-0.30305495858192444,0.0819287184625864,-0.5489098906517029,0.3679443523287773,0.0016746072098612786,0.0819287184625864,0.19137787698381897,0.4777590716355592,0.33086305138062194,0.19137787698381897,0.4777590716355592,0.33086305138062194,0.19137787698381897,0.4777590716355592,0.13948517439680297,2,2,0.0,930.0,0.2401103377342224,0.6696039189278831,-0.11960391892788302
343,343,categorical_soft,0,0,True,0.1408680466465338,0.0,0.859131932258606,0.0,0.14086805284023285,1,-0.7182638794183731,0.12254681698977947,2.957003426551819,-0.6684399783611298,-2.0709753751754763,0.12254681698977947,0.9673436536155682,0.02615763963899806,0.006498706745433673,0.9673436536155682,0.02615763963899806,0.006498706745433673,0.9673436536155682,0.02615763963899806,-0.9608449468701346,1,1,0.128,930.0,0.998799242079258,0.9882740667620786,-0.4382740667620786
344,344,categorical_soft,1,1,False,0.0,0.0,0.0,1.0,0.0,2,-1.0,0.29164213985204696,-0.5142107367515564,3.545704221725464,-2.6855343103408815,0.29164213985204696,0.017153507036746216,0.9808864913606674,0.0019600016025861757,0.017153507036746216,0.9808864913606674,0.0019600016025861757,0.9808864913606674,0.017153507036746216,-0.9789264897580813,2,2,0.128,1190.0,0.9841103702783585,0.9828513713934699,-0.43285137139346985
345,345,categorical_soft,0,0,False,0.0,0.0,1.0,0.0,0.0,1,-1.0,0.15183534547686578,3.3214027166366575,-0.049241661094129086,-3.910143828392029,0.15183534547686578,0.966072915913671,0.03322471481627397,0.000702369270055211,0.966072915913671,0.03322471481627397,0.000702369270055211,0.966072915913671,0.03322471481627397,-0.9653705466436158,1,1,0.064,690.0,0.6364440619945526,0.9499356388377335,-0.3999356388377334
346,346,categorical_soft,0,0,False,0.0,0.0,1.0,0.0,0.0,1,-1.0,0.32773948200047015,1.624771821498871,0.4775527030229568,-2.2759407997131347,0.32773948200047015,0.7468985887732631,0.2378452915500132,0.015256119676723582,0.7468985887732631,0.2378452915500132,0.015256119676723582,0.7468985887732631,0.2378452915500132,-0.7316424690965395,1,1,0.032,640.0,0.6729329973459244,0.9601760593339327,-0.41017605933393264
347,347,categorical_soft,1,1,False,0.0,0.0,0.0,1.0,0.0,2,-1.0,0.21868864223361015,-2.067897713184357,3.5715914011001586,-1.0500398755073548,0.21868864223361015,0.0035110078777027343,0.9862102905983301,0.010278701523967093,0.0035110078777027343,0.9862102905983301,0.010278701523967093,0.9862102905983301,0.0035110078777027343,-0.975931589074363,2,2,0.512,850.0,0.9372682347893715,0.9856319148970634,-0.4356319148970633
348,348,categorical_soft,0,0,False,0.0,0.0,1.0,0.0,0.0,1,-1.0,0.18286712355911733,3.7243943214416504,0.3188486784696579,-4.766163778305054,0.18286712355911733,0.9676445969574983,0.032155998072632044,0.00019940496986958645,0.9676445969574983,0.032155998072632044,0.00019940496986958645,0.9676445969574983,0.032155998072632044,-0.9674451919876287,1,1,0.064,750.0,0.7316131889820099,0.965721529342436,-0.415721529342436
349,349,categorical_soft,1,1,False,0.0,0.0,0.0,1.0,0.0,2,-1.0,0.211783766746521,-1.5605247735977172,3.3698922395706177,-1.42999370098114,0.211783766746521,0.007126588966441999,0.9845968950509583,0.008276515982599804,0.007126588966441999,0.9845968950509583,0.008276515982599804,0.9845968950509583,0.007126588966441999,-0.9763203790683584,2,2,0.256,1070.0,1.012370828539133,0.9870300100435582,-0.4370300100435581
350,350,categorical_soft,1,1,True,0.14918507993551788,0.0,0.0,0.850814938545227,0.14918507635593414,2,-0.7016298621892929,0.08203624114394188,-1.3866921305656432,1.4381019711494445,0.2320913404226303,0.08203624114394188,0.043938268736903506,0.7346178131213488,0.22144391814174763,0.043938268736903506,0.7346178131213488,0.22144391814174763,0.7346178131213488,0.043938268736903506,-0.5131738949796012,2,2,0.064,650.0,0.6683630901388824,0.9588353278858958,-0.4088353278858957
351,351,categorical_soft,0,0,False,0.0,0.0,1.0,0.0,0.0,1,-1.0,0.1928177960216999,9.163636016845704,0.35476451367139816,-11.099754810333252,0.1928177960216999,0.9998456432078188,0.0001543551899795759,1.602201737719499e-09,0.9998456432078188,0.0001543551899795759,1.602201737719499e-09,0.9998456432078188,0.0001543551899795759,-0.9998456416056171,1,1,0.512,1120.0,1.1905434653162956,0.994218091239636,-0.44421809123963596
352,352,categorical_soft,1,1,False,0.0,0.0,0.0,1.0,0.0,2,-1.0,0.25378516018390657,-1.164262592792511,2.9391754150390623,-1.6085397720336914,0.25378516018390657,0.01610407148681651,0.9728906598520555,0.011005268661128113,0.01610407148681651,0.9728906598520555,0.011005268661128113,0.9728906598520555,0.01610407148681651,-0.9618853911909273,2,2,0.256,400.0,0.7987911775708199,0.9835424597184669,-0.43354245971846683
353,353,categorical_soft,0,0,True,0.4211503580432464,0.0,0.5788496136665344,0.0,0.4211503565311432,1,-0.15769925713539124,0.1645945582538843,-0.854835569858551,0.3231645435094833,0.039256637543439867,0.1645945582538843,0.14983785336683333,0.48523323760720255,0.36492890902596414,0.14983785336683333,0.48523323760720255,0.36492890902596414,0.14983785336683333,0.48523323760720255,0.2150910556591308,2,2,0.0,610.0,0.1087988018989563,0.6099215844506183,-0.05992158445061824
354,354,categorical_soft,1,1,True,0.1510709433256638,0.0,0.0,0.8489290475845337,0.15107093751430511,2,-0.6978581100702286,0.13813915625214576,0.8506468892097473,-1.1778112173080444,0.04651238843798637,0.13813915625214576,0.6332538002222308,0.0833196196448324,0.28342658013293687,0.6332538002222308,0.0833196196448324,0.28342658013293687,0.0833196196448324,0.6332538002222308,0.20010696048810447,1,1,0.0,970.0,0.7178128808736801,0.9528142824883851,-0.402814282488385
355,355,categorical_soft,1,1,True,0.1748082876324218,0.0,0.0,0.8251917362213135,0.1748082935810089,2,-0.6503834426403046,0.19683846328407525,0.3029654860496521,-0.49642160832881926,0.0065394829958677295,0.19683846328407525,0.4559500297981698,0.20502828778010668,0.3390216824217236,0.4559500297981698,0.20502828778010668,0.3390216824217236,0.20502828778010668,0.4559500297981698,0.13399339464161691,1,1,0.0,900.0,0.5160111337900162,0.8907261062024602,-0.34072610620246013
356,356,categorical_soft,1,1,True,0.1575029186359953,0.0,0.0,0.8424971103668213,0.1575029194355011,2,-0.6849941909313202,0.23890119511634111,0.7353790104389191,0.5102448791265488,-0.6803933680057526,0.23890119511634111,0.4893778745222984,0.39049848227858935,0.12012364319911231,0.4893778745222984,0.39049848227858935,0.12012364319911231,0.39049848227858935,0.4893778745222984,-0.270374839079477,1,1,0.032,880.0,0.6224783137440681,0.9337274851666373,-0.38372748516663724
357,357,categorical_soft,0,0,True,0.16152437249962082,0.0,0.8384756445884705,0.0,0.16152437031269073,1,-0.6769512742757797,0.14261569567024707,0.5097965359687805,-0.9040911138057709,0.05572436898946762,0.14261569567024707,0.5323907214344452,0.12950878866646204,0.33810048989909264,0.5323907214344452,0.12950878866646204,0.33810048989909264,0.5323907214344452,0.12950878866646204,-0.19429023153535258,1,1,0.064,680.0,0.5398712754249573,0.9227732052409395,-0.3727732052409395
358,358,categorical_soft,1,1,True,0.1639196719211149,0.0,0.0,0.8360803127288818,0.16391967236995697,2,-0.6721606403589249,0.11390328109264374,-0.2483648657798767,0.0474976385012269,-0.09149631150066853,0.11390328109264374,0.2848300539944456,0.3827871284480088,0.3323828175575456,0.2848300539944456,0.3827871284480088,0.3323828175575456,0.3827871284480088,0.2848300539944456,-0.050404310890463155,2,2,0.0,490.0,0.4761205166578293,0.9165568128082685,-0.36655681280826846
359,359,categorical_soft,1,1,True,0.15313656571740325,0.0,0.0,0.8468634486198425,0.15313656628131866,2,-0.6937268823385239,0.12227631881833076,-1.891975498199463,1.5715510487556457,0.2580899029970169,0.12227631881833076,0.024327832233578935,0.7689009130662756,0.20677125470014537,0.024327832233578935,0.7689009130662756,0.20677125470014537,0.7689009130662756,0.024327832233578935,-0.5621296583661303,2,2,0.256,620.0,0.6048325188457966,0.9464525557523773,-0.39645255575237726
360,360,categorical_soft,1,1,True,0.19101452359725563,0.0,0.0,0.8089854717254639,0.19101452827453613,2,-0.6179709434509277,0.12594232112169265,-0.7702110588550568,0.43211479783058165,0.015782192721962927,0.12594232112169265,0.15359797432878433,0.5101486637529081,0.33625336191830746,0.15359797432878433,0.5101486637529081,0.33625336191830746,0.5101486637529081,0.15359797432878433,-0.17389530183460067,2,2,0.032,450.0,0.34453414287418127,0.8579223921921969,-0.30792239219219686
361,361,categorical_soft,1,1,False,0.0,0.0,0.0,1.0,0.0,2,-1.0,0.37697409391403197,0.4162896454334259,2.9595319032669067,-3.0373898267745973,0.37697409391403197,0.0741643012306973,0.9235345506780785,0.002301148091224129,0.0741643012306973,0.9235345506780785,0.002301148091224129,0.9235345506780785,0.0741643012306973,-0.9212334025868544,2,2,0.128,710.0,0.8633746355772018,0.9826042518450617,-0.4326042518450617
362,362,categorical_soft,0,0,True,0.14734526445152907,0.0,0.852654755115509,0.0,0.14734525978565216,1,-0.7053094953298569,0.14714206680655478,1.018570339679718,-1.0052356481552125,-0.1293397482484579,0.14714206680655478,0.6883503615027725,0.09091855713944119,0.22073108135778616,0.6883503615027725,0.09091855713944119,0.22073108135778616,0.6883503615027725,0.09091855713944119,-0.4676192801449863,1,1,0.064,960.0,0.7782713621854782,0.9649209701609414,-0.4149209701609413
363,363,categorical_soft,1,1,True,0.2824668882215106,0.0,0.0,0.7175331115722656,0.2824668884277344,2,-0.43506622314453125,0.0628519793972373,-0.5692921876907349,0.22861859053373337,-0.002415638603270054,0.0628519793972373,0.20066744431708122,0.4456183228465288,0.3537142328363899,0.20066744431708122,0.4456183228465288,0.3537142328363899,0.4456183228465288,0.20066744431708122,-0.09190409001013888,2,2,0.064,1130.0,0.35082195699214935,0.7328745950828798,-0.18287459508287973
364,364,categorical_soft,0,0,False,0.0,0.0,1.0,0.0,0.0,1,-1.0,0.24157756771892308,2.9136413812637327,0.49413247108459474,-3.652192974090576,0.24157756771892308,0.9162992838880518,0.08239989786227386,0.0013008182496743422,0.9162992838880518,0.08239989786227386,0.0013008182496743422,0.9162992838880518,0.08239989786227386,-0.9149984656383775,1,1,0.032,530.0,0.5941829681396484,0.949229112265047,-0.399229112265047
365,365,categorical_soft,0,0,False,0.0,0.0,1.0,0.0,0.0,1,-1.0,0.22307910695672034,8.922714328765869,0.6174226582050324,-11.145047760009765,0.22307910695672034,0.9997489525752126,0.00025104547134557735,1.9534417930159056e-09,0.9997489525752126,0.00025104547134557735,1.9534417930159056e-09,0.9997489525752126,0.00025104547134557735,-0.9997489506217708,1,1,0.512,1120.0,1.3508169502019882,0.9973610056548473,-0.44736100565484727
366,366,categorical_soft,1,1,False,0.0,0.0,0.0,1.0,0.0,2,-1.0,0.28047359380871056,-1.1553324937820435,2.3702804327011107,-1.0399515688419343,0.28047359380871056,0.027743522818368317,0.9403156281819456,0.03194084899968579,0.027743522818368317,0.9403156281819456,0.03194084899968579,0.9403156281819456,0.027743522818368317,-0.9083747791822598,2,2,0.128,970.0,0.7826331406831741,0.9652369443596681,-0.41523694435966807
367,367,categorical_soft,0,0,False,0.0,0.0,1.0,0.0,0.0,1,-1.0,0.19932065457105635,3.9699624300003054,0.25040763765573504,-4.88343358039856,0.19932065457105635,0.9759927091264261,0.023866453398783245,0.0001408374747907066,0.9759927091264261,0.023866453398783245,0.0001408374747907066,0.9759927091264261,0.023866453398783245,-0.9758518716516354,1,1,0.032,840.0,0.5968253463506699,0.9287462190401073,-0.3787462190401073
368,368,categorical_soft,0,0,False,0.0,0.0,1.0,0.0,0.0,1,-1.0,0.22228173315525054,4.036979794502258,0.2536964535713196,-4.971233463287353,0.22228173315525054,0.977581358463356,0.022298387597578802,0.00012025393906503887,0.977581358463356,0.022298387597578802,0.00012025393906503887,0.977581358463356,0.022298387597578802,-0.977461104524291,1,1,0.128,840.0,0.846636950969696,0.978011866019843,-0.428011866019843
369,369,categorical_soft,0,0,True,0.549994792500617,0.0,0.4500052034854889,0.0,0.5499947667121887,3,0.09998956322669983,0.11238475069403649,-0.9716731011867523,0.4570674702525139,0.11908839195966721,0.11238475069403649,0.12282367351907979,0.5120452225969496,0.3651311038839705,0.12282367351907979,0.5120452225969496,0.3651311038839705,0.12282367351907979,0.5120452225969496,0.24230743036489072,2,2,0.0,670.0,0.04256966710090637,0.5123068033698828,0.037693196630117276
370,370,categorical_soft,0,0,False,0.0,0.0,1.0,0.0,0.0,1,-1.0,0.1770682917907834,3.1183205127716063,0.21161086335778237,-4.009495806694031,0.1770682917907834,0.947211282086674,0.052025912377514597,0.0007628055358112486,0.947211282086674,0.052025912377514597,0.0007628055358112486,0.947211282086674,0.052025912377514597,-0.9464484765508628,1,1,0.032,740.0,0.4386346563696861,0.8711185197845402,-0.3211185197845402
371,371,categorical_soft,1,1,True,0.7409121730578815,0.0,0.0,0.25908783078193665,0.7409121990203857,3,0.4818243682384491,0.22386531606316568,0.5984807461500168,-0.6976988196372986,-0.05256379209458828,0.22386531606316568,0.5563186141903116,0.15186768806025835,0.2918136977494301,0.5563186141903116,0.15186768806025835,0.2918136977494301,0.15186768806025835,0.5563186141903116,0.13994600968917176,1,1,0.0,1170.0,0.02112467586994171,0.34098459826029615,0.2090154017397039
372,372,categorical_soft,0,0,False,0.0,0.0,1.0,0.0,0.0,1,-1.0,0.2219720371067524,3.038694381713867,0.2787387788295746,-3.6748547315597535,0.2219720371067524,0.9393598145348292,0.059495256960440224,0.00114492850473044,0.9393598145348292,0.059495256960440224,0.00114492850473044,0.9393598145348292,0.059495256960440224,-0.9382148860300987,1,1,0.032,1180.0,0.820691667497158,0.9629470093439594,-0.41294700934395934
373,373,categorical_soft,0,0,True,0.13859959724236742,0.0,0.8614004254341125,0.0,0.13859960436820984,1,-0.7228008210659027,0.14526394829154016,1.4715746879577636,-1.9212067008018494,0.07163805849850177,0.14526394829154016,0.7806604110756951,0.026289288099886017,0.19305030082441893,0.7806604110756951,0.026289288099886017,0.19305030082441893,0.7806604110756951,0.026289288099886017,-0.5876101102512761,1,1,0.256,720.0,1.2470764820463955,0.9972876295955952,-0.4472876295955952
374,374,categorical_soft,0,0,True,0.142547742111232,0.0,0.8574522733688354,0.0,0.14254774153232574,1,-0.7149045318365097,0.0760571874678135,1.020624428987503,-1.4721832990646362,0.08124446794390679,0.0760571874678135,0.6784901393348945,0.05615647624777548,0.2653533844173301,0.6784901393348945,0.05615647624777548,0.2653533844173301,0.6784901393348945,0.05615647624777548,-0.41313675491756446,1,1,0.064,680.0,0.8477915152907372,0.9819000580393523,-0.4319000580393523
375,375,categorical_soft,1,1,True,0.17110929758369697,0.0,0.0,0.8288906812667847,0.17110930383205414,2,-0.6577813774347305,0.0919692289084196,0.08096522204577923,-0.35413585156202315,-0.06802619323134422,0.0919692289084196,0.39852048548912905,0.258288079979038,0.34319143453183293,0.39852048548912905,0.258288079979038,0.34319143453183293,0.258288079979038,0.39852048548912905,0.08490335455279491,1,1,0.032,850.0,0.5218647550791502,0.8990958545060396,-0.3490958545060395
376,376,categorical_soft,0,0,False,0.0,0.0,1.0,0.0,0.0,1,-1.0,0.22646022029221058,2.9007468461990356,0.20086752474308014,-3.410614323616028,0.22646022029221058,0.9353679694233907,0.06292385239381273,0.0017081781827964948,0.9353679694233907,0.06292385239381273,0.0017081781827964948,0.9353679694233907,0.06292385239381273,-0.9336597912405943,1,1,0.032,1110.0,0.7185393869876862,0.9448057440354843,-0.3948057440354843
377,377,categorical_soft,1,1,True,0.17171995835359766,0.0,0.0,0.8282800316810608,0.17171995341777802,2,-0.6565600782632828,0.20628871880471705,0.264255952835083,-0.3464431792497635,-0.07127090618014335,0.20628871880471705,0.44287038417803276,0.24065662867524779,0.3164729871467194,0.44287038417803276,0.24065662867524779,0.3164729871467194,0.24065662867524779,0.44287038417803276,0.07581635847147161,1,1,0.0,510.0,0.43530239164829254,0.8976874868146086,-0.3476874868146086
378,378,categorical_soft,0,0,True,0.14159409893896185,0.0,0.8584058880805969,0.0,0.14159409701824188,1,-0.716811791062355,0.13432908300310373,0.8614054143428802,-1.1973104119300841,0.0803346388041973,0.13432908300310373,0.6306648942679768,0.08048901359604096,0.2888460921359822,0.6306648942679768,0.08048901359604096,0.2888460921359822,0.6306648942679768,0.08048901359604096,-0.34181880213199456,1,1,0.128,680.0,0.8935141116380692,0.9854890640603567,-0.4354890640603567
379,379,categorical_soft,1,1,True,0.15317525639557306,0.0,0.0,0.8468247652053833,0.1531752496957779,2,-0.6936495155096054,0.12289227992296219,-1.915631604194641,1.7031741976737975,0.2964716196060181,0.12289227992296219,0.0211224203136759,0.7847667514171813,0.19411082826914286,0.0211224203136759,0.7847667514171813,0.19411082826914286,0.7847667514171813,0.0211224203136759,-0.5906559231480385,2,2,0.256,510.0,0.5773737840354443,0.9463356041727776,-0.3963356041727776
380,380,categorical_soft,1,1,True,0.16881225547255846,0.0,0.0,0.8311877250671387,0.16881226003170013,2,-0.6623754650354385,0.07371309790760279,-1.6341969966888428,1.515036690235138,0.205665934830904,0.07371309790760279,0.03268895419367886,0.7616588775840534,0.20565216822226767,0.03268895419367886,0.7616588775840534,0.20565216822226767,0.7616588775840534,0.03268895419367886,-0.5560067093617858,2,2,0.128,400.0,0.42385962195839966,0.9044932597432849,-0.3544932597432848
381,381,categorical_soft,0,0,True,0.13994749393293426,0.0,0.8600525259971619,0.0,0.13994748890399933,1,-0.7201050370931625,0.0980243593454361,1.2146516919136048,-1.7174983859062194,0.11046120151877403,0.0980243593454361,0.7220227395056771,0.038526557027942936,0.23945070346637998,0.7220227395056771,0.038526557027942936,0.23945070346637998,0.7220227395056771,0.038526557027942936,-0.4825720360392971,1,1,0.256,610.0,0.9956440702080727,0.9918732366503379,-0.44187323665033784
382,382,categorical_soft,0,0,False,0.0,0.0,1.0,0.0,0.0,1,-1.0,0.28249834328889845,3.951808977127075,0.5299551039934158,-5.202048444747925,0.28249834328889845,0.9681509055594526,0.031745367051042014,0.00010372738950535053,0.9681509055594526,0.031745367051042014,0.00010372738950535053,0.9681509055594526,0.031745367051042014,-0.9680471781699472,1,1,0.256,480.0,0.7710565626621246,0.9793193742271186,-0.4293193742271185
383,383,categorical_soft,1,1,True,0.14417076045447696,0.0,0.0,0.8558292388916016,0.14417076110839844,2,-0.7116584777832031,0.1600901409983635,-2.249839496612549,1.9182404279708862,0.2770884782075882,0.1600901409983635,0.012792617824287523,0.8261293481795107,0.16107803399620174,0.012792617824287523,0.8261293481795107,0.16107803399620174,0.8261293481795107,0.012792617824287523,-0.665051314183309,2,2,0.256,760.0,0.8084479738026857,0.9759628652576691,-0.425962865257669
384,384,categorical_soft,0,0,False,0.0,0.0,1.0,0.0,0.0,1,-1.0,0.14551167096942663,4.543426752090454,0.2650742843747139,-5.573527526855469,0.14551167096942663,0.9862514866672013,0.013708601429862053,3.9911902936689296e-05,0.9862514866672013,0.013708601429862053,3.9911902936689296e-05,0.9862514866672013,0.013708601429862053,-0.9862115747642646,1,1,0.128,1080.0,0.9401882588863373,0.9813913142856413,-0.43139131428564126
385,385,categorical_soft,1,1,True,0.14549609815167108,0.0,0.0,0.8545039296150208,0.14549610018730164,2,-0.7090078294277191,0.12428619004786015,-2.1002335071563722,1.9598509550094605,0.2835240989923477,0.12428619004786015,0.014332952025480752,0.8297367893029003,0.15593025867161903,0.014332952025480752,0.8297367893029003,0.15593025867161903,0.8297367893029003,0.014332952025480752,-0.6738065306312813,2,2,0.256,770.0,0.7735878583043814,0.9712650823388411,-0.4212650823388411
386,386,categorical_soft,0,0,True,0.1386766372350519,0.0,0.861323356628418,0.0,0.13867664337158203,1,-0.7226467132568359,0.12648697309195994,1.8355896949768067,-1.9015640258789062,-0.07336365915834904,0.12648697309195994,0.852260610337907,0.02037349494053675,0.12736589472155618,0.852260610337907,0.02037349494053675,0.12736589472155618,0.852260610337907,0.02037349494053675,-0.7248947156163508,1,1,0.512,400.0,1.1461854800581932,0.9969733685655217,-0.4469733685655216
387,387,categorical_soft,0,0,False,0.0,0.0,1.0,0.0,0.0,1,-1.0,0.15122146885842086,5.02265887260437,0.456452414393425,-6.287832880020142,0.15122146885842086,0.9896331823530844,0.010354569790287236,1.2247856628356713e-05,0.9896331823530844,0.010354569790287236,1.2247856628356713e-05,0.9896331823530844,0.010354569790287236,-0.989620934496456,1,1,0.256,660.0,0.940440259873867,0.9887148115988028,-0.43871481159880277
388,388,categorical_soft,1,1,True,0.16684084755566841,0.0,0.0,0.8331591486930847,0.16684085130691528,2,-0.6663182973861694,0.09693239983171224,-2.0096312761306763,1.7434358835220336,0.2737839251756668,0.09693239983171224,0.018798896024769238,0.7972798573609206,0.18392124661431017,0.018798896024769238,0.7972798573609206,0.18392124661431017,0.7972798573609206,0.018798896024769238,-0.6133586107466104,2,2,0.064,1010.0,0.5850121323019266,0.90925726285887,-0.35925726285886994
389,389,categorical_soft,0,0,False,0.0,0.0,1.0,0.0,0.0,1,-1.0,0.23314383085817098,2.5410285711288454,0.33270809799432755,-3.055402374267578,0.23314383085817098,0.8978289489904826,0.09883458515937998,0.0033364658501375175,0.8978289489904826,0.09883458515937998,0.0033364658501375175,0.8978289489904826,0.09883458515937998,-0.8944924831403451,1,1,0.064,880.0,0.4785623997449875,0.8741640467966116,-0.3241640467966116
390,390,categorical_soft,1,1,True,0.2760299416475489,0.0,0.0,0.7239700555801392,0.27602994441986084,2,-0.4479401111602783,0.17809052355587482,-0.02400174643844366,-0.1735525459051132,0.020218224078416825,0.17809052355587482,0.344026952706934,0.29631045609848083,0.35966259119458527,0.344026952706934,0.29631045609848083,0.35966259119458527,0.29631045609848083,0.344026952706934,0.06335213509610443,3,3,0.0,1000.0,0.32620373368263245,0.7398172420363511,-0.18981724203635109
391,391,categorical_soft,0,0,False,0.0,0.0,1.0,0.0,0.0,1,-1.0,0.2043399527668953,4.260629796981812,0.34341874718666077,-5.253931617736816,0.2043399527668953,0.9803817301103855,0.019545492768276135,7.277712133838245e-05,0.9803817301103855,0.019545492768276135,7.277712133838245e-05,0.9803817301103855,0.019545492768276135,-0.9803089529890472,1,1,0.128,840.0,0.7657688558101654,0.9676319299768472,-0.41763192997684717
392,392,categorical_soft,0,0,True,0.1412916564522666,0.0,0.8587083220481873,0.0,0.14129166305065155,1,-0.7174166589975357,0.06157798692584038,1.053682518005371,-1.59066299200058,0.13336840122938157,0.06157798692584038,0.6804850466506827,0.0483581743165006,0.27115677903281676,0.6804850466506827,0.0483581743165006,0.27115677903281676,0.6804850466506827,0.0483581743165006,-0.4093282676178659,1,1,0.064,930.0,0.9719650354236364,0.9866435474255073,-0.43664354742550726
393,393,categorical_soft,0,0,True,0.29355228838107594,0.0,0.7064477205276489,0.0,0.2935522794723511,1,-0.41289544105529785,0.21657891683280467,0.005604003649204969,0.07096015978604556,-0.12850746512413025,0.21657891683280467,0.34017308459120815,0.3626972169543605,0.2971296984544314,0.34017308459120815,0.3626972169543605,0.2971296984544314,0.34017308459120815,0.3626972169543605,-0.04304338613677677,2,2,0.0,420.0,0.16475437581539154,0.7213106216778917,-0.17131062167789168
394,394,categorical_soft,0,0,False,0.0,0.0,1.0,0.0,0.0,1,-1.0,0.3102223537862301,3.7909480333328247,0.21761236637830733,-4.6270458698272705,0.3102223537862301,0.9724767261532771,0.027308370928451276,0.00021490291827161063,0.9724767261532771,0.027308370928451276,0.00021490291827161063,0.9724767261532771,0.027308370928451276,-0.9722618232350054,1,1,0.064,1130.0,0.5938400030136108,0.9005461713773014,-0.3505461713773014
395,395,categorical_soft,0,0,True,0.22105897632457006,0.0,0.7789410352706909,0.0,0.22105897963047028,1,-0.5578820556402206,0.1681409377604723,1.1021538138389588,-1.6775524616241455,0.2010148584842682,0.1681409377604723,0.680954529241038,0.042293346084047764,0.2767521246749143,0.680954529241038,0.042293346084047764,0.2767521246749143,0.680954529241038,0.042293346084047764,-0.4042024045661238,1,1,0.032,1110.0,0.4338230639696121,0.8086384647508287,-0.25863846475082863
396,396,categorical_soft,1,1,False,0.0,0.0,0.0,1.0,0.0,2,-1.0,0.1982160832732916,-1.1320603728294372,4.0534080266952515,-2.3516196489334105,0.1982160832732916,0.005562155310966001,0.9927385271716863,0.0016993175173477034,0.005562155310966001,0.9927385271716863,0.0016993175173477034,0.9927385271716863,0.005562155310966001,-0.9910392096543386,2,2,0.512,1110.0,0.9393975138664246,0.9806455907424554,-0.43064559074245534
397,397,categorical_soft,1,1,False,0.0,0.0,0.0,1.0,0.0,2,-1.0,0.34338074177503586,0.05999348312616348,3.6301543712615967,-3.1102205753326415,0.34338074177503586,0.02780088912277736,0.9710508089810592,0.0011483018961634826,0.02780088912277736,0.9710508089810592,0.0011483018961634826,0.9710508089810592,0.02780088912277736,-0.9699025070848958,2,2,0.256,1050.0,0.9099549353122711,0.9792239661600461,-0.4292239661600461
398,398,categorical_soft,1,1,True,0.15284969822104216,0.0,0.0,0.8471503257751465,0.1528497040271759,2,-0.6943006217479706,0.11378417741507292,-1.5556435108184814,1.2453373432159425,0.19501006603240967,0.11378417741507292,0.04310856582021065,0.7085485886046693,0.24834284557512007,0.04310856582021065,0.7085485886046693,0.24834284557512007,0.7085485886046693,0.04310856582021065,-0.4602057430295492,2,2,0.128,490.0,0.5764550000894815,0.9473221554846154,-0.39732215548461536
399,399,categorical_soft,1,1,True,0.22781912808323002,0.0,0.0,0.7721808552742004,0.22781912982463837,2,-0.5443617254495621,0.0957673942670226,-0.5598521500825882,0.12104919562116265,-0.07560867723077536,0.0957673942670226,0.21744188850261956,0.43005519254018215,0.3525029189571984,0.21744188850261956,0.43005519254018215,0.3525029189571984,0.43005519254018215,0.21744188850261956,-0.07755227358298378,2,2,0.032,400.0,0.2471591681241989,0.7989866884283707,-0.24898668842837068
