trial_index,dataset_index,student_action_objective,true_direction,dir_choice,sure_available,teacher_sure_strength,target_fixation,target_left,target_right,target_sure,teacher_preferred_action,target_action_margin,raw_post_go_fixation,raw_post_go_left,raw_post_go_right,raw_post_go_sure,predicted_fixation,predicted_left,predicted_right,predicted_sure,p_left,p_right,p_sure,predicted_correct_direction,predicted_incorrect_direction,predicted_action_margin,final_argmax_choice,action_argmax_choice,stimulus_coherence,stimulus_duration_ms,internal_margin,empirical_p_correct,delta_value
0,0,categorical_soft,0,0,False,0.0,0.0,1.0,0.0,0.0,1,-1.0,0.1682025745511055,5.317664241790771,2.508725714683533,-9.738642501831055,0.1682025745511055,0.9430209426533109,0.05697875842875423,2.9891793477369705e-07,0.9430209426533109,0.05697875842875423,2.9891793477369705e-07,0.9430209426533109,0.05697875842875423,-0.9430206437353762,1,1,0.512,940.0,1.0484288111329079,0.9906774506351905,-0.4406774506351905
1,1,categorical_soft,0,0,True,0.20536326275014355,0.0,0.7946367263793945,0.0,0.20536325871944427,1,-0.5892734676599503,0.043799817375838754,0.011859124712646007,0.22329011484980582,0.023502419609576462,0.043799817375838754,0.3080384041133778,0.38053804025218174,0.3114235556344404,0.3080384041133778,0.38053804025218174,0.3114235556344404,0.3080384041133778,0.38053804025218174,0.0033851515210626126,2,2,0.0,890.0,0.4134471267461777,0.8328962506168242,-0.2828962506168241
2,2,categorical_soft,1,1,True,0.1627092707452713,0.0,0.0,0.8372907042503357,0.16270926594734192,2,-0.6745814383029938,0.062421524152159694,-0.3023284524679184,0.5733428001403809,-0.08934212177991867,0.062421524152159694,0.21561885279850018,0.5175404295641088,0.26684071763739103,0.21561885279850018,0.5175404295641088,0.26684071763739103,0.5175404295641088,0.21561885279850018,-0.2506997119267178,2,2,0.256,510.0,0.4894590051844716,0.9196709493279273,-0.3696709493279272
3,3,categorical_soft,0,0,False,0.0,0.0,1.0,0.0,0.0,1,-1.0,0.16080252304673195,6.636331605911255,3.085739588737488,-12.18710641860962,0.16080252304673195,0.9719994883611853,0.028000504278717475,7.360097104420518e-09,0.9719994883611853,0.028000504278717475,7.360097104420518e-09,0.9719994883611853,0.028000504278717475,-0.9719994810010882,1,1,0.512,960.0,1.073611468076706,0.9915539535033948,-0.44155395350339477
4,4,categorical_soft,0,0,False,0.0,0.0,1.0,0.0,0.0,1,-1.0,0.13859361270442605,4.777349424362183,2.2586024522781374,-8.648549652099609,0.13859361270442605,0.9252579833014112,0.07474056657301115,1.4501255777273159e-06,0.9252579833014112,0.07474056657301115,1.4501255777273159e-06,0.9252579833014112,0.07474056657301115,-0.9252565331758335,1,1,0.128,1020.0,0.8045955151319504,0.9668002996095091,-0.41680029960950904
5,5,categorical_soft,0,0,True,0.1494681574748153,0.0,0.850531816482544,0.0,0.14946815371513367,1,-0.7010636627674103,0.05021017184481025,0.12145482823252678,0.07708518579602242,0.00952194919809699,0.05021017184481025,0.3507132444254838,0.3360035339474383,0.3132832216270779,0.3507132444254838,0.3360035339474383,0.3132832216270779,0.3507132444254838,0.3360035339474383,-0.037430022798405904,1,1,0.064,1100.0,0.7740941792726517,0.9579179349019022,-0.4079179349019022
6,6,categorical_soft,0,0,False,0.0,0.0,1.0,0.0,0.0,1,-1.0,0.15425367038697005,4.016576051712036,1.9316578030586242,-7.164259338378907,0.15425367038697005,0.8891165545920219,0.11087038772970377,1.3057678274312974e-05,0.8891165545920219,0.11087038772970377,1.3057678274312974e-05,0.8891165545920219,0.11087038772970377,-0.8891034969137476,1,1,0.128,920.0,0.9184840470552444,0.9829027041866822,-0.4329027041866822
7,7,categorical_soft,0,0,False,0.0,0.0,1.0,0.0,0.0,1,-1.0,0.23306037141010166,0.6506168246269226,2.0262512803077697,-2.6999311208724976,0.23306037141010166,0.20147368199676424,0.7915129761498065,0.00701334185342903,0.20147368199676424,0.7915129761498065,0.00701334185342903,0.20147368199676424,0.7915129761498065,-0.19446034014333521,2,2,0.0,1020.0,0.046841979026794434,0.4129663606271245,0.13703363937287555
8,8,categorical_soft,1,1,True,0.1573025373588735,0.0,0.0,0.8426974415779114,0.15730254352092743,2,-0.685394898056984,0.10045019034296274,-0.5232668936252594,0.7675268173217773,-0.14872479066252708,0.10045019034296274,0.16413604157015052,0.5967585488945041,0.23910540953534531,0.16413604157015052,0.5967585488945041,0.23910540953534531,0.5967585488945041,0.16413604157015052,-0.35765313935915877,2,2,0.256,470.0,0.5237435521557927,0.9342915810289389,-0.3842915810289389
9,9,categorical_soft,0,0,False,0.0,0.0,1.0,0.0,0.0,1,-1.0,0.16129230409860612,5.820724534988403,2.697134566307068,-10.722835350036622,0.16129230409860612,0.9578113949308984,0.042188535741606935,6.932749466317003e-08,0.9578113949308984,0.042188535741606935,6.932749466317003e-08,0.9578113949308984,0.042188535741606935,-0.9578113256034038,1,1,0.512,1010.0,1.1523869410157204,0.9938939755920116,-0.4438939755920116
10,10,categorical_soft,1,1,False,0.0,0.0,0.0,1.0,0.0,2,-1.0,0.19315343033522367,1.7052822709083557,1.8064671754837036,-3.6891582012176514,0.19315343033522367,0.4739717659266428,0.5238572417466292,0.002170992326727951,0.4739717659266428,0.5238572417466292,0.002170992326727951,0.5238572417466292,0.4739717659266428,-0.5216862494199013,2,2,0.032,1170.0,0.730802558362484,0.9441724449195158,-0.39417244491951575
11,11,categorical_soft,1,1,True,0.15537181576585085,0.0,0.0,0.8446281552314758,0.15537181496620178,2,-0.689256340265274,0.047443490102887155,-0.38807650506496427,0.8935283184051513,-0.10643204003572464,0.047443490102887155,0.1687467037070823,0.6075325363929966,0.22372075989992096,0.1687467037070823,0.6075325363929966,0.22372075989992096,0.6075325363929966,0.1687467037070823,-0.3838117764930757,2,2,0.064,560.0,0.5649214829318225,0.9398221432929741,-0.38982214329297404
12,12,categorical_soft,1,1,False,0.0,0.0,0.0,1.0,0.0,2,-1.0,0.3282122738659382,0.45514820218086244,2.2583569049835206,-2.65470609664917,0.3282122738659382,0.14229678709030913,0.8514104471704282,0.006292765739262673,0.14229678709030913,0.8514104471704282,0.006292765739262673,0.8514104471704282,0.14229678709030913,-0.8451176814311656,2,2,0.064,910.0,0.7842522263526917,0.9678326450270627,-0.41783264502706263
13,13,categorical_soft,1,1,False,0.0,0.0,0.0,1.0,0.0,2,-1.0,0.30441048853099345,0.005400117859244347,1.91366446018219,-1.742146408557892,0.30441048853099345,0.1265679712919094,0.8513703700931854,0.022061658614905152,0.1265679712919094,0.8513703700931854,0.022061658614905152,0.8513703700931854,0.1265679712919094,-0.8293087114782802,2,2,0.032,460.0,0.8103487938642502,0.9832889224471807,-0.43328892244718065
14,14,categorical_soft,1,1,False,0.0,0.0,0.0,1.0,0.0,2,-1.0,0.3755972430109978,-0.5117681711912155,2.0550901770591734,-1.4450378656387328,0.3755972430109978,0.06934858184901685,0.9030715486937069,0.027579869457276147,0.06934858184901685,0.9030715486937069,0.027579869457276147,0.9030715486937069,0.06934858184901685,-0.8754916792364307,2,2,0.064,490.0,0.6984655410051346,0.970371268883655,-0.42037126888365495
15,15,categorical_soft,1,1,False,0.0,0.0,0.0,1.0,0.0,2,-1.0,0.2716747418045998,-0.4608545690774918,1.7865293860435485,-1.2615092873573304,0.2716747418045998,0.09167000143125764,0.8668745968157306,0.04145540175301162,0.09167000143125764,0.8668745968157306,0.04145540175301162,0.8668745968157306,0.09167000143125764,-0.825419195062719,2,2,0.064,670.0,0.657180730602704,0.9555993270423452,-0.40559932704234514
16,16,categorical_soft,0,0,False,0.0,0.0,1.0,0.0,0.0,1,-1.0,0.10197653528302908,2.6621518611907957,1.517793846130371,-4.833165788650513,0.10197653528302908,0.7580059517202185,0.24155605283523385,0.0004379954445476126,0.7580059517202185,0.24155605283523385,0.0004379954445476126,0.7580059517202185,0.24155605283523385,-0.7575679562756709,1,1,0.032,990.0,0.6548107713460922,0.9353335886244387,-0.38533358862443867
17,17,categorical_soft,0,0,False,0.0,0.0,1.0,0.0,0.0,1,-1.0,0.18086239667609333,3.600217819213867,1.6786836504936218,-6.488610124588012,0.18086239667609333,0.8722660918666337,0.12769600782596385,3.790030740248822e-05,0.8722660918666337,0.12769600782596385,3.790030740248822e-05,0.8722660918666337,0.12769600782596385,-0.8722281915592313,1,1,0.064,1160.0,0.867465652525425,0.9710154946235546,-0.4210154946235546
18,18,categorical_soft,0,0,True,0.4703194649998598,0.0,0.5296805500984192,0.0,0.4703194797039032,1,-0.05936107039451599,0.004016661271452904,0.09312153905630112,0.10120846666395664,-0.004905896028503776,0.004016661271452904,0.3428832702956312,0.3461285963047828,0.3109881333995859,0.3428832702956312,0.3461285963047828,0.3109881333995859,0.3428832702956312,0.3461285963047828,-0.031895136896045284,2,2,0.064,880.0,0.14334997534751892,0.5723013908026424,-0.022301390802642374
19,19,categorical_soft,0,0,True,0.15783541674977236,0.0,0.8421645760536194,0.0,0.15783542394638062,1,-0.6843291521072388,-0.018504155427217485,0.3131811648607254,0.4947488993406296,-0.14635438844561577,-0.018504155427217485,0.3537301107595491,0.4232758830649782,0.22299400617547263,0.3537301107595491,0.4232758830649782,0.22299400617547263,0.3537301107595491,0.4232758830649782,-0.13073610458407645,2,2,0.064,890.0,0.6218863129615784,0.9327954541479567,-0.3827954541479567
20,20,categorical_soft,0,0,True,0.1385075905024299,0.0,0.861492395401001,0.0,0.13850758969783783,1,-0.7229848057031631,0.10747146625071764,1.0711063683032989,0.6042064070701599,-0.9896968722343444,0.10747146625071764,0.5683694079741579,0.357101153721529,0.07452943830431315,0.5683694079741579,0.357101153721529,0.07452943830431315,0.5683694079741579,0.357101153721529,-0.4938399696698448,1,1,0.512,940.0,1.331511277705431,0.9976637240031028,-0.4476637240031027
21,21,categorical_soft,0,0,True,0.14257556409246797,0.0,0.8574244379997253,0.0,0.14257556200027466,1,-0.7148488759994507,0.05098579376935959,0.010258131474256516,0.17850654274225236,-0.016360955033451318,0.05098579376935959,0.31648928773922386,0.37501556045771406,0.30849515180306214,0.31648928773922386,0.37501556045771406,0.30849515180306214,0.31648928773922386,0.37501556045771406,-0.007994135936161717,2,2,0.128,600.0,0.8269800916314125,0.9817964952979781,-0.43179649529797803
22,22,categorical_soft,1,1,True,0.17070501334162702,0.0,0.0,0.8292949795722961,0.17070502042770386,2,-0.6585899591445923,0.06230599395930767,-0.16371736228466033,0.4476194441318512,-0.01162826744839549,0.06230599395930767,0.24945325031099416,0.45986979705892495,0.29067695263008086,0.24945325031099416,0.45986979705892495,0.29067695263008086,0.45986979705892495,0.24945325031099416,-0.16919284442884408,2,2,0.256,810.0,0.5141643323004246,0.9000342722994452,-0.35003427229944517
23,23,categorical_soft,1,1,True,0.19562216334397986,0.0,0.0,0.8043778538703918,0.19562216103076935,2,-0.6087556928396225,-0.03346661180257797,0.12651899307966233,0.21532199382781983,0.03331421380862594,-0.03346661180257797,0.33275520672603054,0.364078133346801,0.3031666599271684,0.33275520672603054,0.364078133346801,0.3031666599271684,0.364078133346801,0.33275520672603054,-0.0609114734196326,2,2,0.0,880.0,0.4363681795075536,0.8495365426977518,-0.29953654269775176
24,24,categorical_soft,0,0,True,0.13827039345882153,0.0,0.861729621887207,0.0,0.13827039301395416,1,-0.7234592288732529,0.1372972594574094,1.5308955788612366,0.9015109658241272,-1.5895841240882873,0.1372972594574094,0.6324961153248794,0.33925669307289874,0.02824719160222201,0.6324961153248794,0.33925669307289874,0.02824719160222201,0.6324961153248794,0.33925669307289874,-0.6042489237226574,1,1,0.512,670.0,1.3751744218170643,0.9986372597710848,-0.4486372597710847
25,25,categorical_soft,0,0,True,0.13827917050404648,0.0,0.8617208003997803,0.0,0.13827916979789734,1,-0.7234416306018829,0.150182494148612,1.6644522190093993,0.9628468155860901,-1.7602349758148192,0.150182494148612,0.6525197625351318,0.326240248611243,0.021239988853625075,0.6525197625351318,0.326240248611243,0.021239988853625075,0.6525197625351318,0.326240248611243,-0.6312797736815067,1,1,0.512,490.0,1.3256772384047508,0.9986011338836283,-0.4486011338836282
26,26,categorical_soft,0,0,False,0.0,0.0,1.0,0.0,0.0,1,-1.0,0.31172714084386827,1.6330390930175782,1.7815815567970277,-3.3705486059188843,0.31172714084386827,0.46198868445674474,0.5348872513872467,0.0031240641560087465,0.46198868445674474,0.5348872513872467,0.0031240641560087465,0.46198868445674474,0.5348872513872467,-0.458864620300736,2,2,0.032,990.0,0.6256432682275772,0.9261054418610988,-0.37610544186109873
27,27,categorical_soft,1,1,False,0.0,0.0,0.0,1.0,0.0,2,-1.0,0.3714044913649559,-0.5967425495386124,1.7368795990943908,-0.9228561162948609,0.3714044913649559,0.08307002000224754,0.8563769728398973,0.060553007157855054,0.08307002000224754,0.8563769728398973,0.060553007157855054,0.8563769728398973,0.08307002000224754,-0.7958239656820423,2,2,0.256,670.0,1.0143475160002708,0.9920294334782974,-0.4420294334782974
28,28,categorical_soft,1,1,True,0.15346409575472014,0.0,0.0,0.8465359210968018,0.15346409380435944,2,-0.6930718272924423,0.17740608491003512,-0.41069892048835754,1.0897652149200439,-0.22027188688516616,0.17740608491003512,0.14976643920797456,0.6694263565543432,0.18080720423768226,0.14976643920797456,0.6694263565543432,0.18080720423768226,0.6694263565543432,0.14976643920797456,-0.488619152316661,2,2,0.256,700.0,0.6205295249819756,0.945465008707168,-0.39546500870716794
29,29,categorical_soft,1,1,False,0.0,0.0,0.0,1.0,0.0,2,-1.0,0.22695484375581146,0.7617589354515075,1.9483934402465821,-2.5022680282592775,0.22695484375581146,0.23222570227595715,0.7588836924548004,0.008890605269242489,0.23222570227595715,0.7588836924548004,0.008890605269242489,0.7588836924548004,0.23222570227595715,-0.7499930871855579,2,2,0.128,1110.0,0.8874989934265614,0.9751635105383551,-0.4251635105383551
30,30,categorical_soft,0,0,True,0.1382362113566537,0.0,0.8617637753486633,0.0,0.13823620975017548,1,-0.7235275655984879,0.15686433501541613,4.339092350006103,1.904940927028656,-6.855734348297119,0.15686433501541613,0.9184346695246941,0.08155266760928889,1.2662866017237133e-05,0.9184346695246941,0.08155266760928889,1.2662866017237133e-05,0.9184346695246941,0.08155266760928889,-0.9184220066586769,1,1,0.512,1100.0,1.502898057922721,0.9987780266649418,-0.4487780266649417
31,31,categorical_soft,1,1,True,0.1981886021193041,0.0,0.0,0.8018113970756531,0.19818860292434692,2,-0.6036227941513062,0.03507397100329399,-0.055389244481921195,0.5115349799394607,-0.018071759259328246,0.03507397100329399,0.2636179855876943,0.4637065232463125,0.2726754911659932,0.2636179855876943,0.4637065232463125,0.2726754911659932,0.4637065232463125,0.2636179855876943,-0.1910310320803193,2,2,0.0,1080.0,0.4783298671245575,0.8450161845023628,-0.2950161845023628
32,32,categorical_soft,1,1,True,0.15878169880904897,0.0,0.0,0.8412182927131653,0.15878169238567352,2,-0.6824366003274918,-0.0024834567680954932,-0.1851174861192703,0.7319779634475708,-0.011089371005073189,-0.0024834567680954932,0.21308577789763997,0.5331951726533609,0.2537190494489992,0.21308577789763997,0.5331951726533609,0.2537190494489992,0.5331951726533609,0.21308577789763997,-0.2794761232043617,2,2,0.512,1110.0,0.6674912087619305,0.930169693553761,-0.38016969355376096
33,33,categorical_soft,1,1,True,0.15452912015120251,0.0,0.0,0.8454709053039551,0.1545291244983673,2,-0.6909417808055878,0.06041579870507121,-0.26222791373729704,0.716394019126892,-0.1518808886408806,0.06041579870507121,0.20937636800257658,0.5566232823093344,0.23400034968808892,0.20937636800257658,0.5566232823093344,0.23400034968808892,0.5566232823093344,0.20937636800257658,-0.32262293262124553,2,2,0.256,590.0,0.5813465155661106,0.9422921797796965,-0.39229217977969644
34,34,categorical_soft,1,1,True,0.1659572057517602,0.0,0.0,0.8340427875518799,0.16595721244812012,2,-0.6680855751037598,0.12979994900524616,-0.36396539211273193,0.5301703929901123,-0.09995636120438575,0.12979994900524616,0.2107300764788283,0.5150220430234592,0.2742478804977124,0.2107300764788283,0.5150220430234592,0.2742478804977124,0.5150220430234592,0.2107300764788283,-0.2407741625257468,2,2,0.512,980.0,0.5830800868570805,0.9114341793520553,-0.36143417935205524
35,35,categorical_soft,1,1,False,0.0,0.0,0.0,1.0,0.0,2,-1.0,0.31018672063946723,-0.26364456713199613,1.69552880525589,-1.2241381525993347,0.31018672063946723,0.1179852211641738,0.8362365232399341,0.045778255595891944,0.1179852211641738,0.8362365232399341,0.045778255595891944,0.8362365232399341,0.1179852211641738,-0.7904582676440421,2,2,0.256,740.0,0.983464740216732,0.9899279505458738,-0.43992795054587375
36,36,categorical_soft,0,0,True,0.2756396611169857,0.0,0.7243603467941284,0.0,0.2756396532058716,1,-0.44872069358825684,-0.05690460652112961,-0.053076609317213294,0.3511005327105522,-0.03327832901850343,-0.05690460652112961,0.2843111205996733,0.42586636138978856,0.2898225180105383,0.2843111205996733,0.42586636138978856,0.2898225180105383,0.2843111205996733,0.42586636138978856,0.005511397410865038,2,2,0.0,910.0,0.30457280576229095,0.7402439727377856,-0.1902439727377856
37,37,categorical_soft,1,1,True,0.5000959869728804,0.0,0.0,0.49990400671958923,0.5000959634780884,3,0.0001919567584991455,0.026314504258334637,0.06698909513652325,0.3326220691204071,-0.015050191711634398,0.026314504258334637,0.31017042778929216,0.40427688156455427,0.2855526906461535,0.31017042778929216,0.40427688156455427,0.2855526906461535,0.40427688156455427,0.31017042778929216,-0.11872419091840075,2,2,0.0,530.0,0.03898046910762787,0.549928009768958,7.199023104209612e-05
38,38,categorical_soft,0,0,True,0.13969023630715088,0.0,0.8603097796440125,0.0,0.13969023525714874,1,-0.7206195443868637,-0.0499048501253128,0.06119536831974983,0.2906586930155754,-0.013525125989690422,-0.0499048501253128,0.3138403265178228,0.3951158510202062,0.291043822461971,0.3138403265178228,0.3951158510202062,0.291043822461971,0.3138403265178228,0.3951158510202062,-0.022796504055851763,2,2,0.128,420.0,0.9765269681811333,0.9928931070173358,-0.44289310701733575
39,39,categorical_soft,1,1,True,0.1427231677156029,0.0,0.0,0.8572768568992615,0.1427231729030609,2,-0.7145536839962006,0.03687780573964119,-0.40761286914348605,1.1204603791236878,-0.22806592285633087,0.03687780573964119,0.1471119554453726,0.6768855924638564,0.17600245209077106,0.1471119554453726,0.6768855924638564,0.17600245209077106,0.6768855924638564,0.1471119554453726,-0.5008831403730853,2,2,0.256,1000.0,0.9189697876572609,0.9812481310873736,-0.4312481310873736
40,40,categorical_soft,1,1,True,0.1449283766718838,0.0,0.0,0.8550716042518616,0.14492838084697723,2,-0.7101432234048843,0.07590847834944725,-0.4207517832517624,1.052675485610962,-0.20837829560041427,0.07590847834944725,0.1516566413075014,0.660916577565501,0.18742678112699757,0.1516566413075014,0.660916577565501,0.18742678112699757,0.660916577565501,0.1516566413075014,-0.4734897964385035,2,2,0.512,780.0,0.7911144569516182,0.9732614526724147,-0.42326145267241466
41,41,categorical_soft,0,0,False,0.0,0.0,1.0,0.0,0.0,1,-1.0,0.10695877466350794,3.6972996950149537,1.744787323474884,-6.764433860778809,0.10695877466350794,0.8756513868651361,0.12432281908051412,2.579405434984722e-05,0.8756513868651361,0.12432281908051412,2.579405434984722e-05,0.8756513868651361,0.12432281908051412,-0.8756255928107862,1,1,0.128,1110.0,0.8105276525020599,0.9641567331433587,-0.41415673314335866
42,42,categorical_soft,1,1,True,0.18386932635116243,0.0,0.0,0.8161306977272034,0.18386933207511902,2,-0.6322613656520844,-0.0014854822307825088,-0.17932614535093308,0.6887056469917298,-0.05512734809890389,-0.0014854822307825088,0.22168926448951556,0.5275794792657259,0.25073125624475867,0.22168926448951556,0.5275794792657259,0.25073125624475867,0.5275794792657259,0.22168926448951556,-0.27684822302096723,2,2,0.032,870.0,0.47157008200883865,0.8716904059750423,-0.3216904059750423
43,43,categorical_soft,0,0,False,0.0,0.0,1.0,0.0,0.0,1,-1.0,0.4055905967950821,0.4126208186149597,2.053326201438904,-2.410682463645935,0.4055905967950821,0.16149222853425793,0.8289529286437267,0.009554842822015365,0.16149222853425793,0.8289529286437267,0.009554842822015365,0.16149222853425793,0.8289529286437267,-0.15193738571224258,2,2,0.064,560.0,0.5961449593305588,0.9479353693958872,-0.39793536939588714
44,44,categorical_soft,0,0,False,0.0,0.0,1.0,0.0,0.0,1,-1.0,0.1645348796620965,3.3819615602493287,1.6446453332901,-6.121308898925781,0.1645348796620965,0.8501921956392682,0.14974082941765526,6.697494307647352e-05,0.8501921956392682,0.14974082941765526,6.697494307647352e-05,0.8501921956392682,0.14974082941765526,-0.8501252206961917,1,1,0.032,1090.0,0.8813283666968346,0.9750127157054449,-0.42501271570544485
45,45,categorical_soft,0,0,True,0.2042680392286863,0.0,0.7957319617271423,0.0,0.20426803827285767,1,-0.5914639234542847,-0.01843786835670471,0.005602323636412621,0.5338788658380509,-0.06614099387079478,-0.01843786835670471,0.276070918050955,0.46741363353395277,0.2565154484150922,0.276070918050955,0.46741363353395277,0.2565154484150922,0.276070918050955,0.46741363353395277,-0.0195554696358628,2,2,0.064,490.0,0.3179522901773453,0.8346999382675498,-0.2846999382675498
46,46,categorical_soft,0,0,True,0.13885866885625836,0.0,0.8611413240432739,0.0,0.13885867595672607,1,-0.7222826480865479,0.014093276113271713,0.24101868271827698,-0.011634007841348649,0.05619076890870929,0.014093276113271713,0.3835502364121461,0.29797832932048457,0.3184714342673694,0.3835502364121461,0.29797832932048457,0.3184714342673694,0.3835502364121461,0.29797832932048457,-0.06507880214477668,1,1,0.256,960.0,1.238908588886261,0.9962331804667848,-0.44623318046678473
47,47,categorical_soft,1,1,True,0.1491607895783002,0.0,0.0,0.8508391976356506,0.14916078746318817,2,-0.7016784101724625,0.0012759676203131676,-0.2903717070817947,0.6945144057273864,-0.08309183791279792,0.0012759676203131676,0.20372263345754762,0.5453500321867468,0.2509273343557057,0.20372263345754762,0.5453500321867468,0.2509273343557057,0.5453500321867468,0.20372263345754762,-0.29442269783104114,2,2,0.512,580.0,0.6515953863272443,0.9589142773357157,-0.4089142773357156
48,48,categorical_soft,1,1,False,0.0,0.0,0.0,1.0,0.0,2,-1.0,0.35326001737266777,0.7440231382846832,2.418607068061829,-2.997956371307373,0.35326001737266777,0.15791149286955375,0.8383577529299812,0.003730754200465048,0.15791149286955375,0.8383577529299812,0.003730754200465048,0.8383577529299812,0.15791149286955375,-0.8346269987295161,2,2,0.128,1170.0,0.9544913917779922,0.9806802795219415,-0.43068027952194143
49,49,categorical_soft,1,1,False,0.0,0.0,0.0,1.0,0.0,2,-1.0,0.2625266596674919,0.3129254557192326,2.291969728469849,-2.3657150268554688,0.2625266596674919,0.12068129316159668,0.8710437749804484,0.008274931857955133,0.12068129316159668,0.8710437749804484,0.008274931857955133,0.8710437749804484,0.12068129316159668,-0.8627688431224932,2,2,0.128,670.0,0.8650231137871742,0.9835412539954715,-0.4335412539954715
50,50,categorical_soft,0,0,True,0.17652500160833862,0.0,0.8234750032424927,0.0,0.17652499675750732,1,-0.6469500064849854,0.01329404879361391,-0.08663514144718647,0.44715785086154936,-0.058872667327523234,0.01329404879361391,0.26798174798901014,0.4568354243558934,0.2751828276550965,0.26798174798901014,0.4568354243558934,0.2751828276550965,0.26798174798901014,0.4568354243558934,0.007201079666086352,2,2,0.032,510.0,0.4125770479440689,0.8869672724728956,-0.3369672724728956
51,51,categorical_soft,1,1,True,0.14994993269699897,0.0,0.0,0.8500500917434692,0.14994993805885315,2,-0.7001001536846161,0.04983874168246984,-0.30773485004901885,0.6990199446678161,-0.05576085112988949,0.04983874168246984,0.19899270613812245,0.544654499136495,0.2563527947253825,0.19899270613812245,0.544654499136495,0.2563527947253825,0.544654499136495,0.19899270613812245,-0.28830170441111247,2,2,0.256,1000.0,0.7418664749711752,0.9563678204530032,-0.4063678204530031
52,52,categorical_soft,0,0,True,0.13890481310209313,0.0,0.8610951900482178,0.0,0.13890480995178223,1,-0.7221903800964355,0.07670427430421115,0.45612992644309996,0.20474763363599777,-0.09314140044152737,0.07670427430421115,0.42495700805430864,0.3299735887162104,0.24506940322948106,0.42495700805430864,0.3299735887162104,0.24506940322948106,0.42495700805430864,0.3299735887162104,-0.17988760482482757,1,1,0.256,880.0,1.2093748897314072,0.9960460687413807,-0.44604606874138064
53,53,categorical_soft,1,1,True,0.1700814905199407,0.0,0.0,0.8299185037612915,0.1700814962387085,2,-0.659837007522583,0.03916235510259867,-0.27066628336906434,0.8251710653305053,-0.13244713246822357,0.03916235510259867,0.19465282813799567,0.5818806608197657,0.2234665110422386,0.19465282813799567,0.5818806608197657,0.2234665110422386,0.5818806608197657,0.19465282813799567,-0.35841414977752717,2,2,0.032,770.0,0.5076670087873936,0.9014911272737932,-0.35149112727379317
54,54,categorical_soft,1,1,False,0.0,0.0,0.0,1.0,0.0,2,-1.0,0.34170631170272825,0.8097491443157196,2.022534465789795,-2.573785662651062,0.34170631170272825,0.2302271662611591,0.7620607972060056,0.0077120365328351955,0.2302271662611591,0.7620607972060056,0.0077120365328351955,0.7620607972060056,0.2302271662611591,-0.7543487606731705,2,2,0.064,1070.0,0.7707834392786026,0.9587128420090807,-0.40871284200908065
55,55,categorical_soft,1,1,False,0.0,0.0,0.0,1.0,0.0,2,-1.0,0.2146781208924949,2.260334873199463,1.420436155796051,-4.146123003959656,0.2146781208924949,0.6967033063854405,0.3021159951918761,0.0011806984226832725,0.6967033063854405,0.3021159951918761,0.0011806984226832725,0.3021159951918761,0.6967033063854405,-0.30093529676919284,1,1,0.064,1120.0,0.8611905425786972,0.9715009364845482,-0.4215009364845481
56,56,categorical_soft,0,0,False,0.0,0.0,1.0,0.0,0.0,1,-1.0,0.17567605078220366,5.521079397201538,2.6038386106491087,-10.106964492797852,0.17567605078220366,0.9485586093240432,0.05144121857438536,1.7210157155994986e-07,0.9485586093240432,0.05144121857438536,1.7210157155994986e-07,0.9485586093240432,0.05144121857438536,-0.9485584372224717,1,1,0.512,690.0,0.9768161326646805,0.990199551493082,-0.440199551493082
57,57,categorical_soft,0,0,True,0.15970363701444518,0.0,0.8402963876724243,0.0,0.15970364212989807,1,-0.6805927455425262,-0.0029569989070296287,-0.17411732375621797,0.6174481451511383,-0.059084536880254744,-0.0029569989070296287,0.23115431791550606,0.5097396885435902,0.25910599354090386,0.23115431791550606,0.5097396885435902,0.25910599354090386,0.23115431791550606,0.5097396885435902,0.027951675625397798,2,2,0.064,460.0,0.500236913561821,0.9276486484729601,-0.3776486484729601
58,58,categorical_soft,1,1,True,0.3336827505310743,0.0,0.0,0.6663172245025635,0.33368274569511414,2,-0.33263447880744934,0.061180464923381805,-0.35582890212535856,0.7557592511177063,-0.09220455773174763,0.061180464923381805,0.1876473717946196,0.5688296456928992,0.24352298251248122,0.1876473717946196,0.5688296456928992,0.24352298251248122,0.5688296456928992,0.1876473717946196,-0.32530666318041795,2,2,0.032,530.0,0.15421375632286072,0.6827785006137393,-0.1327785006137393
59,59,categorical_soft,1,1,False,0.0,0.0,0.0,1.0,0.0,2,-1.0,0.15919509455561637,1.218426728248596,1.9940518975257873,-3.178842782974243,0.15919509455561637,0.315041707124111,0.6810862510417486,0.003872041834140491,0.315041707124111,0.6810862510417486,0.003872041834140491,0.6810862510417486,0.315041707124111,-0.6772142092076081,2,2,0.064,870.0,0.7703574150800705,0.9672025823294294,-0.4172025823294293
60,60,categorical_soft,0,0,True,0.13862414130839523,0.0,0.8613758683204651,0.0,0.1386241465806961,1,-0.722751721739769,0.08491650875657797,1.693051528930664,0.7137818932533264,-1.833286988735199,0.08491650875657797,0.7085145238899127,0.27016439159988087,0.021321084510206548,0.7085145238899127,0.27016439159988087,0.021321084510206548,0.7085145238899127,0.27016439159988087,-0.6871934393797061,1,1,0.256,1070.0,1.3255500122904778,0.9971874450250001,-0.4471874450250001
61,61,categorical_soft,1,1,False,0.0,0.0,0.0,1.0,0.0,2,-1.0,0.4135821431875229,-0.6006257176399231,1.3672745108604432,-0.6622364699840546,0.4135821431875229,0.10995970503759403,0.7859137331518746,0.10412656181053137,0.10995970503759403,0.7859137331518746,0.10412656181053137,0.7859137331518746,0.10995970503759403,-0.6817871713413433,2,2,0.512,870.0,0.9255192875862122,0.9844256769823115,-0.4344256769823115
62,62,categorical_soft,1,1,False,0.0,0.0,0.0,1.0,0.0,2,-1.0,0.20696705151349307,1.4788463234901428,1.8478901624679565,-3.2903038263320923,0.20696705151349307,0.40832472053925944,0.588215597575226,0.0034596818855145775,0.40832472053925944,0.588215597575226,0.0034596818855145775,0.588215597575226,0.40832472053925944,-0.5847559156897114,2,2,0.0,980.0,0.2789652496576309,0.6978387305640433,-0.14783873056404329
63,63,categorical_soft,1,1,True,0.17366902544088542,0.0,0.0,0.8263309597969055,0.1736690253019333,2,-0.6526619344949722,0.12087277825921774,-0.1839175507426262,1.0730522394180297,-0.33226741701364515,0.12087277825921774,0.18637533770865464,0.6533615447052874,0.16026311758605796,0.18637533770865464,0.6533615447052874,0.16026311758605796,0.6533615447052874,0.18637533770865464,-0.49309842711922947,2,2,0.032,970.0,0.5385469272732735,0.8932635050298142,-0.3432635050298142
64,64,categorical_soft,1,1,True,0.4901604227321506,0.0,0.0,0.5098395943641663,0.49016043543815613,2,-0.019679158926010132,-0.051742549240589145,-0.024442541226744652,0.17879103049635886,-0.02528408612124622,-0.051742549240589145,0.30987128134535646,0.3802119762225356,0.30991674243210793,0.30987128134535646,0.3802119762225356,0.30991674243210793,0.3802119762225356,0.30987128134535646,-0.07029523379042768,2,2,0.0,840.0,0.12118034064769745,0.5573811719932862,-0.00738117199328614
65,65,categorical_soft,1,1,False,0.0,0.0,0.0,1.0,0.0,2,-1.0,0.19430440794676543,1.8723680973052979,1.8756611704826356,-3.966649127006531,0.19430440794676543,0.49852900133619127,0.5000132212802381,0.0014577773835707298,0.49852900133619127,0.5000132212802381,0.0014577773835707298,0.5000132212802381,0.49852900133619127,-0.49855544389666734,2,2,0.0,1090.0,0.4844055473804474,0.8473326432389668,-0.2973326432389668
66,66,categorical_soft,0,0,False,0.0,0.0,1.0,0.0,0.0,1,-1.0,0.1752675872296095,5.598534822463989,2.5284512519836424,-10.05555305480957,0.1752675872296095,0.9555133779000698,0.044486457354398726,1.6474553153865901e-07,0.9555133779000698,0.044486457354398726,1.6474553153865901e-07,0.9555133779000698,0.044486457354398726,-0.9555132131545383,1,1,0.512,890.0,1.2261307686567307,0.9963133969089378,-0.4463133969089378
67,67,categorical_soft,1,1,False,0.0,0.0,0.0,1.0,0.0,2,-1.0,0.3006383379921317,0.16127194613218307,2.322750473022461,-2.2136664390563965,0.3006383379921317,0.10243474374314014,0.8880402736118406,0.009524982645019319,0.10243474374314014,0.8880402736118406,0.009524982645019319,0.8880402736118406,0.10243474374314014,-0.8785152909668212,2,2,0.128,1100.0,0.8749115876853466,0.9739286109917756,-0.4239286109917756
68,68,categorical_soft,1,1,False,0.0,0.0,0.0,1.0,0.0,2,-1.0,0.3350812494754791,-0.5297195523977279,1.6228723168373107,-0.9830789804458618,0.3350812494754791,0.09766983215993455,0.8397038509128743,0.06262631692719117,0.09766983215993455,0.8397038509128743,0.06262631692719117,0.8397038509128743,0.09766983215993455,-0.777077533985683,2,2,0.128,960.0,0.9685422331094742,0.9859270080561116,-0.4359270080561115
69,69,categorical_soft,0,0,False,0.0,0.0,1.0,0.0,0.0,1,-1.0,0.20127104306593538,3.0194556951522826,1.6940733432769775,-5.448902559280396,0.20127104306593538,0.7894813088567887,0.21034775822626434,0.0001709329169469296,0.7894813088567887,0.21034775822626434,0.0001709329169469296,0.7894813088567887,0.21034775822626434,-0.7893103759398418,1,1,0.128,720.0,0.8523540496826172,0.9814357017170758,-0.4314357017170758
70,70,categorical_soft,0,0,False,0.0,0.0,1.0,0.0,0.0,1,-1.0,0.2804716728627682,0.46285009682178496,2.2785941123962403,-2.672606325149536,0.2804716728627682,0.14005942708963054,0.8538860112011427,0.006054561709226719,0.14005942708963054,0.8538860112011427,0.006054561709226719,0.14005942708963054,0.8538860112011427,-0.13400486538040382,2,2,0.0,720.0,0.44834649562835693,0.8789702181222038,-0.32897021812220373
71,71,categorical_soft,0,0,False,0.0,0.0,1.0,0.0,0.0,1,-1.0,0.16508157458156347,1.8900331258773804,1.4812974810600281,-3.6223267555236816,0.16508157458156347,0.5986235841554912,0.39891590157482415,0.0024605142696845703,0.5986235841554912,0.39891590157482415,0.0024605142696845703,0.5986235841554912,0.39891590157482415,-0.5961630698858067,1,1,0.032,780.0,0.8637105077505112,0.981132042637916,-0.43113204263791594
72,72,categorical_soft,1,1,False,0.0,0.0,0.0,1.0,0.0,2,-1.0,0.314228486828506,-0.1562481127679348,2.223942494392395,-1.9331644415855407,0.314228486828506,0.08361426773711197,0.9021996944118331,0.014186037851054942,0.08361426773711197,0.9021996944118331,0.014186037851054942,0.9021996944118331,0.08361426773711197,-0.8880136565607781,2,2,0.064,1100.0,0.8855261914432049,0.9752206615559437,-0.4252206615559436
73,73,categorical_soft,1,1,True,0.22352256546050314,0.0,0.0,0.7764774560928345,0.22352255880832672,2,-0.5529548972845078,0.10276493281126023,0.4570605278015137,0.5008328944444657,-0.2907392352819443,0.10276493281126023,0.3973134023623044,0.41404170047956323,0.1886448971581323,0.3973134023623044,0.41404170047956323,0.1886448971581323,0.41404170047956323,0.3973134023623044,-0.22539680332143094,2,2,0.032,1070.0,0.41934990882873535,0.805071285281604,-0.25507128528160394
74,74,categorical_soft,1,1,False,0.0,0.0,0.0,1.0,0.0,2,-1.0,0.4621312692761421,-0.6676826715469361,1.5433715462684632,-0.701084989309311,0.4621312692761421,0.0901001408983427,0.822138544876142,0.08776131422551514,0.0901001408983427,0.822138544876142,0.08776131422551514,0.822138544876142,0.0901001408983427,-0.7343772306506269,2,2,0.256,470.0,0.750457413494587,0.9774343798942589,-0.4274343798942588
75,75,categorical_soft,0,0,True,0.13853784026948351,0.0,0.8614621758460999,0.0,0.13853783905506134,1,-0.7229243367910385,0.03793468475341797,2.760704684257507,1.215355122089386,-3.9220803022384643,0.03793468475341797,0.8210372342423897,0.1779348691040559,0.0010278966535545119,0.8210372342423897,0.1779348691040559,0.0010278966535545119,0.8210372342423897,0.1779348691040559,-0.8200093375888352,1,1,0.512,1130.0,1.367600105702877,0.9975399784909955,-0.44753997849099547
76,76,categorical_soft,1,1,False,0.0,0.0,0.0,1.0,0.0,2,-1.0,0.22345535792410373,-0.6595748841762543,1.8052774906158446,-0.8953021943569184,0.22345535792410373,0.0737636001767706,0.8672387753106345,0.058997624512594694,0.0737636001767706,0.8672387753106345,0.058997624512594694,0.8672387753106345,0.0737636001767706,-0.8082411507980398,2,2,0.256,570.0,0.875366348773241,0.9860973961582832,-0.43609739615828313
77,77,categorical_soft,0,0,True,0.2843102796255571,0.0,0.7156897187232971,0.0,0.2843102812767029,1,-0.43137943744659424,0.024420500732958317,-0.19053293764591217,0.5855541944503784,-0.0279920794069767,0.024420500732958317,0.2299662453771513,0.4995616819659717,0.27047207265687706,0.2299662453771513,0.4995616819659717,0.27047207265687706,0.2299662453771513,0.4995616819659717,0.040505827279725765,2,2,0.0,540.0,0.20403078198432922,0.7309183744348664,-0.18091837443486636
78,78,categorical_soft,0,0,False,0.0,0.0,1.0,0.0,0.0,1,-1.0,0.350356530956924,0.9193370282649994,1.9339087367057801,-2.803401827812195,0.350356530956924,0.2655576357960482,0.7279890957791815,0.006453268424770392,0.2655576357960482,0.7279890957791815,0.006453268424770392,0.2655576357960482,0.7279890957791815,-0.2591043673712778,2,2,0.0,620.0,0.4462731406092644,0.8902290393494401,-0.34022903934944004
79,79,categorical_soft,0,0,False,0.0,0.0,1.0,0.0,0.0,1,-1.0,0.18593596816062927,6.638599681854248,3.049670672416687,-12.105445384979248,0.18593596816062927,0.9730987303181488,0.02690126204227609,7.639574974548934e-09,0.9730987303181488,0.02690126204227609,7.639574974548934e-09,0.9730987303181488,0.02690126204227609,-0.9730987226785738,1,1,0.512,1000.0,1.1299725770950317,0.9932690070609597,-0.4432690070609596
80,80,categorical_soft,0,0,False,0.0,0.0,1.0,0.0,0.0,1,-1.0,0.26873063649982215,1.3852182865142821,1.6506696820259095,-3.010062336921692,0.26873063649982215,0.4325354181964526,0.5621643793618664,0.005300202441681133,0.4325354181964526,0.5621643793618664,0.005300202441681133,0.4325354181964526,0.5621643793618664,-0.42723521575477147,2,2,0.064,800.0,0.7522460445761681,0.9670563502311729,-0.4170563502311728
81,81,categorical_soft,1,1,False,0.0,0.0,0.0,1.0,0.0,2,-1.0,0.2703321143984795,0.4921493321657181,1.8429001927375794,-2.211565542221069,0.2703321143984795,0.2033204197348984,0.7830730416178178,0.013606538647283733,0.2033204197348984,0.7830730416178178,0.013606538647283733,0.7830730416178178,0.2033204197348984,-0.769466502970534,2,2,0.0,870.0,0.6061205714941025,0.9293726519956671,-0.37937265199566705
82,82,categorical_soft,1,1,True,0.23795408725147604,0.0,0.0,0.7620459198951721,0.23795408010482788,2,-0.5240918397903442,0.05856898510828614,0.4282032877206802,0.4150844007730484,-0.24386138767004012,0.05856898510828614,0.40079501265223005,0.3950751441847543,0.20412984316301563,0.40079501265223005,0.3950751441847543,0.20412984316301563,0.3950751441847543,0.40079501265223005,-0.19094530102173868,1,1,0.0,890.0,0.35041680932044983,0.7852620969120172,-0.23526209691201716
83,83,categorical_soft,0,0,True,0.36947866635092386,0.0,0.6305213570594788,0.0,0.36947867274284363,1,-0.26104268431663513,-0.028054054640233517,0.35941665172576903,0.798903226852417,-0.22645073086023332,-0.028054054640233517,0.32201337555702036,0.4987502217105968,0.17923640273238295,0.32201337555702036,0.4987502217105968,0.17923640273238295,0.32201337555702036,0.4987502217105968,-0.14277697282463742,2,2,0.0,950.0,0.22867665439844131,0.651605641655162,-0.10160564165516195
84,84,categorical_soft,1,1,False,0.0,0.0,0.0,1.0,0.0,2,-1.0,0.1839847563765943,1.155972170829773,1.7549874424934386,-2.8215259313583374,0.1839847563765943,0.35254365138084287,0.6408510065616324,0.006605342057524642,0.35254365138084287,0.6408510065616324,0.006605342057524642,0.6408510065616324,0.35254365138084287,-0.6342456645041078,2,2,0.0,1000.0,0.550745278596878,0.8955086415069909,-0.3455086415069909
85,85,categorical_soft,1,1,False,0.0,0.0,0.0,1.0,0.0,2,-1.0,0.4185351185500622,-0.4733193933963776,1.6151592254638671,-1.0010911762714385,0.4185351185500622,0.10361219277118497,0.8350309034395476,0.06135690378926749,0.10361219277118497,0.8350309034395476,0.06135690378926749,0.8350309034395476,0.10361219277118497,-0.77367399965028,2,2,0.256,930.0,0.8126536016352475,0.9712387698232933,-0.4212387698232932
86,86,categorical_soft,0,0,True,0.1401671634825094,0.0,0.8598328232765198,0.0,0.14016716182231903,1,-0.7196656614542007,-0.00551938246935606,0.1432956226170063,0.15042547918856145,-0.0396168414503336,-0.00551938246935606,0.3518448753083935,0.3550082879382053,0.29314683675340125,0.3518448753083935,0.3550082879382053,0.29314683675340125,0.3518448753083935,0.3550082879382053,-0.05869803855499223,2,2,0.128,720.0,1.0018488429486752,0.99100729361372,-0.44100729361371993
87,87,categorical_soft,0,0,True,0.1579737808476096,0.0,0.8420262336730957,0.0,0.1579737812280655,1,-0.6840524524450302,0.03326109675690532,-0.36081440150737765,0.9650213479995727,-0.11336468532681465,0.03326109675690532,0.1655194960402241,0.6226829943635732,0.21179750959620286,0.1655194960402241,0.6226829943635732,0.21179750959620286,0.1655194960402241,0.6226829943635732,0.04627801355597877,2,2,0.128,440.0,0.5102233439683914,0.9324090586510734,-0.38240905865107333
88,88,categorical_soft,1,1,True,0.15601400032370472,0.0,0.0,0.8439859747886658,0.15601399540901184,2,-0.6879719793796539,0.06774170408025385,-0.446944922208786,1.0488958954811096,-0.22341239005327224,0.06774170408025385,0.14922378933091215,0.6643868941899128,0.18638931647917523,0.14922378933091215,0.6643868941899128,0.18638931647917523,0.6643868941899128,0.14922378933091215,-0.4779975777107376,2,2,0.064,920.0,0.6466557011008263,0.9379630827620945,-0.38796308276209446
89,89,categorical_soft,0,0,True,0.13867979422016208,0.0,0.8613201975822449,0.0,0.13867978751659393,1,-0.7226404100656509,0.015386635251343251,0.2138551354408264,0.06805647797882557,0.007608658261597156,0.015386635251343251,0.37356071512501143,0.3228509526807438,0.3035883321942447,0.37356071512501143,0.3228509526807438,0.3035883321942447,0.37356071512501143,0.3228509526807438,-0.06997238293076674,1,1,0.512,550.0,1.1821235120296478,0.9969605032899925,-0.4469605032899925
90,90,categorical_soft,0,0,False,0.0,0.0,1.0,0.0,0.0,1,-1.0,0.14396516270935536,5.422454404830932,2.5448708057403566,-9.89700288772583,0.14396516270935536,0.9465739942807927,0.05342577589406803,2.2982513925440665e-07,0.9465739942807927,0.05342577589406803,2.2982513925440665e-07,0.9465739942807927,0.05342577589406803,-0.9465737644556534,1,1,0.512,880.0,1.2769555374979973,0.997160080993963,-0.447160080993963
91,91,categorical_soft,0,0,True,0.1385059640391194,0.0,0.8614940643310547,0.0,0.1385059654712677,1,-0.722988098859787,0.04246716424822807,0.274249204993248,0.06709811016917229,0.022390843834728003,0.04246716424822807,0.38644607567173284,0.31341767832391837,0.30013624600434874,0.38644607567173284,0.31341767832391837,0.30013624600434874,0.38644607567173284,0.31341767832391837,-0.0863098296673841,1,1,0.512,1080.0,1.366443656384945,0.9976703801408602,-0.44767038014086014
92,92,categorical_soft,1,1,False,0.0,0.0,0.0,1.0,0.0,2,-1.0,0.3453909859061241,-0.40825373828411105,1.993194043636322,-1.5388318657875062,0.3453909859061241,0.0809148121172569,0.8926557742323101,0.02642941365043302,0.0809148121172569,0.8926557742323101,0.02642941365043302,0.8926557742323101,0.0809148121172569,-0.8662263605818771,2,2,0.256,560.0,0.9402712360024452,0.9899754196958969,-0.4399754196958968
93,93,categorical_soft,0,0,False,0.0,0.0,1.0,0.0,0.0,1,-1.0,0.09909934662282467,4.58145170211792,2.114200806617737,-8.32058401107788,0.09909934662282467,0.921791010102794,0.07820655964078334,2.4302564228515052e-06,0.921791010102794,0.07820655964078334,2.4302564228515052e-06,0.921791010102794,0.07820655964078334,-0.9217885798463711,1,1,0.256,1010.0,0.89406618475914,0.9786080040410493,-0.42860800404104926
94,94,categorical_soft,0,0,False,0.0,0.0,1.0,0.0,0.0,1,-1.0,0.1427554816007614,2.777145004272461,1.4934497714042663,-4.936112260818481,0.1427554816007614,0.7822900064013025,0.2173518604192204,0.000358133179477074,0.7822900064013025,0.2173518604192204,0.000358133179477074,0.7822900064013025,0.2173518604192204,-0.7819318732218254,1,1,0.032,1190.0,0.02443823218345642,0.33922723566905744,0.2107727643309426
95,95,categorical_soft,1,1,False,0.0,0.0,0.0,1.0,0.0,2,-1.0,0.3113542012870312,-0.535693782567978,1.7056627988815307,-0.9361883401870728,0.3113542012870312,0.09031190069574818,0.8488536339237385,0.06083446538051331,0.09031190069574818,0.8488536339237385,0.06083446538051331,0.8488536339237385,0.09031190069574818,-0.7880191685432252,2,2,0.128,600.0,0.7799523025751114,0.9771726121679656,-0.42717261216796554
96,96,categorical_soft,1,1,False,0.0,0.0,0.0,1.0,0.0,2,-1.0,0.331223264336586,-0.5958237290382385,1.5298956632614136,-0.7990396797657013,0.331223264336586,0.09807337183268913,0.8215859719749254,0.08034065619238555,0.09807337183268913,0.8215859719749254,0.08034065619238555,0.8215859719749254,0.09807337183268913,-0.7412453157825399,2,2,0.128,540.0,0.7702847868204117,0.9777200244845375,-0.4277200244845375
97,97,categorical_soft,0,0,False,0.0,0.0,1.0,0.0,0.0,1,-1.0,0.15372481923550368,3.307097887992859,1.6427661418914794,-6.0856670379638675,0.15372481923550368,0.8406431349516769,0.1592839873741499,7.287767417313565e-05,0.8406431349516769,0.1592839873741499,7.287767417313565e-05,0.8406431349516769,0.1592839873741499,-0.8405702572775037,1,1,0.128,850.0,0.8069951236248016,0.9730954313510861,-0.42309543135108607
98,98,categorical_soft,0,0,False,0.0,0.0,1.0,0.0,0.0,1,-1.0,0.2220868282020092,5.11762056350708,2.339743638038635,-9.246597194671631,0.2220868282020092,0.9414248607781109,0.058574569772505115,5.694493839777262e-07,0.9414248607781109,0.058574569772505115,5.694493839777262e-07,0.9414248607781109,0.058574569772505115,-0.941424291328727,1,1,0.256,1130.0,0.940323144197464,0.980270773974937,-0.43027077397493696
99,99,categorical_soft,1,1,False,0.0,0.0,0.0,1.0,0.0,2,-1.0,0.4039641089737415,-0.7017472863197327,1.4066220760345458,-0.631799578666687,0.4039641089737415,0.09696540996656453,0.7983165245175561,0.10471806551587945,0.09696540996656453,0.7983165245175561,0.10471806551587945,0.7983165245175561,0.09696540996656453,-0.6935984590016766,2,2,0.256,770.0,0.8457882143557072,0.9796723792946275,-0.4296723792946274
100,100,categorical_soft,0,0,True,0.3376142361206555,0.0,0.6623857617378235,0.0,0.3376142382621765,1,-0.324771523475647,0.01605611853301525,-0.5129800945520401,1.1229757785797119,-0.13905540034174918,0.01605611853301525,0.13184846871909398,0.6764314188107184,0.1917201124701876,0.13184846871909398,0.6764314188107184,0.1917201124701876,0.13184846871909398,0.6764314188107184,0.059871643751093634,2,2,0.032,440.0,0.12880773842334747,0.6792309287486062,-0.1292309287486062
101,101,categorical_soft,0,0,False,0.0,0.0,1.0,0.0,0.0,1,-1.0,0.14390650372952224,3.9425331354141235,1.8127828359603881,-7.092786264419556,0.14390650372952224,0.8937120651334178,0.10627298186391639,1.495300266594951e-05,0.8937120651334178,0.10627298186391639,1.495300266594951e-05,0.8937120651334178,0.10627298186391639,-0.8936971121307519,1,1,0.128,830.0,0.830107644200325,0.9764743892344655,-0.42647438923446546
102,102,categorical_soft,1,1,False,0.0,0.0,0.0,1.0,0.0,2,-1.0,0.34664402306079867,-0.5144871056079865,2.0595388412475586,-1.2532868027687072,0.34664402306079867,0.06861350674665549,0.8983776271347873,0.03300886611855722,0.06861350674665549,0.8983776271347873,0.03300886611855722,0.8983776271347873,0.06861350674665549,-0.8653687610162301,2,2,0.512,1170.0,0.895032768137753,0.9742936447438079,-0.4242936447438078
103,103,categorical_soft,0,0,False,0.0,0.0,1.0,0.0,0.0,1,-1.0,0.15330366510897875,2.6694769620895387,1.3839966654777527,-4.777285814285278,0.15330366510897875,0.7829788595543643,0.21655422269872043,0.00046691774691526837,0.7829788595543643,0.21655422269872043,0.00046691774691526837,0.7829788595543643,0.21655422269872043,-0.782511941807449,1,1,0.0,1100.0,0.23338864743709564,0.6150104376710481,-0.06501043767104808
104,104,categorical_soft,1,1,True,0.4096164916586834,0.0,0.0,0.5903835296630859,0.40961650013923645,2,-0.1807670295238495,0.13890516404062508,-0.004512197710573674,1.5312708020210266,-0.6334697902202606,0.13890516404062508,0.16243772606877988,0.7512032188820499,0.08635905504917023,0.16243772606877988,0.7512032188820499,0.08635905504917023,0.7512032188820499,0.16243772606877988,-0.6648441638328797,2,2,0.032,540.0,0.09940434992313385,0.618978002070126,-0.06897800207012594
105,105,categorical_soft,1,1,True,0.18887130337457675,0.0,0.0,0.8111286759376526,0.18887130916118622,2,-0.6222573667764664,-0.003467676788568497,-0.147649634629488,0.5318112015724182,-0.07070075497031211,-0.003467676788568497,0.24673745464325214,0.4867659204955081,0.2664966248612397,0.24673745464325214,0.4867659204955081,0.2664966248612397,0.4867659204955081,0.24673745464325214,-0.2202692956342684,2,2,0.064,550.0,0.3758755214512348,0.8619496191417857,-0.31194961914178565
106,106,categorical_soft,1,1,False,0.0,0.0,0.0,1.0,0.0,2,-1.0,0.23011440746486186,-0.4306897044181824,1.7362931966781616,-1.0183714270591735,0.23011440746486186,0.09732892630785936,0.8485632677040733,0.05410780598806714,0.09732892630785936,0.8485632677040733,0.05410780598806714,0.8485632677040733,0.09732892630785936,-0.7944554617160062,2,2,0.064,500.0,0.7896378748118877,0.9806371703308566,-0.4306371703308566
107,107,categorical_soft,0,0,False,0.0,0.0,1.0,0.0,0.0,1,-1.0,0.14822060260921716,3.8494077920913696,1.8670429468154908,-7.07119197845459,0.14822060260921716,0.8789016509138177,0.1210818086389839,1.6540447198353673e-05,0.8789016509138177,0.1210818086389839,1.6540447198353673e-05,0.8789016509138177,0.1210818086389839,-0.8788851104666193,1,1,0.064,1090.0,0.6760236322879791,0.9343389584901522,-0.3843389584901522
108,108,categorical_soft,1,1,False,0.0,0.0,0.0,1.0,0.0,2,-1.0,0.45672348141670227,-0.6029249906539917,1.6623435735702514,-0.9375118494033814,0.45672348141670227,0.08812601605864114,0.8484681522626605,0.06340583167869826,0.08812601605864114,0.8484681522626605,0.06340583167869826,0.8484681522626605,0.08812601605864114,-0.7850623205839622,2,2,0.512,420.0,0.9626827612519264,0.9923966606535153,-0.44239666065351524
109,109,categorical_soft,0,0,True,0.13903218305788395,0.0,0.8609678149223328,0.0,0.13903218507766724,1,-0.7219356298446655,0.09953783825039864,2.6390363216400146,1.1692742466926576,-3.5370331764221192,0.09953783825039864,0.8088521925505479,0.18945479397321735,0.0016930134762349065,0.8088521925505479,0.18945479397321735,0.0016930134762349065,0.8088521925505479,0.18945479397321735,-0.8071591790743129,1,1,0.256,1090.0,1.2358582559973001,0.9955306831056581,-0.445530683105658
110,110,categorical_soft,1,1,False,0.0,0.0,0.0,1.0,0.0,2,-1.0,0.21749918088316916,-0.22186915278434755,1.9867053389549256,-1.7147663950920105,0.21749918088316916,0.09688910885555281,0.8812634167178384,0.0218474744266088,0.09688910885555281,0.8812634167178384,0.0218474744266088,0.8812634167178384,0.09688910885555281,-0.8594159422912295,2,2,0.032,490.0,0.6406727135181427,0.9610210045554824,-0.4110210045554824
111,111,categorical_soft,1,1,False,0.0,0.0,0.0,1.0,0.0,2,-1.0,0.3384916350245476,-0.1983623486943543,2.3117597818374636,-1.933683180809021,0.3384916350245476,0.07445993919028504,0.9122893689891184,0.01325069182059672,0.07445993919028504,0.9122893689891184,0.01325069182059672,0.9122893689891184,0.07445993919028504,-0.8990386771685217,2,2,0.032,600.0,0.29688987880945206,0.7995060550026047,-0.2495060550026047
112,112,categorical_soft,1,1,True,0.1814254125808215,0.0,0.0,0.8185746073722839,0.18142540752887726,2,-0.6371491998434067,0.01978843044489622,-0.1673991896212101,0.4639405786991119,-0.0011935994494706391,0.01978843044489622,0.24622618827755463,0.4629832827380568,0.2907905289843887,0.24622618827755463,0.4629832827380568,0.2907905289843887,0.4629832827380568,0.24622618827755463,-0.1721927537536681,2,2,0.064,1090.0,0.5347029687836766,0.8766373137828818,-0.32663731378288174
113,113,categorical_soft,0,0,False,0.0,0.0,1.0,0.0,0.0,1,-1.0,0.21681488137692212,2.4144119739532472,1.6796008229255677,-4.485756492614746,0.21681488137692212,0.6729176790770112,0.3263801600912278,0.0007021608317611834,0.6729176790770112,0.3263801600912278,0.0007021608317611834,0.6729176790770112,0.3263801600912278,-0.6722155182452499,1,1,0.128,740.0,0.859238401055336,0.9816118736481374,-0.43161187364813736
114,114,categorical_soft,0,0,True,0.1397140909595591,0.0,0.8602859377861023,0.0,0.1397140920162201,1,-0.7205718457698822,0.061481799185276034,0.7638539135456085,0.3978713721036911,-0.5245996803045273,0.061481799185276034,0.5075621226406888,0.35149310345590695,0.1409447739034043,0.5075621226406888,0.35149310345590695,0.1409447739034043,0.5075621226406888,0.35149310345590695,-0.36661734873728447,1,1,0.128,1110.0,1.143107857555151,0.992798274687235,-0.442798274687235
115,115,categorical_soft,0,0,False,0.0,0.0,1.0,0.0,0.0,1,-1.0,0.10891133267432451,3.1002960920333864,1.6319625973701477,-5.554799032211304,0.10891133267432451,0.8124820571951247,0.1873703497390033,0.00014759306587196745,0.8124820571951247,0.1873703497390033,0.00014759306587196745,0.8124820571951247,0.1873703497390033,-0.8123344641292527,1,1,0.256,400.0,0.8786294907331467,0.9888229953165317,-0.4388229953165317
116,116,categorical_soft,0,0,True,0.13828874431963267,0.0,0.8617112636566162,0.0,0.13828875124454498,1,-0.7234225124120712,0.08267496749758721,0.9759045660495758,0.6655430555343628,-0.8249173760414124,0.08267496749758721,0.5258680117465485,0.3849691735504039,0.08916281470304757,0.5258680117465485,0.3849691735504039,0.08916281470304757,0.5258680117465485,0.3849691735504039,-0.43670519704350097,1,1,0.512,690.0,1.3690884998068213,0.9985617374980715,-0.4485617374980715
117,117,categorical_soft,1,1,True,0.3776829839284971,0.0,0.0,0.6223170161247253,0.37768298387527466,2,-0.24463403224945068,-0.0016232868656516075,-0.11504076980054379,1.102278482913971,-0.2475740984082222,-0.0016232868656516075,0.19055156069769433,0.6426365120934974,0.16681192720880833,0.19055156069769433,0.6426365120934974,0.16681192720880833,0.6426365120934974,0.19055156069769433,-0.47582458488468904,2,2,0.032,1090.0,0.25692538917064667,0.6447691894907673,-0.09476918949076729
118,118,categorical_soft,0,0,False,0.0,0.0,1.0,0.0,0.0,1,-1.0,0.25955745205283165,1.115833866596222,2.018540644645691,-3.032672309875488,0.25955745205283165,0.2892828179972258,0.7061393932173265,0.0045777887854476585,0.2892828179972258,0.7061393932173265,0.0045777887854476585,0.2892828179972258,0.7061393932173265,-0.28470502921177815,2,2,0.0,530.0,0.14550048112869263,0.6734340588596291,-0.1234340588596291
119,119,categorical_soft,1,1,False,0.0,0.0,0.0,1.0,0.0,2,-1.0,0.30585219115018847,0.9603403270244598,1.9817114233970643,-2.7546393632888795,0.30585219115018847,0.26380353480592245,0.7297266788616146,0.006469786332462801,0.26380353480592245,0.7297266788616146,0.006469786332462801,0.7297266788616146,0.26380353480592245,-0.7232568925291518,2,2,0.032,1020.0,0.7461745217442513,0.9562448127595157,-0.4062448127595156
120,120,categorical_soft,0,0,False,0.0,0.0,1.0,0.0,0.0,1,-1.0,0.1977998713031411,2.796185040473938,1.4337716102600098,-5.003052520751953,0.1977998713031411,0.795722620535001,0.20393836205136293,0.0003390174136359374,0.795722620535001,0.20393836205136293,0.0003390174136359374,0.795722620535001,0.20393836205136293,-0.795383603121365,1,1,0.064,1140.0,0.8811020478606224,0.9734726540334536,-0.4234726540334536
121,121,categorical_soft,1,1,False,0.0,0.0,0.0,1.0,0.0,2,-1.0,0.28302437365055083,1.3350236773490907,1.7813212633132935,-3.1753035306930544,0.28302437365055083,0.3892984152535665,0.6063738604161003,0.004327724330333161,0.3892984152535665,0.6063738604161003,0.004327724330333161,0.6063738604161003,0.3892984152535665,-0.6020461360857672,2,2,0.032,1030.0,0.44420781126245856,0.8304270220552399,-0.28042702205523984
122,122,categorical_soft,0,0,False,0.0,0.0,1.0,0.0,0.0,1,-1.0,0.1179157542064786,2.0090763092041017,1.3732199788093566,-3.676839017868042,0.1179157542064786,0.6518000713112576,0.3459681394435402,0.002231789245202248,0.6518000713112576,0.3459681394435402,0.002231789245202248,0.6518000713112576,0.3459681394435402,-0.6495682820660553,1,1,0.032,770.0,0.5590284466743469,0.921742720182926,-0.371742720182926
123,123,categorical_soft,1,1,False,0.0,0.0,0.0,1.0,0.0,2,-1.0,0.2405411299318075,1.9002493023872375,1.8830741047859192,-4.025985431671143,0.2405411299318075,0.5036043887452326,0.49502792721032274,0.0013676840444446813,0.5036043887452326,0.49502792721032274,0.0013676840444446813,0.49502792721032274,0.5036043887452326,-0.49366024316587803,1,1,0.064,970.0,0.8382994756102562,0.9733338173655368,-0.42333381736553677
124,124,categorical_soft,1,1,False,0.0,0.0,0.0,1.0,0.0,2,-1.0,0.2515407335013151,0.5750881373882294,1.7247084736824037,-2.292418098449707,0.2515407335013151,0.23772631888651138,0.7486828698947764,0.01359081121871222,0.23772631888651138,0.7486828698947764,0.01359081121871222,0.7486828698947764,0.23772631888651138,-0.7350920586760642,2,2,0.064,900.0,0.7135881632566452,0.9555940568279244,-0.4055940568279244
125,125,categorical_soft,1,1,True,0.5794127886650615,0.0,0.0,0.4205872118473053,0.5794128179550171,3,0.1588256061077118,0.0665717227384448,-0.183989080786705,0.6116099953651428,-0.07424150332808495,0.0665717227384448,0.23075545420712879,0.5114449846009799,0.2577995611918913,0.23075545420712879,0.5114449846009799,0.2577995611918913,0.5114449846009799,0.23075545420712879,-0.2536454234090886,2,2,0.0,630.0,0.014298170804977417,0.489638852732902,0.06036114726709807
126,126,categorical_soft,0,0,False,0.0,0.0,1.0,0.0,0.0,1,-1.0,0.11425738390535116,2.562873864173889,1.7073075294494628,-4.5822124004364015,0.11425738390535116,0.7010543235884548,0.2983725337009349,0.0005731427106104559,0.7010543235884548,0.2983725337009349,0.0005731427106104559,0.7010543235884548,0.2983725337009349,-0.7004811808778443,1,1,0.064,710.0,0.7786474227905273,0.9738569134677411,-0.423856913467741
127,127,categorical_soft,1,1,True,0.14917704361324657,0.0,0.0,0.8508229851722717,0.14917704463005066,2,-0.7016459405422211,0.03529464341700077,-0.25490251183509827,0.9706360459327698,-0.22357175201177598,0.03529464341700077,0.18397817666898195,0.6255714544720201,0.19045036885899796,0.18397817666898195,0.6255714544720201,0.19045036885899796,0.6255714544720201,0.18397817666898195,-0.43512108561302215,2,2,0.256,800.0,0.7053017374128103,0.9588614438144833,-0.4088614438144833
128,128,categorical_soft,0,0,False,0.0,0.0,1.0,0.0,0.0,1,-1.0,0.13855475038290024,4.204033470153808,1.992957627773285,-7.700253248214722,0.13855475038290024,0.901161728794244,0.09883166577129397,6.605434461962778e-06,0.901161728794244,0.09883166577129397,6.605434461962778e-06,0.901161728794244,0.09883166577129397,-0.9011551233597821,1,1,0.256,810.0,0.9328049719333649,0.9859995425646517,-0.4359995425646517
129,129,categorical_soft,1,1,False,0.0,0.0,0.0,1.0,0.0,2,-1.0,0.3457967467606068,-0.1783575050532818,2.111151170730591,-1.8091045141220092,0.3457967467606068,0.09040996705988183,0.8917752326600621,0.01781480028005617,0.09040996705988183,0.8917752326600621,0.01781480028005617,0.8917752326600621,0.09040996705988183,-0.8739604323800059,2,2,0.0,740.0,0.4401589300541673,0.8719570289551434,-0.32195702895514333
130,130,categorical_soft,0,0,True,0.13932300532074077,0.0,0.8606770038604736,0.0,0.13932301104068756,1,-0.7213539928197861,0.0588797302916646,0.40996769070625305,0.11663904301822185,-0.07260046405717731,0.0588797302916646,0.423838773142602,0.3148817635509984,0.26127946330639956,0.423838773142602,0.3148817635509984,0.26127946330639956,0.423838773142602,0.3148817635509984,-0.16255930983620243,1,1,0.256,760.0,1.1072956509888172,0.9943598641772323,-0.4443598641772323
131,131,categorical_soft,1,1,True,0.26710387641292066,0.0,0.0,0.7328961491584778,0.2671038806438446,2,-0.4657922685146332,0.013889995403587818,-0.1726396419107914,0.5565287679433822,-0.05988686708733439,0.013889995403587818,0.2386890365810479,0.49445243983300474,0.26685852358594736,0.2386890365810479,0.49445243983300474,0.26685852358594736,0.49445243983300474,0.2386890365810479,-0.22759391624705738,2,2,0.0,450.0,0.20189611613750458,0.7497536010137897,-0.1997536010137897
132,132,categorical_soft,1,1,True,0.1942978501231068,0.0,0.0,0.8057021498680115,0.19429785013198853,2,-0.611404299736023,0.09813517350703478,-0.46383407711982727,1.0717784285545349,-0.22797168493270875,0.09813517350703478,0.14501066767037402,0.6714831778765917,0.18350615445303423,0.14501066767037402,0.6714831778765917,0.18350615445303423,0.6714831778765917,0.14501066767037402,-0.48797702342355753,2,2,0.0,450.0,0.33466777577996254,0.8519102310008333,-0.30191023100083325
133,133,categorical_soft,1,1,True,0.1479900162383735,0.0,0.0,0.8520100116729736,0.14799001812934875,2,-0.7040199935436249,0.11064893342554569,-0.5322199195623398,1.3242783546447754,-0.33463987708091736,0.11064893342554569,0.11610567410378995,0.7422561867190194,0.14163813917719068,0.11610567410378995,0.7422561867190194,0.14163813917719068,0.7422561867190194,0.11610567410378995,-0.6006180475418287,2,2,0.256,1060.0,0.7902041841298342,0.9627634908850646,-0.4127634908850646
134,134,categorical_soft,1,1,False,0.0,0.0,0.0,1.0,0.0,2,-1.0,0.38520155996084215,-0.5420245319604874,1.3896989583969117,-0.6443771481513977,0.38520155996084215,0.11363309173601725,0.7831471641282957,0.10321974413568699,0.11363309173601725,0.7831471641282957,0.10321974413568699,0.7831471641282957,0.11363309173601725,-0.6799274199926086,2,2,0.512,420.0,0.9185963869094849,0.9905750027375144,-0.4405750027375144
135,135,categorical_soft,1,1,False,0.0,0.0,0.0,1.0,0.0,2,-1.0,0.39409182146191596,-0.5771464049816132,1.6027771711349488,-0.8247135400772094,0.39409182146191596,0.09408726004039482,0.8321283525506559,0.07378438740894948,0.09408726004039482,0.8321283525506559,0.07378438740894948,0.8321283525506559,0.09408726004039482,-0.7583439651417064,2,2,0.128,550.0,0.8471453636884689,0.9844363066557632,-0.43443630665576316
136,136,categorical_soft,1,1,False,0.0,0.0,0.0,1.0,0.0,2,-1.0,0.24109868351370095,-0.36246771216392515,1.7716784834861756,-1.3058845162391663,0.24109868351370095,0.10166345081379421,0.8586467700513051,0.03968977913490059,0.10166345081379421,0.8586467700513051,0.03968977913490059,0.8586467700513051,0.10166345081379421,-0.8189569909164045,2,2,0.064,710.0,0.8296653404831886,0.9795348113878266,-0.42953481138782657
137,137,categorical_soft,1,1,False,0.0,0.0,0.0,1.0,0.0,2,-1.0,0.39345418885350225,-0.6505327939987182,1.4619114398956299,-0.7059304058551789,0.39345418885350225,0.09782711422780965,0.808825621278978,0.09334726449321241,0.09782711422780965,0.808825621278978,0.09334726449321241,0.808825621278978,0.09782711422780965,-0.7154783567857655,2,2,0.256,1170.0,0.9370100349187851,0.9789839075363657,-0.4289839075363656
138,138,categorical_soft,0,0,False,0.0,0.0,1.0,0.0,0.0,1,-1.0,0.21443686792626976,2.9264790773391725,1.531404149532318,-5.243707513809204,0.21443686792626976,0.8011948860895414,0.19857063064232794,0.0002344832681307252,0.8011948860895414,0.19857063064232794,0.0002344832681307252,0.8011948860895414,0.19857063064232794,-0.8009604028214107,1,1,0.256,520.0,0.7035814672708511,0.9700524971125286,-0.42005249711252857
139,139,categorical_soft,0,0,True,0.5633984061695912,0.0,0.43660157918930054,0.0,0.5633984208106995,3,0.12679684162139893,0.025102255307137965,-0.265230318903923,0.802072548866272,-0.06927445083856583,0.025102255307137965,0.19522411648258803,0.5672036984949271,0.23757218502248473,0.19522411648258803,0.5672036984949271,0.23757218502248473,0.19522411648258803,0.5672036984949271,0.0423480685398967,2,2,0.032,550.0,0.004771977663040161,0.5020469266401053,0.04795307335989474
140,140,categorical_soft,0,0,True,0.20074126903059886,0.0,0.7992587089538574,0.0,0.20074127614498138,1,-0.598517432808876,0.012762448750436306,0.1897774577140808,0.252802836894989,0.032799919880926606,0.012762448750436306,0.34281857814748073,0.3647754188091776,0.2924060030433418,0.34281857814748073,0.3647754188091776,0.2924060030433418,0.34281857814748073,0.3647754188091776,-0.050412575104138935,2,2,0.032,910.0,0.42986413836479187,0.8406197921304861,-0.29061979213048605
141,141,categorical_soft,0,0,True,0.13822393699639696,0.0,0.8617760539054871,0.0,0.13822393119335175,1,-0.7235521227121353,0.04923377800732851,2.3925461530685426,1.0403457760810852,-3.2325666427612303,0.04923377800732851,0.7896305366954286,0.20751846557371448,0.0028509977308569336,0.7896305366954286,0.20751846557371448,0.0028509977308569336,0.7896305366954286,0.20751846557371448,-0.7867795389645716,1,1,0.256,1090.0,1.5090577974915504,0.9988286034420863,-0.4488286034420863
142,142,categorical_soft,0,0,True,0.1386426140440054,0.0,0.8613573908805847,0.0,0.13864260911941528,1,-0.7227147817611694,0.13589060250669718,0.8619998753070831,0.5188288539648056,-0.6501153171062469,0.13589060250669718,0.5179020786268191,0.3675264702837574,0.11457145108942357,0.5179020786268191,0.3675264702837574,0.11457145108942357,0.5179020786268191,0.3675264702837574,-0.40333062753739557,1,1,0.512,520.0,1.1852051876485348,0.9971120824108168,-0.4471120824108168
143,143,categorical_soft,1,1,False,0.0,0.0,0.0,1.0,0.0,2,-1.0,0.33172500394284726,-0.453342404961586,1.816605281829834,-1.25838143825531,0.33172500394284726,0.08991137297369665,0.8695722500912689,0.04051637693503439,0.08991137297369665,0.8695722500912689,0.04051637693503439,0.8695722500912689,0.08991137297369665,-0.8290558731562345,2,2,0.128,820.0,0.8714949004352093,0.9809465115266203,-0.4309465115266202
144,144,categorical_soft,0,0,True,0.6047506896738587,0.0,0.39524930715560913,0.0,0.6047506928443909,3,0.20950138568878174,-0.014311641454696655,-0.11891495957970619,0.6478724598884582,-0.036516949720680716,-0.014311641454696655,0.23592098722148847,0.5078552605470087,0.25622375223150284,0.23592098722148847,0.5078552605470087,0.25622375223150284,0.23592098722148847,0.5078552605470087,0.02030276501001438,2,2,0.0,930.0,0.0715331882238388,0.46956332434263837,0.08043667565736168
145,145,categorical_soft,0,0,False,0.0,0.0,1.0,0.0,0.0,1,-1.0,0.29357708543539046,0.24068474248051644,2.2963061571121215,-2.4410409450531008,0.29357708543539046,0.11282078313893748,0.8794125203267622,0.007766696534300304,0.11282078313893748,0.8794125203267622,0.007766696534300304,0.11282078313893748,0.8794125203267622,-0.10505408660463718,2,2,0.0,720.0,0.18114810436964035,0.6614705638313395,-0.11147056383133946
146,146,categorical_soft,1,1,True,0.1519203241885233,0.0,0.0,0.8480796813964844,0.15192031860351562,2,-0.6961593627929688,0.02184245493263006,-0.22459808811545373,0.5930917263031006,-0.05333106182515621,0.02184245493263006,0.2247831768845888,0.5086855553375741,0.2665312677778371,0.2247831768845888,0.5086855553375741,0.2665312677778371,0.5086855553375741,0.2247831768845888,-0.242154287559737,2,2,0.032,760.0,0.654623880982399,0.9501698761583731,-0.4001698761583731
147,147,categorical_soft,0,0,True,0.14111425726669852,0.0,0.8588857650756836,0.0,0.1411142498254776,1,-0.717771515250206,0.1299139115959406,0.9333009123802185,0.980219566822052,-0.9582583844661713,0.1299139115959406,0.4548877101902703,0.4763169394470121,0.06879535036271751,0.4548877101902703,0.4763169394470121,0.06879535036271751,0.4548877101902703,0.4763169394470121,-0.3860923598275528,2,2,0.064,550.0,0.8895179703831673,0.9873244413996682,-0.4373244413996682
148,148,categorical_soft,0,0,False,0.0,0.0,1.0,0.0,0.0,1,-1.0,0.15806685434654355,3.6075957775115968,1.7404765129089355,-6.593339347839356,0.15806685434654355,0.8659949330814293,0.13397143352389157,3.363339467910452e-05,0.8659949330814293,0.13397143352389157,3.363339467910452e-05,0.8659949330814293,0.13397143352389157,-0.8659612996867502,1,1,0.256,640.0,0.9410156607627869,0.989011461538332,-0.4390114615383319
149,149,categorical_soft,1,1,False,0.0,0.0,0.0,1.0,0.0,2,-1.0,0.3632169641554356,-0.6362661600112915,1.536838412284851,-0.7533696949481964,0.3632169641554356,0.09355668791458085,0.821634415077356,0.08480889700806304,0.09355668791458085,0.821634415077356,0.08480889700806304,0.821634415077356,0.09355668791458085,-0.736825518069293,2,2,0.512,1010.0,0.884843185544014,0.9776384682656628,-0.42763846826566276
150,150,categorical_soft,1,1,True,0.2515553254723077,0.0,0.0,0.748444676399231,0.25155532360076904,2,-0.4968893527984619,0.008219525404274463,0.1344202056527138,0.47737528681755065,-0.08775984980165959,0.008219525404274463,0.31188271522294586,0.43874098842832837,0.24937629634872568,0.31188271522294586,0.43874098842832837,0.24937629634872568,0.43874098842832837,0.31188271522294586,-0.1893646920796027,2,2,0.0,1140.0,0.39154666662216187,0.76804389163125,-0.21804389163124993
151,151,categorical_soft,1,1,True,0.16508592190326005,0.0,0.0,0.8349140882492065,0.16508592665195465,2,-0.6698281615972519,-0.011121886037290096,-0.36483488976955414,0.7593493700027466,-0.0811309026554227,-0.011121886037290096,0.18481148022307176,0.5690935904261807,0.24609492935074756,0.18481148022307176,0.5690935904261807,0.24609492935074756,0.5690935904261807,0.18481148022307176,-0.3229986610754331,2,2,0.064,450.0,0.4585789884440601,0.9136067979112812,-0.36360679791128114
152,152,categorical_soft,0,0,True,0.13982705296845277,0.0,0.8601729273796082,0.0,0.13982705771923065,1,-0.7203458696603775,-0.024904656037688256,0.3161001741886139,0.15286346524953842,-0.06696570962667465,-0.024904656037688256,0.3953445130973044,0.3356454497880984,0.26901003711459726,0.3953445130973044,0.3356454497880984,0.26901003711459726,0.3953445130973044,0.3356454497880984,-0.12633447598270714,1,1,0.256,680.0,1.0252197608351707,0.9923499347600208,-0.4423499347600207
153,153,categorical_soft,1,1,False,0.0,0.0,0.0,1.0,0.0,2,-1.0,0.36135128438472747,-0.5464285880327224,1.9270808339118957,-1.1984928369522094,0.36135128438472747,0.07472109211873526,0.8860315363808621,0.039247371500402486,0.07472109211873526,0.8860315363808621,0.039247371500402486,0.8860315363808621,0.07472109211873526,-0.8467841648804596,2,2,0.128,570.0,0.8900863528251648,0.9870548531058613,-0.43705485310586123
154,154,categorical_soft,1,1,True,0.38718682720448966,0.0,0.0,0.6128131747245789,0.38718682527542114,2,-0.22562634944915771,0.02475212886929512,-0.4056165277957916,1.065488600730896,-0.14981856122612952,0.02475212886929512,0.1508778406763735,0.6547124378176113,0.19440972150601518,0.1508778406763735,0.6547124378176113,0.19440972150601518,0.6547124378176113,0.1508778406763735,-0.46030271631159614,2,2,0.0,420.0,0.08563469350337982,0.6369667935119121,-0.08696679351191205
155,155,categorical_soft,1,1,True,0.6919414839182145,0.0,0.0,0.3080585300922394,0.691941499710083,3,0.38388296961784363,0.0456625122576952,0.27633501291275026,0.3072157070040703,0.02665474251843989,0.0456625122576952,0.3561100565016176,0.36668190512473053,0.277208038373652,0.3561100565016176,0.36668190512473053,0.277208038373652,0.36668190512473053,0.3561100565016176,-0.08947386675107855,2,2,0.0,1110.0,0.05216918885707855,0.3931617373280032,0.15683826267199685
156,156,categorical_soft,1,1,False,0.0,0.0,0.0,1.0,0.0,2,-1.0,0.2616393079981208,-0.3451723217964172,2.044353187084198,-1.531385350227356,0.2616393079981208,0.08193486251506406,0.8929202809612466,0.02514485652368938,0.08193486251506406,0.8929202809612466,0.02514485652368938,0.8929202809612466,0.08193486251506406,-0.8677754244375573,2,2,0.512,620.0,1.0369794890284538,0.9932770033740341,-0.4432770033740341
157,157,categorical_soft,0,0,True,0.14246930285070097,0.0,0.8575307130813599,0.0,0.14246930181980133,1,-0.7150614112615585,0.021921826153993608,0.4634236991405487,0.2085166022181511,-0.11291745360940694,0.021921826153993608,0.42836317059113876,0.33138826093186236,0.24024856847699896,0.42836317059113876,0.33138826093186236,0.24024856847699896,0.42836317059113876,0.33138826093186236,-0.1881146021141398,1,1,0.256,1190.0,0.9762993305921555,0.9821923797642307,-0.43219237976423064
158,158,categorical_soft,0,0,False,0.0,0.0,1.0,0.0,0.0,1,-1.0,0.1360603149048984,2.776261878013611,1.6717978358268737,-4.911975908279419,0.1360603149048984,0.7500810078491376,0.24956592363294444,0.00035306851791791434,0.7500810078491376,0.24956592363294444,0.00035306851791791434,0.7500810078491376,0.24956592363294444,-0.7497279393312196,1,1,0.032,970.0,0.5593879073858261,0.9026409468277098,-0.35264094682770974
159,159,categorical_soft,0,0,True,0.2248344800933998,0.0,0.7751654982566833,0.0,0.22483448684215546,1,-0.5503310114145279,0.041729049570858476,0.34365845918655397,0.35694303512573244,-0.1015041008591652,0.041729049570858476,0.3773042252305528,0.3815991457331901,0.24109662903625714,0.3773042252305528,0.3815991457331901,0.24109662903625714,0.3773042252305528,0.3815991457331901,-0.13620759619429565,2,2,0.064,1100.0,0.4242866486310959,0.8031953762369244,-0.25319537623692434
160,160,categorical_soft,0,0,True,0.22324250122744782,0.0,0.7767574787139893,0.0,0.22324250638484955,1,-0.5535149723291397,0.05531973801553249,-0.45908501744270325,0.9474546074867248,-0.13045274168252946,0.05531973801553249,0.1546018950465613,0.6304313657324597,0.21496673922097892,0.1546018950465613,0.6304313657324597,0.21496673922097892,0.1546018950465613,0.6304313657324597,0.06036484417441762,2,2,0.0,570.0,0.29719260334968567,0.8054738559841625,-0.2554738559841625
161,161,categorical_soft,0,0,False,0.0,0.0,1.0,0.0,0.0,1,-1.0,0.16756282076239587,5.140219497680664,2.4456635236740114,-9.381762504577637,0.16756282076239587,0.9366601843482709,0.06333931203575367,5.036159754699521e-07,0.9366601843482709,0.06333931203575367,5.036159754699521e-07,0.9366601843482709,0.06333931203575367,-0.9366596807322954,1,1,0.256,1120.0,0.8825294226408005,0.9742646649939778,-0.42426466499397775
162,162,categorical_soft,0,0,False,0.0,0.0,1.0,0.0,0.0,1,-1.0,0.15440587950870394,3.800802230834961,1.7793300151824951,-6.782700681686402,0.15440587950870394,0.8829919655284826,0.11698460152746278,2.3432944054622642e-05,0.8829919655284826,0.11698460152746278,2.3432944054622642e-05,0.8829919655284826,0.11698460152746278,-0.882968532584428,1,1,0.064,1170.0,0.6937208026647568,0.9337542971450663,-0.38375429714506626
163,163,categorical_soft,0,0,False,0.0,0.0,1.0,0.0,0.0,1,-1.0,0.11352433357387781,3.847939467430115,1.8919805526733398,-6.998422288894654,0.11352433357387781,0.8759974102462034,0.12398461269397325,1.7977059823344538e-05,0.8759974102462034,0.12398461269397325,1.7977059823344538e-05,0.8759974102462034,0.12398461269397325,-0.87597943318638,1,1,0.512,420.0,1.0640278086066246,0.9953650626985455,-0.4453650626985455
164,164,categorical_soft,1,1,True,0.17329589949797325,0.0,0.0,0.8267040848731995,0.17329590022563934,2,-0.6534081846475601,0.0679490091279149,-0.369801738858223,0.9634673714637756,-0.19945574998855592,0.0679490091279149,0.16742602584350058,0.6338402294062802,0.19873374475021935,0.16742602584350058,0.6338402294062802,0.19873374475021935,0.6338402294062802,0.16742602584350058,-0.43510648465606083,2,2,0.128,630.0,0.45692120492458344,0.8941022071415985,-0.34410220714159845
165,165,categorical_soft,0,0,False,0.0,0.0,1.0,0.0,0.0,1,-1.0,0.3168871682137251,0.20169603526592256,2.171731686592102,-2.1805567264556887,0.3168871682137251,0.12140789879062681,0.8674140031648772,0.011178098044496008,0.12140789879062681,0.8674140031648772,0.011178098044496008,0.12140789879062681,0.8674140031648772,-0.11022980074613081,2,2,0.032,450.0,0.3405662328004837,0.8555293667070335,-0.30552936670703346
166,166,categorical_soft,1,1,False,0.0,0.0,0.0,1.0,0.0,2,-1.0,0.2555402211844921,0.40989190340042114,2.104694151878357,-2.486618971824646,0.2555402211844921,0.15459225485405098,0.836866588138711,0.008541157007238186,0.15459225485405098,0.836866588138711,0.008541157007238186,0.836866588138711,0.15459225485405098,-0.8283254311314727,2,2,0.0,790.0,0.5542556680738926,0.918242385703389,-0.36824238570338896
167,167,categorical_soft,0,0,False,0.0,0.0,1.0,0.0,0.0,1,-1.0,0.21692954152822494,6.065284681320191,2.869666862487793,-11.160377883911133,0.21692954152822494,0.9604655271388151,0.0395344373346833,3.552650159036666e-08,0.9604655271388151,0.0395344373346833,3.552650159036666e-08,0.9604655271388151,0.0395344373346833,-0.9604654916123134,1,1,0.512,960.0,1.1586555764079094,0.9944225634819186,-0.44442256348191855
168,168,categorical_soft,0,0,True,0.13808275097120648,0.0,0.86191725730896,0.0,0.13808275759220123,1,-0.7238344997167587,0.051753843761980535,2.6593429327011107,1.2611443042755126,-3.9724649667739866,0.051753843761980535,0.7993467090711354,0.199592875169133,0.0010604157597318292,0.7993467090711354,0.199592875169133,0.0010604157597318292,0.7993467090711354,0.199592875169133,-0.7982862933114035,1,1,0.512,1150.0,1.6639904230833054,0.9994114755264566,-0.44941147552645655
169,169,categorical_soft,1,1,False,0.0,0.0,0.0,1.0,0.0,2,-1.0,0.40607440695166586,-0.6307115256786346,1.4284326076507567,-0.6740948021411896,0.40607440695166586,0.10218572476819932,0.7999785764413849,0.09783569879041581,0.10218572476819932,0.7999785764413849,0.09783569879041581,0.7999785764413849,0.10218572476819932,-0.702142877650969,2,2,0.512,630.0,0.9054725877940655,0.987096515143741,-0.4370965151437409
170,170,categorical_soft,1,1,True,0.15469499962109745,0.0,0.0,0.8453050255775452,0.15469500422477722,2,-0.6906100213527679,0.057205384597182274,-0.1383870832622051,0.5059024959802627,-0.07402270287275314,0.057205384597182274,0.25184757024755333,0.47962974910765616,0.26852268064479057,0.25184757024755333,0.47962974910765616,0.26852268064479057,0.47962974910765616,0.25184757024755333,-0.2111070684628656,2,2,0.512,400.0,0.5329052275046706,0.941803186065585,-0.39180318606558495
171,171,categorical_soft,1,1,True,0.15684755429634534,0.0,0.0,0.8431524634361267,0.15684755146503448,2,-0.6863049119710922,-0.03499303665012121,-0.28497821986675265,1.0853066205978394,-0.22162280678749086,-0.03499303665012121,0.16654295694934534,0.6554559011959163,0.1780011418547383,0.16654295694934534,0.6554559011959163,0.1780011418547383,0.6554559011959163,0.16654295694934534,-0.47745475934117804,2,2,0.128,750.0,0.5967523828148842,0.9355792000910905,-0.3855792000910905
172,172,categorical_soft,0,0,False,0.0,0.0,1.0,0.0,0.0,1,-1.0,0.1921910373494029,2.352506923675537,1.7079627513885498,-4.395829677581787,0.1921910373494029,0.6541705197426745,0.3450420489558079,0.0007874313015177962,0.6541705197426745,0.3450420489558079,0.0007874313015177962,0.6541705197426745,0.3450420489558079,-0.6533830884411567,1,1,0.064,1000.0,0.7131521999835968,0.9500865290201956,-0.4000865290201956
173,173,categorical_soft,1,1,False,0.0,0.0,0.0,1.0,0.0,2,-1.0,0.40929702669382095,-0.6550646126270294,2.1404024600982665,-1.3453258275985718,0.40929702669382095,0.055960726013977426,0.9156878373429149,0.02835143664310761,0.055960726013977426,0.9156878373429149,0.02835143664310761,0.9156878373429149,0.055960726013977426,-0.8873364006998073,2,2,0.512,710.0,0.926895696669817,0.9872083280702392,-0.4372083280702391
174,174,categorical_soft,1,1,False,0.0,0.0,0.0,1.0,0.0,2,-1.0,0.47347612529993055,-0.5425656735897064,1.0733676552772522,-0.38668335378170016,0.47347612529993055,0.13888805074018373,0.6981542544472091,0.16295769481260708,0.13888805074018373,0.6981542544472091,0.16295769481260708,0.6981542544472091,0.13888805074018373,-0.535196559634602,2,2,0.128,510.0,0.8757945969700813,0.9870818102457184,-0.43708181024571835
175,175,categorical_soft,1,1,False,0.0,0.0,0.0,1.0,0.0,2,-1.0,0.26461157873272895,0.1606437500566244,2.157142186164856,-2.23515625,0.26461157873272895,0.11909926057911982,0.8700720245095976,0.010828714911282688,0.11909926057911982,0.8700720245095976,0.010828714911282688,0.8700720245095976,0.11909926057911982,-0.859243309598315,2,2,0.032,420.0,0.14259213209152222,0.6989029943655043,-0.14890299436550425
176,176,categorical_soft,0,0,False,0.0,0.0,1.0,0.0,0.0,1,-1.0,0.1090856739319861,3.763889718055725,1.9478607177734375,-6.712205982208252,0.1090856739319861,0.8599688347991981,0.14000617171775576,2.4993483046235508e-05,0.8599688347991981,0.14000617171775576,2.4993483046235508e-05,0.8599688347991981,0.14000617171775576,-0.8599438413161519,1,1,0.512,430.0,0.9890631213784218,0.993234279246882,-0.44323427924688197
177,177,categorical_soft,0,0,True,0.14220901230710697,0.0,0.857791006565094,0.0,0.1422090083360672,1,-0.7155819982290268,0.0391080504283309,0.42401034832000734,0.23821442872285842,-0.08754808735102415,0.0391080504283309,0.4119799320305284,0.34165281320841845,0.24636725476105314,0.4119799320305284,0.34165281320841845,0.24636725476105314,0.4119799320305284,0.34165281320841845,-0.16561267726947526,1,1,0.128,680.0,0.8628118187189102,0.9831660768651947,-0.4331660768651947
178,178,categorical_soft,1,1,False,0.0,0.0,0.0,1.0,0.0,2,-1.0,0.3455701805651188,-0.506420785188675,1.9414021849632264,-1.4132209181785584,0.3455701805651188,0.07713923826548592,0.8911665092912496,0.03169425244326456,0.07713923826548592,0.8911665092912496,0.03169425244326456,0.8911665092912496,0.07713923826548592,-0.8594722568479851,2,2,0.512,1100.0,0.9082893161103129,0.9777844890366508,-0.4277844890366508
179,179,categorical_soft,0,0,True,0.2096389923333335,0.0,0.7903609871864319,0.0,0.20963899791240692,1,-0.580721989274025,0.05208244323730469,-0.48312605917453766,1.1575932025909423,-0.20353319197893144,0.05208244323730469,0.13388849268213113,0.6891640497587662,0.17694745755910252,0.13388849268213113,0.6891640497587662,0.17694745755910252,0.13388849268213113,0.6891640497587662,0.04305896487697139,2,2,0.0,530.0,0.31519949436187744,0.826003236936907,-0.276003236936907
180,180,categorical_soft,0,0,False,0.0,0.0,1.0,0.0,0.0,1,-1.0,0.28680128026753665,1.6998648405075074,1.5757811307907104,-3.4280723571777343,0.28680128026753665,0.5290497626396549,0.46777548017139026,0.003174757188954852,0.5290497626396549,0.46777548017139026,0.003174757188954852,0.5290497626396549,0.46777548017139026,-0.5258750054507,1,1,0.032,660.0,0.8083652555942535,0.9786259904641058,-0.42862599046410577
181,181,categorical_soft,1,1,True,0.14796051642241764,0.0,0.0,0.8520394563674927,0.14796051383018494,2,-0.7040789425373077,0.11805465295910836,-0.40640341937541963,1.0762600421905517,-0.24042139798402787,0.11805465295910836,0.15197089418696788,0.6687205536307282,0.17930855218230396,0.15197089418696788,0.6687205536307282,0.17930855218230396,0.6687205536307282,0.15197089418696788,-0.4894120014484243,2,2,0.256,780.0,0.7220612280070782,0.9628616094181124,-0.41286160941811234
182,182,categorical_soft,1,1,False,0.0,0.0,0.0,1.0,0.0,2,-1.0,0.2057240169495344,-0.09285559840500354,1.9602168321609497,-1.654539942741394,0.2057240169495344,0.1110671685722732,0.8653002134607878,0.023632617966938985,0.1110671685722732,0.8653002134607878,0.023632617966938985,0.8653002134607878,0.1110671685722732,-0.8416675954938488,2,2,0.0,620.0,0.32470835000276566,0.8169446782905361,-0.26694467829053603
183,183,categorical_soft,1,1,False,0.0,0.0,0.0,1.0,0.0,2,-1.0,0.35626896321773527,-0.6798355162143708,1.7059621334075927,-0.9431606829166412,0.35626896321773527,0.07916085915553417,0.8596081261615399,0.06123101468292581,0.07916085915553417,0.8596081261615399,0.06123101468292581,0.8596081261615399,0.07916085915553417,-0.7983771114786141,2,2,0.512,440.0,0.9864633828401566,0.9930653685045051,-0.44306536850450506
184,184,categorical_soft,0,0,True,0.14023177311416907,0.0,0.8597682118415833,0.0,0.14023177325725555,1,-0.7195364385843277,0.06355900093913078,0.5422827184200287,0.2614103198051453,-0.24821123778820037,0.06355900093913078,0.4532444239456165,0.34149569725367523,0.20525987880070834,0.4532444239456165,0.34149569725367523,0.20525987880070834,0.4532444239456165,0.34149569725367523,-0.24798454514490814,1,1,0.064,1040.0,1.0746464524418116,0.9907534544092869,-0.4407534544092868
185,185,categorical_soft,0,0,False,0.0,0.0,1.0,0.0,0.0,1,-1.0,0.1626333556137979,3.883554244041443,1.9100659608840942,-7.008729410171509,0.1626333556137979,0.8778508662285723,0.12213207361613783,1.706015528987919e-05,0.8778508662285723,0.12213207361613783,1.706015528987919e-05,0.8778508662285723,0.12213207361613783,-0.8778338060732824,1,1,0.256,690.0,0.824377030134201,0.9794972389177028,-0.42949723891770275
186,186,categorical_soft,1,1,False,0.0,0.0,0.0,1.0,0.0,2,-1.0,0.25497190840542316,-0.379389563202858,2.216035032272339,-1.758132529258728,0.25497190840542316,0.06829013235770812,0.9142593347126695,0.017450532929622488,0.06829013235770812,0.9142593347126695,0.017450532929622488,0.9142593347126695,0.06829013235770812,-0.896808801783047,2,2,0.064,780.0,0.8256258368492126,0.9773373939606169,-0.4273373939606169
187,187,categorical_soft,0,0,True,0.14698093772251564,0.0,0.8530190587043762,0.0,0.14698094129562378,1,-0.7060381174087524,0.03496328052133322,0.46830050349235536,0.2434791296720505,-0.10605374919250607,0.03496328052133322,0.42395572988737945,0.33759230987352745,0.2384519602390931,0.42395572988737945,0.33759230987352745,0.2384519602390931,0.42395572988737945,0.33759230987352745,-0.18550376964828635,1,1,0.032,990.0,0.7931640520691872,0.9661522905281389,-0.41615229052813885
188,188,categorical_soft,0,0,True,0.13887839029869398,0.0,0.8611215949058533,0.0,0.13887839019298553,1,-0.7222432047128677,0.06786415725946426,0.35722575783729554,0.15987651720643042,-0.007226440589874983,0.06786415725946426,0.3982749755997848,0.32602764261931727,0.2756973817808979,0.3982749755997848,0.32602764261931727,0.2756973817808979,0.3982749755997848,0.32602764261931727,-0.12257759381888689,1,1,0.512,820.0,1.2002649754285812,0.9961531855960688,-0.44615318559606876
189,189,categorical_soft,1,1,True,0.4922808545515101,0.0,0.0,0.5077191591262817,0.49228084087371826,2,-0.015438318252563477,0.04145188219845295,-0.19020497053861618,0.6384950757026673,-0.015913025941699743,0.04145188219845295,0.22311455733179705,0.5109842949890584,0.2659011476791446,0.22311455733179705,0.5109842949890584,0.2659011476791446,0.5109842949890584,0.22311455733179705,-0.24508314730991382,2,2,0.0,870.0,0.1272290199995041,0.5557900779139849,-0.005790077913984892
190,190,categorical_soft,1,1,True,0.1614042197962,0.0,0.0,0.8385958075523376,0.16140422224998474,2,-0.6771915853023529,-0.03539400901645422,-0.4333649843931198,0.7286440372467041,-0.10186773389577866,-0.03539400901645422,0.17892503867602277,0.5718260671839653,0.249248894140012,0.17892503867602277,0.5718260671839653,0.249248894140012,0.5718260671839653,0.17892503867602277,-0.32257717304395334,2,2,0.128,1010.0,0.6217487994581461,0.9230908345077989,-0.3730908345077989
191,191,categorical_soft,0,0,False,0.0,0.0,1.0,0.0,0.0,1,-1.0,0.2967303242534399,1.8958529472351073,1.832114005088806,-3.828224229812622,0.2967303242534399,0.5150149501070103,0.48328248554213094,0.001702564350858856,0.5150149501070103,0.48328248554213094,0.001702564350858856,0.5150149501070103,0.48328248554213094,-0.5133123857561515,1,1,0.128,430.0,0.6901669502258301,0.971265268944122,-0.421265268944122
192,192,categorical_soft,1,1,False,0.0,0.0,0.0,1.0,0.0,2,-1.0,0.5897633731365204,-0.6439043521881104,0.9126695394515991,-0.3608741819858551,0.5897633731365204,0.14172843231599025,0.6705902314589764,0.18768133622503358,0.14172843231599025,0.6705902314589764,0.18768133622503358,0.6705902314589764,0.14172843231599025,-0.48290889523394287,2,2,0.512,530.0,0.8170751482248306,0.9824240518826223,-0.43242405188262223
193,193,categorical_soft,0,0,True,0.145772605207241,0.0,0.8542274236679077,0.0,0.14577260613441467,1,-0.708454817533493,0.14020257387310267,0.5540125519037247,0.25834936648607254,-0.20876967459917067,0.14020257387310267,0.4526535933643318,0.33616082075186127,0.21118558588380698,0.4526535933643318,0.33616082075186127,0.21118558588380698,0.4526535933643318,0.33616082075186127,-0.24146800748052483,1,1,0.128,1080.0,0.8427324146032333,0.9703012201844253,-0.4203012201844253
194,194,categorical_soft,1,1,False,0.0,0.0,0.0,1.0,0.0,2,-1.0,0.2717017844319344,1.4199707865715028,1.9653786301612854,-3.4731329679489136,0.2717017844319344,0.3665987327148973,0.6306123391329319,0.0027889281521707465,0.3665987327148973,0.6306123391329319,0.0027889281521707465,0.6306123391329319,0.3665987327148973,-0.6278234109807611,2,2,0.0,1050.0,0.24135959148406982,0.6382705062354783,-0.08827050623547827
195,195,categorical_soft,1,1,False,0.0,0.0,0.0,1.0,0.0,2,-1.0,0.24295514971017837,0.19206146746873856,1.9637815952301025,-1.9771189928054809,0.24295514971017837,0.14328470622213493,0.8403113101416219,0.016403983636243104,0.14328470622213493,0.8403113101416219,0.016403983636243104,0.8403113101416219,0.14328470622213493,-0.8239073265053788,2,2,0.0,580.0,0.03497976064682007,0.5300748520688947,0.019925147931105336
196,196,categorical_soft,1,1,False,0.0,0.0,0.0,1.0,0.0,2,-1.0,0.24060601554811,0.5879236102104187,2.074550461769104,-2.5186002254486084,0.24060601554811,0.18415457735184548,0.8076201953233593,0.008225227324795152,0.18415457735184548,0.8076201953233593,0.008225227324795152,0.8076201953233593,0.18415457735184548,-0.7993949679985641,2,2,0.128,1090.0,0.8795745894312859,0.9748019174857763,-0.4248019174857762
197,197,categorical_soft,1,1,False,0.0,0.0,0.0,1.0,0.0,2,-1.0,0.24999872371554374,-0.3489418804645538,2.0505236983299255,-1.6926138997077942,0.24999872371554374,0.08145817761582107,0.8971791250224042,0.021362697361774815,0.08145817761582107,0.8971791250224042,0.021362697361774815,0.8971791250224042,0.08145817761582107,-0.8758164276606294,2,2,0.0,530.0,0.456807479262352,0.9049384685594726,-0.35493846855947253
198,198,categorical_soft,1,1,True,0.16971806602308326,0.0,0.0,0.8302819132804871,0.16971807181835175,2,-0.6605638414621353,0.07731571067124605,-0.20351594388484956,1.0626790881156922,-0.28812598437070847,0.07731571067124605,0.18308932466845568,0.6486012061494282,0.16830946918211612,0.18308932466845568,0.6486012061494282,0.16830946918211612,0.6486012061494282,0.18308932466845568,-0.4802917369673121,2,2,0.128,940.0,0.5513442233204842,0.9023456784161284,-0.3523456784161284
199,199,categorical_soft,0,0,False,0.0,0.0,1.0,0.0,0.0,1,-1.0,0.2323170148767531,0.849009096622467,2.033138906955719,-2.7925899028778076,0.2323170148767531,0.23333289971722962,0.760529488157176,0.006137612125594301,0.23333289971722962,0.760529488157176,0.006137612125594301,0.23333289971722962,0.760529488157176,-0.22719528759163532,2,2,0.064,630.0,0.6827080249786377,0.9624110985426224,-0.41241109854262237
200,200,categorical_soft,0,0,True,0.1405106175801334,0.0,0.859489381313324,0.0,0.14051061868667603,1,-0.718978762626648,0.014668118767440319,0.0992502361536026,0.2291506126523018,0.006464096857234836,0.014668118767440319,0.3280400731982575,0.37335363901104646,0.2986062877906961,0.3280400731982575,0.37335363901104646,0.2986062877906961,0.3280400731982575,0.37335363901104646,-0.02943378540756142,2,2,0.256,510.0,0.9216797426342964,0.9896623360021629,-0.43966233600216287
201,201,categorical_soft,0,0,False,0.0,0.0,1.0,0.0,0.0,1,-1.0,0.17666642740368843,4.677128076553345,2.102966010570526,-8.439184284210205,0.17666642740368843,0.9291100998507671,0.07088788155725886,2.0185919740514e-06,0.9291100998507671,0.07088788155725886,2.0185919740514e-06,0.9291100998507671,0.07088788155725886,-0.9291080812587931,1,1,0.128,1160.0,0.77137890458107,0.9543255483404679,-0.40432554834046786
202,202,categorical_soft,1,1,False,0.0,0.0,0.0,1.0,0.0,2,-1.0,0.2992375411093235,-0.5441576689481735,1.7580758213996888,-1.0804413318634034,0.2992375411093235,0.08645462625218624,0.8625199826594022,0.051025391088411434,0.08645462625218624,0.8625199826594022,0.051025391088411434,0.8625199826594022,0.08645462625218624,-0.8114945915709908,2,2,0.128,630.0,0.7733290158212185,0.9755886426620864,-0.4255886426620864
203,203,categorical_soft,1,1,True,0.1490194756019766,0.0,0.0,0.8509805202484131,0.14901947975158691,2,-0.7019610404968262,0.009342832490801811,-0.48613080084323884,1.1029736280441285,-0.14518832340836524,0.009342832490801811,0.13686090687649433,0.6704520636708422,0.19268702945266353,0.13686090687649433,0.6704520636708422,0.19268702945266353,0.6704520636708422,0.13686090687649433,-0.4777650342181787,2,2,0.256,720.0,0.6883350163698196,0.9593743057190663,-0.4093743057190663
204,204,categorical_soft,1,1,False,0.0,0.0,0.0,1.0,0.0,2,-1.0,0.24028196316212416,0.36042114198207853,2.172073984146118,-2.308548331260681,0.24028196316212416,0.13930244019083254,0.851045383478362,0.009652176330805524,0.13930244019083254,0.851045383478362,0.009652176330805524,0.851045383478362,0.13930244019083254,-0.8413932071475565,2,2,0.032,880.0,0.786303885281086,0.9692417092065296,-0.4192417092065296
205,205,categorical_soft,0,0,False,0.0,0.0,1.0,0.0,0.0,1,-1.0,0.11322794016450644,2.432257890701294,1.8352717161178589,-4.594162464141846,0.11322794016450644,0.6427202504566505,0.3566937203897965,0.0005860291535529316,0.6427202504566505,0.3566937203897965,0.0005860291535529316,0.6427202504566505,0.3566937203897965,-0.6421342213030976,1,1,0.256,480.0,0.860015258193016,0.9865435989136945,-0.43654359891369443
206,206,categorical_soft,0,0,True,0.13854824437373459,0.0,0.8614517450332642,0.0,0.13854824006557465,1,-0.7229035049676895,0.17082670703530312,1.8764512538909912,0.8834245681762696,-2.1560510396957397,0.17082670703530312,0.7168271894260595,0.2701580462758501,0.013014764298090375,0.7168271894260595,0.2701580462758501,0.013014764298090375,0.7168271894260595,0.2701580462758501,-0.7038124251279692,1,1,0.512,860.0,1.2978549934923649,0.9974974387743648,-0.44749743877436476
207,207,categorical_soft,1,1,True,0.14534355196600074,0.0,0.0,0.854656457901001,0.14534355700016022,2,-0.7093129009008408,0.13098220825195311,-0.46391561627388,0.9703878164291382,-0.20951517522335053,0.13098220825195311,0.15422138095435528,0.6467805223898864,0.19899809665575832,0.15422138095435528,0.6467805223898864,0.19899809665575832,0.6467805223898864,0.15422138095435528,-0.4477824257341281,2,2,0.256,600.0,0.7358072251081467,0.9717991940936319,-0.42179919409363187
208,208,categorical_soft,0,0,False,0.0,0.0,1.0,0.0,0.0,1,-1.0,0.14758822917938233,4.440417528152466,2.237646555900574,-8.05411081314087,0.14758822917938233,0.9001978698056379,0.09979847678746571,3.653406896440486e-06,0.9001978698056379,0.09979847678746571,3.653406896440486e-06,0.9001978698056379,0.09979847678746571,-0.9001942163987414,1,1,0.512,550.0,0.9212616831064224,0.9891350999766536,-0.43913509997665356
209,209,categorical_soft,0,0,True,0.14118864567241024,0.0,0.8588113784790039,0.0,0.14118865132331848,1,-0.7176227271556854,0.0003799356520175934,0.14923929050564766,0.005614020302891732,0.006921285297721624,0.0003799356520175934,0.3659156066039736,0.3174433239705412,0.31664106942548526,0.3659156066039736,0.3174433239705412,0.31664106942548526,0.3659156066039736,0.3174433239705412,-0.04927453717848834,1,1,0.128,920.0,0.9757032729685307,0.9870385860373436,-0.4370385860373436
210,210,categorical_soft,1,1,True,0.15860824482892266,0.0,0.0,0.8413917422294617,0.15860824286937714,2,-0.6827834993600845,-0.03072714786976576,-0.11211431175470352,0.6759932279586792,-0.06099985092878342,-0.03072714786976576,0.23542898645500956,0.5170963069295078,0.24747470661548263,0.23542898645500956,0.5170963069295078,0.24747470661548263,0.5170963069295078,0.23542898645500956,-0.26962160031402516,2,2,0.128,1120.0,0.6714484915137291,0.9306480679911552,-0.38064806799115514
211,211,categorical_soft,1,1,False,0.0,0.0,0.0,1.0,0.0,2,-1.0,0.289180751144886,0.5208763003349304,2.358565640449524,-2.629142737388611,0.289180751144886,0.13712733686479572,0.8570170327973539,0.005855630337850254,0.13712733686479572,0.8570170327973539,0.005855630337850254,0.8570170327973539,0.13712733686479572,-0.8511614024595036,2,2,0.128,630.0,0.9032019004225731,0.9869536354201252,-0.4369536354201251
212,212,categorical_soft,1,1,False,0.0,0.0,0.0,1.0,0.0,2,-1.0,0.4178138762712479,-0.5270474225282669,1.404887306690216,-0.8099818825721741,0.4178138762712479,0.11545622563163549,0.7966102703273891,0.08793350404097536,0.11545622563163549,0.7966102703273891,0.08793350404097536,0.7966102703273891,0.11545622563163549,-0.7086767662864137,2,2,0.256,490.0,0.8382568582892418,0.9848693830353438,-0.4348693830353437
213,213,categorical_soft,0,0,True,0.1411430340477458,0.0,0.8588569760322571,0.0,0.1411430388689041,1,-0.717713937163353,-0.04381290823221207,0.07462297901511192,0.29853797927498815,0.00419727130793035,-0.04381290823221207,0.3143053699516296,0.3932816561554405,0.2924129738929299,0.3143053699516296,0.3932816561554405,0.2924129738929299,0.3143053699516296,0.3932816561554405,-0.021892396058699692,2,2,0.128,620.0,0.9049015678465366,0.9872138017206691,-0.43721380172066904
214,214,categorical_soft,1,1,True,0.33175343955558406,0.0,0.0,0.6682465672492981,0.3317534327507019,2,-0.3364931344985962,0.04417711701244116,0.30046309232711793,0.1489196799695492,0.04135516993701458,0.04417711701244116,0.3801189598681216,0.3268236302585999,0.29305740987327855,0.3801189598681216,0.3268236302585999,0.29305740987327855,0.3268236302585999,0.3801189598681216,-0.033766220385321344,1,1,0.0,1170.0,0.3128942549228668,0.6845322045734847,-0.1345322045734847
215,215,categorical_soft,0,0,True,0.14168217634812003,0.0,0.8583178520202637,0.0,0.14168217778205872,1,-0.716635674238205,0.03691008947789669,-0.37209999859333037,0.9906600713729858,-0.20096977651119233,0.03691008947789669,0.16416195059062433,0.6409837723183889,0.1948542770909866,0.16416195059062433,0.6409837723183889,0.1948542770909866,0.16416195059062433,0.6409837723183889,0.03069232650036227,2,2,0.0,400.0,0.8201030120253563,0.9851543467679202,-0.4351543467679202
216,216,categorical_soft,1,1,False,0.0,0.0,0.0,1.0,0.0,2,-1.0,0.332000251673162,-0.0822076503187418,1.9836979508399963,-1.69047212600708,0.332000251673162,0.11001351881578798,0.8678156652058615,0.02217081597835041,0.11001351881578798,0.8678156652058615,0.02217081597835041,0.8678156652058615,0.11001351881578798,-0.845644849227511,2,2,0.032,1070.0,0.9571733213961124,0.9830576817710954,-0.4330576817710954
217,217,categorical_soft,1,1,True,0.14734119037216775,0.0,0.0,0.8526588082313538,0.14734119176864624,2,-0.7053176164627075,0.07517838664352894,-0.34947540462017057,0.9029303193092346,-0.11862319186329842,0.07517838664352894,0.1737415724380222,0.6074806476136514,0.21877777994832637,0.1737415724380222,0.6074806476136514,0.21877777994832637,0.6074806476136514,0.1737415724380222,-0.388702867665325,2,2,0.128,510.0,0.6679420471191406,0.9649346902173321,-0.4149346902173321
218,218,categorical_soft,1,1,True,0.14561376889664313,0.0,0.0,0.8543862104415894,0.14561377465724945,2,-0.7087724357843399,0.07509019952267408,-0.4115577459335327,0.8321234941482544,-0.16699374616146087,0.07509019952267408,0.1740331779540861,0.603551433612149,0.22241538843376488,0.1740331779540861,0.603551433612149,0.22241538843376488,0.603551433612149,0.1740331779540861,-0.3811360451783842,2,2,0.512,840.0,0.7877875319682062,0.9708542288902703,-0.42085422889027024
219,219,categorical_soft,0,0,False,0.0,0.0,1.0,0.0,0.0,1,-1.0,0.18889854419976473,3.61596884727478,1.9412522792816163,-6.569677782058716,0.18889854419976473,0.8420294902816103,0.15793707373186236,3.3435986527435075e-05,0.8420294902816103,0.15793707373186236,3.3435986527435075e-05,0.8420294902816103,0.15793707373186236,-0.841996054295083,1,1,0.256,790.0,0.9336192756891251,0.9863823598187527,-0.4363823598187526
220,220,categorical_soft,1,1,False,0.0,0.0,0.0,1.0,0.0,2,-1.0,0.23164876215159894,-0.028912951424717902,2.028412926197052,-1.9082558035850525,0.23164876215159894,0.11157224061785853,0.8713151073388398,0.017112652043301826,0.11157224061785853,0.8713151073388398,0.017112652043301826,0.8713151073388398,0.11157224061785853,-0.854202455295538,2,2,0.032,930.0,0.695711875683628,0.9500247111675635,-0.40002471116756344
221,221,categorical_soft,1,1,True,0.14853097830641065,0.0,0.0,0.8514690399169922,0.148530974984169,2,-0.7029380649328232,0.11575525430962444,-0.5783047050237655,1.1324788928031921,-0.21202868968248367,0.11575525430962444,0.12541433438258842,0.6932526206617896,0.18133304495562186,0.12541433438258842,0.6932526206617896,0.18133304495562186,0.6932526206617896,0.12541433438258842,-0.5119195757061678,2,2,0.256,600.0,0.6674078479409218,0.9609741496551975,-0.4109741496551974
222,222,categorical_soft,1,1,True,0.1561274774266378,0.0,0.0,0.8438725471496582,0.15612748265266418,2,-0.687745064496994,0.03166132671758533,-0.23233291506767273,0.8529464721679687,-0.13200802579522133,0.03166132671758533,0.1974818455088015,0.5842974906772233,0.21822066381397529,0.1974818455088015,0.5842974906772233,0.21822066381397529,0.5842974906772233,0.1974818455088015,-0.36607682686324794,2,2,0.128,920.0,0.6455166675150394,0.9376366289807997,-0.38763662898079965
223,223,categorical_soft,1,1,False,0.0,0.0,0.0,1.0,0.0,2,-1.0,0.28768548667430877,-0.5401209831237793,1.7213443994522095,-1.0288714289665222,0.28768548667430877,0.08922606173217427,0.8553473013202293,0.055426636947596405,0.08922606173217427,0.8553473013202293,0.055426636947596405,0.8553473013202293,0.08922606173217427,-0.7999206643726329,2,2,0.512,1080.0,0.9951790161430836,0.9857344003738269,-0.4357344003738268
224,224,categorical_soft,0,0,False,0.0,0.0,1.0,0.0,0.0,1,-1.0,0.18880238085985185,1.9372266292572022,1.6831191897392273,-3.9011834383010866,0.18880238085985185,0.5615362380696298,0.43680530483176494,0.00165845709860538,0.5615362380696298,0.43680530483176494,0.00165845709860538,0.5615362380696298,0.43680530483176494,-0.5598777809710245,1,1,0.0,1140.0,0.4604542929737363,0.8228637386141178,-0.2728637386141177
225,225,categorical_soft,0,0,False,0.0,0.0,1.0,0.0,0.0,1,-1.0,0.1023595480248332,2.106202411651611,1.586618387699127,-3.9840391159057615,0.1023595480248332,0.6252006871245394,0.37337044762719557,0.0014288652482651063,0.6252006871245394,0.37337044762719557,0.0014288652482651063,0.6252006871245394,0.37337044762719557,-0.6237718218762742,1,1,0.032,740.0,0.7069098949432373,0.9619124420023145,-0.41191244200231447
226,226,categorical_soft,0,0,True,0.1528089201268638,0.0,0.8471910953521729,0.0,0.15280891954898834,1,-0.6943821758031845,0.02614511698484421,0.06347382217645645,0.3241826817393303,0.02160227671265602,0.02614511698484421,0.30697422653397,0.3986508985319778,0.29437487493405207,0.30697422653397,0.3986508985319778,0.29437487493405207,0.30697422653397,0.3986508985319778,-0.01259935159991793,2,2,0.064,1010.0,0.7045481577515602,0.9474461245798402,-0.3974461245798402
227,227,categorical_soft,1,1,True,0.15360463462581997,0.0,0.0,0.8463953733444214,0.1536046415567398,2,-0.6927907317876816,0.04091146476566791,-0.22250203490257264,0.5801661044359208,-0.05603141896426678,0.04091146476566791,0.22654652781467471,0.5056692895234056,0.2677841826619197,0.22654652781467471,0.5056692895234056,0.2677841826619197,0.5056692895234056,0.22654652781467471,-0.2378851068614859,2,2,0.512,420.0,0.5501690473174676,0.945042986345464,-0.395042986345464
228,228,categorical_soft,0,0,True,0.14064528422321942,0.0,0.8593547344207764,0.0,0.14064528048038483,1,-0.7187094539403915,0.06243329141288996,0.21199644729495049,0.09539962559938431,-0.01586736519820988,0.06243329141288996,0.37264919212141917,0.33153619846309274,0.2958146094154881,0.37264919212141917,0.33153619846309274,0.2958146094154881,0.37264919212141917,0.33153619846309274,-0.07683458270593108,1,1,0.256,730.0,0.9654799997806549,0.9891379291663808,-0.4391379291663807
229,229,categorical_soft,1,1,False,0.0,0.0,0.0,1.0,0.0,2,-1.0,0.22653751764446498,0.8282301366329193,1.7642113089561462,-2.5329739809036256,0.22653751764446498,0.27992533806237,0.7103973787392092,0.009677283198420782,0.27992533806237,0.7103973787392092,0.009677283198420782,0.7103973787392092,0.27992533806237,-0.7007200955407884,2,2,0.064,730.0,0.7088822452351451,0.9627012144069175,-0.4127012144069174
230,230,categorical_soft,0,0,True,0.6246148066422668,0.0,0.37538519501686096,0.0,0.6246148347854614,3,0.24922963976860046,0.0014032267034053802,0.13115027472376822,0.1508540976792574,-0.017620222456753255,0.0014032267034053802,0.3471870126756802,0.35411598981364395,0.29869699751067597,0.3471870126756802,0.35411598981364395,0.29869699751067597,0.3471870126756802,0.35411598981364395,-0.04849001516500423,2,2,0.0,1030.0,0.08277012407779694,0.4533259793573495,0.09667402064265057
231,231,categorical_soft,1,1,True,0.1600567102224431,0.0,0.0,0.8399432897567749,0.1600567102432251,2,-0.6798865795135498,0.03952005617320538,-0.42012718319892883,0.9533430814743042,-0.1338760606944561,0.03952005617320538,0.15920129037225905,0.6286123080035274,0.21218640162421337,0.15920129037225905,0.6286123080035274,0.21218640162421337,0.6286123080035274,0.15920129037225905,-0.41642590637931404,2,2,0.128,970.0,0.6224888265132904,0.9266926392432918,-0.37669263924329177
232,232,categorical_soft,0,0,True,0.6555425499959664,0.0,0.3444574475288391,0.0,0.6555425524711609,3,0.3110851049423218,0.0071669677272439,0.00027476120740175245,0.1523179329931736,0.012126869568601251,0.0071669677272439,0.3147511513364461,0.36669310010867356,0.31855574855488034,0.3147511513364461,0.36669310010867356,0.31855574855488034,0.3147511513364461,0.36669310010867356,0.003804597218434236,2,2,0.0,940.0,0.03882630169391632,0.4268644092037139,0.12313559079628617
233,233,categorical_soft,0,0,True,0.13890512674687916,0.0,0.8610948920249939,0.0,0.1389051228761673,1,-0.7221897691488266,0.02150419820100069,0.6691494137048721,0.38923572301864623,-0.3138771325349808,0.02150419820100069,0.46971347523452467,0.3546254349917359,0.1756610897737395,0.46971347523452467,0.3546254349917359,0.1756610897737395,0.46971347523452467,0.3546254349917359,-0.29405238546078516,1,1,0.256,890.0,1.2117628089617938,0.9960447976541715,-0.4460447976541715
234,234,categorical_soft,1,1,True,0.1669190986530561,0.0,0.0,0.8330808877944946,0.16691909730434418,2,-0.6661617904901505,0.029875400476157665,-0.13299646899104117,0.5899424523115158,-0.00352848619222641,0.029875400476157665,0.23814939269469249,0.4907173957209053,0.27113321158440223,0.23814939269469249,0.4907173957209053,0.27113321158440223,0.4907173957209053,0.23814939269469249,-0.21958418413650305,2,2,0.256,1150.0,0.618890518322587,0.9090657488465645,-0.3590657488465645
235,235,categorical_soft,0,0,True,0.3584819305486807,0.0,0.6415180563926697,0.0,0.3584819436073303,1,-0.28303611278533936,-0.016289483197033404,-0.17091750279068946,0.5351770251989365,-0.07257866151630879,-0.016289483197033404,0.24220213652915157,0.49063094067164126,0.26716692279920723,0.24220213652915157,0.49063094067164126,0.26716692279920723,0.24220213652915157,0.49063094067164126,0.02496478627005566,2,2,0.0,450.0,0.11441224813461304,0.660932596719877,-0.11093259671987699
236,236,categorical_soft,0,0,False,0.0,0.0,1.0,0.0,0.0,1,-1.0,0.18746167197823524,6.8282712459564205,3.2409056663513183,-12.542860984802246,0.18746167197823524,0.9730454158244285,0.02695457986198535,4.313586102283716e-09,0.9730454158244285,0.02695457986198535,4.313586102283716e-09,0.9730454158244285,0.02695457986198535,-0.9730454115108423,1,1,0.512,1180.0,1.1793404817581177,0.9934377917668306,-0.4434377917668305
237,237,categorical_soft,1,1,False,0.0,0.0,0.0,1.0,0.0,2,-1.0,0.48183662444353104,-0.6965596675872803,1.4717177271842956,-0.678438401222229,0.48183662444353104,0.09301380514280425,0.8120369005808978,0.09494929427629792,0.09301380514280425,0.8120369005808978,0.09494929427629792,0.8120369005808978,0.09301380514280425,-0.7170876063045999,2,2,0.512,1040.0,0.8575209192931652,0.9735935369836438,-0.42359353698364377
238,238,categorical_soft,1,1,True,0.1653626532142904,0.0,0.0,0.8346373438835144,0.1653626561164856,2,-0.6692746877670288,0.06966784913092852,-0.17452023029327393,0.6983625531196594,-0.08642868679016828,0.06966784913092852,0.22307188987026047,0.5335201802204723,0.24340792990926713,0.22307188987026047,0.5335201802204723,0.24340792990926713,0.5335201802204723,0.22307188987026047,-0.2901122503112052,2,2,0.064,570.0,0.48624189104884863,0.912913889219907,-0.36291388921990697
239,239,categorical_soft,1,1,False,0.0,0.0,0.0,1.0,0.0,2,-1.0,0.30268122628331184,-0.4496234655380249,1.547155511379242,-0.96218181848526,0.30268122628331184,0.11150557063379607,0.8209796967249543,0.0675147326412495,0.11150557063379607,0.8209796967249543,0.0675147326412495,0.8209796967249543,0.11150557063379607,-0.7534649640837048,2,2,0.256,1150.0,0.9062359754461795,0.9762034818176099,-0.4262034818176098
240,240,categorical_soft,0,0,True,0.13999451437870852,0.0,0.8600054979324341,0.0,0.1399945169687271,1,-0.720010980963707,0.0833340061828494,0.40330817699432375,0.24882292598485947,-0.0682998975738883,0.0833340061828494,0.4035851916664697,0.34483258124738425,0.2515822270861461,0.4035851916664697,0.34483258124738425,0.2515822270861461,0.4035851916664697,0.34483258124738425,-0.15200296458032364,1,1,0.128,1160.0,1.1259546265937388,0.9916875020500079,-0.44168750205000784
241,241,categorical_soft,0,0,False,0.0,0.0,1.0,0.0,0.0,1,-1.0,0.07851026495918631,4.068320488929748,2.010959732532501,-7.420558214187622,0.07851026495918631,0.8866279143473003,0.11336228511878735,9.800533912317479e-06,0.8866279143473003,0.11336228511878735,9.800533912317479e-06,0.8866279143473003,0.11336228511878735,-0.886618113813388,1,1,0.256,780.0,0.9812496453523636,0.9893212358900684,-0.43932123589006833
242,242,categorical_soft,1,1,False,0.0,0.0,0.0,1.0,0.0,2,-1.0,0.26478316690772774,-0.0165392579510808,2.175866627693176,-2.0103158831596373,0.26478316690772774,0.09951693587444013,0.8868522101805896,0.01363085394497035,0.09951693587444013,0.8868522101805896,0.01363085394497035,0.8868522101805896,0.09951693587444013,-0.8732213562356193,2,2,0.032,760.0,0.40921776555478573,0.850970846419215,-0.300970846419215
243,243,categorical_soft,1,1,True,0.1521124229431609,0.0,0.0,0.8478875756263733,0.1521124243736267,2,-0.6957751512527466,0.03487259652465582,-0.3502804458141327,0.8850570797920227,-0.09259620495140553,0.03487259652465582,0.17430966788463187,0.5996044670108293,0.22608586510453882,0.17430966788463187,0.5996044670108293,0.22608586510453882,0.5996044670108293,0.17430966788463187,-0.37351860190629044,2,2,0.128,890.0,0.6839880559127778,0.9495773956125515,-0.39957739561255146
244,244,categorical_soft,1,1,False,0.0,0.0,0.0,1.0,0.0,2,-1.0,0.3842078814283013,-0.13262925967574118,2.074231803417206,-1.7259448885917663,0.3842078814283013,0.09720651318551836,0.8828978221648786,0.019895664649603094,0.09720651318551836,0.8828978221648786,0.019895664649603094,0.8828978221648786,0.09720651318551836,-0.8630021575152754,2,2,0.064,460.0,0.5251156184822321,0.9354361738992932,-0.3854361738992932
245,245,categorical_soft,1,1,True,0.15085227026719744,0.0,0.0,0.8491477370262146,0.1508522629737854,2,-0.6982954740524292,0.029442655108869075,-0.36375167071819303,0.8240306854248047,-0.11556849852204323,0.029442655108869075,0.1800662999540023,0.5895566271042773,0.23037707294172036,0.1800662999540023,0.5895566271042773,0.23037707294172036,0.5895566271042773,0.1800662999540023,-0.35917955416255687,2,2,0.256,1000.0,0.7283073337748647,0.9535017148259897,-0.4035017148259896
246,246,categorical_soft,0,0,True,0.13834065920886074,0.0,0.8616593480110168,0.0,0.13834065198898315,1,-0.7233186960220337,0.14572824854403735,1.1923633217811584,0.7160252571105957,-1.1460368990898133,0.14572824854403735,0.5806516603150468,0.3619887525178794,0.057359587167073824,0.5806516603150468,0.3619887525178794,0.057359587167073824,0.5806516603150468,0.3619887525178794,-0.523292073147973,1,1,0.512,670.0,1.3359726145863533,0.9983482697746391,-0.44834826977463904
247,247,categorical_soft,1,1,True,0.15131481865765273,0.0,0.0,0.8486852049827576,0.15131482481956482,2,-0.6973703801631927,0.01058292407542467,-0.30569339990615846,0.8658116936683655,-0.1349322408437729,0.01058292407542467,0.18468979560438487,0.5957527869158142,0.2195574174798009,0.18468979560438487,0.5957527869158142,0.2195574174798009,0.5957527869158142,0.18468979560438487,-0.37619536943601334,2,2,0.512,750.0,0.6604041084647179,0.9520508505006002,-0.4020508505006002
248,248,categorical_soft,0,0,True,0.19104601399816412,0.0,0.8089540004730225,0.0,0.19104601442813873,1,-0.6179079860448837,0.0018875947222113608,0.061052416637539866,0.27797175496816634,0.034775340324267746,0.0018875947222113608,0.31087631775930386,0.3862552233426576,0.3028684588980386,0.31087631775930386,0.3862552233426576,0.3028684588980386,0.31087631775930386,0.3862552233426576,-0.00800785886126526,2,2,0.032,630.0,0.3886011242866516,0.8578638396277584,-0.3078638396277583
249,249,categorical_soft,0,0,True,0.14899593500840919,0.0,0.8510040640830994,0.0,0.14899593591690063,1,-0.7020081281661987,-0.003927968442440033,0.08357924669981003,0.18285942003130912,0.0030487122014164923,-0.003927968442440033,0.33014085750050637,0.36504833231202666,0.304810810187467,0.33014085750050637,0.36504833231202666,0.304810810187467,0.33014085750050637,0.36504833231202666,-0.025330047313039394,2,2,0.064,830.0,0.7157257348299026,0.9594510593295946,-0.4094510593295946
250,250,categorical_soft,0,0,False,0.0,0.0,1.0,0.0,0.0,1,-1.0,0.1849116489291191,5.170900297164917,2.4274975299835204,-9.5138427734375,0.1849116489291191,0.9394751414207688,0.060524434880632284,4.2369859905995793e-07,0.9394751414207688,0.060524434880632284,4.2369859905995793e-07,0.9394751414207688,0.060524434880632284,-0.9394747177221697,1,1,0.512,690.0,1.0512995719909668,0.9931826741729747,-0.44318267417297463
251,251,categorical_soft,1,1,True,0.1450358315135591,0.0,0.0,0.8549641966819763,0.14503583312034607,2,-0.7099283635616302,0.05193862225860357,-0.3097080647945404,0.842037582397461,-0.07423602156341076,0.05193862225860357,0.18457523933381714,0.5824575883605293,0.23296717230565359,0.18457523933381714,0.5824575883605293,0.23296717230565359,0.5824575883605293,0.18457523933381714,-0.34949041605487574,2,2,0.512,460.0,0.7096503600478172,0.9728817790571173,-0.4228817790571172
252,252,categorical_soft,0,0,False,0.0,0.0,1.0,0.0,0.0,1,-1.0,0.13095550257712602,1.8991626024246215,1.5631941199302672,-3.8486629009246824,0.13095550257712602,0.5814563290777899,0.4166398998493464,0.0019037710728635718,0.5814563290777899,0.4166398998493464,0.0019037710728635718,0.5814563290777899,0.4166398998493464,-0.5795525580049263,1,1,0.0,1090.0,0.056773871183395386,0.4043661573593404,0.14563384264065965
253,253,categorical_soft,0,0,True,0.14177096366115877,0.0,0.8582290410995483,0.0,0.14177095890045166,1,-0.7164580821990967,0.06956690736114979,0.5610217422246933,0.5237329125404357,-0.18868679851293563,0.06956690736114979,0.4109427147025252,0.39500185223151474,0.19405543306596001,0.4109427147025252,0.39500185223151474,0.19405543306596001,0.4109427147025252,0.39500185223151474,-0.21688728163656518,1,1,0.064,800.0,0.913612388074398,0.9848176074796632,-0.43481760747966314
254,254,categorical_soft,0,0,False,0.0,0.0,1.0,0.0,0.0,1,-1.0,0.12366495355963707,3.5592805624008177,1.721030342578888,-6.481027555465698,0.12366495355963707,0.8625946067732991,0.13736644496671138,3.894825998938352e-05,0.8625946067732991,0.13736644496671138,3.894825998938352e-05,0.8625946067732991,0.13736644496671138,-0.8625556585133097,1,1,0.128,900.0,0.7917141616344452,0.9693153156346825,-0.4193153156346825
255,255,categorical_soft,1,1,True,0.14931775281247062,0.0,0.0,0.850682258605957,0.14931775629520416,2,-0.7013645023107529,0.05657357275485993,-0.48898459374904635,1.158342969417572,-0.25981068462133405,0.05657357275485993,0.1344793873843973,0.6966481311707067,0.16887248144489614,0.1344793873843973,0.6966481311707067,0.16887248144489614,0.6966481311707067,0.1344793873843973,-0.5277756497258106,2,2,0.256,1050.0,0.7642977461218834,0.9584047513164093,-0.4084047513164093
256,256,categorical_soft,0,0,False,0.0,0.0,1.0,0.0,0.0,1,-1.0,0.21652384288609028,1.2406144380569457,2.018911159038544,-3.3119411706924438,0.21652384288609028,0.3156358041516657,0.6810279086551346,0.0033362871931998774,0.3156358041516657,0.6810279086551346,0.0033362871931998774,0.3156358041516657,0.6810279086551346,-0.3122995169584658,2,2,0.064,640.0,0.4652378112077713,0.8967989949471341,-0.34679899494713406
257,257,categorical_soft,1,1,True,0.33470239391383116,0.0,0.0,0.6652976274490356,0.33470240235328674,2,-0.3305952250957489,0.05487403143197298,-0.16875694543123246,0.9498848080635071,-0.16653325110673906,0.05487403143197298,0.1975447629691645,0.604411327752271,0.1980439092785645,0.1975447629691645,0.604411327752271,0.1980439092785645,0.604411327752271,0.1975447629691645,-0.4063674184737065,2,2,0.0,730.0,0.20241867005825043,0.6818551039317605,-0.13185510393176048
258,258,categorical_soft,1,1,True,0.14302894809337374,0.0,0.0,0.856971025466919,0.14302894473075867,2,-0.7139420807361603,0.29838830418884754,-0.5734933197498322,0.919803237915039,-0.15961528345942497,0.29838830418884754,0.14358904462954894,0.6389985919514545,0.21741236341899656,0.14358904462954894,0.6389985919514545,0.21741236341899656,0.6389985919514545,0.14358904462954894,-0.4215862285324579,2,2,0.512,850.0,0.8700185790657997,0.9801177867247022,-0.43011778672470213
259,259,categorical_soft,0,0,True,0.18788168456132315,0.0,0.8121182918548584,0.0,0.1878816783428192,1,-0.6242366135120392,0.0868211136199534,-0.25462166368961336,0.9236486911773681,-0.12222559377551079,0.0868211136199534,0.185613133058849,0.6025606443857491,0.21182622255540182,0.185613133058849,0.6025606443857491,0.21182622255540182,0.185613133058849,0.6025606443857491,0.02621308949655282,2,2,0.032,460.0,0.3570415824651718,0.8638378982141887,-0.3138378982141886
260,260,categorical_soft,0,0,True,0.2796784244066199,0.0,0.7203215956687927,0.0,0.27967843413352966,1,-0.44064316153526306,0.05135711077600717,-0.2668976664543152,0.7167178392410278,-0.12301871627569198,0.05135711077600717,0.2070024143028634,0.5535902243850694,0.23940736131206714,0.2070024143028634,0.5535902243850694,0.23940736131206714,0.2070024143028634,0.5535902243850694,0.03240494700920374,2,2,0.0,830.0,0.28032926470041275,0.7358603937733131,-0.1858603937733131
261,261,categorical_soft,0,0,True,0.3556582784721536,0.0,0.6443417072296143,0.0,0.35565829277038574,1,-0.2886834144592285,0.0361259026452899,-0.19947653710842134,0.8781166553497315,-0.15570615455508233,0.0361259026452899,0.20075937257459903,0.5895502820560234,0.20969034536937756,0.20075937257459903,0.5895502820560234,0.20969034536937756,0.20075937257459903,0.5895502820560234,0.00893097279477853,2,2,0.0,520.0,0.1337961107492447,0.6633603266740746,-0.11336032667407459
262,262,categorical_soft,0,0,True,0.14775865724515563,0.0,0.8522413372993469,0.0,0.14775866270065308,1,-0.7044826745986938,0.016884940303862096,0.09549922496080399,0.2494259275496006,0.025432136934250595,0.016884940303862096,0.3226376173591324,0.3765198408976445,0.3008425417432232,0.3226376173591324,0.3765198408976445,0.3008425417432232,0.3226376173591324,0.3765198408976445,-0.021795075615909154,2,2,0.032,730.0,0.713656947016716,0.9635345279378638,-0.4135345279378637
263,263,categorical_soft,1,1,False,0.0,0.0,0.0,1.0,0.0,2,-1.0,0.3136375807225704,-0.6769061326980591,1.79354590177536,-0.9939578473567963,0.3136375807225704,0.0739425233860659,0.8718860069124789,0.054171469701455276,0.0739425233860659,0.8718860069124789,0.054171469701455276,0.8718860069124789,0.0739425233860659,-0.8177145372110236,2,2,0.064,430.0,0.7616479843854904,0.9796020092335416,-0.4296020092335415
264,264,categorical_soft,1,1,False,0.0,0.0,0.0,1.0,0.0,2,-1.0,0.20414627343416214,-0.09215924814343453,2.098262310028076,-1.6973079442977905,0.20414627343416214,0.0986970826883488,0.8814234846140268,0.01987943269762448,0.0986970826883488,0.8814234846140268,0.01987943269762448,0.8814234846140268,0.0986970826883488,-0.8615440519164023,2,2,0.032,640.0,0.5525830592960119,0.9303007074070531,-0.380300707407053
265,265,categorical_soft,1,1,True,0.1591806303985685,0.0,0.0,0.8408193588256836,0.1591806262731552,2,-0.6816387325525284,0.04161122627556324,-0.4016162633895874,0.9539261341094971,-0.2343948796391487,0.04161122627556324,0.1652711077268689,0.639543989104659,0.19518490316847217,0.1652711077268689,0.639543989104659,0.19518490316847217,0.639543989104659,0.1652711077268689,-0.4443590859361869,2,2,0.032,460.0,0.504600090906024,0.9290743796082712,-0.3790743796082712
266,266,categorical_soft,0,0,True,0.18279476550159074,0.0,0.8172052502632141,0.0,0.18279476463794708,1,-0.634410485625267,0.06198756452649832,0.07579518649727106,0.686154019832611,-0.11070763245224953,0.06198756452649832,0.272986718227776,0.5011175497253431,0.22589573204688085,0.272986718227776,0.5011175497253431,0.22589573204688085,0.272986718227776,0.5011175497253431,-0.047090986180895134,2,2,0.0,1070.0,0.5245995223522186,0.8738495799116713,-0.3238495799116713
267,267,categorical_soft,0,0,True,0.13986777918535542,0.0,0.8601322174072266,0.0,0.13986778259277344,1,-0.7202644348144531,0.06022134888917208,0.014916906971484423,0.09316062666475773,0.0004506342578679323,0.06022134888917208,0.3259092521139997,0.35271141833239356,0.3213793295536068,0.3259092521139997,0.35271141833239356,0.3213793295536068,0.3259092521139997,0.35271141833239356,-0.004529922560392863,2,2,0.256,540.0,0.9865885153412819,0.9921885901687603,-0.4421885901687602
268,268,categorical_soft,0,0,True,0.1533718956249439,0.0,0.8466281294822693,0.0,0.1533719003200531,1,-0.6932562291622162,0.1115179717540741,0.5611973434686661,0.3979970395565033,-0.21136241406202316,0.1115179717540741,0.4330566025335939,0.36685821944558944,0.20008517802081674,0.4330566025335939,0.36685821944558944,0.20008517802081674,0.4330566025335939,0.36685821944558944,-0.23297142451277716,1,1,0.032,1050.0,0.7075030952692032,0.945742435098585,-0.395742435098585
269,269,categorical_soft,1,1,True,0.19538686710282,0.0,0.0,0.8046131134033203,0.1953868716955185,2,-0.6092262417078018,0.020608036033809184,-0.12765934467315673,0.49584859907627105,-0.04369979267939925,0.020608036033809184,0.2531128831627151,0.47182703007235355,0.27506008676493143,0.2531128831627151,0.47182703007235355,0.27506008676493143,0.47182703007235355,0.2531128831627151,-0.19676694330742212,2,2,0.0,780.0,0.41250117123126984,0.8499561995424352,-0.29995619954243513
270,270,categorical_soft,1,1,False,0.0,0.0,0.0,1.0,0.0,2,-1.0,0.26352931894361975,0.47000675201416015,2.096434211730957,-2.511266565322876,0.26352931894361975,0.16326670597031623,0.8284523878147187,0.008280906214965167,0.16326670597031623,0.8284523878147187,0.008280906214965167,0.8284523878147187,0.16326670597031623,-0.8201714815997536,2,2,0.0,480.0,0.10274922102689743,0.6396812171228674,-0.08968121712286736
271,271,categorical_soft,0,0,True,0.1594492223485875,0.0,0.8405507802963257,0.0,0.15944921970367432,1,-0.6811015605926514,0.023167924769222737,0.10669096484780312,0.1731268223375082,-0.015022798860445618,0.023167924769222737,0.3385039902441735,0.36193587248435133,0.29956013727147507,0.3385039902441735,0.36193587248435133,0.29956013727147507,0.3385039902441735,0.36193587248435133,-0.03894385297269842,2,2,0.032,690.0,0.5587776601314545,0.9283407491777317,-0.37834074917773164
272,272,categorical_soft,1,1,True,0.15029517023535793,0.0,0.0,0.8497048020362854,0.1502951681613922,2,-0.6994096338748932,0.011178593523800373,-0.49113999009132386,1.205544936656952,-0.2851151883602142,0.011178593523800373,0.1302485366711215,0.7097690302737976,0.15998243305508086,0.1302485366711215,0.7097690302737976,0.15998243305508086,0.7097690302737976,0.1302485366711215,-0.5497865972187167,2,2,0.032,840.0,0.6972966487519443,0.9552655773150365,-0.40526557731503643
273,273,categorical_soft,1,1,True,0.6648790529686728,0.0,0.0,0.33512094616889954,0.6648790240287781,3,0.32975807785987854,0.013475080579519272,-0.11451910734176636,0.553724718093872,0.0005252722185105085,0.013475080579519272,0.24543730937371738,0.47900657653664974,0.2755561140896328,0.24543730937371738,0.47900657653664974,0.2755561140896328,0.47900657653664974,0.24543730937371738,-0.20345046244701692,2,2,0.0,1090.0,0.0686732679605484,0.41852326109160093,0.13147673890839912
274,274,categorical_soft,0,0,False,0.0,0.0,1.0,0.0,0.0,1,-1.0,0.15925292670726776,4.721235704421997,2.172582578659058,-8.429755592346192,0.15925292670726776,0.9274552403679082,0.07254287680817136,1.882823920606623e-06,0.9274552403679082,0.07254287680817136,1.882823920606623e-06,0.9274552403679082,0.07254287680817136,-0.9274533575439876,1,1,0.128,1180.0,0.8269686996936798,0.9640318690614057,-0.41403186906140566
275,275,categorical_soft,1,1,False,0.0,0.0,0.0,1.0,0.0,2,-1.0,0.46318967938423156,-0.4623157888650894,1.6626769423484802,-0.9339273691177368,0.46318967938423156,0.10020020875303112,0.837019297302431,0.0627804939445377,0.10020020875303112,0.837019297302431,0.0627804939445377,0.837019297302431,0.10020020875303112,-0.7742388033578933,2,2,0.256,850.0,1.0121175795793533,0.9900091090472307,-0.4400091090472307
276,276,categorical_soft,0,0,False,0.0,0.0,1.0,0.0,0.0,1,-1.0,0.18449380695819856,6.527593564987183,3.0455742120742797,-11.898563575744628,0.18449380695819856,0.9701554710284347,0.029844518315953146,1.0655612001297474e-08,0.9701554710284347,0.029844518315953146,1.0655612001297474e-08,0.9701554710284347,0.029844518315953146,-0.9701554603728227,1,1,0.512,1150.0,1.1009928733110428,0.9907244605102499,-0.4407244605102498
277,277,categorical_soft,0,0,False,0.0,0.0,1.0,0.0,0.0,1,-1.0,0.16167082134634256,3.085618495941162,1.7373329758644105,-5.518933820724487,0.16167082134634256,0.7933240674040973,0.20652515815993353,0.00015077443596910774,0.7933240674040973,0.20652515815993353,0.00015077443596910774,0.7933240674040973,0.20652515815993353,-0.7931732929681282,1,1,0.128,680.0,0.9255853593349457,0.9875783536318303,-0.4375783536318303
278,278,categorical_soft,1,1,True,0.15633731192870665,0.0,0.0,0.843662679195404,0.15633730590343475,2,-0.6873253732919693,0.023567818105220795,-0.11651297137141228,0.6563254714012146,0.00015273150056600572,0.023567818105220795,0.23310919230509378,0.5048936319578271,0.26199717573707926,0.23310919230509378,0.5048936319578271,0.26199717573707926,0.5048936319578271,0.23310919230509378,-0.24289645622074785,2,2,0.032,850.0,0.6262553837150335,0.9370345759096455,-0.3870345759096454
279,279,categorical_soft,1,1,True,0.5298821104103935,0.0,0.0,0.4701178967952728,0.5298821330070496,3,0.05976423621177673,0.06965883914381266,-0.1578969419002533,0.8770321846008301,-0.23797418177127838,0.06965883914381266,0.21112968850160616,0.5940327121192539,0.19483759937914003,0.21112968850160616,0.5940327121192539,0.19483759937914003,0.5940327121192539,0.21112968850160616,-0.3991951127401139,2,2,0.0,850.0,0.09916174411773682,0.5275465849209846,0.022453415079015437
280,280,categorical_soft,1,1,True,0.1950017066658168,0.0,0.0,0.8049982786178589,0.19500170648097992,2,-0.609996572136879,0.004625397082418203,0.09079007804393768,0.441047739982605,0.010270094312727452,0.004625397082418203,0.29921361914407074,0.4247329789682352,0.276053401887694,0.29921361914407074,0.4247329789682352,0.276053401887694,0.4247329789682352,0.29921361914407074,-0.1486795770805412,2,2,0.0,650.0,0.3817058764398098,0.8506450788496379,-0.30064507884963787
281,281,categorical_soft,0,0,True,0.24079107969569813,0.0,0.7592089176177979,0.0,0.24079108238220215,1,-0.5184178352355957,0.062096094340085985,-0.010147120058536529,0.7141898989677429,-0.05748696848750114,0.062096094340085985,0.24918625454155344,0.5134848117969977,0.2373289336614489,0.24918625454155344,0.5134848117969977,0.2373289336614489,0.24918625454155344,0.5134848117969977,-0.01185732088010455,2,2,0.032,550.0,0.26255927979946136,0.7815645134853585,-0.23156451348535845
282,282,categorical_soft,0,0,False,0.0,0.0,1.0,0.0,0.0,1,-1.0,0.1267002122476697,4.143749332427978,1.974847412109375,-7.432105684280396,0.1267002122476697,0.8973689938619138,0.10262223790402507,8.768234061237443e-06,0.8973689938619138,0.10262223790402507,8.768234061237443e-06,0.8973689938619138,0.10262223790402507,-0.8973602256278526,1,1,0.512,440.0,0.9626259952783585,0.9922103971270537,-0.4422103971270537
283,283,categorical_soft,0,0,True,0.4337579858360813,0.0,0.5662420392036438,0.0,0.4337579905986786,1,-0.1324840486049652,0.0028305254876613618,0.24257588982582093,0.7986074328422547,-0.2541083812713623,0.0028305254876613618,0.29857207331404534,0.519530655107802,0.1818972715781526,0.29857207331404534,0.519530655107802,0.1818972715781526,0.29857207331404534,0.519530655107802,-0.11667480173589273,2,2,0.0,990.0,0.1937071830034256,0.600143305897875,-0.05014330589787497
284,284,categorical_soft,1,1,False,0.0,0.0,0.0,1.0,0.0,2,-1.0,0.31136607229709623,0.22305343504995107,2.321261501312256,-2.3518513441085815,0.31136607229709623,0.10875178095115638,0.8829141133670646,0.00833410568177899,0.10875178095115638,0.8829141133670646,0.00833410568177899,0.8829141133670646,0.10875178095115638,-0.8745800076852857,2,2,0.512,1180.0,1.0494448315293994,0.9876492570449825,-0.4376492570449825
285,285,categorical_soft,0,0,True,0.20068470657477516,0.0,0.7993152737617493,0.0,0.20068471133708954,1,-0.5986305624246597,0.04278695769608021,0.011907291039824486,0.5620533049106597,-0.07524576401337982,0.04278695769608021,0.2740756721455214,0.4748261463385062,0.2510981815159723,0.2740756721455214,0.4748261463385062,0.2510981815159723,0.2740756721455214,0.4748261463385062,-0.022977490629549124,2,2,0.064,740.0,0.38829944282770157,0.8407161680580805,-0.2907161680580804
286,286,categorical_soft,1,1,False,0.0,0.0,0.0,1.0,0.0,2,-1.0,0.31551715210080145,-0.5221244603395462,1.6183883786201476,-1.033067810535431,0.31551715210080145,0.09903162198073334,0.8408605168483934,0.060107861170873314,0.09903162198073334,0.8408605168483934,0.060107861170873314,0.8408605168483934,0.09903162198073334,-0.7807526556775201,2,2,0.512,1140.0,0.9693213626742363,0.9826413425144718,-0.4326413425144717
287,287,categorical_soft,1,1,True,0.1485846174179713,0.0,0.0,0.8514153957366943,0.14858461916446686,2,-0.7028307765722275,0.0004173263907432556,-0.48120794594287875,1.0468464374542237,-0.1856970578432083,0.0004173263907432556,0.14377211975708865,0.6624557321538161,0.19377214808909518,0.14377211975708865,0.6624557321538161,0.19377214808909518,0.6624557321538161,0.14377211975708865,-0.468683584064721,2,2,0.256,780.0,0.7106173224747181,0.9607977457080538,-0.4107977457080537
288,288,categorical_soft,0,0,False,0.0,0.0,1.0,0.0,0.0,1,-1.0,0.17111272662878035,4.457553577423096,2.1922115087509155,-8.079318284988403,0.17111272662878035,0.9058155533145481,0.09418096959939755,3.4770860543516565e-06,0.9058155533145481,0.09418096959939755,3.4770860543516565e-06,0.9058155533145481,0.09418096959939755,-0.9058120762284938,1,1,0.256,880.0,0.9866893738508224,0.9882830661053026,-0.43828306610530254
289,289,categorical_soft,0,0,False,0.0,0.0,1.0,0.0,0.0,1,-1.0,0.1558677600696683,3.6402446031570435,1.773882520198822,-6.603604745864868,0.1558677600696683,0.8659442468413641,0.1340238020282854,3.1951130350428306e-05,0.8659442468413641,0.1340238020282854,3.1951130350428306e-05,0.8659442468413641,0.1340238020282854,-0.8659122957110136,1,1,0.064,920.0,0.7644073963165283,0.9642412099292518,-0.41424120992925173
290,290,categorical_soft,0,0,True,0.1381227231744136,0.0,0.8618772625923157,0.0,0.13812272250652313,1,-0.7237545400857925,0.054444304294884206,0.7295444130897522,0.6423553228378296,-0.4902949780225754,0.054444304294884206,0.4519832328868529,0.4131239548925551,0.1348928122205921,0.4519832328868529,0.4131239548925551,0.1348928122205921,0.4519832328868529,0.4131239548925551,-0.3170904206662608,1,1,0.512,600.0,1.4786475822329521,0.9992462463328757,-0.4492462463328757
291,291,categorical_soft,1,1,True,0.15995708681233395,0.0,0.0,0.8400428891181946,0.15995708107948303,2,-0.6800858080387115,-0.01958172917366028,-0.05322871897369623,0.5819792509078979,-0.029622370656579734,-0.01958172917366028,0.25564945290692054,0.4825314206862458,0.26181912640683364,0.25564945290692054,0.4825314206862458,0.26181912640683364,0.4825314206862458,0.25564945290692054,-0.2207122942794122,2,2,0.0,920.0,0.611028790473938,0.9269618633162482,-0.37696186331624815
292,292,categorical_soft,0,0,False,0.0,0.0,1.0,0.0,0.0,1,-1.0,0.14872459173202515,2.532311224937439,1.5828800559043885,-4.55843768119812,0.14872459173202515,0.7203900762018381,0.2789943153687294,0.0006156084294325321,0.7203900762018381,0.2789943153687294,0.0006156084294325321,0.7203900762018381,0.2789943153687294,-0.7197744677724056,1,1,0.064,970.0,0.7140514403581619,0.9519763772780255,-0.4019763772780255
293,293,categorical_soft,1,1,True,0.14477298929539312,0.0,0.0,0.855226993560791,0.1447729915380478,2,-0.7104540020227432,0.14896217975765466,-0.6127746343612671,0.8981928348541259,-0.18021959215402603,0.14896217975765466,0.14145588098510675,0.6403582725204028,0.2181858464944905,0.14145588098510675,0.6403582725204028,0.2181858464944905,0.6403582725204028,0.14145588098510675,-0.4221724260259123,2,2,0.512,1130.0,0.881339731393382,0.9738120010607991,-0.4238120010607991
294,294,categorical_soft,1,1,False,0.0,0.0,0.0,1.0,0.0,2,-1.0,0.29777344278991225,0.021827143244445325,2.0477835536003113,-1.8226179599761962,0.29777344278991225,0.11447609209266545,0.8672362471202135,0.01828766078712109,0.11447609209266545,0.8672362471202135,0.01828766078712109,0.8672362471202135,0.11447609209266545,-0.8489485863330924,2,2,0.128,800.0,0.8723767548799515,0.9814709344251706,-0.4314709344251706
295,295,categorical_soft,1,1,False,0.0,0.0,0.0,1.0,0.0,2,-1.0,0.40115488022565843,-0.6384985208511352,1.4038999438285829,-0.5563153743743896,0.40115488022565843,0.10207068872682579,0.7859762063720838,0.11195310490109052,0.10207068872682579,0.7859762063720838,0.11195310490109052,0.7859762063720838,0.10207068872682579,-0.6740231014709932,2,2,0.512,980.0,0.9144380930811167,0.9812820490448256,-0.4312820490448256
296,296,categorical_soft,1,1,True,0.14963844126577752,0.0,0.0,0.8503615856170654,0.14963844418525696,2,-0.7007231414318085,0.01733004655689001,-0.23123282790184022,0.5600665271282196,-0.07032426111400128,0.01733004655689001,0.22825477622228746,0.503589392977291,0.2681558308004216,0.22825477622228746,0.503589392977291,0.2681558308004216,0.503589392977291,0.22825477622228746,-0.2354335621768694,2,2,0.512,510.0,0.6265748795121908,0.9573684414410254,-0.40736844144102535
297,297,categorical_soft,1,1,True,0.1490484519506305,0.0,0.0,0.8509515523910522,0.14904844760894775,2,-0.7019031047821045,0.0294174337759614,-0.35749413073062897,0.772088623046875,-0.0850508775562048,0.0294174337759614,0.1848597991855001,0.5720295897914701,0.2431106110230299,0.1848597991855001,0.5720295897914701,0.2431106110230299,0.5720295897914701,0.1848597991855001,-0.32891897876844023,2,2,0.512,1130.0,0.7884399071335793,0.9592798762345498,-0.40927987623454976
298,298,categorical_soft,1,1,False,0.0,0.0,0.0,1.0,0.0,2,-1.0,0.2156730243936181,-0.42164233028888704,1.9738718748092652,-1.4097375392913818,0.2156730243936181,0.08118198904679214,0.8884851921676855,0.030332818785522346,0.08118198904679214,0.8884851921676855,0.030332818785522346,0.8884851921676855,0.08118198904679214,-0.8581523733821632,2,2,0.512,490.0,0.915975533425808,0.989622194411161,-0.4396221944111609
299,299,categorical_soft,0,0,False,0.0,0.0,1.0,0.0,0.0,1,-1.0,0.19603403871878983,-0.361824169754982,2.036545956134796,-1.527710771560669,0.19603403871878983,0.08125098550240907,0.8933178983999044,0.02543111609768676,0.08125098550240907,0.8933178983999044,0.02543111609768676,0.08125098550240907,0.8933178983999044,-0.055819869404722305,2,2,0.0,540.0,0.1374301016330719,0.6619619019605973,-0.1119619019605973
300,300,categorical_soft,1,1,False,0.0,0.0,0.0,1.0,0.0,2,-1.0,0.3456893041729927,-0.48168914914131167,1.7218407273292542,-1.038580024242401,0.3456893041729927,0.09411738246712824,0.8518915790530668,0.053991038479804965,0.09411738246712824,0.8518915790530668,0.053991038479804965,0.8518915790530668,0.09411738246712824,-0.7979005405732618,2,2,0.512,650.0,0.9220624417066574,0.9878075660184856,-0.4378075660184856
301,301,categorical_soft,0,0,True,0.3926417585264873,0.0,0.6073582172393799,0.0,0.39264175295829773,1,-0.21471646428108215,0.008395071513950825,-0.11277360245585441,0.307449734210968,-0.012432344164699316,0.008395071513950825,0.2755047159551248,0.419700128765653,0.3047951552792222,0.2755047159551248,0.419700128765653,0.3047951552792222,0.2755047159551248,0.419700128765653,0.02929043932409736,2,2,0.0,780.0,0.17007821798324585,0.6325402226419574,-0.08254022264195737
302,302,categorical_soft,0,0,True,0.17886932257187405,0.0,0.8211306929588318,0.0,0.1788693219423294,1,-0.6422613710165024,0.02143832268193364,-0.19451345950365068,0.6993361711502075,-0.007522376719862223,0.02143832268193364,0.21505376742063217,0.5255632854994875,0.2593829470798802,0.21505376742063217,0.5255632854994875,0.2593829470798802,0.21505376742063217,0.5255632854994875,0.044329179659248014,2,2,0.064,490.0,0.39768432080745697,0.8819542041042935,-0.33195420410429344
303,303,categorical_soft,1,1,False,0.0,0.0,0.0,1.0,0.0,2,-1.0,0.2912104856222868,0.17364929988980293,2.2441317319869993,-2.1743569135665894,0.2912104856222868,0.11089884091729914,0.8784590999712053,0.010642059111495355,0.11089884091729914,0.8784590999712053,0.010642059111495355,0.8784590999712053,0.11089884091729914,-0.8678170408597099,2,2,0.0,570.0,0.11988545954227448,0.6340609673785624,-0.08406096737856239
304,304,categorical_soft,1,1,True,0.1426841499922351,0.0,0.0,0.8573158383369446,0.14268414676189423,2,-0.7146316915750504,0.08953275214880704,-0.4047423630952835,0.9103561282157898,-0.1763285405933857,0.08953275214880704,0.1675543367749374,0.6224501537398142,0.20999550948524864,0.1675543367749374,0.6224501537398142,0.20999550948524864,0.6224501537398142,0.1675543367749374,-0.4124546442545655,2,2,0.256,1040.0,0.9303916841745377,0.9813929123148705,-0.4313929123148704
305,305,categorical_soft,1,1,True,0.15134368036888202,0.0,0.0,0.8486562967300415,0.1513436734676361,2,-0.6973126232624054,0.08281460450962186,-0.43923779726028445,0.8673124551773072,-0.08118256106972695,0.08281460450962186,0.163434867523312,0.6029968759523795,0.23356825652430854,0.163434867523312,0.6029968759523795,0.23356825652430854,0.6029968759523795,0.163434867523312,-0.3694286194280709,2,2,0.256,560.0,0.6133843287825584,0.9519607250283878,-0.40196072502838776
306,306,categorical_soft,1,1,True,0.17814919649739103,0.0,0.0,0.8218507766723633,0.17814919352531433,2,-0.643701583147049,-0.028122968412935732,0.01045492859557271,0.39428413808345797,0.018674392998218537,-0.028122968412935732,0.2874661483877906,0.4224207112066898,0.2901131404055196,0.2874661483877906,0.4224207112066898,0.2901131404055196,0.4224207112066898,0.2874661483877906,-0.13230757080117017,2,2,0.128,830.0,0.48410578817129135,0.8834798048379447,-0.3334798048379447
307,307,categorical_soft,0,0,False,0.0,0.0,1.0,0.0,0.0,1,-1.0,0.16035146452486515,1.3365712642669678,1.6139893531799316,-3.1235815286636353,0.16035146452486515,0.4294458337704632,0.5655356337523018,0.005018532477234971,0.4294458337704632,0.5655356337523018,0.005018532477234971,0.4294458337704632,0.5655356337523018,-0.4244273012932282,2,2,0.128,430.0,0.6822309195995331,0.9701567791206914,-0.4201567791206914
308,308,categorical_soft,0,0,True,0.19729139267598805,0.0,0.802708625793457,0.0,0.19729138910770416,1,-0.6054172366857529,0.008924348466098308,0.00944623239338398,0.9528902173042297,-0.1835230588912964,0.008924348466098308,0.22771912878740735,0.5845305685027514,0.18775030270984122,0.22771912878740735,0.5845305685027514,0.18775030270984122,0.22771912878740735,0.5845305685027514,-0.03996882607756613,2,2,0.032,520.0,0.3433762788772583,0.8465847675222417,-0.2965847675222416
309,309,categorical_soft,1,1,False,0.0,0.0,0.0,1.0,0.0,2,-1.0,0.13750286418944596,2.6454903364181517,1.5867850065231324,-4.8246259689331055,0.13750286418944596,0.7417985646016892,0.25776330227644795,0.00043813312186298466,0.7417985646016892,0.25776330227644795,0.00043813312186298466,0.25776330227644795,0.7417985646016892,-0.257325169154585,1,1,0.0,1000.0,0.5186137944401708,0.8797866948377613,-0.32978669483776124
310,310,categorical_soft,1,1,False,0.0,0.0,0.0,1.0,0.0,2,-1.0,0.3082380697131157,0.41035377979278564,1.8416449069976806,-2.162540102005005,0.3082380697131157,0.19028493360418772,0.795190299340141,0.014524767055671382,0.19028493360418772,0.795190299340141,0.014524767055671382,0.795190299340141,0.19028493360418772,-0.7806655322844696,2,2,0.032,970.0,0.39643021300435066,0.8063145232842015,-0.25631452328420146
311,311,categorical_soft,1,1,True,0.15569712710598393,0.0,0.0,0.8443028926849365,0.15569712221622467,2,-0.6886057704687119,0.04446241855621338,-0.10017664581537247,0.4633723467588425,-0.0002050153911113739,0.04446241855621338,0.25889298497995666,0.4549480176141776,0.28615899740586576,0.25889298497995666,0.4549480176141776,0.28615899740586576,0.4549480176141776,0.25889298497995666,-0.16878902020831182,2,2,0.256,650.0,0.5836306642740965,0.9388779207407766,-0.38887792074077654
312,312,categorical_soft,1,1,False,0.0,0.0,0.0,1.0,0.0,2,-1.0,0.524499423801899,-0.506451490521431,1.2249653816223145,-0.547181636095047,0.524499423801899,0.1314300247344864,0.7420800687687675,0.1264899064967462,0.1314300247344864,0.7420800687687675,0.1264899064967462,0.7420800687687675,0.1314300247344864,-0.6155901622720213,2,2,0.512,610.0,0.9209451451897621,0.9883116426258042,-0.43831164262580413
313,313,categorical_soft,0,0,False,0.0,0.0,1.0,0.0,0.0,1,-1.0,0.16984734404832125,4.584668350219727,2.090241813659668,-8.254737615585327,0.16984734404832125,0.9237270291653477,0.07627043384964223,2.5369850099914963e-06,0.9237270291653477,0.07627043384964223,2.5369850099914963e-06,0.9237270291653477,0.07627043384964223,-0.9237244921803377,1,1,0.512,640.0,1.0328418463468552,0.9929736339388011,-0.44297363393880107
314,314,categorical_soft,0,0,False,0.0,0.0,1.0,0.0,0.0,1,-1.0,0.22045745551586152,0.40155379474163055,2.058093857765198,-2.1618126153945925,0.22045745551586152,0.15884703879885956,0.8288832112206566,0.012269749980483961,0.15884703879885956,0.8288832112206566,0.012269749980483961,0.15884703879885956,0.8288832112206566,-0.1465772888183756,2,2,0.064,740.0,0.653642937541008,0.9510753730288615,-0.4010753730288614
315,315,categorical_soft,1,1,True,0.18445459278003695,0.0,0.0,0.815545380115509,0.18445459008216858,2,-0.6310907900333405,0.054946948401629926,0.0945389773696661,0.775051212310791,-0.18118022978305817,0.054946948401629926,0.26806694772770434,0.5285303995053549,0.2034026527669408,0.26806694772770434,0.5285303995053549,0.2034026527669408,0.5285303995053549,0.26806694772770434,-0.32512774673841405,2,2,0.064,410.0,0.3565915375947952,0.8705246549234951,-0.320524654923495
316,316,categorical_soft,1,1,True,0.14385024512179656,0.0,0.0,0.8561497330665588,0.14385025203227997,2,-0.7122994810342789,0.05426499042659998,-0.3088056594133377,0.7785210013389587,-0.059537351876497266,0.05426499042659998,0.1906366808170362,0.5649290589340795,0.24443426024888412,0.1906366808170362,0.5649290589340795,0.24443426024888412,0.5649290589340795,0.1906366808170362,-0.32049479868519537,2,2,0.512,450.0,0.7426585806533694,0.9771188704324757,-0.42711887043247565
317,317,categorical_soft,1,1,True,0.2529653022322077,0.0,0.0,0.7470346689224243,0.2529653012752533,2,-0.494069367647171,-0.009900952689349651,0.1912929266691208,0.18718359991908073,0.0483672633767128,-0.009900952689349651,0.3492988269426517,0.34800279900888237,0.3026983740484659,0.3492988269426517,0.34800279900888237,0.3026983740484659,0.34800279900888237,0.3492988269426517,-0.04530442496041648,1,1,0.0,840.0,0.31598392128944397,0.7663283213325881,-0.21632832133258806
318,318,categorical_soft,1,1,False,0.0,0.0,0.0,1.0,0.0,2,-1.0,0.28443748280406,-0.43092494606971743,1.9469664573669434,-1.3924916982650757,0.28443748280406,0.0823000460654322,0.8861620162588844,0.03153793767568326,0.0823000460654322,0.8861620162588844,0.03153793767568326,0.8861620162588844,0.0823000460654322,-0.8546240785832011,2,2,0.032,690.0,0.6099110618233681,0.9433591631568852,-0.3933591631568851
319,319,categorical_soft,0,0,False,0.0,0.0,1.0,0.0,0.0,1,-1.0,0.1599020604044199,3.143361282348633,1.680759644508362,-5.668299770355224,0.1599020604044199,0.8114176435746966,0.18845729904762223,0.00012505737768115277,0.8114176435746966,0.18845729904762223,0.00012505737768115277,0.8114176435746966,0.18845729904762223,-0.8112925861970154,1,1,0.256,420.0,0.8809878528118134,0.9886837339785269,-0.4386837339785269
320,320,categorical_soft,1,1,False,0.0,0.0,0.0,1.0,0.0,2,-1.0,0.28438647370785475,0.26345041692256926,2.1849796295166017,-2.4167957305908203,0.28438647370785475,0.12724246164085457,0.8640419460201588,0.008715592338986606,0.12724246164085457,0.8640419460201588,0.008715592338986606,0.8640419460201588,0.12724246164085457,-0.8553263536811723,2,2,0.0,700.0,0.10261709988117218,0.5764236634331203,-0.026423663433120304
321,321,categorical_soft,0,0,True,0.1402273227231401,0.0,0.8597726821899414,0.0,0.1402273178100586,1,-0.7195453643798828,0.1620682841166854,1.8604070663452148,0.8106825590133667,-2.0090857625007628,0.1620682841166854,0.7268017662485984,0.2580211603921373,0.015177073359264343,0.7268017662485984,0.2580211603921373,0.015177073359264343,0.7268017662485984,0.2580211603921373,-0.711624692889334,1,1,0.128,1000.0,1.0652206018567085,0.9907709267812306,-0.44077092678123053
322,322,categorical_soft,1,1,True,0.2867941577344816,0.0,0.0,0.7132058143615723,0.28679415583610535,2,-0.4264116585254669,0.05869464725255966,-0.0051594007760286335,0.5548536866903305,-0.0754186931066215,0.05869464725255966,0.2717299164612924,0.47517824486248283,0.25309183867622476,0.2717299164612924,0.47517824486248283,0.25309183867622476,0.47517824486248283,0.2717299164612924,-0.22208640618625808,2,2,0.0,1030.0,0.3215598538517952,0.7283040136993101,-0.17830401369931004
323,323,categorical_soft,0,0,False,0.0,0.0,1.0,0.0,0.0,1,-1.0,0.1676284432411194,5.462240505218506,2.578328514099121,-10.010738277435303,0.1676284432411194,0.9469937081218222,0.05300610134867244,1.9052950554484336e-07,0.9469937081218222,0.05300610134867244,1.9052950554484336e-07,0.9469937081218222,0.05300610134867244,-0.9469935175923166,1,1,0.512,830.0,1.0152685642242432,0.9903932264934603,-0.44039322649346024
324,324,categorical_soft,1,1,True,0.406473696242102,0.0,0.0,0.593526303768158,0.40647369623184204,2,-0.18705260753631592,-0.04800788462162018,0.14153217673301696,0.32799074947834017,0.014999702386558057,-0.04800788462162018,0.3240744778850745,0.39060179609799495,0.28532372601693057,0.3240744778850745,0.39060179609799495,0.28532372601693057,0.39060179609799495,0.3240744778850745,-0.10527807008106438,2,2,0.032,910.0,0.19233771413564682,0.6214666338918414,-0.07146663389184138
325,325,categorical_soft,1,1,False,0.0,0.0,0.0,1.0,0.0,2,-1.0,0.39192732870578767,-0.6305739164352417,1.4846378803253173,-0.7135272264480591,0.39192732870578767,0.09781896662928527,0.8110938505647516,0.09108718280596319,0.09781896662928527,0.8110938505647516,0.09108718280596319,0.8110938505647516,0.09781896662928527,-0.7200066677587884,2,2,0.032,580.0,0.3728146329522133,0.8557427906917575,-0.30574279069175747
326,326,categorical_soft,1,1,False,0.0,0.0,0.0,1.0,0.0,2,-1.0,0.3381976611912251,-0.39529784619808195,1.8841010093688966,-1.3809826612472533,0.3381976611912251,0.0897368198829259,0.876375948346374,0.03388723177069984,0.0897368198829259,0.876375948346374,0.03388723177069984,0.876375948346374,0.0897368198829259,-0.8424887165756741,2,2,0.256,1060.0,0.8593176230788231,0.9731977628428837,-0.4231977628428837
327,327,categorical_soft,1,1,False,0.0,0.0,0.0,1.0,0.0,2,-1.0,0.26970843598246574,0.35063645243644714,2.3179582834243773,-2.4707775115966797,0.26970843598246574,0.1219569241762708,0.8707557368163658,0.007287339007363561,0.1219569241762708,0.8707557368163658,0.007287339007363561,0.8707557368163658,0.1219569241762708,-0.8634683978090022,2,2,0.064,1040.0,0.6845659837126732,0.9403402151492702,-0.3903402151492702
328,328,categorical_soft,1,1,True,0.1610820202706162,0.0,0.0,0.8389179706573486,0.16108201444149017,2,-0.6778359562158585,0.004676368925720454,0.14724144488573074,0.6122640252113343,-0.10238498374819756,0.004676368925720454,0.2968831983912908,0.47190233506831725,0.231214466540392,0.2968831983912908,0.47190233506831725,0.231214466540392,0.47190233506831725,0.2968831983912908,-0.24068786852792526,2,2,0.032,1080.0,0.6413864023052156,0.9239454056477846,-0.37394540564778456
329,329,categorical_soft,1,1,False,0.0,0.0,0.0,1.0,0.0,2,-1.0,0.25126532912254335,0.531875616312027,1.9034529209136963,-2.5921647787094115,0.25126532912254335,0.201383262551427,0.7896815549640611,0.00893518248451183,0.201383262551427,0.7896815549640611,0.00893518248451183,0.7896815549640611,0.201383262551427,-0.7807463724795493,2,2,0.032,710.0,0.5105309039354324,0.9089025872845348,-0.3589025872845347
330,330,categorical_soft,0,0,True,0.13915241017614322,0.0,0.8608475923538208,0.0,0.1391524076461792,1,-0.7216951847076416,0.0647929871454835,0.7479499131441116,0.5262051045894622,-0.55107182264328,0.0647929871454835,0.4822041445271143,0.3852871803762875,0.1325086750965982,0.4822041445271143,0.3852871803762875,0.1325086750965982,0.4822041445271143,0.3852871803762875,-0.3496954694305161,1,1,0.256,630.0,1.1019249856472015,0.9950456617702963,-0.44504566177029625
331,331,categorical_soft,0,0,False,0.0,0.0,1.0,0.0,0.0,1,-1.0,0.2554231069982052,1.525080680847168,1.9487058997154236,-3.634264326095581,0.2554231069982052,0.39576965173633954,0.6019383117976792,0.0022920364659812834,0.39576965173633954,0.6019383117976792,0.0022920364659812834,0.39576965173633954,0.6019383117976792,-0.39347761527035824,2,2,0.0,830.0,0.20126265287399292,0.6538655747685236,-0.10386557476852354
332,332,categorical_soft,0,0,True,0.2209024574979664,0.0,0.7790975570678711,0.0,0.2209024578332901,1,-0.558195099234581,-0.008800776302814483,-0.10559598729014397,1.2804994106292724,-0.4090338110923767,-0.008800776302814483,0.17439966437634835,0.6969227522296991,0.12867758339395252,0.17439966437634835,0.6969227522296991,0.12867758339395252,0.17439966437634835,0.6969227522296991,-0.04572208098239583,2,2,0.064,730.0,0.34088726341724396,0.8088671033863649,-0.25886710338636487
333,333,categorical_soft,1,1,False,0.0,0.0,0.0,1.0,0.0,2,-1.0,0.2896417250856757,0.46947418749332426,2.273579239845276,-2.693614435195923,0.2896417250856757,0.14180983792760346,0.8521682768802217,0.006021885192174936,0.14180983792760346,0.8521682768802217,0.006021885192174936,0.8521682768802217,0.14180983792760346,-0.8461463916880467,2,2,0.0,1080.0,0.817897766828537,0.9665757296194332,-0.4165757296194331
334,334,categorical_soft,0,0,True,0.45591100746087365,0.0,0.5440890192985535,0.0,0.4559110105037689,1,-0.08817800879478455,-0.0002332400530576706,-0.2219863384962082,0.607456487417221,-0.06971505060791969,-0.0002332400530576706,0.2243596929644959,0.5142658669895408,0.2613744400459631,0.2243596929644959,0.5142658669895408,0.2613744400459631,0.2243596929644959,0.5142658669895408,0.03701474708146721,2,2,0.032,500.0,0.05920746922492981,0.5832016383152792,-0.033201638315279114
335,335,categorical_soft,1,1,True,0.29072301708682174,0.0,0.0,0.7092769742012024,0.2907230257987976,2,-0.4185539484024048,-0.013957444950938225,0.36668294966220855,0.6558655142784119,-0.2926527351140976,-0.013957444950938225,0.3510368623447077,0.46676818230069683,0.18219495535459546,0.3510368623447077,0.46676818230069683,0.18219495535459546,0.46676818230069683,0.3510368623447077,-0.2845732269461014,2,2,0.0,1190.0,0.3566339612007141,0.7242176165579642,-0.1742176165579642
336,336,categorical_soft,1,1,True,0.4317453803135542,0.0,0.0,0.5682545900344849,0.43174538016319275,2,-0.13650920987129211,-0.005211347341537475,-0.2893740385770798,0.7827402710914612,-0.11214945130050183,-0.005211347341537475,0.19548281146740037,0.5710691337615287,0.23344805477107083,0.19548281146740037,0.5710691337615287,0.23344805477107083,0.5710691337615287,0.19548281146740037,-0.33762107899045785,2,2,0.0,650.0,0.11160320788621902,0.6016966688828335,-0.05169666888283342
337,337,categorical_soft,0,0,False,0.0,0.0,1.0,0.0,0.0,1,-1.0,0.1882716126739979,5.647493553161621,2.6274329900741575,-10.344196033477782,0.1882716126739979,0.9534350854233302,0.046564797966014655,1.1661065528930836e-07,0.9534350854233302,0.046564797966014655,1.1661065528930836e-07,0.9534350854233302,0.046564797966014655,-0.953434968812675,1,1,0.256,1190.0,0.9339479058980942,0.9781629898726585,-0.42816298987265844
338,338,categorical_soft,1,1,False,0.0,0.0,0.0,1.0,0.0,2,-1.0,0.34641737341880796,-0.28432283103466033,1.8731156229972838,-1.4066867709159852,0.34641737341880796,0.10024809845766394,0.8667625873506088,0.03298931419172742,0.10024809845766394,0.8667625873506088,0.03298931419172742,0.8667625873506088,0.10024809845766394,-0.8337732731588814,2,2,0.128,940.0,0.7707909550517797,0.964490488674304,-0.41449048867430394
339,339,categorical_soft,1,1,True,0.1604912039489657,0.0,0.0,0.8395087718963623,0.1604911983013153,2,-0.679017573595047,0.03991774991154671,-0.19399209916591645,0.5841489225625992,-0.061615411564707755,0.03991774991154671,0.23164259418433555,0.5041186444080593,0.264238761407605,0.23164259418433555,0.5041186444080593,0.264238761407605,0.5041186444080593,0.23164259418433555,-0.23987988300045432,2,2,0.128,700.0,0.5527637246996164,0.9255232317218494,-0.3755232317218493
340,340,categorical_soft,0,0,False,0.0,0.0,1.0,0.0,0.0,1,-1.0,0.13266950529068708,4.167341351509094,1.9422585487365722,-7.364658784866333,0.13266950529068708,0.9024215920454564,0.09756902064968656,9.387304856988884e-06,0.9024215920454564,0.09756902064968656,9.387304856988884e-06,0.9024215920454564,0.09756902064968656,-0.9024122047405994,1,1,0.064,1130.0,0.7965922951698303,0.9608160830938423,-0.4108160830938422
341,341,categorical_soft,1,1,True,0.6383385305031333,0.0,0.0,0.36166146397590637,0.6383385062217712,3,0.27667704224586487,0.0201773539185524,-0.2279401659965515,0.8011640787124634,-0.156058269739151,0.0201773539185524,0.20518735143619882,0.5742315745360884,0.22058107402771268,0.20518735143619882,0.5742315745360884,0.22058107402771268,0.5742315745360884,0.20518735143619882,-0.35365050050837576,2,2,0.0,830.0,0.024197444319725037,0.44178459489913063,0.10821540510086941
342,342,categorical_soft,0,0,True,0.3484725113930036,0.0,0.651527464389801,0.0,0.3484725058078766,1,-0.30305495858192444,0.010061749070882798,-0.038217419572174546,0.5629000693559647,-0.017813139501959084,0.010061749070882798,0.26024620790263275,0.4743385603057522,0.2654152317916151,0.26024620790263275,0.4743385603057522,0.2654152317916151,0.26024620790263275,0.4743385603057522,0.005169023888982327,2,2,0.0,930.0,0.2401103377342224,0.6696039189278831,-0.11960391892788302
343,343,categorical_soft,0,0,True,0.1408680466465338,0.0,0.859131932258606,0.0,0.14086805284023285,1,-0.7182638794183731,0.11531844027340413,1.5759061217308044,0.7701656460762024,-1.7118951439857484,0.11531844027340413,0.6723788189607056,0.30253451835158074,0.025086662687713618,0.6723788189607056,0.30253451835158074,0.025086662687713618,0.6723788189607056,0.30253451835158074,-0.647292156272992,1,1,0.128,930.0,0.998799242079258,0.9882740667620786,-0.4382740667620786
344,344,categorical_soft,1,1,False,0.0,0.0,0.0,1.0,0.0,2,-1.0,0.2841165326535702,-0.16778751369565725,2.017117464542389,-1.7469675302505494,0.2841165326535702,0.09916635548634915,0.8802235958493192,0.020610048664331575,0.09916635548634915,0.8802235958493192,0.020610048664331575,0.8802235958493192,0.09916635548634915,-0.8596135471849876,2,2,0.128,1190.0,0.9841103702783585,0.9828513713934699,-0.43285137139346985
345,345,categorical_soft,0,0,False,0.0,0.0,1.0,0.0,0.0,1,-1.0,0.17550524082034827,2.442616510391235,1.4568544983863831,-4.380602073669434,0.17550524082034827,0.7270364949786555,0.27214184846132283,0.0008216565600217194,0.7270364949786555,0.27214184846132283,0.0008216565600217194,0.7270364949786555,0.27214184846132283,-0.7262148384186338,1,1,0.064,690.0,0.6364440619945526,0.9499356388377335,-0.3999356388377334
346,346,categorical_soft,0,0,False,0.0,0.0,1.0,0.0,0.0,1,-1.0,0.29219903126358987,0.34098819494247434,2.07670795917511,-2.307108926773071,0.29219903126358987,0.14875069163335414,0.8406978098245299,0.01055149854211598,0.14875069163335414,0.8406978098245299,0.01055149854211598,0.14875069163335414,0.8406978098245299,-0.13819919309123815,2,2,0.032,640.0,0.6729329973459244,0.9601760593339327,-0.41017605933393264
347,347,categorical_soft,1,1,False,0.0,0.0,0.0,1.0,0.0,2,-1.0,0.3172212317585945,-0.5734356820583344,1.827722430229187,-0.9822592556476593,0.3172212317585945,0.07875769666581002,0.8687067056926606,0.05253559764152936,0.07875769666581002,0.8687067056926606,0.05253559764152936,0.8687067056926606,0.07875769666581002,-0.8161711080511312,2,2,0.512,850.0,0.9372682347893715,0.9856319148970634,-0.4356319148970633
348,348,categorical_soft,0,0,False,0.0,0.0,1.0,0.0,0.0,1,-1.0,0.1595127111300826,3.114708352088928,1.5568301916122436,-5.739126062393188,0.1595127111300826,0.8258665148802432,0.17401147414661208,0.00012201097314467,0.8258665148802432,0.17401147414661208,0.00012201097314467,0.8258665148802432,0.17401147414661208,-0.8257445039070985,1,1,0.064,750.0,0.7316131889820099,0.965721529342436,-0.415721529342436
349,349,categorical_soft,1,1,False,0.0,0.0,0.0,1.0,0.0,2,-1.0,0.35376877039670945,-0.5407795161008835,1.7722189903259278,-1.037878119945526,0.35376877039670945,0.08540027907666187,0.8624600630731623,0.052139657850175866,0.08540027907666187,0.8624600630731623,0.052139657850175866,0.8624600630731623,0.08540027907666187,-0.8103204052229864,2,2,0.256,1070.0,1.012370828539133,0.9870300100435582,-0.4370300100435581
350,350,categorical_soft,1,1,True,0.14918507993551788,0.0,0.0,0.850814938545227,0.14918507635593414,2,-0.7016298621892929,0.09408733323216438,-0.47960721552371977,1.1650141477584839,-0.1455012433230877,0.09408733323216438,0.13206331319929696,0.6834295409096841,0.18450714589101902,0.13206331319929696,0.6834295409096841,0.18450714589101902,0.6834295409096841,0.13206331319929696,-0.4989223950186651,2,2,0.064,650.0,0.6683630901388824,0.9588353278858958,-0.4088353278858957
351,351,categorical_soft,0,0,False,0.0,0.0,1.0,0.0,0.0,1,-1.0,0.19743881821632386,7.80563383102417,3.6601252794265746,-14.313767623901366,0.19743881821632386,0.9843016479826471,0.01569835173042492,2.8692806401461864e-10,0.9843016479826471,0.01569835173042492,2.8692806401461864e-10,0.9843016479826471,0.01569835173042492,-0.984301647695719,1,1,0.512,1120.0,1.1905434653162956,0.994218091239636,-0.44421809123963596
352,352,categorical_soft,1,1,False,0.0,0.0,0.0,1.0,0.0,2,-1.0,0.3836919739842415,-0.5529613584280014,1.6370333790779115,-0.8842025995254517,0.3836919739842415,0.09385754551584982,0.8378424174404788,0.06830003704367145,0.09385754551584982,0.8378424174404788,0.06830003704367145,0.8378424174404788,0.09385754551584982,-0.7695423803968073,2,2,0.256,400.0,0.7987911775708199,0.9835424597184669,-0.43354245971846683
353,353,categorical_soft,0,0,True,0.4211503580432464,0.0,0.5788496136665344,0.0,0.4211503565311432,1,-0.15769925713539124,-0.002483506128191948,-0.2360854208469391,0.6365136355161667,-0.07215923406183719,-0.002483506128191948,0.21882307948722782,0.5234719120881268,0.25770500842464517,0.21882307948722782,0.5234719120881268,0.25770500842464517,0.21882307948722782,0.5234719120881268,0.03888192893741735,2,2,0.0,610.0,0.1087988018989563,0.6099215844506183,-0.05992158445061824
354,354,categorical_soft,1,1,True,0.1510709433256638,0.0,0.0,0.8489290475845337,0.15107093751430511,2,-0.6978581100702286,0.05164519753307104,0.20492862462997435,0.17841965779662133,0.026861144695430994,0.05164519753307104,0.35583768586523523,0.3467512272654414,0.29741108686932344,0.35583768586523523,0.3467512272654414,0.29741108686932344,0.3467512272654414,0.35583768586523523,-0.04934014039611795,1,1,0.0,970.0,0.7178128808736801,0.9528142824883851,-0.402814282488385
355,355,categorical_soft,1,1,True,0.1748082876324218,0.0,0.0,0.8251917362213135,0.1748082935810089,2,-0.6503834426403046,-0.03274461757391691,0.060638540983200075,0.33432511389255526,0.004147846903651953,-0.03274461757391691,0.3066618700991798,0.4036410367845587,0.2896970931162616,0.3066618700991798,0.4036410367845587,0.2896970931162616,0.4036410367845587,0.3066618700991798,-0.11394394366829713,2,2,0.0,900.0,0.5160111337900162,0.8907261062024602,-0.34072610620246013
356,356,categorical_soft,1,1,True,0.1575029186359953,0.0,0.0,0.8424971103668213,0.1575029194355011,2,-0.6849941909313202,0.0618354395031929,0.4185254454612732,1.188704240322113,-0.6734183728694916,0.0618354395031929,0.2862812696044018,0.6167555921066805,0.09696313828891771,0.2862812696044018,0.6167555921066805,0.09696313828891771,0.6167555921066805,0.2862812696044018,-0.5197924538177628,2,2,0.032,880.0,0.6224783137440681,0.9337274851666373,-0.38372748516663724
357,357,categorical_soft,0,0,True,0.16152437249962082,0.0,0.8384756445884705,0.0,0.16152437031269073,1,-0.6769512742757797,-0.027862369641661645,0.04127168245613575,0.3317474901676178,0.018152993358671664,-0.027862369641661645,0.30176982163353183,0.40352910122946684,0.2947010771370013,0.30176982163353183,0.40352910122946684,0.2947010771370013,0.30176982163353183,0.40352910122946684,-0.007068744496530555,2,2,0.064,680.0,0.5398712754249573,0.9227732052409395,-0.3727732052409395
358,358,categorical_soft,1,1,True,0.1639196719211149,0.0,0.0,0.8360803127288818,0.16391967236995697,2,-0.6721606403589249,0.06285130772739649,-0.3316542446613312,0.792856752872467,-0.11433211416006088,0.06285130772739649,0.18790517075172858,0.578381351439325,0.23371347780894633,0.18790517075172858,0.578381351439325,0.23371347780894633,0.578381351439325,0.18790517075172858,-0.34466787363037865,2,2,0.0,490.0,0.4761205166578293,0.9165568128082685,-0.36655681280826846
359,359,categorical_soft,1,1,True,0.15313656571740325,0.0,0.0,0.8468634486198425,0.15313656628131866,2,-0.6937268823385239,0.029809382744133472,-0.19604527689516543,0.618320107460022,-0.06451763696968556,0.029809382744133472,0.22758041602878332,0.5131150309465067,0.2593045530247099,0.22758041602878332,0.5131150309465067,0.2593045530247099,0.5131150309465067,0.22758041602878332,-0.2538104779217968,2,2,0.256,620.0,0.6048325188457966,0.9464525557523773,-0.39645255575237726
360,360,categorical_soft,1,1,True,0.19101452359725563,0.0,0.0,0.8089854717254639,0.19101452827453613,2,-0.6179709434509277,0.060112289525568484,-0.2993395507335663,0.7603663563728332,-0.05311881750822067,0.060112289525568484,0.1935948437739348,0.5585701697209192,0.247834986505146,0.1935948437739348,0.5585701697209192,0.247834986505146,0.5585701697209192,0.1935948437739348,-0.3107351832157732,2,2,0.032,450.0,0.34453414287418127,0.8579223921921969,-0.30792239219219686
361,361,categorical_soft,1,1,False,0.0,0.0,0.0,1.0,0.0,2,-1.0,0.33715422786772253,0.3698339104652405,2.241594648361206,-2.422635078430176,0.33715422786772253,0.13242508628818023,0.85944843824081,0.00812647547100977,0.13242508628818023,0.85944843824081,0.00812647547100977,0.85944843824081,0.13242508628818023,-0.8513219627698002,2,2,0.128,710.0,0.8633746355772018,0.9826042518450617,-0.4326042518450617
362,362,categorical_soft,0,0,True,0.14734526445152907,0.0,0.852654755115509,0.0,0.14734525978565216,1,-0.7053094953298569,0.023949568346142768,0.40997097492218015,0.4134934991598129,-0.10602006707340479,0.023949568346142768,0.38494254081911466,0.3853990791147699,0.22965838006611544,0.38494254081911466,0.3853990791147699,0.22965838006611544,0.38494254081911466,0.3853990791147699,-0.15528416075299922,2,2,0.064,960.0,0.7782713621854782,0.9649209701609414,-0.4149209701609413
363,363,categorical_soft,1,1,True,0.2824668882215106,0.0,0.0,0.7175331115722656,0.2824668884277344,2,-0.43506622314453125,-0.011827002093195916,0.12173633351922035,-0.021009419485926627,0.0847263552248478,-0.011827002093195916,0.35330683009249503,0.3062599947179844,0.34043317518952065,0.35330683009249503,0.3062599947179844,0.34043317518952065,0.3062599947179844,0.35330683009249503,0.03417318047153628,1,1,0.064,1130.0,0.35082195699214935,0.7328745950828798,-0.18287459508287973
364,364,categorical_soft,0,0,False,0.0,0.0,1.0,0.0,0.0,1,-1.0,0.22955081332474947,1.0658831119537353,1.9559250593185424,-2.94934196472168,0.22955081332474947,0.2925882277817037,0.7022131223518617,0.005198649866434692,0.2925882277817037,0.7022131223518617,0.005198649866434692,0.2925882277817037,0.7022131223518617,-0.287389577915269,2,2,0.032,530.0,0.5941829681396484,0.949229112265047,-0.399229112265047
365,365,categorical_soft,0,0,False,0.0,0.0,1.0,0.0,0.0,1,-1.0,0.16063230857253075,6.66499433517456,3.111736273765564,-12.365333843231202,0.16063230857253075,0.9721119558025373,0.027888038297649832,5.899812912965427e-09,0.9721119558025373,0.027888038297649832,5.899812912965427e-09,0.9721119558025373,0.027888038297649832,-0.9721119499027244,1,1,0.512,1120.0,1.3508169502019882,0.9973610056548473,-0.44736100565484727
366,366,categorical_soft,1,1,False,0.0,0.0,0.0,1.0,0.0,2,-1.0,0.3231186531484127,-0.27525841593742373,1.7774792313575745,-1.3033496499061585,0.3231186531484127,0.10956770983632344,0.851110029649344,0.039322260514332484,0.10956770983632344,0.851110029649344,0.039322260514332484,0.851110029649344,0.10956770983632344,-0.8117877691350115,2,2,0.128,970.0,0.7826331406831741,0.9652369443596681,-0.41523694435966807
367,367,categorical_soft,0,0,False,0.0,0.0,1.0,0.0,0.0,1,-1.0,0.18013257812708616,3.5024948120117188,1.6997308611869812,-6.3763659477233885,0.18013257812708616,0.858264107407966,0.14168967941703375,4.621317500026782e-05,0.858264107407966,0.14168967941703375,4.621317500026782e-05,0.858264107407966,0.14168967941703375,-0.8582178942329657,1,1,0.032,840.0,0.5968253463506699,0.9287462190401073,-0.3787462190401073
368,368,categorical_soft,0,0,False,0.0,0.0,1.0,0.0,0.0,1,-1.0,0.1704794779419899,3.10632700920105,1.463593566417694,-5.500969505310058,0.1704794779419899,0.8377352510689461,0.16210780016716228,0.0001569487638917457,0.8377352510689461,0.16210780016716228,0.0001569487638917457,0.8377352510689461,0.16210780016716228,-0.8375783023050544,1,1,0.128,840.0,0.846636950969696,0.978011866019843,-0.428011866019843
369,369,categorical_soft,0,0,True,0.549994792500617,0.0,0.4500052034854889,0.0,0.5499947667121887,3,0.09998956322669983,0.035850934125483035,-0.45236223340034487,0.9187498450279236,-0.05453837607055902,0.035850934125483035,0.15568764243194327,0.6126271998594559,0.23168515770860085,0.15568764243194327,0.6126271998594559,0.23168515770860085,0.15568764243194327,0.6126271998594559,0.07599751527665757,2,2,0.0,670.0,0.04256966710090637,0.5123068033698828,0.037693196630117276
370,370,categorical_soft,0,0,False,0.0,0.0,1.0,0.0,0.0,1,-1.0,0.11734990943223238,2.622098994255066,1.521654736995697,-4.895738315582276,0.11734990943223238,0.7493074772901165,0.25027453862927573,0.0004179840806078848,0.7493074772901165,0.25027453862927573,0.0004179840806078848,0.7493074772901165,0.25027453862927573,-0.7488894932095086,1,1,0.032,740.0,0.4386346563696861,0.8711185197845402,-0.3211185197845402
371,371,categorical_soft,1,1,True,0.7409121730578815,0.0,0.0,0.25908783078193665,0.7409121990203857,3,0.4818243682384491,0.04170990847051144,0.3212467759847641,0.5271725326776504,-0.18833717778325082,0.04170990847051144,0.3543005289401099,0.4334756231188672,0.21222384794102286,0.3543005289401099,0.4334756231188672,0.21222384794102286,0.4334756231188672,0.3543005289401099,-0.22125177517784436,2,2,0.0,1170.0,0.02112467586994171,0.34098459826029615,0.2090154017397039
372,372,categorical_soft,0,0,False,0.0,0.0,1.0,0.0,0.0,1,-1.0,0.15526005793362857,3.2787885665893555,1.5477948546409608,-5.8640648365020756,0.15526005793362857,0.8494447662521379,0.15046212532552322,9.31084223389347e-05,0.8494447662521379,0.15046212532552322,9.31084223389347e-05,0.8494447662521379,0.15046212532552322,-0.849351657829799,1,1,0.032,1180.0,0.820691667497158,0.9629470093439594,-0.41294700934395934
373,373,categorical_soft,0,0,True,0.13859959724236742,0.0,0.8614004254341125,0.0,0.13859960436820984,1,-0.7228008210659027,0.09603091161698103,0.25002451837062833,0.03349591605365276,-0.016354699386283755,0.09603091161698103,0.3893272469935445,0.31309888031887645,0.29757387268757907,0.3893272469935445,0.31309888031887645,0.29757387268757907,0.3893272469935445,0.31309888031887645,-0.09175337430596542,1,1,0.256,720.0,1.2470764820463955,0.9972876295955952,-0.4472876295955952
374,374,categorical_soft,0,0,True,0.142547742111232,0.0,0.8574522733688354,0.0,0.14254774153232574,1,-0.7149045318365097,-0.06043002139776945,0.21426348090171815,0.22400453239679335,-0.011869478598237037,-0.06043002139776945,0.35641958787174877,0.3598506583240514,0.28372975380419974,0.35641958787174877,0.3598506583240514,0.28372975380419974,0.35641958787174877,0.3598506583240514,-0.07268983406754903,2,2,0.064,680.0,0.8477915152907372,0.9819000580393523,-0.4319000580393523
375,375,categorical_soft,1,1,True,0.17110929758369697,0.0,0.0,0.8288906812667847,0.17110930383205414,2,-0.6577813774347305,-0.040567591041326526,0.09090161472558975,0.22254015505313873,-0.0044791724532842634,-0.040567591041326526,0.3277823035784451,0.3743336433957108,0.2978840530258441,0.3277823035784451,0.3743336433957108,0.2978840530258441,0.3743336433957108,0.3277823035784451,-0.0764495903698667,2,2,0.032,850.0,0.5218647550791502,0.8990958545060396,-0.3490958545060395
376,376,categorical_soft,0,0,False,0.0,0.0,1.0,0.0,0.0,1,-1.0,0.1686776788905263,3.1554229259490967,1.635334312915802,-5.672283554077149,0.1686776788905263,0.8203204567884109,0.17955454844385654,0.00012499476773247424,0.8203204567884109,0.17955454844385654,0.00012499476773247424,0.8203204567884109,0.17955454844385654,-0.8201954620206785,1,1,0.032,1110.0,0.7185393869876862,0.9448057440354843,-0.3948057440354843
377,377,categorical_soft,1,1,True,0.17171995835359766,0.0,0.0,0.8282800316810608,0.17171995341777802,2,-0.6565600782632828,0.05282921036705375,-0.178341156989336,0.7076451778411865,-0.05114165097475052,0.05282921036705375,0.2195054849202208,0.5316051589769577,0.2488893561028215,0.2195054849202208,0.5316051589769577,0.2488893561028215,0.5316051589769577,0.2195054849202208,-0.2827158028741362,2,2,0.0,510.0,0.43530239164829254,0.8976874868146086,-0.3476874868146086
378,378,categorical_soft,0,0,True,0.14159409893896185,0.0,0.8584058880805969,0.0,0.14159409701824188,1,-0.716811791062355,-0.038101658970117566,0.0541895754635334,0.19858251363039017,-0.0017783031333237886,-0.038101658970117566,0.32254342660597346,0.37272340903034723,0.30473316436367937,0.32254342660597346,0.37272340903034723,0.30473316436367937,0.32254342660597346,0.37272340903034723,-0.017810262242294095,2,2,0.128,680.0,0.8935141116380692,0.9854890640603567,-0.4354890640603567
379,379,categorical_soft,1,1,True,0.15317525639557306,0.0,0.0,0.8468247652053833,0.1531752496957779,2,-0.6936495155096054,0.08508958127349615,-0.5896624743938446,1.0181240797042848,-0.1637423127889633,0.08508958127349615,0.13318419560254033,0.6630986780990588,0.20371712629840094,0.13318419560254033,0.6630986780990588,0.20371712629840094,0.6630986780990588,0.13318419560254033,-0.4593815518006578,2,2,0.256,510.0,0.5773737840354443,0.9463356041727776,-0.3963356041727776
380,380,categorical_soft,1,1,True,0.16881225547255846,0.0,0.0,0.8311877250671387,0.16881226003170013,2,-0.6623754650354385,0.024661510065197945,-0.1824044719338417,0.6736568450927735,-0.0941166091710329,0.024661510065197945,0.22504318334636345,0.5293562325623211,0.24560058409131566,0.22504318334636345,0.5293562325623211,0.24560058409131566,0.5293562325623211,0.22504318334636345,-0.28375564847100543,2,2,0.128,400.0,0.42385962195839966,0.9044932597432849,-0.3544932597432848
381,381,categorical_soft,0,0,True,0.13994749393293426,0.0,0.8600525259971619,0.0,0.13994748890399933,1,-0.7201050370931625,0.060680453293025495,0.1932278484106064,0.07626502811908722,-0.008337269304320216,0.060680453293025495,0.3693788037163067,0.3287330313338073,0.301888164949886,0.3693788037163067,0.3287330313338073,0.301888164949886,0.3693788037163067,0.3287330313338073,-0.0674906387664207,1,1,0.256,610.0,0.9956440702080727,0.9918732366503379,-0.44187323665033784
382,382,categorical_soft,0,0,False,0.0,0.0,1.0,0.0,0.0,1,-1.0,0.2426864791661501,2.1047738075256346,1.709527063369751,-4.332352781295777,0.2426864791661501,0.5961294955068506,0.4028830898543396,0.0009874146388098054,0.5961294955068506,0.4028830898543396,0.0009874146388098054,0.5961294955068506,0.4028830898543396,-0.5951420808680408,1,1,0.256,480.0,0.7710565626621246,0.9793193742271186,-0.4293193742271185
383,383,categorical_soft,1,1,True,0.14417076045447696,0.0,0.0,0.8558292388916016,0.14417076110839844,2,-0.7116584777832031,0.07259034905582666,-0.4875939071178436,0.8711822748184204,-0.11980492174625397,0.07259034905582666,0.15783876129002936,0.61408431790479,0.22807692080518058,0.15783876129002936,0.61408431790479,0.22807692080518058,0.61408431790479,0.15783876129002936,-0.3860073970996094,2,2,0.256,760.0,0.8084479738026857,0.9759628652576691,-0.425962865257669
384,384,categorical_soft,0,0,False,0.0,0.0,1.0,0.0,0.0,1,-1.0,0.17207591980695724,3.9488593101501466,1.924856150150299,-7.116999912261963,0.17207591980695724,0.8832511842948538,0.11673447943388685,1.4336271259376089e-05,0.8832511842948538,0.11673447943388685,1.4336271259376089e-05,0.8832511842948538,0.11673447943388685,-0.8832368480235945,1,1,0.128,1080.0,0.9401882588863373,0.9813913142856413,-0.43139131428564126
385,385,categorical_soft,1,1,True,0.14549609815167108,0.0,0.0,0.8545039296150208,0.14549610018730164,2,-0.7090078294277191,-0.004127413779497146,-0.2483067184686661,0.7832960486412048,-0.10075469762086868,-0.004127413779497146,0.20157205703289996,0.5649338371135627,0.2334941058535373,0.20157205703289996,0.5649338371135627,0.2334941058535373,0.5649338371135627,0.20157205703289996,-0.3314397312600254,2,2,0.256,770.0,0.7735878583043814,0.9712650823388411,-0.4212650823388411
386,386,categorical_soft,0,0,True,0.1386766372350519,0.0,0.861323356628418,0.0,0.13867664337158203,1,-0.7226467132568359,0.0047383736819028854,0.2988827645778656,0.10139046236872673,0.0032124642282724382,0.0047383736819028854,0.3902300566638946,0.3201714025890219,0.28959854074708347,0.3902300566638946,0.3201714025890219,0.28959854074708347,0.3902300566638946,0.3201714025890219,-0.10063151591681113,1,1,0.512,400.0,1.1461854800581932,0.9969733685655217,-0.4469733685655216
387,387,categorical_soft,0,0,False,0.0,0.0,1.0,0.0,0.0,1,-1.0,0.10904827192425728,3.8763214111328126,1.8905567169189452,-7.061426115036011,0.10904827192425728,0.8791475918700462,0.12083569769113064,1.671043882320621e-05,0.8791475918700462,0.12083569769113064,1.671043882320621e-05,0.8791475918700462,0.12083569769113064,-0.879130881431223,1,1,0.256,660.0,0.940440259873867,0.9887148115988028,-0.43871481159880277
388,388,categorical_soft,1,1,True,0.16684084755566841,0.0,0.0,0.8331591486930847,0.16684085130691528,2,-0.6663182973861694,0.02496834918856621,-0.35357398390769956,0.8409843444824219,-0.09394459500908851,0.02496834918856621,0.1789151173465837,0.5895453100287569,0.2315395726246595,0.1789151173465837,0.5895453100287569,0.2315395726246595,0.5895453100287569,0.1789151173465837,-0.35800573740409736,2,2,0.064,1010.0,0.5850121323019266,0.90925726285887,-0.35925726285886994
389,389,categorical_soft,0,0,False,0.0,0.0,1.0,0.0,0.0,1,-1.0,0.16393006611615418,2.400170159339905,1.5855517745018006,-4.331761407852173,0.16393006611615418,0.6917169379528304,0.30744335811765794,0.0008397039295117879,0.6917169379528304,0.30744335811765794,0.0008397039295117879,0.6917169379528304,0.30744335811765794,-0.6908772340233186,1,1,0.064,880.0,0.4785623997449875,0.8741640467966116,-0.3241640467966116
390,390,categorical_soft,1,1,True,0.2760299416475489,0.0,0.0,0.7239700555801392,0.27602994441986084,2,-0.4479401111602783,0.02919555753469467,0.0836644247174263,0.18336310982704163,0.027325197774916887,0.02919555753469467,0.32778894830404265,0.3622851494225004,0.309925902273457,0.32778894830404265,0.3622851494225004,0.309925902273457,0.3622851494225004,0.32778894830404265,-0.052359247149043386,2,2,0.0,1000.0,0.32620373368263245,0.7398172420363511,-0.18981724203635109
391,391,categorical_soft,0,0,False,0.0,0.0,1.0,0.0,0.0,1,-1.0,0.19960135202854873,3.1607676267623903,1.6593175649642944,-5.695425939559937,0.19960135202854873,0.8173630087657008,0.18251607893818336,0.00012091229611581717,0.8173630087657008,0.18251607893818336,0.00012091229611581717,0.8173630087657008,0.18251607893818336,-0.817242096469585,1,1,0.128,840.0,0.7657688558101654,0.9676319299768472,-0.41763192997684717
392,392,categorical_soft,0,0,True,0.1412916564522666,0.0,0.8587083220481873,0.0,0.14129166305065155,1,-0.7174166589975357,0.011467961966991425,0.17332687377929687,0.11074000149965287,-0.016403191909193992,0.011467961966991425,0.360829693169184,0.34052868338963627,0.2986416234411796,0.360829693169184,0.34052868338963627,0.2986416234411796,0.360829693169184,0.34052868338963627,-0.06218806972800439,1,1,0.064,930.0,0.9719650354236364,0.9866435474255073,-0.43664354742550726
393,393,categorical_soft,0,0,True,0.29355228838107594,0.0,0.7064477205276489,0.0,0.2935522794723511,1,-0.41289544105529785,0.05158435637131333,-0.2431803584098816,0.832029664516449,-0.10936995446681977,0.05158435637131333,0.19711683589408377,0.5775189212181149,0.22536424288780138,0.19711683589408377,0.5775189212181149,0.22536424288780138,0.19711683589408377,0.5775189212181149,0.02824740699371761,2,2,0.0,420.0,0.16475437581539154,0.7213106216778917,-0.17131062167789168
394,394,categorical_soft,0,0,False,0.0,0.0,1.0,0.0,0.0,1,-1.0,0.256891006231308,3.439786696434021,1.6922133326530457,-6.158733654022217,0.256891006231308,0.8515580853983538,0.14838324939830214,5.866520334395335e-05,0.8515580853983538,0.14838324939830214,5.866520334395335e-05,0.8515580853983538,0.14838324939830214,-0.8514994201950098,1,1,0.064,1130.0,0.5938400030136108,0.9005461713773014,-0.3505461713773014
395,395,categorical_soft,0,0,True,0.22105897632457006,0.0,0.7789410352706909,0.0,0.22105897963047028,1,-0.5578820556402206,0.07073046956211329,0.14893191903829575,-0.006309320032596588,0.01664750948548317,0.07073046956211329,0.36566182905092454,0.3137998983620865,0.32053827258698897,0.36566182905092454,0.3137998983620865,0.32053827258698897,0.36566182905092454,0.3137998983620865,-0.045123556463935566,1,1,0.032,1110.0,0.4338230639696121,0.8086384647508287,-0.25863846475082863
396,396,categorical_soft,1,1,False,0.0,0.0,0.0,1.0,0.0,2,-1.0,0.2633572967723012,-0.4654695063829422,1.8565168857574463,-1.15870760679245,0.2633572967723012,0.08556073306778203,0.8713597460865735,0.043079520845644544,0.08556073306778203,0.8713597460865735,0.043079520845644544,0.8713597460865735,0.08556073306778203,-0.8282802252409289,2,2,0.512,1110.0,0.9393975138664246,0.9806455907424554,-0.43064559074245534
397,397,categorical_soft,1,1,False,0.0,0.0,0.0,1.0,0.0,2,-1.0,0.307237945497036,0.3143144018948078,2.1255573511123655,-2.335539221763611,0.307237945497036,0.13981951082228702,0.8503571074880976,0.009823381689615367,0.13981951082228702,0.8503571074880976,0.009823381689615367,0.8503571074880976,0.13981951082228702,-0.8405337257984822,2,2,0.256,1050.0,0.9099549353122711,0.9792239661600461,-0.4292239661600461
398,398,categorical_soft,1,1,True,0.15284969822104216,0.0,0.0,0.8471503257751465,0.1528497040271759,2,-0.6943006217479706,0.06319032916799187,-0.296871018409729,0.7125303387641907,-0.1055944763123989,0.06319032916799187,0.20192832641049083,0.5536820269365699,0.2443896466529393,0.20192832641049083,0.5536820269365699,0.2443896466529393,0.5536820269365699,0.20192832641049083,-0.3092923802836306,2,2,0.128,490.0,0.5764550000894815,0.9473221554846154,-0.39732215548461536
399,399,categorical_soft,1,1,True,0.22781912808323002,0.0,0.0,0.7721808552742004,0.22781912982463837,2,-0.5443617254495621,0.01162224356085062,-0.2757090747356415,0.5914729923009873,-0.06210674494504929,0.01162224356085062,0.2165218291264627,0.5153461671167829,0.26813200375675433,0.2165218291264627,0.5153461671167829,0.26813200375675433,0.5153461671167829,0.2165218291264627,-0.2472141633600286,2,2,0.032,400.0,0.2471591681241989,0.7989866884283707,-0.24898668842837068
