trial_index,fold,phase,target_fixation,phase_probability_pre_go,predicted_fixation
0,2,pre_go,1.0,0.9905862697249268,0.9902655653740282
0,2,post_go,0.0,0.013590911736343312,0.0023299765280585527
1,1,pre_go,1.0,0.9984804347157111,1.0172908524189122
1,1,post_go,0.0,0.006844673803293171,0.009642116499091913
2,2,pre_go,1.0,0.9991964442950716,1.0434296206292195
2,2,post_go,0.0,0.0055153621857578295,0.00930693178093317
3,0,pre_go,1.0,0.9916323799021818,0.9848789835989537
3,0,post_go,0.0,0.01629833666639839,-0.0007350669514181174
4,1,pre_go,1.0,0.9892067146637112,1.0156584514949092
4,1,post_go,0.0,0.013608507911006769,0.051787207318998774
5,1,pre_go,1.0,0.9939061840086277,1.0014774845901617
5,1,post_go,0.0,0.0018073374651061136,0.00923133105901186
6,3,pre_go,1.0,0.991153261018843,0.9651075518976444
6,3,post_go,0.0,0.010645412593269137,-0.002683657300989073
7,2,pre_go,1.0,0.983358037583774,1.0101644792238433
7,2,post_go,0.0,0.0039500671368807305,0.025891334858794635
8,2,pre_go,1.0,0.9998290474963759,1.0220020524676354
8,2,post_go,0.0,0.004361295174035627,-0.015336690188015367
9,2,pre_go,1.0,0.9917559547739756,0.9867903034990271
9,2,post_go,0.0,0.01631192037634003,-0.0007331556409909123
10,0,pre_go,1.0,0.9904518214409753,0.9825234234463984
10,0,post_go,0.0,0.005309024418050366,0.01623808190666104
11,2,pre_go,1.0,0.9992012957457665,1.0098456988249502
11,2,post_go,0.0,0.0031581179877964334,-0.009695254867077063
12,2,pre_go,1.0,0.9941712118083879,0.9750867275391741
12,2,post_go,0.0,0.00551832878740541,-0.00261685705288367
13,2,pre_go,1.0,0.9969711701137566,0.9885182578856937
13,2,post_go,0.0,0.011763982245250122,0.0047724354181377104
14,4,pre_go,1.0,0.9978037575300843,0.9902462875679645
14,4,post_go,0.0,0.0159352497466964,0.004829746739936247
15,1,pre_go,1.0,0.9964991531302112,0.9910010015782313
15,1,post_go,0.0,0.01199060792323999,0.008240770484572557
16,2,pre_go,1.0,0.9880732088928085,0.9897661440002239
16,2,post_go,0.0,0.009513986922982295,0.015248575134849673
17,3,pre_go,1.0,0.9922765380478663,0.9660388962472441
17,3,post_go,0.0,0.01221257165416507,-0.00515506513650188
18,2,pre_go,1.0,0.9989808083626671,0.98800759452669
18,2,post_go,0.0,0.00442375994303434,-0.01821190675437795
19,1,pre_go,1.0,0.9995388235245999,1.0132424387342371
19,1,post_go,0.0,0.01346766648328277,-0.0037244608227795517
20,4,pre_go,1.0,0.9716231007401328,0.99659047683205
20,4,post_go,0.0,0.0027544521782843366,0.03345852482650358
21,4,pre_go,1.0,0.9948697459656716,1.006680369238461
21,4,post_go,0.0,0.0019309742848713115,0.017276100996487742
22,4,pre_go,1.0,0.9982710061274783,1.0378495591977377
22,4,post_go,0.0,0.0029370472879261347,0.0019848614545916465
23,0,pre_go,1.0,0.9970649119688318,0.9819253725716326
23,0,post_go,0.0,0.002572809896447177,-0.01747874136476968
24,4,pre_go,1.0,0.9677884685921608,0.9857289516000958
24,4,post_go,0.0,0.000522439605505309,0.013785282407416
25,0,pre_go,1.0,0.9976584804900943,0.9803889906376311
25,0,post_go,0.0,0.0008832808445007433,-0.010999657559456089
26,4,pre_go,1.0,0.9852310506355647,0.9796488702024861
26,4,post_go,0.0,0.006877367801841924,0.006979398026954298
27,3,pre_go,1.0,0.9987537262246309,1.0066587167862455
27,3,post_go,0.0,0.019119718950133435,0.018019221560044096
28,2,pre_go,1.0,0.9998508656359253,1.0324357263425865
28,2,post_go,0.0,0.0034017130216926266,-0.016293849968064877
29,1,pre_go,1.0,0.9737200441481977,0.9710058622975573
29,1,post_go,0.0,0.0013282519379952116,0.003066210676683445
30,3,pre_go,1.0,0.9952088332188287,0.9144684528376538
30,3,post_go,0.0,0.0005313544230009187,-0.0876951066606646
31,2,pre_go,1.0,0.9994667067253287,1.0058957098757444
31,2,post_go,0.0,0.008729393900181204,-0.00025044940342661137
32,1,pre_go,1.0,0.9956880478124825,1.0067068079636097
32,1,post_go,0.0,0.0008474721279908758,-0.02865110346320099
33,2,pre_go,1.0,0.9987745337070213,1.0447758520182022
33,2,post_go,0.0,0.003819564241878543,0.008538317914972837
34,3,pre_go,1.0,0.9979075405645741,1.0165586508962807
34,3,post_go,0.0,0.00205937686691417,-0.01706839222356349
35,4,pre_go,1.0,0.9985370726473481,1.0055449770123603
35,4,post_go,0.0,0.016290951947672376,0.01583028469634601
36,4,pre_go,1.0,0.9986357517723751,1.0285634917307498
36,4,post_go,0.0,0.004202886429619651,-0.005143631622007427
37,4,pre_go,1.0,0.9986325665766544,1.019392398721587
37,4,post_go,0.0,0.005353658321330669,0.013696557888028593
38,4,pre_go,1.0,0.9977675315221634,1.0071724741877648
38,4,post_go,0.0,0.003223981023952272,0.013637438122551304
39,2,pre_go,1.0,0.9972329543739321,0.995744215293336
39,2,post_go,0.0,0.0005984580588537059,-0.029167366879608914
40,4,pre_go,1.0,0.998778455429125,0.9978652523845926
40,4,post_go,0.0,0.00139190947126943,-0.029989952137663367
41,2,pre_go,1.0,0.9883634835193866,0.9771014909495419
41,2,post_go,0.0,0.010008673719872917,0.0156076961404355
42,3,pre_go,1.0,0.9982496411508408,1.0170487710706275
42,3,post_go,0.0,0.003024318708523595,-0.012594342639020373
43,1,pre_go,1.0,0.9893765943706059,0.9888732146309019
43,1,post_go,0.0,0.012558661962086097,0.017239527774425834
44,3,pre_go,1.0,0.9939539827763153,0.9776619891178637
44,3,post_go,0.0,0.01440356819806019,-0.0031756378363922977
45,0,pre_go,1.0,0.999469933946206,0.9992514562058707
45,0,post_go,0.0,0.009940886926740996,-0.011090427867221364
46,4,pre_go,1.0,0.9959566624322507,0.974810989782273
46,4,post_go,0.0,0.005130637113644918,-0.012635388694547667
47,0,pre_go,1.0,0.999087360693273,1.0283779145391023
47,0,post_go,0.0,0.004163841544971999,-0.0037074239625044525
48,3,pre_go,1.0,0.9503669309507212,0.9692174901724115
48,3,post_go,0.0,0.0008617391419282783,0.013312877407588908
49,0,pre_go,1.0,0.9906380214672733,0.9720525072800481
49,0,post_go,0.0,0.0034412987006298534,-0.0035960209740723004
50,4,pre_go,1.0,0.9982193755521667,1.0204826352831775
50,4,post_go,0.0,0.004926958939630075,0.016268042301881225
51,2,pre_go,1.0,0.9947826349871217,1.0271065977719949
51,2,post_go,0.0,0.0009362512566487613,-0.009198722327753817
52,2,pre_go,1.0,0.9930511578084333,0.9855245827058794
52,2,post_go,0.0,0.005203068728989561,0.007878543169296481
53,4,pre_go,1.0,0.9981527910629141,1.0014576580961945
53,4,post_go,0.0,0.002285534732881402,-0.012812030462320101
54,4,pre_go,1.0,0.9810388220240301,0.968135656376255
54,4,post_go,0.0,0.0022092324068209344,0.006524425730154881
55,1,pre_go,1.0,0.9325488509842236,1.027613203733464
55,1,post_go,0.0,0.0008592976973373146,0.08674738619599526
56,4,pre_go,1.0,0.9927132056537082,1.038202378932337
56,4,post_go,0.0,0.016083021318783006,0.049708322901487245
57,0,pre_go,1.0,0.9992053820262086,0.989933204215067
57,0,post_go,0.0,0.005981524286821609,-0.019139830985130946
58,0,pre_go,1.0,0.999068717544597,0.9975370717426038
58,0,post_go,0.0,0.002415957102370603,-0.02763867523454855
59,4,pre_go,1.0,0.9918518804984581,0.9726957524283718
59,4,post_go,0.0,0.004119590347198952,-0.0029164126476580177
60,3,pre_go,1.0,0.9884174851199768,1.001594970669021
60,3,post_go,0.0,0.0009277332389084312,0.012170093667178916
61,3,pre_go,1.0,0.9962395167418052,0.9953505399555976
61,3,post_go,0.0,0.007826576023998149,0.01652864147068528
62,2,pre_go,1.0,0.9864226662894593,1.0017688737758943
62,2,post_go,0.0,0.005423001462827994,0.021970620158364873
63,1,pre_go,1.0,0.9998116553859626,0.996028926562988
63,1,post_go,0.0,0.0053796642101357015,-0.05471122287674912
64,2,pre_go,1.0,0.9965959822295606,0.9826513130982598
64,2,post_go,0.0,0.002407248966113465,-0.01676888894251788
65,0,pre_go,1.0,0.9834180112842686,0.9792371918751344
65,0,post_go,0.0,0.004964484683349371,-0.006375429263124177
66,2,pre_go,1.0,0.9901424057839687,0.9925208026462206
66,2,post_go,0.0,0.012632167785580063,0.004491400236035559
67,0,pre_go,1.0,0.9429298864740767,0.9692252285915094
67,0,post_go,0.0,0.0007835856846846321,0.014670923774534661
68,1,pre_go,1.0,0.9878737756624865,0.9779418352390314
68,1,post_go,0.0,0.0024326793903930617,-0.0010612488306269707
69,4,pre_go,1.0,0.9944680313932343,0.9826803787532569
69,4,post_go,0.0,0.01588866752925808,-0.0008562745772790481
70,4,pre_go,1.0,0.9893490904325752,1.0101101055295494
70,4,post_go,0.0,0.007003450686793612,0.04187593741251683
71,0,pre_go,1.0,0.9943878894088742,0.9907486260327981
71,0,post_go,0.0,0.019094137885268255,0.015338515071989356
72,3,pre_go,1.0,0.9534856492602585,0.9695416633923404
72,3,post_go,0.0,0.0010370803875915581,0.018866803944770805
73,1,pre_go,1.0,0.9973306210734064,1.0140526116954638
73,1,post_go,0.0,0.001886164817310639,0.007955675279782304
74,3,pre_go,1.0,0.9982704994971879,0.9953003343848545
74,3,post_go,0.0,0.015018732023542817,0.007844291163198236
75,0,pre_go,1.0,0.9917810982827566,1.0016456511758736
75,0,post_go,0.0,0.013099021464934793,0.05062223918459474
76,0,pre_go,1.0,0.9920545637656695,0.9774204405184485
76,0,post_go,0.0,0.0035955249624070626,-0.0034565197441779327
77,3,pre_go,1.0,0.9982728920425661,1.0010265947323504
77,3,post_go,0.0,0.002764893652268334,-0.018197587967558326
78,3,pre_go,1.0,0.9845228192219599,0.9979711793444885
78,3,post_go,0.0,0.005143160712715927,0.019072788652002348
79,3,pre_go,1.0,0.9922546715567153,0.9762942096778593
79,3,post_go,0.0,0.018879723406718136,-0.009637608719545887
80,2,pre_go,1.0,0.9897306498896514,0.9906422149582177
80,2,post_go,0.0,0.012682641221260645,0.018246894238963807
81,2,pre_go,1.0,0.968169289361461,0.9828573575944269
81,2,post_go,0.0,0.0028039323604436704,0.0019526961905874107
82,1,pre_go,1.0,0.9989477333837812,1.0095526112050925
82,1,post_go,0.0,0.005026711627558372,0.01239363230626861
83,3,pre_go,1.0,0.999600277291076,0.9977682631918121
83,3,post_go,0.0,0.005392691392470664,-0.01223569496993715
84,0,pre_go,1.0,0.9967455902205221,1.0084720511834835
84,0,post_go,0.0,0.014462031173677139,0.031040829106852796
85,1,pre_go,1.0,0.9966214482109033,0.9984081460174601
85,1,post_go,0.0,0.008099461344198583,0.01656798766641754
86,1,pre_go,1.0,0.9958221872480486,1.0070442200319913
86,1,post_go,0.0,0.0026579009110293244,0.011526709821649606
87,3,pre_go,1.0,0.9994087656770994,1.002301324399708
87,3,post_go,0.0,0.011523474456547677,-0.0001435213457678941
88,3,pre_go,1.0,0.9997077732854656,1.0295752701976089
88,3,post_go,0.0,0.002378079364086696,-0.005531878903010434
89,4,pre_go,1.0,0.9944591816636077,0.98588053954483
89,4,post_go,0.0,0.005780310272476533,0.0035455940866759295
90,4,pre_go,1.0,0.989253744028225,0.992537433796735
90,4,post_go,0.0,0.011365669077183156,0.0044958196808275175
91,4,pre_go,1.0,0.9968924027497075,1.0207029961169505
91,4,post_go,0.0,0.0359311348204885,0.05004313699503493
92,1,pre_go,1.0,0.9912667159969025,0.9775999661111752
92,1,post_go,0.0,0.003409947179438762,-0.0021533895010644732
93,1,pre_go,1.0,0.9933047746847387,1.0460138804626784
93,1,post_go,0.0,0.01782278816684341,0.062230209155737626
94,1,pre_go,1.0,0.9852395267248367,0.9783543593419814
94,1,post_go,0.0,0.00693769667865455,0.005617809191535539
95,4,pre_go,1.0,0.9989157065008134,1.0039513998184513
95,4,post_go,0.0,0.02598975033732581,0.013509487013827037
96,2,pre_go,1.0,0.9960050034955192,0.9829066537359592
96,2,post_go,0.0,0.007064741019716844,-0.0020368767002905686
97,0,pre_go,1.0,0.9912470073880713,0.9673155132161969
97,0,post_go,0.0,0.010564014845839784,-0.0012944005863043673
98,2,pre_go,1.0,0.9922185642781941,1.0290825804494057
98,2,post_go,0.0,0.014738878120178094,0.04533076151317056
99,3,pre_go,1.0,0.9984543478887463,1.005804996772647
99,3,post_go,0.0,0.015564129909735042,0.018896054934212647
100,1,pre_go,1.0,0.9983244607233916,1.0180271398523772
100,1,post_go,0.0,0.004585164290461816,0.014069004225818915
101,0,pre_go,1.0,0.9909467513873708,0.9676190731727019
101,0,post_go,0.0,0.010328760847978498,-0.00038572408605441755
102,0,pre_go,1.0,0.9955507541918521,0.9760828907320518
102,0,post_go,0.0,0.00793886902897812,0.0041289544770594655
103,2,pre_go,1.0,0.9818461525134653,0.9836157605000191
103,2,post_go,0.0,0.004535567828006735,-0.003160474283025183
104,0,pre_go,1.0,0.999739297461469,1.0357896541402998
104,0,post_go,0.0,0.011583343712498874,-0.012642007353546814
105,3,pre_go,1.0,0.9991786105918931,1.0334322178156308
105,3,post_go,0.0,0.006831100910695606,0.00675978210547179
106,4,pre_go,1.0,0.997595926017336,0.9899332436715613
106,4,post_go,0.0,0.015047287314851868,0.005063022100195047
107,3,pre_go,1.0,0.9899528829268841,0.9670376752806731
107,3,post_go,0.0,0.009911539436203308,0.0016624837647611357
108,4,pre_go,1.0,0.9955219404017128,0.9890158160478099
108,4,post_go,0.0,0.006028451983271855,0.0031518361162907182
109,4,pre_go,1.0,0.9932981987270536,0.9967762348380863
109,4,post_go,0.0,0.0006515947118418415,0.017692399765144473
110,0,pre_go,1.0,0.996708610648029,0.9933086222629874
110,0,post_go,0.0,0.013235755066719293,0.013114947451402736
111,0,pre_go,1.0,0.9988359914210506,1.0041099598589134
111,0,post_go,0.0,0.030447844208945547,0.017038066974820076
112,4,pre_go,1.0,0.9915902562767331,1.0209249739631816
112,4,post_go,0.0,0.0008205006238504215,0.004328293587089083
113,4,pre_go,1.0,0.9948931199133436,0.9978179391815298
113,4,post_go,0.0,0.0199967348932938,0.015413185285921671
114,1,pre_go,1.0,0.9936615841111706,0.9852330289416129
114,1,post_go,0.0,0.001669564770415261,-0.007416907049950572
115,0,pre_go,1.0,0.9949275054195987,0.9906954805023236
115,0,post_go,0.0,0.017443652663346694,0.006103187360626594
116,0,pre_go,1.0,0.9716935180446924,0.9692547676960865
116,0,post_go,0.0,0.0003508337752501268,0.009350749635515687
117,0,pre_go,1.0,0.9993800881267525,0.9552904060603788
117,0,post_go,0.0,0.002198197385161461,-0.05519880846677705
118,3,pre_go,1.0,0.9901087696233923,1.0090222019754314
118,3,post_go,0.0,0.007159129342548596,0.04650438519642075
119,4,pre_go,1.0,0.9955748432246275,0.983203386321277
119,4,post_go,0.0,0.008972238673775524,0.002289912891993373
120,4,pre_go,1.0,0.9942990939540421,0.9808098513835785
120,4,post_go,0.0,0.015156705941705017,-0.0013513045498822485
121,1,pre_go,1.0,0.9942614469816354,0.9855199529398726
121,1,post_go,0.0,0.008059682670458467,0.00955261987850442
122,4,pre_go,1.0,0.9767373655712447,0.9688583146495933
122,4,post_go,0.0,0.0038799693591112646,-0.010535630584009581
123,3,pre_go,1.0,0.9897356702221892,0.9693653454842864
123,3,post_go,0.0,0.004037319195103361,0.0037297154673132105
124,0,pre_go,1.0,0.9916130417604694,0.9708804478939081
124,0,post_go,0.0,0.004812280454498691,0.002408195261815349
125,4,pre_go,1.0,0.9971847393354899,0.9891709997306299
125,4,post_go,0.0,0.003288982729662089,-0.007464868111425715
126,2,pre_go,1.0,0.9904532167397387,0.9927995821064619
126,2,post_go,0.0,0.013829318379285329,0.02049724038579831
127,2,pre_go,1.0,0.9992207877599204,1.0059318734668417
127,2,post_go,0.0,0.001546551274862968,-0.021606463640618523
128,0,pre_go,1.0,0.9878149980776707,1.0002879465203045
128,0,post_go,0.0,0.011444687166862389,0.03679694497742164
129,3,pre_go,1.0,0.995640021768596,1.0037013921820868
129,3,post_go,0.0,0.011118547140570024,0.028789217918127497
130,4,pre_go,1.0,0.9924447135065909,0.983578201236804
130,4,post_go,0.0,0.004604611119126381,0.009682976622171602
131,0,pre_go,1.0,0.997975429016047,0.9931939480275944
131,0,post_go,0.0,0.003024001931431272,-0.02018291193414623
132,1,pre_go,1.0,0.9998337291787293,1.0056378381854043
132,1,post_go,0.0,0.010280370341240094,-0.019532311317942863
133,3,pre_go,1.0,0.9989700314044991,1.0113701790862
133,3,post_go,0.0,0.0007361382358395296,-0.03182732701224844
134,1,pre_go,1.0,0.9950683022129653,0.9909065271779554
134,1,post_go,0.0,0.005516629584808624,0.005115424594185014
135,1,pre_go,1.0,0.9939279821281518,0.9775460015958637
135,1,post_go,0.0,0.00519500394313819,-0.00305691419307641
136,1,pre_go,1.0,0.9948347273414861,0.9771821310325729
136,1,post_go,0.0,0.006202416916114644,-0.003597005803862463
137,4,pre_go,1.0,0.9972678373674022,0.9966631712866953
137,4,post_go,0.0,0.009956202982594343,0.014035750343693643
138,4,pre_go,1.0,0.9925746987263251,0.9685098290492282
138,4,post_go,0.0,0.012157644385832764,-0.0031093067789925155
139,4,pre_go,1.0,0.9983460901521195,0.9940873906048967
139,4,post_go,0.0,0.0019333145919373028,-0.025592964645558436
140,0,pre_go,1.0,0.9995633520465377,1.000112121260839
140,0,post_go,0.0,0.012424183574898327,-0.003521532424007101
141,1,pre_go,1.0,0.9921336725009466,0.9958944430982758
141,1,post_go,0.0,0.0006600811441892252,0.014607677123678664
142,0,pre_go,1.0,0.987472386978678,0.9930056502926055
142,0,post_go,0.0,0.0007932392722912534,0.00314423784270379
143,1,pre_go,1.0,0.9936498714975979,0.9780329705072275
143,1,post_go,0.0,0.004651267942203737,-0.003256999032552166
144,0,pre_go,1.0,0.9986002830472304,0.9948990541139175
144,0,post_go,0.0,0.0020568077640352803,-0.027119093398501604
145,2,pre_go,1.0,0.997014061669825,1.0101072885974336
145,2,post_go,0.0,0.015747216542321238,0.032026262396636584
146,0,pre_go,1.0,0.9983756179446727,1.02976398984927
146,0,post_go,0.0,0.0037538823558636515,0.0016735482135072366
147,1,pre_go,1.0,0.9988803689364689,1.0203595649271229
147,1,post_go,0.0,0.006301517184515555,-0.009542121455971109
148,3,pre_go,1.0,0.9888671868617309,0.9687679297106138
148,3,post_go,0.0,0.009620396845684626,0.0057027473349740565
149,4,pre_go,1.0,0.9983151313121253,0.9772684927242692
149,4,post_go,0.0,0.021164527385056055,0.00330097873773616
150,0,pre_go,1.0,0.9985459412431937,1.007926656737924
150,0,post_go,0.0,0.0029191663343910088,0.0023291534139695536
151,2,pre_go,1.0,0.9995056576360253,1.0255192647454083
151,2,post_go,0.0,0.00638618010851718,-0.0029252947544084473
152,1,pre_go,1.0,0.9946689830983269,0.9896366460442287
152,1,post_go,0.0,0.004824836417861364,0.011222318405541443
153,0,pre_go,1.0,0.9937867823863489,0.9765634198785565
153,0,post_go,0.0,0.004926645327518139,-0.004205517704939599
154,0,pre_go,1.0,0.9991333661087901,0.998642199526125
154,0,post_go,0.0,0.0028807007211290284,-0.020013367023644313
155,1,pre_go,1.0,0.9985196922175614,0.9898667151867732
155,1,post_go,0.0,0.00183799116355879,-0.029876596378390907
156,2,pre_go,1.0,0.9967049548757264,0.9992769138240576
156,2,post_go,0.0,0.008219099936156627,0.018886438765474578
157,2,pre_go,1.0,0.9976233378983099,0.9862058689446996
157,2,post_go,0.0,0.010007626531053545,-0.004675158496665388
158,3,pre_go,1.0,0.9799731508089324,0.9724418401412198
158,3,post_go,0.0,0.005128785236477393,0.0009615086816485152
159,3,pre_go,1.0,0.9992544350257545,1.0201731010525847
159,3,post_go,0.0,0.008287716576176395,0.016082731518082982
160,2,pre_go,1.0,0.9982956223590784,1.0192131944735379
160,2,post_go,0.0,0.004528262286243546,0.01684851066592208
161,2,pre_go,1.0,0.9942860309001001,1.055144550504457
161,2,post_go,0.0,0.02005035114014753,0.06587770952071959
162,0,pre_go,1.0,0.992049737369889,0.9667713778170437
162,0,post_go,0.0,0.01160236976231019,-0.003265745265982334
163,4,pre_go,1.0,0.9881316262082463,0.981616712201824
163,4,post_go,0.0,0.010374982903915912,0.01863347286731948
164,1,pre_go,1.0,0.9996940213199583,1.0133711932476857
164,1,post_go,0.0,0.0038799062626729205,-0.016700223217964272
165,1,pre_go,1.0,0.9852135082868568,1.0019037579736296
165,1,post_go,0.0,0.005065944849029737,0.021421304855418877
166,3,pre_go,1.0,0.991671012206963,1.007129545711306
166,3,post_go,0.0,0.007892825430601796,0.04565846002117846
167,2,pre_go,1.0,0.9925685182588605,0.9899344320097876
167,2,post_go,0.0,0.01836717066400403,0.0023994841613685924
168,3,pre_go,1.0,0.9417816424884375,0.9023913509773385
168,3,post_go,0.0,0.0002987115434181436,-0.009195350335850838
169,2,pre_go,1.0,0.9984891898349931,1.0010821248122554
169,2,post_go,0.0,0.017039169982522327,0.02060184805088594
170,4,pre_go,1.0,0.9993209144673852,1.0355953297996878
170,4,post_go,0.0,0.00528087444046858,0.0022226178087926818
171,4,pre_go,1.0,0.9988917456508232,1.010245919838958
171,4,post_go,0.0,0.0015661824236376798,-0.012388460374771315
172,3,pre_go,1.0,0.9923317738557548,0.9912787278746704
172,3,post_go,0.0,0.016788671331535852,0.020058870604004853
173,1,pre_go,1.0,0.9984239533482213,0.9964072469883845
173,1,post_go,0.0,0.018318712339890634,0.018689671684376463
174,3,pre_go,1.0,0.9981764034646177,0.9951525292649903
174,3,post_go,0.0,0.015554824599714797,0.0075292945804996125
175,0,pre_go,1.0,0.991904926824187,1.005841206720096
175,0,post_go,0.0,0.008496143612911818,0.040493039855693025
176,2,pre_go,1.0,0.9893704372300869,0.9719856785200416
176,2,post_go,0.0,0.009522802239099917,0.005868031013705033
177,0,pre_go,1.0,0.9959965370792424,0.9897443165722581
177,0,post_go,0.0,0.0040399807112460285,0.017172455212332516
178,2,pre_go,1.0,0.9942438055932842,0.9817438152792737
178,2,post_go,0.0,0.005522860532148777,0.0068746231665988144
179,2,pre_go,1.0,0.9993859629553484,1.003035057086344
179,2,post_go,0.0,0.0040197833784011315,-0.007243226413254866
180,2,pre_go,1.0,0.985986666561515,0.9852454936283603
180,2,post_go,0.0,0.008588742563965693,0.014316400381071626
181,0,pre_go,1.0,0.999683250635262,1.023013723490521
181,0,post_go,0.0,0.0019718452607890265,-0.022050872940310495
182,1,pre_go,1.0,0.9941736235192765,1.0062886665876156
182,1,post_go,0.0,0.009675973997782047,0.03743399502910161
183,4,pre_go,1.0,0.9964249359869257,0.9938614880295207
183,4,post_go,0.0,0.007356996461561253,0.006567481684985166
184,1,pre_go,1.0,0.9969057383794557,0.9969393741789587
184,1,post_go,0.0,0.004900992103680124,0.02060611483330277
185,0,pre_go,1.0,0.9889199409549136,0.9716766775823145
185,0,post_go,0.0,0.009624865117453427,0.007148481381542449
186,3,pre_go,1.0,0.9901493554472863,0.9700591172041784
186,3,post_go,0.0,0.0035310624154967106,-0.0018765264784452729
187,2,pre_go,1.0,0.9990100421475533,1.0192316078566732
187,2,post_go,0.0,0.00689934174578863,0.02064789028599695
188,0,pre_go,1.0,0.9945184744797588,1.0090723910935262
188,0,post_go,0.0,0.015666241969870997,0.038349483062324
189,1,pre_go,1.0,0.9981394396433183,0.9888331987813188
189,1,post_go,0.0,0.001869010221504629,-0.03435606218774956
190,1,pre_go,1.0,0.9940787832666872,1.0215165956068428
190,1,post_go,0.0,0.000886044050327573,-0.0037935033596224743
191,2,pre_go,1.0,0.9889525684838558,0.9911350073194503
191,2,post_go,0.0,0.012571328261497554,0.020577139059339333
192,0,pre_go,1.0,0.9995661642799715,1.0062397222306987
192,0,post_go,0.0,0.05931747146041922,0.028750105103512558
193,4,pre_go,1.0,0.9944815642737439,0.9892050493550643
193,4,post_go,0.0,0.004661902160605769,0.014939262220028338
194,2,pre_go,1.0,0.961965554317265,0.9907545347693865
194,2,post_go,0.0,0.0019870617391499795,0.007207745656149178
195,2,pre_go,1.0,0.9836259946574559,0.980993709389133
195,2,post_go,0.0,0.004868625322894882,-0.005731282814976313
196,0,pre_go,1.0,0.9391593170006352,0.9705734547527609
196,0,post_go,0.0,0.0007393110722490176,0.015948063213992614
197,3,pre_go,1.0,0.9846115699113439,0.9985080859935698
197,3,post_go,0.0,0.005003239971646913,0.02006047544839673
198,3,pre_go,1.0,0.9995577698231817,1.038243328139247
198,3,post_go,0.0,0.0014246476041363796,-0.0023456742985582535
199,1,pre_go,1.0,0.9879042456560395,0.986993022037884
199,1,post_go,0.0,0.010669006962793963,0.015149837349901885
200,4,pre_go,1.0,0.9970895878026933,1.016428694873395
200,4,post_go,0.0,0.004390817569141802,0.025698824639180773
201,0,pre_go,1.0,0.9920652896025893,1.0460967751517847
201,0,post_go,0.0,0.017475799557238835,0.07424819070722688
202,3,pre_go,1.0,0.9986494433507205,1.0009301196391966
202,3,post_go,0.0,0.020638271434968068,0.01301840662962156
203,0,pre_go,1.0,0.9981772053691838,1.0046702661022802
203,0,post_go,0.0,0.0008292256109259324,-0.020719844727600023
204,0,pre_go,1.0,0.9980057805353774,0.9896365550518548
204,0,post_go,0.0,0.015403023137754558,0.0030647829500439205
205,4,pre_go,1.0,0.9947163312199956,0.998059587574832
205,4,post_go,0.0,0.02020718821697035,0.016327445539624452
206,3,pre_go,1.0,0.9573623790515482,0.9410306683265112
206,3,post_go,0.0,0.00024688703220293915,-0.0012225867048627492
207,0,pre_go,1.0,0.9993497592139592,1.0114940066150795
207,0,post_go,0.0,0.001876047601789981,-0.016949998383991915
208,2,pre_go,1.0,0.9873116549927888,0.9902439358594364
208,2,post_go,0.0,0.010486598278733928,0.024040729762536572
209,3,pre_go,1.0,0.9958027026844453,1.0027497622039543
209,3,post_go,0.0,0.0031529178945742457,0.008618127963619937
210,4,pre_go,1.0,0.995173768316709,1.0049259410561868
210,4,post_go,0.0,0.0006297722126643823,-0.012722818379736045
211,0,pre_go,1.0,0.9829735194655682,0.9664261220392372
211,0,post_go,0.0,0.0022793107695080355,0.0022009378427297888
212,1,pre_go,1.0,0.9905857012906576,0.972728271636718
212,1,post_go,0.0,0.0033086406691157327,-0.004099557019021538
213,0,pre_go,1.0,0.9978341610438042,1.020194127188086
213,0,post_go,0.0,0.004718968831661605,0.03129922957598785
214,2,pre_go,1.0,0.9993675431557247,0.9967924672209401
214,2,post_go,0.0,0.008249186864809842,-0.016659927248932005
215,1,pre_go,1.0,0.9984273604603802,0.9973617476200449
215,1,post_go,0.0,0.0031084014733463493,-0.010916029900940205
216,0,pre_go,1.0,0.9916601708107416,0.9734985707981652
216,0,post_go,0.0,0.0037821388420340067,-0.0040121835344186785
217,2,pre_go,1.0,0.999847050325673,1.011981995624167
217,2,post_go,0.0,0.006871314499396166,-0.017084899076881765
218,1,pre_go,1.0,0.9990565545556017,1.0085142371533518
218,1,post_go,0.0,0.0021667529095724405,-0.028034237919669747
219,0,pre_go,1.0,0.9889257201115975,0.9708161927802471
219,0,post_go,0.0,0.009479426483877685,0.004807747436979204
220,2,pre_go,1.0,0.9931809730552525,0.9813894593804258
220,2,post_go,0.0,0.006396247183701419,0.004525581534936596
221,0,pre_go,1.0,0.9979960746458808,1.0065189867847906
221,0,post_go,0.0,0.0008380035758378057,-0.017260067586890027
222,3,pre_go,1.0,0.995295712503763,1.0177211521097016
222,3,post_go,0.0,0.000996363440362106,-0.003580930796151627
223,3,pre_go,1.0,0.9947272061135011,0.9856362448352167
223,3,post_go,0.0,0.006247598016490172,0.0117572009219849
224,0,pre_go,1.0,0.9855411003919232,1.0302131233401677
224,0,post_go,0.0,0.004350303491249502,0.04703358082960574
225,4,pre_go,1.0,0.988702963830632,0.9875947798815983
225,4,post_go,0.0,0.010024615844051466,0.012459111551876234
226,0,pre_go,1.0,0.9992188670698261,1.015250280493065
226,0,post_go,0.0,0.006884520886377819,0.01090308257406869
227,0,pre_go,1.0,0.9992922946801113,1.0371488061290846
227,0,post_go,0.0,0.005874173804875075,0.005868758081328529
228,1,pre_go,1.0,0.9946612354793001,0.9885364764774159
228,1,post_go,0.0,0.00485470836466182,0.009479411268700999
229,1,pre_go,1.0,0.9932139223470628,0.9737378158460016
229,1,post_go,0.0,0.0056275503621970435,0.0010280064427689029
230,3,pre_go,1.0,0.9984187865963214,1.017053945623505
230,3,post_go,0.0,0.005188904241584692,0.010322383316407668
231,1,pre_go,1.0,0.9953466643542841,1.012136111910023
231,1,post_go,0.0,0.0008910662008391432,-0.006840311598207638
232,4,pre_go,1.0,0.9982143054508228,1.0136720222446585
232,4,post_go,0.0,0.005845892124470106,0.014660036318301484
233,0,pre_go,1.0,0.9906241761260731,0.9878344439756672
233,0,post_go,0.0,0.004655236414626765,0.014277303378807948
234,3,pre_go,1.0,0.9970614611236187,1.0266430228786485
234,3,post_go,0.0,0.0017442637565277005,-0.009993275384304279
235,0,pre_go,1.0,0.9980391194527432,0.9897667516125979
235,0,post_go,0.0,0.002423268405475785,-0.026584601232315097
236,3,pre_go,1.0,0.993219996580755,0.9500667357938078
236,3,post_go,0.0,0.024646212997496066,-0.03170900474819671
237,4,pre_go,1.0,0.9965887928440548,0.9798659422017189
237,4,post_go,0.0,0.010038405004028438,0.007033602272932593
238,0,pre_go,1.0,0.9994943820636008,1.010064693901042
238,0,post_go,0.0,0.0050682804531987004,-0.011489800017340679
239,2,pre_go,1.0,0.9966897352440077,0.9962731638319001
239,2,post_go,0.0,0.007922688145243384,0.014193474115706095
240,0,pre_go,1.0,0.9952850910349227,0.9890813039807245
240,0,post_go,0.0,0.004864988394333126,0.008383160179172233
241,4,pre_go,1.0,0.9879602231274804,0.9839993588733646
241,4,post_go,0.0,0.01058222103522892,0.021403429830082366
242,1,pre_go,1.0,0.9968906813212614,1.0048263095799554
242,1,post_go,0.0,0.014778858430857397,0.024709746311266323
243,0,pre_go,1.0,0.9975249012848991,1.0202333916210544
243,0,post_go,0.0,0.001624274024299003,-0.00045083677547008705
244,2,pre_go,1.0,0.9985355943145462,1.0030073946989126
244,2,post_go,0.0,0.024889367550796574,0.016565221212188896
245,4,pre_go,1.0,0.994231128407665,0.9986390385724208
245,4,post_go,0.0,0.0004793798012606779,-0.02151157902204598
246,0,pre_go,1.0,0.9706917893912901,0.9896488891494135
246,0,post_go,0.0,0.0007189362078379595,0.012930112473545807
247,3,pre_go,1.0,0.9988609607491985,1.0157545866662447
247,3,post_go,0.0,0.0025500907951319044,-0.018935467762744462
248,1,pre_go,1.0,0.9969306542937456,0.9666276960271798
248,1,post_go,0.0,0.002118017138819373,-0.026020916687400475
249,1,pre_go,1.0,0.9968670906373354,0.9706939187124173
249,1,post_go,0.0,0.00206386217969723,-0.02229502866443467
250,4,pre_go,1.0,0.992271019492169,1.0338845035024875
250,4,post_go,0.0,0.015148931997940743,0.04592917529763191
251,1,pre_go,1.0,0.9987438115712829,1.0382059956235103
251,1,post_go,0.0,0.0034614267486962227,0.0027594264105395006
252,0,pre_go,1.0,0.9828179167006101,1.0100129829689486
252,0,post_go,0.0,0.003838317354275836,0.02523710765914733
253,0,pre_go,1.0,0.9989658489467078,1.0127372131259045
253,0,post_go,0.0,0.0068782381404508255,0.018265236973638743
254,2,pre_go,1.0,0.9922757972723653,0.9666197745601501
254,2,post_go,0.0,0.011381934464248336,-0.0037177450776199605
255,0,pre_go,1.0,0.9987176482068908,0.9970799735733328
255,0,post_go,0.0,0.0008565662060423128,-0.03370396244150897
256,4,pre_go,1.0,0.9798710154257324,0.9705958984543989
256,4,post_go,0.0,0.005001141857797158,-0.0009043811705179983
257,1,pre_go,1.0,0.9994022080548775,0.999363979123771
257,1,post_go,0.0,0.002847264640404908,-0.029227440867435783
258,3,pre_go,1.0,0.9999460327193064,1.0263389250570727
258,3,post_go,0.0,0.01321734580428625,-0.029581304618005788
259,1,pre_go,1.0,0.9986624397512172,1.0129902689742591
259,1,post_go,0.0,0.0038814729826021567,0.01094657666653176
260,3,pre_go,1.0,0.9981871929255842,1.0145502231561776
260,3,post_go,0.0,0.0031865248137517817,-0.010131751588024929
261,4,pre_go,1.0,0.9991627749985279,0.9961680830450428
261,4,post_go,0.0,0.0023520626645997605,-0.028327881709967195
262,4,pre_go,1.0,0.9974077280183296,0.969471425638829
262,4,post_go,0.0,0.0023327624672639293,-0.023719622263734752
263,1,pre_go,1.0,0.9994903107277774,1.013368298385387
263,1,post_go,0.0,0.061150806861699665,0.024543798851283494
264,1,pre_go,1.0,0.9964020152311635,0.997988499989545
264,1,post_go,0.0,0.012663672350413683,0.018398492542738842
265,1,pre_go,1.0,0.9998980713139244,0.9855948066620832
265,1,post_go,0.0,0.00968852768692309,-0.045705290287033296
266,2,pre_go,1.0,0.9978048521010893,1.0026640395263235
266,2,post_go,0.0,0.004273374401311542,0.012056220754268432
267,1,pre_go,1.0,0.9942699678915536,0.998910547158631
267,1,post_go,0.0,0.00197629697645881,0.0041699869097999165
268,3,pre_go,1.0,0.9985870056200794,0.9931457716414116
268,3,post_go,0.0,0.009894502047525074,-0.0013762184574073189
269,0,pre_go,1.0,0.9972904257197954,0.9858560349177903
269,0,post_go,0.0,0.00261513051568966,-0.013193388801215788
270,3,pre_go,1.0,0.9844356283762612,0.9890693450598284
270,3,post_go,0.0,0.005524508702498195,0.0029985216159642003
271,4,pre_go,1.0,0.9990981093990435,0.9866450838160715
271,4,post_go,0.0,0.00525762045810499,-0.021737595326303316
272,4,pre_go,1.0,0.9996233862583281,0.972156635368564
272,4,post_go,0.0,0.003454989523428738,-0.040594667829639774
273,3,pre_go,1.0,0.9970902567363528,0.981045372604167
273,3,post_go,0.0,0.001782171475354739,-0.03056955485592716
274,2,pre_go,1.0,0.9881071305031603,1.00196525887456
274,2,post_go,0.0,0.011693546313529018,0.040138818026628165
275,1,pre_go,1.0,0.9957103921414092,0.995091115348723
275,1,post_go,0.0,0.006087615085636109,0.00838027016159515
276,1,pre_go,1.0,0.995509883108496,0.9728395405507879
276,1,post_go,0.0,0.047669644413811746,0.0008722468512490922
277,1,pre_go,1.0,0.994734377324557,0.9885950652867808
277,1,post_go,0.0,0.016945685050804626,0.003443044377488713
278,4,pre_go,1.0,0.9986282589235271,1.0104423566513183
278,4,post_go,0.0,0.0025490920044549453,-0.006404887258512126
279,2,pre_go,1.0,0.9996891288339528,0.9857265374099013
279,2,post_go,0.0,0.004217975561314947,-0.03321682278410126
280,1,pre_go,1.0,0.9977732850777925,1.0098805070740997
280,1,post_go,0.0,0.0026191559440708716,-0.014842300269480191
281,3,pre_go,1.0,0.9987635395614993,1.006984814795696
281,3,post_go,0.0,0.005786887868408254,0.005926398217384943
282,4,pre_go,1.0,0.9880466514851824,1.0036506090973092
282,4,post_go,0.0,0.011930896821072413,0.039467771325791934
283,1,pre_go,1.0,0.999136086215451,1.007581244174966
283,1,post_go,0.0,0.0036977964426206595,-0.004279873234352638
284,1,pre_go,1.0,0.9905702937275274,0.9807993513665697
284,1,post_go,0.0,0.003677776442913889,0.005204636339587232
285,4,pre_go,1.0,0.9993740216769604,0.9987766653858619
285,4,post_go,0.0,0.008926239469885003,-0.014476307853774573
286,0,pre_go,1.0,0.9937024395959984,0.9834383368977537
286,0,post_go,0.0,0.0052315099898575775,0.008166158874226281
287,3,pre_go,1.0,0.9985399429536691,1.0048675163355023
287,3,post_go,0.0,0.0014750256796549344,-0.016992549332965234
288,3,pre_go,1.0,0.9872615113219397,0.9785977556550103
288,3,post_go,0.0,0.010077436751445009,0.016007615173093515
289,3,pre_go,1.0,0.9932950358473311,0.9721710060220052
289,3,post_go,0.0,0.013427060967092954,-0.005360896897565248
290,3,pre_go,1.0,0.9762763383019468,0.9744585113830804
290,3,post_go,0.0,0.00042111296547081843,0.001774027820163615
291,4,pre_go,1.0,0.9979409723919892,0.9911292145139161
291,4,post_go,0.0,0.0026239022058633364,-0.012305828645735761
292,2,pre_go,1.0,0.9940180577363995,0.9940855145054585
292,2,post_go,0.0,0.018746614228478585,0.019047532659017652
293,4,pre_go,1.0,0.9995879532807529,0.9912682388399566
293,4,post_go,0.0,0.0018076644003693389,-0.05064800395138108
294,2,pre_go,1.0,0.9498939078725354,0.9712060046312495
294,2,post_go,0.0,0.000923084424969998,0.01937707674444239
295,4,pre_go,1.0,0.9963349116377251,0.9843853490955526
295,4,post_go,0.0,0.008993045197614171,0.009793236514057058
296,2,pre_go,1.0,0.9994789195048467,1.0276337796830304
296,2,post_go,0.0,0.0048647934736032504,-0.007246282005306692
297,1,pre_go,1.0,0.9968412609067656,1.0058556511252945
297,1,post_go,0.0,0.0011323824034800705,-0.029950393321597435
298,3,pre_go,1.0,0.9963107978919689,0.9976694733200795
298,3,post_go,0.0,0.007054480699302227,0.011395065538124027
299,2,pre_go,1.0,0.9850688884478418,0.9997083215199627
299,2,post_go,0.0,0.004879694662728799,0.0194696127343989
300,4,pre_go,1.0,0.9986939120220768,1.0013505584869395
300,4,post_go,0.0,0.020793803365222338,0.021095322185835097
301,0,pre_go,1.0,0.9968647593811849,0.9862121597760829
301,0,post_go,0.0,0.0032603156676751215,-0.008607065292307703
302,1,pre_go,1.0,0.9987654228318135,1.002463094366039
302,1,post_go,0.0,0.006421783710310228,-0.011128093266014605
303,3,pre_go,1.0,0.994004460451686,0.9992792707696336
303,3,post_go,0.0,0.008533439233369817,0.028701797389542816
304,1,pre_go,1.0,0.9982960290695915,0.995583041958662
304,1,post_go,0.0,0.000853513401881946,-0.03251279394509288
305,4,pre_go,1.0,0.9982746372804685,1.026347867447376
305,4,post_go,0.0,0.0023677903282107392,0.002890767054488208
306,4,pre_go,1.0,0.9984425369611369,1.04550747437594
306,4,post_go,0.0,0.0038044821951210223,0.009357129005544806
307,3,pre_go,1.0,0.9847286275753777,0.9865237996837792
307,3,post_go,0.0,0.009253602280362466,0.01756899678006496
308,1,pre_go,1.0,0.9995686348239337,0.9951191682342717
308,1,post_go,0.0,0.004189780410063406,-0.02061521623925988
309,1,pre_go,1.0,0.9740666065629162,0.9860418666863763
309,1,post_go,0.0,0.0037173813286891727,0.004865542215974794
310,3,pre_go,1.0,0.9961446350101956,0.9902528044828427
310,3,post_go,0.0,0.0112633723257376,0.008939294969142475
311,0,pre_go,1.0,0.9985871004538414,1.0405608886342823
311,0,post_go,0.0,0.0034686789604623917,0.005509412821772475
312,0,pre_go,1.0,0.999476796283607,1.0023917806637888
312,0,post_go,0.0,0.05132106942522251,0.02566058556828965
313,4,pre_go,1.0,0.9917505101806626,1.030415383022479
313,4,post_go,0.0,0.01476329103084068,0.04788816944260649
314,2,pre_go,1.0,0.9711182978481582,0.9672995454310851
314,2,post_go,0.0,0.0031086251033680423,-0.010561847387960122
315,2,pre_go,1.0,0.9998089196310764,0.9845171019210746
315,2,post_go,0.0,0.0063274307719196985,-0.03669262089696551
316,2,pre_go,1.0,0.9995995247887568,1.0231803673355406
316,2,post_go,0.0,0.005251019201676633,-0.008196762242955347
317,4,pre_go,1.0,0.9991775863321507,0.9923499193039556
317,4,post_go,0.0,0.005384469095156877,-0.014448427081500903
318,3,pre_go,1.0,0.9986541749193818,0.9955536626727297
318,3,post_go,0.0,0.022571272629177068,0.008252044035128692
319,2,pre_go,1.0,0.9948573645935536,0.9904984745671879
319,2,post_go,0.0,0.01692970719057795,0.004964399355325
320,2,pre_go,1.0,0.9901590579722395,1.0050588918729146
320,2,post_go,0.0,0.0072705233324445425,0.02756202291929033
321,0,pre_go,1.0,0.9991620661147989,0.9976939603205564
321,0,post_go,0.0,0.002768472017013728,0.006560593661288361
322,1,pre_go,1.0,0.998477638493259,0.9799447870253433
322,1,post_go,0.0,0.0021246072279106376,-0.039242117206960136
323,2,pre_go,1.0,0.992291256493385,1.0174884931913515
323,2,post_go,0.0,0.015993830586375057,0.02863053048270059
324,4,pre_go,1.0,0.9983035847192079,1.0113205822040303
324,4,post_go,0.0,0.0031269743142632598,-0.028549075846969252
325,4,pre_go,1.0,0.9983730653334675,1.0042080636892017
325,4,post_go,0.0,0.02600122584499707,0.020226994581567126
326,2,pre_go,1.0,0.993366210768676,0.9929091927594557
326,2,post_go,0.0,0.00424373778450956,0.01593122672151054
327,3,pre_go,1.0,0.9909141487129535,0.9735490888836047
327,3,post_go,0.0,0.0033754017185663528,-0.0033887916835958487
328,0,pre_go,1.0,0.9965238913489918,0.9979371404163402
328,0,post_go,0.0,0.0005005144364968574,-0.015815819813510323
329,2,pre_go,1.0,0.9964023338300395,0.991725424152968
329,2,post_go,0.0,0.011462219655494148,0.008599820705183947
330,1,pre_go,1.0,0.9935780378231092,0.9944936558419836
330,1,post_go,0.0,0.0013264646187914533,-0.004449442825404271
331,2,pre_go,1.0,0.9779162265270794,0.9908741791877511
331,2,post_go,0.0,0.003364926154526557,0.009277921444406978
332,2,pre_go,1.0,0.9992107739754984,1.0210649764987612
332,2,post_go,0.0,0.007529283890644996,-0.011974658353061163
333,4,pre_go,1.0,0.9930943685772357,0.9789785291762455
333,4,post_go,0.0,0.0063748887639374805,0.003183247376042586
334,0,pre_go,1.0,0.9978888902712291,0.9939768404810714
334,0,post_go,0.0,0.00403696314691574,-0.010317582336837883
335,2,pre_go,1.0,0.999060729425864,1.0025394353474253
335,2,post_go,0.0,0.003199953629243391,-0.004041458213884075
336,1,pre_go,1.0,0.9992422093016549,0.9999902114634885
336,1,post_go,0.0,0.002865409121589688,-0.02987595515370689
337,4,pre_go,1.0,0.994468990015584,1.0459660745624821
337,4,post_go,0.0,0.023147520416191024,0.05688796618316899
338,4,pre_go,1.0,0.9904432598165048,0.9791692448671585
338,4,post_go,0.0,0.003000197579923852,-0.0016554260948741795
339,2,pre_go,1.0,0.9986347841199238,1.0428883738422492
339,2,post_go,0.0,0.0035853848683644065,0.00817766960167815
340,4,pre_go,1.0,0.9934118576579887,0.9737323916640342
340,4,post_go,0.0,0.013647866551664712,-0.0038101419290981764
341,0,pre_go,1.0,0.9993982906760681,0.9963038357065868
341,0,post_go,0.0,0.0033652560351899435,-0.018388160656378272
342,2,pre_go,1.0,0.9976171129277406,0.9816269309669938
342,2,post_go,0.0,0.0014342797072248055,-0.03219613327975729
343,2,pre_go,1.0,0.9988988991043999,0.991970051083326
343,2,post_go,0.0,0.0018408780968345955,-0.00010960837762202802
344,2,pre_go,1.0,0.985302723817832,0.9843068871344753
344,2,post_go,0.0,0.0018288105900693297,0.0030998239534603678
345,1,pre_go,1.0,0.9921482081134707,0.9887997780432329
345,1,post_go,0.0,0.015719113724051024,0.01696302397642646
346,1,pre_go,1.0,0.9786743485829857,0.9915765694655888
346,1,post_go,0.0,0.003641909912267381,0.01004429738166096
347,3,pre_go,1.0,0.9983969292995469,0.9902510261385863
347,3,post_go,0.0,0.01934239361532557,0.017387749816459797
348,0,pre_go,1.0,0.9910095468238106,0.990399926876322
348,0,post_go,0.0,0.014213475597321511,0.01771952328595311
349,0,pre_go,1.0,0.9950774791185348,0.9950533296717092
349,0,post_go,0.0,0.0057640908541900255,0.01692072907017167
350,1,pre_go,1.0,0.9999242502236474,1.0332004622613704
350,1,post_go,0.0,0.009007411700192515,-0.011991176780360657
351,2,pre_go,1.0,0.996163691726161,0.975946412701518
351,2,post_go,0.0,0.058868827595987216,0.008405962635113062
352,4,pre_go,1.0,0.9959568560816702,0.983761731996748
352,4,post_go,0.0,0.0072476257666183545,-0.0010087658382563203
353,0,pre_go,1.0,0.9990357560299665,1.0315139586997613
353,0,post_go,0.0,0.0053266741332475,-0.006265863885370093
354,4,pre_go,1.0,0.9994669178665787,0.996335820020579
354,4,post_go,0.0,0.008992962247698657,-0.01500880777906316
355,2,pre_go,1.0,0.9986082790006126,1.0228364035088393
355,2,post_go,0.0,0.005146423520027995,0.01685119610691005
356,4,pre_go,1.0,0.9998840504293032,1.0167860337783694
356,4,post_go,0.0,0.012073417358433397,-0.044355829872259445
357,0,pre_go,1.0,0.9983493707461389,1.002578944654291
357,0,post_go,0.0,0.006008813090216728,-0.00635941470769974
358,0,pre_go,1.0,0.9983141120993322,1.0140188656406468
358,0,post_go,0.0,0.0050256864138942545,0.014822035942758272
359,4,pre_go,1.0,0.9978020028878923,1.0434629255103007
359,4,post_go,0.0,0.0026219826557567927,0.007737914573892113
360,2,pre_go,1.0,0.9993381634488244,1.0191325398619013
360,2,post_go,0.0,0.006621911074576232,-0.0038520092887699975
361,1,pre_go,1.0,0.9794232317870825,0.9675854563466761
361,1,post_go,0.0,0.0020475528366579224,0.007245497050213545
362,0,pre_go,1.0,0.9992441762265711,1.011706429098791
362,0,post_go,0.0,0.00990420748619068,0.01288234744839345
363,1,pre_go,1.0,0.9974759149776905,1.042498404974753
363,1,post_go,0.0,0.0030126765253314608,0.006447492170310598
364,4,pre_go,1.0,0.9840727838238418,0.9793362123359506
364,4,post_go,0.0,0.006511588068965341,0.008329390786747048
365,3,pre_go,1.0,0.990875438144035,0.9470744505517521
365,3,post_go,0.0,0.016660565119054203,-0.03744435491288334
366,2,pre_go,1.0,0.9922717653183173,0.9810320579916749
366,2,post_go,0.0,0.003392644848686662,-0.001576203097224782
367,0,pre_go,1.0,0.994632635041155,0.9925479239240806
367,0,post_go,0.0,0.019349815005876306,0.015014650727416812
368,3,pre_go,1.0,0.9947899512575507,0.995037801527662
368,3,post_go,0.0,0.01892748732120158,0.012278399761561587
369,1,pre_go,1.0,0.9977061335513532,0.9965668322988395
369,1,post_go,0.0,0.0023464561297501622,-0.020615637588900282
370,1,pre_go,1.0,0.9869889438615826,0.9867533699232314
370,1,post_go,0.0,0.008693702368747277,0.014429078791960037
371,3,pre_go,1.0,0.9989861612950687,0.9975421443032769
371,3,post_go,0.0,0.002693654531213015,-0.014551871586675036
372,3,pre_go,1.0,0.9943762474044451,0.991038561069316
372,3,post_go,0.0,0.01904251834152665,0.014721698998805322
373,3,pre_go,1.0,0.9936170705579622,0.9876139422517982
373,3,post_go,0.0,0.004616995232456745,0.012166224846435258
374,0,pre_go,1.0,0.9988572169555058,1.0049884354748557
374,0,post_go,0.0,0.004532016085070989,0.003074820932865263
375,1,pre_go,1.0,0.9983785727299465,1.0011510193095188
375,1,post_go,0.0,0.002509544820582704,-0.04082511449602533
376,2,pre_go,1.0,0.9946428835670186,0.9923768502465778
376,2,post_go,0.0,0.01870082669440331,0.013993837988660884
377,4,pre_go,1.0,0.9988994910619878,1.0103010217822799
377,4,post_go,0.0,0.005752307009976165,0.007081176801273625
378,0,pre_go,1.0,0.997843924057862,1.0207864480738744
378,0,post_go,0.0,0.0047520048868552045,0.03172888542583352
379,4,pre_go,1.0,0.9995943680805205,1.0239314205647647
379,4,post_go,0.0,0.0018078516422890183,-0.012410911782207712
380,1,pre_go,1.0,0.9990092232233292,1.0221074933234577
380,1,post_go,0.0,0.0036933622286072837,-0.0033009432494697233
381,3,pre_go,1.0,0.9959438699376592,1.0041500822718574
381,3,post_go,0.0,0.0035558900888419845,0.011393371865883184
382,1,pre_go,1.0,0.9942031612010926,0.998207963509862
382,1,post_go,0.0,0.019921315521027584,0.020881716089400204
383,1,pre_go,1.0,0.9978240737256323,1.0188716735205094
383,1,post_go,0.0,0.001609090139328473,-0.008254633774622766
384,1,pre_go,1.0,0.9889948654923093,1.0133711231039886
384,1,post_go,0.0,0.013332537921032674,0.050142695029329165
385,4,pre_go,1.0,0.9980967135009422,1.0334465439038385
385,4,post_go,0.0,0.0022252146242854173,-0.00036975162204405665
386,2,pre_go,1.0,0.9929046176873133,0.9837705396870124
386,2,post_go,0.0,0.004380425526543953,0.011062461372427723
387,1,pre_go,1.0,0.9888030938803288,0.9756726320306007
387,1,post_go,0.0,0.01021305094766407,0.013045749135590368
388,1,pre_go,1.0,0.9865915435963922,1.007088606404459
388,1,post_go,0.0,0.0003825676142374416,-0.006794817102657724
389,1,pre_go,1.0,0.9846519161352405,0.9870822539708797
389,1,post_go,0.0,0.00829927199438171,0.01699651997817192
390,0,pre_go,1.0,0.9984335067130423,1.0082460733021712
390,0,post_go,0.0,0.006449873314583766,0.0011387838736578448
391,2,pre_go,1.0,0.9949789754234355,0.9922082322411037
391,2,post_go,0.0,0.017534096701987828,0.00762657772238573
392,1,pre_go,1.0,0.9969348430931532,1.0152667578402224
392,1,post_go,0.0,0.0033941325407765293,0.021988485773913047
393,0,pre_go,1.0,0.9983677949112227,0.9956593944056806
393,0,post_go,0.0,0.0023162052110061067,-0.024112182342087674
394,1,pre_go,1.0,0.9950090496012367,0.9943644303584271
394,1,post_go,0.0,0.018463874988435647,0.010334616720150902
395,3,pre_go,1.0,0.9955596848227221,0.9666284581587767
395,3,post_go,0.0,0.001663381331823957,-0.0204157942810006
396,3,pre_go,1.0,0.9950634955123824,0.9854119447657697
396,3,post_go,0.0,0.006676876286909284,0.011871665032482825
397,4,pre_go,1.0,0.9840559680657781,0.9910146899731223
397,4,post_go,0.0,0.0019231358442033711,0.010479731813835436
398,3,pre_go,1.0,0.9992839921932487,1.0044255227542258
398,3,post_go,0.0,0.0030102251490817192,-0.014113757112591774
399,4,pre_go,1.0,0.9995090137222433,1.0006394709553126
399,4,post_go,0.0,0.005331695291251443,-0.0233082104101186
400,3,pre_go,1.0,0.9999303204984531,1.0376215711874193
400,3,post_go,0.0,0.00915902839576068,-0.008249784440404695
401,4,pre_go,1.0,0.9952272844987398,0.9928524438206199
401,4,post_go,0.0,0.0060347471944704216,0.011429197503246447
402,4,pre_go,1.0,0.9803692450448122,1.0219686022809544
402,4,post_go,0.0,0.0031119717243947337,0.03433296668275687
403,4,pre_go,1.0,0.9878518812293487,0.9871055112215685
403,4,post_go,0.0,0.011134591794088006,0.015320168189987327
404,4,pre_go,1.0,0.9855645237405029,0.9808434318908887
404,4,post_go,0.0,0.007155933365513515,0.008804574001265997
405,3,pre_go,1.0,0.9970736947390881,1.0191439622797183
405,3,post_go,0.0,0.00021283489797703278,-0.005294905156624119
406,3,pre_go,1.0,0.9804655680020875,0.9937020331005983
406,3,post_go,0.0,0.00492659483712256,0.011823217699775457
407,2,pre_go,1.0,0.9995081996862576,1.0242826124288662
407,2,post_go,0.0,0.004987444789012871,0.006164565333475258
408,4,pre_go,1.0,0.9992617732846624,1.0343767881289414
408,4,post_go,0.0,0.005006448964847655,0.004154375266218369
409,3,pre_go,1.0,0.9883538805237664,0.9724975599570969
409,3,post_go,0.0,0.009716541143869013,0.010646442832445091
410,0,pre_go,1.0,0.9997402598770704,0.9901472289322333
410,0,post_go,0.0,0.006323120502719115,-0.03132514522774732
411,2,pre_go,1.0,0.9156344467050417,0.960191361300741
411,2,post_go,0.0,0.0003318610113440767,0.01376808841587518
412,2,pre_go,1.0,0.999179791041213,1.0202641386391156
412,2,post_go,0.0,0.0009716674317807604,-0.010642926700827393
413,2,pre_go,1.0,0.9998555158142146,0.9993994488932204
413,2,post_go,0.0,0.006017921656122161,-0.03031103244613692
414,0,pre_go,1.0,0.9871078418939365,0.9746438382233564
414,0,post_go,0.0,0.009113083301881852,-0.0017285785242223684
415,1,pre_go,1.0,0.9949557920131046,0.9613879644380526
415,1,post_go,0.0,0.0003685735198580822,-0.034027992728509204
416,2,pre_go,1.0,0.9989341623221588,1.0078489642439272
416,2,post_go,0.0,0.021381391990986164,0.01831871501302057
417,4,pre_go,1.0,0.9988613616011818,1.0343534356253148
417,4,post_go,0.0,0.003852302348700832,0.004184583133407305
418,3,pre_go,1.0,0.9990863586140754,1.0151123625762932
418,3,post_go,0.0,0.002945160676808513,-0.0013985153757103408
419,0,pre_go,1.0,0.9975162371677029,1.0132769907227903
419,0,post_go,0.0,0.019878477272115343,0.03528967502150249
420,0,pre_go,1.0,0.9978490662398078,1.0379921625361666
420,0,post_go,0.0,0.0026130947334389357,0.006648620059095112
421,3,pre_go,1.0,0.9943593143491543,1.0436451444112453
421,3,post_go,0.0,0.0014252958305285698,0.006854891341799063
422,0,pre_go,1.0,0.9978862519951833,0.9895563633583689
422,0,post_go,0.0,0.001168699358973408,0.004410989858861736
423,1,pre_go,1.0,0.9917389905131336,0.9746394599268097
423,1,post_go,0.0,0.0038594982865740326,-0.0029363654626154423
424,0,pre_go,1.0,0.9988067145554341,1.0160606707996798
424,0,post_go,0.0,0.004252000901545549,-0.010709205559393253
425,3,pre_go,1.0,0.9997381589674691,1.0538934273749367
425,3,post_go,0.0,0.003254783640538841,0.015276090817358201
426,2,pre_go,1.0,0.9986091549722648,0.9910061721690238
426,2,post_go,0.0,0.0013987260622826344,-0.0046230936324434535
427,1,pre_go,1.0,0.9983900442680357,1.0052781971559135
427,1,post_go,0.0,0.004009072493771835,-0.012558451486658462
428,0,pre_go,1.0,0.9984426920693413,1.0257838940858166
428,0,post_go,0.0,0.002718376218299143,-0.00837177307151804
429,4,pre_go,1.0,0.98542585278423,1.0095994875145715
429,4,post_go,0.0,0.00479800425873078,0.026443937380531524
430,1,pre_go,1.0,0.9970772683740163,0.9873973144658998
430,1,post_go,0.0,0.0009397654955077544,-0.019192223713122125
431,3,pre_go,1.0,0.99941330367947,1.0115612765898239
431,3,post_go,0.0,0.010609752982142527,0.0078741407692271
432,0,pre_go,1.0,0.9830327579273679,0.9959562932982313
432,0,post_go,0.0,0.004540472299048473,0.015159833719369575
433,1,pre_go,1.0,0.9920516123472753,1.0319569040372913
433,1,post_go,0.0,0.01598702345390679,0.05405782168771506
434,1,pre_go,1.0,0.9907347570029262,0.9796846341787792
434,1,post_go,0.0,0.002470148096794622,0.001957212827812971
435,1,pre_go,1.0,0.9707161178662765,0.9686215950768029
435,1,post_go,0.0,0.0012948073452184654,0.005176211386924701
436,4,pre_go,1.0,0.9942438028596661,0.9843199126718745
436,4,post_go,0.0,0.007949497485105119,0.007912169769505983
437,1,pre_go,1.0,0.9948942093363388,0.9944338213081163
437,1,post_go,0.0,0.018240189655068916,0.00916611848605492
438,3,pre_go,1.0,0.9901433873523827,0.9665217555474034
438,3,post_go,0.0,0.009917904025161933,0.0006950010771826776
439,4,pre_go,1.0,0.998690171290232,1.0061066060713695
439,4,post_go,0.0,0.018894934917310334,0.020401426821784086
440,3,pre_go,1.0,0.9963215343984296,1.0267726413731997
440,3,post_go,0.0,0.0015863527918575082,0.005121732766475706
441,4,pre_go,1.0,0.9900077361398372,1.0165502184380892
441,4,post_go,0.0,0.013970603630675276,0.047240058121841844
442,2,pre_go,1.0,0.9900900331162705,0.9782318361473274
442,2,post_go,0.0,0.0021431491461886324,0.00011049349640673833
443,4,pre_go,1.0,0.9830562973693939,0.992901839291059
443,4,post_go,0.0,0.001444060007586075,0.008275685664516808
444,1,pre_go,1.0,0.9990079449718358,1.0091016700526974
444,1,post_go,0.0,0.003807863364767135,0.0013567219011383913
445,2,pre_go,1.0,0.9954011394841575,1.0227493477398684
445,2,post_go,0.0,0.0011351655882934095,0.0023552800872538304
446,3,pre_go,1.0,0.9879289162239434,1.0026134453230497
446,3,post_go,0.0,0.00478185630469714,0.04261608311998105
447,3,pre_go,1.0,0.9354194578527958,0.9765601178089218
447,3,post_go,0.0,0.0008056137193162023,0.028959507897608816
448,1,pre_go,1.0,0.999167123447978,0.9941619066981158
448,1,post_go,0.0,0.01292041734692443,-0.009878389752603689
449,1,pre_go,1.0,0.9949477586807629,1.0008003233081273
449,1,post_go,0.0,0.0004662169129238589,-0.02091972533211517
450,0,pre_go,1.0,0.999108972434036,0.9916078079654047
450,0,post_go,0.0,0.010893722320503955,-0.00320810366139046
451,1,pre_go,1.0,0.9944467367457136,1.0588209140942701
451,1,post_go,0.0,0.020957277749967352,0.06893982147097438
452,3,pre_go,1.0,0.9960589397494098,0.9807843797349942
452,3,post_go,0.0,0.00908934160905018,0.0007411969589766754
453,1,pre_go,1.0,0.991271140444188,1.0322485929459444
453,1,post_go,0.0,0.016008412080262564,0.06058740640280169
454,2,pre_go,1.0,0.9773733895725754,0.9927672332719272
454,2,post_go,0.0,0.0009056733867997683,0.011782921819557202
455,3,pre_go,1.0,0.9909928862720278,0.9890271367930272
455,3,post_go,0.0,0.01463735032863307,0.018036168226369054
456,1,pre_go,1.0,0.9943226751034179,0.9949273501127511
456,1,post_go,0.0,0.019612786109359237,0.018873626617868955
457,2,pre_go,1.0,0.9806950526285851,0.9937855538984668
457,2,post_go,0.0,0.0038243787804959706,0.012392121158123937
458,3,pre_go,1.0,0.9995824339831849,1.028403165332831
458,3,post_go,0.0,0.0015793021587659152,-0.004532799215286154
459,0,pre_go,1.0,0.9988840250215855,0.9783135337474612
459,0,post_go,0.0,0.0011703962921938067,-0.03172087117801292
460,4,pre_go,1.0,0.9994718445287759,0.9997549740421022
460,4,post_go,0.0,0.004186448941808813,-0.010269797422494398
461,2,pre_go,1.0,0.9995909126967671,0.999336649815904
461,2,post_go,0.0,0.06511156387351826,0.021595890935162343
462,1,pre_go,1.0,0.9883173317957431,1.0037836948734329
462,1,post_go,0.0,0.012293456975272858,0.04170382400758155
463,3,pre_go,1.0,0.9975325939549013,0.9911941789597256
463,3,post_go,0.0,0.0037801629682359143,-0.009559616108091307
464,0,pre_go,1.0,0.9992975171197588,1.0106206733929597
464,0,post_go,0.0,0.0027829628474993822,-0.012073235970283092
465,2,pre_go,1.0,0.9953602196441268,0.9874589408815394
465,2,post_go,0.0,0.008987649307646384,0.005930812649094508
466,1,pre_go,1.0,0.9780240941263195,0.9882465760977617
466,1,post_go,0.0,0.00428131551452739,0.004767891966448112
467,3,pre_go,1.0,0.9753375380723829,0.8946589838337964
467,3,post_go,0.0,0.00015552876661816955,-0.06904540084228838
468,1,pre_go,1.0,0.9981562868799383,0.9970460484096664
468,1,post_go,0.0,0.0020127553598000563,-0.02916211849169359
469,4,pre_go,1.0,0.9964770556286429,1.0126889698161856
469,4,post_go,0.0,0.002901697113577974,0.01977177313627071
470,4,pre_go,1.0,0.9994240074570865,1.017972685191925
470,4,post_go,0.0,0.00659250013116804,0.002187456155077705
471,0,pre_go,1.0,0.9934549283454736,0.9913468302958888
471,0,post_go,0.0,0.01824157777239062,0.019062551875769274
472,4,pre_go,1.0,0.9843732189944484,0.9950429124074789
472,4,post_go,0.0,0.0039200690059748005,0.022669758789040373
473,1,pre_go,1.0,0.9986031019020202,1.0330984903714462
473,1,post_go,0.0,0.0030104297941557848,-0.002373141108539367
474,4,pre_go,1.0,0.9790522438008258,1.0169545893406584
474,4,post_go,0.0,0.0029614327663380078,0.029069037187329394
475,4,pre_go,1.0,0.9986843397858043,1.0169924763394538
475,4,post_go,0.0,0.002140887426737098,-0.014035437601365663
476,4,pre_go,1.0,0.9977520695059479,0.9930212697311581
476,4,post_go,0.0,0.016664267217424863,0.007715096285802747
477,1,pre_go,1.0,0.9984786997841109,1.0053460455196719
477,1,post_go,0.0,0.0015011469467308483,-0.034043554549432975
478,1,pre_go,1.0,0.9981971456794392,1.0029915180589466
478,1,post_go,0.0,0.0229647614009057,0.018118146057236884
479,4,pre_go,1.0,0.9993769313827454,1.013984650836652
479,4,post_go,0.0,0.005076847844968787,0.003057465402451609
480,1,pre_go,1.0,0.9993422059350019,1.0119880842277356
480,1,post_go,0.0,0.0029954969146889624,-0.025755521307800455
481,4,pre_go,1.0,0.991609446125011,1.0044818123376262
481,4,post_go,0.0,0.01557808491093006,0.01564075582583796
482,2,pre_go,1.0,0.9821171173971475,0.9710262344365623
482,2,post_go,0.0,0.004504812126527768,-0.011047844253343209
483,2,pre_go,1.0,0.990354509391522,1.0362018013222543
483,2,post_go,0.0,0.0007382414342167862,0.0004963187715744111
484,4,pre_go,1.0,0.9906611453057149,0.9761252657245529
484,4,post_go,0.0,0.0031687619492643624,-0.003123109952329506
485,4,pre_go,1.0,0.9895517743091692,0.9460527567602344
485,4,post_go,0.0,0.013913172364541964,-0.039810568122587375
486,1,pre_go,1.0,0.9938927903440947,1.0071369584367655
486,1,post_go,0.0,0.0006187830247018823,-0.014068574360188157
487,0,pre_go,1.0,0.99461975147604,0.9837921283625454
487,0,post_go,0.0,0.01599841394425775,0.00044632265833322027
488,3,pre_go,1.0,0.9681934236627304,0.9708869059181336
488,3,post_go,0.0,0.002892541397799997,-0.009080893214765462
489,3,pre_go,1.0,0.9584953575328702,0.9711320393041644
489,3,post_go,0.0,0.0024476849117745247,-0.005036362261858773
490,2,pre_go,1.0,0.9976223624315262,0.9944121855080021
490,2,post_go,0.0,0.003867229327424104,-0.0037471250912807785
491,2,pre_go,1.0,0.9996330577435715,0.9964728352769545
491,2,post_go,0.0,0.003410178911865199,-0.027959646200319932
492,4,pre_go,1.0,0.9949520491843084,0.9940548068031994
492,4,post_go,0.0,0.0194826192962987,0.01248033530608711
493,2,pre_go,1.0,0.9864930009650186,0.9887614251808245
493,2,post_go,0.0,0.0016128683944194022,0.003857319947082327
494,2,pre_go,1.0,0.9986281432011866,1.0365693155647946
494,2,post_go,0.0,0.003214528530156789,0.005100007967996811
495,3,pre_go,1.0,0.9908011787064317,0.9790405298433549
495,3,post_go,0.0,0.002596487353722603,0.005058586220538008
496,2,pre_go,1.0,0.9600774539457895,0.969467157578159
496,2,post_go,0.0,0.0009508956892668792,0.009270483435304122
497,1,pre_go,1.0,0.9998407424584504,1.0195862627158863
497,1,post_go,0.0,0.005403019682720493,-0.01805583419879686
498,1,pre_go,1.0,0.9865868189308518,0.9828311798229308
498,1,post_go,0.0,0.007797478385820663,0.010701978766336606
499,0,pre_go,1.0,0.9933027943547741,0.9833106128356948
499,0,post_go,0.0,0.007106029647511902,0.011866908187304459
500,0,pre_go,1.0,0.9941762062366751,0.9918940595900598
500,0,post_go,0.0,0.005172551076494459,0.012169952025982145
501,1,pre_go,1.0,0.9928511488948281,0.9790693432319628
501,1,post_go,0.0,0.004050356247298114,-0.0023301423828830936
502,4,pre_go,1.0,0.9921363330700168,0.9990269312574597
502,4,post_go,0.0,0.017196912240297284,0.010624905852513855
503,1,pre_go,1.0,0.9984986724007472,0.9947950031538961
503,1,post_go,0.0,0.0210492007357482,0.007179704755862215
504,1,pre_go,1.0,0.9984300616673333,0.9978863754285356
504,1,post_go,0.0,0.022996338298051068,0.01159106343972438
505,4,pre_go,1.0,0.9898982022661268,1.032887107565173
505,4,post_go,0.0,0.0007252273848243728,0.0011582508110457579
506,0,pre_go,1.0,0.9783878972200628,0.9903440984635647
506,0,post_go,0.0,0.004364786759670849,0.00916018259817003
507,3,pre_go,1.0,0.9924713835623945,0.9662507779642102
507,3,post_go,0.0,0.012119565061960394,-0.00511481382446477
508,0,pre_go,1.0,0.9984156290307205,1.0056664885481654
508,0,post_go,0.0,0.015777660914673062,0.018929054904942733
509,3,pre_go,1.0,0.9956319647982708,0.9906648619244973
509,3,post_go,0.0,0.0060793644519024,0.005635942814576356
510,1,pre_go,1.0,0.9938022620832674,0.9653224956873596
510,1,post_go,0.0,0.026449783405090993,-0.0181832392406448
511,1,pre_go,1.0,0.9954014400057852,1.0012121393207485
511,1,post_go,0.0,0.010420775048373113,0.02480041927215343
512,2,pre_go,1.0,0.9971260753333594,1.0016819702596333
512,2,post_go,0.0,0.0009055651055835108,-0.035062934149353187
513,0,pre_go,1.0,0.9992531270319311,1.008655803236921
513,0,post_go,0.0,0.037569446577113384,0.017871299056117673
514,3,pre_go,1.0,0.9889232122300045,0.9869321807823652
514,3,post_go,0.0,0.009841520865322586,0.012899675384631493
515,3,pre_go,1.0,0.9665793385790447,0.9720370767147823
515,3,post_go,0.0,0.003178255550722532,-0.0017475644283165837
516,0,pre_go,1.0,0.996384560681884,1.0045988530422654
516,0,post_go,0.0,0.0009035449238175156,-0.00909140935029673
517,0,pre_go,1.0,0.9864682370207764,0.9671950053075208
517,0,post_go,0.0,0.008401837500834447,-0.01698416450835938
518,2,pre_go,1.0,0.9774187983876116,0.969669167232881
518,2,post_go,0.0,0.004271081499587697,-0.003374678732111225
519,3,pre_go,1.0,0.9490256074006046,0.9741740023396287
519,3,post_go,0.0,0.0009865693560418757,0.024884151882217986
520,4,pre_go,1.0,0.9988216185479972,1.014579362446006
520,4,post_go,0.0,0.004980900795118362,0.011870915141536986
521,4,pre_go,1.0,0.9995993121412999,0.991435392203651
521,4,post_go,0.0,0.0018776351897434036,-0.050931621056201914
522,3,pre_go,1.0,0.997490839561182,0.9954269663629443
522,3,post_go,0.0,0.0025032738807321494,-0.005485156320354734
523,2,pre_go,1.0,0.990147531275395,0.9906010503374856
523,2,post_go,0.0,0.0013043350562674128,-0.0019135366389237407
524,2,pre_go,1.0,0.98969397000616,0.9711011016210696
524,2,post_go,0.0,0.009569558554026532,0.004817105916237074
525,0,pre_go,1.0,0.9876188116530481,0.9675804916435031
525,0,post_go,0.0,0.003035020849196632,0.00018202535550543297
526,1,pre_go,1.0,0.9984966684598822,1.041962225906969
526,1,post_go,0.0,0.004026562939365907,0.00783489711795149
527,4,pre_go,1.0,0.9898706540795142,0.9883286920479613
527,4,post_go,0.0,0.012792785415156337,0.015112376140620776
528,2,pre_go,1.0,0.9994549385769811,1.00441636579793
528,2,post_go,0.0,0.0021847976197981196,-0.023314525577266154
529,3,pre_go,1.0,0.987128894509394,0.9867085721299274
529,3,post_go,0.0,0.010526176520015557,0.025956174612957128
530,4,pre_go,1.0,0.9996492574565463,1.0090061659338376
530,4,post_go,0.0,0.07095821266638143,0.030520913531985994
531,4,pre_go,1.0,0.997560898338758,1.00179068311221
531,4,post_go,0.0,0.010311447650612916,0.014455270093337746
532,4,pre_go,1.0,0.9983447308051736,1.012485079923555
532,4,post_go,0.0,0.0027186544809142013,-0.026155045373409014
533,3,pre_go,1.0,0.9861260410106563,0.9766286994427787
533,3,post_go,0.0,0.009752416223229051,0.010194816253415118
534,0,pre_go,1.0,0.9939242909532578,0.9925159209747132
534,0,post_go,0.0,0.0050483465532187395,0.015698878163176
535,0,pre_go,1.0,0.9954076531209244,0.991664459792807
535,0,post_go,0.0,0.0018422584629112805,0.007204849727901974
536,3,pre_go,1.0,0.9736195452065561,0.9697313159179658
536,3,post_go,0.0,0.003880235566878774,-0.0027934037784419496
537,4,pre_go,1.0,0.992107094960322,0.973838077979142
537,4,post_go,0.0,0.004141189646816669,-0.003058504474050039
538,0,pre_go,1.0,0.9903568314164622,1.0216379663498474
538,0,post_go,0.0,0.014196578750085159,0.051388760267780165
539,0,pre_go,1.0,0.9964996081562584,1.0335679946471428
539,0,post_go,0.0,0.0014762532716065472,0.00023467970550994366
540,4,pre_go,1.0,0.9898847263793252,0.9976176627936575
540,4,post_go,0.0,0.012219041627249554,0.009252637814693765
541,3,pre_go,1.0,0.9927334379903301,0.9913117981175213
541,3,post_go,0.0,0.01714221690880371,0.01928936175709256
542,0,pre_go,1.0,0.9941930528285507,0.9874840451101781
542,0,post_go,0.0,0.004453647591279649,0.01743667007294264
543,0,pre_go,1.0,0.9946990045546683,0.9980655583254784
543,0,post_go,0.0,0.0021282534828408815,0.004422548256729608
544,2,pre_go,1.0,0.9977288289532321,1.0035991909729483
544,2,post_go,0.0,0.0020595779809180355,-0.012852870450930698
545,3,pre_go,1.0,0.9852075084830015,1.0268787664904415
545,3,post_go,0.0,0.004482745815359833,0.04569340269786598
546,1,pre_go,1.0,0.9883572069257726,0.9964547149322711
546,1,post_go,0.0,0.003903400176512468,0.02111146615629733
547,0,pre_go,1.0,0.9961334524320803,0.9900571138195615
547,0,post_go,0.0,0.01105799553504794,0.00783550351456691
548,2,pre_go,1.0,0.9981258299318765,1.0427564465899006
548,2,post_go,0.0,0.0028531607748822287,0.008256797760068657
549,1,pre_go,1.0,0.9990154378828225,0.9883746029452001
549,1,post_go,0.0,0.008693531420876165,-0.009344068783129655
550,3,pre_go,1.0,0.992134628277642,0.9819921141264778
550,3,post_go,0.0,0.0036599489711390343,0.012056349023662427
551,2,pre_go,1.0,0.9958983261671097,0.9861440030539469
551,2,post_go,0.0,0.009270570805191624,0.004011057191906364
552,2,pre_go,1.0,0.9997055741572146,0.983489181638124
552,2,post_go,0.0,0.004043161381911285,-0.04279150666551762
553,4,pre_go,1.0,0.9969848992906684,0.9839470151793156
553,4,post_go,0.0,0.009954837030964689,-0.0019399336013694035
554,2,pre_go,1.0,0.9999476655267717,1.0339890467806185
554,2,post_go,0.0,0.008937075568933561,-0.016405715211422034
555,1,pre_go,1.0,0.989030718237885,1.01849476895695
555,1,post_go,0.0,0.006208693025645811,0.05840044818914497
556,2,pre_go,1.0,0.9926547492437255,1.005939383911577
556,2,post_go,0.0,0.00797936215063336,0.042196774079287735
557,1,pre_go,1.0,0.9949243363812407,0.9562420551829334
557,1,post_go,0.0,0.0016825023212416609,-0.030677153849603456
558,3,pre_go,1.0,0.9903339709739096,0.9654435648942956
558,3,post_go,0.0,0.009906687251985031,-0.0011722541374490358
559,1,pre_go,1.0,0.999161764700978,1.0347814673177371
559,1,post_go,0.0,0.006136778451439865,0.0057373643628654825
560,2,pre_go,1.0,0.9979495648091474,0.9803106416701455
560,2,post_go,0.0,0.015814867963993492,0.007267812639697446
561,0,pre_go,1.0,0.9949002556489973,1.035420930025799
561,0,post_go,0.0,0.0011696936373776293,-0.002217482044362229
562,3,pre_go,1.0,0.9684595425881684,0.9711319743682698
562,3,post_go,0.0,0.00148086960502631,0.01745724624979811
563,0,pre_go,1.0,0.9994340052082998,0.9987324612045283
563,0,post_go,0.0,0.012698902451619918,-0.0020985895098730722
564,4,pre_go,1.0,0.9992182322996641,1.0047516904185312
564,4,post_go,0.0,0.010186180486969286,-0.006511985145464416
565,3,pre_go,1.0,0.9820496695895305,0.9955587431717171
565,3,post_go,0.0,0.004453617849731232,0.015675782250500703
566,3,pre_go,1.0,0.9971012269607992,0.9864534288298091
566,3,post_go,0.0,0.0016592813597932012,-0.019358692197760097
567,3,pre_go,1.0,0.9982117299809127,1.0396927289530358
567,3,post_go,0.0,0.003138485507958706,0.006327635261375253
568,4,pre_go,1.0,0.9525046597375111,0.9699217906663258
568,4,post_go,0.0,0.0009973766799076485,0.016722020374816238
569,1,pre_go,1.0,0.9986384075084253,1.0223181912699189
569,1,post_go,0.0,0.005571479631688081,0.022420307768503067
570,2,pre_go,1.0,0.9895678703385727,1.0206874221706226
570,2,post_go,0.0,0.013576627493056253,0.05342518840968008
571,2,pre_go,1.0,0.9872582478866713,0.9859334993498544
571,2,post_go,0.0,0.0027064531337223172,0.008528310573276854
572,1,pre_go,1.0,0.9756165236526387,0.9787367537748728
572,1,post_go,0.0,0.0036232955442713874,-0.006306656744633932
573,1,pre_go,1.0,0.9989300407847822,1.015560145074029
573,1,post_go,0.0,0.004534802554870343,-0.009177728775475291
574,1,pre_go,1.0,0.9998719358513851,1.0024695619918904
574,1,post_go,0.0,0.006884107706081975,-0.03118875923535358
575,3,pre_go,1.0,0.9985586206847058,0.9936532014249514
575,3,post_go,0.0,0.0022468571710145707,-0.039158163359338416
576,2,pre_go,1.0,0.9975019696738511,0.9956800192623654
576,2,post_go,0.0,0.0026599397498350973,-0.01677130749622474
577,1,pre_go,1.0,0.9998709110354628,0.9961956633565999
577,1,post_go,0.0,0.007468941861182676,-0.03538383536966894
578,1,pre_go,1.0,0.9951291555913677,0.9735416919338418
578,1,post_go,0.0,0.0031337209069758377,-0.01751101099389185
579,0,pre_go,1.0,0.9808734491825961,0.9735494768503685
579,0,post_go,0.0,0.0016198045512297882,-0.0008002619410172329
580,2,pre_go,1.0,0.999166008857474,1.0201698195636073
580,2,post_go,0.0,0.007199473936810337,-0.011834285150393808
581,4,pre_go,1.0,0.9999148627994845,1.0052428789467405
581,4,post_go,0.0,0.009613343583369394,-0.02791547972850411
582,0,pre_go,1.0,0.9925136154099119,1.0102343745154965
582,0,post_go,0.0,0.017361217852593133,0.023341276336652172
583,2,pre_go,1.0,0.9987220091677168,1.0213605408629842
583,2,post_go,0.0,0.004987456294651379,0.018734437717734143
584,0,pre_go,1.0,0.9963581836249813,1.0270015180160863
584,0,post_go,0.0,0.0016354989241430188,0.004282991810656778
585,4,pre_go,1.0,0.9958306950807114,1.0056963431152157
585,4,post_go,0.0,0.01187303226913303,0.030324764816881622
586,3,pre_go,1.0,0.9505919893018738,0.974162800549373
586,3,post_go,0.0,0.0010331074274401151,0.021722854010295556
587,3,pre_go,1.0,0.9843205586931819,0.9977199082601745
587,3,post_go,0.0,0.005003602691322337,0.01906771883996622
588,0,pre_go,1.0,0.9913962720568528,0.9630300984806637
588,0,post_go,0.0,0.016673213044601308,-0.02109678039671259
589,2,pre_go,1.0,0.9978867790167024,1.000268112097692
589,2,post_go,0.0,0.0021575033736834135,-0.017604493098472174
590,1,pre_go,1.0,0.9780363839860097,0.9674351498726518
590,1,post_go,0.0,0.003960599357158333,-0.012322075985307768
591,0,pre_go,1.0,0.9975887177888728,0.9850732418469441
591,0,post_go,0.0,0.0026186537685974937,-0.01668143042790793
592,3,pre_go,1.0,0.9987946622139225,0.9952966994784181
592,3,post_go,0.0,0.005396599621538472,-0.0036846706422012376
593,2,pre_go,1.0,0.9995169112639303,1.0566837935063107
593,2,post_go,0.0,0.014683965491513127,0.03248077438355601
594,0,pre_go,1.0,0.9941096620016567,0.9975636775054434
594,0,post_go,0.0,0.008671279859171281,0.02047851410646595
595,2,pre_go,1.0,0.9739664223013277,0.9904399918738068
595,2,post_go,0.0,0.0015697067829178357,0.015370429664310847
596,3,pre_go,1.0,0.9993192839490862,0.9968487360065188
596,3,post_go,0.0,0.007212771571026982,-0.014830661515609744
597,4,pre_go,1.0,0.9965602953495489,0.99402987861679
597,4,post_go,0.0,0.007639549591494642,0.006681112960633062
598,4,pre_go,1.0,0.9732280061147032,0.9685048686573443
598,4,post_go,0.0,0.001651558205287645,0.010931359840622601
599,4,pre_go,1.0,0.996489759233984,0.9913956092380569
599,4,post_go,0.0,0.01229362201632981,0.008277291746130622
600,2,pre_go,1.0,0.999020056898683,0.9989505890324163
600,2,post_go,0.0,0.003194070084590746,-0.025026529908458384
601,2,pre_go,1.0,0.9980239422129858,1.0373729487969088
601,2,post_go,0.0,0.0025238616130444503,-0.0007011880040572183
602,1,pre_go,1.0,0.9867500785965764,0.9898169021840583
602,1,post_go,0.0,0.010896709209400238,0.01959412998533805
603,0,pre_go,1.0,0.9992014843394877,1.0155150816783538
603,0,post_go,0.0,0.0035435165986922863,-0.007635592389246937
604,4,pre_go,1.0,0.999743915406715,1.000896784321513
604,4,post_go,0.0,0.004656158199371942,-0.023576789782232932
605,2,pre_go,1.0,0.9883031250178282,1.0004145289987911
605,2,post_go,0.0,0.011652277064582758,0.03508388988931721
606,4,pre_go,1.0,0.9980222196683088,1.0389284485515529
606,4,post_go,0.0,0.0027151332542685765,0.0026271720569304713
607,1,pre_go,1.0,0.9982871343159839,1.0266777881710927
607,1,post_go,0.0,0.0025395901288641554,-0.008178096344786057
608,0,pre_go,1.0,0.9990833471176849,0.9921550783776458
608,0,post_go,0.0,0.0072345588046689195,-0.0192305580802955
609,2,pre_go,1.0,0.9842563971424402,0.9583206499067949
609,2,post_go,0.0,0.00029194594340547494,-0.0034334182787796874
610,4,pre_go,1.0,0.9988294685549256,1.0356743804417388
610,4,post_go,0.0,0.0036406616096780003,0.0011792944612885603
611,2,pre_go,1.0,0.9905979540590026,0.9807080623234234
611,2,post_go,0.0,0.0040013650098963535,0.008989699027651232
612,2,pre_go,1.0,0.9985649035439826,0.9966363728715542
612,2,post_go,0.0,0.005942365783574968,-0.013027166633446885
613,3,pre_go,1.0,0.9983041859162791,1.0159600740680386
613,3,post_go,0.0,0.005147701601556043,0.007669663772821078
614,1,pre_go,1.0,0.9986573664263909,1.0164747188819778
614,1,post_go,0.0,0.0021593249689894796,-0.011721042522125136
615,4,pre_go,1.0,0.9829287445600455,0.9733110109443139
615,4,post_go,0.0,0.00483792315911523,-0.010720478641421172
616,1,pre_go,1.0,0.9981198004081022,1.0142048995137567
616,1,post_go,0.0,0.005399329940852092,0.01278567727230323
617,4,pre_go,1.0,0.9930823481497644,0.9884550445623372
617,4,post_go,0.0,0.017376174758229935,0.016025946830840132
618,3,pre_go,1.0,0.9969471667487464,1.030233892541784
618,3,post_go,0.0,0.0019003671771063136,0.006062720442480962
619,3,pre_go,1.0,0.9979363131469503,1.0140016582523912
619,3,post_go,0.0,0.00200946338244396,-0.019303605599529372
620,1,pre_go,1.0,0.9968823095731363,1.0141902015696593
620,1,post_go,0.0,0.0004159294199567687,-0.01657561395259488
621,4,pre_go,1.0,0.9924063587965328,0.968324140284774
621,4,post_go,0.0,0.01212811165347426,-0.0026855552506293567
622,3,pre_go,1.0,0.9838113105983002,0.9888123155562464
622,3,post_go,0.0,0.0005937751300733594,0.007333537289604675
623,3,pre_go,1.0,0.9915331087133977,0.9696772098791504
623,3,post_go,0.0,0.00427520525290537,-0.0014245207895013934
624,2,pre_go,1.0,0.9977040251691607,0.9723276587728202
624,2,post_go,0.0,0.015731588574805274,-0.00422175273182307
625,1,pre_go,1.0,0.9901025392126476,0.9920570897063338
625,1,post_go,0.0,0.013679950586920902,0.020003033560549055
626,0,pre_go,1.0,0.9802353693871838,0.9674713596368747
626,0,post_go,0.0,0.004220670864203178,-0.012095431790729139
627,1,pre_go,1.0,0.9949336234387371,0.9919804232368092
627,1,post_go,0.0,0.017813782385061257,0.00796856913569155
628,3,pre_go,1.0,0.9982427192476163,1.020724124482264
628,3,post_go,0.0,0.049474623489905535,0.04278675925742548
629,0,pre_go,1.0,0.9945599763110248,1.0069349936057446
629,0,post_go,0.0,0.010927266912254575,0.038090381153950914
630,1,pre_go,1.0,0.9974565852616519,1.0090935148917815
630,1,post_go,0.0,0.005504698470121828,0.027217503209813143
631,2,pre_go,1.0,0.9952780190020902,1.0350691757351265
631,2,post_go,0.0,0.0012853383352129197,0.004053087011297196
632,0,pre_go,1.0,0.9925782041352211,0.9845995026702786
632,0,post_go,0.0,0.004400572260559705,0.007784401583380729
633,2,pre_go,1.0,0.9997451757078045,1.0007861934584061
633,2,post_go,0.0,0.0033379951885333186,-0.025631151782280093
634,3,pre_go,1.0,0.9903685020476752,0.9663677654641811
634,3,post_go,0.0,0.01002594199832581,-0.00012459383824769965
635,4,pre_go,1.0,0.9991451797792065,1.0085297761986676
635,4,post_go,0.0,0.0029043324914952763,-0.00910735749164343
636,0,pre_go,1.0,0.9788359176827162,0.9866305341548947
636,0,post_go,0.0,0.004249481194376597,0.003164334786544598
637,3,pre_go,1.0,0.9994243659551899,1.001225445726475
637,3,post_go,0.0,0.012628656265588645,-0.0007952937330260035
638,0,pre_go,1.0,0.9865282726379775,0.9781253462536853
638,0,post_go,0.0,0.009777290307869006,0.012735756813811838
639,1,pre_go,1.0,0.993970609242455,0.9940379806394521
639,1,post_go,0.0,0.004968408134240196,0.015783131492595415
640,3,pre_go,1.0,0.9939853814639035,0.9777417851071777
640,3,post_go,0.0,0.01467152363482242,-0.0033600219758814776
641,3,pre_go,1.0,0.9985119226083154,0.9891215067651906
641,3,post_go,0.0,0.02114713378544011,0.01661214213298451
642,2,pre_go,1.0,0.9870820086906574,0.984639198599996
642,2,post_go,0.0,0.009989490133932894,0.018643958381216186
643,3,pre_go,1.0,0.9995575001118243,1.0310320726906372
643,3,post_go,0.0,0.0015676652755378729,-0.012034023045913722
644,3,pre_go,1.0,0.993931796058172,0.9760107125513078
644,3,post_go,0.0,0.014498644905911838,-0.0045847497152277095
645,1,pre_go,1.0,0.993880792153496,0.9919097935513459
645,1,post_go,0.0,0.024266488625715777,0.005227448209170482
646,3,pre_go,1.0,0.993571445800449,0.9915367925071265
646,3,post_go,0.0,0.0185366422926424,0.01864661424209829
647,2,pre_go,1.0,0.9937108292848276,0.9829015711658071
647,2,post_go,0.0,0.0068432228406645175,0.0047603682728813435
648,2,pre_go,1.0,0.9878152537690569,0.9890669148753602
648,2,post_go,0.0,0.009302150720749277,0.014983741672400686
649,3,pre_go,1.0,0.9868009084229193,1.0040617562432637
649,3,post_go,0.0,0.00023842570148223694,-0.013111548413153873
650,4,pre_go,1.0,0.9877571641958525,0.9889638350485632
650,4,post_go,0.0,0.01084849206542755,0.025528768422319936
651,1,pre_go,1.0,0.9958703267050004,0.9840015558886271
651,1,post_go,0.0,0.007043399933922987,-0.0003124101023526116
652,1,pre_go,1.0,0.9976543294333968,1.0012048499489365
652,1,post_go,0.0,0.002948573226241474,0.0007842232170880981
653,2,pre_go,1.0,0.9994017047425645,1.011434592478952
653,2,post_go,0.0,0.044752488983422725,0.02017682605961013
654,4,pre_go,1.0,0.9992014053954693,1.0142195261736873
654,4,post_go,0.0,0.006759734280244316,0.008888054980296212
655,4,pre_go,1.0,0.9934860504369886,0.9916599454852235
655,4,post_go,0.0,0.007647251532096688,0.02010829423480387
656,3,pre_go,1.0,0.8906129951474887,0.9283216184427002
656,3,post_go,0.0,0.00025611998928617524,0.004219911844763891
657,4,pre_go,1.0,0.9890350519763131,1.0053951941515038
657,4,post_go,0.0,0.012385118320838695,0.03396788897114161
658,4,pre_go,1.0,0.9961309882943536,0.9982681196722777
658,4,post_go,0.0,0.01175141830820861,0.019209817395077544
659,1,pre_go,1.0,0.9995930943923708,0.99858492112178
659,1,post_go,0.0,0.0034204586976141894,-0.031419856902814125
660,1,pre_go,1.0,0.9916109027751391,1.00675784026074
660,1,post_go,0.0,0.008717105716304904,0.03347088343424237
661,3,pre_go,1.0,0.9989567683591838,1.0084652024013172
661,3,post_go,0.0,0.002146404794034318,-0.03249544183810349
662,0,pre_go,1.0,0.9923410860379911,0.9671095918303316
662,0,post_go,0.0,0.01178335013064126,-0.003797482519181883
663,2,pre_go,1.0,0.9996176541644481,1.028596862162841
663,2,post_go,0.0,0.007081398644031161,-0.0013175123649565301
664,2,pre_go,1.0,0.9299098541101412,0.9581549423195044
664,2,post_go,0.0,0.0007120760412023923,0.023128870702615045
665,2,pre_go,1.0,0.986637309856896,0.9784739735290223
665,2,post_go,0.0,0.009604317993648198,0.012359935203375416
666,4,pre_go,1.0,0.9794109355439762,0.9682114753593707
666,4,post_go,0.0,0.004272207853919063,-0.011122214395379248
667,0,pre_go,1.0,0.9711650837022,0.8948801727398191
667,0,post_go,0.0,0.0002149391414166178,-0.04547866170746828
668,3,pre_go,1.0,0.9846328044736657,0.9976644839517812
668,3,post_go,0.0,0.005054437733727085,0.019434353897970713
669,4,pre_go,1.0,0.988585848232189,0.9817361435929538
669,4,post_go,0.0,0.010894472816381104,-0.005724968898864813
670,3,pre_go,1.0,0.9882351831803853,0.9920049508626619
670,3,post_go,0.0,0.00271210407759094,0.01823441739121645
671,0,pre_go,1.0,0.9989706225636608,1.0309314662466225
671,0,post_go,0.0,0.0006706843841392101,-0.012547005475965323
672,2,pre_go,1.0,0.9976855795143447,0.9930642074324744
672,2,post_go,0.0,0.011458682811984797,0.005174335505501559
673,0,pre_go,1.0,0.9895134105653787,0.9869707608324652
673,0,post_go,0.0,0.011969466510291519,0.0007234303215277182
674,4,pre_go,1.0,0.9945524284563859,0.9840242795400056
674,4,post_go,0.0,0.016097712343988244,0.00014324465736170744
675,1,pre_go,1.0,0.9787084769761453,0.9671268348057076
675,1,post_go,0.0,0.004106677105922627,-0.012101011256351102
676,3,pre_go,1.0,0.9900861174433851,0.9850932587698528
676,3,post_go,0.0,0.012233727997121299,0.012499570381418634
677,1,pre_go,1.0,0.9776812987476601,0.9870607697849401
677,1,post_go,0.0,0.0041829916457267165,0.003453239542586528
678,0,pre_go,1.0,0.9973240240429979,0.9847146180669353
678,0,post_go,0.0,0.00243394006505192,-0.004634724123164458
679,4,pre_go,1.0,0.9972653856176186,1.0120767201767054
679,4,post_go,0.0,0.0013800802177476466,-0.021943597553944316
680,0,pre_go,1.0,0.9989140078799105,1.0038843749655242
680,0,post_go,0.0,0.03160807909085558,0.016270153860912406
681,0,pre_go,1.0,0.9976149298072982,1.0101643922957513
681,0,post_go,0.0,0.005577951332094157,0.02978680030963865
682,1,pre_go,1.0,0.9877745682938928,0.9949906895146848
682,1,post_go,0.0,0.004521826926518388,0.033220316238566194
683,0,pre_go,1.0,0.9540340903252772,0.9419751639576954
683,0,post_go,0.0,0.0002563616265875299,0.004875745514920371
684,4,pre_go,1.0,0.9780447593050721,1.00141861500031
684,4,post_go,0.0,0.0031135331537609835,0.01669166204885597
685,4,pre_go,1.0,0.9996685427798794,1.0046302173399444
685,4,post_go,0.0,0.003919786358571937,-0.024327794324237317
686,0,pre_go,1.0,0.9988532253089338,0.9889708013280984
686,0,post_go,0.0,0.0015830795670751198,-0.022234690997468887
687,2,pre_go,1.0,0.9988345979422277,1.0068949475362385
687,2,post_go,0.0,0.006675755660230734,-0.004415094614416193
688,4,pre_go,1.0,0.9843546743811087,0.9676726315289285
688,4,post_go,0.0,0.002455854872124987,0.0022175052421803954
689,0,pre_go,1.0,0.9973204558642633,1.0059358195000554
689,0,post_go,0.0,0.0012191015508257752,-0.028734472725667093
690,0,pre_go,1.0,0.9798713628174861,0.976660244561208
690,0,post_go,0.0,0.0015078072009881052,0.0005231143417854245
691,3,pre_go,1.0,0.986667348564852,0.9942616009744226
691,3,post_go,0.0,0.003120281727146524,0.01831022154224643
692,4,pre_go,1.0,0.9983227610613407,1.0040365858888851
692,4,post_go,0.0,0.004009287963742165,0.012807321133698313
693,1,pre_go,1.0,0.9811803262990356,0.9719036583377003
693,1,post_go,0.0,0.0053437247057150205,0.0008587857579314684
694,4,pre_go,1.0,0.9998750314984961,0.9926263955602224
694,4,post_go,0.0,0.007137531790571997,-0.03586091706168876
695,4,pre_go,1.0,0.9975903973899977,1.0090707031131296
695,4,post_go,0.0,0.001503895431082605,-0.02519105510101588
696,4,pre_go,1.0,0.9997774090362282,1.0162205297947258
696,4,post_go,0.0,0.005704621275607474,-0.009872790341995563
697,2,pre_go,1.0,0.98483353489029,0.9889047069622305
697,2,post_go,0.0,0.002053744464440837,0.01492843041266706
698,1,pre_go,1.0,0.9977076397568191,0.983100513018035
698,1,post_go,0.0,0.0015022208922391464,-0.03516833818512877
699,4,pre_go,1.0,0.9926780316144528,1.0460855867816266
699,4,post_go,0.0,0.01770979117342442,0.06749657988014163
700,2,pre_go,1.0,0.9991624327335418,1.000254009246661
700,2,post_go,0.0,0.0027686798135353003,-0.030470698792263662
701,3,pre_go,1.0,0.9933649704866657,1.0077622506446944
701,3,post_go,0.0,0.0006001469258435404,-0.008803707633135316
702,4,pre_go,1.0,0.9981742638270245,1.005109988340864
702,4,post_go,0.0,0.003999110639381377,0.0067170643214972126
703,2,pre_go,1.0,0.9809141659332016,0.982469999747356
703,2,post_go,0.0,0.0004422863319939091,0.002723139098556815
704,3,pre_go,1.0,0.9933422304128215,0.9739798546966789
704,3,post_go,0.0,0.004842367493573238,-0.0037704227924328926
705,2,pre_go,1.0,0.9989329709571695,1.0180677034820909
705,2,post_go,0.0,0.0032452143421377254,-0.022560860015515216
706,4,pre_go,1.0,0.9993046936932835,1.0339543600276513
706,4,post_go,0.0,0.006033486087502263,0.004840912150123444
707,2,pre_go,1.0,0.9942008024807382,1.0533313771646147
707,2,post_go,0.0,0.019757188351767326,0.06422092239737592
708,2,pre_go,1.0,0.9976468225525378,1.0171598785954865
708,2,post_go,0.0,0.002609101069862943,-0.00841394721926908
709,4,pre_go,1.0,0.9986985163829776,0.9806882530433267
709,4,post_go,0.0,0.004012168977898872,-0.02387494277276231
710,1,pre_go,1.0,0.9827004684733418,0.9685164605982799
710,1,post_go,0.0,0.005330921298371001,-0.00798416911754729
711,3,pre_go,1.0,0.9965149581760157,1.011504919914775
711,3,post_go,0.0,0.004201373776128205,0.021453121455390856
712,2,pre_go,1.0,0.9989823614913601,1.0252233888239752
712,2,post_go,0.0,0.0037524256697991547,-0.0026303832977297437
713,0,pre_go,1.0,0.9975470338887793,1.0432485831423437
713,0,post_go,0.0,0.002450728338887038,0.009124915421460489
714,3,pre_go,1.0,0.998566252424947,1.0172993654684412
714,3,post_go,0.0,0.0052756007044341665,0.011110692084748741
715,0,pre_go,1.0,0.9948381786389734,0.9856260226721443
715,0,post_go,0.0,0.005492732798136528,0.004909246203575857
716,4,pre_go,1.0,0.9973460655552692,0.9963360775038741
716,4,post_go,0.0,0.000788092004390677,-0.03976679389872778
717,1,pre_go,1.0,0.9983923455098913,1.0190786465087145
717,1,post_go,0.0,0.004566021265391093,0.019305118414565448
718,1,pre_go,1.0,0.998398458069663,0.9908317825244946
718,1,post_go,0.0,0.006035811088725254,-0.019264186180421583
719,2,pre_go,1.0,0.9997472588917656,1.0294497250236503
719,2,post_go,0.0,0.002482895389854772,-0.010066616445571441
720,1,pre_go,1.0,0.9995775600094294,0.9855861393115837
720,1,post_go,0.0,0.0035530783524476,-0.03547096620322676
721,2,pre_go,1.0,0.9715363613490433,0.9986575509239902
721,2,post_go,0.0,0.002354091057377484,0.013596470124741022
722,2,pre_go,1.0,0.9862130585252532,0.9857665915294289
722,2,post_go,0.0,0.007967138025505515,0.014201117509522299
723,1,pre_go,1.0,0.9995672999873335,1.0517234339752384
723,1,post_go,0.0,0.007334774144789781,0.01455663897338122
724,4,pre_go,1.0,0.9684738809228364,0.9771864794392991
724,4,post_go,0.0,0.0003797084293007955,0.0119430700000272
725,4,pre_go,1.0,0.9745200425474563,0.9913739265470959
725,4,post_go,0.0,0.002973972732341771,0.008630864958721562
726,1,pre_go,1.0,0.9970308543865494,0.9861682737459362
726,1,post_go,0.0,0.002965826088206465,-0.017135902653780732
727,2,pre_go,1.0,0.9983483484484307,1.0378730113733905
727,2,post_go,0.0,0.0028667336679831508,0.0002525346319032229
728,2,pre_go,1.0,0.9922110184263575,0.9935050347350401
728,2,post_go,0.0,0.01620061156749725,0.02129744754236662
729,1,pre_go,1.0,0.9998505614937646,1.0112570809141208
729,1,post_go,0.0,0.004872075575297211,-0.04558714965657984
730,1,pre_go,1.0,0.9995601527645351,1.03928087050678
730,1,post_go,0.0,0.008554823161889583,0.012267566929330564
731,2,pre_go,1.0,0.9992774806937755,0.9982703140263192
731,2,post_go,0.0,0.0032918219821657753,-0.018891762808556367
732,3,pre_go,1.0,0.9851914630117883,0.9856086946793696
732,3,post_go,0.0,0.008265913985719308,0.015520164063896114
733,1,pre_go,1.0,0.98833897305942,0.9786146860450771
733,1,post_go,0.0,0.010362056588378556,0.01740151351539526
734,0,pre_go,1.0,0.9976920669957486,1.0244523435582364
734,0,post_go,0.0,0.003021117337480139,-0.0019879130887973107
735,3,pre_go,1.0,0.9999313837534746,1.001948893990332
735,3,post_go,0.0,0.01298214665156088,-0.042607519001061744
736,3,pre_go,1.0,0.999148218044696,0.9877826879639385
736,3,post_go,0.0,0.03893242895976851,0.013369266449080652
737,0,pre_go,1.0,0.9992660979236113,1.0183764667568682
737,0,post_go,0.0,0.004008183743561737,-0.003261511423146124
738,3,pre_go,1.0,0.9987156094178723,1.0262336141249506
738,3,post_go,0.0,0.0031995463620475835,0.0014671881287458555
739,3,pre_go,1.0,0.9968846445711738,0.9915657893126497
739,3,post_go,0.0,0.002945165892834235,-0.0040981595803605275
740,3,pre_go,1.0,0.9977367520526667,0.9877536534299145
740,3,post_go,0.0,0.0021276593029246733,-0.009169585700400718
741,3,pre_go,1.0,0.9957870514685665,1.0028036805987492
741,3,post_go,0.0,0.004739473615979568,0.025879828009542194
742,2,pre_go,1.0,0.996961387868586,0.9964933787380281
742,2,post_go,0.0,0.00896828191708254,0.01615846848791641
743,2,pre_go,1.0,0.9994291016900054,1.008834213529132
743,2,post_go,0.0,0.0023033506586712404,-0.017069352957396255
744,2,pre_go,1.0,0.9516337946130703,0.9995603339638095
744,2,post_go,0.0,8.958342188017099e-05,-0.015321773190613508
745,1,pre_go,1.0,0.9998157139837364,1.0005887720636237
745,1,post_go,0.0,0.006307815751788869,-0.05088800832935014
746,1,pre_go,1.0,0.9931531221324279,0.9662715962539367
746,1,post_go,0.0,0.0013103066489362335,-0.012860328437017121
747,0,pre_go,1.0,0.997731662609656,0.9915462111982272
747,0,post_go,0.0,0.0035953232955717273,0.005196536911452165
748,2,pre_go,1.0,0.9984330043329579,0.9965142922922179
748,2,post_go,0.0,0.00157668569805465,-0.06692035693265613
749,2,pre_go,1.0,0.9950072676011562,1.0072719694519439
749,2,post_go,0.0,0.00022318535195037082,-0.00623814777511017
750,4,pre_go,1.0,0.99913759517887,0.9906740937829464
750,4,post_go,0.0,0.0029815616532498823,-0.013185269424889678
751,3,pre_go,1.0,0.9989370075457906,0.9971579612684004
751,3,post_go,0.0,0.0024367414304466003,-0.025472800200152412
752,3,pre_go,1.0,0.9990135769815482,0.9979057366649787
752,3,post_go,0.0,0.028603738218470336,0.023210993074025132
753,3,pre_go,1.0,0.9990933989891276,1.0072276262118862
753,3,post_go,0.0,0.0032697254372817557,-0.010960224269336738
754,1,pre_go,1.0,0.9994328312434128,1.0311504653828034
754,1,post_go,0.0,0.0011000449425493774,-0.001983614172580306
755,2,pre_go,1.0,0.9987828869537232,1.0196577131532807
755,2,post_go,0.0,0.004553399818818187,-0.004025621556422332
756,0,pre_go,1.0,0.9918688115131338,0.9671333869907648
756,0,post_go,0.0,0.010631101330120869,-0.006423837922247544
757,0,pre_go,1.0,0.9876112404458793,0.9866016023466757
757,0,post_go,0.0,0.009756478311361654,0.014218207388975557
758,3,pre_go,1.0,0.9929234273354534,1.0057379112402747
758,3,post_go,0.0,0.0003391814050817492,-0.014461559710344019
759,1,pre_go,1.0,0.9997402786204669,1.039278011226336
759,1,post_go,0.0,0.002420967090209514,-0.015549612509581645
760,4,pre_go,1.0,0.986765950473683,0.9969356175647127
760,4,post_go,0.0,0.0012883037947942066,0.006511735062447399
761,3,pre_go,1.0,0.9839547060566307,0.9985739513902514
761,3,post_go,0.0,0.004748047772563143,0.019526318973342283
762,4,pre_go,1.0,0.9885123007875253,0.994106338425377
762,4,post_go,0.0,0.001102022701143998,0.0071266238543039595
763,3,pre_go,1.0,0.9827093653497824,0.9964808972753356
763,3,post_go,0.0,0.004570797126859553,0.016742544758167277
764,0,pre_go,1.0,0.9882716435087037,1.0041580242356458
764,0,post_go,0.0,0.006413082439552237,0.025590662981694823
765,0,pre_go,1.0,0.9992006534574032,0.9886379627552995
765,0,post_go,0.0,0.012232867367727687,-0.008368810299853036
766,4,pre_go,1.0,0.9929504153115172,0.9773517536998574
766,4,post_go,0.0,0.0041286619180547395,-0.003697161371300439
767,3,pre_go,1.0,0.9986933168868497,0.999555970454724
767,3,post_go,0.0,0.002538370351294125,-0.024601899679400963
768,0,pre_go,1.0,0.9604675155976984,0.9706083063597889
768,0,post_go,0.0,0.0012100334562491208,0.018092366659167636
769,1,pre_go,1.0,0.998404365698266,1.0367646056584277
769,1,post_go,0.0,0.003665596954808185,0.003832685906862421
770,3,pre_go,1.0,0.9983814376856358,0.9939639684731307
770,3,post_go,0.0,0.0018562175430189651,-0.020034315531281655
771,3,pre_go,1.0,0.9949064906139462,0.9543578523478788
771,3,post_go,0.0,0.0035018291427445208,-0.03136903073620112
772,2,pre_go,1.0,0.9985574659501925,1.0156046955316371
772,2,post_go,0.0,0.0035463973619359835,-0.006238623977468383
773,0,pre_go,1.0,0.9907050758364617,0.9759420039532758
773,0,post_go,0.0,0.004928167914501615,0.006223623054834371
774,2,pre_go,1.0,0.9972234094504676,1.0000165910770018
774,2,post_go,0.0,0.0011923942960312941,-0.0017752243394666967
775,1,pre_go,1.0,0.9941734105992162,0.9987949643081931
775,1,post_go,0.0,0.009754502094099633,0.021587624201267697
776,1,pre_go,1.0,0.9971866326576849,0.9872819428384243
776,1,post_go,0.0,0.0031717500358427056,-0.015609649629267142
777,1,pre_go,1.0,0.9952588964931356,0.9941203902819751
777,1,post_go,0.0,0.004835249157033774,0.017112282697840264
778,1,pre_go,1.0,0.9979016379708416,0.9663574624057664
778,1,post_go,0.0,0.001199389977703587,-0.04342544088869871
779,0,pre_go,1.0,0.9967604610246761,0.9907560902718191
779,0,post_go,0.0,0.012340438651212099,0.007501515862568531
780,2,pre_go,1.0,0.9839902499090221,0.9778536970665362
780,2,post_go,0.0,0.0028345130127117387,0.017770690324137695
781,0,pre_go,1.0,0.9991627987654684,0.9971457802778114
781,0,post_go,0.0,0.0023934000831347226,-0.030058464807559138
782,3,pre_go,1.0,0.986952395411622,0.989912041915229
782,3,post_go,0.0,0.0106662860898064,0.025320968672383815
783,3,pre_go,1.0,0.9893302369022839,0.9868009937287413
783,3,post_go,0.0,0.012246837678748138,0.015320509273251903
784,4,pre_go,1.0,0.9941245861759825,0.9698962412048127
784,4,post_go,0.0,0.0023206423198813167,-0.02090634739466729
785,1,pre_go,1.0,0.9994686792343578,1.0104853155930544
785,1,post_go,0.0,0.0031414270114336782,-0.013781927142666794
786,1,pre_go,1.0,0.9934771740859938,0.9868514719070086
786,1,post_go,0.0,0.022063021898570404,-0.0010522899995737411
787,3,pre_go,1.0,0.9889654991043753,0.9686435717583664
787,3,post_go,0.0,0.0032985801903753637,-0.0006393350194797698
788,4,pre_go,1.0,0.9960646181280184,1.000688027814133
788,4,post_go,0.0,0.004511561858980305,0.015852111807429348
789,0,pre_go,1.0,0.9949628470278015,0.9978017237995778
789,0,post_go,0.0,0.009351001564011256,0.02274602710739032
790,4,pre_go,1.0,0.9992960794905459,1.0089024008604761
790,4,post_go,0.0,0.004461346350831428,0.0009316387475141741
791,0,pre_go,1.0,0.9971301053355072,0.9902677625160661
791,0,post_go,0.0,0.009063898959906936,0.003261848634662501
792,2,pre_go,1.0,0.9961486569637801,1.0084034374544326
792,2,post_go,0.0,0.0007239366626394323,-0.02425549532407828
793,4,pre_go,1.0,0.9968789815099738,1.036316347348447
793,4,post_go,0.0,0.0019730743041045298,0.007926301454479867
794,2,pre_go,1.0,0.9903366933948647,0.9821793423148569
794,2,post_go,0.0,0.0032138539159179305,0.006895291341286969
795,0,pre_go,1.0,0.9991587521266635,1.020827509160728
795,0,post_go,0.0,0.003249275044776255,-0.004100522029840015
796,0,pre_go,1.0,0.9895716378570412,0.9690943568152843
796,0,post_go,0.0,0.0033881584608413877,-0.002154592242987974
797,0,pre_go,1.0,0.9977524670011669,0.9847893153022247
797,0,post_go,0.0,0.0027666077511085472,-0.00477527113548637
798,2,pre_go,1.0,0.9895804603610249,0.9997492760271297
798,2,post_go,0.0,0.0003007060968976935,-0.01803236927750268
799,2,pre_go,1.0,0.9948629032711457,0.9870800916262727
799,2,post_go,0.0,0.0058975975036618285,0.009529073993505499
800,1,pre_go,1.0,0.9987699985317496,0.9958063085227178
800,1,post_go,0.0,0.002287976077265428,-0.02911704838093443
801,2,pre_go,1.0,0.9991408120782124,1.003847935922729
801,2,post_go,0.0,0.007448859487928742,-0.019163627955925355
802,3,pre_go,1.0,0.9996104308246235,0.9774681310146268
802,3,post_go,0.0,0.004027184650943956,-0.036217167304997466
803,2,pre_go,1.0,0.9987385523714926,1.0419174261987145
803,2,post_go,0.0,0.004170209475441979,0.00824584665360334
804,4,pre_go,1.0,0.9988787629111787,1.007355135120444
804,4,post_go,0.0,0.035871331552767956,0.024374572278253126
805,4,pre_go,1.0,0.9890134901615091,0.9679193623978573
805,4,post_go,0.0,0.012266546511314097,-0.019166005164756916
806,1,pre_go,1.0,0.9959386896918339,0.9970452317928371
806,1,post_go,0.0,0.004057066692445214,0.007304771075379413
807,0,pre_go,1.0,0.9943733198748467,0.9791664146946792
807,0,post_go,0.0,0.015053136652175062,-0.003473786535729606
808,0,pre_go,1.0,0.979882977357728,0.9682969231425895
808,0,post_go,0.0,0.004462662886448791,-0.00884963899584168
809,0,pre_go,1.0,0.9971071223611809,0.9887811720357639
809,0,post_go,0.0,0.009663247940130236,0.002450019503413281
810,0,pre_go,1.0,0.9981289018096107,1.0027263610122257
810,0,post_go,0.0,0.022514863048409443,0.01880199524130116
811,0,pre_go,1.0,0.9994970049510145,1.00928032660513
811,0,post_go,0.0,0.04929000703768696,0.03003466440332242
812,3,pre_go,1.0,0.9804898460502108,0.9941519972398759
812,3,post_go,0.0,0.004592453444500527,0.016287375828831274
813,3,pre_go,1.0,0.9930698704681166,0.9769266360907196
813,3,post_go,0.0,0.00435167986261642,-0.0029115683635574374
814,3,pre_go,1.0,0.965640927850274,0.9815268637779222
814,3,post_go,0.0,0.0025251397508139163,0.00047797402373084275
815,3,pre_go,1.0,0.9966507192806808,1.0004649532988181
815,3,post_go,0.0,0.007958743214764042,0.01949114974186722
816,1,pre_go,1.0,0.9741156277397641,0.9873128854519271
816,1,post_go,0.0,0.0036265080942097455,0.008125406671403823
817,4,pre_go,1.0,0.9987299140206598,1.0019385191092849
817,4,post_go,0.0,0.00424836183262268,0.0013436804025928062
818,1,pre_go,1.0,0.9992781424586412,0.9680686630004119
818,1,post_go,0.0,0.0022346447494254857,-0.04490163209384357
819,4,pre_go,1.0,0.9998452440850983,0.9825844644648043
819,4,post_go,0.0,0.00616521918517922,-0.051372724077299925
820,0,pre_go,1.0,0.9946741137119762,0.9950397342608899
820,0,post_go,0.0,0.005333396667425849,0.01656602979079652
821,2,pre_go,1.0,0.9974639439335689,1.0265001059864869
821,2,post_go,0.0,0.0015688855107822597,-0.009863462903005049
822,2,pre_go,1.0,0.9597977620465599,1.0142175200375199
822,2,post_go,0.0,0.0017293267697109545,0.07425196954887037
823,3,pre_go,1.0,0.9926562405638749,1.0316963885039145
823,3,post_go,0.0,0.016272430407611234,0.04506744475489072
824,3,pre_go,1.0,0.9920378739212279,0.9945785933924258
824,3,post_go,0.0,0.0033743099748124723,0.011036013877696094
825,4,pre_go,1.0,0.9993526241077838,1.0107471614093186
825,4,post_go,0.0,0.04092071375127641,0.020451407451762327
826,2,pre_go,1.0,0.9832423865924801,1.0071044775365419
826,2,post_go,0.0,0.003987271364302782,0.02317764258176841
827,0,pre_go,1.0,0.9989866781579725,1.0239946488828746
827,0,post_go,0.0,0.0054369596440478505,0.0003526455973526521
828,1,pre_go,1.0,0.9983473822160467,1.0424085660694307
828,1,post_go,0.0,0.003689832344088026,0.007647964584878042
829,4,pre_go,1.0,0.9990339107654221,0.9979503658367166
829,4,post_go,0.0,0.0021845813821208767,0.00380304897700412
830,3,pre_go,1.0,0.9966799199197371,0.9661056037375024
830,3,post_go,0.0,0.07687505761519758,0.005045734570124527
831,1,pre_go,1.0,0.999314657195601,0.9915296733558256
831,1,post_go,0.0,0.002597891875560501,-0.02993836632678215
832,0,pre_go,1.0,0.9987508534977448,1.0371065585619839
832,0,post_go,0.0,0.003637767612353587,0.0017561412130124299
833,0,pre_go,1.0,0.9949731240637765,0.9966511686780625
833,0,post_go,0.0,0.01915929934099077,0.01331863371269415
834,4,pre_go,1.0,0.997670432582261,1.0066300858514277
834,4,post_go,0.0,0.01899767520994696,0.024438334538661843
835,4,pre_go,1.0,0.9758531028221037,0.9960446207215352
835,4,post_go,0.0,0.002947980942559613,0.012228834701432323
836,1,pre_go,1.0,0.9871143392883482,1.0238295465486793
836,1,post_go,0.0,0.005569191782408895,0.050257656381937466
837,1,pre_go,1.0,0.9980633235155483,1.0230249616437534
837,1,post_go,0.0,0.0022555856592102914,-0.013067960590110506
838,4,pre_go,1.0,0.9941394381430315,0.9901100259172687
838,4,post_go,0.0,0.00813461219249906,0.015947958629433268
839,1,pre_go,1.0,0.9934246304883382,1.0272590909942583
839,1,post_go,0.0,0.0010536490410571612,0.004224918881948481
840,4,pre_go,1.0,0.9994948973184986,1.0260054325281187
840,4,post_go,0.0,0.00689499096369619,-0.0007340262585035506
841,0,pre_go,1.0,0.9893513470847819,0.968151998977862
841,0,post_go,0.0,0.009555041624761503,0.002763547833121216
842,0,pre_go,1.0,0.9942454270115151,1.0038187719339622
842,0,post_go,0.0,0.0018749282590478675,0.011635419593420848
843,2,pre_go,1.0,0.9985888132691948,1.0209583208848059
843,2,post_go,0.0,0.047384806691133034,0.0391800778782076
844,4,pre_go,1.0,0.9906337497250167,1.0306933564780676
844,4,post_go,0.0,0.015305730180728323,0.06051889269155253
845,4,pre_go,1.0,0.9974885700835783,0.9923165790304196
845,4,post_go,0.0,0.0025873895061477117,-0.00017624325177029165
846,3,pre_go,1.0,0.991721917224901,0.9645532339455949
846,3,post_go,0.0,0.011588627641457775,-0.004265730748604923
847,2,pre_go,1.0,0.9912924530808594,0.9826220741471029
847,2,post_go,0.0,0.0030337110945897125,0.00023266503474339562
848,2,pre_go,1.0,0.9985294806939661,1.0087709298993552
848,2,post_go,0.0,0.0013666060364411806,-0.012017413826323431
849,1,pre_go,1.0,0.9912580488669774,0.9797732865544415
849,1,post_go,0.0,0.00272967078593942,0.005090687258180848
850,0,pre_go,1.0,0.9572265650880843,0.9669847638999551
850,0,post_go,0.0,0.0009813879684432046,0.009470385788830193
851,2,pre_go,1.0,0.9953537299751496,0.9909925300037898
851,2,post_go,0.0,0.004280392938129999,0.006930252869498221
852,3,pre_go,1.0,0.9962390699532244,0.9955050850808885
852,3,post_go,0.0,0.007817841010997167,0.016718026394939023
853,3,pre_go,1.0,0.9958623557692169,0.9906448159840251
853,3,post_go,0.0,0.006250116640505976,0.005085910613108813
854,4,pre_go,1.0,0.9999081309665961,0.9953462516517186
854,4,post_go,0.0,0.00933529700269609,-0.035742715029557115
855,3,pre_go,1.0,0.9982049669010109,0.9911136392397182
855,3,post_go,0.0,0.0023072033120983887,-0.02785575601981949
856,1,pre_go,1.0,0.9990572788301674,1.0031599924438712
856,1,post_go,0.0,0.001813633804589762,-0.022379335911218212
857,2,pre_go,1.0,0.9824786102292092,0.9722358049217785
857,2,post_go,0.0,0.0054086871195609745,-0.0014378434514006888
858,4,pre_go,1.0,0.9896251302821623,0.9722028187198233
858,4,post_go,0.0,0.010056779897824095,0.007407612587012946
859,0,pre_go,1.0,0.9987628672126396,0.997828347708533
859,0,post_go,0.0,0.024674919786507404,0.009533441187738134
860,3,pre_go,1.0,0.9901435308094945,0.9686741249102497
860,3,post_go,0.0,0.0036734246484081672,-0.0011830985585207232
861,4,pre_go,1.0,0.9972379015984312,1.0090522108221314
861,4,post_go,0.0,0.00224278859556697,-0.013084571575398607
862,3,pre_go,1.0,0.9983125154052672,1.0095650377318812
862,3,post_go,0.0,0.00296365144055906,-0.011970288571748089
863,0,pre_go,1.0,0.9962324844158058,0.9879637467088072
863,0,post_go,0.0,0.006902479893648122,0.001360985343388521
864,0,pre_go,1.0,0.9971338824186498,1.0075757663640519
864,0,post_go,0.0,0.001925204106720168,-0.009643362466598804
865,1,pre_go,1.0,0.9962856085987642,0.9885988943331098
865,1,post_go,0.0,0.004045606193973392,0.014213628262087441
866,2,pre_go,1.0,0.9991592496573687,1.0018524877419943
866,2,post_go,0.0,0.001774909171545744,-0.03451035734303837
867,3,pre_go,1.0,0.9966512504775943,0.9869774075346875
867,3,post_go,0.0,0.008417336488849016,0.002252009659360288
868,4,pre_go,1.0,0.9979906426625997,0.9937459307159824
868,4,post_go,0.0,0.002684644463265022,-0.008898601698471065
869,4,pre_go,1.0,0.9874411128680463,0.9927831598167345
869,4,post_go,0.0,0.010982180905989031,0.026263049702343555
870,3,pre_go,1.0,0.9917098711166629,1.0058218668632402
870,3,post_go,0.0,0.008628021117759628,0.035722482787979126
871,3,pre_go,1.0,0.9878950849493581,1.0054230136795157
871,3,post_go,0.0,0.012120287011229186,0.043481351875033936
872,2,pre_go,1.0,0.9289556692803743,0.9835968103340103
872,2,post_go,0.0,0.0007120149315591277,0.03586196506560019
873,2,pre_go,1.0,0.995011151315196,0.9944918341811955
873,2,post_go,0.0,0.017959621407919263,0.009036351864529446
874,0,pre_go,1.0,0.9877915583936927,0.9900713086501874
874,0,post_go,0.0,0.0114121919397894,0.01887813274153155
875,2,pre_go,1.0,0.9977415581827146,1.0180562288707444
875,2,post_go,0.0,0.004812425431352475,0.030377104924879605
876,0,pre_go,1.0,0.9991589584158572,1.0127783125324223
876,0,post_go,0.0,0.006188220027607459,0.00877501708572992
877,2,pre_go,1.0,0.9884223783377162,0.9777160030954982
877,2,post_go,0.0,0.009865429779144685,0.015428289964176334
878,2,pre_go,1.0,0.9995428740180321,0.9937102866250642
878,2,post_go,0.0,0.0018925799271822855,-0.04483786445543919
879,3,pre_go,1.0,0.9935420006451151,0.9800064407542268
879,3,post_go,0.0,0.004300673736902116,-0.0019469792979919243
880,0,pre_go,1.0,0.9962878029278581,1.013068802274787
880,0,post_go,0.0,0.002877599943604075,0.018947241898449152
881,2,pre_go,1.0,0.9933823379330904,0.9829686939489692
881,2,post_go,0.0,0.003948192259308425,-0.0004104186471626803
882,3,pre_go,1.0,0.9995183458603539,1.022713136732298
882,3,post_go,0.0,0.01272107381911273,-0.0032010998189182516
883,2,pre_go,1.0,0.9987051982637406,1.0151695775676752
883,2,post_go,0.0,0.005268217151326065,0.00993084368770858
884,3,pre_go,1.0,0.9991261552248348,0.9982721847982485
884,3,post_go,0.0,0.0011695067408893783,-0.02236430646543175
885,3,pre_go,1.0,0.9926403168627081,0.9931605056016195
885,3,post_go,0.0,0.003671759204150181,0.009085765535420676
886,4,pre_go,1.0,0.9993029765896525,1.0106608726392468
886,4,post_go,0.0,0.040194330136100236,0.019595176943603132
887,4,pre_go,1.0,0.9971745092826515,0.9608721795912157
887,4,post_go,0.0,0.0025785288156972464,-0.03248259673334136
888,1,pre_go,1.0,0.9784900195448367,0.9899256461470939
888,1,post_go,0.0,0.004431583628612669,0.006657490589138504
889,3,pre_go,1.0,0.9793600863116715,0.9878913741039543
889,3,post_go,0.0,0.0014835520828398278,0.00869704205900984
890,0,pre_go,1.0,0.9943455310556568,0.9787532878104155
890,0,post_go,0.0,0.007084535660136567,0.0017391149822826857
891,4,pre_go,1.0,0.9715688716449418,0.9785455284516084
891,4,post_go,0.0,0.0031788981235185763,-0.005442840529620907
892,2,pre_go,1.0,0.9768306303603729,0.9775488571239785
892,2,post_go,0.0,0.0035943458667015656,-0.007748060145154112
893,2,pre_go,1.0,0.9825527983479254,0.9260145606034341
893,2,post_go,0.0,0.00046679733788034607,-0.006071206547376862
894,3,pre_go,1.0,0.995292143425692,1.0280816556178214
894,3,post_go,0.0,0.0014097393340502633,0.00591937269474635
895,3,pre_go,1.0,0.9946440125504087,0.9859951083011091
895,3,post_go,0.0,0.016716525032671237,0.003586339913208114
896,4,pre_go,1.0,0.9762369427198406,0.9893793970178186
896,4,post_go,0.0,0.0038052439737326143,0.009703705680534469
897,2,pre_go,1.0,0.9976014272118134,0.9749948500760915
897,2,post_go,0.0,0.008360467179626215,-0.016010766262630927
898,3,pre_go,1.0,0.987705845001247,0.9753429661370496
898,3,post_go,0.0,0.009929163522758353,0.014293289717018376
899,2,pre_go,1.0,0.9996984443900282,1.00347134888299
899,2,post_go,0.0,0.0026993040059902387,-0.030839963074553445
900,1,pre_go,1.0,0.9940566999955993,1.0243652889262076
900,1,post_go,0.0,0.0009474362881528422,-0.0013275502231518965
901,1,pre_go,1.0,0.9881467357534106,0.9810404693243757
901,1,post_go,0.0,0.010651651925355235,0.020555774313847475
902,1,pre_go,1.0,0.9659479374067053,0.966535848861426
902,1,post_go,0.0,0.001242124048267232,0.008808955842866117
903,1,pre_go,1.0,0.99823896590588,0.99477524548829
903,1,post_go,0.0,0.016697751860277842,0.00575900314266381
904,0,pre_go,1.0,0.9994009895293888,1.0123217717447779
904,0,post_go,0.0,0.0020128400590407516,-0.0163870820480414
905,3,pre_go,1.0,0.9983979024137555,0.9963458678371833
905,3,post_go,0.0,0.001117380612014233,-0.03300046198670703
906,2,pre_go,1.0,0.9943615084694715,0.9800950057141877
906,2,post_go,0.0,0.014900331434286106,-0.0027909896745529905
907,0,pre_go,1.0,0.9803465687381673,0.9716492809332435
907,0,post_go,0.0,0.004328176932373074,-0.009923053127352088
908,2,pre_go,1.0,0.9893426456642762,0.9729335103391616
908,2,post_go,0.0,0.00967643810975332,0.008546796758853281
909,2,pre_go,1.0,0.9983173037978049,1.0328833202241163
909,2,post_go,0.0,0.0022992649661207694,-0.002117534806742427
910,3,pre_go,1.0,0.9988701229117813,1.0084605136250544
910,3,post_go,0.0,0.004434838739731507,-0.02570175889830395
911,4,pre_go,1.0,0.9996139479026166,1.041241053337949
911,4,post_go,0.0,0.008711336560605996,0.014341721645580285
912,1,pre_go,1.0,0.9922376317091067,0.974251415293439
912,1,post_go,0.0,0.004234415147394267,-0.003036158624766805
913,3,pre_go,1.0,0.9993071016598292,1.0023263430320686
913,3,post_go,0.0,0.01073885512924753,-0.0071454639154714394
914,0,pre_go,1.0,0.994813938162566,0.9806017273271319
914,0,post_go,0.0,0.005418954330577035,-0.002862886523710362
915,2,pre_go,1.0,0.9995904766963346,1.0056832258584998
915,2,post_go,0.0,0.0027358731984323276,-0.036713623657632366
916,2,pre_go,1.0,0.997821210168505,1.0022416661829514
916,2,post_go,0.0,0.003978402939374914,0.0062190568198884355
917,2,pre_go,1.0,0.9862439430932665,0.9760673978609675
917,2,post_go,0.0,0.009392850977867313,0.009417883373082692
918,0,pre_go,1.0,0.9984933409672698,1.0122096504651799
918,0,post_go,0.0,0.0031536936076095178,-0.024331288404839668
919,1,pre_go,1.0,0.9884099109245691,0.9881052844542431
919,1,post_go,0.0,0.00986707530240654,0.013680508446883843
920,3,pre_go,1.0,0.9990406600909993,1.0219534638820083
920,3,post_go,0.0,0.0033454195131272946,0.0006509596323822642
921,1,pre_go,1.0,0.9939438516810776,0.970624747656254
921,1,post_go,0.0,0.0014273559995041229,-0.01079663413164944
922,2,pre_go,1.0,0.9979728402258748,1.0015963694027943
922,2,post_go,0.0,0.0010602182885409179,-0.036451652203374374
923,4,pre_go,1.0,0.9987012690921921,0.9953004792005173
923,4,post_go,0.0,0.0023808056678453365,-0.02099686890012903
924,1,pre_go,1.0,0.9516131955072346,0.9822740528758535
924,1,post_go,0.0,0.0008906365018319395,0.022120000832823172
925,3,pre_go,1.0,0.992516491490515,0.966570139193029
925,3,post_go,0.0,0.012353376598510848,-0.005222501892618747
926,4,pre_go,1.0,0.9988538259901019,0.9880888532984757
926,4,post_go,0.0,0.027474271033114055,0.013991296520838747
927,0,pre_go,1.0,0.9975068994875202,0.9875345311427839
927,0,post_go,0.0,0.002418126117849425,-0.024518076710868364
928,3,pre_go,1.0,0.9913042244486615,1.0097952899763636
928,3,post_go,0.0,0.007353119744867046,0.04970789450762425
929,0,pre_go,1.0,0.9992468610917459,0.9983659088904804
929,0,post_go,0.0,0.001689732074493928,-0.040105972087967956
930,2,pre_go,1.0,0.9925697685212085,1.0291075691867693
930,2,post_go,0.0,0.015912704881245337,0.03989063094301748
931,4,pre_go,1.0,0.9976596439117871,0.9714806169080252
931,4,post_go,0.0,0.016235998134718228,-0.004210352527724781
932,0,pre_go,1.0,0.9992796564218608,0.9943598074466065
932,0,post_go,0.0,0.0027194235033534734,-0.023581646085261365
933,2,pre_go,1.0,0.9703256048316988,0.972656393861973
933,2,post_go,0.0,0.0029365761809424917,-0.009760904852011587
934,0,pre_go,1.0,0.9823497393922938,0.9769112862230247
934,0,post_go,0.0,0.005659531101196107,0.006019243574454214
935,0,pre_go,1.0,0.9990338333875974,1.0024736989033878
935,0,post_go,0.0,0.005507244115382235,0.007950899640157882
936,2,pre_go,1.0,0.9604407694039826,0.9484265247586392
936,2,post_go,0.0,0.0006008675682745242,0.013514219569111807
937,4,pre_go,1.0,0.9871557528085698,0.9893977502229543
937,4,post_go,0.0,0.002568954109859045,0.014943954457826258
938,4,pre_go,1.0,0.9980670420821345,0.994621312509383
938,4,post_go,0.0,0.014774650742500046,0.005631278811193741
939,1,pre_go,1.0,0.9972692179045459,0.9750278357461964
939,1,post_go,0.0,0.013398270257261511,0.002341444841440554
940,3,pre_go,1.0,0.9946720219726156,0.9940310700932911
940,3,post_go,0.0,0.019095028468277785,0.013617225313190984
941,0,pre_go,1.0,0.9905212645620185,0.9877946084256619
941,0,post_go,0.0,0.01317971590543084,0.015218383077690134
942,3,pre_go,1.0,0.9988231476429527,1.0045099912496753
942,3,post_go,0.0,0.003330709085913116,-0.004391251028510679
943,0,pre_go,1.0,0.9781130403532319,0.9908471443458451
943,0,post_go,0.0,0.004350361818665604,0.010048475106325061
944,4,pre_go,1.0,0.9985377825949656,1.022684747154949
944,4,post_go,0.0,0.0022369003249636697,-0.008234522939281785
945,1,pre_go,1.0,0.9982326946154557,1.0229581992554078
945,1,post_go,0.0,0.003516040055060836,-0.010026776632080514
946,1,pre_go,1.0,0.9921873515578213,0.9724040193170627
946,1,post_go,0.0,0.005014918214005085,0.0020214447827023863
947,3,pre_go,1.0,0.9993225497503267,1.0072427726063617
947,3,post_go,0.0,0.002870162600175407,-0.013243947818477597
948,0,pre_go,1.0,0.9729457164760023,0.9960959157464468
948,0,post_go,0.0,0.002623082440797356,0.012339771622646711
949,4,pre_go,1.0,0.9937415629078185,1.0445571035769181
949,4,post_go,0.0,0.019339671850283534,0.05526941183122358
950,0,pre_go,1.0,0.9900876627274738,0.9855009502720807
950,0,post_go,0.0,0.011818948106022655,0.011917277433471707
951,2,pre_go,1.0,0.9860362146057912,0.9766833859422
951,2,post_go,0.0,0.0020592367656500823,-0.0005377260220639779
952,4,pre_go,1.0,0.9919649872152545,0.9686837001909885
952,4,post_go,0.0,0.011078469143120462,-0.003877444539775843
953,4,pre_go,1.0,0.9919449310786553,1.02705956367724
953,4,post_go,0.0,0.014909151435625479,0.04571149883987924
954,4,pre_go,1.0,0.9871530216150786,0.9863055198853083
954,4,post_go,0.0,0.00408264291537834,0.023096846664788118
955,3,pre_go,1.0,0.9993329216059131,0.9918715521056858
955,3,post_go,0.0,0.0023969769009437795,-0.023926499857622074
956,4,pre_go,1.0,0.9936857946844238,0.9943262373552002
956,4,post_go,0.0,0.019443972742951683,0.020359376983043576
957,0,pre_go,1.0,0.9907874017154049,1.0145433373856307
957,0,post_go,0.0,0.012444400609652543,0.030034932723181862
958,0,pre_go,1.0,0.9835346538889677,0.9751229475564904
958,0,post_go,0.0,0.0018573123327925017,-0.0009637562665177901
959,1,pre_go,1.0,0.9982714451306645,0.9744485443572108
959,1,post_go,0.0,0.00427244425261278,-0.03255994444105126
960,1,pre_go,1.0,0.982927208850755,1.005329574499398
960,1,post_go,0.0,0.00030340127356898134,-0.010202969102664605
961,4,pre_go,1.0,0.9950682779871706,0.9939949876025566
961,4,post_go,0.0,0.018485199622082157,0.008290056837049642
962,4,pre_go,1.0,0.9978637951146422,0.9927990329204103
962,4,post_go,0.0,0.01718161923800753,0.007254787934382612
963,0,pre_go,1.0,0.9980725798885076,1.0039233559727783
963,0,post_go,0.0,0.012980539638153118,0.016237940224292646
964,3,pre_go,1.0,0.9975646252891192,1.045632020734544
964,3,post_go,0.0,0.0027968279984616025,0.008364405039258449
965,2,pre_go,1.0,0.9901229108199048,1.0047366960516881
965,2,post_go,0.0,0.007251233632500621,0.030722139113002034
966,1,pre_go,1.0,0.9969531662342291,0.9848876631065563
966,1,post_go,0.0,0.001987483813038795,-0.028371045033005138
967,2,pre_go,1.0,0.977158892620317,0.9903376722713824
967,2,post_go,0.0,0.004087470034256716,0.010587519891376407
968,3,pre_go,1.0,0.9999426584902653,1.061269191139244
968,3,post_go,0.0,0.018350170274886182,0.017789556990537247
969,1,pre_go,1.0,0.9983050540632566,1.027369818102572
969,1,post_go,0.0,0.0022009023927748008,-0.007734179595270563
970,1,pre_go,1.0,0.9886450193093551,0.9858667326332768
970,1,post_go,0.0,0.009503484650492477,0.011882841065207095
971,0,pre_go,1.0,0.9975882256517604,1.0071249046043063
971,0,post_go,0.0,0.018156541893915468,0.026011524479017667
972,3,pre_go,1.0,0.9940381714225583,1.0564215439025335
972,3,post_go,0.0,0.019810774938912888,0.06904749959679923
973,0,pre_go,1.0,0.9972145634378202,1.0155397636836703
973,0,post_go,0.0,0.001541656849395768,-0.01884737979772655
974,3,pre_go,1.0,0.9996597869367109,1.0069873103142384
974,3,post_go,0.0,0.007456688175026671,-0.005040118774422342
975,4,pre_go,1.0,0.9973474817720747,1.0094902783895223
975,4,post_go,0.0,0.017385739723943035,0.029875857926357385
976,3,pre_go,1.0,0.9983674104403616,1.02130424661513
976,3,post_go,0.0,0.003381674681716244,-0.010726110174155812
977,1,pre_go,1.0,0.9996149663529066,1.030821511372497
977,1,post_go,0.0,0.00665313447619172,-0.003621158167317895
978,0,pre_go,1.0,0.996296578699484,0.9946318826693112
978,0,post_go,0.0,0.007849806702311467,0.014333230966158239
979,2,pre_go,1.0,0.9992594700175516,1.026138646895301
979,2,post_go,0.0,0.005653875277782847,-0.0009992682965710986
980,0,pre_go,1.0,0.9984437880990328,1.0087307590240762
980,0,post_go,0.0,0.004834560813600594,-0.0049658000755336
981,3,pre_go,1.0,0.9994510382402559,0.9623105449271393
981,3,post_go,0.0,0.0028457676012704157,-0.04783142699673104
982,3,pre_go,1.0,0.988377222822446,1.009743886085875
982,3,post_go,0.0,0.012740929797547054,0.04773179500353142
983,0,pre_go,1.0,0.9879159144044425,0.9912496846336516
983,0,post_go,0.0,0.0038282653223963344,0.018012232245525506
984,3,pre_go,1.0,0.9989353535136807,1.0202675624164832
984,3,post_go,0.0,0.004013372932748104,-0.022065470217613403
985,1,pre_go,1.0,0.9894197319859577,0.9969331306555382
985,1,post_go,0.0,0.005212056762247763,0.03326887273671758
986,3,pre_go,1.0,0.9712503834820723,0.9871488698294246
986,3,post_go,0.0,0.002983180195758629,0.007130788755201289
987,0,pre_go,1.0,0.9992295436806083,1.0005266116315283
987,0,post_go,0.0,0.0031020371577319397,-0.019683316556367902
988,4,pre_go,1.0,0.9937625368432947,0.9854154586671711
988,4,post_go,0.0,0.024979314825273474,0.0011064654986985833
989,1,pre_go,1.0,0.9881158110999877,0.9886202490348195
989,1,post_go,0.0,0.009921799932773225,0.014474092328908672
990,3,pre_go,1.0,0.9969240673194482,0.9853015912456506
990,3,post_go,0.0,0.0018691639917054375,-0.007966539130699224
991,1,pre_go,1.0,0.9994673245574526,1.0190771758593318
991,1,post_go,0.0,0.007121341421964232,0.005409410844817442
992,4,pre_go,1.0,0.9917452055799517,0.997804270900516
992,4,post_go,0.0,0.016233658141100903,0.009404970278929115
993,0,pre_go,1.0,0.998716277594511,1.010997365124385
993,0,post_go,0.0,0.001026097613840082,-0.015990911677478126
994,2,pre_go,1.0,0.9950054498525303,0.9937707634870154
994,2,post_go,0.0,0.004437705994443057,0.019052305947762582
995,0,pre_go,1.0,0.9895654888163283,0.9800729587590715
995,0,post_go,0.0,0.01246602559062647,-0.005913940405664064
996,0,pre_go,1.0,0.9904290074008482,1.0264795963933433
996,0,post_go,0.0,0.014633752634324702,0.057152918246305084
997,2,pre_go,1.0,0.991718465148648,0.9902756237073075
997,2,post_go,0.0,0.0008661039020117987,-0.005401166515903999
998,1,pre_go,1.0,0.9902147366878536,0.9879185410520878
998,1,post_go,0.0,0.013018643883547225,0.015586220087276725
999,0,pre_go,1.0,0.9964780735417892,1.0115502111957744
999,0,post_go,0.0,0.0011268117721231624,-0.022494428098069452
