trial_index,fold,sure_available,dir_choice,teacher_sure_strength,empirical_p_correct,delta_value,target_left,target_right,target_sure,native_left,native_right,native_sure,probe_left,probe_right,probe_sure,native_margin,probe_margin,native_fixation_postgo,nonlinear_left,nonlinear_right,nonlinear_sure,nonlinear_margin
0,2,False,0,0.0,0.9906774506351905,-0.4406774506351905,1.0,0.0,0.0,0.9999486544759254,4.668317995526088e-05,4.662344119390164e-06,0.9993316105940935,3.122178377240021e-07,0.0006680771880689464,-0.999943992131806,-0.9986635334060245,0.4169229713961899,0.9999826041504658,4.937010823961441e-07,1.690214845179974e-05,-0.999965702002014
1,1,True,0,0.20536326275014355,0.8328962506168242,-0.2828962506168241,0.7946367263793945,0.0,0.20536325871944427,0.3413601239988973,0.2290001971943091,0.4296396788067936,0.3019722443561678,0.3225404581474754,0.37548729749635673,0.08827955480789629,0.07351505314018891,0.41168683587459254,0.26137546248044596,0.37963099502309594,0.35899354249645815,0.09761808001601219
2,2,True,1,0.1627092707452713,0.9196709493279273,-0.3696709493279272,0.0,0.8372907042503357,0.16270926594734192,0.014773109691359847,0.7519898902306308,0.23323700007800935,0.000989005825933168,0.8328827483086565,0.16612824586541036,-0.5187528901526215,-0.6667545024432462,0.34394844675344133,3.928936918142529e-05,0.8470824169723348,0.15287829365848374,-0.6942041233138511
3,0,False,0,0.0,0.9915539535033948,-0.44155395350339477,1.0,0.0,0.0,0.9999741713721854,1.9767217726397955e-05,6.061410088304418e-06,0.9988751533369781,1.15501950498238e-06,0.0011236916435169338,-0.9999681099620971,-0.9977514616934612,0.4015998610338413,0.9999763353761223,7.587315879238652e-32,2.3664623877822768e-05,-0.9999526707522445
4,1,False,0,0.0,0.9668002996095091,-0.41680029960950904,1.0,0.0,0.0,0.9958348146317691,0.004032070355578146,0.0001331150126527207,0.9988912262165552,0.0004999458933380764,0.0006088278901066776,-0.9957016996191165,-0.9982823983264486,0.4315812407406264,0.9998584296170064,0.00014069608586330843,8.742971302738015e-07,-0.9998575553198762
5,1,True,0,0.1494681574748153,0.9579179349019022,-0.4079179349019022,0.850531816482544,0.0,0.14946815371513367,0.7488907595786346,0.01378786262675952,0.2373213777946058,0.8562521900881107,0.0015975106976651007,0.14215029921422404,-0.5115693817840288,-0.7141018908738866,0.2740453237745473,0.8234107097602943,0.004022234358825911,0.1725670558808799,-0.6508436538794145
6,3,False,0,0.0,0.9829027041866822,-0.4329027041866822,1.0,0.0,0.0,0.9881460533609008,0.011642904290614344,0.00021104234848468134,0.9978455290106111,0.0013438807857817606,0.0008105902036071325,-0.9879350110124161,-0.9970349388070039,0.44159873980918257,0.9999860833389713,7.544898290379259e-07,1.3162171199733318e-05,-0.9999729211677716
7,2,False,0,0.0,0.4129663606271245,0.13703363937287555,1.0,0.0,0.0,0.5101959377988815,0.4203143042795393,0.06948975792157916,0.6404821028180174,0.35768101506626365,0.001836882115719036,-0.4407061798773023,-0.6386452207022983,0.47958216053505004,0.664835031657482,0.33439345678108745,0.0007715115614304743,-0.6640635200960515
8,2,True,1,0.1573025373588735,0.9342915810289389,-0.3842915810289389,0.0,0.8426974415779114,0.15730254352092743,0.014903139814742259,0.8406413225272835,0.1444555376579741,0.0003332186234428102,0.856208182076741,0.14345859929981616,-0.6961857848693094,-0.7127495827769248,0.22146925610024967,3.478154082888472e-05,0.8531065054924478,0.14685871296672323,-0.7062477925257246
9,2,False,0,0.0,0.9938939755920116,-0.4438939755920116,1.0,0.0,0.0,0.999970456883954,2.4339682936975748e-05,5.203433108944421e-06,0.9992796232290873,1.2335133795256635e-07,0.0007202534195749376,-0.9999652534508451,-0.9985593698095123,0.4065484881084161,0.9999694437003805,2.4018529068705865e-07,3.0316114328776615e-05,-0.9999391275860517
10,0,False,1,0.0,0.9441724449195158,-0.39417244491951575,0.0,1.0,0.0,0.19681347486383466,0.7573528303301353,0.045833694806029925,0.13501943842011507,0.8642411529187682,0.0007394086611166892,-0.7115191355241054,-0.8635017442576516,0.4253828069546607,0.13364280241524812,0.866260408161265,9.678942348666666e-05,-0.8661636187377784
11,2,True,1,0.15537181576585085,0.9398221432929741,-0.38982214329297404,0.0,0.8446281552314758,0.15537181496620178,0.036896116862609664,0.7257571661560055,0.23734671698138482,0.003668721084183095,0.8152767153150291,0.18105456360078787,-0.4884104491746207,-0.6342221517142412,0.24712038129085007,0.00096819374009698,0.8205504266824618,0.17848137957744137,-0.6420690471050204
12,2,False,1,0.0,0.9678326450270627,-0.41783264502706263,0.0,1.0,0.0,0.026777630690887948,0.9622393345413636,0.01098303476774841,0.0012154255818170212,0.9981849104482606,0.0005996639699222816,-0.9512562997736151,-0.9975852464783383,0.39696719001383607,0.0001846058644995211,0.9996916586756075,0.0001237354598929798,-0.9995679232157145
13,2,False,1,0.0,0.9832889224471807,-0.43328892244718065,0.0,1.0,0.0,0.07753906464543411,0.8867960258291504,0.035664909525415386,0.009825527103778695,0.9895974066393378,0.0005770662568833359,-0.8511311163037351,-0.9890203403824545,0.4184060269762135,0.0057207418607004715,0.9941078922204843,0.00017136591881518446,-0.9939365263016692
14,4,False,1,0.0,0.970371268883655,-0.42037126888365495,0.0,1.0,0.0,0.05691444141769557,0.9136523552542698,0.02943320332803458,0.009663393488122115,0.9896949951469725,0.0006416113649053272,-0.8842191519262352,-0.9890533837820671,0.4175866635787715,0.0018590869195622174,0.9981115588913496,2.9354189088139925e-05,-0.9980822047022615
15,1,False,1,0.0,0.9555993270423452,-0.40559932704234514,0.0,1.0,0.0,0.13898693197232528,0.8011721056621658,0.05984096236550901,0.09115005154626382,0.9077587025320498,0.0010912459216862922,-0.7413311432966567,-0.9066674566103635,0.4300396728713968,0.07612810791419933,0.9238425022133492,2.9389872451419848e-05,-0.9238131123408978
16,2,False,0,0.0,0.9353335886244387,-0.38533358862443867,1.0,0.0,0.0,0.9098377285054238,0.08709987268603157,0.0030623988085447485,0.8864333128639775,0.11241008740196078,0.0011565997340615248,-0.906775329696879,-0.885276713129916,0.48970854034199174,0.895653637901382,0.10432677578098208,1.9586317635935724e-05,-0.895634051583746
17,3,False,0,0.0,0.9710154946235546,-0.4210154946235546,1.0,0.0,0.0,0.9846926665707209,0.015013807423528041,0.0002935260057511482,0.9973478618126504,0.0018937135773060855,0.0007584246100435923,-0.9843991405649697,-0.9965894372026068,0.4487989876042334,0.9999818213198769,4.278767160052119e-06,1.3899912963110319e-05,-0.9999679214069138
18,2,True,0,0.4703194649998598,0.5723013908026424,-0.022301390802642374,0.5296805500984192,0.0,0.4703194797039032,0.6138898487865121,0.08679688882485595,0.2993132623886319,0.7398830642342545,0.041746941070210604,0.21836999469553475,-0.3145765863978802,-0.5215130695387198,0.33282942922863556,0.7644432161617294,0.03689115961911075,0.19866562421915998,-0.5657775919425694
19,1,True,0,0.15783541674977236,0.9327954541479567,-0.3827954541479567,0.8421645760536194,0.0,0.15783542394638062,0.7806304028093749,0.08026161956778562,0.1391079776228395,0.7105731266676723,0.07228024069033809,0.2171466326419897,-0.6415224251865355,-0.49342649402568256,0.3644824953409273,0.7482863649516787,0.050807442058510545,0.20090619298981074,-0.547380171961868
20,4,True,0,0.1385075905024299,0.9976637240031028,-0.4476637240031027,0.861492395401001,0.0,0.13850758969783783,0.9859299364835593,3.572477559869388e-05,0.014034338740842095,0.8654180089009602,8.735896314974053e-08,0.13458190374007675,-0.9718955977427172,-0.7308361051608835,0.2641120958568549,0.8582475160804187,1.9346922805570745e-15,0.14175248391957931,-0.7164950321608394
21,4,True,0,0.14257556409246797,0.9817964952979781,-0.43179649529797803,0.8574244379997253,0.0,0.14257556200027466,0.7309752439966829,0.021000029952680133,0.2480247260506371,0.837545409328055,0.002745117997434184,0.1597094726745109,-0.4829505179460458,-0.677835936653544,0.29031945540336196,0.8318196570735421,0.005545402659284202,0.16263494026717368,-0.6691847168063685
22,4,True,1,0.17070501334162702,0.9000342722994452,-0.35003427229944517,0.0,0.8292949795722961,0.17070502042770386,0.0061964485904303715,0.8163484020358256,0.17745514937374401,0.0001344746795505958,0.8581386618580598,0.14172686346238958,-0.6388932526620816,-0.7164117983956702,0.3315007920781352,7.230291664340857e-07,0.8554216775534199,0.14457759941741372,-0.7108440781360061
23,0,True,1,0.19562216334397986,0.8495365426977518,-0.29953654269775176,0.0,0.8043778538703918,0.19562216103076935,0.2879396332290208,0.31532049609812535,0.39673987067285393,0.2886338656288599,0.31138641731021294,0.39997971706092716,0.08141937457472859,0.08859329975071423,0.41895393544757287,0.33166896598542045,0.28559395347783717,0.3827370805367423,0.09714312705890515
24,4,True,0,0.13827039345882153,0.9986372597710848,-0.4486372597710847,0.861729621887207,0.0,0.13827039301395416,0.9871684879193123,0.0003086696354159064,0.012522842445271748,0.8675718985739606,8.33049871554849e-07,0.13242726837616803,-0.9746456454740405,-0.7351446301977925,0.23699505560427384,0.857945660258298,1.0158634667759486e-11,0.14205433973154316,-0.7158913205267549
25,0,True,0,0.13827917050404648,0.9986011338836283,-0.4486011338836282,0.8617208003997803,0.0,0.13827916979789734,0.9949136395404782,0.0025099399550872234,0.0025764205044347004,0.8920109381709582,3.991585583085583e-05,0.10794914597321101,-0.9923372190360434,-0.7840617921977472,0.3190234607279538,0.910152003716156,4.490544639628181e-16,0.08984799628384361,-0.8203040074323124
26,4,False,0,0.0,0.9261054418610988,-0.37610544186109873,1.0,0.0,0.0,0.8728962031379341,0.12165680629351942,0.005446990568546623,0.79903586651323,0.19964918790045266,0.0013149455863173216,-0.8674492125693876,-0.7977209209269127,0.48373580252790893,0.8224165737508199,0.17757415793922007,9.268309959987995e-06,-0.8224073054408599
27,3,False,1,0.0,0.9920294334782974,-0.4420294334782974,0.0,1.0,0.0,0.0072121473829944525,0.9790182113647372,0.013769641252268294,2.7743304610436404e-05,0.9997312054271984,0.0002410512681912194,-0.9652485701124689,-0.9994901541590072,0.40642293717210104,5.556944176480619e-11,0.9999936587727642,6.341171666333336e-06,-0.9999873176010979
28,2,True,1,0.15346409575472014,0.945465008707168,-0.39546500870716794,0.0,0.8465359210968018,0.15346409380435944,0.00698020811906226,0.9035518949066963,0.0894678969742416,6.025378242366611e-05,0.8751243180238428,0.12481542819373344,-0.8140839979324547,-0.7503088898301093,0.21418617759171082,3.239128917827177e-06,0.8615765320424641,0.1384202288286181,-0.7231563032138459
29,1,False,1,0.0,0.9751635105383551,-0.4251635105383551,0.0,1.0,0.0,0.0027144950873874323,0.99508149523655,0.0022040096760625374,1.526021636955945e-05,0.999332665965106,0.0006520738185245429,-0.9928774855604875,-0.9986805921465814,0.36634424253966225,5.6432902354381855e-06,0.9999469778418202,4.737886794454682e-05,-0.9998995989738756
30,3,True,0,0.1382362113566537,0.9987780266649418,-0.4487780266649417,0.8617637753486633,0.0,0.13823620975017548,0.9998993999452157,8.824368315312457e-06,9.177568646905164e-05,0.8445151047815751,1.767684657379864e-08,0.1554848775415782,-0.9998076242587467,-0.6890302272399969,0.2936898187187517,0.8946642270263045,1.848804950495517e-24,0.10533577297369533,-0.7893284540526092
31,2,True,1,0.1981886021193041,0.8450161845023628,-0.2950161845023628,0.0,0.8018113970756531,0.19818860292434692,0.7106501649688849,0.06834010336209197,0.22100973166902316,0.7585886636930023,0.037101506427316196,0.20430982987968152,0.1526696283069312,0.16720832345236533,0.3614918753534571,0.8007024964169193,0.030922711342230205,0.16837479224085056,0.13745208089862035
32,1,True,1,0.15878169880904897,0.930169693553761,-0.38016969355376096,0.0,0.8412182927131653,0.15878169238567352,0.0016128838255400446,0.8882104044837114,0.11017671169074857,7.869373505547182e-06,0.8464414654012005,0.153550665225294,-0.7780336927929627,-0.6928908001759064,0.3001927083182837,1.05487808600844e-06,0.8643154843726338,0.13568346074928014,-0.7286320236233537
33,2,True,1,0.15452912015120251,0.9422921797796965,-0.39229217977969644,0.0,0.8454709053039551,0.1545291244983673,0.01168138736042525,0.7819403847629276,0.20637822787664714,0.0005258755179211212,0.8512889081199423,0.1481852163621365,-0.5755621568862804,-0.7031036917578057,0.3219621728759272,2.0349799543739136e-05,0.8431358204405015,0.15684382975995464,-0.6862919906805469
34,3,True,1,0.1659572057517602,0.9114341793520553,-0.36143417935205524,0.0,0.8340427875518799,0.16595721244812012,0.0030616730130690246,0.849112909542409,0.14782541744452182,1.1643417751212454e-05,0.8682591972555181,0.13172915932673057,-0.7012874920978872,-0.7365300379287876,0.336867933369221,5.135913745392867e-12,0.8335670855589791,0.16643291443588504,-0.667134171123094
35,4,False,1,0.0,0.9899279505458738,-0.43992795054587375,0.0,1.0,0.0,0.0055635434098897565,0.98217762619987,0.012258830390240182,2.9910089621430973e-05,0.9995691939781048,0.0004008959322735676,-0.9699187958096298,-0.9991682980458313,0.40152002014936966,2.161124919722496e-07,0.9999758251206983,2.3958766809785045e-05,-0.9999518663538884
36,4,True,0,0.2756396611169857,0.7402439727377856,-0.1902439727377856,0.7243603467941284,0.0,0.2756396532058716,0.19611535093469673,0.3965388273284726,0.4073458217368307,0.22459319728852106,0.402297735354323,0.373109067357156,0.21123047080213397,0.14851587006863493,0.3910072358814985,0.24631374800681644,0.3509394075914945,0.40274684440168895,0.15643309639487252
37,4,True,1,0.5000959869728804,0.549928009768958,7.199023104209612e-05,0.0,0.49990400671958923,0.5000959634780884,0.3961243986449611,0.24087277834704776,0.3630028230079912,0.4573628194817742,0.23392559516260922,0.3087115853556166,0.12213004466094343,0.07478599019300738,0.40576370929760086,0.46839719998284,0.19770421477487368,0.33389858524228627,0.1361943704674126
38,4,True,0,0.13969023630715088,0.9928931070173358,-0.44289310701733575,0.8603097796440125,0.0,0.13969023525714874,0.728086089396925,0.03329292247180973,0.23862098813126517,0.8152731640953527,0.007813222287169313,0.17691361361747812,-0.4894651012656598,-0.6383595504778745,0.32772072646962974,0.8216370233710875,0.01035546730338622,0.16800750932552624,-0.6536295140455612
39,2,True,1,0.1427231677156029,0.9812481310873736,-0.4312481310873736,0.0,0.8572768568992615,0.1427231729030609,0.002647844585398732,0.9003186964194152,0.09703345899518612,1.7203909366762296e-05,0.8189123896522755,0.18107040643835773,-0.8032852374242291,-0.6378419832139178,0.21484072481506694,2.480335722218792e-07,0.8272336372348824,0.1727661147315454,-0.654467522503337
40,4,True,1,0.1449283766718838,0.9732614526724147,-0.42326145267241466,0.0,0.8550716042518616,0.14492838084697723,0.0027447029790382896,0.8871798967067306,0.11007540031423113,1.2099668940224306e-05,0.8406042178220773,0.15938368250898252,-0.7771044963924995,-0.6812205353130948,0.2650238011488212,1.4018193243033595e-08,0.8874775860678603,0.11252239991394647,-0.7749551861539139
41,2,False,0,0.0,0.9641567331433587,-0.41415673314335866,1.0,0.0,0.0,0.9934891776292876,0.006388590554022386,0.00012223181669003942,0.9990623091146705,0.00045610334884793743,0.0004815875364815484,-0.9933669458125975,-0.998580721578189,0.4364831920175719,0.9993551369737623,0.0006392129301891475,5.65009604850252e-06,-0.9993494868777139
42,3,True,1,0.18386932635116243,0.8716904059750423,-0.3216904059750423,0.0,0.8161306977272034,0.18386933207511902,0.19414083236098917,0.40730528497989543,0.3985538826591154,0.22368801214857614,0.3696874193426536,0.4066245685087703,-0.008751402320780033,0.036937149166116734,0.3694841145118582,0.2138910422662279,0.38730302396190713,0.39880593377186496,0.011502909809957829
43,1,False,0,0.0,0.9479353693958872,-0.39793536939588714,1.0,0.0,0.0,0.9357317201344537,0.0625481709929226,0.0017201088726237143,0.9303352614002641,0.06885466552101732,0.0008100730787185868,-0.93401161126183,-0.9295251883215455,0.48955086111768387,0.9016957713830631,0.09830132902832915,2.899588607635901e-06,-0.9016928717944555
44,3,False,0,0.0,0.9750127157054449,-0.42501271570544485,1.0,0.0,0.0,0.9809380703847983,0.018680540702621595,0.0003813889125802828,0.9964500533198286,0.0028106914091152978,0.0007392552710561979,-0.980556681472218,-0.9957107980487724,0.45635809303196045,0.9999675408162815,1.8534138670328274e-05,1.3925045048424134e-05,-0.9999536157712331
45,0,True,0,0.2042680392286863,0.8346999382675498,-0.2846999382675498,0.7957319617271423,0.0,0.20426803827285767,0.6283040409813988,0.10529756478410954,0.2663983942344917,0.6419801030211599,0.12398496191278816,0.2340349350660519,-0.3619056467469071,-0.40794516795510805,0.3686212551512634,0.6429604051032695,0.12665147009299893,0.23038812480373164,-0.41257228029953785
46,4,True,0,0.13885866885625836,0.9962331804667848,-0.44623318046678473,0.8611413240432739,0.0,0.13885867595672607,0.8958607075426295,0.0008760651424043635,0.10326322731496604,0.8704156907048503,1.4957892065182986e-05,0.12956935140308454,-0.7925974802276634,-0.7408463393017657,0.3250162673121448,0.8718214079661956,1.4312034628951775e-08,0.12817857772176988,-0.7436428302444257
47,0,True,1,0.1491607895783002,0.9589142773357157,-0.4089142773357156,0.0,0.8508391976356506,0.14916078746318817,0.0072892589754091795,0.8030355258182194,0.18967521520637154,0.00014535773304588987,0.8504196229441167,0.14943501932283743,-0.6133603106118478,-0.7009846036212792,0.34006635244375044,5.7001952855039377e-05,0.8857623671796598,0.11418063086748517,-0.7715817363121746
48,3,False,1,0.0,0.9806802795219415,-0.43068027952194143,0.0,1.0,0.0,0.0023059091313446544,0.9963408473704544,0.00135324349820097,1.5204002102145977e-05,0.9992142508373464,0.0007705451605514581,-0.9949876038722534,-0.998443705676795,0.36942044455634854,4.197388603927999e-14,0.9999664083966687,3.359160328924996e-05,-0.9999328167933795
49,0,False,1,0.0,0.9835412539954715,-0.4335412539954715,0.0,1.0,0.0,0.010666438709126322,0.9844247689708074,0.004908792320066254,0.000599742109416291,0.9986323615154553,0.0007678963751285628,-0.9795159766507412,-0.9978644651403268,0.37835668393616373,0.0003649167656355069,0.9996198718712878,1.5211363076697655e-05,-0.9996046605082111
50,4,True,0,0.17652500160833862,0.8869672724728956,-0.3369672724728956,0.8234750032424927,0.0,0.17652499675750732,0.3589534358947004,0.2526676548992074,0.3883789092060922,0.41249031586590895,0.2585396343375957,0.3289700497964953,0.02942547331139178,-0.08352026606941365,0.41291007618772113,0.44454515218800833,0.20845376406955207,0.3470010837424396,-0.09754406844556873
51,2,True,1,0.14994993269699897,0.9563678204530032,-0.4063678204530031,0.0,0.8500500917434692,0.14994993805885315,0.0031675496076733487,0.8636761429875133,0.13315630740481343,3.532305565489909e-05,0.8479314569211409,0.15203322002320413,-0.7305198355826998,-0.6958982368979367,0.29009163607447996,4.4343363686420617e-07,0.8248903217053475,0.17510923486101573,-0.6497810868443318
52,2,True,0,0.13890481310209313,0.9960460687413807,-0.44604606874138064,0.8610951900482178,0.0,0.13890480995178223,0.9093972430679281,0.001574629208199251,0.08902812772387267,0.8710656187872376,1.5552265081387413e-05,0.12891882894768078,-0.8203691153440554,-0.7421467898395568,0.34707991800471816,0.874372388339998,0.00012207332010290007,0.12550553833989908,-0.7488668500000989
53,4,True,1,0.1700814905199407,0.9014911272737932,-0.35149112727379317,0.0,0.8299185037612915,0.1700814962387085,0.08486391661360233,0.6023175185212968,0.3128185648651009,0.03586673890889984,0.7252697015750145,0.23886355951608582,-0.2894989536561959,-0.4864061420589286,0.2614015811428165,0.014820481921615135,0.7299278038034464,0.2552517142749385,-0.47467608952850787
54,4,False,1,0.0,0.9587128420090807,-0.40871284200908065,0.0,1.0,0.0,0.00988984878514038,0.9871113106643483,0.0029988405505114203,0.0003368534197972121,0.9987739032584206,0.0008892433217822465,-0.9841124701138368,-0.9978846599366384,0.38663953912526744,1.1546528743844785e-06,0.9999731798909756,2.5665456150046272e-05,-0.9999475144348255
55,1,False,1,0.0,0.9715009364845482,-0.4215009364845481,0.0,1.0,0.0,0.008488120884159836,0.9908765990367433,0.0006352800790967961,0.0007026578786169006,0.9980601333124972,0.0012372088088859446,-0.9902413189576466,-0.9968229245036113,0.4157397628770618,0.00013626619592144144,0.9997780462450933,8.568755898554739e-05,-0.9996923586861077
56,4,False,0,0.0,0.990199551493082,-0.440199551493082,1.0,0.0,0.0,0.9995379484622331,0.00043371070961219113,2.8340828154874616e-05,0.9992319100991605,1.6561499007131998e-05,0.0007515284018323442,-0.9995096076340783,-0.9984803816973281,0.42302085917520377,0.9999785558556237,5.50635705164026e-13,2.144414382568049e-05,-0.999957111711798
57,0,True,0,0.15970363701444518,0.9276486484729601,-0.3776486484729601,0.8402963876724243,0.0,0.15970364212989807,0.5969864778057838,0.10181045754475178,0.30120306464946445,0.6638945234128077,0.09770368921644819,0.23840178737074397,-0.2957834131563194,-0.4254927360420638,0.345448588953331,0.6617374235991961,0.11242913726243842,0.22583343913836554,-0.43590398446083056
58,0,True,1,0.3336827505310743,0.6827785006137393,-0.1327785006137393,0.0,0.6663172245025635,0.33368274569511414,0.22873891859974677,0.384267248497482,0.38699383290277123,0.2037142525580068,0.3421996204132082,0.4540861270287849,0.002726584405289223,0.1118865066155767,0.3656238092626249,0.23136985562860926,0.3486578576416027,0.4199722867297881,0.07131442908818542
59,4,False,1,0.0,0.9672025823294294,-0.4172025823294293,0.0,1.0,0.0,0.014080680701898638,0.9799447657719709,0.005974553526130536,0.0006022066163625513,0.9985833940280967,0.0008143993555407292,-0.9739702122458403,-0.997768994672556,0.3836834883987151,5.3318750311939175e-06,0.9999724682984821,2.2199826486824734e-05,-0.9999502684719952
60,3,True,0,0.13862414130839523,0.9971874450250001,-0.4471874450250001,0.8613758683204651,0.0,0.1386241465806961,0.983636492216213,0.0004263738965634301,0.015937133887223558,0.8566047654019581,7.411214042981086e-06,0.14338782338399894,-0.9676993583289895,-0.7132169420179592,0.24807271324559813,0.8669970359622148,1.74277867230728e-14,0.13300296403776762,-0.7339940719244471
61,3,False,1,0.0,0.9844256769823115,-0.4344256769823115,0.0,1.0,0.0,0.0017616585012441483,0.9837886702423685,0.014449671256387403,1.0909758961325029e-06,0.9998196666888639,0.0001792423352398915,-0.9693389989859811,-0.999640424353624,0.38317206101688994,2.611579351106415e-14,0.9999248194435914,7.518055638248103e-05,-0.9998496388872089
62,2,False,1,0.0,0.6978387305640433,-0.14783873056404329,0.0,1.0,0.0,0.4794634994017744,0.42368413012113004,0.0968523704770955,0.6071448873208617,0.39106757099256056,0.0017875416865777794,-0.32683175964403455,-0.38928002930598277,0.48827210736141896,0.6109985458875198,0.38821911744873516,0.000782336663745066,-0.3874367807849901
63,1,True,1,0.17366902544088542,0.8932635050298142,-0.3432635050298142,0.0,0.8263309597969055,0.1736690253019333,0.14146385558052635,0.6769503308945345,0.18158581352493913,0.029321009996753897,0.7979918360305414,0.1726871539727048,-0.49536451736959536,-0.6253046820578365,0.265921772485464,0.02384337654690981,0.7459330662061173,0.2302235572469728,-0.5157095089591446
64,2,True,1,0.4901604227321506,0.5573811719932862,-0.00738117199328614,0.0,0.5098395943641663,0.49016043543815613,0.2820763676618844,0.31724983241911636,0.4006737999189992,0.3005478185243627,0.3331751229025211,0.3662770585731162,0.08342396749988285,0.033101935670595106,0.41949985777842036,0.32838268042420693,0.27792505771677495,0.3936922618590182,0.11576720414224323
65,0,False,1,0.0,0.8473326432389668,-0.2973326432389668,0.0,1.0,0.0,0.7441620455610108,0.229854149660453,0.025983804778536197,0.7227369629101535,0.2759061454940235,0.0013568915958228637,-0.2038703448819168,-0.2745492538982006,0.4987527132728292,0.7300271974448944,0.26991148025227935,6.132230282632774e-05,-0.269850157949453
66,2,False,0,0.0,0.9963133969089378,-0.4463133969089378,1.0,0.0,0.0,0.999930058858013,6.531412695450552e-05,4.6270150324483365e-06,0.9993571292583637,5.066860363580435e-07,0.0006423640555998599,-0.9999254318429805,-0.9987147652027639,0.4216414931460048,0.9999863017797509,7.307397799731381e-07,1.2967480469120998e-05,-0.9999733342992818
67,0,False,1,0.0,0.9739286109917756,-0.4239286109917756,0.0,1.0,0.0,0.0020595704540517594,0.9967570099286112,0.0011834196173369797,4.59715825637218e-05,0.9989663168670668,0.000987711550369186,-0.9955735903112741,-0.9979786053166977,0.36991706443320416,1.2430497728114006e-05,0.9998916212407699,9.594826150190971e-05,-0.999795672979268
68,1,False,1,0.0,0.9859270080561116,-0.4359270080561115,0.0,1.0,0.0,0.0037740158229234697,0.9926157350005054,0.0036102491765710155,2.189251754637984e-05,0.9993956170424141,0.0005824904400396107,-0.9890054858239343,-0.9988131266023744,0.37103795370140935,1.3025617863361787e-05,0.9999599998527556,2.6974529380860298e-05,-0.9999330253233748
69,4,False,0,0.0,0.9814357017170758,-0.4314357017170758,1.0,0.0,0.0,0.9833022022693608,0.016400244106851918,0.00029755362378713196,0.996193302529242,0.0030941903954941332,0.0007125070752638948,-0.9830046486455737,-0.995480795453978,0.4601775732451481,0.9999623859170352,3.5868488683592646e-05,1.7455942812411054e-06,-0.999960640322754
70,4,False,0,0.0,0.8789702181222038,-0.32897021812220373,1.0,0.0,0.0,0.42317608080628216,0.49180369871842233,0.0850202204752956,0.45792528712160174,0.5407237513871711,0.0013509614912272047,-0.33815586033098655,-0.45657432563037453,0.4911420369238176,0.4788886022537169,0.5209265574519503,0.0001848402943329153,-0.47870376195938397
71,0,False,0,0.0,0.981132042637916,-0.43113204263791594,1.0,0.0,0.0,0.9660681944490724,0.03319311443058908,0.0007386911203384596,0.9858407256329399,0.013399219726988994,0.0007600546400710852,-0.965329503328734,-0.9850806709928688,0.48310046719811395,0.9999109652088511,8.793540386853974e-05,1.0993872801502844e-06,-0.999909865821571
72,3,False,1,0.0,0.9752206615559437,-0.4252206615559436,0.0,1.0,0.0,0.005044524161127148,0.9937542095922993,0.0012012662465735538,0.00010724956045424497,0.9988699153392614,0.001022835100284371,-0.9925529433457257,-0.9978470802389771,0.38553883443370124,3.7909602304305966e-12,0.9999817771823897,1.8222813819489272e-05,-0.9999635543685702
73,1,True,1,0.22352256546050314,0.805071285281604,-0.25507128528160394,0.0,0.7764774560928345,0.22352255880832672,0.3888316518627164,0.3174760856089914,0.29369226252829217,0.31837643505127516,0.3072783019052552,0.3743452630434697,-0.023783823080699207,0.06706696113821453,0.3929387179125984,0.22611760470845096,0.4092561527420747,0.3646262425494744,-0.04462991019260032
74,3,False,1,0.0,0.9774343798942589,-0.4274343798942588,0.0,1.0,0.0,0.011545920141244101,0.9769655986933806,0.011488481165375283,0.0001285119297068951,0.9994949315797406,0.00037655649055258743,-0.9654771175280054,-0.999118375089188,0.40305109981488185,8.434479520568401e-10,0.9999950743240569,4.9248324949894965e-06,-0.9999901494915618
75,0,True,0,0.13853784026948351,0.9975399784909955,-0.44753997849099547,0.8614621758460999,0.0,0.13853783905506134,0.9929273295600218,1.8981412438789528e-06,0.007070772298734478,0.8367097553870758,9.942456085353673e-08,0.1632901451883633,-0.9858565572612874,-0.6734196101987125,0.2875778165639903,0.906666800857756,7.783938908563154e-40,0.09333319914224403,-0.813333601715512
76,0,False,1,0.0,0.9860973961582832,-0.43609739615828313,0.0,1.0,0.0,0.006179685906426492,0.9892915577607487,0.004528756332824549,0.0001777960407276659,0.999101311567464,0.0007208923918082601,-0.9847628014279242,-0.9983804191756557,0.37686438024324553,0.0001126603907713494,0.9998715805734472,1.5759035781372032e-05,-0.9998558215376658
77,3,True,0,0.2843102796255571,0.7309183744348664,-0.18091837443486636,0.7156897187232971,0.0,0.2843102812767029,0.24905647319911056,0.3453831995524841,0.40556032724840546,0.2708428589834434,0.2717378286995638,0.4574193123169928,0.1565038540492949,0.18657645333354939,0.4101359305721576,0.2576052630417495,0.3275516689439924,0.4148430680142581,0.15723780497250855
78,3,False,0,0.0,0.8902290393494401,-0.34022903934944004,1.0,0.0,0.0,0.5085359022463709,0.3950985595984468,0.09636553815518224,0.6273988338123065,0.37085156887566456,0.0017495973120290045,-0.4121703640911887,-0.6256492365002776,0.48622224772468103,0.5533719168609689,0.44489483308503386,0.0017332500539973387,-0.5516386668069715
79,3,False,0,0.0,0.9932690070609597,-0.4432690070609596,1.0,0.0,0.0,0.9999806728110239,1.3875104043089474e-05,5.452084933105283e-06,0.9988842505433777,8.993799641318342e-07,0.001114850076658018,-0.9999752207260908,-0.9977694004667197,0.39824636114497153,0.9998487206580811,1.5084286409514208e-23,0.0001512793419189017,-0.9996974413161621
80,2,False,0,0.0,0.9670563502311729,-0.4170563502311728,1.0,0.0,0.0,0.9399019072241627,0.05856201161878479,0.0015360811570525928,0.9453032049073559,0.05378335216793386,0.0009134429247104202,-0.93836582606711,-0.9443897619826455,0.48862031479849766,0.9425865631298483,0.057403364593852715,1.0072276298928116e-05,-0.9425764908535494
81,2,False,1,0.0,0.9293726519956671,-0.37937265199566705,0.0,1.0,0.0,0.6493499217147213,0.30749600582835784,0.04315407245692091,0.7147104210147391,0.2836104422528173,0.0016791367324435385,-0.2643419333714369,-0.28193130552037377,0.48523778737494955,0.7598907505813622,0.23972389149425638,0.00038535792438136043,-0.23933853356987503
82,1,True,1,0.23795408725147604,0.7852620969120172,-0.23526209691201716,0.0,0.7620459198951721,0.23795408010482788,0.4233656931175765,0.2818388731911593,0.29479543369126426,0.32122219867500384,0.36948919425707033,0.3092886070679258,0.012956560500104963,-0.060200587189144505,0.4137380001086363,0.29782309155489184,0.3635770083932327,0.33859990005187546,-0.024977108341357246
83,3,True,0,0.36947866635092386,0.651605641655162,-0.10160564165516195,0.6305213570594788,0.0,0.36947867274284363,0.3172964028510448,0.3768883074098517,0.3058152897391035,0.2524783571696592,0.39899535288476123,0.34852628994557966,-0.011481113111941332,0.09604793277592044,0.40066896820832476,0.2586628093960257,0.39883487668856776,0.3425023139154066,0.08383950451938088
84,0,False,1,0.0,0.8955086415069909,-0.3455086415069909,0.0,1.0,0.0,0.29075924429770755,0.6078639940038797,0.10137676169841285,0.23417924865519185,0.7650889213807047,0.0007318299641036024,-0.5064872323054669,-0.7643570914166011,0.4735585782702242,0.23659399337344553,0.7633581500866861,4.7856539868299395e-05,-0.7633102935468178
85,1,False,1,0.0,0.9712387698232933,-0.4212387698232932,0.0,1.0,0.0,0.0030526561807888647,0.9870690471910375,0.009878296628173619,5.564786517581275e-06,0.999662650046525,0.0003317851669572849,-0.9771907505628639,-0.9993308648795677,0.3869225082064918,1.6899555358824238e-05,0.9999498450847495,3.3255359891684555e-05,-0.9999165897248578
86,1,True,0,0.1401671634825094,0.99100729361372,-0.44100729361371993,0.8598328232765198,0.0,0.14016716182231903,0.7848735828523327,0.010618422125861327,0.20450799502180597,0.8524690781392614,0.001142627847445367,0.14638829401329317,-0.5803655878305267,-0.7060807841259682,0.30619127483745084,0.8280435436999071,0.003014923139590561,0.1689415331605024,-0.6591020105394046
87,3,True,0,0.1579737808476096,0.9324090586510734,-0.38240905865107333,0.8420262336730957,0.0,0.1579737812280655,0.7017332309336265,0.08596754098742886,0.21229922807894464,0.679650797706487,0.1102008560900792,0.21014834620343395,-0.48943400285468186,-0.46950245150305303,0.36972184471264447,0.6541877402158617,0.13253958953583567,0.21327267024830263,-0.440915069967559
88,3,True,1,0.15601400032370472,0.9379630827620945,-0.38796308276209446,0.0,0.8439859747886658,0.15601399540901184,0.01511293795365325,0.9021869685054213,0.08270009354092543,0.00033677412098503565,0.8801630728202327,0.11950015305878228,-0.8194868749644959,-0.7606629197614504,0.18624210528631316,2.2462724869519176e-08,0.8564528862449924,0.1435470912922826,-0.7129057949527098
89,4,True,0,0.13867979422016208,0.9969605032899925,-0.4469605032899925,0.8613201975822449,0.0,0.13867978751659393,0.9062081250595563,0.0012366662548819849,0.0925552086855617,0.8717290686464041,2.7235295842523208e-05,0.12824369605775343,-0.8136529163739946,-0.7434853725886507,0.3466863204761407,0.8669432957029976,4.4210539969769054e-08,0.1330566600864626,-0.733886635616535
90,4,False,0,0.0,0.997160080993963,-0.447160080993963,1.0,0.0,0.0,0.9999022968469621,9.392747896377202e-05,3.7756740739674162e-06,0.9990702968427552,1.6443664405079545e-06,0.000928058790804234,-0.9998985211728881,-0.9981422380519509,0.4294880230806042,0.9999835882826448,1.2741705610169296e-16,1.6411717354987206e-05,-0.9999671765652898
91,4,True,0,0.1385059640391194,0.9976703801408602,-0.44767038014086014,0.8614940643310547,0.0,0.1385059654712677,0.9809281535445018,9.473143041647023e-06,0.01906237331245665,0.8600235758613076,3.314055160810494e-08,0.13997639099814083,-0.9618657802320452,-0.7200471848631668,0.36189137666515714,0.8686339717622789,1.6565568097975068e-17,0.13136602823772114,-0.7372679435245577
92,1,False,1,0.0,0.9899754196958969,-0.4399754196958968,0.0,1.0,0.0,0.005714501291630205,0.9898864597960086,0.004399038912361144,4.8982863199147977e-05,0.9993482795264077,0.000602737610393085,-0.9854874208836475,-0.9987455419160146,0.37595547132132545,3.0189054726370762e-05,0.9999563475391213,1.34634061521817e-05,-0.9999428841329692
93,1,False,0,0.0,0.9786080040410493,-0.42860800404104926,1.0,0.0,0.0,0.9990245909098666,0.0009216046234422767,5.380446669115255e-05,0.9992548789187311,6.682461597549355e-05,0.0006782964652932768,-0.9989707864431755,-0.9985765824534378,0.42513495398116874,0.999988059902665,1.0661796892591938e-05,1.2783004423512241e-06,-0.9999867816022227
94,1,False,0,0.0,0.33922723566905744,0.2107727643309426,1.0,0.0,0.0,0.864447324350705,0.12911153185583063,0.006441143793464249,0.8199061563804105,0.17906113114343272,0.0010327124761566927,-0.8580061805572408,-0.8188734439042539,0.4858825758369377,0.7954612764777853,0.20452412694905964,1.4596573155165131e-05,-0.7954466799046301
95,4,False,1,0.0,0.9771726121679656,-0.42717261216796554,0.0,1.0,0.0,0.02134017206523254,0.9591693841897255,0.019490443745041934,0.0007560563582959029,0.9987212035998121,0.0005227400418920464,-0.9396789404446836,-0.9981984635579201,0.41377964719603105,2.656755925492135e-05,0.9999659511221101,7.481318634961941e-06,-0.9999584698034751
96,2,False,1,0.0,0.9777200244845375,-0.4277200244845375,0.0,1.0,0.0,0.01871847411480184,0.9711040772304862,0.010177448654711907,0.0005095014620703184,0.9989281512751955,0.0005623472627340369,-0.9609266285757743,-0.9983658040124614,0.3914090322566871,5.216803468488741e-05,0.9998548385131918,9.299345212330429e-05,-0.9997618450610685
97,0,False,0,0.0,0.9730954313510861,-0.42309543135108607,1.0,0.0,0.0,0.988083755338821,0.011699109233361118,0.00021713542781812484,0.9974157261903666,0.0017487498975857182,0.000835523912047664,-0.9878666199110029,-0.9965802022783189,0.4405277760166033,0.9999993388103039,1.2689600068680282e-09,6.599207360650309e-07,-0.9999986788895678
98,2,False,0,0.0,0.980270773974937,-0.43027077397493696,1.0,0.0,0.0,0.9993656899453652,0.0006089064689288324,2.540358570599213e-05,0.9994889427648418,1.4032210240714448e-05,0.0004970250249177148,-0.9993402863596592,-0.9989919177399241,0.4296248422643477,0.9999703592460556,2.0045538286070284e-05,9.59521565824883e-06,-0.9999607640303974
99,3,False,1,0.0,0.9796723792946275,-0.4296723792946274,0.0,1.0,0.0,0.005338079978198138,0.9820402222456945,0.012621697776107207,1.395878478484804e-05,0.9997608423879523,0.00022519882726282348,-0.9694185244695873,-0.9995356435606895,0.40173644785277157,1.007816167503065e-11,0.9999905906044607,9.409385461100058e-06,-0.9999811812189996
100,1,True,0,0.3376142361206555,0.6792309287486062,-0.1292309287486062,0.6623857617378235,0.0,0.3376142382621765,0.3539931566900626,0.27181118181243175,0.37419566149750566,0.29323841240080123,0.36174135015974634,0.3450202374394524,0.020202504807443067,0.0517818250386512,0.4176893256015529,0.2640070323615364,0.37379237075093796,0.3622005968875257,0.09819356452598932
101,0,False,0,0.0,0.9764743892344655,-0.42647438923446546,1.0,0.0,0.0,0.9884614811688304,0.011327619585157324,0.0002108992460123216,0.9974875122870945,0.0016729811792684345,0.0008395065336370315,-0.988250581922818,-0.9966480057534575,0.43935785957015205,0.9999993171783996,8.917780336389342e-10,6.819298223957368e-07,-0.9999986352485772
102,0,False,1,0.0,0.9742936447438079,-0.4242936447438078,0.0,1.0,0.0,0.0008530564778160306,0.9776487790150791,0.021498164507105042,9.704012581268777e-07,0.9997654764516132,0.00023355314712858281,-0.956150614507974,-0.9995319233044846,0.3987166595052499,1.1661676932186018e-06,0.9993819816535413,0.0006168521787654573,-0.9987651294747758
103,2,False,0,0.0,0.6150104376710481,-0.06501043767104808,1.0,0.0,0.0,0.7246871801216225,0.2447018285913251,0.030610991287052414,0.6863510818711358,0.31180701454665094,0.0018419035822132284,-0.6940761888345701,-0.6845091782889225,0.5020407004495147,0.749420937110183,0.25037919312381623,0.00019986976600058388,-0.7492210673441824
104,0,True,1,0.4096164916586834,0.618978002070126,-0.06897800207012594,0.0,0.5903835296630859,0.40961650013923645,0.31517612800155415,0.4828575410280161,0.20196633097042974,0.22285077531040146,0.6638137523017527,0.11333547238784597,-0.2808912100575863,-0.5504782799139067,0.42071487539113334,0.21042689506212328,0.4989775264992486,0.2905955784386281,-0.2083819480606205
105,3,True,1,0.18887130337457675,0.8619496191417857,-0.31194961914178565,0.0,0.8111286759376526,0.18887130916118622,0.05382003008958268,0.6106362133680274,0.3355437565423899,0.01384855156707414,0.724066298723096,0.2620851497098298,-0.27509245682563754,-0.4619811490132662,0.34107151718013673,0.0004706564830440604,0.8113954004547163,0.18813394306223974,-0.6232614573924765
106,4,False,1,0.0,0.9806371703308566,-0.4306371703308566,0.0,1.0,0.0,0.0657201499105153,0.9015127260893291,0.03276712400015578,0.013961204673673809,0.9853478399773783,0.0006909553489480381,-0.8687456020891733,-0.9846568846284303,0.4180954721545186,0.003568689510124594,0.9963929147218961,3.8395767979473175e-05,-0.9963545189539166
107,3,False,0,0.0,0.9343389584901522,-0.3843389584901522,1.0,0.0,0.0,0.9884168971746228,0.011359117427707502,0.00022398539766971997,0.9979224277064977,0.001282405625710148,0.0007951666677921999,-0.988192911776953,-0.9971272610387055,0.43695460113380735,0.9999834309303379,6.252477840402508e-07,1.5943821878188502e-05,-0.9999674871084597
108,4,False,1,0.0,0.9923966606535153,-0.44239666065351524,0.0,1.0,0.0,0.0055024049625719,0.9881051505191124,0.006392444518315743,4.722738929742081e-05,0.9993814254765764,0.0005713471341261576,-0.9817127060007966,-0.9988100783424502,0.38323176318920316,1.6301423888298377e-07,0.9999751749706408,2.4662015120299017e-05,-0.9999505129555205
109,4,True,0,0.13903218305788395,0.9955306831056581,-0.445530683105658,0.8609678149223328,0.0,0.13903218507766724,0.9939122116220716,0.0005462095652857973,0.005541578812642535,0.8778306727200884,1.7514811479582297e-06,0.12216757579876372,-0.988370632809429,-0.7556630969213247,0.30085085104236287,0.8648532126284473,7.027378415677972e-11,0.13514678730127888,-0.7297064253271683
110,0,False,1,0.0,0.9610210045554824,-0.4110210045554824,0.0,1.0,0.0,0.19359008438373693,0.7282544045145889,0.07815551110167428,0.10038150938110292,0.8990583487216443,0.0005601418972528624,-0.6500988934129146,-0.8984982068243914,0.4331232733787698,0.09671002904692627,0.903257811290222,3.215966285175349e-05,-0.9032256516273702
111,0,False,1,0.0,0.7995060550026047,-0.2495060550026047,0.0,1.0,0.0,0.08204614947731484,0.8635867628591981,0.05436708766348706,0.011273685310807384,0.9883875582741887,0.00033875641500401575,-0.809219675195711,-0.9880488018591846,0.43148492774217423,0.01400390519939796,0.985991660421183,4.434379418985703e-06,-0.985987226041764
112,4,True,1,0.1814254125808215,0.8766373137828818,-0.32663731378288174,0.0,0.8185746073722839,0.18142540752887726,0.010622612276387788,0.8204757645046085,0.16890162321900373,0.0004765436662117891,0.8412369174006489,0.15828653893313935,-0.6515741412856048,-0.6829503784675095,0.2305429866507228,4.404687905165117e-06,0.8411471094935179,0.158848485818577,-0.6822986236749409
113,4,False,0,0.0,0.9816118736481374,-0.43161187364813736,1.0,0.0,0.0,0.9759842478920284,0.023573567487625034,0.00044218462034665673,0.9917230281613806,0.007553664628742538,0.0007233072098769033,-0.9755420632716818,-0.9909997209515037,0.4740067790800363,0.9997031210346522,0.00029523806806510056,1.6408972825812701e-06,-0.9997014801373696
114,1,True,0,0.1397140909595591,0.992798274687235,-0.442798274687235,0.8602859377861023,0.0,0.1397140920162201,0.9226914311403724,0.007481814501259003,0.06982675435836859,0.8735347422126036,0.000349577543831778,0.1261156802435646,-0.8528646767820038,-0.7474190619690391,0.29221803989055195,0.8631472889032146,0.0010681608076184201,0.13578455028916692,-0.7273627386140477
115,0,False,0,0.0,0.9888229953165317,-0.4388229953165317,1.0,0.0,0.0,0.9799189489200544,0.019714406465785782,0.0003666446141599767,0.9952315830449973,0.004126239354916432,0.0006421776000865616,-0.9795523043058944,-0.9945894054449107,0.46590622677237914,0.9999990863508464,3.975897206781166e-07,5.160594327982064e-07,-0.9999985702914136
116,0,True,0,0.13828874431963267,0.9985617374980715,-0.4485617374980715,0.8617112636566162,0.0,0.13828875124454498,0.991336348460829,0.0005395574387712404,0.008124094100399852,0.8788701175214051,4.639490637956476e-06,0.1211252429879569,-0.9832122543604291,-0.7577448745334482,0.2731439429039342,0.8872483422335227,7.657443836675004e-21,0.11275165776647739,-0.7744966844670453
117,0,True,1,0.3776829839284971,0.6447691894907673,-0.09476918949076729,0.0,0.6223170161247253,0.37768298387527466,0.16356418450155624,0.5750461488755436,0.2613896666229002,0.061026830720900614,0.6845963298270261,0.2543768394520733,-0.3136564822526434,-0.43021949037495283,0.2418743236618169,0.06649130993766414,0.6629945941176747,0.27051409594466097,-0.3924804981730137
118,3,False,0,0.0,0.6734340588596291,-0.1234340588596291,1.0,0.0,0.0,0.3923317987423261,0.5268723064885908,0.08079589476908307,0.40485492814728213,0.5936280379371899,0.0015170339155279645,-0.31153590397324304,-0.40333789423175415,0.4899915439439787,0.3907764744344689,0.6083191717907289,0.000904353774802138,-0.38987212065966675
119,4,False,1,0.0,0.9562448127595157,-0.4062448127595156,0.0,1.0,0.0,0.09030386888469917,0.8745167554762432,0.03517937563905775,0.03571256579870518,0.963362039540232,0.0009253946610627634,-0.8393373798371855,-0.9624366448791692,0.4177888554206248,0.014974239175927903,0.9849361205191682,8.964030490385954e-05,-0.9848464802142644
120,4,False,0,0.0,0.9734726540334536,-0.4234726540334536,1.0,0.0,0.0,0.981062702351245,0.01856296663027628,0.00037433101847872245,0.9955520399367096,0.0037259502134820103,0.0007220098498082521,-0.9806883713327663,-0.9948300300869013,0.4571205748789067,0.9999208889138486,7.699914385537776e-05,2.111942296124172e-06,-0.9999187769715524
121,1,False,1,0.0,0.8304270220552399,-0.28042702205523984,0.0,1.0,0.0,0.19120095529201567,0.747743046057064,0.06105599865092032,0.20689941421474878,0.7918181434624693,0.0012824423227819103,-0.6866870474061437,-0.7905357011396873,0.4247678635776448,0.1973774009642279,0.8025642142613179,5.838477445414545e-05,-0.8025058294868637
122,4,False,0,0.0,0.921742720182926,-0.371742720182926,1.0,0.0,0.0,0.784142849752873,0.20088767680190395,0.014969473445223123,0.7174251200937307,0.2810860393237516,0.0014888405825177634,-0.7691733763076498,-0.715936279511213,0.48387976386900944,0.7701186638766546,0.22985794323177916,2.3392891566141694e-05,-0.7700952709850885
123,3,False,1,0.0,0.9733338173655368,-0.42333381736553677,0.0,1.0,0.0,0.02820620092204637,0.9630344188308125,0.008759380247140854,0.0025377062204890257,0.9966677512113342,0.0007945425681767477,-0.9542750385836717,-0.9958732086431574,0.40180960438852786,4.7109991804979553e-07,0.9999726828235477,2.6846076534373616e-05,-0.9999458367470133
124,0,False,1,0.0,0.9555940568279244,-0.4055940568279244,0.0,1.0,0.0,0.032357309921465745,0.9571968858477481,0.010445804230786122,0.00415210910419608,0.9952778478962128,0.0005700429995911585,-0.946751081616962,-0.9947078048966216,0.4034975751779962,0.003889663193719586,0.9960887606746178,2.157613166246487e-05,-0.9960671845429554
125,4,True,1,0.5794127886650615,0.489638852732902,0.06036114726709807,0.0,0.4205872118473053,0.5794128179550171,0.2893646632163952,0.30727279792637896,0.40336253885722584,0.3089013502274269,0.3398518595945319,0.3512467901780412,0.09608974093084688,0.011394930583509322,0.4259604455740623,0.36289371621822875,0.247566775458348,0.3895395083234233,0.14197273286507534
126,2,False,0,0.0,0.9738569134677411,-0.423856913467741,1.0,0.0,0.0,0.9487096726878971,0.050106599942080464,0.0011837273700223382,0.9606743435623418,0.038508938461099707,0.000816717976558532,-0.9475259453178747,-0.9598576255857832,0.48606727015020057,0.9581561636072762,0.04183587901686114,7.957375862732233e-06,-0.9581482062314135
127,2,True,1,0.14917704361324657,0.9588614438144833,-0.4088614438144833,0.0,0.8508229851722717,0.14917704463005066,0.005829096294618594,0.8766777217539021,0.11749318195147933,7.136138029686435e-05,0.8348662652307034,0.1650623733889998,-0.7591845398024228,-0.6698038918417036,0.21640024542421005,2.337308683107535e-06,0.8415507096591919,0.1584469530321251,-0.6831037566270668
128,0,False,0,0.0,0.9859995425646517,-0.4359995425646517,1.0,0.0,0.0,0.9960809373647029,0.0038271243397057842,9.193829559132312e-05,0.9987208272424315,0.00045256652625084054,0.0008266062313176438,-0.9959889990691116,-0.9978942210111138,0.4356235775249754,0.999999035499643,4.6492859573349213e-14,9.645003107205602e-07,-0.9999980709993322
129,3,False,1,0.0,0.8719570289551434,-0.32195702895514333,0.0,1.0,0.0,0.2843544356062171,0.6257329782316976,0.08991258616208526,0.23726459851854567,0.7615596168217399,0.0011757846597144456,-0.5358203920696123,-0.7603838321620254,0.46623951436539884,0.2401986597164044,0.7593567620700833,0.00044457821351235124,-0.7589121838565709
130,4,True,0,0.13932300532074077,0.9943598641772323,-0.4443598641772323,0.8606770038604736,0.0,0.13932301104068756,0.8998140741446594,0.0028254396850136442,0.09736048617032687,0.87078123964124,9.558337691006429e-05,0.12912317698184994,-0.8024535879743325,-0.74165806265939,0.34444649205556843,0.8631023717214376,1.3495779570449316e-06,0.13689627870060536,-0.7262060930208322
131,0,True,1,0.26710387641292066,0.7497536010137897,-0.1997536010137897,0.0,0.7328961491584778,0.2671038806438446,0.2632573763617111,0.3308411394883846,0.40590148414990423,0.24344534682703303,0.30977809390476174,0.4467765592682052,0.07506034466151962,0.13699846536344346,0.4277565534769077,0.2895883157929857,0.30752340299801223,0.40288828120900205,0.09536487821098982
132,1,True,1,0.1942978501231068,0.8519102310008333,-0.30191023100083325,0.0,0.8057021498680115,0.19429785013198853,0.29169125682226776,0.4258058986588886,0.2825028445188436,0.1314964544733013,0.5629327136964176,0.3055708318302811,-0.14330305414004502,-0.2573618818661365,0.39512072136025744,0.20127746909849906,0.4311390025828017,0.36758352831869917,-0.06355547426410252
133,3,True,1,0.1479900162383735,0.9627634908850646,-0.4127634908850646,0.0,0.8520100116729736,0.14799001812934875,0.002224257561645836,0.9291514975305011,0.06862424490785309,7.246090904019421e-06,0.8443576417941875,0.15563511211490838,-0.860527252622648,-0.6887225296792792,0.1890667600232979,3.66804709017902e-13,0.8380853143265709,0.16191468567306244,-0.6761706286535084
134,1,False,1,0.0,0.9905750027375144,-0.4405750027375144,0.0,1.0,0.0,0.004583901838990204,0.9887665210199212,0.006649577141088529,1.9863717897777286e-05,0.9995316997808493,0.0004484365012528737,-0.9821169438788327,-0.9990832632795964,0.38329555307239593,2.6934669670937945e-05,0.9999555988001905,1.746653013842648e-05,-0.999938132270052
135,1,False,1,0.0,0.9844363066557632,-0.43443630665576316,0.0,1.0,0.0,0.01510048669986663,0.9773877173332736,0.007511795966859911,0.0004993236457109503,0.9988131217720917,0.0006875545821972059,-0.9698759213664137,-0.9981255671898945,0.3849010788572434,0.00023455724757688115,0.9997559623899598,9.480362463332883e-06,-0.9997464820274965
136,1,False,1,0.0,0.9795348113878266,-0.42953481138782657,0.0,1.0,0.0,0.022342083416869003,0.9674115823731995,0.0102463342099315,0.0012257857110598356,0.9980752414864271,0.0006989728025131032,-0.957165248163268,-0.997376268683914,0.3936649627642889,0.0005907929753128468,0.9993980804115403,1.1126613146861593e-05,-0.9993869537983935
137,4,False,1,0.0,0.9789839075363657,-0.4289839075363656,0.0,1.0,0.0,0.0017430020996943916,0.9830558840573451,0.015201113842960546,2.366692614944766e-06,0.9996763151936573,0.0003213181137277948,-0.9678547702143846,-0.9993549970799295,0.38753974431007787,5.187505958198638e-09,0.9998081273620961,0.0001918674503980514,-0.9996162599116981
138,4,False,0,0.0,0.9700524971125286,-0.42005249711252857,1.0,0.0,0.0,0.9877132448113205,0.012082189984392878,0.00020456520428664945,0.997458975528069,0.0017445052318552211,0.0007965192400758925,-0.9875086796070338,-0.9966624562879931,0.4478391623964587,0.9999930439884701,4.9829953289801115e-06,1.973016200875762e-06,-0.9999910709722692
139,4,True,0,0.5633984061695912,0.5020469266401053,0.04795307335989474,0.43660157918930054,0.0,0.5633984208106995,0.22337628542676785,0.38697624064771585,0.3896474739255163,0.23330359234049688,0.343559405531751,0.423137002127752,0.16627118849874845,0.18983340978725513,0.36020175802390225,0.2578610705524016,0.3279864971283348,0.4141524323192637,0.1562913617668621
140,0,True,0,0.20074126903059886,0.8406197921304861,-0.29061979213048605,0.7992587089538574,0.0,0.20074127614498138,0.6979573680238529,0.0847293485657928,0.21731328341035433,0.6781693137608426,0.09908456950182172,0.22274611673733574,-0.48064408461349856,-0.4554231970235068,0.36978911186681657,0.6684599038370265,0.11146494318829414,0.22007515297467942,-0.4483847508623471
141,1,True,0,0.13822393699639696,0.9988286034420863,-0.4488286034420863,0.8617760539054871,0.0,0.13822393119335175,0.9934092670278074,0.0003859142914608087,0.006204818680731891,0.8681691012187317,1.2602722922187826e-06,0.13182963850897622,-0.9872044483470755,-0.7363394627097555,0.29231744403104015,0.8483615928788234,2.5038153622089553e-05,0.15161336896755453,-0.6967482239112689
142,0,True,0,0.1386426140440054,0.9971120824108168,-0.4471120824108168,0.8613573908805847,0.0,0.13864260911941528,0.9669756230418812,0.0022345302038014247,0.030789846754317323,0.8689068635423625,8.335542719655498e-05,0.13100978103044103,-0.9361857762875639,-0.7378970825119214,0.2593820871788317,0.8776079528596249,1.5230546867751263e-15,0.12239204714037355,-0.7552159057192513
143,1,False,1,0.0,0.9809465115266203,-0.4309465115266202,0.0,1.0,0.0,0.008470042280385356,0.9861650894972905,0.005364868222324097,0.0001083796063435461,0.9992646527872566,0.0006269676063998622,-0.9808002212749665,-0.9986376851808567,0.3813579706321978,6.777771453443077e-05,0.9999247138864796,7.508398985803371e-06,-0.9999172054874939
144,0,True,0,0.6047506896738587,0.46956332434263837,0.08043667565736168,0.39524930715560913,0.0,0.6047506928443909,0.2191697336552178,0.3938902723818024,0.38693999396297973,0.20388598845406541,0.3597606886571925,0.4363533228887421,0.16777026030776193,0.2324673344346767,0.3559198744965707,0.22358426085320038,0.3569809518245438,0.41943478732225575,0.19585052646905537
145,2,False,0,0.0,0.6614705638313395,-0.11147056383133946,1.0,0.0,0.0,0.29953576206691823,0.5885316727432853,0.11193256518979647,0.24945696732875383,0.7492894867728466,0.0012535458983996743,-0.18760319687712176,-0.24820342143035415,0.4818749550501183,0.22996301369253602,0.7694321260115689,0.0006048602958950099,-0.229358153396641
146,0,True,1,0.1519203241885233,0.9501698761583731,-0.4001698761583731,0.0,0.8480796813964844,0.15192031860351562,0.058972698435131796,0.6165439606002987,0.3244833409645696,0.015374782704970434,0.7590888031407946,0.22553641415423487,-0.2920606196357291,-0.5335523889865598,0.31144402511471847,0.013586410663579983,0.800884678631868,0.18552891070455219,-0.6153557679273158
147,1,True,0,0.14111425726669852,0.9873244413996682,-0.4373244413996682,0.8588857650756836,0.0,0.1411142498254776,0.8018207875940924,0.13430027481869383,0.06387893758721375,0.7328551949000446,0.10333624545676198,0.1638085596431934,-0.7379418500068786,-0.5690466352568512,0.42719882582965063,0.6928446083150706,0.06561573861803414,0.24153965306689534,-0.4513049552481752
148,3,False,0,0.0,0.989011461538332,-0.4390114615383319,1.0,0.0,0.0,0.9926771058920089,0.007201910242252012,0.00012098386573919896,0.9984186145832794,0.0007398511528162035,0.0008415342639044458,-0.9925561220262696,-0.997577080319375,0.43779553744182387,0.9999880717160717,3.267539843748303e-08,1.1895608529765314e-05,-0.999976176107542
149,4,False,1,0.0,0.9776384682656628,-0.42763846826566276,0.0,1.0,0.0,0.0014289365656488349,0.9674809466654221,0.031090116768929015,9.012383005769556e-07,0.9997721976536369,0.00022690110806264914,-0.936390829896493,-0.9995452965455742,0.42153864310989847,3.777001530567893e-09,0.9996060800305006,0.00039391619249778276,-0.9992121638380028
150,0,True,1,0.2515553254723077,0.76804389163125,-0.21804389163124993,0.0,0.748444676399231,0.25155532360076904,0.3619758754367058,0.31617607822269306,0.32184804634060116,0.3391473051608156,0.29472936211820744,0.3661233327209769,0.005671968117908099,0.07139397060276947,0.41246262455230803,0.3652321091684003,0.2753205038728216,0.35944738695877815,0.08412688308595656
151,2,True,1,0.16508592190326005,0.9136067979112812,-0.36360679791128114,0.0,0.8349140882492065,0.16508592665195465,0.05365735772514848,0.6440678675522702,0.30227477472258135,0.011453085921997551,0.7819367203140865,0.20661019376391604,-0.34179309282968884,-0.5753265265501704,0.30854619305704045,0.0035826123447318912,0.7987018763452864,0.19771551130998172,-0.6009863650353047
152,1,True,0,0.13982705296845277,0.9923499347600208,-0.4423499347600207,0.8601729273796082,0.0,0.13982705771923065,0.8740919991687581,0.0040676576553435205,0.12184034317589836,0.8662664247687673,0.00020254811823837925,0.13353102711299447,-0.7522516559928598,-0.7327353976557728,0.34932141696201835,0.8437288580288157,0.000954872821856024,0.15531626914932825,-0.6884125888794874
153,0,False,1,0.0,0.9870548531058613,-0.43705485310586123,0.0,1.0,0.0,0.014647646168848042,0.9781698925161433,0.007182461315008768,0.0009142248047278943,0.9984308945005773,0.0006548806946948668,-0.9709874312011345,-0.9977760138058824,0.3840962377379402,0.0006403647198293047,0.9993481770905227,1.1458189647983576e-05,-0.9993367189008747
154,0,True,1,0.38718682720448966,0.6369667935119121,-0.08696679351191205,0.0,0.6128131747245789,0.38718682527542114,0.30892549122320645,0.33699175330695263,0.354082755469841,0.27252436151782794,0.30684113450637135,0.42063450397580077,0.01709100216288839,0.11379336946942942,0.4100513916677418,0.30796166441290374,0.3071981976438039,0.38484013794329236,0.07764194029948845
155,1,True,1,0.6919414839182145,0.3931617373280032,0.15683826267199685,0.0,0.3080585300922394,0.691941499710083,0.29465336721797103,0.34458974174197593,0.36075689104005304,0.2561446820880803,0.32652133035031866,0.4173339875616011,0.01616714929807711,0.09081265721128245,0.3871645410322567,0.21418923022730954,0.35698733456936027,0.42882343520333027,0.07183610063397
156,2,False,1,0.0,0.9932770033740341,-0.4432770033740341,0.0,1.0,0.0,0.003148689099460142,0.9861775530560608,0.010673757844478892,6.906850372392338e-06,0.9996546476416588,0.00033844550796881387,-0.9755037952115819,-0.99931620213369,0.3876916167838139,2.415879584248778e-07,0.999667249872676,0.00033250853936575434,-0.9993347413333102
157,2,True,0,0.14246930285070097,0.9821923797642307,-0.43219237976423064,0.8575307130813599,0.0,0.14246930181980133,0.9318114963689144,0.00020606342932506712,0.06798244020176054,0.870128098638998,4.0189664086692055e-07,0.12987149946436108,-0.8638290561671538,-0.7402565991746369,0.33214447693414517,0.8817153569006325,6.767861741114247e-06,0.11827787523762641,-0.7634374816630061
158,3,False,0,0.0,0.9026409468277098,-0.35264094682770974,1.0,0.0,0.0,0.8449833669865313,0.14752666648298274,0.007489966530486047,0.8617397875070177,0.13689223514877838,0.0013679773442039048,-0.8374934004560453,-0.8603718101628138,0.4798449601441449,0.8821408508262829,0.11771095387353,0.00014819530018704368,-0.8819926555260958
159,3,True,0,0.2248344800933998,0.8031953762369244,-0.25319537623692434,0.7751654982566833,0.0,0.22483448684215546,0.7693210342317943,0.050697818219861426,0.1799811475483442,0.7683993437491282,0.045800357296935455,0.18580029895393635,-0.58933988668345,-0.5825990447951919,0.35855275121250424,0.7788064507493826,0.025404154901333142,0.19578939434928438,-0.5830170564000983
160,2,True,0,0.22324250122744782,0.8054738559841625,-0.2554738559841625,0.7767574787139893,0.0,0.22324250638484955,0.3556005962451221,0.2661144991678864,0.37828490458699154,0.39471459810579,0.25326786426493514,0.35201753762927485,0.022684308341869464,-0.04269706047651517,0.4161842660972863,0.42576852212884175,0.21465252685531044,0.35957895101584775,-0.066189571112994
161,2,False,0,0.0,0.9742646649939778,-0.42426466499397775,1.0,0.0,0.0,0.9994066783887441,0.0005239367213173808,6.938488993863254e-05,0.9994846016601633,1.1024811458489071e-05,0.0005043735283781432,-0.9993372934988054,-0.9989802281317851,0.41288225733474293,0.9999472203869227,2.4366933197307203e-05,2.841267987985798e-05,-0.9999188077070429
162,0,False,0,0.0,0.9337542971450663,-0.38375429714506626,1.0,0.0,0.0,0.9859618722235736,0.013773139178773841,0.00026498859765273217,0.9970517052727895,0.002164850208521745,0.0007834445186887568,-0.9856968836259208,-0.9962682607541008,0.44550342456265535,0.9999993431632235,8.423129290785662e-09,6.484136472229364e-07,-0.9999986947495763
163,4,False,0,0.0,0.9953650626985455,-0.4453650626985455,1.0,0.0,0.0,0.9945114140157045,0.005393384233890025,9.52017504053107e-05,0.9987207218924128,0.0005007283969056722,0.0007785497106816396,-0.9944162122652992,-0.9979421721817312,0.43844100729795754,0.9999964673489122,4.979202298220059e-08,3.4828590648645457e-06,-0.9999929844898474
164,1,True,1,0.17329589949797325,0.8941022071415985,-0.34410220714159845,0.0,0.8267040848731995,0.17329590022563934,0.020484332998859746,0.8123502468200925,0.1671654201810475,0.0007289418672786352,0.8481458072313365,0.15112525090138496,-0.645184826639045,-0.6970205563299515,0.2197701996571395,0.00021394750038748143,0.8567003433890744,0.1430857091105381,-0.7136146342785363
165,1,False,0,0.0,0.8555293667070335,-0.30552936670703346,1.0,0.0,0.0,0.49268223986243437,0.4191650645027309,0.0881526956348347,0.609465653700778,0.3889693565019799,0.0015649897972421765,-0.4045295442275997,-0.6079006639035358,0.4849131101388326,0.5525017041713509,0.4473397414988517,0.00015855432979732255,-0.5523431498415536
166,3,False,1,0.0,0.918242385703389,-0.36824238570338896,0.0,1.0,0.0,0.36362234368819635,0.5556289753935127,0.08074868091829084,0.35899320758355235,0.6395826814530848,0.0014241109633628007,-0.4748802944752219,-0.638158570489722,0.4873052095801168,0.34300191479676084,0.6562538891681996,0.0007441960350396474,-0.65550969313316
167,2,False,0,0.0,0.9944225634819186,-0.44442256348191855,1.0,0.0,0.0,0.9999723388415575,2.097966881495192e-05,6.68148962758405e-06,0.999267042241319,1.0065494137291493e-07,0.0007328571037396908,-0.9999656573519299,-0.9985341851375793,0.40109304563318043,0.999957681815697,2.2267869987755194e-07,4.209550560310872e-05,-0.9999155863100939
168,3,True,0,0.13808275097120648,0.9994114755264566,-0.44941147552645655,0.86191725730896,0.0,0.13808275759220123,0.9988489182162436,4.973916046447451e-06,0.0011461078677100155,0.8309256631175475,5.340095431123937e-09,0.16907433154235701,-0.9977028103485336,-0.6618513315751904,0.22480792167616284,0.8796264013687632,1.7212407967022207e-25,0.12037359863123664,-0.7592528027375266
169,2,False,1,0.0,0.987096515143741,-0.4370965151437409,0.0,1.0,0.0,0.0034275861270148824,0.9781389819688252,0.01843343190415997,5.908465388288219e-06,0.9997188111381697,0.0002752803964419395,-0.9597055500646652,-0.9994435307417278,0.40016392799045064,2.851439757742661e-07,0.9997240694841312,0.0002756453718930327,-0.9994484241122381
170,4,True,1,0.15469499962109745,0.941803186065585,-0.39180318606558495,0.0,0.8453050255775452,0.15469500422477722,0.010697588493495988,0.7871398184794944,0.2021625930270095,0.00035223648677973037,0.8486358847302182,0.1510118787830021,-0.584977225452485,-0.6976240059472161,0.32783119536329064,4.3289641181466155e-06,0.8558574252730867,0.1441382457627952,-0.7117191795102915
171,4,True,1,0.15684755429634534,0.9355792000910905,-0.3855792000910905,0.0,0.8431524634361267,0.15684755146503448,0.010086526623087356,0.8476300506174139,0.14228342275949876,0.0002594786487329108,0.8334425805877589,0.1662979407635081,-0.7053466278579151,-0.6671446398242508,0.20610247127491768,1.9216703158511412e-06,0.862051851556642,0.13794622677304236,-0.7241056247835996
172,3,False,0,0.0,0.9500865290201956,-0.4000865290201956,1.0,0.0,0.0,0.9583386421838526,0.040755120168984124,0.0009062376471632846,0.9801828347351952,0.018897813641494295,0.0009193516233104081,-0.9574324045366893,-0.9792634831118848,0.48582297878440306,0.9976711807711044,0.002311799408559889,1.701982033574116e-05,-0.9976541609507686
173,1,False,1,0.0,0.9872083280702392,-0.4372083280702391,0.0,1.0,0.0,0.0029888758073948595,0.9757325508067177,0.021278573385887355,3.1398826093099612e-06,0.9997450331372907,0.00025182698009991065,-0.9544539774208304,-0.9994932061571907,0.40314228294411647,2.33326909629563e-05,0.9999357990062729,4.086830276429611e-05,-0.9998949307035087
174,3,False,1,0.0,0.9870818102457184,-0.43708181024571835,0.0,1.0,0.0,0.019020069949257964,0.9660813301259965,0.014898599924745477,0.0004850273415788563,0.9990818815503115,0.0004330911081095487,-0.951182730201251,-0.998648790442202,0.4039591293851591,2.9337059413132404e-08,0.9999932470024591,6.723660481542485e-06,-0.9999865233419776
175,0,False,1,0.0,0.6989029943655043,-0.14890299436550425,0.0,1.0,0.0,0.38736615691176185,0.5180959762132163,0.09453786687502176,0.4359836009374851,0.5630409721994382,0.0009754268630767708,-0.4235581093381946,-0.5620655453363614,0.49298605730516165,0.4538739672186506,0.5460057125542641,0.00012032022708537835,-0.5458853923271787
176,2,False,0,0.0,0.993234279246882,-0.44323427924688197,1.0,0.0,0.0,0.9941203295489881,0.005798131352909928,8.153909810199446e-05,0.9990637088497282,0.00042128329851872455,0.00051500785175313,-0.9940387904508861,-0.998548700997975,0.44089370170480147,0.999490295266154,0.0005058043703140813,3.900363531917138e-06,-0.999486394902622
177,0,True,0,0.14220901230710697,0.9831660768651947,-0.4331660768651947,0.857791006565094,0.0,0.1422090083360672,0.8722890506060047,0.015417267258805581,0.11229368213518982,0.8432337925658472,0.004245439064953299,0.15252076836919956,-0.7599953684708148,-0.6907130241966476,0.3377877355503935,0.8459693821623241,2.926588832479797e-08,0.15403058857178753,-0.6919387935905366
178,2,False,1,0.0,0.9777844890366508,-0.4277844890366508,0.0,1.0,0.0,0.0008999342085790148,0.9823502664031631,0.0167497993882578,4.6575317915744896e-07,0.9997159684995394,0.00028356574728150957,-0.9656004670149053,-0.9994324027522579,0.3864028888297658,9.013495179418564e-09,0.9982243290396293,0.001775661946875539,-0.9964486670927538
179,2,True,0,0.2096389923333335,0.826003236936907,-0.276003236936907,0.7903609871864319,0.0,0.20963899791240692,0.34196485718828984,0.3406838980733742,0.31735124473833604,0.2922792750182574,0.3193426967824854,0.38837802819925726,-0.024613612449953803,0.09609875318099986,0.423086653335268,0.3120016906146945,0.33211767074095266,0.3558806386443528,0.043878948029658305
180,2,False,0,0.0,0.9786259904641058,-0.42862599046410577,1.0,0.0,0.0,0.9122371715173825,0.0849930392409692,0.0027697892416483683,0.8919172408469277,0.10692959265930076,0.0011531664937713844,-0.9094673822757341,-0.8907640743531563,0.48690218227068016,0.9014495762555466,0.0985320620265816,1.836171787169247e-05,-0.9014312145376748
181,0,True,1,0.14796051642241764,0.9628616094181124,-0.41286160941811234,0.0,0.8520394563674927,0.14796051383018494,0.004865958940014263,0.9122727223339087,0.08286131872607712,5.409885106602767e-05,0.8543943347752799,0.14555156637365416,-0.8294114036078315,-0.7088427684016257,0.2031325617877183,2.263303647539581e-05,0.8896279024439404,0.11034946451958405,-0.7792784379243564
182,1,False,1,0.0,0.8169446782905361,-0.26694467829053603,0.0,1.0,0.0,0.33105877189395183,0.5796703519703954,0.08927087613565281,0.4043034945680035,0.5942422047450545,0.0014543006869419594,-0.4903994758347426,-0.5927879040581125,0.48178654854548136,0.36388109472209634,0.6360480560912981,7.084918660561949e-05,-0.6359772069046925
183,4,False,1,0.0,0.9930653685045051,-0.44306536850450506,0.0,1.0,0.0,0.005162637379456255,0.9873808480015335,0.007456514619010224,3.642092430720763e-05,0.999449311801118,0.0005142672745748318,-0.9799243333825233,-0.9989350445265431,0.3865592018603999,1.4110549390633913e-07,0.9999726155478488,2.7243346657207415e-05,-0.9999453722011916
184,1,True,0,0.14023177311416907,0.9907534544092869,-0.4407534544092868,0.8597682118415833,0.0,0.14023177325725555,0.8538368519854684,0.01874789066582895,0.1274152573487027,0.8407165042289508,0.003734422211187756,0.1555490735598614,-0.7264215946367657,-0.6851674306690895,0.3482387403177064,0.8366559426163153,0.005618851942401017,0.1577252054412837,-0.6789307371750315
185,0,False,0,0.0,0.9794972389177028,-0.42949723891770275,1.0,0.0,0.0,0.9936093419223999,0.006291423449121288,9.92346284787149e-05,0.9983319129866806,0.0007779614707564239,0.0008901255425629403,-0.9935101072939212,-0.9974417874441176,0.4389954842978197,0.9999994797754348,1.8051731013112542e-12,5.20222760130246e-07,-0.9999989595526747
186,3,False,1,0.0,0.9773373939606169,-0.4273373939606169,0.0,1.0,0.0,0.01458158327812153,0.9796256386925076,0.005792778029370858,0.0006231133186606883,0.9985922547543048,0.0007846319270345224,-0.9738328606631368,-0.9978076228272703,0.38570514180271653,5.227917747038443e-09,0.9999822523452021,1.7742426880169963e-05,-0.999964509918322
187,2,True,0,0.14698093772251564,0.9661522905281389,-0.41615229052813885,0.8530190587043762,0.0,0.14698094129562378,0.8232311060841191,0.037024435684298605,0.13974445823158224,0.8184146231396617,0.009541171626785203,0.1720442052335531,-0.6834866478525369,-0.6463704179061086,0.3527058489505448,0.8392157454658644,0.012433846421924343,0.14835040811221123,-0.6908653373536532
188,0,True,0,0.13887839029869398,0.9961531855960688,-0.44615318559606876,0.8611215949058533,0.0,0.13887839019298553,0.965510339854934,7.461966656856331e-05,0.03441504047849757,0.8586521506716269,8.89686362223702e-06,0.14133895246475092,-0.9310952993764364,-0.717313198206876,0.3542669211280835,0.8922705313007769,4.488391588279046e-27,0.10772946869922316,-0.7845410626015538
189,1,True,1,0.4922808545515101,0.5557900779139849,-0.005790077913984892,0.0,0.5077191591262817,0.49228084087371826,0.1683905377032335,0.47069565549697245,0.36091380679979407,0.16405426894804223,0.5085022295119397,0.3274435015400181,-0.10978184869717839,-0.18105872797192157,0.3021892333662712,0.1515238803720338,0.48440415494844824,0.3640719646795179,-0.12033219026893033
190,1,True,1,0.1614042197962,0.9230908345077989,-0.3730908345077989,0.0,0.8385958075523376,0.16140422224998474,0.004899619960046527,0.8577507653786267,0.13734961466132695,0.00010837120227770142,0.8452434469032426,0.15464818189447976,-0.7204011507172998,-0.6905952650087628,0.25232758322552085,9.898065716423867e-06,0.8598157683114601,0.1401743336228234,-0.7196414346886367
191,2,False,0,0.0,0.971265268944122,-0.421265268944122,1.0,0.0,0.0,0.9486772788635005,0.05020303485615642,0.0011196862803431957,0.9601927989124827,0.0389916058023206,0.0008155952851968797,-0.9475575925831573,-0.9593772036272857,0.48297463429435694,0.9594831256124061,0.04050938769289651,7.486694697209168e-06,-0.9594756389177089
192,0,False,1,0.0,0.9824240518826223,-0.43242405188262223,0.0,1.0,0.0,0.0064627641104165485,0.9607239387642122,0.032813297125371184,3.080209979982484e-05,0.9997573202295715,0.00021187767062866576,-0.9279106416388411,-0.9995454425589428,0.4332946731556122,5.408821817980657e-05,0.9999425086148969,3.4031669232789574e-06,-0.9999391054479736
193,4,True,0,0.145772605207241,0.9703012201844253,-0.4203012201844253,0.8542274236679077,0.0,0.14577260613441467,0.8725202118002446,0.005733422726899704,0.1217463654728557,0.8628912051597213,0.00032671465857683925,0.13678208018170201,-0.750773846327389,-0.7261091249780193,0.3504275962825587,0.863327633182339,4.0198565660956223e-05,0.13663216825199995,-0.726695464930339
194,2,False,1,0.0,0.6382705062354783,-0.08827050623547827,0.0,1.0,0.0,0.6383745042144698,0.3270136475742166,0.03461184821131352,0.7459353507886131,0.25234723123516906,0.0017174179762180187,-0.29240179936290306,-0.25062981325895106,0.47431411749501207,0.7868696521953488,0.21265645542251996,0.0004738923821313018,-0.21218256304038866
195,2,False,1,0.0,0.5300748520688947,0.019925147931105336,0.0,1.0,0.0,0.7404308186013513,0.23219917016866973,0.027370011229979063,0.6854230907090212,0.31272784104749446,0.0018490682434844181,-0.20482915893869066,-0.31087877280401005,0.5008571859544901,0.7499265054855716,0.24990185652289196,0.0001716379915363771,-0.24973021853135557
196,0,False,1,0.0,0.9748019174857763,-0.4248019174857762,0.0,1.0,0.0,0.0018654138439979026,0.9969915051575668,0.0011430809984351957,3.823411316668495e-05,0.9989922272298254,0.0009695386570078075,-0.9958484241591317,-0.9980226885728176,0.36947371553316966,1.0082350977834116e-05,0.9998783710355134,0.00011154661350897927,-0.9997668244220044
197,3,False,1,0.0,0.9049384685594726,-0.35493846855947253,0.0,1.0,0.0,0.5018144646662888,0.407463490419972,0.09072204491373931,0.6139549825953304,0.38430415808440643,0.0017408593202630693,-0.3167414455062327,-0.38256329876414336,0.4847491123788886,0.5513261924514041,0.4469775954098382,0.001696212138757627,-0.4452813832710806
198,3,True,1,0.16971806602308326,0.9023456784161284,-0.3523456784161284,0.0,0.8302819132804871,0.16971807181835175,0.007049201187533693,0.9319942771096384,0.06095652170282802,7.69680275163811e-05,0.8775534139577026,0.122369618014781,-0.8710377554068104,-0.7551837959429216,0.1759217046012456,2.1783789459025218e-10,0.8565198504048985,0.14348014937726353,-0.713039701027635
199,1,False,0,0.0,0.9624110985426224,-0.41241109854262237,1.0,0.0,0.0,0.9226292324838798,0.075053715995924,0.0023170515201960153,0.9038347437073053,0.09529412977133785,0.0008711265213567381,-0.9203121809636838,-0.9029636171859485,0.48965648436683695,0.8458264929347987,0.15416865045633887,4.856608862470129e-06,-0.8458216363259362
200,4,True,0,0.1405106175801334,0.9896623360021629,-0.43966233600216287,0.859489381313324,0.0,0.14051061868667603,0.8124858471835321,0.013471819294154832,0.1740423335223131,0.8422247480732619,0.0016036732418912472,0.1561715786848468,-0.638443513661219,-0.6860531693884151,0.35058382562757257,0.8467885954698069,0.0031827756467882424,0.15002862888340482,-0.696759966586402
201,0,False,0,0.0,0.9543255483404679,-0.40432554834046786,1.0,0.0,0.0,0.9970159353920224,0.0028169139599427072,0.0001671506480349086,0.9988523441114568,0.000408405161922143,0.000739250726620944,-0.9968487847439874,-0.9981130933848359,0.42474396361945993,0.9999970212041486,2.749311066996316e-14,2.9787958238887776e-06,-0.9999940424083247
202,3,False,1,0.0,0.9755886426620864,-0.4255886426620864,0.0,1.0,0.0,0.016736161366131368,0.9674352754103944,0.015828563223474458,0.00029164228925180274,0.9993398964880883,0.0003684612226600484,-0.95160671218692,-0.9989714352654282,0.4104463123063322,1.1110559560734457e-08,0.9999951106565768,4.878232863473296e-06,-0.9999902324237133
203,0,True,1,0.1490194756019766,0.9593743057190663,-0.4093743057190663,0.0,0.8509805202484131,0.14901947975158691,0.005575122877701038,0.8852806287740741,0.10914424834822481,0.0001014827187242565,0.8263394238637083,0.1735590934175675,-0.7761363804258493,-0.6527803304461408,0.18815768346654424,3.629577684967609e-05,0.8789147381347777,0.1210489660883725,-0.7578657720464053
204,0,False,1,0.0,0.9692417092065296,-0.4192417092065296,0.0,1.0,0.0,0.03870933859293957,0.9387852536749353,0.022505407732125116,0.003322782960803659,0.9962807508669227,0.00039646617227359426,-0.9162798459428101,-0.9958842846946491,0.4120373521323325,0.004062637347678544,0.9959323574175865,5.005234734951893e-06,-0.9959273521828516
205,4,False,0,0.0,0.9865435989136945,-0.43654359891369443,1.0,0.0,0.0,0.9798188562310054,0.019863417762561016,0.0003177260064337989,0.993941662164103,0.00538835122837328,0.0006699866075236354,-0.9795011302245716,-0.9932716755565794,0.47458749566892733,0.9999006376694154,9.809934559781829e-05,1.2629849867113721e-06,-0.9998993746844287
206,3,True,0,0.13854824437373459,0.9974974387743648,-0.44749743877436476,0.8614517450332642,0.0,0.13854824006557465,0.9967156602487659,0.00011603304010566586,0.003168306711128522,0.8628772166141839,2.4309288439211026e-07,0.1371225402929317,-0.9935473535376373,-0.7257546763212522,0.2675360996242245,0.8766203582987897,9.690658669679135e-18,0.12337964170121031,-0.7532407165975794
207,0,True,1,0.14534355196600074,0.9717991940936319,-0.42179919409363187,0.0,0.854656457901001,0.14534355700016022,0.009486853912149854,0.8589334933998181,0.1315796526880321,0.00020997707740907738,0.8398604944169491,0.15992952850564165,-0.727353840711786,-0.6799309659113074,0.2055450968605431,9.91948833102846e-05,0.8851458332016571,0.1147549719150327,-0.7703908612866244
208,2,False,0,0.0,0.9891350999766536,-0.43913509997665356,1.0,0.0,0.0,0.9980564530907389,0.0019135961143328644,2.9950794928139386e-05,0.9994281277612601,7.909780464251164e-05,0.0004927744340973369,-0.9980265022958107,-0.9989353533271628,0.442038366555069,0.9999088271843876,8.701165218906825e-05,4.161163423314657e-06,-0.9999046660209643
209,3,True,0,0.14118864567241024,0.9870385860373436,-0.4370385860373436,0.8588113784790039,0.0,0.14118865132331848,0.8156629207374072,0.007023878663307492,0.17731320059928538,0.8572646212241103,0.0015627739737419189,0.14117260480214774,-0.6383497201381219,-0.7160920164219625,0.319162534744155,0.873399206478635,6.366922164638877e-08,0.12660072985214338,-0.7467984766264917
210,4,True,1,0.15860824482892266,0.9306480679911552,-0.38064806799115514,0.0,0.8413917422294617,0.15860824286937714,0.004966086233836465,0.8748537553358542,0.12018015843030942,8.182204167318478e-05,0.8249299619902691,0.17498821596805775,-0.7546735969055448,-0.6499417460222114,0.2052346526375705,1.6212545070398673e-07,0.8677008761799048,0.13229896169464464,-0.7354019144852602
211,0,False,1,0.0,0.9869536354201252,-0.4369536354201251,0.0,1.0,0.0,0.009678773005215843,0.9869804003382499,0.0033408266565343654,0.0006247789631821823,0.998510402251424,0.0008648187853938339,-0.9836395736817155,-0.9976455834660302,0.3813472225346648,0.0003318275537621292,0.9996416685579801,2.650388825780976e-05,-0.9996151646697223
212,1,False,1,0.0,0.9848693830353438,-0.4348693830353437,0.0,1.0,0.0,0.007252018051234164,0.9886355118492567,0.004112470099509283,9.220115038086654e-05,0.9992298398046698,0.0006779590449492734,-0.9845230417497474,-0.9985518807597206,0.3760439384459774,4.381326359937564e-05,0.9999465732216172,9.613514783416287e-06,-0.9999369597068337
213,0,True,0,0.1411430340477458,0.9872138017206691,-0.43721380172066904,0.8588569760322571,0.0,0.1411430388689041,0.7898973319024176,0.022137336951223333,0.18796533114635905,0.813416468656971,0.009909590742736578,0.1766739406002924,-0.6019320007560586,-0.6367425280566786,0.354231445809517,0.8383168971330031,1.3912475508148184e-06,0.16168171161944606,-0.6766351855135571
214,2,True,1,0.33175343955558406,0.6845322045734847,-0.1345322045734847,0.0,0.6682465672492981,0.3317534327507019,0.5910205879939159,0.11976012647438183,0.2892192855317023,0.6765906114880773,0.10143395289786633,0.22197543561405622,0.16945915905732045,0.12054148271618989,0.36703916636006945,0.7158142813452395,0.06307093301772507,0.22111478563703532,0.15804385261931025
215,1,True,0,0.14168217634812003,0.9851543467679202,-0.4351543467679202,0.8583178520202637,0.0,0.14168217778205872,0.3130436552911239,0.3162793713270523,0.3706769733818237,0.24835188606968653,0.36758314137647863,0.38406497255383487,0.057633318090699825,0.13571308648414834,0.4219807818131217,0.23980068668003118,0.3537742993770442,0.40642501394292463,0.16662432726289345
216,0,False,1,0.0,0.9830576817710954,-0.4330576817710954,0.0,1.0,0.0,0.011487027632646068,0.9831008475931531,0.005412124774200721,0.0006581500946103728,0.9986021122877305,0.000739737617659242,-0.9776887228189524,-0.9978623746700713,0.3797955543206712,0.0004160114770760965,0.9995699881649495,1.4000357974423648e-05,-0.9995559878069751
217,2,True,1,0.14734119037216775,0.9649346902173321,-0.4149346902173321,0.0,0.8526588082313538,0.14734119176864624,0.03525730317741314,0.755802429651566,0.20894026717102077,0.0020068581270726014,0.8417478150522228,0.15624532682070455,-0.5468621624805452,-0.6855024882315183,0.24819576620521308,0.0005578180463227288,0.8488712759245997,0.15057090602907755,-0.6983003698955221
218,1,True,1,0.14561376889664313,0.9708542288902703,-0.42085422889027024,0.0,0.8543862104415894,0.14561377465724945,0.0033011870154542404,0.8685895306653546,0.1281092823191912,1.839166572796529e-05,0.844686624935675,0.155294983398597,-0.7404802483461634,-0.689391641537078,0.29509309516655075,4.657639427598956e-06,0.8575367784313876,0.14245856392918468,-0.715078214502203
219,0,False,0,0.0,0.9863823598187527,-0.4363823598187526,1.0,0.0,0.0,0.9948700124712703,0.005062786161576379,6.720136715330309e-05,0.9984838017048875,0.0005829002737460904,0.0009332980213663012,-0.994802811104117,-0.9975505036835212,0.4420973535345626,0.9999996338644451,1.5252904309712136e-13,3.6613540231405855e-07,-0.9999992677290428
220,2,False,1,0.0,0.9500247111675635,-0.40002471116756344,0.0,1.0,0.0,0.1443388558735548,0.8091755239928592,0.04648562013358611,0.0553092349130475,0.9437293947835413,0.0009613703034112537,-0.762689903859273,-0.9427680244801301,0.42425618371001417,0.05267271798429046,0.9466493155392741,0.0006779664764353856,-0.9459713490628388
221,0,True,1,0.14853097830641065,0.9609741496551975,-0.4109741496551974,0.0,0.8514690399169922,0.148530974984169,0.007542525121992156,0.8727950550932112,0.11966241978479672,0.00018432420570143164,0.830345241020983,0.16947043477331558,-0.7531326353084145,-0.6608748062476674,0.18075571459438952,7.186073744339563e-05,0.875298778363078,0.12462936089947856,-0.7506694174635995
222,3,True,1,0.1561274774266378,0.9376366289807997,-0.38763662898079965,0.0,0.8438725471496582,0.15612748265266418,0.005667623087509328,0.8540911588502075,0.14024121806228323,7.726614489118556e-05,0.8379728461621133,0.16194988769299548,-0.7138499407879242,-0.6760229584691179,0.2459673795718314,2.0355939615695114e-10,0.8143967270077241,0.18560327278871644,-0.6287934542190077
223,3,False,1,0.0,0.9857344003738269,-0.4357344003738268,0.0,1.0,0.0,0.0009951718593939865,0.982483745252653,0.01652108288795297,2.7447204147803134e-07,0.9998425485317861,0.0001571769961724319,-0.9659626623647001,-0.9996853715356137,0.3861730384634731,1.2107507909517846e-15,0.9997849853223597,0.00021501467763924073,-0.9995699706447204
224,0,False,0,0.0,0.8228637386141178,-0.2728637386141177,1.0,0.0,0.0,0.48940340618796674,0.4539450813696303,0.05665151244240294,0.5667299996257373,0.43212735656305773,0.0011426438112050004,-0.4327518937455638,-0.5655873558145323,0.48053630295574523,0.5814754215229155,0.41830398857323353,0.00022058990385085845,-0.5812548316190647
225,4,False,0,0.0,0.9619124420023145,-0.41191244200231447,1.0,0.0,0.0,0.9073853201455018,0.08935910643671227,0.0032555734177858882,0.8555152945697649,0.1432530472954243,0.0012316581348107882,-0.9041297467277158,-0.8542836364349542,0.4900414071029885,0.841749423739734,0.1582444122165357,6.164043730347005e-06,-0.8417432596960037
226,0,True,0,0.1528089201268638,0.9474461245798402,-0.3974461245798402,0.8471910953521729,0.0,0.15280891954898834,0.7315031434695312,0.051797694741041,0.21669916178942775,0.744074023068468,0.043033542127155225,0.21289243480437664,-0.5148039816801034,-0.5311815882640913,0.35490908595022674,0.7825722148535628,0.004719627054121908,0.21270815809231547,-0.5698640567612473
227,0,True,1,0.15360463462581997,0.945042986345464,-0.395042986345464,0.0,0.8463953733444214,0.1536046415567398,0.013180799298679843,0.7550837626075142,0.23173543809380615,0.000594969148406042,0.8236666491822816,0.17573838166931224,-0.523348324513708,-0.6479282675129694,0.3512815220864709,0.00024964621344621655,0.8786250645677318,0.12112528921882207,-0.7574997753489098
228,1,True,0,0.14064528422321942,0.9891379291663808,-0.4391379291663807,0.8593547344207764,0.0,0.14064528048038483,0.8764972475121933,0.0035370929605673318,0.1199656595272393,0.8678563504599512,0.00015553935478547233,0.1319881101852633,-0.756531587984954,-0.7358682402746879,0.34830368338754897,0.8438913115796673,0.0008054346569739038,0.15530325376335877,-0.6885880578163086
229,1,False,1,0.0,0.9627012144069175,-0.4127012144069174,0.0,1.0,0.0,0.03180656074072025,0.9565513165087157,0.01164212275056412,0.0032611395286019154,0.9959815695701137,0.0007572909012843864,-0.9449091937581516,-0.9952242786688293,0.4012140488648126,0.00132420980375736,0.9986575443790532,1.824581718936845e-05,-0.9986392985618638
230,3,True,0,0.6246148066422668,0.4533259793573495,0.09667402064265057,0.37538519501686096,0.0,0.6246148347854614,0.42087678649735755,0.22595220433773364,0.35317100916490884,0.44290250104576917,0.27147513894203956,0.28562236001219116,-0.0677057773324487,-0.157280141033578,0.4004360728887232,0.4450754018379465,0.2725319065255697,0.28239269163648373,-0.1626827102014628
231,1,True,1,0.1600567102224431,0.9266926392432918,-0.37669263924329177,0.0,0.8399432897567749,0.1600567102432251,0.006140012779538473,0.8564432519284096,0.13741673529205176,0.00016108203502877285,0.8375404256077638,0.1622984923572075,-0.7190265166363579,-0.6752419332505563,0.22899021357803823,1.5986764364600727e-05,0.8532055771014081,0.14677843613422728,-0.7064271409671808
232,4,True,0,0.6555425499959664,0.4268644092037139,0.12313559079628617,0.3444574475288391,0.0,0.6555425524711609,0.33083946562174293,0.2538056755139573,0.4153548588642998,0.3833435246112319,0.27699358058391166,0.33966289480485634,0.08451539324255686,-0.04368062980637555,0.42226498266328905,0.4335041817777634,0.21550910396172301,0.35098671426051353,-0.08251746751724987
233,0,True,0,0.13890512674687916,0.9960447976541715,-0.4460447976541715,0.8610948920249939,0.0,0.1389051228761673,0.9259627429987021,0.0014162520855733752,0.0726210049157246,0.8681762139701846,0.00019713876981020185,0.13162664726000528,-0.8533417380829775,-0.7365495667101793,0.3349977940994991,0.8791145476347004,8.634869981757138e-17,0.12088545236529956,-0.7582290952694009
234,3,True,1,0.1669190986530561,0.9090657488465645,-0.3590657488465645,0.0,0.8330808877944946,0.16691909730434418,0.003060126620362889,0.8514778477353181,0.14546202564431904,1.2736664519237478e-05,0.8744073962857528,0.12557986704972798,-0.7060158220909991,-0.7488275292360248,0.3308009788307266,5.4792129687801226e-12,0.8306556096171875,0.16934439037733326,-0.6613112192398543
235,0,True,0,0.3584819305486807,0.660932596719877,-0.11093259671987699,0.6415180563926697,0.0,0.3584819436073303,0.26359584608301034,0.33425940146206756,0.4021447524549221,0.24385558179262024,0.2989021149723317,0.457242303235048,0.13854890637191175,0.21338672144242776,0.41367062180998754,0.2864262678574478,0.3084006936977289,0.4051730384448234,0.1187467705873756
236,3,False,0,0.0,0.9934377917668306,-0.4434377917668305,1.0,0.0,0.0,0.9999941824138242,2.659677272414174e-06,3.157908903444545e-06,0.9987662865107255,1.7370623378626178e-07,0.001233539783040805,-0.9999910245049207,-0.9975327467276847,0.389879284826964,0.9996712828771964,2.016474889715079e-27,0.0003287171228035115,-0.999342565754393
237,4,False,1,0.0,0.9735935369836438,-0.42359353698364377,0.0,1.0,0.0,0.0011180969979347865,0.9780316374699837,0.02085026553208156,7.74556082182096e-07,0.9997281211699529,0.0002711042739649872,-0.9571813719379021,-0.9994570168959879,0.39743683717558725,1.3994270489140207e-09,0.9994672362155184,0.0005327623850546039,-0.9989344738304637
238,0,True,1,0.1653626532142904,0.912913889219907,-0.36291388921990697,0.0,0.8346373438835144,0.1653626561164856,0.06342441495934147,0.6465708068534822,0.29000477818717624,0.009030670839314001,0.7928587181216232,0.19811061103906266,-0.356566028666306,-0.5947481070825605,0.27805904736274545,0.009443061818817494,0.8388245695656429,0.15173236861553968,-0.6870922009501033
239,2,False,1,0.0,0.9762034818176099,-0.4262034818176098,0.0,1.0,0.0,0.0018624211275865804,0.9842425582744134,0.013895020598000112,2.067176188553789e-06,0.9996950598792353,0.0003028729445759552,-0.9703475376764134,-0.9993921869346594,0.3839027910950213,5.9129670883286654e-08,0.9993691518977103,0.0006307889726189295,-0.9987383629250913
240,0,True,0,0.13999451437870852,0.9916875020500079,-0.44168750205000784,0.8600054979324341,0.0,0.1399945169687271,0.8761815646650938,0.0029707598061995645,0.12084767552870665,0.8628801501733261,0.0005685153715909562,0.13655133445508308,-0.7553338891363871,-0.726328815718243,0.3454196889587394,0.8747003298307333,5.360835183239808e-14,0.12529967016921298,-0.7494006596615204
241,4,False,0,0.0,0.9893212358900684,-0.43932123589006833,1.0,0.0,0.0,0.9950919426151964,0.004821720194610608,8.633719019309917e-05,0.9987968605451656,0.00042866625335524625,0.0007744732014792759,-0.9950056054250033,-0.9980223873436863,0.4388244364197426,0.9999963166600875,2.7932847024125636e-08,3.6554070654815923e-06,-0.999992661253022
242,1,False,1,0.0,0.850970846419215,-0.300970846419215,0.0,1.0,0.0,0.2519452615524311,0.6508551283240493,0.09719961012351955,0.2541302414151094,0.7446055018921446,0.0012642566927459796,-0.5536555182005298,-0.7433412451993986,0.4596239406746836,0.27523931739842805,0.7247251440554952,3.553854607670433e-05,-0.7246896055094184
243,0,True,1,0.1521124229431609,0.9495773956125515,-0.39957739561255146,0.0,0.8478875756263733,0.1521124243736267,0.008185094738000444,0.8339422992466672,0.15787260601533237,0.00019137664800809108,0.8504759345434237,0.14933268880856812,-0.6760696932313348,-0.7011432457348556,0.25427359130743604,7.846088994831832e-05,0.8814892452844487,0.11843229382560298,-0.7630569514588458
244,2,False,1,0.0,0.9354361738992932,-0.3854361738992932,0.0,1.0,0.0,0.11436657114944063,0.8172519351258645,0.0683814937246949,0.019427962988013688,0.9800403879554777,0.0005316490565087009,-0.7488704414011695,-0.979508738898969,0.4356693536395662,0.022777316259151203,0.9770141937763556,0.00020848996449346474,-0.976805703811862
245,4,True,1,0.15085227026719744,0.9535017148259897,-0.4035017148259896,0.0,0.8491477370262146,0.1508522629737854,0.0026641192154270377,0.8957092589318542,0.10162662185271884,1.9688399313267018e-05,0.8254119433676927,0.17456836823299415,-0.7940826370791353,-0.6508435751346986,0.2173716267931153,1.5078151619279012e-08,0.8790531767178092,0.12094680820403912,-0.7581063685137701
246,0,True,0,0.13834065920886074,0.9983482697746391,-0.44834826977463904,0.8616593480110168,0.0,0.13834065198898315,0.978302837853045,0.000552407832071703,0.021144754314883434,0.8704601565284686,1.381497902299439e-05,0.1295260284925083,-0.9571580835381616,-0.7409341280359604,0.239406377653797,0.8807918683978622,1.7405173612803305e-20,0.11920813160213777,-0.7615837367957244
247,3,True,1,0.15131481865765273,0.9520508505006002,-0.4020508505006002,0.0,0.8486852049827576,0.15131482481956482,0.004185736609607233,0.849597624588381,0.1462166388020117,2.235534175882755e-05,0.8557086620436719,0.14426898261456914,-0.7033809857863693,-0.7114396794291028,0.30628359225571533,2.6228976099695542e-11,0.8296159001227352,0.17038409985103575,-0.6592318002716995
248,1,True,0,0.19104601399816412,0.8578638396277584,-0.3078638396277583,0.8089540004730225,0.0,0.19104601442813873,0.5986836987050828,0.07067214781614826,0.33064415347876897,0.7426670109619661,0.04580325200637052,0.2115297370316635,-0.2680395452263138,-0.5311372739303026,0.28360771622664316,0.6737777146685058,0.05837421139524256,0.2678480739362517,-0.40592964073225407
249,1,True,0,0.14899593500840919,0.9594510593295946,-0.4094510593295946,0.8510040640830994,0.0,0.14899593591690063,0.6126376194481421,0.0651079408424747,0.32225443970938317,0.75493995697615,0.03947049281218749,0.20558955021166253,-0.29038317973875893,-0.5493504067644874,0.28317891891415087,0.6932855147198096,0.04971172416292758,0.25700276111726283,-0.43628275360254676
250,4,False,0,0.0,0.9931826741729747,-0.44318267417297463,1.0,0.0,0.0,0.9995340234092746,0.00044288755052249,2.308904020300738e-05,0.9992254318456179,1.6276079078321756e-05,0.0007582920753038954,-0.9995109343690716,-0.998467139770314,0.4263445124073858,0.9999826121192201,4.531517924846398e-13,1.7387880326638844e-05,-0.9999652242388934
251,1,True,1,0.1450358315135591,0.9728817790571173,-0.4228817790571172,0.0,0.8549641966819763,0.14503583312034607,0.008568788600500487,0.8076682183714554,0.18376299302804405,0.0002571762591034174,0.8569101092699141,0.1428327144709825,-0.6239052253434114,-0.7140773947989316,0.31208418783870406,5.385386458047118e-05,0.8497415119706484,0.15020463416477114,-0.6995368778058773
252,0,False,0,0.0,0.4043661573593404,0.14563384264065965,1.0,0.0,0.0,0.5241675723110282,0.41151185159440723,0.06432057609456474,0.6188243620283697,0.3800496742960789,0.0011259636755514258,-0.4598469962164634,-0.6176983983528183,0.4771048428906279,0.6324848841578202,0.3673065165880896,0.0002085992540902401,-0.63227628490373
253,0,True,0,0.14177096366115877,0.9848176074796632,-0.43481760747966314,0.8582290410995483,0.0,0.14177095890045166,0.8429117625613489,0.034668878268695365,0.12241935916995576,0.8045404878257234,0.016783825924316695,0.17867568624995991,-0.7204924033913932,-0.6258648015757635,0.34585240985455706,0.8297024369978908,4.472588016930357e-05,0.17025283712193992,-0.6594495998759509
254,2,False,0,0.0,0.9693153156346825,-0.4193153156346825,1.0,0.0,0.0,0.9881327466157976,0.011669593493067064,0.0001976598911351869,0.998294075980606,0.0012101967295693496,0.0004957272898245725,-0.9879350867246625,-0.9977983486907814,0.4459800322490518,0.9980272548459688,0.0019684526382813985,4.292515749699049e-06,-0.998022962330219
255,0,True,1,0.14931775281247062,0.9584047513164093,-0.4084047513164093,0.0,0.850682258605957,0.14931775629520416,0.0025587401541742826,0.9078239180557812,0.08961734179004456,1.7813204312373156e-05,0.8216147542818325,0.17836743251385523,-0.8182065762657367,-0.6432473217679773,0.21351587610204253,5.335668389412753e-06,0.9004720407871731,0.09952262354443761,-0.8009494172427355
256,4,False,0,0.0,0.8967989949471341,-0.34679899494713406,1.0,0.0,0.0,0.8513795687035056,0.14210539002336536,0.006515041273129072,0.7705952406526472,0.22806733254449463,0.0013374268028580713,-0.8448645274303765,-0.7692578138497891,0.4766492905080277,0.812249321036233,0.18773926462654122,1.1414337225709989e-05,-0.8122379066990073
257,1,True,1,0.33470239391383116,0.6818551039317605,-0.13185510393176048,0.0,0.6652976274490356,0.33470240235328674,0.2684562146110185,0.36456800824304214,0.3669757771459393,0.2016139044446298,0.3554430003677697,0.44294309518760056,0.0024077689028971783,0.08750009481983084,0.3811415247829622,0.22301712196807133,0.35138509986586075,0.425597778166068,0.07421267830020722
258,3,True,1,0.14302894809337374,0.9801177867247022,-0.43011778672470213,0.0,0.856971025466919,0.14302894473075867,0.002683307267081823,0.9145768440977908,0.08273984863512733,2.1764138657604275e-06,0.9499531923825305,0.05004463120360379,-0.8318369954626635,-0.8999085611789267,0.322275718914089,7.759133056747672e-13,0.8980466692305994,0.10195333076862466,-0.7960933384619747
259,1,True,0,0.18788168456132315,0.8638378982141887,-0.3138378982141886,0.8121182918548584,0.0,0.1878816783428192,0.3832180304745657,0.29722652035341374,0.31955544917202056,0.2923429880003245,0.3690140323022905,0.3386429796973848,-0.06366258130254515,0.04629999169706034,0.41374705088236957,0.265313679601864,0.37978474393744405,0.3549015764606918,0.08958789685882779
260,3,True,0,0.2796784244066199,0.7358603937733131,-0.1858603937733131,0.7203215956687927,0.0,0.27967843413352966,0.10498778459490461,0.5372022130595246,0.35781000234557075,0.060222538330437184,0.6696743313308215,0.27010313033874134,0.25282221775066616,0.20988059200830417,0.3009980485347725,0.04505589563935029,0.6926546667942591,0.26228943756639056,0.21723354192704028
261,4,True,0,0.3556582784721536,0.6633603266740746,-0.11336032667407459,0.6443417072296143,0.0,0.35565829277038574,0.23622447220594495,0.3821194210143203,0.3816561067797347,0.22281717285025243,0.3378354898428929,0.43934733730685455,0.14543163457378977,0.21653016445660211,0.363238409856173,0.2610384451292378,0.33530271244950627,0.40365884242125594,0.14262039729201814
262,4,True,0,0.14775865724515563,0.9635345279378638,-0.4135345279378637,0.8522413372993469,0.0,0.14775866270065308,0.5946692289809266,0.0747963490734059,0.3305344219456674,0.7569928172546974,0.02704113249636866,0.21596605024893398,-0.26413480703525916,-0.5410267670057634,0.2901844802716099,0.7510197003457376,0.030431354860111545,0.21854894479415093,-0.5324707555515866
263,1,False,1,0.0,0.9796020092335416,-0.4296020092335415,0.0,1.0,0.0,0.057286433818975344,0.8894661360716685,0.053247430109356245,0.0036056742456631384,0.9959941838607971,0.0004001418935398092,-0.8362187059623122,-0.9955940419672573,0.4397171347184837,0.009018475935285734,0.9909794531274294,2.070937284928905e-06,-0.9909773821901445
264,1,False,1,0.0,0.9303007074070531,-0.380300707407053,0.0,1.0,0.0,0.22249175879433478,0.6935444282672959,0.08396381293836915,0.2236939579367244,0.7750798509226327,0.0012261911406428723,-0.6095806153289267,-0.7738536597819898,0.4445319859756693,0.25384520765364144,0.7461162725354361,3.85198109224507e-05,-0.7460777527245137
265,1,True,1,0.1591806303985685,0.9290743796082712,-0.3790743796082712,0.0,0.8408193588256836,0.1591806262731552,0.14239584241871778,0.5800332271999803,0.27757093038130193,0.02838253743007538,0.767894272925563,0.20372318964436173,-0.30246229681867837,-0.5641710832812012,0.28279505399897475,0.043449972762373376,0.7151948571359998,0.24135517010162663,-0.4738396870343732
266,2,True,0,0.18279476550159074,0.8738495799116713,-0.3238495799116713,0.8172052502632141,0.0,0.18279476463794708,0.49297699496015446,0.22833006161734226,0.2786929434225033,0.503237684806501,0.22291538361490532,0.27384693157859374,-0.21428405153765118,-0.22939075322790725,0.388007349115696,0.5242816058008196,0.1578692927558652,0.3178491014433151,-0.20643250435750454
267,1,True,0,0.13986777918535542,0.9921885901687603,-0.4421885901687602,0.8601322174072266,0.0,0.13986778259277344,0.7723133525023613,0.009605990042730782,0.2180806574549079,0.8613288431523476,0.0007897867971387598,0.1378813700505136,-0.5542326950474534,-0.723447473101834,0.2761747560960703,0.8269716422547361,0.0025529764153323117,0.17047538132993167,-0.6564962609248044
268,3,True,0,0.1533718956249439,0.945742435098585,-0.395742435098585,0.8466281294822693,0.0,0.1533719003200531,0.6617407576811516,0.13917891497768412,0.1990803273411643,0.624504113691393,0.15909897354065783,0.21639691276794923,-0.46266043033998727,-0.40810720092344377,0.3822269362917551,0.6064012148472346,0.1672628315875886,0.22633595356517677,-0.38006526128205786
269,0,True,1,0.19538686710282,0.8499561995424352,-0.29995619954243513,0.0,0.8046131134033203,0.1953868716955185,0.2974413012593874,0.3126301499967458,0.38992854874386673,0.29871683357915657,0.3076377558916139,0.39364541052922963,0.07729839874712091,0.08600765463761573,0.41539637707873356,0.34167544398602306,0.28022241796250524,0.37810213805147164,0.0978797200889664
270,3,False,1,0.0,0.6396812171228674,-0.08968121712286736,0.0,1.0,0.0,0.7171175345858004,0.24805820538541895,0.03482426002878068,0.757333545764253,0.24076905097944776,0.0018974032562992685,-0.21323394535663825,-0.23887164772314848,0.5079069825306746,0.7555948979818188,0.2438017089186132,0.00060339309956787,-0.24319831581904533
271,4,True,0,0.1594492223485875,0.9283407491777317,-0.37834074917773164,0.8405507802963257,0.0,0.15944921970367432,0.5930725676793566,0.09984892480843055,0.3070785075122129,0.7200537610533503,0.054392043578264285,0.22555419536838536,-0.2859940601671437,-0.4944995656849649,0.3394304262306521,0.7088413034831896,0.049968909872323504,0.2411897866444867,-0.46765151683870293
272,4,True,1,0.15029517023535793,0.9552655773150365,-0.40526557731503643,0.0,0.8497048020362854,0.1502951681613922,0.10894246469722257,0.6388284116685001,0.25222912363427724,0.03078984430897316,0.7479881658087515,0.22122198988227532,-0.3865992880342229,-0.5267661759264761,0.23326696427589186,0.016264319636848993,0.7561480421776557,0.22758763818549524,-0.5285604039921605
273,3,True,1,0.6648790529686728,0.41852326109160093,0.13147673890839912,0.0,0.33512094616889954,0.6648790240287781,0.2757871751721652,0.33202820218042406,0.39218462264741066,0.2956074624257799,0.28198172899350166,0.42241080858071844,0.060156420466986604,0.1404290795872168,0.40577653874773123,0.2774040571899414,0.3201294108168666,0.402466531993192,0.08233712117632541
274,2,False,0,0.0,0.9640318690614057,-0.41403186906140566,1.0,0.0,0.0,0.9949179824455209,0.00494538800418104,0.00013662955029824245,0.9992371888028913,0.0003019743873386486,0.0004608368097702501,-0.9947813528952226,-0.998776351993121,0.43327018444179843,0.9995168708495835,0.0004748200532310301,8.309097185435666e-06,-0.9995085617523981
275,1,False,1,0.0,0.9900091090472307,-0.4400091090472307,0.0,1.0,0.0,0.003723339414513302,0.9890324834077555,0.0072441771777311285,1.0950240688782529e-05,0.9995891652130432,0.0003998845462679909,-0.9817883062300243,-0.9991892806667753,0.38437980387770143,1.9980554916444703e-05,0.9999574799902787,2.2539454804873892e-05,-0.9999349405354738
276,1,False,0,0.0,0.9907244605102499,-0.4407244605102498,1.0,0.0,0.0,0.9999885152880428,2.5662111172219325e-06,8.91850083994119e-06,0.9981887540314021,4.234753717577566e-08,0.0018112036210607722,-0.9999795967872028,-0.9963775504103413,0.4093261413445224,0.999802465779401,1.1230741197477514e-08,0.00019752298985784564,-0.9996049427895431
277,1,False,0,0.0,0.9875783536318303,-0.4375783536318303,1.0,0.0,0.0,0.9820661601080213,0.01761654415440101,0.00031729573757759713,0.9948715285285792,0.004592824700669517,0.0005356467707513574,-0.9817488643704437,-0.9943358817578278,0.4635793573210222,0.9965599193829852,0.0034398181764695272,2.624405453369516e-07,-0.9965596569424399
278,4,True,1,0.15633731192870665,0.9370345759096455,-0.3870345759096454,0.0,0.843662679195404,0.15633730590343475,0.04077555566632292,0.7077995183652439,0.25142492596843324,0.006092031672296138,0.7997517108716815,0.19415625745602227,-0.45637459239681066,-0.6055954534156592,0.24942417685644855,0.000616413451345843,0.8360779867047305,0.16330559984392373,-0.6727723868608069
279,2,True,1,0.5298821104103935,0.5275465849209846,0.022453415079015437,0.0,0.4701178967952728,0.5298821330070496,0.25924068346187923,0.4580566507064979,0.28270266583162285,0.16379416731384233,0.5118151729969433,0.3243906596892144,-0.17535398487487508,-0.18742451330772897,0.3337018624003904,0.20727582108639092,0.4648959830872549,0.3278281958263542,-0.1370677872609007
280,1,True,1,0.1950017066658168,0.8506450788496379,-0.30064507884963787,0.0,0.8049982786178589,0.19500170648097992,0.20411949034373453,0.39580573769672617,0.40007477195953944,0.24600292374222424,0.37480593823136166,0.37919113802641413,0.004269034262813276,0.004385199795052475,0.3738115836095103,0.2093879346653283,0.38575816754337017,0.40485389779130165,0.019095730247931486
281,3,True,0,0.24079107969569813,0.7815645134853585,-0.23156451348535845,0.7592089176177979,0.0,0.24079108238220215,0.4875890179082038,0.21462509469460453,0.29778588739719175,0.4860207896448698,0.2621510340453883,0.2518281763097419,-0.18980313051101205,-0.23419261333512786,0.39252242999014253,0.4789686574042549,0.2609294095991371,0.26010193299660817,-0.21886672440764676
282,4,False,0,0.0,0.9922103971270537,-0.4422103971270537,1.0,0.0,0.0,0.996256325269754,0.003656561491803721,8.711323844223256e-05,0.9989744809754613,0.00029643319363826447,0.0007290858309004681,-0.9961692120313118,-0.9982453951445608,0.43577854976084723,0.9999944460105158,9.040313367280418e-09,5.544949170791004e-06,-0.999988901061345
283,1,True,0,0.4337579858360813,0.600143305897875,-0.05014330589787497,0.5662420392036438,0.0,0.4337579905986786,0.36417503704433324,0.3321479318895872,0.30367703106607946,0.2520760328852494,0.36080949032682613,0.3871144767879244,-0.06049800597825378,0.135038443902675,0.42979380779480125,0.2505574175899318,0.37239712036728256,0.37704546204278566,0.1264880444528539
284,1,False,1,0.0,0.9876492570449825,-0.4376492570449825,0.0,1.0,0.0,0.0006890520447286174,0.9848899968199081,0.014420951135363258,2.4767592920614565e-07,0.9997307047503272,0.0002690475737436383,-0.9704690456845448,-0.9994616571765835,0.37951392236056697,1.1440158861879706e-06,0.9984924678007783,0.0015063881833355568,-0.9969860796174427
285,4,True,0,0.20068470657477516,0.8407161680580805,-0.2907161680580804,0.7993152737617493,0.0,0.20068471133708954,0.5976628477057205,0.11746055130162672,0.28487660099265294,0.6945865566667936,0.08025057815411635,0.22516286517909018,-0.3127862467130676,-0.4694236914877034,0.36807887153756425,0.684737690870861,0.067565100232439,0.2476972088967,-0.437040481974161
286,0,False,1,0.0,0.9826413425144718,-0.4326413425144717,0.0,1.0,0.0,0.0008792692361724922,0.9830860518167477,0.016034678947079592,1.4543551409049477e-06,0.9997207649715976,0.000277780673261622,-0.9670513728696681,-0.9994429842983359,0.38455993588399406,1.325082688122112e-06,0.9993109822841948,0.0006876926331170713,-0.9986232896510777
287,3,True,1,0.1485846174179713,0.9607977457080538,-0.4107977457080537,0.0,0.8514153957366943,0.14858461916446686,0.005347159811624613,0.8666967246941921,0.12795611549418345,5.3869418867721224e-05,0.8281245359182523,0.17182159466287994,-0.7387406092000086,-0.6563029412553724,0.2373009304298849,1.0798185355850122e-10,0.8231884730160597,0.17681152687595855,-0.6463769461401011
288,3,False,0,0.0,0.9882830661053026,-0.43828306610530254,1.0,0.0,0.0,0.9963040680330026,0.0036393122988103562,5.661966818688548e-05,0.9987826888122878,0.00033560158304766564,0.000881709604664621,-0.9962474483648157,-0.9979009792076232,0.4414851191213652,0.9999910112540937,4.5496760693067606e-10,8.988290938683655e-06,-0.9999820229631551
289,3,False,0,0.0,0.9642412099292518,-0.41424120992925173,1.0,0.0,0.0,0.9827146570479599,0.016947826961314683,0.0003375159907255592,0.9969405695044068,0.0023208721515875093,0.0007385583440057377,-0.9823771410572344,-0.9962020111604011,0.4535307146931794,0.9999766049250034,9.729717928664302e-06,1.366535706808502e-05,-0.9999629395679354
290,3,True,0,0.1381227231744136,0.9992462463328757,-0.4492462463328757,0.8618772625923157,0.0,0.13812272250652313,0.9849844316518752,0.0010067256156670562,0.014008842732457727,0.8707078998635124,8.67994429637874e-06,0.12928342019219136,-0.9709755889194175,-0.741424479671321,0.2697366879240368,0.869950446745212,2.466993579482628e-12,0.13004955325232098,-0.739900893492891
291,4,True,1,0.15995708681233395,0.9269618633162482,-0.37696186331624815,0.0,0.8400428891181946,0.15995708107948303,0.30544928016657097,0.3169296940341949,0.37762102579923423,0.31013381818932423,0.3156874790561631,0.3741787027545127,0.060691331765039325,0.05849122369834958,0.4154329269449786,0.3627858850395968,0.24995015589277533,0.3872639590676279,0.13731380317485256
292,2,False,0,0.0,0.9519763772780255,-0.4019763772780255,1.0,0.0,0.0,0.9662583121807907,0.0330360886919753,0.0007055991272341092,0.9855056828909172,0.01388223605088962,0.0006120810581930724,-0.9655527130535566,-0.9848936018327241,0.483135705800999,0.9815013406238412,0.01849313931925595,5.5200569028046445e-06,-0.9814958205669384
293,4,True,1,0.14477298929539312,0.9738120010607991,-0.4238120010607991,0.0,0.855226993560791,0.1447729915380478,0.001288495748795409,0.9215110136086724,0.07720049064253234,1.2522932542692793e-06,0.8714282421759586,0.12857050553078725,-0.8443105229661401,-0.7428577366451714,0.27966035460715427,6.884613843503106e-10,0.9051777676425499,0.09482223166898875,-0.8103555359735611
294,2,False,1,0.0,0.9814709344251706,-0.4314709344251706,0.0,1.0,0.0,0.00377981196582761,0.9951208497139868,0.001099338320185487,4.1645026225997284e-05,0.9989514786393835,0.0010068763343903367,-0.9940215113938013,-0.9979446023049932,0.37693019693212215,4.4674558537888575e-07,0.999752769079054,0.000246784175360711,-0.9995059849036932
295,4,False,1,0.0,0.9812820490448256,-0.4312820490448256,0.0,1.0,0.0,0.0012225728191124906,0.9802402232595604,0.018537203921327176,1.0418571903003982e-06,0.9997073685891171,0.0002915895536927036,-0.9617030193382332,-0.9994157790354244,0.39190903159291096,1.8030179445820599e-09,0.9995576206150076,0.00044237758197437487,-0.9991152430330332
296,2,True,1,0.14963844126577752,0.9573684414410254,-0.40736844144102535,0.0,0.8503615856170654,0.14963844418525696,0.008584745259407594,0.8109917102624646,0.18042354447812778,0.00017419717079756192,0.8544572024044594,0.14536860042474292,-0.6305681657843368,-0.7090886019797165,0.3139301309225801,6.5779501458745796e-06,0.8447908725889416,0.15520254946091264,-0.689588323128029
297,1,True,1,0.1490484519506305,0.9592798762345498,-0.40927987623454976,0.0,0.8509515523910522,0.14904844760894775,0.0017714928803984978,0.8802529749968298,0.11797553212277181,9.026297097529952e-06,0.8490245735998239,0.1509664001030786,-0.762277442874058,-0.6980581734967453,0.31474131088628854,1.490050693953337e-06,0.861602311441725,0.1383961985075811,-0.7232061129341439
298,3,False,1,0.0,0.989622194411161,-0.4396221944111609,0.0,1.0,0.0,0.004418370042861204,0.9877128183473305,0.007868811609808306,1.516638748884978e-05,0.9996727319029688,0.00031210170954249487,-0.9798440067375221,-0.9993606301934262,0.3872859522850461,3.166302946141338e-12,0.9999851478772044,1.4852119629287353e-05,-0.9999702957575751
299,2,False,0,0.0,0.6619619019605973,-0.1119619019605973,1.0,0.0,0.0,0.4960007160921928,0.41374297087151,0.09025631303629718,0.6232879185008535,0.37493828085906766,0.0017738006400786317,-0.40574440305589565,-0.6215141178607749,0.4850978507043637,0.634406524036146,0.3648382382262076,0.0007552377376465006,-0.6336512862984994
300,4,False,1,0.0,0.9878075660184856,-0.4378075660184856,0.0,1.0,0.0,0.0036253925501201997,0.9769984010292513,0.019376206420628494,9.77820854484754e-06,0.9996762530372064,0.000313968754248702,-0.9576221946086227,-0.9993622842829577,0.40275903996624984,6.582456801689695e-08,0.9999354541110448,6.448006438715524e-05,-0.9998709740466576
301,0,True,0,0.3926417585264873,0.6325402226419574,-0.08254022264195737,0.6073582172393799,0.0,0.39264175295829773,0.2876914740633428,0.30572399892705737,0.40658452700959985,0.3067221095170196,0.31001288918041414,0.3832650013025662,0.11889305294625707,0.07654289178554657,0.42631242639338723,0.34501864087462364,0.27778955294997043,0.37719180617540604,0.0321731653007824
302,1,True,0,0.17886932257187405,0.8819542041042935,-0.33195420410429344,0.8211306929588318,0.0,0.1788693219423294,0.49092539601351326,0.17009625358308395,0.33897835040340274,0.5130532994884732,0.22784048876270213,0.2591062117488246,-0.15194704561011052,-0.25394708773964864,0.37872347181431,0.4321898482626158,0.25350311141093745,0.3143070403264468,-0.11788280793616901
303,3,False,1,0.0,0.6340609673785624,-0.08406096737856239,0.0,1.0,0.0,0.2822411050802055,0.6402811160427334,0.07747777887706093,0.2479582457164002,0.7507879212308769,0.0012538330527228489,-0.5628033371656724,-0.749534088178154,0.460962523769852,0.25215960964936035,0.7473528906207387,0.00048749972990087516,-0.7468653908908378
304,1,True,1,0.1426841499922351,0.9813929123148705,-0.4313929123148704,0.0,0.8573158383369446,0.14268414676189423,0.002500151349299663,0.9023237808884378,0.09517606776226273,1.2388393284274422e-05,0.8317485902951403,0.16823902131157534,-0.8071477131261751,-0.663509568983565,0.22496222489181705,1.7093349183792917e-06,0.8606396792253647,0.13935861143971695,-0.7212810677856477
305,4,True,1,0.15134368036888202,0.9519607250283878,-0.40196072502838776,0.0,0.8486562967300415,0.1513436734676361,0.009698169107611279,0.8185261009030802,0.17177572998930857,0.00028093218647316787,0.849060299167591,0.15065876864593586,-0.6467503709137716,-0.6984015305216551,0.2699246241152247,2.3475129378340304e-06,0.8603622803841238,0.13963537210293833,-0.7207269082811855
306,4,True,1,0.17814919649739103,0.8834798048379447,-0.3334798048379447,0.0,0.8218507766723633,0.17814919352531433,0.011501064065613475,0.7753092248026667,0.21318971113171975,0.0005792564903531401,0.8416623495354654,0.1577583939741815,-0.5621195136709469,-0.6839039555612838,0.3356354544479501,8.699652051976672e-06,0.8399596761587032,0.16003162418924488,-0.6799280519694583
307,3,False,0,0.0,0.9701567791206914,-0.4201567791206914,1.0,0.0,0.0,0.9225244830250598,0.07530742717767926,0.0021680897972609628,0.9383176470157137,0.060542020051247286,0.001140332933038938,-0.9203563932277989,-0.9371773140826748,0.4858410839915505,0.9110325726449505,0.08892778248740094,3.964486764850785e-05,-0.910992927777302
308,1,True,0,0.19729139267598805,0.8465847675222417,-0.2965847675222416,0.802708625793457,0.0,0.19729138910770416,0.2935352234642072,0.37859817789925165,0.32786659863654116,0.19294621897020087,0.3998462039761442,0.4072075770536549,0.03433137517233398,0.21426135808345403,0.38356977973122003,0.2203211935464561,0.3641891778736752,0.4154896285798687,0.1951684350334126
309,1,False,1,0.0,0.8797866948377613,-0.32978669483776124,0.0,1.0,0.0,0.6559908496897476,0.29797530840660186,0.04603384190365041,0.6892363108436241,0.30939157767591013,0.0013721114804657348,-0.25194146650295146,-0.3080194661954444,0.4950640485090295,0.6720540861308467,0.3278468000981523,9.911377100103508e-05,-0.3277476863271513
310,3,False,1,0.0,0.8063145232842015,-0.25631452328420146,0.0,1.0,0.0,0.16490426429666805,0.7690702162761263,0.06602551942720572,0.09342062727376084,0.9056068463716407,0.0009725263545985361,-0.7030446968489206,-0.9046343200170421,0.43093242030504897,0.12425204120892283,0.8755610705557316,0.0001868882353456726,-0.875374182320386
311,0,True,1,0.15569712710598393,0.9388779207407766,-0.38887792074077654,0.0,0.8443028926849365,0.15569712221622467,0.007986814832343994,0.8021787204021098,0.18983446476554616,0.00019265403067063728,0.8605670725430472,0.1392402734262823,-0.6123442556365637,-0.7213267991167649,0.33050122691631656,7.685738254364979e-05,0.8814944391618056,0.11842870345565079,-0.7630657357061548
312,0,False,1,0.0,0.9883116426258042,-0.43831164262580413,0.0,1.0,0.0,0.005242619055319294,0.9620408296013876,0.03271655134329324,2.0677046351872514e-05,0.9997695493752599,0.00020977357838838651,-0.9293242782580944,-0.9995597757968715,0.43008962538398465,3.6374853103189844e-05,0.9999579183572282,5.706789668612071e-06,-0.9999522115675596
313,4,False,0,0.0,0.9929736339388011,-0.44297363393880107,1.0,0.0,0.0,0.9992651479972589,0.0007090442147269628,2.5807788014400435e-05,0.999237881546946,3.02546564512865e-05,0.0007318637966026988,-0.9992393402092444,-0.9985060177503433,0.43186600201320574,0.9999885729348374,3.0868696927367944e-12,1.1427062075746874e-05,-0.9999771458727617
314,2,False,0,0.0,0.9510753730288615,-0.4010753730288614,1.0,0.0,0.0,0.7734290853254685,0.21125757892161223,0.01531333575291913,0.7579600524905572,0.24043806124554085,0.001601886263902103,-0.7581157495725493,-0.7563581662266551,0.4819181476886009,0.8098716749637007,0.18999621010861886,0.00013211492768041533,-0.8097395600360203
315,2,True,1,0.18445459278003695,0.8705246549234951,-0.320524654923495,0.0,0.815545380115509,0.18445459008216858,0.11786260874355489,0.596808616478092,0.2853287747783532,0.026571210274154808,0.7586201412041275,0.21480864852171783,-0.3114798416997388,-0.5438114926824096,0.26193179222783497,0.042913019786059554,0.7281506656426113,0.22893631457132915,-0.4992143510712822
316,2,True,1,0.14385024512179656,0.9771188704324757,-0.42711887043247565,0.0,0.8561497330665588,0.14385025203227997,0.009467017881106612,0.8150659558037473,0.17546702631514596,0.000180775695121731,0.8533760572780865,0.14644316702679164,-0.6395989294886013,-0.7069328902512949,0.2995336268439199,8.620372009267609e-06,0.847112333968798,0.15287904565919272,-0.6942332883096053
317,4,True,1,0.2529653022322077,0.7663283213325881,-0.21632832133258806,0.0,0.7470346689224243,0.2529653012752533,0.6391211754364949,0.07973203189193642,0.28114679267156867,0.743818496475122,0.0389786164035842,0.21720288712129374,0.20141476077963225,0.17822427071770952,0.34097118993336123,0.7469932040305555,0.03603185891726091,0.21697493705218357,0.18094307813492266
318,3,False,1,0.0,0.9433591631568852,-0.3933591631568851,0.0,1.0,0.0,0.041346839955350656,0.9306784162345311,0.02797474381011808,0.0024579608359167793,0.9971253428614213,0.00041669630266189553,-0.902703672424413,-0.9967086465587593,0.4185203880888362,7.26047902502685e-06,0.9999782609397735,1.4478581201455669e-05,-0.9999637823585721
319,2,False,0,0.0,0.9886837339785269,-0.4386837339785269,1.0,0.0,0.0,0.9812158056002975,0.018448676951427493,0.0003355174482750963,0.9963871993107248,0.0031669035831143957,0.00044589710616070935,-0.9808802881520224,-0.9959413022045641,0.4648641217500451,0.994806047078541,0.005190128111528988,3.824809930052799e-06,-0.994802222268611
320,2,False,1,0.0,0.5764236634331203,-0.026423663433120304,0.0,1.0,0.0,0.4399015206752953,0.44611569510135574,0.11398278422334891,0.5533577660259267,0.44485167436841094,0.0017905596056622473,-0.33213291087800684,-0.4430611147627487,0.4963018864978621,0.5320042291245116,0.46717720194181045,0.0008185689336779758,-0.46635863300813246
321,0,True,0,0.1402273227231401,0.9907709267812306,-0.44077092678123053,0.8597726821899414,0.0,0.1402273178100586,0.9787229082599577,0.009939899121256736,0.011337192618785647,0.8811587536469837,0.0005646437125525712,0.11827660264046376,-0.967385715641172,-0.7628821510065199,0.3569833482050272,0.8598951586854415,3.211244424022309e-10,0.14010484099343407,-0.7197903176920075
322,1,True,1,0.2867941577344816,0.7283040136993101,-0.17830401369931004,0.0,0.7132058143615723,0.28679415583610535,0.13405020546318933,0.5304075077029824,0.33554228683382836,0.08993398457176721,0.6334364767396566,0.27662953868857626,-0.19486522086915403,-0.3568069380510804,0.2686995653570049,0.07241312725333868,0.6126104506092449,0.3149764221374164,-0.2976340284718285
323,2,False,0,0.0,0.9903932264934603,-0.44039322649346024,1.0,0.0,0.0,0.9998656190807962,0.00012015574570459935,1.4225173499244709e-05,0.9994000523838481,1.2497695670505811e-06,0.0005986978465846565,-0.9998513939072969,-0.9988013545372635,0.4144564520807221,0.9999755937854266,2.316326788982931e-06,2.2089887784410617e-05,-0.9999535038976421
324,4,True,1,0.406473696242102,0.6214666338918414,-0.07146663389184138,0.0,0.593526303768158,0.40647369623184204,0.16049892844614738,0.4481015970288256,0.391399474525027,0.1927977829443945,0.4676844450161088,0.33951777203949657,-0.056702122503798635,-0.12816667297661222,0.3499794573427839,0.19986615227535134,0.40369269793374435,0.3964411497909042,-0.007251548142840125
325,4,False,1,0.0,0.8557427906917575,-0.30574279069175747,0.0,1.0,0.0,0.168728962892362,0.736261048731887,0.09500998837575104,0.1233290357831678,0.8758346202321501,0.0008363439846819981,-0.641251060356136,-0.8749982762474681,0.4435750461713293,0.19776998869093212,0.8021116980704454,0.00011831323862258036,-0.8019933848318228
326,2,False,1,0.0,0.9731977628428837,-0.4231977628428837,0.0,1.0,0.0,0.0018323164200044761,0.9901331732001294,0.0080345103798662,2.67069350338788e-06,0.99963448567192,0.00036284363457656757,-0.9820986628202631,-0.9992716420373434,0.3734451588193409,5.863510668113888e-08,0.9993055279391803,0.0006944134257129371,-0.9986111145134673
327,3,False,1,0.0,0.9403402151492702,-0.3903402151492702,0.0,1.0,0.0,0.00837793446422005,0.9872028420550881,0.004419223480691763,0.00017296884112626354,0.999094511743799,0.0007325194150746778,-0.9827836185743963,-0.9983619923287244,0.37696491347994826,1.1754451023610968e-10,0.9999877390170202,1.2260865435183332e-05,-0.999975478151585
328,0,True,1,0.1610820202706162,0.9239454056477846,-0.37394540564778456,0.0,0.8389179706573486,0.16108201444149017,0.015370588891216924,0.870089750503358,0.11453966060542504,0.0008478432158142409,0.829873633111697,0.16927852367248866,-0.7555500898979329,-0.6605951094392084,0.1332341154617594,0.0003941498993986902,0.8488792171947313,0.15072663290587007,-0.6981525842888612
329,2,False,1,0.0,0.9089025872845348,-0.3589025872845347,0.0,1.0,0.0,0.17559257550625493,0.7542258819527587,0.07018154254098631,0.07264139175217788,0.926509339664879,0.0008492685829430602,-0.6840443394117725,-0.9256600710819359,0.4311915318970647,0.09626233191830749,0.9030941124977057,0.000643555583986889,-0.9024505569137188
330,1,True,0,0.13915241017614322,0.9950456617702963,-0.44504566177029625,0.8608475923538208,0.0,0.1391524076461792,0.9412266652464603,0.005567156022310098,0.05320617873122966,0.8732222452235688,0.00018662941045794097,0.12659112536597328,-0.8880204865152306,-0.7466311198575956,0.27776856575048403,0.8683781739869042,0.0006376923259910658,0.13098413368710465,-0.7373940402997996
331,2,False,0,0.0,0.6538655747685236,-0.10386557476852354,1.0,0.0,0.0,0.5676256423848705,0.36372297722433367,0.06865138039079582,0.6770339905267868,0.32127075865483773,0.0016952508183755144,-0.49897426199407463,-0.6753387397084113,0.47976225814629336,0.707318305804061,0.2920817924442556,0.0005999017516834958,-0.7067184040523775
332,2,True,0,0.2209024574979664,0.8088671033863649,-0.25886710338636487,0.7790975570678711,0.0,0.2209024578332901,0.8027191660692523,0.11345964130660491,0.0838211926241427,0.7186174074394365,0.08613030672428983,0.19525228583627366,-0.7188979734451096,-0.5233651216031628,0.40303758493275293,0.7439307565143006,0.07483556743680166,0.18123367604889776,-0.5626970804654029
333,4,False,1,0.0,0.9665757296194332,-0.4165757296194331,0.0,1.0,0.0,0.11839292895963512,0.843531738007065,0.038075333033299866,0.0759798312517265,0.9228989189761532,0.0011212497721203888,-0.8054564049737651,-0.9217776692040328,0.4213995536328792,0.05112135446056682,0.9487145801205513,0.00016406541888202672,-0.9485505147016693
334,0,True,0,0.45591100746087365,0.5832016383152792,-0.033201638315279114,0.5440890192985535,0.0,0.4559110105037689,0.2746139109406986,0.31922895808366886,0.40615713097563255,0.262629637695097,0.33073799176029134,0.40663237054461165,0.13154322003493396,0.14400273284951465,0.4434318747041119,0.3135758401506892,0.2970009783479075,0.3894231815014033,0.07584734135071414
335,2,True,1,0.29072301708682174,0.7242176165579642,-0.1742176165579642,0.0,0.7092769742012024,0.2907230257987976,0.36962742632430956,0.3674090680870005,0.2629635055886898,0.31463909825101555,0.31680605045613486,0.36855485129284954,-0.10444556249831072,0.05174880083671468,0.40377465236961124,0.3046468240746613,0.3415787020332926,0.3537744738920462,0.01219577185875359
336,1,True,1,0.4317453803135542,0.6016966688828335,-0.05169666888283342,0.0,0.5682545900344849,0.43174538016319275,0.1851368151610202,0.4466239752435362,0.36823920959544354,0.1522511670306985,0.4725225696689228,0.37522626330037884,-0.07838476564809266,-0.09729630636854397,0.32633974038841423,0.17946965242766003,0.4559100480092496,0.3646202995630904,-0.09128974844615922
337,4,False,0,0.0,0.9781629898726585,-0.42816298987265844,1.0,0.0,0.0,0.9997646276192846,0.00017974033004249915,5.563205067303033e-05,0.9992110006100742,6.734175229729385e-06,0.0007822652146962278,-0.9997089955686116,-0.9984287353953779,0.4021920089737788,0.9999073196430518,5.3036120163594276e-14,9.268035689511033e-05,-0.9998146392861567
338,4,False,1,0.0,0.964490488674304,-0.41449048867430394,0.0,1.0,0.0,0.004369397962923094,0.9917575552897064,0.0038730467473705316,3.838702228520992e-05,0.9992751515843123,0.000686461393402646,-0.9878845085423359,-0.9985886901909097,0.37301305215371916,5.903041972243882e-08,0.9999701830105242,2.9757959056134273e-05,-0.9999404250514681
339,2,True,1,0.1604912039489657,0.9255232317218494,-0.3755232317218493,0.0,0.8395087718963623,0.1604911983013153,0.01794215753634191,0.7541077108295722,0.22795013163408595,0.0013136026436995113,0.8374005137251107,0.16128588363118962,-0.5261575791954862,-0.6761146300939211,0.31007672432302835,8.290256069351966e-05,0.8385098558754454,0.16140724156386113,-0.6771026143115842
340,4,False,0,0.0,0.9608160830938423,-0.4108160830938422,1.0,0.0,0.0,0.983025545364597,0.016642312641785013,0.0003321419936181309,0.9963606122852227,0.002906448656499527,0.0007329390582777823,-0.9826934033709789,-0.9956276732269449,0.45257584178606314,0.9999591674497336,3.860211570968147e-05,2.2304345568793094e-06,-0.9999569370151767
341,0,True,1,0.6383385305031333,0.44178459489913063,0.10821540510086941,0.0,0.36166146397590637,0.6383385062217712,0.3071228035651448,0.3559808300960699,0.33689636633878534,0.26562133951031514,0.3292779848554738,0.4051006756342111,-0.019084463757284564,0.07582269077873727,0.3962026466304517,0.28822707253021596,0.32506457006687545,0.38670835740290865,0.06164378733603321
342,2,True,0,0.3484725113930036,0.6696039189278831,-0.11960391892788302,0.651527464389801,0.0,0.3484725058078766,0.17474966322344077,0.46745493268957816,0.3577954040869812,0.1615381736853552,0.49000498443965657,0.3484568418749882,0.18304574086354042,0.186918668189633,0.2938121600124791,0.1485115830376023,0.4523547685577762,0.39913364840462157,0.25062206536701925
343,2,True,0,0.1408680466465338,0.9882740667620786,-0.4382740667620786,0.859131932258606,0.0,0.14086805284023285,0.9898466768430809,0.005564824885144828,0.004588498271774066,0.9262214304503356,0.00011916049542196158,0.07365940905424243,-0.9852581785713068,-0.8525620213960932,0.34957262354777324,0.8919499416903786,0.0007820002640019228,0.10726805804561951,-0.7846818836447591
344,2,False,1,0.0,0.9828513713934699,-0.43285137139346985,0.0,1.0,0.0,0.0024041903406371726,0.9942394799232502,0.003356329736112684,8.139398574798176e-06,0.999428186856622,0.0005636737448032843,-0.9908831501871376,-0.9988645131118188,0.3669716819515212,1.2411224300894385e-07,0.9994947696625452,0.0005051062252115761,-0.9989896634373336
345,1,False,0,0.0,0.9499356388377335,-0.3999356388377334,1.0,0.0,0.0,0.9483021279091866,0.05040008370331513,0.0012977883874983004,0.9550205931962841,0.0442284966061931,0.0007509101975226878,-0.9470043395216883,-0.9542696829987614,0.4900572789976295,0.9407694961372165,0.05922881862803763,1.6852347460275525e-06,-0.9407678109024705
346,1,False,0,0.0,0.9601760593339327,-0.41017605933393264,1.0,0.0,0.0,0.5623257784338492,0.36622487306253876,0.07144934850361198,0.6610697891687506,0.33752267715033435,0.0014075336809149742,-0.4908764299302373,-0.6596622554878356,0.4803774768705432,0.6290359907045521,0.3708146162857138,0.00014939300973411943,-0.6288865976948179
347,3,False,1,0.0,0.9856319148970634,-0.4356319148970633,0.0,1.0,0.0,0.0021494082181506115,0.9734046452632154,0.024445946518634132,1.008411799960709e-06,0.9998642959706768,0.0001346956175230615,-0.9489586987445813,-0.9997296003531537,0.4076382835878187,9.21691708405297e-14,0.9999503405938177,4.9659406090078285e-05,-0.9999006811877277
348,0,False,0,0.0,0.965721529342436,-0.415721529342436,1.0,0.0,0.0,0.9434614197654394,0.05510842487200429,0.0014301553625565707,0.9547833083182137,0.044243596502826325,0.0009730951789599878,-0.9420312644028829,-0.9538102131392537,0.48931374221331786,0.9902141749941981,0.009782925599523894,2.89940627807835e-06,-0.99021127558792
349,0,False,1,0.0,0.9870300100435582,-0.4370300100435581,0.0,1.0,0.0,0.002142067575365856,0.9886359602263595,0.009221972198274819,1.1430191498241574e-05,0.9996287563619369,0.0003598134465648576,-0.9794139880280847,-0.999268942915372,0.3785678415373005,9.866100480044358e-06,0.9999046368671091,8.549703241068552e-05,-0.9998191398346984
350,1,True,1,0.14918507993551788,0.9588353278858958,-0.4088353278858957,0.0,0.850814938545227,0.14918507635593414,0.029913892008724914,0.8429704847539776,0.1271156232372975,0.0007923096500808293,0.8892210358302796,0.1099866545196396,-0.7158548615166801,-0.7792343813106399,0.2357979882074336,0.00032030729521091884,0.8647195497408661,0.134960142963923,-0.7297594067769431
351,2,False,0,0.0,0.994218091239636,-0.44421809123963596,1.0,0.0,0.0,0.9999886092819426,2.0412558592270145e-06,9.349462198353771e-06,0.9989074467551335,5.014553326787785e-09,0.001092548230313116,-0.9999792598197442,-0.9978148985248204,0.413244000517364,0.9997663082750262,1.49655877614584e-08,0.00023367675938603142,-0.9995326315156402
352,4,False,1,0.0,0.9835424597184669,-0.43354245971846683,0.0,1.0,0.0,0.01337830442226089,0.9784928481895602,0.008128847388179056,0.00042008088069398565,0.9988691798003339,0.0007107393189722897,-0.9703640008013811,-0.9981584404813616,0.3869873969137637,4.254821754729557e-06,0.9999811450350812,1.4600143164156368e-05,-0.999966544891917
353,0,True,0,0.4211503580432464,0.6099215844506183,-0.05992158445061824,0.5788496136665344,0.0,0.4211503565311432,0.19451375070618027,0.39410769752093344,0.41137855177288624,0.19428149128764852,0.39271988264703217,0.4129986260653194,0.21686480106670597,0.21871713477767088,0.40158533067441804,0.19788533747699383,0.3978572343582499,0.4042574281647562,0.20637209068776236
354,4,True,1,0.1510709433256638,0.9528142824883851,-0.402814282488385,0.0,0.8489290475845337,0.15107093751430511,0.6260667770449599,0.10247487191011932,0.2714583510449207,0.7137610199625718,0.06488264337554916,0.221356336661879,0.16898347913480138,0.15647369328632985,0.3643802371551546,0.7094921791616801,0.054502853832019166,0.23600496700630083,0.18150211317428167
355,2,True,1,0.1748082876324218,0.8907261062024602,-0.34072610620246013,0.0,0.8251917362213135,0.1748082935810089,0.38200187228003746,0.24779644536619055,0.37020168235377193,0.4311178147459928,0.2312110036346136,0.3376711816193936,0.12240523698758138,0.10646017798477997,0.40969637182554913,0.46610816643761616,0.18989326595824838,0.3439985676041354,0.154105301645887
356,4,True,1,0.1575029186359953,0.9337274851666373,-0.38372748516663724,0.0,0.8424971103668213,0.1575029194355011,0.17651699010679148,0.6447416848177274,0.17874132507548107,0.055028880112880464,0.8313467778847228,0.11362434200239681,-0.46600035974224635,-0.717722435882326,0.3252497560373416,0.08960270799293349,0.6611163037444521,0.24928098826261433,-0.4118353154818377
357,0,True,0,0.16152437249962082,0.9227732052409395,-0.3727732052409395,0.8384756445884705,0.0,0.16152437031269073,0.4250165925760311,0.1818450342922264,0.39313837313174255,0.5589736522886689,0.15317019872695029,0.2878561489843808,-0.031878219444288536,-0.27111750330428813,0.3781176429716653,0.5738817412752413,0.15799015149441326,0.26812810723034547,-0.3057536340448958
358,0,True,1,0.1639196719211149,0.9165568128082685,-0.36655681280826846,0.0,0.8360803127288818,0.16391967236995697,0.33803611702611536,0.27070855745941014,0.3912553255144745,0.3830402352832551,0.25520570296505346,0.36175406175169145,0.12054676805506437,0.10654835878663799,0.4227776339642782,0.4143521069781111,0.23821463043357025,0.3474332625883186,0.10921863215474834
359,4,True,1,0.15313656571740325,0.9464525557523773,-0.39645255575237726,0.0,0.8468634486198425,0.15313656628131866,0.008915636633871453,0.8047520594907784,0.1863323038753501,0.00029520365639169936,0.8554259148954846,0.14427888144812387,-0.6184197556154283,-0.7111470334473607,0.3094008172623195,2.5197246908558444e-06,0.8522358180714045,0.14776166220390466,-0.7044741558674998
360,2,True,1,0.19101452359725563,0.8579223921921969,-0.30792239219219686,0.0,0.8089854717254639,0.19101452827453613,0.09610541519764966,0.539781054295785,0.3641135305065653,0.057994387186434376,0.6896698950231721,0.25233571779039343,-0.17566752378921974,-0.4373341772327787,0.3256190583075442,0.03720813396171031,0.7015822713768408,0.2612095946614489,-0.44037267671539193
361,1,False,1,0.0,0.9826042518450617,-0.4326042518450617,0.0,1.0,0.0,0.008962897437863345,0.9881716291391672,0.0028654734229695412,0.00025028553138987876,0.9989249713443291,0.0008247431242810499,-0.9853061557161977,-0.9981002282200481,0.3827687763738706,6.90431892942259e-05,0.9999113483472875,1.9608463418358747e-05,-0.9998917398838691
362,0,True,0,0.14734526445152907,0.9649209701609414,-0.4149209701609413,0.852654755115509,0.0,0.14734525978565216,0.7674486674948585,0.06370843769054182,0.16884289481459977,0.7447152009470596,0.053533894968908986,0.20175090408403146,-0.5986057726802587,-0.5429642968630282,0.3592716827353984,0.7801918252827409,0.021192925861279133,0.19861524885598006,-0.5815765764267609
363,1,True,1,0.2824668882215106,0.7328745950828798,-0.18287459508287973,0.0,0.7175331115722656,0.2824668884277344,0.02119175954061121,0.7287054428091386,0.25010279765025,0.0031507168403185895,0.811372564614312,0.18547671854536943,-0.4786026451588886,-0.6258958460689426,0.32154946612557633,0.0008307011750596307,0.7939017979872729,0.2052675008376674,-0.5886342971496055
364,4,False,0,0.0,0.949229112265047,-0.399229112265047,1.0,0.0,0.0,0.8815923830313436,0.11387084043763589,0.004536776531020437,0.8115181516860952,0.1871799282245151,0.0013019200893897107,-0.8770556065003231,-0.8102162315967055,0.48144727299977924,0.8322267662201367,0.16776478271899764,8.451060865763055e-06,-0.8322183151592709
365,3,False,0,0.0,0.9973610056548473,-0.44736100565484727,1.0,0.0,0.0,0.9999931730953973,4.954552124642237e-06,1.872352478083328e-06,0.9987238051031363,2.438763526814082e-07,0.0012759510205111663,-0.9999913007429192,-0.9974478540826252,0.3989146785628771,0.9998716160142593,2.694630585433914e-26,0.00012838398574078395,-0.9997432320285186
366,2,False,1,0.0,0.9652369443596681,-0.41523694435966807,0.0,1.0,0.0,0.00531717238030475,0.9901515906636795,0.004531236956015731,3.9485403238898434e-05,0.9993457064577193,0.0006148081390418965,-0.9856203537076638,-0.9987308983186773,0.3765980045998301,1.0637074776391325e-06,0.9998244841489106,0.000174452143611824,-0.9996500320052988
367,0,False,0,0.0,0.9287462190401073,-0.3787462190401073,1.0,0.0,0.0,0.968611624442579,0.03072349082044743,0.0006648847369734674,0.9881097861162459,0.011157906108201958,0.0007323077755520255,-0.9679467397056055,-0.9873774783406939,0.4807600153155134,0.9999592908491935,3.974851968595605e-05,9.60631120489414e-07,-0.999958330218073
368,3,False,0,0.0,0.978011866019843,-0.428011866019843,1.0,0.0,0.0,0.9775314086466386,0.02206097343446248,0.0004076179188988831,0.994591345994891,0.004659032916465681,0.0007496210886432293,-0.9771237907277397,-0.9938417249062478,0.47180478470828113,0.9999409444064474,4.8589184085426385e-05,1.0466409466944564e-05,-0.9999304779969805
369,1,True,0,0.549994792500617,0.5123068033698828,0.037693196630117276,0.4500052034854889,0.0,0.5499947667121887,0.24405702021414571,0.35129524808622553,0.4046477316996288,0.25754597314910366,0.31571983631278433,0.426734190538112,0.1605907114854831,0.16918821738900836,0.4020970025263864,0.21533935993346204,0.35400215619291525,0.43065848387362266,0.21531912394016062
370,1,False,0,0.0,0.8711185197845402,-0.3211185197845402,1.0,0.0,0.0,0.8984826352760186,0.09779417419190084,0.003723190532080734,0.8605788210026126,0.1384682740818171,0.0009529049155702387,-0.8947594447439379,-0.8596259160870424,0.4883652536800736,0.8233907026202463,0.17660058696549774,8.7104142561053e-06,-0.8233819922059902
371,3,True,1,0.7409121730578815,0.34098459826029615,0.2090154017397039,0.0,0.25908783078193665,0.7409121990203857,0.32538033330545774,0.34315881444450824,0.3314608522500341,0.2935398168764174,0.32110254977438507,0.3853576333491975,-0.011697962194474165,0.06425508357481241,0.40378892880214207,0.29784101958846076,0.35197831216642994,0.35018066824510935,-0.0017976439213205908
372,3,False,0,0.0,0.9629470093439594,-0.41294700934395934,1.0,0.0,0.0,0.9677897715062462,0.0315195033409429,0.0006907251528110209,0.9888190334014316,0.010311229944633581,0.0008697366539347992,-0.9670990463534352,-0.9879492967474969,0.4815369638068573,0.999468397584587,0.0005165287227739304,1.5073692639100281e-05,-0.999453323891948
373,3,True,0,0.13859959724236742,0.9972876295955952,-0.4472876295955952,0.8614004254341125,0.0,0.13859960436820984,0.8784604787632461,0.004004508034562336,0.11753501320219162,0.8612303198200624,0.0008343767155721446,0.13793530346436556,-0.7609254655610544,-0.7232950163556968,0.34944731906005555,0.8719426163543484,2.4160524422746063e-09,0.1280573812295992,-0.7438852351247492
374,0,True,0,0.142547742111232,0.9819000580393523,-0.4319000580393523,0.8574522733688354,0.0,0.14254774153232574,0.6989784713875038,0.05132133707984532,0.24970019153265088,0.7485920794086145,0.03643661383473514,0.21497130675665044,-0.4492782798548529,-0.5336207726519641,0.3381152155053624,0.7804454774119066,0.006063424354942326,0.21349109823315104,-0.5669543791787556
375,1,True,1,0.17110929758369697,0.8990958545060396,-0.3490958545060395,0.0,0.8288906812667847,0.17110930383205414,0.1465350116971229,0.48122812503468076,0.3722368632681963,0.1607647761048551,0.5159808216227041,0.32325440227244095,-0.10899126176648444,-0.19272641935026313,0.3150893358345121,0.13064709799971763,0.5250393119892613,0.344313590011021,-0.18072572197824033
376,2,False,0,0.0,0.9448057440354843,-0.3948057440354843,1.0,0.0,0.0,0.9691225787396871,0.030221387808705053,0.0006560334516078597,0.9888719583494995,0.010545794011772917,0.0005822476387276614,-0.9684665452880793,-0.9882897107107719,0.4796648673481553,0.9845954119165875,0.015398943206796266,5.644876616172748e-06,-0.9845897670399714
377,4,True,1,0.17171995835359766,0.8976874868146086,-0.3476874868146086,0.0,0.8282800316810608,0.17171995341777802,0.4539798012456021,0.22652278588124872,0.31949741287314914,0.5136762708657289,0.2072707495709092,0.2790529795633619,0.09297462699190043,0.07178222999245268,0.3986579479296982,0.5129255238390686,0.17636104594182095,0.3107134302191103,0.13435238427728935
378,0,True,0,0.14159409893896185,0.9854890640603567,-0.4354890640603567,0.8584058880805969,0.0,0.14159409701824188,0.7900396810417651,0.02245586222178703,0.1875044567364477,0.8129010328717898,0.01011764142298486,0.17698132570522532,-0.6025352243053175,-0.6359197071665645,0.35466914237380615,0.8379569128366514,1.553208746975734e-06,0.1620415339546016,-0.6759153788820498
379,4,True,1,0.15317525639557306,0.9463356041727776,-0.3963356041727776,0.0,0.8468247652053833,0.1531752496957779,0.011517894190945134,0.887178611631054,0.10130349417800077,0.00024861670111905464,0.8491646335459954,0.15058674975288572,-0.7858751174530533,-0.6985778837931096,0.17526586881829065,1.8717619409553304e-06,0.8639591349674479,0.13603899327061117,-0.7279201416968367
380,1,True,1,0.16881225547255846,0.9044932597432849,-0.3544932597432848,0.0,0.8311877250671387,0.16881226003170013,0.03518190104735663,0.7106029488261179,0.2542151501265254,0.0045386516034005,0.813418177504923,0.18204317089167657,-0.45638779869959245,-0.6313750066132464,0.27647657649188484,0.0017658673268713223,0.8116807805924642,0.1865533520806644,-0.6251274285117998
381,3,True,0,0.13994749393293426,0.9918732366503379,-0.44187323665033784,0.8600525259971619,0.0,0.13994748890399933,0.8254431948336324,0.006892724136682338,0.1676640810296852,0.8552482777867805,0.0016499941314524454,0.14310172808176694,-0.6577791138039472,-0.7121465497050136,0.3308314558019859,0.8732208655398718,5.851228265405525e-08,0.12677907594784565,-0.7464417895920261
382,1,False,0,0.0,0.9793193742271186,-0.4293193742271185,1.0,0.0,0.0,0.976322704722336,0.023282072008140135,0.0003952232695238019,0.9910355446995296,0.008443891466118554,0.0005205638343519271,-0.9759274814528122,-0.9905149808651776,0.47622125658504605,0.993587417718554,0.0064123182001198835,2.640813260992852e-07,-0.9935871536372278
383,1,True,1,0.14417076045447696,0.9759628652576691,-0.425962865257669,0.0,0.8558292388916016,0.14417076110839844,0.005352082092487585,0.8520479078317991,0.1426000100757135,8.637555884553015e-05,0.8469277177258927,0.15298590671526166,-0.7094478977560856,-0.693941811010631,0.2664764132685038,1.1573817187264972e-05,0.8641990527292097,0.13578937345360298,-0.7284096792756067
384,1,False,0,0.0,0.9813913142856413,-0.43139131428564126,1.0,0.0,0.0,0.995533334944302,0.004326793722989946,0.00013987133270799756,0.9988453168980039,0.0005482839833784506,0.0006063991186176115,-0.995393463611594,-0.9982389177793863,0.4317081739525376,0.9998367901746764,0.00016233464999983052,8.751753238540544e-07,-0.9998359149993525
385,4,True,1,0.14549609815167108,0.9712650823388411,-0.4212650823388411,0.0,0.8545039296150208,0.14549610018730164,0.006231843247314607,0.8323443973992971,0.16142375935338832,0.00011467571190175922,0.8556971320473064,0.14418819224079188,-0.6709206380459087,-0.7115089398065144,0.2931927046845252,5.043722044294037e-07,0.8650471086667214,0.13495238696107406,-0.7300947217056474
386,2,True,0,0.1386766372350519,0.9969733685655217,-0.4469733685655216,0.861323356628418,0.0,0.13867664337158203,0.8866526503259091,0.003606746282208045,0.10974060339188259,0.8693410553800374,6.737986244691633e-05,0.13059156475751568,-0.7769120469340265,-0.7387494906225217,0.34811783886932174,0.8762415271643613,0.0003674375100280854,0.12339103532561066,-0.7528504918387506
387,1,False,0,0.0,0.9887148115988028,-0.43871481159880277,1.0,0.0,0.0,0.9925975042680732,0.007266658817278153,0.00013583691464841182,0.9982355801819366,0.0011192783575005906,0.0006451414605626519,-0.9924616673534249,-0.997590438721374,0.4363695071590251,0.9996449161261808,0.000354703925524893,3.799482942401567e-07,-0.9996445361778865
388,1,True,1,0.16684084755566841,0.90925726285887,-0.35925726285886994,0.0,0.8331591486930847,0.16684085130691528,0.007785906421509596,0.8567753930472882,0.1354387005312022,0.00040112362844537357,0.8301792580335589,0.16941961833799563,-0.721336692516086,-0.6607596396955633,0.17839356719528449,2.5383190064720643e-05,0.8536450883022849,0.1463295285076504,-0.7073155597946346
389,1,False,0,0.0,0.8741640467966116,-0.3241640467966116,1.0,0.0,0.0,0.9091041873869511,0.08801475649090461,0.0028810561221443523,0.8774291241049945,0.1216558099655556,0.0009150659294497511,-0.9062231312648067,-0.8765140581755447,0.48580076844101344,0.8361996285336674,0.1637929375868342,7.433879498523878e-06,-0.8361921946541688
390,0,True,1,0.2760299416475489,0.7398172420363511,-0.18981724203635109,0.0,0.7239700555801392,0.27602994441986084,0.37036626174858894,0.20395195235194458,0.4256817858994665,0.5123740317736494,0.15431019321055736,0.3333157750157933,0.2217298335475219,0.17900558180523593,0.38927930693862595,0.5213588804684577,0.1763854620717616,0.3022556574597808,0.1258701953880192
391,2,False,0,0.0,0.9676319299768472,-0.41763192997684717,1.0,0.0,0.0,0.9790086779455056,0.02060200443894353,0.00038931761555093393,0.9955015309571619,0.004038336622268943,0.0004601324205690659,-0.9786193603299547,-0.9950413985365928,0.46703402259693316,0.9934172263774963,0.006578645543176294,4.128079327395841e-06,-0.9934130982981689
392,1,True,0,0.1412916564522666,0.9866435474255073,-0.43664354742550726,0.8587083220481873,0.0,0.14129166305065155,0.7776568618063421,0.0169789153200229,0.20536422287363507,0.8350039926413138,0.003402775358582191,0.161593232000104,-0.572292638932707,-0.6734107606412097,0.33235611333995296,0.8243436777750037,0.0057260216321309825,0.16993030059286524,-0.6544133771821385
393,0,True,0,0.29355228838107594,0.7213106216778917,-0.17131062167789168,0.7064477205276489,0.0,0.2935522794723511,0.24537751936695326,0.35422613454312046,0.40039634608992625,0.23330524317130336,0.3045619088171427,0.4621328480115539,0.15501882672297299,0.22882760484025055,0.39501128466390134,0.26176500804629366,0.3226569239721897,0.41557806798151675,0.1538130599352231
394,1,False,0,0.0,0.9005461713773014,-0.3505461713773014,1.0,0.0,0.0,0.9774946281185871,0.02207339770863858,0.00043197417277437966,0.9925457577050198,0.006910959694307408,0.0005432826006727507,-0.9770626539458127,-0.9920024751043471,0.46867275334731834,0.9937554618291582,0.00624418237423117,3.557966107006731e-07,-0.9937551060325475
395,3,True,0,0.22105897632457006,0.8086384647508287,-0.25863846475082863,0.7789410352706909,0.0,0.22105897963047028,0.6112046694494506,0.060909899496284906,0.3278854310542646,0.7847242611959798,0.026314828653233972,0.1889609101507862,-0.283319238395186,-0.5957633510451936,0.26989624556974473,0.7256014028948488,0.08234586462954378,0.19205273247560745,-0.5335486704192414
396,3,False,1,0.0,0.9806455907424554,-0.43064559074245534,0.0,1.0,0.0,0.0010234289185890575,0.9819583750311169,0.017018196050293956,2.8278148353215314e-07,0.999845056918401,0.00015466030011545168,-0.964940178980823,-0.9996903966182855,0.3875672310214623,1.4220135862519358e-15,0.9997972941970482,0.00020270580295037328,-0.9995945883940979
397,4,False,1,0.0,0.9792239661600461,-0.4292239661600461,0.0,1.0,0.0,0.0016892612968920108,0.9946330625180735,0.0036776761850345263,4.5409341487221276e-06,0.9994821992233732,0.000513259842478096,-0.9909553863330389,-0.9989689393808951,0.363023708246781,5.000333906336037e-09,0.9997734377443035,0.00022655725536263057,-0.9995468804889409
398,3,True,1,0.15284969822104216,0.9473221554846154,-0.39732215548461536,0.0,0.8471503257751465,0.1528497040271759,0.03374150736951536,0.7497886586807629,0.2164698339497217,0.002663160169252321,0.8245582402535265,0.17277859957722114,-0.5333188247310412,-0.6517796406763054,0.22857986809626948,1.0708335139784896e-05,0.8260525443863186,0.1739367472785417,-0.6521157971077769
399,4,True,1,0.22781912808323002,0.7989866884283707,-0.24898668842837068,0.0,0.7721808552742004,0.22781912982463837,0.11164722171889141,0.5480335665062823,0.3403192117748263,0.0595262204461127,0.6815644409922574,0.25890933856162984,-0.207714354731456,-0.4226551024306276,0.29687313577693186,0.04797332185367531,0.6664393288435684,0.28558734930275637,-0.380851979540812
400,3,True,1,0.14808452745888212,0.9624495194776698,-0.4124495194776697,0.0,0.8519154787063599,0.14808452129364014,0.02684845128032534,0.8499815584702699,0.12316999024940467,0.0007367004793112194,0.9032173763378076,0.09604592318288126,-0.7268115682208652,-0.8071714531549263,0.23634738590928875,9.292500659147484e-07,0.869662748939174,0.1303363218107603,-0.7393264271284137
401,4,False,1,0.0,0.9817634488063983,-0.4317634488063983,0.0,1.0,0.0,0.001470462378819558,0.9867668737073856,0.011762663913794696,1.980930420884741e-06,0.9996458338917847,0.0003521851777944778,-0.9750042097935909,-0.9992936487139903,0.37619352075926393,2.718402454418064e-09,0.9997531474074108,0.00024684987418689463,-0.999506297533224
402,4,False,0,0.0,0.8759075416008257,-0.3259075416008257,1.0,0.0,0.0,0.5389934337446257,0.4135557218171636,0.04745084443821068,0.5718710293820458,0.4266417445298138,0.001487226088140264,-0.49154258930641503,-0.5703838032939056,0.4727457456844316,0.6408749835292981,0.35895693162810044,0.0001680848426015714,-0.6407068986866965
403,4,False,0,0.0,0.9372606944944687,-0.38726069449446865,1.0,0.0,0.0,0.92838737416012,0.06961033126813045,0.002002294571749436,0.9024128007776611,0.09643354855938746,0.001153650662951459,-0.9263850795883706,-0.9012591501147096,0.48868990515242594,0.8862176803812002,0.11377804730226677,4.27231653308441e-06,-0.8862134080646671
404,4,False,0,0.0,0.8928425872131802,-0.34284258721318017,1.0,0.0,0.0,0.8822522405815298,0.11306458939648252,0.004683170021987478,0.8128487722547542,0.18585304719667553,0.0012981805485703204,-0.8775690705595424,-0.8115505917061838,0.48421268023915714,0.8298903700354092,0.1701012381370052,8.391827585553777e-06,-0.8298819782078236
405,3,True,1,0.16521197445838237,0.913290842138037,-0.363290842138037,0.0,0.8347880244255066,0.1652119755744934,0.006929819641169751,0.9638085992377026,0.029261581121127887,0.00017196680261798183,0.7793779624021671,0.22045007079521506,-0.9345470181165747,-0.558927891606952,0.13877837894201653,8.712214127312318e-11,0.8350783404132659,0.16492165949961193,-0.670156680913654
406,3,False,0,0.0,0.4792337290337553,0.07076627096624477,1.0,0.0,0.0,0.6643152071163342,0.2864072339892881,0.0492775588943777,0.7339333578379469,0.26424444521286283,0.0018221969491901988,-0.6150376482219565,-0.7321111608887567,0.5053657275468502,0.7142278454801638,0.284849767525938,0.0009223869938981876,-0.7133054584862656
407,2,True,0,0.13991901183174266,0.9919858440338747,-0.44198584403387464,0.8600810170173645,0.0,0.13991901278495789,0.9685891982389512,0.020915780641533786,0.01049502111951519,0.892805046743441,0.0020720683596169975,0.10512288489694198,-0.958094177119436,-0.787682161846499,0.39650295023957094,0.8832144241686158,0.006184553373516835,0.11060102245786728,-0.7726134017107485
408,4,True,1,0.16561915242592062,0.9122740223355998,-0.3622740223355998,0.0,0.8343808650970459,0.1656191498041153,0.029123658386230683,0.7164999104910781,0.25437643112269126,0.0031939910106677616,0.8151133969830319,0.1816926120063004,-0.4621234793683868,-0.6334207849767315,0.30242352378056264,0.0001903809184568827,0.850978258911742,0.14883136016980125,-0.7021468987419407
409,3,False,0,0.0,0.9763425166037553,-0.4263425166037552,1.0,0.0,0.0,0.9910434164598477,0.008775944094776708,0.00018063944537534122,0.9982550426783788,0.0009509210102126544,0.000794036311408505,-0.9908627770144723,-0.9974610063669703,0.4346486724557989,0.9999830381404492,1.220532385411577e-07,1.683980631226339e-05,-0.9999661983341369
410,0,True,1,0.23144290500686254,0.7939823838456587,-0.24398238384565862,0.0,0.768557071685791,0.2314428985118866,0.1130833887066652,0.5757905247156114,0.31112608657772334,0.02502902201498208,0.7500186406831028,0.22495233730191508,-0.2646644381378881,-0.5250663033811876,0.27774871218683167,0.029877141447304294,0.7670327160118333,0.20309014254086238,-0.5639425734709709
411,2,True,0,0.13835245125958523,0.9982998205511289,-0.4482998205511288,0.8616475462913513,0.0,0.13835245370864868,0.9935628861561131,6.635775355430878e-05,0.006370756090332376,0.8538566783678002,2.6022551596891985e-08,0.14614329560964803,-0.9871921300657808,-0.7077133827581522,0.21805755868828053,0.8783485974177874,1.5102933087254003e-06,0.12164989228890398,-0.7566987051288834
412,2,True,1,0.1612886021025528,0.9233970137153366,-0.3733970137153365,0.0,0.8387113809585571,0.16128860414028168,0.010863623843890991,0.9013109320341602,0.08782544412194877,0.00024302770257602718,0.83809447744322,0.16166249485420398,-0.8134854879122114,-0.6764319825890159,0.15407882391267008,1.5139824135685187e-05,0.8378055242515472,0.16217933592431713,-0.6756261883272301
413,2,True,1,0.16156178441516306,0.9226744211922657,-0.3726744211922657,0.0,0.8384382128715515,0.1615617871284485,0.07300731404242952,0.7093075491958892,0.21768513676168127,0.0076778891688740036,0.8239291830553613,0.16839292777576464,-0.49162241243420796,-0.6555362552795967,0.2368740435533147,0.0069139849382514025,0.8029416586005729,0.19014435646117564,-0.6127973021393972
414,0,False,0,0.0,0.9979040860857844,-0.44790408608578436,1.0,0.0,0.0,0.9996635468906092,0.0003327782288712986,3.6748805194831556e-06,0.998925065984618,1.7425747569330434e-05,0.001057508267812589,-0.9996598720100898,-0.9978675577168055,0.448083676207469,0.9999996774367158,1.215271633182757e-24,3.225632842748093e-07,-0.9999993548734315
415,1,True,0,0.1382178895757118,0.9988535276475093,-0.4488535276475093,0.8617821335792542,0.0,0.13821789622306824,0.9985925793299082,0.0006136221183998341,0.0007937985516919471,0.9035390059358639,2.045571289615569e-06,0.09645894849284654,-0.9977987807782163,-0.8070800574430174,0.2902010233565642,0.8706293735733773,2.7401306030688754e-05,0.12934322512059215,-0.7412861484527852
416,2,False,1,0.0,0.9868474902720271,-0.4368474902720271,0.0,1.0,0.0,0.007601314516291445,0.977216253113036,0.015182432370672743,3.3736339190848786e-05,0.9996384927320443,0.0003277709287647316,-0.9620338207423632,-0.9993107218032796,0.4092518721885908,2.5057548439470053e-06,0.9999170698639802,8.04243811758502e-05,-0.9998366454828044
417,4,True,1,0.16034479186486927,0.925916424653043,-0.375916424653043,0.0,0.8396552205085754,0.16034479439258575,0.030278664016785518,0.7121412765019683,0.2575800594812462,0.0038309485698908245,0.8105670896307635,0.18560196179934568,-0.45456121702072216,-0.6249651278314179,0.2963118061017793,0.0002508760306514653,0.8428014652576267,0.15694765871172206,-0.6858538065459046
418,3,True,0,0.13907735712375402,0.9953482754807915,-0.4453482754807915,0.860922634601593,0.0,0.1390773504972458,0.9518579076025817,0.02094554194409786,0.02719655045332049,0.8474987136105848,0.0015532904274214256,0.15094799596199385,-0.9246613571492612,-0.696550717648591,0.3643810928251864,0.8579668893842514,0.0001624287704121072,0.1418706818453365,-0.7160962075389149
419,0,False,1,0.0,0.7382676972455773,-0.18826769724557724,0.0,1.0,0.0,0.29831205055286514,0.5786210675966234,0.1230668818505114,0.23362997395806098,0.765642760413143,0.0007272656287960294,-0.45555418574611195,-0.7649154947843471,0.48785885454563316,0.2574923398952518,0.7424699980539782,3.7662050769980227e-05,-0.7424323360032082
420,0,True,1,0.2249257555364953,0.8030654607233448,-0.2530654607233448,0.0,0.7750742435455322,0.22492575645446777,0.02256179287751078,0.7406444313827846,0.2367937757397046,0.0016558009583043038,0.8359900691673138,0.16235412987438194,-0.50385065564308,-0.6736359392929319,0.29035943821474774,0.0009903696606003874,0.8616504608533886,0.13735916948601096,-0.7242912913673776
421,3,True,1,0.1688476626179108,0.9044088337324342,-0.35440883373243415,0.0,0.8311523199081421,0.16884766519069672,0.00727744904528483,0.8213056214537019,0.17141692950101325,0.00012711725602672618,0.8617482458696231,0.13812463687435028,-0.6498886919526886,-0.7236236089952728,0.29358906915155025,1.308814367327749e-09,0.8201888199746606,0.1798111787165252,-0.6403776412581355
422,0,True,0,0.13927440736666857,0.9945549415400361,-0.44455494154003605,0.8607255816459656,0.0,0.13927440345287323,0.9911220939243872,0.003573854579508063,0.00530405149610469,0.8875124732352798,8.272651144053121e-05,0.11240480025327958,-0.9858180424282825,-0.7751076729820002,0.32430063003289356,0.9033084346616206,1.834993001245942e-14,0.09669156533836115,-0.8066168693232594
423,1,False,1,0.0,0.9720681023187264,-0.4220681023187264,0.0,1.0,0.0,0.010156290573454683,0.9846759726541778,0.005167736772367589,0.00021271935695525278,0.999086428181842,0.0007008524612028942,-0.9795082358818102,-0.9983855757206391,0.37841885952346005,9.227759983435775e-05,0.9998980533212475,9.669078918214667e-06,-0.9998883842423293
424,0,True,0,0.20044953905517465,0.8411173641465278,-0.2911173641465278,0.799550473690033,0.0,0.20044954121112823,0.10949041588682769,0.5216852911834187,0.36882429292975355,0.059312517822155575,0.6668878605387292,0.2737996216391152,0.2593338770429259,0.21448710381695962,0.3159720854250794,0.05366340959843257,0.6771892661107732,0.2691473242907942,0.2154839146923616
425,3,True,1,0.15086386417463354,0.9534651984964322,-0.40346519849643214,0.0,0.8491361141204834,0.1508638709783554,0.005831276544760104,0.9661402556934279,0.028028467761811927,3.490912946579257e-05,0.9403796840581864,0.059585406812347766,-0.938111787931616,-0.8807942772458386,0.24926037419533947,2.458991224357503e-11,0.9319392067775154,0.06806079319789456,-0.8638784135796208
426,2,True,0,0.13883433619008656,0.9963319326682925,-0.4463319326682924,0.8611656427383423,0.0,0.13883434236049652,0.9927490373785283,0.004056228805577751,0.0031947338158940615,0.9284542716840971,6.17121047555263e-05,0.07148401621114735,-0.9895543035626342,-0.8569702554729498,0.3405180272546777,0.897366950564924,0.0004488325523776562,0.10218421688269831,-0.7951827336822257
427,1,True,1,0.40701821735955684,0.6210347703328152,-0.07103477033281513,0.0,0.59298175573349,0.4070182144641876,0.2597539305878941,0.33076772193187903,0.4094783474802268,0.2398533482309579,0.3367534575227322,0.4233931942463098,0.07871062554834779,0.08663973672357755,0.4385350105131766,0.22056085506024609,0.3449404821158819,0.43449866282387195,0.08955818070799004
428,0,True,1,0.16800425316290307,0.9064306680818741,-0.35643066808187407,0.0,0.8319957256317139,0.16800425946712494,0.004539508564851824,0.8258760580603303,0.16958443337481802,6.62142185550325e-05,0.8493803423366526,0.15055344344479232,-0.6562916246855123,-0.6988268988918602,0.3452350576882803,2.07903701510588e-05,0.8822126586186613,0.11776655101118767,-0.7644461076074736
429,4,False,0,0.0,0.7020535284655232,-0.1520535284655231,1.0,0.0,0.0,0.49830598759432326,0.42531043831607585,0.0763835740896008,0.5531744121815878,0.44535435079824026,0.0014712370201719375,-0.4219224135047225,-0.5517031751614159,0.48233352172552185,0.5805519540121572,0.41927415373705224,0.00017389225079062173,-0.5803780617613665
430,1,True,1,0.15682819507402873,0.9356341982002805,-0.38563419820028044,0.0,0.8431717753410339,0.15682819485664368,0.03601644465796004,0.7731736345290372,0.1908099208130027,0.005346742692149944,0.8076732230622348,0.1869800342456152,-0.5823637137160345,-0.6206931888166196,0.1730972122258096,0.0011540244093559272,0.8048310546288819,0.19401492096176212,-0.6108161336671198
431,3,True,0,0.4242086093134706,0.6075388508196464,-0.05753885081964638,0.5757914185523987,0.0,0.4242086112499237,0.7679441685567576,0.06492620827895927,0.16712962316428312,0.7449366771707404,0.0634914075777112,0.1915719152515483,-0.6008145453924745,-0.5533647619191921,0.3608948919104563,0.6947369149893796,0.1062660780366113,0.19899700697400893,-0.4957399080153707
432,0,False,0,0.0,0.8225076943945947,-0.27250769439459466,1.0,0.0,0.0,0.5368601784369054,0.3782330245547606,0.08490679700833417,0.624953612219971,0.373946608414985,0.0010997793650440327,-0.4519533814285712,-0.623853832854927,0.4835800537865076,0.6512899551728796,0.3485537512892709,0.00015629353784961692,-0.65113366163503
433,1,False,0,0.0,0.9819716930439808,-0.43197169304398075,1.0,0.0,0.0,0.9989667027911724,0.0009945083285318127,3.8788880295837345e-05,0.9992438612890991,7.126025084855931e-05,0.0006848784600522862,-0.9989279139108765,-0.9985589828290469,0.4308936323767868,0.9999912056192409,8.166956925486666e-06,6.274238335137684e-07,-0.9999905781954074
434,1,True,0,0.13964776145061814,0.993062096340808,-0.44306209634080795,0.8603522181510925,0.0,0.13964776694774628,0.9082328623644169,0.005737661457567052,0.08602947617801597,0.8771567065532226,0.00025110964112078473,0.12259218380565673,-0.822203386186401,-0.7545645227475659,0.3148017050717046,0.8589814198350783,0.0010414110564366933,0.13997716910848518,-0.719004250726593
435,1,False,1,0.0,0.9834712212670612,-0.43347122126706117,0.0,1.0,0.0,0.00303894746526573,0.994958399617874,0.002002652916860203,2.1093815960415357e-05,0.9992838085788445,0.0006950976051951083,-0.9929557467010138,-0.9985887109736493,0.3681578033220817,6.655973935464928e-06,0.9999554381182095,3.7905907855006534e-05,-0.9999175322103545
436,4,False,1,0.0,0.914190477637941,-0.364190477637941,0.0,1.0,0.0,0.19164130365500948,0.7481708220629926,0.060187874281998024,0.17922265077679142,0.8197150304115336,0.0010623188116748354,-0.6879829477809946,-0.8186527115998588,0.4246258646331803,0.24127243675297286,0.7585064432760041,0.00022111997102291576,-0.7582853233049812
437,1,False,0,0.0,0.99005731528321,-0.4400573152832099,1.0,0.0,0.0,0.9809236487098406,0.01874862471997612,0.0003277265701831835,0.9942392618917557,0.00523763690552404,0.0005231012027203718,-0.9805959221396574,-0.9937161606890353,0.4677368444966117,0.9961056522372097,0.0038941033107139844,2.4445207630705295e-07,-0.9961054077851333
438,3,False,0,0.0,0.9858542923962323,-0.4358542923962323,1.0,0.0,0.0,0.9898699661255531,0.00995115604833891,0.00017887782610794472,0.998085405515803,0.001094576686975768,0.0008200177972211242,-0.9896910882994452,-0.997265387718582,0.43806569185414057,0.9999862598822902,2.6417025500844967e-07,1.3475947454825672e-05,-0.9999727839348354
439,4,False,1,0.0,0.9789962743690366,-0.42899627436903653,0.0,1.0,0.0,0.004889010621006981,0.9807595407167039,0.01435144866228911,2.057477608505976e-05,0.9996204088079373,0.00035901641597736625,-0.9664080920544148,-0.99926139239196,0.4035328302907824,1.5283199330683226e-07,0.9999684751773749,3.137199063182594e-05,-0.999937103186743
440,3,True,1,0.15132478752525552,0.9520197157244084,-0.4020197157244083,0.0,0.8486751914024353,0.1513247936964035,0.011914816960613413,0.806718320627339,0.18136686241204766,0.0003624657414071885,0.8494718363882845,0.15016569787030826,-0.6253514582152913,-0.6993061385179762,0.2571351649858924,2.3363945231587386e-08,0.8165327935198774,0.18346718311617743,-0.6330656104037
441,4,False,0,0.0,0.9888363294001801,-0.43883632940018,1.0,0.0,0.0,0.998316251288017,0.001636706432005908,4.704227997724311e-05,0.9991902193129804,9.808280105487486e-05,0.0007116978859647784,-0.9982692090080398,-0.9984785214270155,0.43433683786462873,0.9999923030121424,1.6885615832058394e-10,7.696819001548198e-06,-0.9999846061931408
442,2,True,0,0.1389818195608017,0.9957342813158666,-0.44573428131586657,0.861018180847168,0.0,0.13898181915283203,0.9102899904333663,0.0055530306264537895,0.08415697894018004,0.8708021825400283,0.0001359920865029212,0.12906182537346894,-0.8261330114931863,-0.7417403571665593,0.3128086798959134,0.869666949145543,0.0007102443058357834,0.12962280654862124,-0.7400441425969218
443,4,True,0,0.13851793216718428,0.9976214080218818,-0.4476214080218818,0.8614820837974548,0.0,0.13851793110370636,0.953269910155738,0.0015460749283656902,0.045184014915896284,0.8728421717043551,2.1900537395210543e-05,0.1271359277582498,-0.9080858952398417,-0.7457062439461053,0.2783840046980193,0.8565141069510985,3.214326737260883e-08,0.1434858609056341,-0.7130282460454644
444,1,True,0,0.3799562276224868,0.642891958697955,-0.09289195869795497,0.6200437545776367,0.0,0.3799562156200409,0.41266926018256245,0.32010917776181347,0.2672215620556241,0.29273840139758295,0.3573113146618139,0.3499502839406031,-0.14544769812693836,0.057211882543020176,0.43160832511654085,0.26380747936328514,0.3836782649926112,0.3525142556441036,0.08870677628081847
445,2,True,1,0.15655457056854005,0.9364134015329557,-0.38641340153295567,0.0,0.8434454202651978,0.15655456483364105,0.009253924931730072,0.8265054354782189,0.1642406395900511,0.00030900283205132525,0.8445005091517549,0.15519048801619378,-0.6622647958881678,-0.6893100211355612,0.24596816330122556,1.239153220871758e-05,0.8302841125348474,0.16970349593294407,-0.6605806166019033
446,3,False,0,0.0,0.9275497687481209,-0.37754976874812085,1.0,0.0,0.0,0.2728198943484489,0.6800301621452594,0.0471499435062916,0.24446704555034218,0.754158384726534,0.0013745697231237876,-0.2256699508421573,-0.2430924758272184,0.4569570859343056,0.27828225406550694,0.7212140364209552,0.0005037095135380012,-0.27777854455196893
447,3,False,1,0.0,0.9868553807048817,-0.4368553807048816,0.0,1.0,0.0,0.0037276127595147887,0.9955041767197097,0.0007682105207753962,6.231368066057045e-05,0.9988903091344375,0.001047377184901916,-0.9947359661989343,-0.9978429319495357,0.3866260177456594,5.061379776438513e-13,0.999983094453887,1.6905545606828104e-05,-0.9999661889082802
448,1,True,0,0.1398237443405161,0.9923630493794342,-0.44236304937943416,0.8601762652397156,0.0,0.13982374966144562,0.6986280127693841,0.12344253818352738,0.17792944904708863,0.6322029983854329,0.1395259470170922,0.22827105459747493,-0.5206985637222955,-0.403931943787958,0.38154602095743934,0.6515116866125531,0.11405593595966881,0.234432377427778,-0.4170793091847751
449,1,True,1,0.16988383709668864,0.9019553882787124,-0.3519553882787123,0.0,0.8301161527633667,0.1698838323354721,0.003677880248317591,0.8952428251280444,0.10107929462363781,5.69679736084835e-05,0.8194746545297106,0.18046837749668088,-0.7941635305044066,-0.6390062770330297,0.1867117925407531,3.248106698202103e-06,0.8696058221137353,0.1303909297795665,-0.7392148923341688
450,0,True,1,0.16284488940144848,0.919319307201142,-0.3693193072011419,0.0,0.8371551036834717,0.16284489631652832,0.6078040498513754,0.15801864293387102,0.2341773072147535,0.5780441354903949,0.19331499095904997,0.22864087355055518,0.07615866428088247,0.03532588259150521,0.3882941904168219,0.6387939741998244,0.15383419130000867,0.207371834500167,0.05353764320015833
451,1,False,0,0.0,0.9800428796029969,-0.4300428796029968,1.0,0.0,0.0,0.9993167487350985,0.0006022410388545108,8.101022604714702e-05,0.9992561731347318,4.01895190876907e-05,0.000703637346180731,-0.9992357385090513,-0.9985525357885511,0.41271558338226394,0.9999836288053247,1.1213536741601588e-05,5.15765793359301e-06,-0.999978471147391
452,3,False,1,0.0,0.9482775841090239,-0.3982775841090238,0.0,1.0,0.0,0.04855730315154409,0.9308919746505444,0.02055072219791177,0.005838404079665119,0.9935259010480477,0.000635694872287048,-0.9103412524526326,-0.9928902061757606,0.41059630983366063,2.4678253200499548e-05,0.999942308053209,3.301369359044293e-05,-0.9999092943596186
453,1,False,0,0.0,0.9763386808314691,-0.4263386808314691,1.0,0.0,0.0,0.9979695151958957,0.0019514933412880131,7.899146281619316e-05,0.999180163123348,0.00018530065851443534,0.0006345362181375205,-0.9978905237330795,-0.9985456269052105,0.4300149711445522,0.9999676589200068,3.147478124689879e-05,8.662987463407748e-07,-0.9999667926212605
454,2,True,0,0.14035941850629952,0.9902530921935212,-0.44025309219352116,0.8596405982971191,0.0,0.14035941660404205,0.9782743874448782,0.00041355536539233447,0.021312057189729387,0.8572532337288694,1.0828488934740854e-06,0.142745683422237,-0.9569623302551488,-0.7145075503066324,0.24494231475499567,0.8672797490087151,2.260606993486406e-05,0.1326976449213501,-0.734582104087365
455,3,False,0,0.0,0.9521227526739034,-0.4021227526739034,1.0,0.0,0.0,0.949754190570357,0.04907266007619449,0.001173149353448435,0.9713575912746071,0.02766084819827107,0.0009815605271218276,-0.9485810412169086,-0.9703760307474852,0.48694439804581363,0.9928223828333584,0.00715646471037579,2.115245626581511e-05,-0.9928012303770927
456,1,False,0,0.0,0.9013215626578855,-0.3513215626578855,1.0,0.0,0.0,0.9676242756996525,0.031694858836027316,0.000680865464320225,0.9834736780901159,0.015906358399672912,0.0006199635102113809,-0.9669434102353323,-0.9828537145799044,0.4821729510887316,0.9832305873165088,0.016768804078548923,6.08604942327516e-07,-0.9832299787115665
457,2,False,1,0.0,0.7746933755413095,-0.22469337554130941,0.0,1.0,0.0,0.5450408592446918,0.3775912296672772,0.07736791108803096,0.6606202873503043,0.33766114089976734,0.001718571749928484,-0.3002233185792462,-0.33594256914983883,0.4811458841129266,0.684809285284933,0.3145404333885848,0.0006502813264821576,-0.31389015206210263
458,3,True,1,0.15516282102581358,0.9404314672845749,-0.3904314672845749,0.0,0.8448371887207031,0.15516282618045807,0.01398194126617273,0.9270175264523834,0.05900053228144375,0.00032794477320418236,0.8726419633707571,0.12703009185603892,-0.8680169941709397,-0.7456118715147182,0.18456207292753574,8.904301319485652e-09,0.8601132467882742,0.1398867443074245,-0.7202265024808496
459,0,True,1,0.16429043827555723,0.9156136762493688,-0.3656136762493688,0.0,0.8357095718383789,0.1642904430627823,0.05368963236070947,0.7917158385264879,0.15459452911280275,0.006673618540694136,0.815211532750846,0.17811484870845984,-0.6371213094136852,-0.6370966840423862,0.17019886898191308,0.005203702347524023,0.8296114659174962,0.16518483173497972,-0.6644266341825165
460,4,True,1,0.2445102251157253,0.7768048655545711,-0.22680486555457102,0.0,0.7554897665977478,0.244510218501091,0.32761511433890106,0.34911102643102127,0.3232738592300777,0.2840968128738941,0.327851300434783,0.38805188669132296,-0.02583716720094359,0.060200586256539956,0.41310194760002517,0.3378014225989481,0.30994935956863934,0.35224921783241253,0.04229985826377319
461,2,False,1,0.0,0.9835983635924677,-0.4335983635924676,0.0,1.0,0.0,0.005003809960739474,0.9560900359061122,0.038906154133148026,7.480388740972674e-06,0.9997846988306552,0.00020782078060378883,-0.9171838817729642,-0.9995768780500515,0.43959208822732665,7.230018187685825e-07,0.9998647329039813,0.00013454409419993535,-0.9997301888097814
462,1,False,0,0.0,0.9807127656594847,-0.4307127656594847,1.0,0.0,0.0,0.9955180077799026,0.004365701296628766,0.00011629092346872284,0.9988294617697154,0.0005486674424879347,0.0006218707877965632,-0.9954017168564339,-0.9982075909819189,0.43402450792567066,0.9998588595098361,0.00014052083569982294,6.196544641176257e-07,-0.999858239855372
463,3,True,1,0.22296809812642804,0.8058690155963876,-0.25586901559638753,0.0,0.7770318984985352,0.22296810150146484,0.2795515374716314,0.3149723913664584,0.4054760711619103,0.293928624484697,0.32154680389294266,0.3845245716223604,0.09050367979545193,0.06297776772941777,0.4377148907012722,0.28255681646420866,0.31516112684339986,0.4022820566923914,0.08712092984899156
464,0,True,1,0.14456308953084562,0.9745585515767988,-0.4245585515767988,0.0,0.8554369211196899,0.14456309378147125,0.007543018815230874,0.8449976559699003,0.14745932521486893,0.00011688311487577647,0.8430115478912485,0.15687156899387578,-0.6975383307550314,-0.6861399788973728,0.259344359923544,5.353120527147711e-05,0.8915718778751679,0.10837459091956059,-0.7831972869556073
465,2,False,0,0.0,0.9316782768206425,-0.3816782768206425,1.0,0.0,0.0,0.16431734050144609,0.7754922811477241,0.060190378350829965,0.06679702081010243,0.932300613618073,0.0009023655718244252,-0.10412696215061612,-0.065894655238278,0.42790197622703285,0.0785272375626031,0.9208006789964203,0.0006720834409766424,-0.07785515412162645
466,1,False,0,0.0,0.6965467961103203,-0.1465467961103203,1.0,0.0,0.0,0.6748342426431425,0.2820216300805321,0.04314412727632542,0.6871594265902594,0.31139371250659387,0.0014468609031466713,-0.6316901153668171,-0.6857125656871127,0.5016768853082806,0.6745403459787706,0.32537948670196576,8.01673192637208e-05,-0.6744601786595068
467,3,True,0,0.1380427715378778,0.9995768994920279,-0.44957689949202784,0.8619572520256042,0.0,0.13804277777671814,0.9997003839459033,2.587335258386447e-05,0.0002737427015127907,0.8498960579388284,2.0581247501726004e-08,0.15010392147992407,-0.9994266412443905,-0.6997921364589044,0.2641236037895291,0.8854003797777025,6.329047584757524e-22,0.11459962022229762,-0.7708007595554048
468,1,True,0,0.4761870409024673,0.5678808632181948,-0.01788086321819471,0.5238129496574402,0.0,0.4761870503425598,0.1805060338680224,0.4451580071097503,0.3743359590222274,0.1897942911621461,0.46098275292757657,0.34922295591027724,0.193829925154205,0.15942866474813114,0.32308908857531626,0.1794919543554381,0.4426123317124773,0.3778957139320846,0.1984037595766465
469,4,True,0,0.14064335230656688,0.9891454406295453,-0.4391454406295453,0.8593566417694092,0.0,0.14064335823059082,0.772771116663273,0.015502102296925401,0.21172678103980153,0.8394759275537375,0.0018424956162020726,0.15868157683006048,-0.5610443356234716,-0.680794350723677,0.32021606183907275,0.835913166522056,0.004165658615412277,0.1599211748625317,-0.6759919916595243
470,4,True,0,0.44600820301308286,0.5907424969990557,-0.04074249699905563,0.5539917945861816,0.0,0.44600820541381836,0.44914837435474314,0.31245250614866127,0.2383991194965956,0.39831931558278266,0.3281531447902322,0.27352753962698495,-0.21074925485814755,-0.12479177595579771,0.4574304687244216,0.4207282310651924,0.2957124254138131,0.2835593435209946,-0.13716888754419782
471,0,False,0,0.0,0.963192200986049,-0.4131922009860489,1.0,0.0,0.0,0.9628987948917919,0.036316160721544415,0.0007850443866636841,0.9820588054932848,0.017161236499621813,0.0007799580070932067,-0.9621137505051282,-0.9812788474861917,0.4848144594729609,0.9998287423747376,0.0001700826325959399,1.1749926664760817e-06,-0.9998275673820711
472,4,True,0,0.13923830417396915,0.994700011860699,-0.44470001186069896,0.8607617020606995,0.0,0.13923829793930054,0.9560127664272742,0.00044181697365448526,0.04354541659907126,0.8753262178277459,4.684552751152066e-06,0.12466909761950291,-0.9124673498282029,-0.7506571202082429,0.3128801130525152,0.8607974612033361,2.0788579335777416e-10,0.13920253858877818,-0.7215949226145579
473,1,True,1,0.14647628443595762,0.9678727481623438,-0.41787274816234377,0.0,0.8535237312316895,0.14647628366947174,0.006440826128277721,0.8224070958302203,0.17115207804150195,0.00013793098654230502,0.8581255008374488,0.1417365681760089,-0.6512550177887184,-0.7163889326614399,0.3145492226626767,2.6475160282629034e-05,0.8553559282965825,0.1446175965431349,-0.7107383317534476
474,4,False,0,0.0,0.8670798789455598,-0.3170798789455598,1.0,0.0,0.0,0.549535978000172,0.40272255550313074,0.04774146649669718,0.5885697797274007,0.4099442526696448,0.0014859676029546065,-0.5017945115034748,-0.587083812124446,0.4719876276807643,0.6489574865964586,0.3508791534775154,0.00016335992602588292,-0.6487941266704327
475,4,True,1,0.14499612291306868,0.9730219833818695,-0.42302198338186947,0.0,0.8550038933753967,0.14499612152576447,0.004686283236595886,0.8525530741546336,0.14276064260877064,4.8295532789741034e-05,0.8492504162718483,0.15070128819536197,-0.7097924315458629,-0.6985491280764863,0.28642317925780403,1.34520796546772e-07,0.8752107058184175,0.12478915966078598,-0.7504215461576316
476,4,False,1,0.0,0.964789351937524,-0.414789351937524,0.0,1.0,0.0,0.08572158160844207,0.870644492995944,0.04363392539561395,0.025798967909236796,0.9734512363070101,0.0007497957837530412,-0.8270105676003301,-0.9727014405232571,0.4233111453763766,0.012003298864077465,0.9879417246679016,5.4976468021042484e-05,-0.9878867481998806
477,1,True,1,0.14272092995653046,0.9812564312612142,-0.43125643126121416,0.0,0.8572790622711182,0.14272092282772064,0.002189171103251443,0.8805383538591018,0.11727247503764686,9.160261220043218e-06,0.8429289460703138,0.15706189366846612,-0.763265878821455,-0.6858670524018476,0.30183415957305926,2.193635897920483e-06,0.8489552794240921,0.15104252694001002,-0.697912752484082
478,1,False,1,0.0,0.9509694461824806,-0.40096944618248054,0.0,1.0,0.0,0.1536222230112239,0.7607327886316526,0.08564498835712334,0.08808641547866379,0.9109810660424468,0.0009325184788893017,-0.6750878002745293,-0.9100485475635575,0.4409690368093738,0.09114257809075449,0.9088427083958491,1.4713513396341532e-05,-0.9088279948824528
479,4,True,0,0.2819204167138582,0.7334571856101534,-0.18345718561015334,0.7180795669555664,0.0,0.2819204032421112,0.3934924648321115,0.34219102132046875,0.26431651384741994,0.32626424793739106,0.3381127991649423,0.3356229528976667,-0.12917595098469153,0.009358704960275632,0.43957101098122175,0.375472113939843,0.3111783153134318,0.3133495707467252,-0.062122543193117774
480,1,True,1,0.146467174930609,0.9679039649100737,-0.41790396491007364,0.0,0.8535328507423401,0.1464671790599823,0.004164748958310806,0.8565822947346495,0.1392529563070398,2.7317540900860756e-05,0.8467872327992361,0.15318544965986308,-0.7173293384276097,-0.693601783139373,0.3026821550089724,7.841961367039294e-06,0.8606566987015795,0.13933545933705369,-0.7213212393645257
481,4,False,0,0.0,0.9943259635475866,-0.4443259635475866,1.0,0.0,0.0,0.9999319331169682,5.980792072163595e-05,8.258962310115617e-06,0.9990704493921688,1.142388662991059e-06,0.0009284082191683652,-0.999923674154658,-0.9981420411730004,0.41242727568979126,0.9999490417285396,6.95905955286078e-17,5.09582714603081e-05,-0.9998980834570793
482,2,False,0,0.0,0.9156215581110568,-0.3656215581110568,1.0,0.0,0.0,0.7799352696320514,0.20237809304312449,0.017686637324824096,0.7310620265463882,0.26726131897338257,0.0016766544802293108,-0.7622486323072273,-0.7293853720661588,0.48928028933876744,0.7864113861422026,0.21347088403370512,0.00011772982409215248,-0.7862936563181104
483,2,True,1,0.15764501665490416,0.9333285612053067,-0.3833285612053067,0.0,0.8423550128936768,0.15764501690864563,0.0044305793142697236,0.8521346712452589,0.1434347494404716,8.411453340273163e-05,0.8481251984623417,0.15179068700425544,-0.7086999218047872,-0.6963345114580862,0.2772376099422136,1.4113835190064345e-06,0.824785985292307,0.17521260332417415,-0.6495733819681329
484,4,False,1,0.0,0.972881370232382,-0.4228813702323819,0.0,1.0,0.0,0.005534324582152935,0.9906107092132773,0.0038549662045696863,6.779206546205656e-05,0.9991824690486387,0.0007497388858991582,-0.9867557430087076,-0.9984327301627396,0.37441557580548596,1.3030620639032584e-07,0.9999775180202453,2.2351673548536776e-05,-0.9999551663466967
485,4,False,0,0.0,0.9978714432641467,-0.44787144326414663,1.0,0.0,0.0,0.9999941639036172,4.749297595019777e-06,1.0867987878442973e-06,0.9987543208269499,3.570718584523857e-08,0.0012456434658643877,-0.9999930771048293,-0.9975086773610855,0.40584012257638147,0.9999062096891588,4.023674205494762e-22,9.379031084135557e-05,-0.9998124193783174
486,1,True,1,0.15503607838879896,0.9408020273434355,-0.3908020273434355,0.0,0.8449639081954956,0.1550360769033432,0.003537732525958253,0.8803503245820901,0.11611194289195174,5.0796867132468775e-05,0.8331202820565965,0.16682892107627104,-0.7642383816901384,-0.6662913609803255,0.2299728147805075,3.539116121400231e-06,0.8711107839703345,0.12888567691354413,-0.7422251070567903
487,0,False,0,0.0,0.9672571032592482,-0.41725710325924814,1.0,0.0,0.0,0.9814272494131974,0.01823041304340377,0.00034233754339877065,0.9958556211179006,0.0034884689197498854,0.0006559099623494257,-0.9810849118697986,-0.9951997111555512,0.4615288761082604,0.9999992883529165,1.8892492206866794e-07,5.227221613985945e-07,-0.9999987656307551
488,3,False,0,0.0,0.8003619151255137,-0.25036191512551365,1.0,0.0,0.0,0.7391119185691455,0.23983719930310957,0.02105088212774493,0.8020954954730456,0.19626116995009263,0.0016433345768617164,-0.7180610364414005,-0.8004521608961839,0.4848350581557905,0.8304070787515766,0.16901185873514776,0.0005810625132757502,-0.8298260162383009
489,3,False,0,0.0,0.9039748387174682,-0.35397483871746815,1.0,0.0,0.0,0.7687441802731241,0.21707672411930745,0.014179095607568498,0.8300311396655848,0.1683966177720681,0.0015722425623471113,-0.7545650846655556,-0.8284588971032377,0.4738511997322535,0.8695412786464333,0.13001403857043037,0.00044468278313643104,-0.8690965958632968
490,2,True,1,0.25385039128891373,0.7652575636483095,-0.2152575636483095,0.0,0.7461495995521545,0.25385040044784546,0.288368889363301,0.30524603946942863,0.4063850711672704,0.3023014403096644,0.34524610067428163,0.352452459016054,0.10113903169784177,0.0072063583417723565,0.43284036969999107,0.3482117353727243,0.2747392784270062,0.37704898620026944,0.10230970777326326
491,2,True,1,0.43557165992225244,0.598745762212122,-0.0487457622121219,0.0,0.5644283294677734,0.43557167053222656,0.24737114550804198,0.4025008406973812,0.3501280137945769,0.19575848444501465,0.3953246584920241,0.4089168570629614,-0.05237282690280426,0.013592198570937297,0.35309246944069683,0.24577249518144229,0.3807448822330987,0.37348262258545906,-0.007262259647639657
492,4,False,0,0.0,0.949961263570411,-0.39996126357041095,1.0,0.0,0.0,0.9737978520182706,0.025681512287952356,0.0005206356937772572,0.9902708815400152,0.008960601387881793,0.0007685170721030477,-0.9732772163244934,-0.9895023644679122,0.474446149805593,0.9994895753571605,0.0005085374774775953,1.8871653618038062e-06,-0.9994876881917988
493,2,True,0,0.14021146047589417,0.9908332173454433,-0.44083321734544323,0.8597885370254517,0.0,0.14021146297454834,0.942197487778812,0.002268674461496675,0.0555338377596913,0.8693756356152625,2.530607339145611e-05,0.13059905831134597,-0.8866636500191206,-0.7387765773039165,0.2902341037371395,0.8670172280437071,0.00022022152676825008,0.13276255042952476,-0.7342546776141823
494,2,True,1,0.15376359483397112,0.944566882725575,-0.39456688272557494,0.0,0.8462364077568054,0.15376359224319458,0.02283824675872414,0.7418805291782344,0.23528122406304125,0.001957629759733521,0.8295199353626314,0.16852243487763507,-0.5065993051151931,-0.6609975004849963,0.29151244944136245,0.0001961046529817031,0.8301771767938155,0.16962671855320285,-0.6605504582406126
495,3,True,0,0.1396355544247394,0.9931106946309793,-0.4431106946309793,0.8603644371032715,0.0,0.13963554799556732,0.9007415001159528,0.00678284085264369,0.09247565903140352,0.8655775063091424,0.0009990544577211987,0.1334234392331362,-0.8082658410845492,-0.7321540670760063,0.32098696629179646,0.8676997299365455,1.0403560905368559e-07,0.13230016602784542,-0.7353995639087001
496,2,False,1,0.0,0.9804510055650107,-0.4304510055650107,0.0,1.0,0.0,0.0025577682967729866,0.9958190915365501,0.001623140166676934,1.495114657899354e-05,0.9991843738296446,0.0008006750237762096,-0.9941959513698732,-0.9983836988058684,0.3684295275044218,1.523721128942924e-07,0.9995514235359955,0.00044842409189183193,-0.9991029994441036
497,1,True,1,0.1468058336028416,0.9667472810309135,-0.4167472810309134,0.0,0.8531941771507263,0.14680583775043488,0.023182503258408,0.817416643590519,0.15940085315107277,0.0007144828719594436,0.8587731845990525,0.14051233252898798,-0.6580157904394462,-0.7182608520700645,0.222925413123115,0.00024870547080931487,0.8609415799283359,0.13880971460085473,-0.7221318653274811
498,1,False,0,0.0,0.9327662020782803,-0.38276620207828027,1.0,0.0,0.0,0.8846086702959134,0.11070074956127698,0.004690580142809477,0.8424178139611279,0.15659387962072563,0.0009883064181464862,-0.879918090153104,-0.8414295075429814,0.48727783866456187,0.811921469767142,0.18806758201080057,1.094822205747861e-05,-0.8119105215450845
499,0,False,1,0.0,0.9425880552352345,-0.39258805523523443,0.0,1.0,0.0,0.1983531172689199,0.7445918881492235,0.05705499458185663,0.12729534376988982,0.8720293858399548,0.000675270390155482,-0.6875368935673669,-0.8713541154497993,0.42595954239916745,0.125014466690529,0.8749182018615688,6.733144790212438e-05,-0.8748508704136666
500,0,False,1,0.0,0.9860865478497804,-0.4360865478497804,0.0,1.0,0.0,0.0014665919371359142,0.9864542886237011,0.012079119439163039,5.014287415533544e-06,0.9996680380993607,0.00032694761322374426,-0.974375169184538,-0.999341090486137,0.37564222373378126,4.233297804783435e-06,0.9997558730841158,0.00023989361807950742,-0.9995159794660363
501,1,False,1,0.0,0.9836988346342069,-0.4336988346342069,0.0,1.0,0.0,0.006279419913127307,0.9887810374904124,0.004939542596460368,5.450820775019018e-05,0.9993593916040548,0.0005861001881951487,-0.983841494893952,-0.9987732914158597,0.378478088010683,3.815677903628912e-05,0.9999507395768203,1.110364414334818e-05,-0.999939635932677
502,4,False,0,0.0,0.9931061125585006,-0.4431061125585005,1.0,0.0,0.0,0.999957250814553,3.482409059705175e-05,7.925094849917821e-06,0.9990278727476943,5.992707425908041e-07,0.000971527981563136,-0.9999493257197031,-0.9980563447661313,0.405612377781865,0.9999184991857829,9.049205940464422e-18,8.150081421710848e-05,-0.9998369983715658
503,1,False,1,0.0,0.9859814345928942,-0.4359814345928942,0.0,1.0,0.0,0.043392712100247866,0.9286070709177995,0.028000216981952646,0.003212824824917709,0.9962519453849713,0.0005352297901110069,-0.9006068539358468,-0.9957167155948603,0.4183836950128453,0.003596439194162024,0.9963985430784351,5.017727403000363e-06,-0.9963935253510321
504,1,False,1,0.0,0.9723655986323585,-0.42236559863235845,0.0,1.0,0.0,0.06878046942413539,0.8895569939459659,0.04166253662989869,0.01018750865407587,0.9892017823572689,0.0006107089886553559,-0.8478944573160672,-0.9885910733686135,0.42544701444725097,0.009584135287671271,0.9904089849822314,6.879730097409795e-06,-0.990402105252134
505,4,True,1,0.16196014930470376,0.921625959420091,-0.3716259594200909,0.0,0.8380398750305176,0.1619601547718048,0.004446597672256488,0.8549977085969693,0.14055569373077423,7.894273101601953e-05,0.8471707485566224,0.15275030871236142,-0.7144420148661951,-0.694420439844261,0.2684001573749799,1.7434095400927652e-07,0.8590280471186863,0.14097177854035967,-0.7180562685783266
506,0,False,0,0.0,0.9626936536058189,-0.4126936536058189,1.0,0.0,0.0,0.6508083738678548,0.29892962175964166,0.050262004372503465,0.6745901742560048,0.3241865579839688,0.0012232677600263991,-0.6005463694953513,-0.6733669064959784,0.49886991720236684,0.6727809416219902,0.3271107107527592,0.00010834762525061,-0.6726725939967396
507,3,False,0,0.0,0.9865557308111067,-0.43655573081110666,1.0,0.0,0.0,0.9866960287950217,0.013071421450801899,0.00023254975417624492,0.9976086906893145,0.0016038137355999297,0.0007874955750854148,-0.9864634790408455,-0.9968211951142291,0.4488349359370787,0.9999864802338546,1.6935411660297023e-06,1.1826224979555293e-05,-0.9999746540088751
508,0,False,1,0.0,0.9862036089133772,-0.43620360891337717,0.0,1.0,0.0,0.005433328170949046,0.9811621932062836,0.013404478622767297,4.990529089141228e-05,0.999618342240083,0.0003317524690256276,-0.9677577145835163,-0.9992865897710573,0.40280345166482734,5.38009486788521e-05,0.9999373708381348,8.828213186399353e-06,-0.9999285426249485
509,3,False,1,0.0,0.9887391825280573,-0.4387391825280572,0.0,1.0,0.0,0.005497729240092076,0.98768570553207,0.006816565227837784,3.199343077243368e-05,0.9995720668443266,0.00039593972490080604,-0.9808691403042322,-0.9991761271194258,0.3846525883983831,1.0505600638243845e-11,0.9999876616044358,1.2338385058604828e-05,-0.9999753232193771
510,1,False,0,0.0,0.9945757615515487,-0.44457576155154865,1.0,0.0,0.0,0.9999917000920915,3.604708463657525e-06,4.69519944485476e-06,0.9983956352281644,4.9076354394960474e-08,0.0016043156954812354,-0.9999870048926466,-0.9967913195326832,0.3930196353327094,0.9999558035542282,7.300166335470158e-09,4.418914560530346e-05,-0.9999116144086229
511,1,False,1,0.0,0.9343684809197401,-0.3843684809197401,0.0,1.0,0.0,0.26619890121155276,0.6497789268431647,0.08402217194528254,0.30420774513437565,0.6944423019985128,0.0013499528671115822,-0.5657567548978822,-0.6930923491314012,0.45777979490248216,0.3117640168173539,0.6881822174325417,5.376575010440185e-05,-0.6881284516824373
512,2,True,1,0.15122794536158524,0.9523224119923812,-0.40232241199238117,0.0,0.8487720489501953,0.1512279510498047,0.0016307925592797146,0.8899519541579137,0.10841725328280669,6.606760293880764e-06,0.8348760518589046,0.16511734138080156,-0.781534700875107,-0.669758710478103,0.2982037466316372,5.070223199876971e-08,0.8240810628108272,0.17591888648694073,-0.6481621763238864
513,0,False,1,0.0,0.9791050170239488,-0.42910501702394876,0.0,1.0,0.0,0.032405834109562444,0.937520257038783,0.030073908851654636,0.001544639973232438,0.9981435196786321,0.0003118403481354265,-0.9074463481871283,-0.9978316793304967,0.4243884692946104,0.0019243158229753823,0.9980742771420734,1.407034951196591e-06,-0.9980728701071222
514,3,False,1,0.0,0.8903886999770996,-0.34038869997709953,0.0,1.0,0.0,0.902192056584173,0.09415851132185811,0.0036494320939687895,0.9107800157849052,0.08800239552444618,0.0012175886906488156,-0.09050907922788932,-0.08678480683379736,0.4905352664397224,0.8942475672116033,0.10569148518701377,6.0947601383068186e-05,-0.1056305375856307
515,3,False,1,0.0,0.4225049993874604,0.12749500061253966,0.0,1.0,0.0,0.807635086958352,0.18236586107595326,0.00999905196569471,0.8454413940012446,0.1530914687026596,0.0014671372960958211,-0.17236680911025856,-0.15162433140656378,0.4724571052720087,0.8800151545718244,0.11971911517495196,0.00026573025322368344,-0.11945338492172827
516,0,True,1,0.172803979009732,0.8952138191089969,-0.34521381910899684,0.0,0.8271960020065308,0.17280398309230804,0.01419138589590194,0.8250860444844124,0.16072256961968562,0.0006509020121492968,0.8419006633572637,0.15744843463058697,-0.6643634748647267,-0.6844522287266767,0.18951021908842566,0.00031008397883092165,0.8658130610657543,0.13387685495541463,-0.7319362061103396
517,0,False,0,0.0,0.9976919933515545,-0.4476919933515544,1.0,0.0,0.0,0.9998967542556543,0.00010150248597433486,1.7432583713455848e-06,0.998829830301052,4.0810054547037565e-06,0.0011660886934932203,-0.999895010997283,-0.9976637416075588,0.44130638808706246,0.9999992375875131,9.055948452569967e-29,7.624124870378585e-07,-0.999998475175026
518,2,False,0,0.0,0.9667010142456868,-0.41670101424568673,1.0,0.0,0.0,0.8338754578152511,0.15793949186582149,0.008185050318927443,0.7946785789846255,0.20385267956196101,0.0014687414534133964,-0.8256904074963236,-0.7932098375312121,0.477384708899898,0.8295487683800497,0.1703880024254005,6.32291945498583e-05,-0.8294855391854998
519,3,False,1,0.0,0.9690601225717423,-0.4190601225717423,0.0,1.0,0.0,0.005387244519439257,0.9935261358941097,0.0010866195864510085,0.00012772321159908054,0.9988384228652639,0.0010338539231370429,-0.9924395163076587,-0.9978045689421269,0.3926279356905426,5.844378735901129e-12,0.9999809644253447,1.9035568810966817e-05,-0.9999619288565337
520,4,True,0,0.14259933075243264,0.9817080783945944,-0.43170807839459435,0.85740065574646,0.0,0.14259932935237885,0.7339841935167972,0.042773794245821575,0.22324201223738122,0.8010858403779111,0.013706420280973157,0.18520773934111573,-0.510742181279416,-0.6158781010367953,0.3480622793334963,0.8122129061402936,0.015095242523072544,0.17269185133663373,-0.6395210548036598
521,4,True,1,0.14387866900662782,0.9770160327492745,-0.42701603274927447,0.0,0.856121301651001,0.14387866854667664,0.0012829988704326741,0.9207864668780864,0.07793053425148103,1.219057596274831e-06,0.8714689765908076,0.12852980435159606,-0.8428559326266054,-0.7429391722392116,0.28390011487950373,6.818770464921752e-10,0.9051131569598732,0.0948868423582497,-0.8102263146016234
522,3,True,0,0.1919001850429644,0.856282303367453,-0.306282303367453,0.8080998063087463,0.0,0.19190017879009247,0.31907364190956233,0.31075372661526973,0.370172631475168,0.3165881056187506,0.32175564645559174,0.3616562479256577,0.05109898956560566,0.04506814230690709,0.4099833005548404,0.32853148215653183,0.32206577420174987,0.3494027436417183,0.020871261485186476
523,2,True,0,0.138773998738296,0.9965770610070878,-0.4465770610070877,0.8612260222434998,0.0,0.13877399265766144,0.9390573783015996,0.003992848333970647,0.05694977336442973,0.8687312855244217,6.76707455196395e-05,0.13120104373005886,-0.8821076049371699,-0.7375302417943628,0.28330559015043283,0.866798826042384,0.00048129231923244026,0.13271988163838347,-0.7340789444040006
524,2,False,0,0.0,0.9860011020401782,-0.43600110204017817,1.0,0.0,0.0,0.9932181305837279,0.006682768346112175,9.910107015999043e-05,0.9989745549234835,0.0005134459851664003,0.0005119990913500367,-0.9931190295135679,-0.9984625558321335,0.43992269483054897,0.999344168165648,0.0006517071973144127,4.124637037688031e-06,-0.9993400435286103
525,0,False,1,0.0,0.9834378206709656,-0.4334378206709656,0.0,1.0,0.0,0.014635664766616147,0.9803699094294915,0.004994425803892328,0.0011746205617575887,0.9980803348673364,0.000745044570906043,-0.9753754836255992,-0.9973352902964303,0.38942607077247493,0.0007442664304217739,0.9992321807445153,2.3552825062939265e-05,-0.9992086279194523
526,1,True,1,0.15317838858594685,0.9463261398569189,-0.3963261398569189,0.0,0.8468216061592102,0.1531783938407898,0.02207810895899719,0.72647510560042,0.2514467854405829,0.002904048916480124,0.8142905004294587,0.1828054506540612,-0.47502832015983704,-0.6314850497753975,0.32316678701539125,0.0008343237114506062,0.8045818483458719,0.1945838279426774,-0.6099980204031945
527,4,False,0,0.0,0.9374026295122804,-0.3874026295122803,1.0,0.0,0.0,0.9328510926814719,0.06526196180276289,0.00188694551576527,0.9140908858396095,0.08477809271470252,0.0011310214456880265,-0.9309641471657066,-0.9129598643939215,0.49101754436870715,0.9113995957804799,0.08859633984637261,4.064373147527705e-06,-0.9113955314073324
528,2,True,1,0.15661015252353072,0.9362548387840569,-0.38625483878405686,0.0,0.8433898687362671,0.1566101461648941,0.005505290550511563,0.8706460835960865,0.12384862585340192,5.369699791482046e-05,0.8388762769378736,0.16107002606421172,-0.7467974577426846,-0.6778062508736619,0.24132629704634329,1.803080896900042e-06,0.8439137789987196,0.15608441792038352,-0.687829361078336
529,3,False,0,0.0,0.9903397601010023,-0.4403397601010023,1.0,0.0,0.0,0.9948221291741973,0.005071225697320174,0.00010664512848246763,0.998660813577373,0.0005223165644358745,0.0008168698581911935,-0.9947154840457149,-0.9978439437191818,0.4368709454322163,0.9999850217672863,4.219374911764886e-09,1.4974013338614262e-05,-0.9999700477539477
530,4,False,1,0.0,0.9864332398196638,-0.43643323981966375,0.0,1.0,0.0,0.00782938161903032,0.9602196919352035,0.03195092644576605,3.4448781840781474e-05,0.9996917117618377,0.00027383945632140406,-0.9282687654894375,-0.9994178723055163,0.4359625831107567,8.621055215096683e-07,0.999983293241934,1.5844652544474106e-05,-0.9999674485893896
531,4,False,1,0.0,0.981255432389789,-0.4312554323897889,0.0,1.0,0.0,0.004010134774944164,0.9862665833012476,0.009723281923808167,1.6685663737362168e-05,0.9995718936323338,0.0004114207039289349,-0.9765433013774395,-0.9991604729284048,0.3916136295234055,6.67456435320034e-08,0.9999621855826816,3.77476716748618e-05,-0.9999244379110067
532,4,True,1,0.4989069303341996,0.5508198042899861,-0.0008198042899860702,0.0,0.5010930895805359,0.4989069402217865,0.16394593055741202,0.45210185546089504,0.383952213981693,0.18723022640569784,0.4713932425573706,0.34137653103693155,-0.06814964147920205,-0.13001671152043903,0.33796744339296864,0.1980409691180558,0.40608787469674973,0.39587115618519453,-0.0102167185115552
533,3,False,0,0.0,0.9964925779083671,-0.44649257790836705,1.0,0.0,0.0,0.9990873190799462,0.0009020049857002414,1.0675934353575271e-05,0.9989552674903664,5.8963261890818864e-05,0.0009857692477428267,-0.9990766431455926,-0.9979694982426236,0.4464280138897282,0.999993932949618,5.551053857891804e-14,6.067050326474961e-06,-0.9999878658992916
534,0,False,1,0.0,0.9827118434063735,-0.4327118434063735,0.0,1.0,0.0,0.0018229575880289472,0.9881145150546035,0.010062527357367674,8.464073062516698e-06,0.9996400180028321,0.0003515179241055655,-0.9780519876972358,-0.9992885000787265,0.37541580326217133,6.987902021963612e-06,0.9998447610327904,0.0001482510651875149,-0.9996965099676028
535,0,True,0,0.1481118512598566,0.9623588559711583,-0.4123588559711583,0.851888120174408,0.0,0.14811185002326965,0.6875692775773237,0.033928474376426064,0.2785022480462503,0.8100297757553659,0.011494066846027374,0.1784761573986065,-0.4090670295310734,-0.6315536183567594,0.2822998717519053,0.8191755118166231,0.00019870416804966635,0.18062578401532717,-0.6385497278012959
536,3,False,0,0.0,0.8953059946594616,-0.34530599465946155,1.0,0.0,0.0,0.824720875113529,0.1666352154091196,0.008643909477351542,0.8515101207004898,0.14707751252639767,0.0014123667731126203,-0.8160769656361775,-0.8500977539273772,0.4752835888899698,0.8812197257236765,0.11858203542159719,0.00019823885472635411,-0.8810214868689501
537,4,False,1,0.0,0.9628058178698469,-0.4128058178698468,0.0,1.0,0.0,0.01275069770335066,0.9815118171662176,0.005737485130431831,0.0004763665474394292,0.9987123478354978,0.0008112856170626848,-0.9757743320357858,-0.9979010622184351,0.38129378025070226,3.5253079257693852e-06,0.9999757823271876,2.0692364886581952e-05,-0.9999550899623011
538,0,False,0,0.0,0.9896730677163089,-0.4396730677163089,1.0,0.0,0.0,0.9982127924841878,0.001728332042096363,5.887547371588004e-05,0.9989973001337733,0.00018861838573569018,0.0008140814804911299,-0.998153917010472,-0.9981832186532822,0.432285031984099,0.9999988312419699,6.553312607323775e-17,1.1687580302091472e-06,-0.9999976624839396
539,0,True,1,0.14892198698619064,0.9596923897254187,-0.40969238972541866,0.0,0.8510780334472656,0.14892198145389557,0.005446346657435345,0.8408160877110523,0.15373756563151236,9.346225685725714e-05,0.8588536045965135,0.14105293314662934,-0.6870785220795399,-0.7178006714498841,0.2856245892901516,3.351745114071696e-05,0.8787528890292544,0.12121359351960494,-0.7575392955096495
540,4,False,0,0.0,0.9929756331845713,-0.4429756331845712,1.0,0.0,0.0,0.9999009564334486,9.416835255077956e-05,4.875214000536301e-06,0.9990814664451951,1.7413758377099823e-06,0.0009167921789672682,-0.9998960812194481,-0.9981646742662279,0.4259662181679681,0.9999793673127673,1.813020381521557e-16,2.0632687232529942e-05,-0.9999587346255348
541,3,False,0,0.0,0.6391430976504724,-0.08914309765047235,1.0,0.0,0.0,0.9564399300297659,0.04256013750548084,0.0009999324647530978,0.9782435517006589,0.020810343121753314,0.0009461051775878041,-0.9554399975650129,-0.9772974465230712,0.48787352936730183,0.9967468522694914,0.003234501502484743,1.864622802381379e-05,-0.9967282060414676
542,0,True,0,0.1394396647217127,0.9938925124230952,-0.44389251242309513,0.8605603575706482,0.0,0.139439657330513,0.8748760933869695,0.006987413640631964,0.11813649297239845,0.8564038342489393,0.0016379180321838905,0.14195824771887683,-0.756739600414571,-0.7144455865300625,0.34719310550125926,0.8636777425482658,4.2884368927709306e-11,0.13632225740884987,-0.727355485139416
543,0,True,0,0.1406411508501732,0.9891540004990699,-0.43915400049906983,0.8593588471412659,0.0,0.14064115285873413,0.7866997715909727,0.007597125109157303,0.2057031032998699,0.8597675069675005,0.0012720807216360347,0.1389604123108633,-0.5809966682911027,-0.7208070946566372,0.27840349598825814,0.8647596457431079,2.893067986216772e-10,0.1352403539675853,-0.7295192917755227
544,2,True,1,0.17179504568650034,0.8975150600698143,-0.34751506006981425,0.0,0.8282049298286438,0.1717950403690338,0.09461885456432986,0.578946300068129,0.3264348453675411,0.04146954214591592,0.7100172067579223,0.24851325109616187,-0.2525114547005879,-0.4615039556617605,0.26751078432603104,0.03866585189501317,0.6729971280947207,0.28833702001026623,-0.38466010808445444
545,3,False,1,0.0,0.9282974550936652,-0.3782974550936652,0.0,1.0,0.0,0.4832524353720221,0.4551444538972926,0.06160311073068527,0.535056317485346,0.463185212925434,0.001758469589219924,-0.3935413431666073,-0.4614267433362141,0.4822872272233295,0.5575538053417074,0.44113314612058635,0.0013130485377062773,-0.4398200975828801
546,1,True,0,0.13947475966423256,0.9937521742692628,-0.4437521742692627,0.8605252504348755,0.0,0.1394747644662857,0.9678157201740619,0.00024033646157471845,0.031943943364363445,0.869333523554711,1.4504021551875147e-06,0.1306650260431336,-0.9358717768096985,-0.7386684975115775,0.29691785075355853,0.8549804652083235,3.290796917215242e-05,0.14498662682250424,-0.7099938383858193
547,0,False,0,0.0,0.9270887493048869,-0.3770887493048869,1.0,0.0,0.0,0.17027087637703747,0.7639433784598992,0.06578574516306332,0.08323600821003549,0.9161744333095915,0.0005895584803730203,-0.10448513121397415,-0.08264644972966247,0.42987433089671256,0.08156233466432866,0.9184020270120655,3.563832360588775e-05,-0.08152669634072278
548,2,True,1,0.14985133930229982,0.9566839057688836,-0.4066839057688836,0.0,0.8501486778259277,0.14985133707523346,0.016396546914967516,0.7648115780030211,0.21879187508201134,0.001087916774806995,0.8411126964671352,0.1577993867580578,-0.5460197029210098,-0.6833133097090773,0.3014024275525259,6.549846941492417e-05,0.8369173476228078,0.16301715390777724,-0.6739001937150305
549,1,True,0,0.14672109664118782,0.9670359606905021,-0.4170359606905021,0.8532788753509521,0.0,0.14672109484672546,0.6144451295244487,0.17554834368723793,0.21000652678831339,0.539449098448807,0.21222041623098295,0.24833048532021018,-0.40443860273613536,-0.29111861312859677,0.386415334486096,0.5101155823349122,0.21078317245663486,0.27910124520845286,-0.2310143371264593
550,3,True,0,0.14205335647013362,0.9837510681818756,-0.4337510681818756,0.8579466342926025,0.0,0.14205335080623627,0.8877473076459467,0.006347276717497248,0.10590541563655591,0.8624039087620768,0.001247030246132784,0.13634906099179037,-0.7818418920093908,-0.7260548477702865,0.33884281227621027,0.8686805962348593,5.7972296574549826e-08,0.13131934579284424,-0.7373612504420151
551,2,False,1,0.0,0.9534921430165674,-0.40349214301656733,0.0,1.0,0.0,0.10530644588819374,0.8518504353511276,0.042843118760678825,0.022563217361170188,0.9767106181315096,0.0007261645073202147,-0.8090073165904488,-0.9759844536241894,0.42203403130999917,0.017667069057562844,0.9820022970481833,0.00033063389425384084,-0.9816716631539295
552,2,True,1,0.2324969378199913,0.7925476665149164,-0.24254766651491633,0.0,0.7675030827522278,0.2324969321489334,0.24139227868397248,0.5037732898140492,0.2548344315019782,0.12811140510129737,0.592073603978283,0.27981499092041956,-0.24893885831207102,-0.31225861305786345,0.3141871802790127,0.1637512619062941,0.539804198585245,0.296444539508461,-0.24335965907678397
553,4,False,1,0.0,0.9555192424423555,-0.4055192424423555,0.0,1.0,0.0,0.02574600904981786,0.9604566338118621,0.013797357138320027,0.001757992531223888,0.9975612729434654,0.0006807345253106428,-0.9466592766735421,-0.9968805384181548,0.3994355580550701,6.524236645425278e-05,0.9999174345050293,1.732312851634067e-05,-0.999900111376513
554,2,True,1,0.14883360990675576,0.9599812572817237,-0.40998125728172363,0.0,0.8511663675308228,0.14883360266685486,0.008780378535950617,0.8895074245826662,0.10171219688138337,6.671220180188833e-05,0.8982602066045918,0.10167308119360624,-0.7877952277012829,-0.7965871254109855,0.2535125038107767,5.550428116788147e-06,0.8751783549635713,0.12481609460831174,-0.7503622603552595
555,1,False,1,0.0,0.9168322077860345,-0.3668322077860344,0.0,1.0,0.0,0.384127983378307,0.5555828011777719,0.06028921544392113,0.49507891708494234,0.5034120759557523,0.001509006959305301,-0.4952935857338508,-0.501903068996447,0.4849177693195631,0.506735356799736,0.49314418281926475,0.00012046038099921672,-0.49302372243826553
556,2,False,1,0.0,0.9312663480293301,-0.38126634802933,0.0,1.0,0.0,0.3457049954354092,0.5749841498127469,0.07931085475184388,0.3762959165237549,0.6221167031783454,0.0015873802978996663,-0.4956732950609031,-0.6205293228804458,0.4837079625340567,0.3778036136231347,0.6213173723897684,0.0008790139870968885,-0.6204383584026715
557,1,True,0,0.1696650526671104,0.9024706697955274,-0.3524706697955273,0.8303349614143372,0.0,0.16966505348682404,0.5555266633915797,0.07774803427522461,0.36672530233319567,0.7379960316517263,0.04654153247956262,0.21546243586871092,-0.18880136105838408,-0.5225335957830154,0.26369026894580133,0.6339035732593401,0.07060922777802414,0.2954871989626357,-0.3384163742967044
558,3,False,0,0.0,0.9771204718148903,-0.4271204718148902,1.0,0.0,0.0,0.9912246289163601,0.008639612212752276,0.00013575887088752175,0.9982283334689861,0.0009179835794125426,0.0008536829516013319,-0.9910888700454725,-0.9973746505173847,0.44040044180112153,0.9999891893306563,1.0315207529583829e-07,1.0707517268462792e-05,-0.9999784818133878
559,1,True,1,0.151552234923987,0.9513108776909803,-0.4013108776909803,0.0,0.8484477400779724,0.1515522301197052,0.04053969946099773,0.6570566821912303,0.30240361834777196,0.010405394987166776,0.7675727669985184,0.22202183801431474,-0.3546530638434583,-0.5455509289842037,0.3313110391954503,0.004422656409142971,0.7837968107536464,0.21178053283721068,-0.5720162779164357
560,2,False,1,0.0,0.9875609639147337,-0.43756096391473365,0.0,1.0,0.0,0.0014650511230167276,0.9720288530350818,0.02650609584190152,8.632965210739346e-07,0.9997650296194915,0.00023410708398726801,-0.9455227571931802,-0.9995309225355042,0.41168893127631545,3.0555207320963105e-08,0.9992074997327881,0.0007924697120045049,-0.9984150300207836
561,0,True,1,0.15199525660823077,0.9499385236058482,-0.39993852360584814,0.0,0.8480047583580017,0.15199525654315948,0.003983124064598696,0.8500701878037893,0.14594668813161202,5.638607194980487e-05,0.8608296941548226,0.1391139197732276,-0.7041234996721772,-0.721715774381595,0.29896609515549855,1.7255191211740594e-05,0.8805027270688838,0.11948001773990463,-0.7610227093289792
562,3,False,1,0.0,0.9794982173428791,-0.4294982173428791,0.0,1.0,0.0,0.01038174738748866,0.9874081062510198,0.002210146361491614,0.00044222870938123655,0.9985764440987955,0.000981327191823343,-0.9851979598895282,-0.9975951169069722,0.3983970334452781,4.853842076910976e-10,0.9999760197541843,2.3979760431421233e-05,-0.9999520399937528
563,0,True,0,0.199809460196621,0.8422134291022905,-0.2922134291022904,0.8001905679702759,0.0,0.1998094618320465,0.6855529299224258,0.09494586348997053,0.21950120658760364,0.6659112472671785,0.11165389082861721,0.2224348619042042,-0.46605172333482214,-0.44347638536297435,0.37284939485079105,0.6638847135326307,0.1188051223960967,0.21731016407127257,-0.4465745494613581
564,4,True,0,0.1657591003796619,0.9119258658384293,-0.36192586583842923,0.8342409133911133,0.0,0.1657591015100479,0.5881167660808048,0.1334104032105054,0.27847283070868983,0.6732093435266133,0.10190660305860462,0.22488405341478207,-0.30964393537211493,-0.44832529011183125,0.3790222709946812,0.6643264517118617,0.08321988481791018,0.25245366347022824,-0.4118727882416334
565,3,False,1,0.0,0.8773306467516325,-0.3273306467516325,0.0,1.0,0.0,0.5371699944650574,0.37689410860169126,0.08593589693325121,0.6617421040602238,0.3365263256357198,0.0017315703040565004,-0.29095821166844005,-0.3347947553316633,0.48427905269081356,0.5949511702660868,0.4033417017136848,0.001707128020228526,-0.40163457369345623
566,3,True,1,0.2102875002107028,0.8249776373996138,-0.2749776373996138,0.0,0.7897124886512756,0.21028749644756317,0.1065635264591868,0.5732598032894278,0.3201766702513853,0.04651555659632112,0.7095880858085964,0.24389635759508244,-0.25308313303804253,-0.465691728213514,0.25094095037694003,0.03571749940419839,0.7205967410403576,0.24368575955544394,-0.47691098148491373
567,3,True,1,0.1968310211605962,0.8473944732460426,-0.2973944732460425,0.0,0.8031689524650574,0.19683101773262024,0.02186845425693905,0.7393144508843645,0.23881709485869634,0.0014034550390711674,0.8287233710772878,0.1698731738836412,-0.5004973560256682,-0.6588501971936466,0.3004730707055071,1.060592993400828e-06,0.8270515359520405,0.17294740345496618,-0.6541041324970743
568,4,False,1,0.0,0.9831333140970052,-0.4331333140970052,0.0,1.0,0.0,0.0027854916658255234,0.9960266834684542,0.0011878248657203952,2.426964615101393e-05,0.9991064096086447,0.0008693207452042205,-0.9948388586027338,-0.9982370888634405,0.37307722036999685,3.571605506708935e-08,0.9998611350068151,0.00013882927712984453,-0.9997223057296852
569,1,True,0,0.1401919762485187,0.9909097631724179,-0.4409097631724178,0.8598080277442932,0.0,0.1401919722557068,0.7730513135625705,0.033134576856834665,0.19381410958059492,0.7978312840080041,0.015718519680605527,0.1864501963113904,-0.5792372039819755,-0.6113810876966137,0.3561216642288722,0.8077046556319804,0.015752172610966196,0.17654317175705347,-0.6311614838749269
570,2,False,0,0.0,0.9887073070259372,-0.4387073070259372,1.0,0.0,0.0,0.9968722414753914,0.0030267931166104824,0.00010096540799817716,0.9993909804759573,0.00014898671734778535,0.0004600328066950458,-0.9967712760673932,-0.9989309476692623,0.4319734738511348,0.9997569571380681,0.00023371574703383858,9.327114897919662e-06,-0.9997476300231702
571,2,True,0,0.1401045844395551,0.9912535239628878,-0.44125352396288775,0.8598954081535339,0.0,0.14010459184646606,0.9317084533072478,0.001895379155858049,0.06639616753689415,0.871260014805799,2.029159514367216e-05,0.1287196935990574,-0.8653122857703537,-0.7425403212067415,0.3143656039698441,0.8695264442546556,0.00016752662291461784,0.13030602912242975,-0.7392204151322259
572,1,False,0,0.0,0.6752509619110838,-0.12525096191108376,1.0,0.0,0.0,0.7171706414068575,0.25408072279059024,0.02874863580255214,0.7223564091924659,0.27631015526737274,0.001333435540161309,-0.6884220056043053,-0.7210229736523046,0.4951421192900109,0.7074931926157269,0.2924350120129674,7.17953713057349e-05,-0.7074213972444211
573,1,True,1,0.19091846910268162,0.8581011029712401,-0.30810110297124005,0.0,0.8090815544128418,0.1909184753894806,0.09228642958915223,0.5576896642384497,0.3500239061723981,0.05523217706227945,0.6900283422880401,0.25473948064968044,-0.2076657580660516,-0.43528886163835967,0.30745176142216113,0.037133544090148234,0.7024177754365264,0.2604486804733253,-0.4419690949632011
574,1,True,1,0.17422549092578338,0.8920197607553476,-0.34201976075534757,0.0,0.8257744908332825,0.17422549426555634,0.07354633268572168,0.7389895007478133,0.18746416656646486,0.006558811927463144,0.8408377699654649,0.15260341810707193,-0.5515253341813484,-0.688234351858393,0.23910400913522176,0.00441512840729001,0.8224267059032255,0.17315816568948447,-0.649268540213741
575,3,True,1,0.34840037805009744,0.6696670882824889,-0.11966708828248884,0.0,0.651599645614624,0.34840038418769836,0.14261355186350783,0.5042727284630688,0.3531137196734234,0.11450072334383307,0.5573737659328646,0.3281255107233024,-0.1511590087896454,-0.22924825520956216,0.29025613454166144,0.09973436973322544,0.5726418484073128,0.3276237818594618,-0.24501806654785102
576,2,True,0,0.6262780710595937,0.4519424511901737,0.09805754880982637,0.3737219274044037,0.0,0.6262780427932739,0.2617329827056647,0.33249099679968613,0.4057760204946491,0.26801395448214255,0.3318765847047485,0.4001094608131089,0.14404303778898442,0.13209550633096634,0.4231919360599649,0.3147120048669916,0.29639981974808977,0.38888817538491866,0.07417617051792708
577,1,True,1,0.17591044015262997,0.8883041289732493,-0.33830412897324924,0.0,0.8240895867347717,0.17591044306755066,0.0853200871941386,0.677606966911857,0.23707294589400457,0.00999163285302757,0.8123945673825896,0.17761379976438285,-0.4405340210178524,-0.6347807676182068,0.2503537212619452,0.009001588783200471,0.8099853784986718,0.1810130327181277,-0.6289723457805441
578,1,True,0,0.14146076225261867,0.9859970554110007,-0.43599705541100064,0.8585392236709595,0.0,0.14146076142787933,0.8563879671928671,0.001831598546475689,0.14178043426065734,0.8802117447310174,3.5480661204133125e-05,0.11975277460777851,-0.7146075329322098,-0.7604589701232388,0.28894632781341756,0.8358267222227048,0.00034633924855021636,0.163826938528745,-0.6719997836939599
579,0,False,1,0.0,0.9678406989955974,-0.4178406989955974,0.0,1.0,0.0,0.0030344501417296403,0.9942837060541665,0.002681843804103945,6.042813033627924e-05,0.9991636612058279,0.0007759106638357346,-0.9916018622500625,-0.9983877505419921,0.3671938995989114,2.737055656917284e-05,0.9999166783883822,5.59510550486045e-05,-0.9998607273333335
580,2,True,0,0.141085303212512,0.9874358365971174,-0.4374358365971174,0.8589146733283997,0.0,0.14108529686927795,0.807350604675795,0.1075901739874654,0.08505922133673947,0.7234425774318949,0.07602672958804703,0.20053069298005816,-0.7222913833390555,-0.5229118844518368,0.39415281982807404,0.7460458452006189,0.07080171537805172,0.18315243942132928,-0.5628934057792896
581,4,True,1,0.2240831499005867,0.8042677241610886,-0.25426772416108856,0.0,0.7759168744087219,0.22408315539360046,0.07059878042928673,0.6992778191919703,0.2301234003787429,0.008349617560773329,0.8246559995771867,0.16699438286204,-0.4691544188132274,-0.6576616167151468,0.2564587509487063,0.00192347279582914,0.8593834951388717,0.13869303206529918,-0.7206904630735725
582,0,False,0,0.0,0.9902870857511098,-0.44028708575110975,1.0,0.0,0.0,0.999925894046822,5.9502015038205436e-05,1.4603938139674162e-05,0.9989923419139636,4.385354650465016e-06,0.0010032727313861397,-0.9999112901086823,-0.9979890691825775,0.40446514618815244,0.9999833121610142,7.554261072545256e-28,1.6687838985782128e-05,-0.9999666243220284
583,2,True,0,0.14301135932902664,0.9801825994535538,-0.43018259945355375,0.8569886684417725,0.0,0.14301136136054993,0.7499316528299305,0.03985223245808216,0.21021611471198737,0.8112406543628764,0.009023093104078924,0.17973625253304473,-0.539715538117943,-0.6315044018298317,0.35272323847725595,0.8421300876421035,0.01199928127004053,0.14587063108785614,-0.6962594565542474
584,0,True,1,0.17597891009979783,0.8881547077852436,-0.3381547077852436,0.0,0.8240211009979248,0.1759789139032364,0.023254833894525383,0.7511791888077122,0.22556597729776237,0.001767204405940731,0.8363484511596279,0.16188434443443128,-0.5256132115099498,-0.6744641067251966,0.25874840011636524,0.0011023286608924686,0.8545353889292963,0.1443622824098113,-0.710173106519485
585,4,False,1,0.0,0.5699892196291406,-0.019989219629140575,0.0,1.0,0.0,0.29877895959646544,0.609031145593913,0.09218989480962157,0.3047574306965914,0.6941498083133484,0.0010927609900602635,-0.5168412507842914,-0.6930570473232881,0.47191233352057926,0.32223145785843776,0.6776111150699886,0.0001574270715737261,-0.6774536879984149
586,3,True,0,0.1381669205589945,0.9990637434000883,-0.44906374340008826,0.8618330955505371,0.0,0.13816691935062408,0.9913209065157129,3.220159251250653e-05,0.008646891891774625,0.8555218169880973,3.376157149116505e-07,0.14447784539618783,-0.9826740146239383,-0.7110439715919095,0.2206895232819961,0.8709549922694948,3.1065368731364873e-21,0.12904500773050515,-0.7419099845389896
587,3,False,0,0.0,0.5679933079824403,-0.017993307982440254,1.0,0.0,0.0,0.5080760073024364,0.3989212202815242,0.09300277241603941,0.6252569679959828,0.37300044514056113,0.0017425868634560677,-0.415073234886397,-0.6235143811325268,0.48517585298086513,0.5575228887751903,0.4407470095601717,0.0017301016646380017,-0.5557927871105522
588,0,False,0,0.0,0.9961560600556151,-0.44615606005561503,1.0,0.0,0.0,0.999990462873846,6.3698228324185836e-06,3.1673033214513227e-06,0.9987617373073451,3.194260620932592e-07,0.0012379432665927796,-0.9999872955705245,-0.9975237940407523,0.39512520662344003,0.999956915759656,1.1283367958076402e-35,4.308424034398889e-05,-0.999913831519312
589,2,True,1,0.4701632569342987,0.572419198903953,-0.02241919890395294,0.0,0.5298367142677307,0.4701632559299469,0.22245100777613397,0.3786961764168482,0.3988528158070178,0.2430757316891189,0.34698198846072076,0.40994227985016035,0.020156639390169595,0.0629602913894396,0.37712876831516035,0.257274990929743,0.33508051345631495,0.40764449561394206,0.0725639821576271
590,1,False,0,0.0,0.740344386452074,-0.19034438645207397,1.0,0.0,0.0,0.7808213071238674,0.2033000901723986,0.015878602703733976,0.7649436994361365,0.23386212989512709,0.001194170668736377,-0.7649427044201335,-0.7637495287674001,0.4849897305016001,0.7467684848049481,0.2531907348073688,4.0780387683195075e-05,-0.7467277044172649
591,0,True,0,0.38764632010289735,0.6365925246023738,-0.08659252460237377,0.6123536825180054,0.0,0.38764631748199463,0.2946590171425768,0.31610852350632557,0.3892324593510976,0.28749626910788667,0.3079148994212847,0.4045888314708287,0.09457344220852082,0.11709256236294202,0.4179751956348853,0.33320721613343,0.28533260553744266,0.38146017832912726,0.04825296219569725
592,3,True,1,0.2506954229505706,0.7690961763177315,-0.21909617631773148,0.0,0.7493045926094055,0.25069543719291687,0.53149154788379,0.2423172039432068,0.22619124817300307,0.49746842488172155,0.2610699866726188,0.24146158844565968,-0.01612595577020373,-0.019608398226959145,0.39918847804565716,0.4958626221221902,0.2545669551461675,0.24957042273164218,-0.004996532414525329
593,2,True,0,0.23571639811153222,0.788221265367656,-0.23822126536765598,0.7642835974693298,0.0,0.23571640253067017,0.9141307882895348,0.06235982291079506,0.02350938879967018,0.8402067568509447,0.03269722034526142,0.1270960228037939,-0.8906213994898646,-0.7131107340471508,0.4486567730953482,0.8679183144900902,0.03801179870826713,0.09406988680164276,-0.7738484276884474
594,0,True,0,0.13873342530746796,0.9967420992231919,-0.44674209922319186,0.861266553401947,0.0,0.13873343169689178,0.9377744442115927,0.0004385578539506621,0.061786997934456425,0.8650201340621511,6.132220038010679e-05,0.1349185437374687,-0.8759874462771363,-0.7301015903246824,0.35155960151791316,0.8843495475806239,7.200986443379987e-21,0.11565045241937615,-0.7686990951612478
595,2,True,0,0.13849386117427365,0.9977199182849185,-0.4477199182849184,0.8615061640739441,0.0,0.1384938657283783,0.9660657451445005,0.0005130161064594164,0.03342123874904022,0.8664004169882396,1.733368201015343e-06,0.13359784964355922,-0.9326445063954603,-0.7328025673446803,0.2762597428162766,0.866084650017988,2.986335157349339e-05,0.13388548663043862,-0.7321991633875493
596,3,True,0,0.14141872211559986,0.9861575418252901,-0.4361575418252901,0.8585813045501709,0.0,0.1414187252521515,0.6218223999894962,0.0979528539234766,0.28022474608702724,0.6589457731728797,0.11719697852900401,0.22385724829811626,-0.34159765390246893,-0.43508852487476346,0.3568720105778693,0.6413200568569031,0.13659830464348138,0.22208163849961546,-0.4192384183572876
597,4,False,1,0.0,0.9875088883686467,-0.43750888836864665,0.0,1.0,0.0,0.00531214203595093,0.9870691402539764,0.007618717710072688,3.8356920548667584e-05,0.9994484329743261,0.0005132101051252288,-0.9794504225439037,-0.9989352228692008,0.38727002455010345,1.5671434381767813e-07,0.9999735258900521,2.6317395604022484e-05,-0.9999472084944481
598,4,False,1,0.0,0.9836813623810421,-0.43368136238104205,0.0,1.0,0.0,0.0072128512548473005,0.9907710598864362,0.002016088858716379,0.00018199455580415253,0.9988984891617698,0.0009195162824260231,-0.9887549710277198,-0.9979789728793438,0.384367294456526,3.725688235245694e-07,0.9999702373012979,2.939012987861174e-05,-0.9999408471714193
599,4,False,1,0.0,0.9301057934784226,-0.38010579347842255,0.0,1.0,0.0,0.16343594777378662,0.7700827741705886,0.06648127805562472,0.12924827795661567,0.8697587048344827,0.000993017208901501,-0.7036014961149638,-0.8687656876255812,0.43145906387570604,0.20676931903146128,0.7930590944762851,0.0001715864922536348,-0.7928875079840314
600,2,True,1,0.22138431297072442,0.8081639974397454,-0.2581639974397454,0.0,0.7786157131195068,0.22138431668281555,0.11857178103293302,0.5391251593076738,0.34230305965939334,0.06330646565003098,0.6698941832362632,0.26679935111370573,-0.19682209964828046,-0.4030948321225574,0.28480570178228126,0.07318462125656938,0.6340778390003725,0.29273753974305816,-0.34134029925731435
601,2,True,1,0.1501817772019669,0.9556268276050831,-0.40562682760508306,0.0,0.849818229675293,0.15018177032470703,0.005280556928300846,0.821583007322447,0.17313643574925225,0.00011002777710442878,0.8565468080883906,0.14334316413450493,-0.6484465715731949,-0.7132036439538856,0.33936371188729914,1.9187702158232468e-06,0.8371595115427541,0.1628385696870302,-0.6743209418557239
602,1,False,0,0.0,0.9246351463863585,-0.3746351463863584,1.0,0.0,0.0,0.9337772513905701,0.06453688571098344,0.0016858628984464988,0.9259650800795967,0.07322886889801261,0.0008060510223907339,-0.9320913884921236,-0.9251590290572059,0.48586503254832236,0.9022663557564964,0.09773048845083886,3.15579266485342e-06,-0.9022631999638315
603,0,True,0,0.14052683293798524,0.9895991042895729,-0.43959910428957283,0.8594731688499451,0.0,0.14052683115005493,0.9264239931554039,0.02584017147221813,0.04773583537237798,0.8356850423866317,0.003816608527278466,0.1604983490860898,-0.8786881577830259,-0.6751866933005419,0.3507865026477933,0.8565147276399481,2.4873692094188363e-06,0.14348278499084252,-0.7130319426491055
604,4,True,1,0.49585492013777327,0.5531089211842547,-0.003108921184254654,0.0,0.504145085811615,0.495854914188385,0.2486682299195257,0.4020029347368953,0.34932883534357895,0.19523176282895058,0.4011996558117106,0.4035685813593388,-0.052674099393316354,0.0023689255476282423,0.36290145559308107,0.2487813218433354,0.3824369956950467,0.36878168246161785,-0.013655313233428834
605,2,False,0,0.0,0.9841531410866953,-0.4341531410866952,1.0,0.0,0.0,0.9975460293028814,0.0024022055158324797,5.1765181286122564e-05,0.9994130365492024,0.00010918024302727048,0.00047778320777027404,-0.9974942641215953,-0.9989352533414322,0.43748298578352307,0.9998545608969566,0.00013961922599491292,5.8198770485125554e-06,-0.9998487410199081
606,4,True,1,0.18815515119344406,0.863314245230369,-0.313314245230369,0.0,0.8118448257446289,0.1881551444530487,0.006213229790656097,0.8177404590223359,0.17604631118700798,0.00013750969591007613,0.8592520190358145,0.1406104712682754,-0.641694147835328,-0.7186415477675391,0.32784023564456344,7.280711740110812e-07,0.8553561338268356,0.14464313810199017,-0.7107129957248455
607,1,True,1,0.16047703116879014,0.9255612548150863,-0.3755612548150863,0.0,0.8395229578018188,0.16047702729701996,0.004389332559737494,0.8362582291955564,0.15935243824470624,6.673804710584258e-05,0.857652259899676,0.14228100205321814,-0.6769057909508501,-0.7153712578464578,0.32753117811110594,1.2328870340116691e-05,0.8543737956737217,0.14561387545593826,-0.7087599202177834
608,0,True,0,0.31745376486028454,0.697813345501595,-0.14781334550159497,0.6825462579727173,0.0,0.3174537718296051,0.5402328816556683,0.1405610759722845,0.3192060423720472,0.6089349358426352,0.15062207715425097,0.2404429870031137,-0.2210268392836211,-0.3684919488395215,0.3656351239641814,0.6366351011086404,0.13560170448056588,0.22776319441079373,-0.4088719066978467
609,2,True,0,0.13829626983963972,0.9985307764443485,-0.44853077644434847,0.8617037534713745,0.0,0.13829627633094788,0.9974253723884081,0.0002272656889805447,0.0023473619226113155,0.8824109056587839,2.3304831224568178e-07,0.11758886129290379,-0.9950780104657968,-0.7648220443658801,0.28432316632482035,0.8870242287934452,8.142252904909416e-06,0.11296762895364991,-0.7740565998397954
610,4,True,1,0.17305945946422585,0.8946356595901076,-0.34463565959010756,0.0,0.8269405364990234,0.17305946350097656,0.007213331234744945,0.8099163917673854,0.18287027699786965,0.000165605563632909,0.8563156203149915,0.1435187741213755,-0.6270461147695158,-0.712796846193616,0.3280487120705804,1.0975591678072426e-06,0.85810041634844,0.14189848609239217,-0.7162019302560478
611,2,True,0,0.1396842521901877,0.9929169048879857,-0.44291690488798563,0.86031574010849,0.0,0.13968424499034882,0.9061164730347432,0.0026553900011656757,0.09122813696409127,0.8722067382921206,3.8749537623352126e-05,0.1277545121702561,-0.8148883360706519,-0.7444522261218645,0.3401355056202511,0.8734243261436222,0.0002500115225402777,0.12632566233383766,-0.7470986638097845
612,2,True,0,0.5009535560485769,0.5492848316088141,0.0007151683911859053,0.4990464448928833,0.0,0.5009535551071167,0.46462647165365467,0.16729596137763375,0.3680775669687116,0.602623216961077,0.13732359153500237,0.26005319150392053,-0.0965489046849431,-0.3425700254571565,0.3732750639341635,0.626728344328675,0.0985296213015357,0.2747420343697892,-0.35198630995888575
613,3,True,0,0.47038887512133387,0.5722490456812103,-0.022249045681210222,0.5296111106872559,0.0,0.47038888931274414,0.43377344024713527,0.2139067770996677,0.35231978265319724,0.46860216390470494,0.25276740752313115,0.2786304285721639,-0.08145365759393802,-0.18997173533254103,0.39506340307793736,0.4640377472852942,0.258382538494605,0.2775797142201007,-0.18645803306519348
614,1,True,1,0.14421989013170644,0.9757863674599802,-0.4257863674599801,0.0,0.8557801246643066,0.14421989023685455,0.005596946496514188,0.848833119471195,0.14556993403229077,7.634335691450843e-05,0.8477573425395579,0.15216631410352754,-0.7032631854389042,-0.6955910284360304,0.27557110544762675,1.2516717495321835e-05,0.8676345021692407,0.132352981113264,-0.7352815210559767
615,4,False,0,0.0,0.8416527765757044,-0.2916527765757043,1.0,0.0,0.0,0.7680003152134595,0.21190195243520998,0.020097732351330572,0.6986902466867629,0.29969709769103936,0.0016126556221975155,-0.7479025828621289,-0.6970775910645655,0.4917590190224357,0.7458581238015729,0.2541172132397795,2.4662958647616224e-05,-0.7458334608429252
616,1,True,0,0.4061435046510944,0.6217286527408415,-0.0717286527408415,0.5938565135002136,0.0,0.40614351630210876,0.33489837892733576,0.2565744644989888,0.4085271565736755,0.2931924457291107,0.35021191965249027,0.3565956346183991,0.07362877764633974,0.06340318888928842,0.42135557624802,0.25592608330457367,0.3740097188460892,0.37006419784933714,0.11413811454476347
617,4,False,0,0.0,0.9274211261278079,-0.37742112612780787,1.0,0.0,0.0,0.9541817077335757,0.04471509360333975,0.0011031986630844184,0.9623756036664107,0.03664171661038102,0.0009826797232082836,-0.9530785090704913,-0.9613929239432024,0.4892812593937724,0.9877988972464068,0.012198307590208944,2.7951633843127556e-06,-0.9877961020830225
618,3,True,1,0.1501565796968789,0.9557072058499873,-0.4057072058499872,0.0,0.849843442440033,0.15015657246112823,0.015028069383396103,0.7866171133407251,0.19835481727587884,0.0005888468960660972,0.8468980983032024,0.1525130548007316,-0.5882622960648463,-0.6943850435024708,0.2659612488401496,9.893224565421465e-08,0.8175291053512693,0.18247079571648492,-0.6350583096347844
619,3,True,1,0.1470437676274881,0.9659393060899802,-0.4159393060899802,0.0,0.852956235408783,0.14704376459121704,0.0029670403309566377,0.8521305689435547,0.14490239072548855,1.0717325410082826e-05,0.8678409995305609,0.132148283144029,-0.707228178218066,-0.7356927163865319,0.3329105549634387,4.107976269981684e-12,0.8327478156090553,0.1672521843868367,-0.6654956312222187
620,1,True,1,0.1509123447053392,0.9533125875538562,-0.40331258755385613,0.0,0.849087655544281,0.150912344455719,0.00592546778657817,0.9091869431032963,0.08488758911012546,0.00014281282682352393,0.818689620407711,0.18116756676546547,-0.8242993539931708,-0.6375220536422455,0.13766464341379164,7.6084474116939334e-06,0.8614302358906278,0.1385621556619604,-0.7228680802286674
621,4,False,0,0.0,0.9774183483761176,-0.4274183483761176,1.0,0.0,0.0,0.9866935475828882,0.01306789630941412,0.00023855610769773803,0.9972734331893485,0.0019422969373882038,0.0007842698732634014,-0.9864549914751904,-0.9964891633160851,0.4467210463657719,0.9999896047838014,8.195920765827143e-06,2.1992954328918107e-06,-0.9999874054883685
622,3,True,0,0.13891178690598338,0.9960178087688133,-0.44601780876881325,0.861088216304779,0.0,0.13891178369522095,0.9861029114677707,0.0005916012749223604,0.01330548725730675,0.86350243104791,6.286486755797506e-06,0.13649128246533415,-0.972797424210464,-0.7270111485825759,0.2614674101630509,0.8696577349406727,1.2004624364605977e-13,0.1303422650592072,-0.7393154698814655
623,3,False,1,0.0,0.9749932825883318,-0.4249932825883318,0.0,1.0,0.0,0.022481733535425007,0.9692570903460241,0.00826117611855087,0.0014888307129305002,0.997742495443776,0.0007686738432933551,-0.9609959142274733,-0.9969738216004826,0.3946370119525876,1.008527146132948e-07,0.9999783709510836,2.1528196201927177e-05,-0.9999568427548816
624,2,False,1,0.0,0.9827912535472505,-0.43279125354725045,0.0,1.0,0.0,0.0009681801583952662,0.9665203078231647,0.03251151201844001,3.4197415856360776e-07,0.9997831923897901,0.00021646563605140143,-0.9340087958047246,-0.9995667267537387,0.42400991638467084,1.0572184142715373e-08,0.9985877915255684,0.0014121979022473524,-0.9971755936233211
625,1,False,0,0.0,0.966602701561883,-0.41660270156188295,1.0,0.0,0.0,0.9433071040576744,0.05529224838624734,0.0014006475560784204,0.944952235076662,0.054284393294883555,0.0007633716284544852,-0.941906456501596,-0.9441888634482075,0.48802125964973253,0.9302529856864594,0.06974495304733695,2.061266203790488e-06,-0.9302509244202556
626,0,False,0,0.0,0.6608136224991676,-0.1108136224991676,1.0,0.0,0.0,0.7822480900780718,0.2018170677551175,0.01593484216681073,0.7605454126302211,0.2381649665856924,0.0012896207840863956,-0.7663132479112611,-0.7592557918461348,0.4853751554994349,0.785589137608229,0.21436139476270394,4.946762906695262e-05,-0.785539669979162
627,1,False,0,0.0,0.9824095631244409,-0.4324095631244409,1.0,0.0,0.0,0.978050766945389,0.021522951888073967,0.0004262811665370663,0.9929865270018697,0.006469203043239236,0.0005442699548911481,-0.9776244857788519,-0.9924422570469786,0.46651201944137066,0.9940894089638851,0.005910224391326537,3.666447883048644e-07,-0.9940890423190968
628,3,True,0,0.1386578703815753,0.9970498674105693,-0.4470498674105693,0.8613421320915222,0.0,0.13865786790847778,0.9786933897944381,8.698932005384873e-06,0.021297911273556465,0.8522751423426648,1.2425204755309489e-06,0.1477236151368597,-0.9573954785208816,-0.704551527205805,0.36885067269797356,0.8819349348152105,1.0042481919154143e-25,0.11806506518478954,-0.7638698696304209
629,0,False,1,0.0,0.5508344110695341,-0.0008344110695340801,0.0,1.0,0.0,0.3481032071207134,0.5500153618844194,0.10188143099486717,0.3570049710336299,0.6421004216532601,0.0008946073131100694,-0.44813393088955217,-0.64120581434015,0.4919825331299338,0.37373513490283805,0.6261784281315209,8.643696564107858e-05,-0.6260919911658799
630,1,True,0,0.14516578670123614,0.9724237406904328,-0.42242374069043276,0.8548341989517212,0.0,0.14516578614711761,0.8280628913067384,0.01936713743713201,0.15256997125612967,0.8301997977277132,0.0047477272003682534,0.16505247507191853,-0.6754929200506087,-0.6651473226557947,0.35831529506749754,0.8295675734992558,0.007065985216615248,0.163366441284129,-0.6662011322151268
631,2,True,1,0.15796994754645244,0.9324197520691683,-0.38241975206916823,0.0,0.8420300483703613,0.15796995162963867,0.007029752035394188,0.8303645642036015,0.16260568376100434,0.0001894395741120873,0.851695871834963,0.14811468859092478,-0.6677588804425971,-0.7035811832440382,0.2763124659708972,5.249189612905565e-06,0.8315163083552324,0.16847844245515475,-0.6630378659000776
632,0,False,1,0.0,0.9841581979406816,-0.43415819794068156,0.0,1.0,0.0,0.0008414825318802498,0.984526677584783,0.014631839883336679,1.48423860000765e-06,0.999706595572907,0.00029192018849301854,-0.9698948377014462,-0.999414675384414,0.3806653746820143,1.231485282026796e-06,0.9991891688438477,0.0008095996708702578,-0.9983795691729774
633,2,True,1,0.15157639082131624,0.951235767181789,-0.401235767181789,0.0,0.8484236001968384,0.15157638490200043,0.052767195957847804,0.802285737348746,0.1449470666934062,0.003701572835281581,0.8490963548438272,0.1472020723208913,-0.6573386706553398,-0.7018942825229358,0.20530026762743964,0.0018583217515026856,0.8383123718407195,0.15982930640777762,-0.6784830654329419
634,3,False,0,0.0,0.9780137586174789,-0.4280137586174788,1.0,0.0,0.0,0.9897242148535621,0.010097739479355059,0.00017804566708285396,0.9980610115454743,0.0011151029788283619,0.0008238854756973277,-0.9895461691864792,-0.997237126069777,0.4389718461944218,0.9999867074575273,2.8959756300703974e-07,1.3002944909534332e-05,-0.9999737045126177
635,4,True,1,0.14988761054535182,0.956567554246687,-0.406567554246687,0.0,0.8501123785972595,0.14988760650157928,0.029564884829582076,0.7532775776620102,0.21715753750840777,0.0025440161895663293,0.8210774719847864,0.17637851182564707,-0.5361200401536024,-0.6446989601591393,0.23741748837377846,0.00013845898117790278,0.8507821606204425,0.14907938039837967,-0.7017027802220629
636,0,False,0,0.0,0.907001772137821,-0.3570017721378209,1.0,0.0,0.0,0.6811591437445909,0.2789138360185841,0.03992702023682492,0.6890036560605723,0.30973477653689124,0.0012615674025365,-0.6412321235077659,-0.6877420886580359,0.5002359859610603,0.6771812613437959,0.3227221020138198,9.663664238434941e-05,-0.6770846247014115
637,3,True,0,0.15569817993819846,0.9388748731677315,-0.3888748731677315,0.8443018198013306,0.0,0.15569818019866943,0.7177826164746504,0.08849285765846637,0.1937245258668832,0.6850990066813963,0.10871924687053136,0.20618174644807225,-0.5240580906077672,-0.4789172602333241,0.3713182480559972,0.6565519190877517,0.1310601563629117,0.21238792454933667,-0.44416399453841504
638,0,False,0,0.0,0.9962810492349634,-0.44628104923496337,1.0,0.0,0.0,0.998390995821152,0.0015889224433067526,2.0081735541286868e-05,0.9989263003268986,0.00013120590029281628,0.0009424937728084474,-0.9983709140856107,-0.9979838065540901,0.4449874248731066,0.9999997078355795,2.2928689296525296e-18,2.921644204712125e-07,-0.999999415671159
639,1,False,1,0.0,0.9862487007008579,-0.43624870070085786,0.0,1.0,0.0,0.0022233377407942278,0.98976505069804,0.008011611561165801,3.5772400044499287e-06,0.9996462191366697,0.0003502036233259878,-0.9817534391368742,-0.9992960155133438,0.3770738125743899,8.17165155754649e-06,0.9999184399293309,7.338841911140412e-05,-0.9998450515102195
640,3,False,0,0.0,0.9731335549985088,-0.4231335549985088,1.0,0.0,0.0,0.9821599404838253,0.017500833749749117,0.0003392257664256545,0.9966906744519333,0.0025730533093058137,0.0007362722387609764,-0.9818207147173996,-0.9959544022131723,0.4575755989851881,0.9999754797600501,1.2074570411827435e-05,1.2445669538008411e-05,-0.999963034090512
641,3,False,1,0.0,0.9910729515973425,-0.4410729515973425,0.0,1.0,0.0,0.0021456084991712775,0.9719061821688662,0.025948209331962492,9.427510579954755e-07,0.9998689424489848,0.0001301147999570891,-0.9459579728369036,-0.9997388276490278,0.4110468028331611,9.37830086568635e-14,0.9999503821679581,4.961783194833658e-05,-0.9999007643360097
642,2,False,0,0.0,0.9958322185504881,-0.44583221855048805,1.0,0.0,0.0,0.9976969439840181,0.002271567064267827,3.148895171395167e-05,0.9993969465675178,0.00010349745255031988,0.0004995559799318552,-0.9976654550323042,-0.9988973905875859,0.44357724334310566,0.9998862824085485,0.00011000526851415388,3.712322937296326e-06,-0.9998825700856112
643,3,True,1,0.14962437099363707,0.9574137784137772,-0.40741377841377713,0.0,0.8503756523132324,0.14962437748908997,0.007688864822751824,0.9067866092398503,0.08552452593739786,9.750482536902076e-05,0.8603924661572192,0.13951002901741172,-0.8212620833024524,-0.7208824371398075,0.1767472676728588,5.512424685168296e-10,0.844308504904488,0.15569149454426953,-0.6886170103602185
644,3,False,0,0.0,0.9378592473091714,-0.3878592473091713,1.0,0.0,0.0,0.9843516794777605,0.015372268231593563,0.0002760522906460871,0.9971292017998834,0.002125939455863188,0.0007448587442535721,-0.9840756271871144,-0.9963843430556298,0.45784250683243394,0.9999840639775663,5.099771547308566e-06,1.0836250886376265e-05,-0.99997322772668
645,1,False,0,0.0,0.9889329767486623,-0.4389329767486623,1.0,0.0,0.0,0.999976033188784,1.3737088723611658e-05,1.0229722492351763e-05,0.9987169461313029,2.77305061984752e-07,0.0012827765636352721,-0.9999658034662917,-0.9974341695676676,0.39524291616327056,0.9999722355365811,5.1224494488595426e-08,2.7713238924296587e-05,-0.9999445222976568
646,3,False,0,0.0,0.9710435907436072,-0.4210435907436072,1.0,0.0,0.0,0.9638980917212064,0.03532830397230677,0.0007736043064868268,0.9853835896922624,0.013726548408176564,0.0008898618995611556,-0.9631244874147196,-0.9844937277927012,0.4847792119201654,0.9989717931096945,0.0010127159125168325,1.549097778877147e-05,-0.9989563021319058
647,2,False,0,0.0,0.9089519787398975,-0.3589519787398975,1.0,0.0,0.0,0.1561460610124248,0.7932699160288698,0.05058402295870547,0.06460076292182564,0.9344305550808267,0.0009686819973478245,-0.10556203805371935,-0.06363208092447781,0.4246336305885971,0.06647488117191168,0.9327981179379923,0.000727000890096003,-0.06574788028181568
648,2,False,1,0.0,0.9718985070938546,-0.42189850709385457,0.0,1.0,0.0,0.9088806300722233,0.08801827066224088,0.0031010992655360675,0.8847533844959665,0.11408298029065529,0.0011636352133780196,-0.08491717139670482,-0.11291934507727727,0.4892433060863741,0.8946225564701241,0.1053575286330498,1.9914896826055218e-05,-0.10533761373622375
649,3,True,1,0.14401299215051422,0.9765308986250042,-0.42653089862500415,0.0,0.855987012386322,0.14401298761367798,0.004853023912037173,0.8933058584859171,0.10184111760204569,8.555433790477919e-05,0.809373294748294,0.1905411509138012,-0.7914647408838714,-0.6188321438344928,0.1514517297985522,7.658497766120638e-11,0.7995441649419478,0.2004558349814672,-0.5990883299604806
650,4,False,0,0.0,0.9874005570663333,-0.4374005570663333,1.0,0.0,0.0,0.995953848542217,0.00397417750982728,7.197394795568439e-05,0.9989071019743841,0.00032468914700952675,0.0007682088786063473,-0.9958818745942614,-0.9981388930957777,0.4392858627153838,0.9999960604796972,1.010870905548887e-08,3.929411593570168e-06,-0.9999921310681037
651,1,False,1,0.0,0.9679007580676369,-0.4179007580676368,0.0,1.0,0.0,0.01071216907941471,0.9818024680709885,0.007485362849596856,0.00015397056195992032,0.9992667026476024,0.0005793267904378178,-0.9743171052213916,-0.9986873758571646,0.38836522033020465,0.0001278159397196156,0.9998664613868868,5.722673393635036e-06,-0.9998607387134932
652,1,True,0,0.22369435993776488,0.8048247130684085,-0.2548247130684085,0.776305615901947,0.0,0.2236943542957306,0.33144323974636164,0.3000367789049997,0.36851998134863867,0.28220716355718367,0.35954233028040067,0.3582505061624157,0.03707674160227703,0.07604334260523204,0.41244624746266556,0.24841691402514648,0.36576498608334673,0.3858180998915068,0.1374011858663603
653,2,False,1,0.0,0.9573753048157738,-0.4073753048157738,0.0,1.0,0.0,0.03473676296854885,0.9314283419397181,0.033834895091733035,0.0009156499984962837,0.9987624233701708,0.0003219266313327768,-0.8975934468479851,-0.9984404967388381,0.42836639829742496,0.00028219105713461426,0.9996772429420302,4.05660008350027e-05,-0.9996366769411952
654,4,True,0,0.4028904671649378,0.6243158716245326,-0.07431587162453257,0.5971095561981201,0.0,0.40289047360420227,0.7306138971342818,0.052311358192398516,0.2170747446733196,0.7883732500018155,0.020683393314919085,0.19094335668326548,-0.5135391524609623,-0.59742989331855,0.3550438578733429,0.8026165428883189,0.020285000414761965,0.17709845669691934,-0.6255180861913995
655,4,False,0,0.0,0.4670981812610054,0.08290181873899466,1.0,0.0,0.0,0.23959133508747424,0.6952715333946519,0.06513713151787404,0.240288793302196,0.758619540471914,0.0010916662258899687,-0.1744542035696002,-0.23919712707630603,0.44304119161027966,0.2833007204558783,0.7164924610019021,0.00020681854221953023,-0.28309390191365874
656,3,True,0,0.13805273579004945,0.9995356546937879,-0.44953565469378787,0.861947238445282,0.0,0.13805273175239563,0.9967918662749801,2.5530410028844886e-05,0.0031826033149908632,0.8561149152643296,4.246520923833147e-08,0.1438850422704612,-0.9936092629599892,-0.7122298729938684,0.22056209829984544,0.8774973664608932,1.415405142756319e-21,0.12250263353910683,-0.7549947329217863
657,4,False,0,0.0,0.995937518626751,-0.4459375186267509,1.0,0.0,0.0,0.9989966094888316,0.0009838158508586243,1.9574660309760567e-05,0.9992023260912197,4.372284857268571e-05,0.0007539510602075329,-0.9989770348285218,-0.9984483750310122,0.4398692829826862,0.999994098934551,7.707818912425458e-12,5.901057741238945e-06,-0.9999881978768098
658,4,False,1,0.0,0.7263741317673141,-0.1763741317673141,0.0,1.0,0.0,0.23899190472048476,0.677957242688098,0.08305085259141727,0.2309438375581885,0.7680202210975102,0.0010359413443012044,-0.5949063900966807,-0.766984279753209,0.44891503359123747,0.27374839319122546,0.7260813813765298,0.00017022543224465788,-0.7259111559442851
659,1,True,0,0.35327319991280737,0.6654220717884176,-0.11542207178841757,0.6467267870903015,0.0,0.3532732129096985,0.2139335775756968,0.4235744949965416,0.36249192742776165,0.1486990598134354,0.4449524720544213,0.40634846813214326,0.14855834985206484,0.25764940831870786,0.3399811217996378,0.191593906313893,0.4292968794044811,0.37910921428162586,0.18751530796773286
660,1,False,1,0.0,0.571093125514092,-0.021093125514091926,0.0,1.0,0.0,0.4143619753826008,0.47026972909704634,0.11536829552035285,0.5018851808706275,0.49646035655347004,0.001654462575902322,-0.35490143357669346,-0.4948058939775677,0.4996761232530968,0.4272314210541016,0.5726622599210559,0.0001063190248425313,-0.5725559408962134
661,3,True,1,0.14346907953043142,0.9785040303249233,-0.42850403032492324,0.0,0.8565309047698975,0.14346908032894135,0.00275206699327855,0.8678381598462238,0.12940977316049757,7.501724316573935e-06,0.8490427205904146,0.15094977768526885,-0.7384283866857262,-0.6980929429051458,0.3128314550431287,1.861380756154026e-12,0.8332842179478535,0.16671578205028523,-0.6665684358975682
662,0,False,0,0.0,0.9794998420091628,-0.4294998420091628,1.0,0.0,0.0,0.9866219405886183,0.01313692902842992,0.0002411303829517913,0.9971603164894867,0.0020479855960242915,0.0007916979144890487,-0.9863808102056665,-0.9963686185749976,0.4466552088989212,0.9999994165346153,4.835724491213335e-09,5.786296600722925e-07,-0.9999988379049553
663,2,True,1,0.1465674023369602,0.9675608179060469,-0.4175608179060468,0.0,0.8534325957298279,0.14656740427017212,0.041246538462281296,0.6808884689423209,0.2778649925953978,0.005686979694412656,0.8051124390628611,0.18920058124272618,-0.4030234763469231,-0.6159118578201349,0.30741192286164126,0.0012618520176741522,0.8239536048480626,0.17478454313426325,-0.6491690617137993
664,2,True,0,0.1382875484696781,0.9985666579260761,-0.4485666579260761,0.8617124557495117,0.0,0.13828754425048828,0.9960595119009982,6.969708352556577e-06,0.00393351839064912,0.8282690945947991,8.505344828047498e-10,0.1717309045546663,-0.992125993510349,-0.6565381900401328,0.19231128997555808,0.8915793943370128,6.034198407299057e-08,0.1084205453210033,-0.7831588490160095
665,2,False,0,0.0,0.9963327680738523,-0.44633276807385225,1.0,0.0,0.0,0.9983326793028565,0.0016481609574674593,1.9159739675961683e-05,0.9994269426255774,6.535000299005562e-05,0.0005077073714324288,-0.9983135195631806,-0.9989192352541449,0.4461365561653139,0.9999347275395667,6.228045074530491e-05,2.992009688045891e-06,-0.9999317355298787
666,4,False,0,0.0,0.9737750851624771,-0.4237750851624771,1.0,0.0,0.0,0.7946678928501055,0.19136723109227052,0.013964876057623943,0.7252594833701648,0.2732575150456549,0.0014830015841802542,-0.7807030167924816,-0.7237764817859845,0.48385268131958725,0.7723675718834367,0.22761207119447563,2.0356922087494636e-05,-0.7723472149613493
667,0,True,0,0.13811576633798572,0.9992749912954941,-0.4492749912954941,0.8618842363357544,0.0,0.1381157636642456,0.9996076042146573,8.630062424233163e-06,0.00038376572291851324,0.8448531802556626,1.57471805144768e-08,0.155146803997157,-0.9992238384917388,-0.6897063762585056,0.270516990942952,0.8801494380141617,1.9882874524846907e-35,0.1198505619858383,-0.7602988760283234
668,3,False,0,0.0,0.8603632835682564,-0.3103632835682564,1.0,0.0,0.0,0.5031848688793457,0.40441431627708757,0.09240081484356674,0.6170424761524089,0.3812167597831833,0.0017407640644077549,-0.4107840540357789,-0.6153017120880012,0.4850892792606832,0.5510561580771712,0.4472401011122974,0.001703740810531451,-0.5493524172666397
669,4,False,0,0.0,0.9932307585041461,-0.44323075850414606,1.0,0.0,0.0,0.9999364233533766,6.104427296522659e-05,2.532373658252654e-06,0.9990217310566419,8.965065783756035e-07,0.0009773724367797786,-0.9999338909797184,-0.9980443586198622,0.4289722872976278,0.9999825024314318,1.5187530259675225e-17,1.7497568568161616e-05,-0.9999650048628637
670,3,False,1,0.0,0.9822073105055134,-0.4322073105055133,0.0,1.0,0.0,0.001486427115635109,0.9925964641787116,0.005917108705653295,1.454846902096876e-06,0.9997319148867206,0.00026663026637721864,-0.9866793554730583,-0.9994652846203435,0.3658203139328749,7.462001651834155e-15,0.9999163150518728,8.368494811959338e-05,-0.9998326301037532
671,0,True,1,0.15652808452617778,0.9364890108803776,-0.38648901088037757,0.0,0.8434719443321228,0.15652808547019958,0.003953360435416624,0.938547267346902,0.05749937221768148,5.996123877355875e-05,0.8398685475823012,0.16007149117892508,-0.8810478951292204,-0.6797970564033762,0.15831681722541896,1.6373107350285444e-05,0.8902400605749492,0.10974356631770067,-0.7804964942572485
672,2,False,1,0.0,0.9861113757702428,-0.4361113757702427,0.0,1.0,0.0,0.013798368687581775,0.975292454852666,0.010909176459752016,0.0002056403327309903,0.9992997361554843,0.0004946235117848518,-0.964383278392914,-0.9988051126436994,0.39810926125481017,1.6468428258442695e-05,0.9999197236663393,6.38079054021271e-05,-0.9998559157609371
673,0,False,0,0.0,0.99357964125499,-0.44357964125498994,1.0,0.0,0.0,0.9999369461313135,5.85269285167721e-05,4.526940169837844e-06,0.9988961375745854,3.0137339012736104e-06,0.0011008486915132455,-0.9999324191911436,-0.9977952888830721,0.420389583429097,0.9999947782288516,3.6030580047738534e-29,5.221771148443359e-06,-0.9999895564577032
674,4,False,0,0.0,0.9760851757004939,-0.42608517570049387,1.0,0.0,0.0,0.9822713413208364,0.017401986660953515,0.00032667201821021764,0.9958397669226421,0.003449805932122688,0.0007104271452353718,-0.9819446693026261,-0.9951293397774067,0.46028139744345997,0.9999462540020522,5.192558136040761e-05,1.8204165874192217e-06,-0.9999444335854647
675,1,False,0,0.0,0.8910721850933602,-0.3410721850933601,1.0,0.0,0.0,0.7902777718608689,0.19513802331354327,0.014584204825587695,0.771030612994119,0.22779634041901936,0.001173046586861558,-0.7756935670352813,-0.7698575664072574,0.4840304830393838,0.7521303121539923,0.24783265457286607,3.703327314168503e-05,-0.7520932788808506
676,3,False,1,0.0,0.9807536167425195,-0.43075361674251944,0.0,1.0,0.0,0.9276131474227082,0.07020024218410337,0.0021866103931886534,0.943859429092994,0.05501350063899511,0.0011270702680110899,-0.06801363179091471,-0.05388643037098402,0.4923726705429881,0.9229064734063865,0.07705627135239988,3.725524121370005e-05,-0.07701901611118618
677,1,False,0,0.0,0.9130802737448812,-0.36308027374488117,1.0,0.0,0.0,0.6785504899887371,0.2799915372527662,0.04145797275849657,0.6907378394081094,0.3078313504806542,0.0014308101112363843,-0.6370925172302405,-0.689307029296873,0.5010590195568104,0.6777482541789069,0.32217200767611703,7.973814497603218e-05,-0.6776685160339309
678,0,True,0,0.13854927970081404,0.9974932061835344,-0.4474932061835344,0.861450731754303,0.0,0.13854928314685822,0.9067824374117309,0.019056184753531998,0.07416137783473695,0.8402301705252142,0.003312897887531061,0.15645693158725474,-0.832621059576994,-0.6837732389379595,0.3063372291041234,0.8586453106053548,1.208548081336029e-07,0.14135456853983694,-0.7172907420655178
679,4,True,1,0.1442577769430986,0.9756503855655602,-0.4256503855655601,0.0,0.8557422161102295,0.1442577838897705,0.0023655116314859124,0.8694681462661196,0.1281663421023945,1.4463427438369284e-05,0.855394780535946,0.14459075603661564,-0.741301804163725,-0.7108040244993303,0.312322412465141,1.5569259601523738e-08,0.8736205669909111,0.1263794174398293,-0.7472411495510818
680,0,False,1,0.0,0.9761740341967462,-0.42617403419674615,0.0,1.0,0.0,0.06986011915844188,0.8822129247677026,0.04792695607385553,0.007842102106662403,0.9918368621580556,0.0003210357352818986,-0.8342859686938471,-0.9915158264227737,0.4302365613566182,0.010187867711997771,0.9898085868298991,3.5454581029300215e-06,-0.9898050413717963
681,0,True,0,0.14294769360174842,0.9804174100947106,-0.4304174100947106,0.8570523262023926,0.0,0.14294768869876862,0.8266452192396889,0.019703959891382884,0.15365082086892823,0.8219782040267323,0.008394145840455463,0.16962765013281234,-0.6729943983707607,-0.6523505538939199,0.3584946352193118,0.8395457063542373,3.7048233809790317e-07,0.1604539231634246,-0.6790917831908128
682,1,False,1,0.0,0.8301703953075286,-0.2801703953075285,0.0,1.0,0.0,0.22484593465283073,0.7338662035965867,0.041287861750582536,0.30513925671257625,0.6934193505604193,0.0014413927270044355,-0.6925783418460042,-0.6919779578334149,0.43754425224419313,0.2617438293773106,0.7381468186782052,0.00010935194448417018,-0.7380374667337211
683,0,True,0,0.1382546503674345,0.998702077282568,-0.44870207728256795,0.8617453575134277,0.0,0.13825465738773346,0.9968227424273118,8.304814643626158e-05,0.003094209426251818,0.8708315284059893,3.087432540420188e-07,0.1291681628507567,-0.99372853300106,-0.7416633655552326,0.26022659312211494,0.8813266168663935,2.1976182039074605e-27,0.1186733831336066,-0.7626532337327868
684,4,False,1,0.0,0.6026732515210065,-0.05267325152100644,0.0,1.0,0.0,0.5606413322652466,0.38338349702692137,0.05597517070783201,0.6117946337554546,0.3867342319844696,0.0014711342600759233,-0.32740832631908934,-0.38526309772439365,0.4739791021330217,0.647962812935739,0.351885785084016,0.00015140198024501868,-0.35173438310377103
685,4,True,1,0.14670824297204454,0.9670797931229483,-0.4170797931229483,0.0,0.8532917499542236,0.14670825004577637,0.00556720955369708,0.8582317536110897,0.13620103683521317,4.1539610523836744e-05,0.8481460304054415,0.15181242998403485,-0.7220307167758766,-0.6963336004214066,0.28188992583901873,1.7430627247307106e-07,0.8837552204111745,0.11624460528255308,-0.7675106151286214
686,0,True,1,0.17023827635870542,0.9011236997764145,-0.35112369977641444,0.0,0.8297617435455322,0.17023827135562897,0.04318909015761829,0.7608049696928274,0.1960059401495543,0.004354112961505337,0.8214926284820245,0.17415325855647018,-0.5647990295432731,-0.6473393699255543,0.18769120806416217,0.0035729750210289225,0.8474591270975635,0.1489678978814074,-0.6984912292161561
687,2,True,0,0.21600861605070676,0.8161421284495959,-0.26614212844959584,0.7839913964271545,0.0,0.21600861847400665,0.5198112550944235,0.1653194246886703,0.31486932021690606,0.6071941982323882,0.1539320729043377,0.23887372886327418,-0.20494193487751744,-0.368320469369114,0.3792232377017787,0.6426201642240635,0.09681019133345031,0.2605696444424862,-0.38205051978157734
688,4,False,1,0.0,0.9761886896743119,-0.4261886896743119,0.0,1.0,0.0,0.008997347982350423,0.9877353364261381,0.0032673155915113744,0.0002592951865572087,0.9988582051473857,0.0008824996660573232,-0.9844680208346267,-0.9979757054813283,0.3787884960348017,8.026379681222329e-07,0.9999763396574388,2.2857704592959073e-05,-0.9999534819528458
689,0,True,1,0.14845605043116272,0.9612208719254657,-0.41122087192546564,0.0,0.8515439629554749,0.14845605194568634,0.0019883388369797373,0.8776894079933293,0.12032225316969107,1.0619940847379698e-05,0.8467509435787871,0.15323843648036553,-0.7573671548236383,-0.6935125070984216,0.31065707913517865,2.698446464962282e-06,0.9058125352278336,0.0941847663257014,-0.8116277689021322
690,0,False,1,0.0,0.9513204942105481,-0.40132049421054805,0.0,1.0,0.0,0.002500508792322601,0.9948275900709589,0.0026719011367183345,4.036116625630138e-05,0.9992322423131775,0.0007273965205660374,-0.9921556889342406,-0.9985048457926115,0.36577367147451045,1.7878448563856578e-05,0.9999049002471834,7.72213042526956e-05,-0.9998276789429307
691,3,True,0,0.1396139406023913,0.9931967778209476,-0.4431967778209476,0.860386073589325,0.0,0.13961394131183624,0.9655757600171345,0.00034408994359863614,0.034080150039266885,0.8619171106447918,2.1947717023389676e-05,0.13806094163818491,-0.9314956099778676,-0.7238561690066069,0.2926870633063416,0.8689204136216869,1.8328079200125976e-15,0.13107958637831135,-0.7378408272433756
692,4,True,1,0.2042523773113396,0.8347258478696509,-0.2847258478696508,0.0,0.7957476377487183,0.20425237715244293,0.44352882212213174,0.2664139014893435,0.2900572763885247,0.4540818329804906,0.25440084548371406,0.29151732153579546,0.02364337489918117,0.037116476052081404,0.40003708675466665,0.4662645151574266,0.21075929307323607,0.32297619176933734,0.11221689869610127
693,1,False,0,0.0,0.9698391314163182,-0.4198391314163181,1.0,0.0,0.0,0.8561385800490313,0.13752717552964125,0.006334244421327297,0.813495140046491,0.18549096135767845,0.0010138985958304946,-0.849804335627704,-0.8124812414506606,0.47831470251175956,0.7959389984670909,0.20404368692824779,1.7314604661298594e-05,-0.7959216838624297
694,4,True,1,0.23334796508702915,0.7913959348646165,-0.2413959348646164,0.0,0.7666520476341248,0.23334796726703644,0.09566012260416352,0.6698577293632068,0.23448214803262993,0.017109278205647623,0.7992089173305638,0.18368180446378873,-0.43537558133057686,-0.615527112866775,0.251119797466175,0.00680594311101675,0.8191777758746444,0.17401628101433878,-0.6451614948603056
695,4,True,1,0.14960542091749196,0.9574748579767766,-0.4074748579767765,0.0,0.850394606590271,0.1496054232120514,0.0022799385288079176,0.8684326728705407,0.1292873886006514,1.3301801936807486e-05,0.8555919779907661,0.14439472020729704,-0.7391452842698893,-0.7111972577834691,0.3197820588283305,1.4490763281127257e-08,0.8723692872230728,0.1276306982861639,-0.7447385889369089
696,4,True,1,0.15379443362345852,0.9444746684234687,-0.3944746684234687,0.0,0.8462055921554565,0.15379443764686584,0.017330088231142286,0.8046934830697159,0.17797642869914182,0.0005456704955322947,0.8462464758181547,0.15320785368631293,-0.626717054370574,-0.6930386221318418,0.25065879708555466,1.3070928643605363e-05,0.8664229056995597,0.13356402337179682,-0.7328588823277629
697,2,False,1,0.0,0.9762446273726838,-0.42624462737268376,0.0,1.0,0.0,0.0012842223809512937,0.9932878855293573,0.005427892089691495,1.686868524004222e-06,0.9995854341576864,0.0004128789737894718,-0.9878599934396658,-0.9991725551838969,0.362176093817355,2.44569047852614e-08,0.998768561834516,0.0012314137085792213,-0.9975371481259367
698,1,True,0,0.37983184806633646,0.6429944872382616,-0.09299448723826154,0.620168149471283,0.0,0.37983185052871704,0.2525805334205849,0.35743131948128265,0.38998814709813245,0.25655038139183306,0.3151725408832371,0.4282770777249299,0.13740761367754756,0.17172669633309684,0.3736165212392658,0.2082097288486752,0.35909934094035845,0.43269093021096633,0.22448120136229113
699,4,False,0,0.0,0.9850170661723393,-0.43501706617233926,1.0,0.0,0.0,0.9985972291182872,0.001331870941760833,7.089993995200027e-05,0.9992468757895795,8.193913366466147e-05,0.0006711850767557179,-0.9985263291783352,-0.9985756907128238,0.42671453553612937,0.999985224830172,1.2602036514219885e-10,1.4775043807367452e-05,-0.9999704497863647
700,2,True,1,0.5691447671107389,0.4976154286208318,0.05238457137916824,0.0,0.43085524439811707,0.5691447854042053,0.1648550441453275,0.4757321864447371,0.35941276940993533,0.13074388492874264,0.524429941700308,0.3448261733709494,-0.11631941703480175,-0.1796037683293586,0.31082443231686824,0.14766557321782758,0.49435861646048485,0.35797581032168746,-0.13638280613879739
701,3,True,1,0.1542522469520401,0.9431114500520364,-0.3931114500520364,0.0,0.8457477688789368,0.15425224602222443,0.006112489134160181,0.8635577203441551,0.13032979052168464,0.00010973539566070792,0.8230200657155887,0.17687019888875052,-0.7332279298224704,-0.6461498668268382,0.20434709115574878,3.314890995543523e-10,0.8084955471750904,0.19150445249342055,-0.6169910946816699
702,4,True,0,0.6711624310019071,0.41280082140789226,0.13719917859210778,0.3288375735282898,0.0,0.6711624264717102,0.32225435856387974,0.29459805861377897,0.3831475828223413,0.3392889582269265,0.31956107718868443,0.3411499645843891,0.060893224258461554,0.0018610063574626134,0.4232799656810517,0.39325600418679796,0.237612712922171,0.369131282891031,-0.024124721295766982
703,2,True,0,0.138272365601875,0.9986291418416932,-0.4486291418416931,0.8617276549339294,0.0,0.13827235996723175,0.9825540130984516,0.001278397073334808,0.01616758982821364,0.8715662247971173,5.24776414806029e-06,0.12842852743873456,-0.9663864232702379,-0.7431376973583828,0.2707677584687763,0.8630043847126149,0.00011472791684545955,0.13688088737053966,-0.7261234973420752
704,3,False,1,0.0,0.9817877615370587,-0.43178776153705867,0.0,1.0,0.0,0.018615561862924797,0.9732815416147028,0.008102896522372451,0.0009150595475617544,0.9983672488839501,0.0007176915684881701,-0.9651786450923303,-0.9976495573154619,0.38976873809002727,2.7982286524557327e-08,0.9999830796115204,1.689240619288784e-05,-0.9999661872053276
705,2,True,0,0.3821843261188869,0.6410588261313315,-0.09105882613133143,0.6178156733512878,0.0,0.38218432664871216,0.17230830997287933,0.4399294358973117,0.38776225412980897,0.1755726421945206,0.4604726333816772,0.36395472442380206,0.21545394415692964,0.18838208222928146,0.34961395695938347,0.18352052916661266,0.43505763308594536,0.381421837747442,0.19790130858082933
706,4,True,1,0.14801096686022963,0.9626938418780225,-0.4126938418780225,0.0,0.8519890308380127,0.1480109691619873,0.03826394519848805,0.6747534644541456,0.28698259034736634,0.006909228371092264,0.7905322212346458,0.2025585503942618,-0.3877708741067793,-0.587973670840384,0.31921419277202057,0.0006756551217629719,0.8445955653137983,0.15472877956443878,-0.6898667857493596
707,2,False,0,0.0,0.9676190714518601,-0.41761907145186006,1.0,0.0,0.0,0.9994317639632548,0.0005037627136461926,6.447332309919058e-05,0.9994830313819141,1.0412351239150928e-05,0.0005065562668467195,-0.9993672906401556,-0.9989764751150674,0.4133381760395628,0.9999499947303344,2.2615112277109186e-05,2.73901573884256e-05,-0.999922604572946
708,2,True,1,0.20995209343880283,0.825507440236621,-0.275507440236621,0.0,0.7900478839874268,0.20995208621025085,0.10511098508435719,0.536025581954102,0.3588634329615407,0.07167108848047667,0.6680856946967467,0.2602432168227766,-0.17716214899256127,-0.4078424778739701,0.2989858741086576,0.060938476687981045,0.6331871454486555,0.30587437786336336,-0.32731276758529215
709,4,True,0,0.14825542221249122,0.9618832615185591,-0.41188326151855903,0.8517445921897888,0.0,0.14825542271137238,0.5810694115033941,0.09610834911663406,0.32282223937997184,0.7259508499397741,0.047387417707009626,0.22666173235321632,-0.25824717212342224,-0.4992891175865578,0.3238486964243265,0.7129945628301623,0.04629835190382209,0.24070708526601564,-0.47228747756414663
710,1,False,1,0.0,0.8388883039032348,-0.2888883039032347,0.0,1.0,0.0,0.8243443347034738,0.16474945583960504,0.010906209456921157,0.7903217236497979,0.20855357041758968,0.0011247059326124319,-0.15384324638268387,-0.20742886448497724,0.485800116705026,0.7673586377956804,0.23261760253327352,2.3759671046067245e-05,-0.23259384286222745
711,3,True,0,0.14148407712524652,0.9859081181904624,-0.4359081181904624,0.8585159182548523,0.0,0.1414840817451477,0.8231524479439821,0.010164711058427216,0.16668284099759054,0.8456790471317028,0.0033125201129252644,0.15100843275537196,-0.6564696069463916,-0.6946706143763308,0.34750276262989216,0.8676003202149838,8.061946780224023e-07,0.1323988735903383,-0.7352014466246455
712,2,True,1,0.17122065440907608,0.8988382208321845,-0.3488382208321844,0.0,0.8287793397903442,0.17122066020965576,0.04886231649062341,0.6628617606607662,0.2882759228486103,0.009621804777772377,0.7869689594726287,0.2034092357495989,-0.3745858378121559,-0.5835597237230298,0.2882888823734258,0.003008745675144058,0.7963536489492598,0.20063760537559627,-0.5957160435736635
713,0,True,1,0.17023404541073917,0.9011336052632658,-0.35113360526326576,0.0,0.8297659754753113,0.17023403942584991,0.010109402685574786,0.7996515498112439,0.1902390475031813,0.00032206658404583164,0.8618508618418107,0.1378270715741435,-0.6094125023080625,-0.7240237902676672,0.30259090449701775,0.00014115819071020303,0.8761772243274976,0.12368161748179228,-0.7524956068457053
714,3,True,0,0.39242922296781485,0.6327120248038324,-0.08271202480383233,0.6075707674026489,0.0,0.3924292325973511,0.41120203880657946,0.23377913008670848,0.35501883110671195,0.4243615106877561,0.2835691821441384,0.2920693071681054,-0.05618320769986751,-0.1322922035196507,0.4031860452109857,0.4308102450092711,0.28246241882510825,0.28672733616562074,-0.14408290884365038
715,0,True,0,0.14001086999634388,0.9916229445169163,-0.4416229445169163,0.8599891066551208,0.0,0.14001086354255676,0.8981540159129399,0.0015427566341343923,0.1003032274529259,0.8683391972640593,0.0002482435159223467,0.13141255922001843,-0.797850788460014,-0.7369266380440409,0.3457974304486725,0.8783010185848834,2.372099452459245e-16,0.12169898141511627,-0.7566020371697671
716,4,True,1,0.14623974522723215,0.968685195759539,-0.418685195759539,0.0,0.8537602424621582,0.1462397426366806,0.0013595867283705525,0.9030514628983415,0.09558895037328789,3.206600589891104e-06,0.839858533379016,0.1601382600203942,-0.8074625125250536,-0.6797202733586217,0.282122485158539,1.282644999932614e-09,0.8898439235775613,0.1101560751397938,-0.7796878484377675
717,1,True,0,0.14076122655324275,0.9886877526191281,-0.43868775261912807,0.8592387437820435,0.0,0.14076122641563416,0.7532009958727032,0.03361487089015099,0.21318413323714597,0.7993865909214836,0.015538176558474925,0.18507523252004143,-0.5400168626355573,-0.6143113584014421,0.34793673647902323,0.8055070082004849,0.01575997257965574,0.17873301921985943,-0.6267739889806255
718,1,True,0,0.20478261267880332,0.8338505103400696,-0.2838505103400696,0.7952173948287964,0.0,0.2047826200723648,0.44708911736641294,0.1666000928207402,0.3863107898128469,0.49614667551653363,0.2233105477250233,0.2805427767584431,-0.06077832755356605,-0.21560389875809055,0.3689299031201846,0.4022369443392478,0.27135484247862757,0.32640821318212476,-0.07582873115712302
719,2,True,1,0.1444158055265416,0.975084374671009,-0.4250843746710089,0.0,0.8555842041969299,0.14441581070423126,0.014091877831267538,0.8867515323908985,0.09915658977783377,0.0002942689973227609,0.8612953977168599,0.1384103332858174,-0.7875949426130647,-0.7228850644310425,0.18730382935567022,2.8499526557039276e-05,0.8518722618040785,0.14809923866936445,-0.703773023134714
720,1,True,0,0.3009484868235952,0.713844850343493,-0.16384485034349294,0.6990514993667603,0.0,0.30094850063323975,0.19293366284845725,0.466719335072235,0.3403470020793078,0.11437787984039473,0.53953062736959,0.3460914927900152,0.14741333923085054,0.2317136129496205,0.3124015648005402,0.16345166945811218,0.48704135458401987,0.349506975957868,0.18605530649975582
721,2,False,0,0.0,0.5693887831610212,-0.019388783161021106,1.0,0.0,0.0,0.5889401030252666,0.3646695465600385,0.046390350414694984,0.7184105033287044,0.2798435767701966,0.0017459199010989848,-0.5425497526105716,-0.7166645834276054,0.4721588977807003,0.7532620831874082,0.24611840928647144,0.000619507526120503,-0.7526425756612877
722,2,False,0,0.0,0.9604137852308307,-0.4104137852308306,1.0,0.0,0.0,0.898755473278176,0.09762565664651823,0.0036188700753059,0.8691233687994947,0.1296473858876222,0.0012292453128828849,-0.89513660320287,-0.8678941234866118,0.48690653586649607,0.8834341671003548,0.116541837474935,2.399542471020146e-05,-0.8834101716756446
723,1,True,0,0.14050882003843607,0.9896693469828397,-0.43966934698283966,0.8594911694526672,0.0,0.14050881564617157,0.9464927677010397,0.03332278243204382,0.020184449866916566,0.8387209099399998,0.007011778917034452,0.15426731114296574,-0.9263083178341232,-0.684453598797034,0.4013072307312882,0.808015565392165,0.006880324338861525,0.18510411026897344,-0.6229114551231916
724,4,True,0,0.13820116846212682,0.9989224625601053,-0.44892246256010526,0.8617988228797913,0.0,0.13820116221904755,0.9908382805641269,0.00037221849549775617,0.00878950094037526,0.8739905240149536,7.824674750731669e-07,0.12600869351757135,-0.9820487796237517,-0.7479818304973822,0.26045987314998825,0.8604340688216846,1.792189253484366e-11,0.1395659311603935,-0.7208681376612911
725,4,False,0,0.0,0.4245722767961517,0.12542772320384832,1.0,0.0,0.0,0.5910464532540092,0.353763943204135,0.055189603541855994,0.6325798864355429,0.36596132844731283,0.0014587851171442973,-0.5358568497121532,-0.6311211013183986,0.4763520855969291,0.6661673588911411,0.33370625918167746,0.0001263819271814935,-0.6660409769639596
726,1,True,1,0.6097372978431729,0.4655336337542983,0.08446636624570175,0.0,0.3902626931667328,0.6097372770309448,0.2758280179221472,0.32031474705549046,0.40385723502236237,0.2651861899971048,0.3616823225635662,0.3731314874393291,0.08354248796687191,0.011449164875762918,0.431547334205925,0.21731720955285383,0.34014894988993627,0.44253384055720996,0.10238489066727369
727,2,True,1,0.16511249626324342,0.9135401418514014,-0.3635401418514014,0.0,0.8348875045776367,0.16511249542236328,0.0058763385717196925,0.8146736462664442,0.17945001516183604,0.00013671081429442465,0.8538853163050427,0.1459779728806628,-0.6352236311046082,-0.7079073434243799,0.34135830316219273,2.574189666229225e-06,0.838481196516942,0.16151622929339182,-0.6769649672235502
728,2,False,0,0.0,0.9626117414307599,-0.41261174143075985,1.0,0.0,0.0,0.9576786313742707,0.04140809371363029,0.0009132749120990373,0.974408063091239,0.02488023681121235,0.0007117000975488146,-0.9567653564621716,-0.9736963629936901,0.4853384544406115,0.9710398558708099,0.028953740935099292,6.403194090927137e-06,-0.9710334526767189
729,1,True,1,0.14148503483232666,0.9859044659188286,-0.4359044659188286,0.0,0.8585149645805359,0.1414850354194641,0.0013306475423759683,0.9270200687716784,0.07164928368594549,5.757640765802283e-07,0.9312197712565324,0.06877965297939104,-0.8553707850857329,-0.8624401182771414,0.31293006606936713,6.264361526557463e-07,0.8391032568501383,0.16089611671370901,-0.6782071401364294
730,1,True,0,0.13849190271437234,0.9977279358323,-0.4477279358323,0.8615080714225769,0.0,0.1384918987751007,0.9646635982486889,0.026923703598689657,0.008412698152621462,0.8813115586541395,0.005347062662782477,0.11334137868307803,-0.9562509000960674,-0.7679701799710614,0.42180055613464684,0.8114184400478518,0.005635953749251719,0.18294560620289646,-0.6284728338449553
731,2,True,1,0.15403233612302103,0.9437649353225559,-0.39376493532255585,0.0,0.8459676504135132,0.15403233468532562,0.07066833401013117,0.6481377213369274,0.2811939446529415,0.014216673173397414,0.7711739253992843,0.21460940142731844,-0.36694377668398587,-0.5565645239719659,0.24985868853840926,0.010143931876643414,0.7650387078249542,0.22481736029840255,-0.5402213475265516
732,3,False,0,0.0,0.8743417440510516,-0.32434174405105154,1.0,0.0,0.0,0.906626059086317,0.09031003995573286,0.0030639009579502443,0.9181742591804494,0.08061698061222841,0.0012087602073222049,-0.9035621581283667,-0.9169654989731272,0.48617609467780964,0.9031445518437079,0.09679871063223523,5.673752405690572e-05,-0.903087814319651
733,1,False,0,0.0,0.9878293692635131,-0.437829369263513,1.0,0.0,0.0,0.9914247592417753,0.008389636629544664,0.00018560412868005792,0.9980547737575741,0.0013324206209440524,0.0006128056214816038,-0.9912391551130952,-0.9974419681360925,0.43398962736202645,0.9994425361661132,0.0005568875658289518,5.762680576786435e-07,-0.9994419598980555
734,0,True,1,0.17457230988199135,0.8912488211841376,-0.3412488211841376,0.0,0.8254277110099792,0.17457230389118195,0.08315444734896656,0.5669589355365148,0.3498866171145186,0.035123760621446024,0.715867879662901,0.2490083597156531,-0.21707231842199615,-0.4668595199472479,0.3064794099573713,0.032032150370674944,0.7294801768851151,0.23848767274420987,-0.49099250414090523
735,3,True,1,0.2230714296529906,0.8057201263834649,-0.25572012638346486,0.0,0.7769285440444946,0.22307142615318298,0.1414529431286718,0.6320354865961708,0.22651157027515745,0.028051539546352453,0.8289194571589615,0.14302900329468612,-0.40552391632101337,-0.6858904538642754,0.29236630499536614,0.03800906638201748,0.766593756822609,0.1953971767953734,-0.5711965800272356
736,3,False,1,0.0,0.9883322545323083,-0.4383322545323083,0.0,1.0,0.0,0.0025278835379694805,0.9605116587995479,0.03696045766248253,9.570226756082394e-07,0.9998881724809457,0.00011087049637860067,-0.9235512011370653,-0.9997773019845672,0.43344915749085067,2.8574279124892167e-13,0.9999606209856563,3.937901405791107e-05,-0.9999212419715984
737,0,True,1,0.16424571263435084,0.9157271833267967,-0.36572718332679666,0.0,0.8357542753219604,0.16424570977687836,0.032906281397146436,0.7256742001686957,0.24141951843415793,0.0023896600301497716,0.829892943290437,0.16771739667941335,-0.48425468173453773,-0.6621755466110236,0.2689890712489777,0.0019408874566851592,0.8681031717493296,0.1299559407939851,-0.7381472309553445
738,3,True,1,0.16957160921817316,0.9026911942179301,-0.35269119421793005,0.0,0.8304283618927002,0.16957160830497742,0.026065918360449712,0.7401360208635748,0.23379806077597545,0.0017922661111132551,0.828780770180447,0.16942696370843968,-0.5063379600875993,-0.6593538064720074,0.27465419318488393,2.6826353834752753e-06,0.8257257352264785,0.17427158213813806,-0.6514541530883404
739,3,True,1,0.5366789066499832,0.5224133260494646,0.02758667395053549,0.0,0.46332108974456787,0.5366789102554321,0.30307757502113325,0.3009473247735416,0.3959751002053253,0.3233133772339882,0.3163848512550118,0.36030177151099996,0.0950277754317837,0.043916920255988146,0.4171752655826128,0.32435050508853486,0.3120387924344506,0.3636107024770145,0.051571910042563895
740,3,True,0,0.14236678683880216,0.9825751982318705,-0.4325751982318704,0.8576332330703735,0.0,0.14236678183078766,0.9205850448089545,0.018637285397452796,0.06077766979359258,0.8465569878724345,0.0020835204388487336,0.1513594916887169,-0.859807375015362,-0.6951974961837176,0.3153134097420171,0.8582109375882077,8.963669636039818e-05,0.14169942571543198,-0.7165115118727756
741,3,True,0,0.13927600662940925,0.9945485182872786,-0.4445485182872786,0.8607239723205566,0.0,0.13927601277828217,0.8508374558973631,0.012887368353968542,0.1362751757486683,0.844679515772417,0.004445448819535425,0.15087503540804773,-0.7145622801486948,-0.6938044803643693,0.3540074753314781,0.866888076594662,4.497562939622746e-06,0.13310742584239843,-0.7337806507522636
742,2,False,1,0.0,0.9891172786582051,-0.43911727865820505,0.0,1.0,0.0,0.0022664480026531137,0.9832638328298771,0.01446971916746988,3.091043291292478e-06,0.9996943540766445,0.0003025548800641338,-0.9687941136624072,-0.9993917991965804,0.3862667938830831,1.0073627462258901e-07,0.9994816553738631,0.0005182438898622036,-0.9989634114840009
743,2,True,1,0.14912172287858638,0.9590413299175976,-0.40904132991759756,0.0,0.8508782982826233,0.1491217166185379,0.00835247202496076,0.8545501431702821,0.1370973848047572,0.00014236951657621794,0.8400056288473139,0.15985200163611002,-0.7174527583655249,-0.6801536272112039,0.2287627352990243,6.676388105610945e-06,0.844487881576692,0.15550544203520256,-0.6889824395414894
744,2,True,1,0.15390768223105328,0.9441364521506743,-0.3941364521506743,0.0,0.8460923433303833,0.1539076864719391,0.0027315655658266,0.9110641594744859,0.08620427495968755,4.505640807623149e-05,0.801965196074245,0.19798974751767878,-0.8248598845147984,-0.6039754485565663,0.1505122063234449,4.5276810072838194e-07,0.8029701784414669,0.1970293687904325,-0.6059408096510344
745,1,True,1,0.16117853190231385,0.9236889945847457,-0.3736889945847457,0.0,0.8388214707374573,0.16117852926254272,0.201411762066617,0.5946958662317342,0.2038923717016488,0.06645266618365764,0.7557102654897634,0.17783706832657886,-0.3908034945300854,-0.5778731971631845,0.3053960077964114,0.07267164140032364,0.6334187606091046,0.2939095979905718,-0.3395091626185328
746,1,True,0,0.44521651589082983,0.5913474466175718,-0.041347446617571726,0.5547834634780884,0.0,0.44521650671958923,0.641426162487486,0.043682972615789795,0.3148908648967242,0.8126090404659176,0.015212213969525955,0.17217874556455623,-0.3265352975907618,-0.6404302949013614,0.2527060796575626,0.7560869140084585,0.02293760096748255,0.22097548502405875,-0.5351114289843998
747,0,True,0,0.13989364130073073,0.9920862135769869,-0.44208621357698685,0.860106348991394,0.0,0.13989363610744476,0.8813769149511531,0.023387270938215247,0.09523581411063166,0.8312673825988168,0.006199574234355277,0.16253304316682785,-0.7861411008405215,-0.668734339431989,0.32291794883815367,0.8481055095920971,9.013648439753787e-07,0.15189358904305908,-0.696211920549038
748,2,True,0,0.13825131812660807,0.9987158000449784,-0.44871580004497835,0.8617486953735352,0.0,0.13825131952762604,0.9997201567608027,0.00024397084583751408,3.5872393359761605e-05,0.9636309588589813,1.3344888870637044e-06,0.0363677066521316,-0.9996842843674429,-0.9272632522068497,0.34797700599780257,0.9854034235875375,3.547661243481604e-06,0.014593028751218939,-0.9708103948363186
749,2,True,1,0.15728884174496444,0.9343302021483484,-0.38433020214834834,0.0,0.8427111506462097,0.1572888344526291,0.007690545557305896,0.9326608015944041,0.059648652848290094,0.00018977214307762055,0.7996987696863609,0.2001114581705614,-0.873012148746114,-0.5995873115157995,0.11335161068399205,6.220188219632769e-06,0.8173075639291277,0.18268621588265263,-0.6346213480464751
750,4,True,1,0.40688651137465626,0.6211392007223572,-0.07113920072235713,0.0,0.5931134819984436,0.4068865180015564,0.3311356716667476,0.3662613399825617,0.30260298835069055,0.29262737865322175,0.33158488792107815,0.37578773342570004,-0.06365835163187117,0.04420284550462189,0.38815925475163343,0.3296563236929124,0.31500228263606794,0.35534139367101963,0.04033911103495169
751,3,True,1,0.3191309180507229,0.6962284072995332,-0.14622840729953313,0.0,0.6808691024780273,0.31913092732429504,0.2897573979371405,0.3392189565247766,0.3710236455380828,0.2783173749880293,0.299303837734069,0.42237878727790173,0.03180468901330619,0.12307494954383275,0.4015098148940025,0.27484043832235605,0.3355986632578705,0.38956089841977354,0.053962235161903016
752,3,False,1,0.0,0.9886628584654791,-0.43866285846547903,0.0,1.0,0.0,0.0035344422666578204,0.9709905139652955,0.025475043768046608,2.9450671244961565e-06,0.9998585349745701,0.0001385199583051733,-0.9455154701972488,-0.999720015016265,0.4129400306022645,1.4063143255275158e-12,0.9999796306009386,2.0369397655059296e-05,-0.9999592612032836
753,3,True,1,0.18303343521165183,0.8733678770292725,-0.3233678770292725,0.0,0.8169665932655334,0.18303343653678894,0.04747666853829815,0.6935451216415696,0.2589782098201322,0.00614004756012051,0.8036496361573997,0.19021031628247978,-0.43456691182143736,-0.61343931987492,0.25252971415559233,0.000110797136907473,0.8282670523251882,0.1716221505379043,-0.6566449017872839
754,1,True,1,0.14964708395609505,0.9573405990722695,-0.4073405990722695,0.0,0.850352942943573,0.1496470868587494,0.00928010548469855,0.9447407198830771,0.045979174632224416,0.00016705332395747333,0.8493636168846266,0.15046932979141575,-0.8987615452508526,-0.6988942870932109,0.17558568950281978,9.779468663936988e-06,0.8754332623550627,0.12455695817627346,-0.7508763041787893
755,2,True,1,0.49740973649308573,0.5519427247859978,-0.0019427247859977737,0.0,0.5025902390480042,0.49740973114967346,0.24804764354444483,0.33918288370244076,0.4127694727531144,0.24757594691885793,0.3458089963273546,0.40661505675378745,0.07358658905067361,0.06080606042643283,0.43468003101977465,0.31498035459872153,0.31410954368636296,0.37091010171491545,0.056800558028552495
756,0,False,0,0.0,0.9929717875455527,-0.44297178754555266,1.0,0.0,0.0,0.9927522777360297,0.007178447976498822,6.927428747136674e-05,0.9981761794691272,0.0008878264607941827,0.0009359940700786785,-0.9926830034485583,-0.9972401853990485,0.45540238867618693,0.9999998178363615,2.9246538522167522e-12,1.821607140125836e-07,-0.9999996356756475
757,0,False,0,0.0,0.862864594242136,-0.312864594242136,1.0,0.0,0.0,0.9150430105211622,0.08226326279785116,0.0026937266809867167,0.9043320988922597,0.09450348955649009,0.0011644115512501705,-0.9123492838401756,-0.9031676873410096,0.48868500354568367,0.8714565832029947,0.12853590669668108,7.510100324435416e-06,-0.8714490731026703
758,3,True,1,0.15158944139707664,0.9511952012610584,-0.40119520126105834,0.0,0.8484105467796326,0.15158943831920624,0.005650493555052033,0.8903881480386066,0.10396135840634153,0.00010389474272828849,0.8127602786582432,0.18713582659902853,-0.786426789632265,-0.6256244520592147,0.15325383149007005,1.7324610944169492e-10,0.8052884977429541,0.19471150208379984,-0.6105769956591542
759,1,True,1,0.14834020255090752,0.9616030388771818,-0.41160303887718175,0.0,0.8516597747802734,0.14834019541740417,0.002276447661970056,0.9483030532292223,0.04942049910880782,4.122764997519112e-06,0.9143035105330051,0.08569236670199751,-0.8988825541204144,-0.8286111438310075,0.23044827776131763,1.235436243612064e-06,0.8480916923663084,0.15190707219744784,-0.6961846201688606
760,4,True,0,0.13866714881772357,0.9970120415537436,-0.4470120415537435,0.8613328337669373,0.0,0.13866715133190155,0.9560503078601579,0.0018060644078959018,0.04214362773194621,0.8689504064636614,2.6940508658243306e-05,0.1310226530276804,-0.9139066801282116,-0.7379277534359809,0.2713699705990925,0.8559444859360965,5.553533978850245e-08,0.1440554585285637,-0.7118890274075328
761,3,False,0,0.0,0.6810340161348797,-0.13103401613487964,1.0,0.0,0.0,0.5084728844330065,0.4046190981053955,0.08690801746159804,0.6224015696847662,0.3758599761488545,0.0017384541663793243,-0.4215648669714085,-0.6206631155183869,0.4834068486392359,0.5650051035816483,0.433285495371502,0.001709401046849725,-0.5632957025347987
762,4,True,0,0.15096116256924375,0.9531590515267827,-0.40315905152678266,0.84903883934021,0.0,0.15096116065979004,0.7125677241646241,0.01583757741490823,0.2715946984204677,0.8526389539275636,0.0012451286198928797,0.14611591745254365,-0.4409730257441564,-0.7065230364750199,0.233761730628058,0.8363045320400434,0.003701527932650318,0.15999394002730621,-0.6763105920127372
763,3,False,0,0.0,0.8171643857982723,-0.2671643857982723,1.0,0.0,0.0,0.5280129850077504,0.38418839644012626,0.08779861855212326,0.6512103321399512,0.3470540097132825,0.0017356581467664824,-0.44021436645562717,-0.6494746739931847,0.4840194339618168,0.5844419776398605,0.41382800940723413,0.0017300129529053544,-0.5827119646869552
764,0,False,1,0.0,0.9252628295210598,-0.3752628295210597,0.0,1.0,0.0,0.46532173443097796,0.4319065124379716,0.10277175313105036,0.5663149159511643,0.4326100423027349,0.0010750417461007765,-0.32913475930692127,-0.43153500055663413,0.4908327413316716,0.593481342551981,0.40636260406784486,0.00015605338017411413,-0.40620655068767075
765,0,True,0,0.14860277815423617,0.9607380614333411,-0.410738061433341,0.8513972163200378,0.0,0.14860278367996216,0.6536474609416258,0.14267559174137354,0.2036769473170006,0.6119974876002104,0.16665991351337942,0.2213425988864101,-0.44997051362462526,-0.39065488871380033,0.38578110528196746,0.659067429542278,0.1436458657181161,0.19728670473960577,-0.4617807248026723
766,4,False,1,0.0,0.9832088362409732,-0.43320883624097317,0.0,1.0,0.0,0.007079450541448241,0.9883382405376471,0.004582308920904771,0.00010936540290507516,0.999136397834147,0.0007542367629480434,-0.9837559316167424,-0.9983821610711989,0.3782314359012291,3.225147487128319e-07,0.9999825258792834,1.715160596794879e-05,-0.9999653742733154
767,3,True,0,0.35828691384362377,0.661099819562692,-0.11109981956269199,0.6417130827903748,0.0,0.35828691720962524,0.2512311191063895,0.3487347367432623,0.40003414415034816,0.2643193911601392,0.2710643928175321,0.4646162160223289,0.14880302504395865,0.2002968248621897,0.40004422310781207,0.25686303776258895,0.33072721279252254,0.41240974944488845,0.1555467116822995
768,0,False,1,0.0,0.9719572389507132,-0.42195723895071313,0.0,1.0,0.0,0.006434542371555029,0.9921335694600456,0.001431888168399195,0.00040625498866338346,0.9985451242648399,0.0010486207464966806,-0.9907016812916464,-0.9974965035183432,0.39146266703769045,0.00014637425520107935,0.9998100322000257,4.359354477316903e-05,-0.9997664386552526
769,1,True,1,0.18030397374280233,0.8789514746755994,-0.3289514746755994,0.0,0.8196960091590881,0.18030397593975067,0.032881450279573655,0.691093798519016,0.27602475120141046,0.006617438402989519,0.7949217082294623,0.198460853367548,-0.4150690473176055,-0.5964608548619142,0.3106227303082303,0.002275517473396032,0.7897291652823999,0.20799531724420392,-0.5817338480381959
770,3,True,0,0.738898038801433,0.34334388789252357,0.20665611210747648,0.26110196113586426,0.0,0.7388980388641357,0.31414607142096046,0.34357606042763644,0.3422778681514031,0.3016205971572613,0.3040989839962858,0.3942804188464528,0.028131796730442638,0.09265982168919151,0.3902380630217712,0.2967193433508636,0.343829644373867,0.35945101227526943,0.06273166892440585
771,3,True,0,0.13901425002069745,0.9956031501638439,-0.4456031501638439,0.8609857559204102,0.0,0.13901424407958984,0.8811142244327602,0.0007346168541063815,0.11815115871313338,0.883397613324115,5.652739867019518e-05,0.11654585927721475,-0.7629630657196268,-0.7668517540469003,0.27540888374442124,0.8858641079017026,3.0066006745728886e-14,0.11413589209826737,-0.7717282158034352
772,2,True,0,0.5944578590875578,0.4777938672546055,0.07220613274539456,0.40554213523864746,0.0,0.5944578647613525,0.22911756477081843,0.36253958659950664,0.4083428486296749,0.24314924342385466,0.3485381515275212,0.4083126050486241,0.17922528385885647,0.16516336162476944,0.4087307408640745,0.2827676005571565,0.3311820161373214,0.3860503833055221,0.10328278274836561
773,0,False,1,0.0,0.9325207644318232,-0.38252076443182315,0.0,1.0,0.0,0.09586381476653787,0.877399497862015,0.026736687371447142,0.03626284413864409,0.9630462842210157,0.000690871640340172,-0.8506628104905678,-0.9623554125806755,0.419644415231628,0.03926049362503743,0.9606847430186158,5.4763356346722655e-05,-0.9606299796622692
774,2,True,0,0.13931124476963086,0.9944070513035572,-0.4444070513035572,0.8606887459754944,0.0,0.13931123912334442,0.965324439737758,0.0064651082466897864,0.02821045201555202,0.8756257260665552,0.00014842459179819622,0.12422584934164647,-0.937113987722206,-0.7513998767249087,0.3176581366251784,0.8710046830928928,0.0010879228406953105,0.12790739406641172,-0.7430972890264811
775,1,True,0,0.1388569223518452,0.9962402665617822,-0.4462402665617822,0.8611430525779724,0.0,0.1388569176197052,0.942847582423694,0.00034181201825825394,0.05681060555804768,0.8678989027393896,3.391173478502976e-06,0.13209770608713178,-0.8860369768656464,-0.7358011966522578,0.3523306763325941,0.8428874610421794,5.742760965647598e-05,0.1570551113481641,-0.6858323496940153
776,1,True,0,0.47489709249323003,0.568851955994822,-0.018851955994821923,0.5251029133796692,0.0,0.4748970866203308,0.2772867420458991,0.318420051940837,0.40429320601326396,0.2617358897459581,0.3676693348955409,0.37059477535850105,0.12700646396736487,0.10885888561254298,0.4335296651199422,0.21783262930656555,0.33993873930119656,0.4422286313922378,0.22439600208567223
777,1,True,0,0.14133699404905903,0.9864699763977605,-0.4364699763977604,0.858663022518158,0.0,0.14133699238300323,0.8624867076808502,0.006920316765017731,0.13059297555413196,0.8589906732281803,0.0005673449236450776,0.14044198184817452,-0.7318937321267183,-0.7185486913800059,0.352349964330089,0.8415837107457108,0.001849711879888856,0.15656657737440027,-0.6850171333713105
778,1,True,1,0.6242893534441236,0.45359623008896244,0.0964037699110376,0.0,0.3757106363773346,0.624289333820343,0.22566952151286684,0.42690916332837736,0.34742131515875585,0.21443397379687776,0.4156891331947018,0.36987689300842047,-0.07948784816962151,-0.04581224018628133,0.3045603761754767,0.16703742716898315,0.4282201610520991,0.40474241177891784,-0.023477749273181248
779,0,False,1,0.0,0.9246520565232225,-0.3746520565232224,0.0,1.0,0.0,0.1287900256286582,0.8148363597552543,0.0563736146160876,0.04519812747249822,0.9542685305338442,0.0005333419936574265,-0.7584627451391667,-0.9537351885401868,0.42865232557831356,0.04705163083837336,0.9529255840678109,2.278509381576129e-05,-0.9529027989739951
780,2,False,1,0.0,0.9474323352814923,-0.39743233528149224,0.0,1.0,0.0,0.03707160453179114,0.9552428334506669,0.007685562017541841,0.0033229836452322078,0.9959321368950339,0.0007448794597336856,-0.947557271433125,-0.9951872574353002,0.4138101804620318,0.0006713976177530781,0.9991031201733194,0.0002254822089276212,-0.9988776379643918
781,0,True,1,0.46963577571543225,0.5728170628791034,-0.022817062879103345,0.0,0.5303642153739929,0.4696357846260071,0.25665997888989184,0.3601503461038344,0.38318967500627377,0.22371828064333435,0.3158389414558419,0.4604427779008237,0.02303932890243937,0.14460383644498181,0.3821086392058885,0.25998592153998806,0.32843357842143933,0.4115805000385726,0.08314692161713327
782,3,False,0,0.0,0.994567065176023,-0.44456706517602296,1.0,0.0,0.0,0.9977876965296419,0.0021747332195927566,3.7570250765371665e-05,0.9989309209107083,0.00018613223244612982,0.0008829468568454956,-0.9977501262788766,-0.9980479740538628,0.440567168500103,0.9999901424797967,1.9298546059066523e-11,9.85750090471351e-06,-0.9999802849788919
783,3,False,0,0.0,0.9387317654734678,-0.38873176547346777,1.0,0.0,0.0,0.9330839737127208,0.06505918933300477,0.0018568369542742939,0.9510052347097863,0.047900234410299745,0.0010945308799141106,-0.9312271367584465,-0.9499107038298722,0.490344835301063,0.9559346487340754,0.04403280913440034,3.254213152424297e-05,-0.9559021066025511
784,4,True,0,0.14450402745934088,0.9747692141596807,-0.4247692141596806,0.8554959893226624,0.0,0.14450402557849884,0.8355675232467243,0.00227601072765401,0.16215646602562167,0.8662429882309309,5.374633966033054e-05,0.1337032654294089,-0.6734110572211027,-0.732539722801522,0.26396608664980653,0.8740695444374915,1.8355599906813728e-06,0.12592862000251762,-0.7481409244349739
785,1,True,1,0.14356256197394474,0.9781632579109041,-0.42816325791090404,0.0,0.8564374446868896,0.14356255531311035,0.018412620957220245,0.8070260048939251,0.17456137414885475,0.0007304247759709468,0.8426459489786803,0.15662362624534895,-0.6324646307450703,-0.6860223227333313,0.22409905273158728,0.00019083269144578506,0.8528832227714773,0.14692594453707675,-0.7059572782344006
786,1,False,0,0.0,0.9945556773432387,-0.44455567734323864,1.0,0.0,0.0,0.9999796725656355,1.2411226131204931e-05,7.91620823349093e-06,0.9986999695693649,2.3059775102920975e-07,0.0012997998328840108,-0.999971756357402,-0.9974001697364809,0.39351193025324027,0.9999792395084199,3.564357994322728e-08,2.0724848000055013e-05,-0.9999585146604199
787,3,False,1,0.0,0.9782598686942022,-0.4282598686942022,0.0,1.0,0.0,0.015356087958897419,0.9790373796482751,0.005606532392827365,0.0007237777053346641,0.9984672175074828,0.0008090047871825317,-0.9734308472554477,-0.9976582127203003,0.3887923413308332,7.352304040520647e-09,0.9999806432926308,1.934935506508946e-05,-0.9999612939375657
788,4,True,0,0.14251832396143288,0.9820096317997133,-0.4320096317997133,0.8574816584587097,0.0,0.1425183266401291,0.8465548521935448,0.00682881566450577,0.14661633214194947,0.8555910462238095,0.00046415060754337507,0.14394480316864694,-0.6999385200515953,-0.7116462430551627,0.3490400559931127,0.8649365210682923,0.00012826920009613278,0.1349352097316115,-0.7300013113366808
789,0,False,0,0.0,0.9313419062980955,-0.3813419062980955,1.0,0.0,0.0,0.25968591417975384,0.6626703014724468,0.07764378434779932,0.2055534868157396,0.793698987925001,0.0007475252592592449,-0.1820421298319545,-0.20480596155648034,0.4529846434947892,0.19619505836539697,0.8037382374569437,6.670417765931595e-05,-0.19612835418773766
790,4,True,1,0.4046957887127497,0.6228787415880365,-0.07287874158803642,0.0,0.5953041911125183,0.4046957790851593,0.3765170245587674,0.32771814527844206,0.2957648301627905,0.3311034067191821,0.3164311565144758,0.35246543676634223,-0.03195331511565158,0.036034280251866446,0.4383651630114529,0.38726425829582206,0.27729712329103895,0.335438618413139,0.05814149512210004
791,0,False,1,0.0,0.9847196497758514,-0.4347196497758513,0.0,1.0,0.0,0.008351362621888394,0.9832098640369761,0.008438773341135603,0.00018909630808528128,0.9992857679633543,0.000525135728560274,-0.9747710906958404,-0.998760632234794,0.3925928538536651,0.0001576678144478331,0.9998364721305483,5.860055003991459e-06,-0.9998306120755442
792,2,True,1,0.15382876443048626,0.9443720699542445,-0.39437206995424445,0.0,0.8461712598800659,0.15382876992225647,0.002118915109471837,0.8894929818251628,0.1083881030653655,1.195788004320163e-05,0.8301938089271976,0.16979423319275924,-0.7811048787597973,-0.6603995757344384,0.26735311285671387,1.2045436506831758e-07,0.8225045935387013,0.17749528600693354,-0.6450093075317678
793,4,True,1,0.15473944535775946,0.9416723985627563,-0.39167239856275626,0.0,0.8452605605125427,0.15473943948745728,0.016401047395402303,0.7738001485903159,0.2097988040142819,0.0010989686576856892,0.8373504763528556,0.16155055498945872,-0.564001344576034,-0.675799921363397,0.27764016994479745,2.5242694715782338e-05,0.8348499995677152,0.165124757737569,-0.6697252418301463
794,2,True,0,0.1393564936554309,0.9942255714448462,-0.4442255714448462,0.8606435060501099,0.0,0.13935649394989014,0.9099382598474156,0.0033998768514328045,0.08666186330115153,0.8718038301799261,6.025626176781369e-05,0.12813591355830603,-0.823276396546264,-0.7436679166216201,0.3295035976221322,0.8719309328232785,0.0003598351367707542,0.1277092320399507,-0.7442217007833278
795,0,True,1,0.14932488179322922,0.9583816455734023,-0.4083816455734023,0.0,0.850675106048584,0.14932487905025482,0.008610794990020921,0.8270053884112276,0.1643838165987516,0.00015585758410149958,0.8531595663259808,0.14668457608991772,-0.662621571812476,-0.7064749902360631,0.27745109719063005,7.303373824190725e-05,0.8909716391488288,0.1089553271129292,-0.7820163120358996
796,0,False,1,0.0,0.9420421856582946,-0.3920421856582945,0.0,1.0,0.0,0.014257436738138365,0.9803078539929668,0.005434709268894846,0.0010581471731300755,0.9982111688133086,0.0007306840135612532,-0.9748731447240719,-0.9974804847997474,0.3864316701421612,0.0006756254787070136,0.9993048118355784,1.9562685714660936e-05,-0.9992852491498637
797,0,True,0,0.14055753015521977,0.9894794661910771,-0.43947946619107703,0.8594424724578857,0.0,0.14055752754211426,0.9013259079191551,0.0203930558004951,0.07828103628034987,0.8381955088695633,0.004067279146512034,0.1577372119839246,-0.8230448716388052,-0.6804582968856387,0.3106240071662052,0.8551479821718492,2.5722498638753817e-07,0.14485176060316443,-0.7102962215686848
798,2,True,1,0.15830695555088464,0.9314821117628501,-0.3814821117628501,0.0,0.8416930437088013,0.15830695629119873,0.003341246829122203,0.8944363567654025,0.10222239640547522,4.4667246297308006e-05,0.8145647219259476,0.18539061082775493,-0.7922139603599272,-0.6291741110981928,0.18881478364889936,6.275726033982426e-07,0.8184887485341064,0.18151062389329017,-0.6369781246408162
799,2,False,1,0.0,0.979999624730932,-0.429999624730932,0.0,1.0,0.0,0.001115094834659298,0.9831749342010045,0.01570997096433625,7.381607993843141e-07,0.9997065128791727,0.000292748960028134,-0.9674649632366683,-0.9994137639191445,0.38438414376862307,1.588610939031268e-08,0.998657022525753,0.0013429615881378673,-0.9973140609376151
800,1,True,1,0.28433392695614684,0.7308933691164324,-0.1808933691164324,0.0,0.7156660556793213,0.2843339145183563,0.2375822915878175,0.3691670282992211,0.3932506801129614,0.21833299177877566,0.3320070504819588,0.44965995773926565,0.02408365181374028,0.11765290725730687,0.3789636100155925,0.21743211747708804,0.3583237383817945,0.42424414414111755,0.06592040575932306
801,2,True,0,0.15337992115666454,0.9457182689309465,-0.3957182689309464,0.8466200828552246,0.0,0.1533799171447754,0.7018907492605161,0.164046756126603,0.13406249461288094,0.6018752346484938,0.18248404263433582,0.21564072271717044,-0.5678282546476352,-0.38623451193132335,0.39462289455958993,0.6700358882718228,0.11317281839349448,0.21679129333468267,-0.45324459493714014
802,3,True,1,0.21411481496388063,0.8190257731899665,-0.26902577318996646,0.0,0.785885214805603,0.21411481499671936,0.10772944864084422,0.6194312744686955,0.2728392768904605,0.02802276162117901,0.7588907509568824,0.21308648742193842,-0.346591997578235,-0.545804263534944,0.24220398423162104,0.019179967555429372,0.7619509945341483,0.21886903791042225,-0.543081956623726
803,2,True,1,0.1588851676490825,0.9298849519562975,-0.37988495195629746,0.0,0.8411148190498352,0.1588851660490036,0.023009260009881287,0.7239705120403583,0.25302022794976037,0.002514799710128009,0.8216965984203651,0.17578860186950693,-0.47095028409059797,-0.6459079965508582,0.3218786797551993,0.00020462288628218223,0.8333213044688066,0.16647407264491113,-0.6668472318238955
804,4,False,1,0.0,0.8917102927043025,-0.3417102927043024,0.0,1.0,0.0,0.15001308911626204,0.7528453939014432,0.09714151698229466,0.08549310845509162,0.9137689614862853,0.0007379300586229643,-0.6557038769191486,-0.9130310314276623,0.4455877843069772,0.16085700325089225,0.8390534093242672,8.95874248404417e-05,-0.8389638218994268
805,4,False,0,0.0,0.9967415112090481,-0.44674151120904804,1.0,0.0,0.0,0.9999786011853979,1.9543690900160527e-05,1.8551237017744582e-06,0.9989149529524305,2.1402117823416143e-07,0.0010848330263913304,-0.9999767460616962,-0.9978301199260392,0.41769976177818335,0.9999601211779379,1.5071340758067346e-19,3.987882206206001e-05,-0.9999202423558758
806,1,True,0,0.13893570729595672,0.9959209125786965,-0.4459209125786965,0.8610643148422241,0.0,0.13893570005893707,0.8455656685407071,0.004820667892020949,0.149613663567272,0.8627676188878274,0.0002731670870566206,0.1369592140251162,-0.6959520049734351,-0.7258084048627111,0.33559527019961743,0.8375879495481218,0.0011698276275399937,0.16124222282433817,-0.6763457267237836
807,0,False,0,0.0,0.9860869508533338,-0.4360869508533337,1.0,0.0,0.0,0.9846658682399003,0.015075295002968423,0.0002588367571314114,0.9967245144187754,0.0025844632799378407,0.0006910223012867501,-0.9844070314827689,-0.9960334921174887,0.45992891156737425,0.9999995560691669,2.259931117461995e-08,4.213315219070503e-07,-0.999999134737645
808,0,False,0,0.0,0.9693434095472984,-0.4193434095472983,1.0,0.0,0.0,0.8071287049275995,0.1806108279313266,0.01226046714107402,0.7832921452559742,0.2154307423400586,0.0012771124039670935,-0.7948682377865255,-0.7820150328520071,0.4830337960027234,0.8085948896968578,0.19136500791939487,4.0102383747323553e-05,-0.8085547873131105
809,0,False,1,0.0,0.9891413660706255,-0.4391413660706255,0.0,1.0,0.0,0.012917323455713708,0.977459713288968,0.009622963255318254,0.0004919320956725103,0.998961083331893,0.0005469845724343658,-0.9678367500336497,-0.9984140987594586,0.39368130411551977,0.00039477412430192284,0.9996006181747388,4.60770095935096e-06,-0.9995960104737794
810,0,False,1,0.0,0.9504833956209441,-0.40048339562094404,0.0,1.0,0.0,0.1719348164662089,0.7369211439742372,0.09114403955955375,0.0675598263091421,0.9319704972590641,0.00046967643179376365,-0.6457771044146835,-0.9315008208272704,0.4417885060522132,0.06572041046783343,0.9342643337135365,1.5255818630197009e-05,-0.9342490778949063
811,0,False,1,0.0,0.9861907388094523,-0.43619073880945225,0.0,1.0,0.0,0.006918711483720736,0.9654003108995688,0.027680977616710505,4.1385414825284885e-05,0.9997282271862713,0.0002303873989035471,-0.9377193332828583,-0.9994978397873677,0.4277265935413932,6.525051328825877e-05,0.9999315578015868,3.1916851247683945e-06,-0.9999283661164621
812,3,False,1,0.0,0.8355466838544507,-0.2855466838544507,0.0,1.0,0.0,0.5708817898451202,0.34962115320170584,0.07949705695317404,0.686807536402176,0.3114587147551846,0.0017337488426394645,-0.2701240962485318,-0.30972496591254517,0.4927763808124993,0.6260939636268366,0.3723946394623809,0.0015113969107825947,-0.37088324255159827
813,3,False,1,0.0,0.9520807652811722,-0.4020807652811722,0.0,1.0,0.0,0.010899487712820302,0.9832880076819931,0.0058125046051865584,0.0002806610098635867,0.9990269456025741,0.0006923933875623918,-0.9774755030768065,-0.9983345522150117,0.380670567137657,7.085374485596197e-10,0.9999878187678084,1.2180523654049185e-05,-0.9999756382441544
814,3,False,1,0.0,0.560618788497813,-0.010618788497812948,0.0,1.0,0.0,0.654060644964133,0.3078419138224645,0.038097441213402417,0.7611842219533171,0.23717519263068582,0.0016405854159970664,-0.2697444726090621,-0.23553460721468875,0.4802378117672047,0.7618591484028989,0.23698682152844813,0.0011540300686528966,-0.23583279145979524
815,3,False,1,0.0,0.9869869230464721,-0.436986923046472,0.0,1.0,0.0,0.0030154991271795976,0.9875129985662188,0.009471502306601595,4.67503766673863e-06,0.9997660067171193,0.0002293182452138202,-0.9780414962596172,-0.9995366884719056,0.3860040343767886,3.988743610095619e-13,0.9999767356664807,2.3264333120554168e-05,-0.9999534713333601
816,1,False,0,0.0,0.8093215023303788,-0.25932150233037876,1.0,0.0,0.0,0.6140209223932944,0.3271439767405231,0.05883510086618251,0.6743914086250082,0.3242290619085152,0.001379529466476435,-0.5551858215271119,-0.6730118791585318,0.48918208732583357,0.6522338291997603,0.3476452019335293,0.0001209688667103954,-0.6521128603330498
817,4,True,0,0.13946876738293984,0.9937761279118783,-0.44377612791187826,0.860531210899353,0.0,0.13946877419948578,0.8828291731898169,0.02906032002712498,0.0881105067830581,0.8305791762887789,0.004547980100896452,0.16487284361032478,-0.7947186664067588,-0.665706332678454,0.3232003752946858,0.8399269817676257,0.010283761638727946,0.14978925659364625,-0.6901377251739794
818,1,True,1,0.33914726425012465,0.6778568256032212,-0.1278568256032212,0.0,0.6608527302742004,0.33914726972579956,0.232929105077086,0.4634324252183788,0.30363846970453523,0.15141431929613738,0.5085136752190101,0.3400720054848525,-0.15979395551384357,-0.16844166973415764,0.30162989663793266,0.1592627643009138,0.4606578161230498,0.3800794195760365,-0.08057839654701326
819,4,True,1,0.19374786395700477,0.8529045140214098,-0.3029045140214097,0.0,0.806252121925354,0.1937478631734848,0.17316657484041947,0.5983556563949464,0.22847776876463416,0.06415937745022773,0.7372726805907492,0.19856794195902303,-0.3698778876303122,-0.5387047386317262,0.2822813479153321,0.09209389714635904,0.6310310195614223,0.27687508329221866,-0.3541559362692036
820,0,False,1,0.0,0.9821730291486189,-0.4321730291486189,0.0,1.0,0.0,0.0021841374418621676,0.9893545495483862,0.008461313009751626,1.2589213455908918e-05,0.9996137459382822,0.0003736648482620588,-0.9808932365386346,-0.9992400810900202,0.37771296863481646,1.0476986852552468e-05,0.9999072323868604,8.22906262869817e-05,-0.9998249417605735
821,2,True,1,0.15050569289974702,0.9545968991951996,-0.4045968991951996,0.0,0.8494942784309387,0.1505056917667389,0.0036392816134507753,0.8533957801944799,0.14296493819206915,4.1399406660287585e-05,0.8537675429209483,0.14619105767239146,-0.7104308420024108,-0.7075764852485568,0.30473113155349674,6.06496827180309e-07,0.8303266280095996,0.1696727654935733,-0.6606538625160263
822,2,False,1,0.0,0.9392490467303526,-0.38924904673035254,0.0,1.0,0.0,0.24471398669779565,0.7358116572189306,0.019474356083273785,0.25765427385933837,0.7402586506547262,0.0020870754859354445,-0.7163373011356569,-0.7381715751687907,0.45508289803416274,0.23890664206904275,0.7590228805926696,0.0020704773382875822,-0.7569524032543821
823,3,False,0,0.0,0.99039548659365,-0.4403954865936499,1.0,0.0,0.0,0.9995802242799771,0.0003902839235930877,2.9491796429623287e-05,0.9990982054704667,3.570672673734835e-05,0.0008660878027960447,-0.9995507324835474,-0.9982321176676706,0.42073297946998905,0.9999567043253846,1.9878010558375903e-15,4.329567461342214e-05,-0.9999134086507712
824,3,False,1,0.0,0.9564199381117001,-0.4064199381117001,0.0,1.0,0.0,0.002474740112131341,0.9923211271794941,0.005204132708374635,5.284301813706216e-06,0.9996614216939491,0.00033329400423715694,-0.9871169944711194,-0.9993281276897119,0.3728054796957553,1.0912128896107808e-13,0.9999677077914054,3.229220848552233e-05,-0.9999354155829199
825,4,False,1,0.0,0.956046904416881,-0.40604690441688096,0.0,1.0,0.0,0.018997166878374553,0.9583220236011796,0.022680809520445842,0.00044321153157579157,0.9991060221429064,0.0004507663255176913,-0.9356412140807338,-0.9986552558173888,0.4242120759253923,1.5168267443985023e-05,0.9999795706761062,5.261056449880963e-06,-0.9999743096196563
826,2,False,0,0.0,0.4528512053463511,0.09714879465364895,1.0,0.0,0.0,0.5118115008193439,0.416075535669301,0.07211296351135496,0.6432007597021424,0.35498349323662187,0.0018157470612358752,-0.4396985373079889,-0.6413850126409065,0.47983453663979275,0.6647368491557203,0.33449934280821636,0.0007638080360633155,-0.6639730411196569
827,0,True,1,0.314605094401122,0.7005230654234286,-0.15052306542342853,0.0,0.6853948831558228,0.31460508704185486,0.08297018698306853,0.5602088760444849,0.35682093697244666,0.03274114283427613,0.7142410040577614,0.2530178531079625,-0.20338793907203823,-0.4612231509497989,0.3238811896374342,0.02798561314528498,0.7519875573854621,0.22002682946925284,-0.5319607279162093
828,1,True,1,0.16734447993658086,0.9080282040686022,-0.35802820406860214,0.0,0.8326555490493774,0.16734448075294495,0.020965918153229148,0.7338051174271552,0.24522896441961564,0.002546542126786858,0.8201167580779287,0.17733669979528435,-0.48857615300753954,-0.6427800582826444,0.3186665058014627,0.0007026639407755742,0.8070640625809333,0.19223327347829128,-0.6148307891026421
829,4,True,0,0.13826578542761347,0.9986562293516524,-0.4486562293516524,0.8617342114448547,0.0,0.13826578855514526,0.9866959750467332,0.007509506551461942,0.005794518401804934,0.8891147834187841,0.00016115497535337914,0.11072406160586232,-0.9809014566449283,-0.7783907218129218,0.35124993124861703,0.8751161051582721,3.399670067913269e-06,0.12488049517166,-0.7502356099866121
830,3,False,0,0.0,0.9845240679418285,-0.4345240679418284,1.0,0.0,0.0,0.9999896002363192,1.200849952594512e-06,9.198913728228374e-06,0.9986831255351922,2.0215859268640086e-07,0.001316672306215113,-0.999980401322591,-0.9973664532289771,0.4194320628940467,0.998505770198588,9.81261095119572e-29,0.0014942298014119424,-0.9970115403971761
831,1,True,0,0.44015253809533783,0.5952251007216274,-0.04522510072162733,0.5598474740982056,0.0,0.44015252590179443,0.27454087085891404,0.37366968374568116,0.3517894453954048,0.20890273931005893,0.36566339405330645,0.42543386663663474,0.07724857453649076,0.2165311273265758,0.36954518970140593,0.2130536186399811,0.3625673101282733,0.42437907123174556,0.21132545259176447
832,0,True,1,0.19241896133249964,0.855327999763428,-0.30532799976342795,0.0,0.8075810670852661,0.19241896271705627,0.00711599382240208,0.8002225036831359,0.19266150249446193,0.00016998890835954406,0.8461191828869526,0.15371082820468784,-0.607561001188674,-0.6924083546822648,0.3466479475641699,6.034305550253706e-05,0.8797249757079467,0.12021468123655073,-0.759510294471396
833,0,False,0,0.0,0.9701436613089611,-0.4201436613089611,1.0,0.0,0.0,0.9771835357816672,0.022398857033775543,0.00041760718455738583,0.9938529061775957,0.005505604397196466,0.0006414894252078083,-0.9767659285971098,-0.9932114167523879,0.472016346898988,0.9999981081751436,1.345554940823079e-06,5.462699157014968e-07,-0.9999975619052278
834,4,False,1,0.0,0.798411596389848,-0.248411596389848,0.0,1.0,0.0,0.2387546323828132,0.6576303467315177,0.10361502088566917,0.2187791821434519,0.7802505170101215,0.0009703008464264696,-0.5540153258458484,-0.779280216163695,0.45917456977179694,0.26395915688105415,0.7359060475094634,0.00013479560948241172,-0.735771251899981
835,4,False,0,0.0,0.3499054545687039,0.20009454543129612,1.0,0.0,0.0,0.5778733914487739,0.36812218259134033,0.054004425959885784,0.6245341693358468,0.37400372310033536,0.0014621075638178978,-0.5238689654888882,-0.6230720617720289,0.47445493259829463,0.6602775254408886,0.33958368163150104,0.00013879292761031215,-0.6601387325132783
836,1,False,1,0.0,0.4388393258610803,0.11116067413891972,0.0,1.0,0.0,0.4510086461523328,0.4807614042606258,0.06822994958704144,0.5587725718622052,0.4396217470679406,0.001605681069854115,-0.4125314546735844,-0.4380160659980865,0.4875060558460764,0.5542358138831504,0.44561382860516313,0.00015035751168657633,-0.44546347109347656
837,1,True,1,0.16509027602334014,0.9135958748396745,-0.3635958748396745,0.0,0.8349097371101379,0.16509027779102325,0.0035527834241974926,0.8386900157946423,0.15775720078116012,5.004854567283629e-05,0.8450176877935793,0.15493226366074775,-0.6809328150134821,-0.6900854241328316,0.34437852613172015,8.146241010095098e-06,0.8622711166889477,0.13772073707004226,-0.7245503796189054
838,4,False,1,0.0,0.8699666340839135,-0.31996663408391346,0.0,1.0,0.0,0.22377726464055434,0.7104146065987275,0.06580812876071832,0.22044429470872845,0.7784895836990892,0.0010661215921824144,-0.6446064778380092,-0.7774234621069067,0.4370558464643116,0.26877342339297267,0.7310198899743704,0.00020668663265702478,-0.7308132033417134
839,1,True,1,0.15364161399833143,0.9449321121427726,-0.3949321121427726,0.0,0.8463583588600159,0.15364161133766174,0.008567160547883965,0.827280211053129,0.16415262839898723,0.0003851399264399563,0.8504284624961664,0.1491863975773935,-0.6631275826541417,-0.701242064918773,0.25196654541694113,4.665905393051179e-05,0.8406792750444964,0.15927406590157306,-0.6814052091429232
840,4,True,1,0.15554716733358753,0.9393125461074245,-0.3893125461074245,0.0,0.8444528579711914,0.15554717183113098,0.054084940645696335,0.6390395146900412,0.30687554466426253,0.013336589591080453,0.7710573361822362,0.21560607422668346,-0.33216397002577863,-0.5554512619555527,0.3140969096482566,0.002238328494422839,0.8251923059536598,0.1725693655519174,-0.6526229404017424
841,0,False,0,0.0,0.9876418999027419,-0.4376418999027418,1.0,0.0,0.0,0.9941477582540038,0.005771909508717817,8.033223727859974e-05,0.9983838374236056,0.0006952452969008955,0.000920917279493559,-0.9940674260167253,-0.9974629201441121,0.44097382466115687,0.9999996024970988,6.128735658984557e-13,3.975022883822283e-07,-0.9999992049948104
842,0,True,0,0.14509262945142215,0.9726814371027732,-0.42268143710277317,0.8549073934555054,0.0,0.14509263634681702,0.7575036126513798,0.012071728530124257,0.230424658818496,0.8528191879679772,0.0022991931580421216,0.14488161887398085,-0.5270789538328837,-0.7079375690939963,0.27450639527969767,0.8569300295240422,1.6359930926265448e-08,0.14306995411602683,-0.7138600754080153
843,2,True,0,0.13866475125211553,0.9970218150017602,-0.4470218150017602,0.861335277557373,0.0,0.13866475224494934,0.9767707722124277,9.667936006181868e-06,0.023219559851566103,0.8532356975654782,3.971426808908218e-09,0.14676429846309508,-0.9535512123608616,-0.7064713991023832,0.364870996995455,0.907921645777023,7.484108496559623e-08,0.09207827938189207,-0.8158433663951309
844,4,False,0,0.0,0.9754279688479931,-0.42542796884799305,1.0,0.0,0.0,0.9974875070862025,0.0024178741749070467,9.461873889041726e-05,0.999139440281723,0.00018066321548390192,0.0006798965027931311,-0.9973928883473121,-0.9984595437789299,0.4302208581660246,0.9999900737652013,1.92926672685872e-09,9.924305531828216e-06,-0.9999801494596695
845,4,True,0,0.14136234051122198,0.9863730181102293,-0.4363730181102292,0.8586376309394836,0.0,0.14136233925819397,0.68622599187917,0.04326894388453191,0.2705050642362982,0.7979487899687674,0.011681917302871868,0.19036929272836076,-0.4157209276428718,-0.6075794972404066,0.3093741066444152,0.8162440250368759,0.013471230353395222,0.17028474460972887,-0.645959280427147
846,3,False,0,0.0,0.9148225324478577,-0.3648225324478577,1.0,0.0,0.0,0.985478311505781,0.014243971363675556,0.0002777171305435612,0.9974859021372091,0.0017434557008059958,0.0007706421619848161,-0.9852005943752374,-0.9967152599752243,0.44599003922810593,0.9999827517378653,2.9601895649459807e-06,1.4288072569694934e-05,-0.9999684636652957
847,2,False,1,0.0,0.9728801464893791,-0.4228801464893791,0.0,1.0,0.0,0.004314492178027781,0.9913049496698694,0.004380558152102821,2.5159917807751197e-05,0.9993933926183558,0.0005814474638364549,-0.9869243915177666,-0.9988119451545193,0.37444926807166856,6.052544328511032e-07,0.9997680062695373,0.0002313884760299193,-0.9995366177935074
848,2,True,1,0.15428334053676446,0.9430192508874735,-0.39301925088747347,0.0,0.845716655254364,0.154283344745636,0.013409784080056785,0.8315060689809479,0.15508414693899528,0.000476844133404871,0.8359717705400821,0.16355138532651306,-0.6764219220419526,-0.6724203852135691,0.19915320157534958,3.468311451486282e-05,0.8338227019691128,0.16614261491637236,-0.6676800870527404
849,1,True,0,0.13836771858663272,0.9982371136983257,-0.44823711369832564,0.8616322875022888,0.0,0.13836771249771118,0.9007617201296865,0.006835385411143362,0.09240289445917019,0.8743899944829577,0.00035938197870373273,0.12525062353833857,-0.8083588256705163,-0.7491393709446191,0.3208040986964656,0.8579872139077318,0.001312519376797078,0.14070026671547126,-0.7172869471922605
850,0,False,1,0.0,0.9740692205852438,-0.42406922058524377,0.0,1.0,0.0,0.0026865973914611168,0.9958483507761067,0.0014650518324322783,7.04400078413051e-05,0.9989425237254975,0.0009870362666611647,-0.9943832989436744,-0.9979554874588363,0.37015520709911265,2.176029027229175e-05,0.999911113511752,6.712619797553712e-05,-0.9998439873137764
851,2,True,0,0.14009690575241934,0.9912837624291476,-0.4412837624291476,0.85990309715271,0.0,0.14009690284729004,0.8646422540437346,0.0035705833164865787,0.13178716263977883,0.8676118321936944,5.885318040468068e-05,0.13232931462590075,-0.7328550914039558,-0.7352825175677937,0.3422953891328454,0.8800738625949851,0.00033760953956897495,0.11958852786544592,-0.7604853347295392
852,3,False,1,0.0,0.990169360555203,-0.44016936055520295,0.0,1.0,0.0,0.0018048859239502666,0.9839373975337382,0.014257716542311505,1.1645076655095108e-06,0.9998179101347808,0.0001809253575537895,-0.9696796809914268,-0.9996369847772271,0.38295354201393905,2.969304312094932e-14,0.9999279273561149,7.207264385545244e-05,-0.9998558547122595
853,3,False,1,0.0,0.9800467179679536,-0.4300467179679536,0.0,1.0,0.0,0.005501791958955769,0.9876699203121518,0.0068282877288925545,3.1467319959144556e-05,0.9995740855707599,0.0003944471092809406,-0.9808416325832593,-0.999179638461479,0.3850551139162737,1.0292225288965612e-11,0.9999882424021971,1.175758751062658e-05,-0.9999764848146865
854,4,True,1,0.19016526911648168,0.8595081789504988,-0.30950817895049876,0.0,0.8098347187042236,0.19016526639461517,0.10210415302432077,0.6492586110105858,0.24863723596509352,0.019036039853650277,0.797410269755119,0.18355369039123093,-0.4006213750454923,-0.613856579363888,0.2639424161268366,0.009529241108252632,0.8106916331346365,0.1797791257571108,-0.6309125073775257
855,3,True,1,0.30696638663008036,0.7079042026499279,-0.15790420264992788,0.0,0.6930336356163025,0.3069663941860199,0.2676746908234684,0.3345813462395606,0.3977439629369711,0.2775437307070334,0.2764398100774227,0.4460164592155439,0.06316261669741052,0.1695766491381212,0.40945120613716296,0.2699707199440197,0.32101430000552916,0.4090149800504511,0.08800068004492195
856,1,True,1,0.14240186399243937,0.9824441137180168,-0.4324441137180167,0.0,0.8575981259346008,0.14240185916423798,0.00468227961329695,0.8719493776882323,0.1233683426984707,4.085145307291684e-05,0.8392259998239564,0.16073314872297068,-0.7485810349897616,-0.6784928511009858,0.2480106292293208,7.029077293797895e-06,0.8684677713937867,0.1315251995289195,-0.7369425718648672
857,2,False,0,0.0,0.8326582142724291,-0.2826582142724291,1.0,0.0,0.0,0.8435518309411592,0.14825973484189553,0.008188434216945293,0.7980635771963472,0.20048732221381202,0.0014491005898408375,-0.8353633967242139,-0.7966144766065064,0.4829257996729127,0.8242661824575336,0.17567839139048325,5.542615198303777e-05,-0.8242107563055505
858,4,False,0,0.0,0.9828258416742152,-0.4328258416742151,1.0,0.0,0.0,0.9907931820786487,0.009036342251483812,0.00017047566986750135,0.9981564537781639,0.001056847419003576,0.0007866988028325224,-0.9906227064087813,-0.9973697549753313,0.4360570061874551,0.9999960955549788,9.083992158905218e-07,2.996045805336049e-06,-0.9999930995091735
859,0,False,1,0.0,0.9343539355654708,-0.3843539355654707,0.0,1.0,0.0,0.04543917695464727,0.9238752131038803,0.030685609941472458,0.0036440728831682594,0.996022249537845,0.0003336775789865777,-0.8931896031624078,-0.9956885719588584,0.42112393492566697,0.005000880392627261,0.9949960561429437,3.0634644290114773e-06,-0.9949929926785147
860,3,False,1,0.0,0.9660143942152435,-0.41601439421524344,0.0,1.0,0.0,0.018359213187421237,0.974989040189006,0.006651746623572844,0.0010210152694596103,0.9981836689302577,0.000795315800282626,-0.9683372935654332,-0.9973883531299751,0.3917025007701029,2.4975320182604104e-08,0.999979468812588,2.0506212091804602e-05,-0.9999589626004962
861,4,True,1,0.22371576198392934,0.804794014866488,-0.254794014866488,0.0,0.7762842178344727,0.22371576726436615,0.1974649107827648,0.40624701361145765,0.3962880756057775,0.23567904613555893,0.4062835006432257,0.35803745322121533,-0.009958938005680151,-0.048246047422010385,0.3605809778165059,0.24571928177677765,0.34041172663447516,0.4138689915887471,0.07345726495427196
862,3,True,1,0.3980824010800101,0.6281598998000217,-0.07815989980002169,0.0,0.6019176244735718,0.3980824053287506,0.21712018318437848,0.38035677632345777,0.4025230404921637,0.25018638774419566,0.311419551022273,0.43839406123353136,0.02216626416870593,0.12697451021125838,0.3874143499795676,0.23265460605425686,0.3604948900698401,0.406850503875903,0.0463556138060629
863,0,False,1,0.0,0.9828679587750478,-0.4328679587750478,0.0,1.0,0.0,0.0070994875620248475,0.9857999914893789,0.007100520948596312,0.0001569643999569097,0.9992820415976529,0.0005609940023900285,-0.9786994705407825,-0.9987210475952628,0.38751209524971364,0.0001220969603230794,0.9998691624238877,8.74061578931361e-06,-0.9998604218080984
864,0,True,1,0.2661738252396659,0.7508110546085416,-0.20081105460854154,0.0,0.7338261604309082,0.2661738395690918,0.08778034917627751,0.5869793819581469,0.32524026886557555,0.029570867771762873,0.7359561176982318,0.2344730145300053,-0.26173911309257136,-0.5014831031682265,0.2687353853570182,0.031203441374764152,0.736009015011221,0.23278754361401488,-0.5032214713972061
865,1,True,0,0.14016671630633998,0.9910090518327059,-0.4410090518327059,0.859833300113678,0.0,0.14016671478748322,0.8707403680234238,0.017325413867248077,0.11193421810932805,0.8483681466520742,0.0027525504403422413,0.14887930290758364,-0.7588061499140958,-0.6994888437444905,0.336847751471727,0.8428995368218872,0.004394608595024551,0.15270585458308825,-0.690193682238799
866,2,True,1,0.14697693582522814,0.9661658654355539,-0.4161658654355539,0.0,0.8530230522155762,0.14697693288326263,0.002593578992796711,0.882919416645521,0.1144870043616821,1.1166031377032448e-05,0.833928351591851,0.16606048237677207,-0.7684324122838389,-0.6678678692150789,0.28909637403123273,1.7546838676631229e-07,0.8365142818314506,0.16348554270016255,-0.673028739131288
867,3,False,1,0.0,0.9892078722161372,-0.4392078722161371,0.0,1.0,0.0,0.011691981972435735,0.9797566280064329,0.008551390021131294,0.00021392759428704635,0.9992702737971016,0.0005157986086112562,-0.9712052379853017,-0.9987544751884904,0.3913661456777049,1.0494575377026335e-09,0.9999923385761663,7.66037437595582e-06,-0.9999846782017904
868,4,True,1,0.4372381323657665,0.5974634937955061,-0.04746349379550607,0.0,0.5627618432044983,0.4372381269931793,0.3128869188040926,0.3151895214740265,0.37192355972188107,0.318046314643334,0.3148554207875905,0.3670982645690755,0.05673403824785456,0.05224284378148503,0.414288936569557,0.37001478727613446,0.247085694133935,0.3828995185899305,0.1358138244559955
869,4,False,0,0.0,0.9937827713735695,-0.4437827713735695,1.0,0.0,0.0,0.998071788705241,0.0018980215612927978,3.0189733466180263e-05,0.9991194177318415,0.00010864391403208369,0.0007719383541263785,-0.9980415989717749,-0.9983474793777152,0.4418605010023521,0.9999958601497959,1.741479905643654e-10,4.139676056195472e-06,-0.9999917204737397
870,3,False,0,0.0,0.7511435215276371,-0.20114352152763704,1.0,0.0,0.0,0.4065203273912287,0.48367857842733486,0.1098010941814365,0.44522898782623493,0.5531699733088531,0.0016010388649120293,-0.29671923320979215,-0.4436279489613229,0.49761330689878686,0.38238892987210255,0.616542050609816,0.001069019518081415,-0.38131991035402113
871,3,False,0,0.0,0.9777091333351541,-0.42770913333515403,1.0,0.0,0.0,0.9955790765555259,0.004297086049145417,0.00012383739532877906,0.9987400445614779,0.00047992565353527475,0.0007800297849866321,-0.9954552391601972,-0.9979600147764913,0.43313318695639874,0.9999791147126086,1.9924544264287546e-09,2.0883294936985557e-05,-0.9999582314176716
872,2,False,1,0.0,0.9729879854716397,-0.4229879854716396,0.0,1.0,0.0,0.003440573065424794,0.9959062740638412,0.0006531528707337612,4.055313841123404e-05,0.9988924808974601,0.001066965964128642,-0.9952531211931075,-0.9978255149333314,0.3884724025114705,3.709190986061304e-07,0.9997300521185782,0.0002695769623231134,-0.9994604751562551
873,2,False,0,0.0,0.9676806786140922,-0.4176806786140922,1.0,0.0,0.0,0.9799682555694209,0.019677309565875663,0.00035443486470347217,0.995763464799231,0.0037862263059111056,0.00045030889485785694,-0.9796138207047175,-0.9953131559043731,0.46805944384167725,0.9940379682971695,0.005958332300502141,3.699402328295322e-06,-0.9940342688948413
874,0,False,0,0.0,0.9600346925655899,-0.4100346925655899,1.0,0.0,0.0,0.9354292742713722,0.0629308069998451,0.0016399187287826668,0.9409331935702774,0.05802470354304552,0.0010421028866771749,-0.9337893555425896,-0.9398910906836002,0.48649530514839184,0.97459914148574,0.02539687878297751,3.979731282553616e-06,-0.9745951617544575
875,2,True,0,0.13930717186422403,0.9944233962353948,-0.44442339623539473,0.8606927990913391,0.0,0.1393071711063385,0.8022238891188957,0.02275318768445479,0.17502292319664958,0.8357316569289458,0.0026743720343962033,0.16159397103665804,-0.6272009659222462,-0.6741376858922877,0.3588869550829923,0.8674890895053663,0.004932060960357683,0.12757884953427598,-0.7399102399710903
876,0,True,0,0.14099949847452953,0.9877663905798756,-0.43776639057987554,0.8590005040168762,0.0,0.14099949598312378,0.8658284790127494,0.03600766632405555,0.09816385466319504,0.8066260674056205,0.014152994033040543,0.17922093856133903,-0.7676646243495544,-0.6274051288442815,0.33388721492256623,0.8387620676313252,5.612311988896211e-05,0.16118180924878575,-0.6775802583825394
877,2,False,0,0.0,0.9747504546914991,-0.4247504546914991,1.0,0.0,0.0,0.9917677534020719,0.008062785991942236,0.00016946060598597746,0.9989058501142134,0.0006198620654990263,0.00047428782028757516,-0.9915982927960859,-0.9984315622939258,0.43468084426349785,0.9990324597392218,0.0009610195055794008,6.520755198675249e-06,-0.9990259389840231
878,2,True,1,0.14377407170020395,0.977394776006089,-0.427394776006089,0.0,0.8562259078025818,0.14377407729625702,0.0018096339305174107,0.9065413100562466,0.09164905601323589,3.665487432063526e-06,0.8431807189984083,0.15681561551415954,-0.8148922540430107,-0.6863651034842487,0.2836053336178993,5.714826147689201e-08,0.8459549097602731,0.15404503309146536,-0.6919098766688078
879,3,False,1,0.0,0.970084448037462,-0.4200844480374619,0.0,1.0,0.0,0.006838024791885655,0.9880839338305929,0.005078041377521403,8.105005910675275e-05,0.999338429483848,0.0005805204570452161,-0.9830058924530715,-0.9987579090268027,0.38011434182122567,3.2927826919496303e-11,0.9999889517921209,1.104817495139931e-05,-0.9999779036171695
880,0,True,0,0.14010279558780825,0.9912605679236035,-0.44126056792360346,0.8598971962928772,0.0,0.1401027888059616,0.7839440883242605,0.011973542370867165,0.20408236930487234,0.842358333635159,0.003046992573983044,0.15459467379085806,-0.5798617190193882,-0.6877636598443009,0.3146670524407701,0.8551643352328366,1.0483198142761142e-08,0.14483565428396533,-0.7103286809488714
881,2,False,1,0.0,0.9764399626777495,-0.4264399626777494,0.0,1.0,0.0,0.005580973306048401,0.9893453861386474,0.005073640555304146,4.050466544750429e-05,0.9993780337000125,0.0005814616345400747,-0.9842717455833433,-0.9987965720654725,0.3784634897411948,1.213398307565081e-06,0.9998357767294025,0.000163009872289892,-0.9996727668571126
882,3,True,0,0.14833659752641826,0.9616149451225916,-0.41161494512259156,0.8516634106636047,0.0,0.14833660423755646,0.8012660209961806,0.08427426432259445,0.1144597146812248,0.7409389275528173,0.06449252403506836,0.1945685484121143,-0.6868063063149558,-0.5463703791407031,0.36651718034050995,0.700907647240102,0.1017426975874218,0.1973496551724762,-0.5035579920676259
883,2,True,1,0.14814394175582069,0.9622524375434466,-0.41225243754344654,0.0,0.8518560528755188,0.1481439471244812,0.42953425270063483,0.22898791656035783,0.3414778307390073,0.480304449567673,0.22129056728970767,0.29840498314261926,0.11248991417864945,0.0771144158529116,0.40117866138284974,0.5155742144617245,0.16153747249824968,0.32288831304002585,0.16135084054177617
884,3,True,1,0.16900316779571356,0.9040385068906437,-0.35403850689064364,0.0,0.8309968113899231,0.1690031737089157,0.03354780465918221,0.8683429541367593,0.09810924120405842,0.0022733163940785945,0.8465118553461882,0.15121482825973312,-0.7702337129327009,-0.6952970270864551,0.16429565556730358,2.9745837030326105e-06,0.8365972718632553,0.16339975355304154,-0.6731975183102137
885,3,False,1,0.0,0.9713061060662712,-0.42130610606627117,0.0,1.0,0.0,0.00298576413228143,0.9917059693306228,0.0053082665370957184,8.455736663646141e-06,0.9996343861285656,0.00035715813477069124,-0.9863977027935271,-0.9992772279937949,0.3754372837581673,3.1226695869250633e-13,0.9999741760541052,2.5823945582593217e-05,-0.9999483521085226
886,4,False,1,0.0,0.9607140622762729,-0.41071406227627283,0.0,1.0,0.0,0.026439354131670117,0.9467194014817484,0.026841244386581524,0.0010724772942061359,0.9984574476711342,0.0004700750346596308,-0.9198781570951668,-0.9979873726364745,0.42366962017017784,5.9505828898343274e-05,0.9999347726041332,5.721566968299764e-06,-0.9999290510371649
887,4,True,0,0.30501379522553895,0.7098191424049661,-0.15981914240496609,0.6949862241744995,0.0,0.3050138056278229,0.5291358081038202,0.10071110495722199,0.3701530869389578,0.7260536145126926,0.04225653054654377,0.23168985494076366,-0.1589827211648624,-0.4943637595719289,0.2944834228789497,0.6976139116317697,0.048988147953134824,0.2533979404150956,-0.44421597121667405
888,1,False,1,0.0,0.9183503081920684,-0.3683503081920684,0.0,1.0,0.0,0.6695468901026632,0.28473082755406665,0.04572228234327023,0.6824379928441877,0.31609167583179815,0.0014703313240140771,-0.23900854521079642,-0.31462134450778406,0.5026613896648179,0.6700189423472894,0.329900247119897,8.0810532813426e-05,-0.32981943658708357
889,3,True,0,0.13860427005143644,0.9972685513492068,-0.44726855134920673,0.8613957166671753,0.0,0.1386042684316635,0.9536180817627642,0.001340155456649359,0.04504176278058628,0.8705040249094335,6.93949615186076e-05,0.12942658012904787,-0.9085763189821779,-0.7410774447803856,0.28115155498273503,0.8690548214652677,7.28028646060798e-12,0.13094517852745197,-0.7381096429378158
890,0,False,1,0.0,0.9466105830188777,-0.39661058301887764,0.0,1.0,0.0,0.07753006884603791,0.89491708339679,0.027552847757172157,0.019679208681900432,0.9797520512315789,0.0005687400865206636,-0.8673642356396178,-0.9791833111450583,0.4140241010249201,0.023427967100419885,0.9765456474981354,2.6385401444736098e-05,-0.9765192620966907
891,4,False,0,0.0,0.8027279025624069,-0.25272790256240685,1.0,0.0,0.0,0.7008650305518256,0.26897147809453026,0.03016349135364433,0.6671902283871295,0.3312787211533493,0.0015310504595213166,-0.6707015391981812,-0.6656591779276082,0.4908950438895923,0.7249230540496887,0.2750232209996658,5.372495064537021e-05,-0.7248693290990433
892,2,False,0,0.0,0.7649994231595286,-0.21499942315952858,1.0,0.0,0.0,0.7294549695203969,0.24434836338122037,0.02619666709838277,0.7129800541409608,0.2852679433529343,0.001752002506104957,-0.7032583024220141,-0.7112280516348558,0.49427236377318834,0.7719793277737307,0.22781954533662144,0.00020112688964800442,-0.7717782008840827
893,2,True,0,0.13820075227073048,0.9989241787274824,-0.44892417872748236,0.8617992401123047,0.0,0.13820074498653412,0.9989575391703924,5.890897677064786e-06,0.0010365699319305646,0.8129657189687807,7.076699115542969e-10,0.18703428032354932,-0.9979209692384619,-0.6259314386452314,0.24656595188822833,0.9035360494959688,5.446808171008994e-08,0.09646389603594958,-0.8070721534600191
894,3,True,1,0.15612080017730245,0.9376558213541757,-0.38765582135417564,0.0,0.843879222869873,0.15612080693244934,0.016307218382060652,0.7829250333733679,0.2007677482445715,0.0007465219737452492,0.8441388631807749,0.15511461484547978,-0.5821572851287964,-0.6890242483352951,0.25389952195292953,1.778467658302497e-07,0.8144120669318726,0.18558775522136145,-0.6288243117105112
895,3,False,0,0.0,0.9565929855764995,-0.4065929855764995,1.0,0.0,0.0,0.9784373414259436,0.021141295386964867,0.0004213631870915653,0.9953799567102731,0.00386617763060927,0.0007538656591175711,-0.9780159782388521,-0.9946260910511555,0.4646856075401612,0.9999474817606117,3.984422743970005e-05,1.2674011948621867e-05,-0.9999348077486631
896,4,False,0,0.0,0.7828345385606008,-0.23283453856060077,1.0,0.0,0.0,0.6018429767211583,0.335406823670156,0.06275019960868577,0.6246604380424331,0.37384199457218553,0.001497567385381444,-0.5390927771124725,-0.6231628706570517,0.48781229601316767,0.6593500039679643,0.34054819574976863,0.00010180028226713722,-0.6592482036856971
897,2,True,0,0.1400745476395555,0.9913718393326618,-0.4413718393326618,0.8599254488945007,0.0,0.14007455110549927,0.9267634353122428,0.0001891905776439688,0.07304737411011333,0.8734742918843774,2.845323016545921e-07,0.12652542358332095,-0.8537160612021295,-0.7469488683010564,0.3096955978529368,0.8811723791000491,5.832199310255379e-06,0.1188217887006407,-0.7623505903994083
898,3,False,0,0.0,0.9863884885899393,-0.4363884885899393,1.0,0.0,0.0,0.9944027770786903,0.005500624108445039,9.659881286450207e-05,0.9986072612750205,0.0005504307468146976,0.0008423079781648579,-0.9943061782658258,-0.9977649532968557,0.43827514124160166,0.9999880473189232,6.2479945467611485e-09,1.1946433082242335e-05,-0.999976100885841
899,2,True,1,0.14256957152556088,0.9818187962427566,-0.43181879624275654,0.0,0.8574304580688477,0.14256957173347473,0.004826816131434796,0.8833083032438278,0.11186488062473732,3.203253537604685e-05,0.8487977116452762,0.15117025581934782,-0.7714434226190905,-0.6976274558259283,0.24402728129627765,1.1394071344460875e-06,0.851000296231339,0.14899856436152667,-0.7020017318698123
900,1,True,1,0.1549369091310589,0.9410925220645107,-0.3910925220645106,0.0,0.8450630903244019,0.15493690967559814,0.005378302964719952,0.8520530989200783,0.1425685981152018,0.00013460238648852545,0.8474313870919065,0.15243401052160505,-0.7094845008048765,-0.6949973765703015,0.255321361762942,1.3055745218248055e-05,0.8565021515878053,0.1434847926669764,-0.7130173589208288
901,1,False,0,0.0,0.9909753872518532,-0.44097538725185315,1.0,0.0,0.0,0.9931137857097176,0.006743461513483419,0.0001427527767987875,0.9983794315533986,0.0009956278164513464,0.0006249406301500263,-0.9929710329329189,-0.9977544909232485,0.43533870837587874,0.9996767979688223,0.0003227255837347544,4.7644744307183654e-07,-0.9996763215213792
902,1,False,1,0.0,0.9788727333069317,-0.42887273330693165,0.0,1.0,0.0,0.003492522093211656,0.9948007169688852,0.001706760937903264,3.1957213684254115e-05,0.999208211589736,0.0007598311965796423,-0.9930939560309819,-0.9984483803931564,0.3712502257886846,8.101582974033072e-06,0.9999641641995364,2.773421748960302e-05,-0.9999364299820468
903,1,False,1,0.0,0.9738450036741837,-0.42384500367418365,0.0,1.0,0.0,0.024586645936756614,0.9575599279555911,0.0178534261076522,0.0008303661262140907,0.9986502293786057,0.0005194044951803023,-0.9397065018479389,-0.9981308248834254,0.4073072283325022,0.0009980436685369087,0.9989978235909011,4.132740562156299e-06,-0.998993690850339
904,0,True,1,0.14982809326888763,0.9567585163602867,-0.4067585163602867,0.0,0.8501719236373901,0.14982809126377106,0.00981635627146214,0.8565257686426067,0.1336578750859311,0.00021884024347776428,0.8409177356242302,0.1588634241322921,-0.7228678935566756,-0.6820543114919382,0.20775924834759682,0.00010552216634266166,0.8857652759233492,0.11412920191030826,-0.7716360740130409
905,3,True,1,0.14805281572956908,0.9625548031164971,-0.41255480311649706,0.0,0.8519471883773804,0.14805281162261963,0.0022061741616073932,0.8949153775787743,0.10287844825961845,5.827028960882331e-06,0.8300694784741796,0.1699246944968596,-0.7920369293191558,-0.66014478397732,0.2637846501447266,4.1067528231234035e-13,0.825858338119515,0.17414166188007416,-0.6517166762394409
906,2,False,0,0.0,0.9735355628736734,-0.42353556287367333,1.0,0.0,0.0,0.9845751993751473,0.015161506647687617,0.0002632939771651208,0.9974936256265956,0.002057783068476059,0.0004485913049283212,-0.9843119053979822,-0.9970450343216672,0.45953605085309324,0.9965542798404275,0.0034419894824519394,3.7306771205909056e-06,-0.996550549163307
907,0,False,0,0.0,0.896143056041238,-0.34614305604123796,1.0,0.0,0.0,0.7661065263288086,0.21447594988917995,0.019417523782011403,0.7466004400357449,0.25208744009951156,0.0013121198647436051,-0.7466890025467972,-0.7452883201710013,0.4900494563974457,0.7654921722905049,0.23445039045146931,5.743725802564144e-05,-0.7654347350324793
908,2,False,0,0.0,0.9848144026444254,-0.4348144026444254,1.0,0.0,0.0,0.9898781219771035,0.009918246222203895,0.00020363180069258614,0.9986779231311491,0.0008420481141179078,0.00048002875473288303,-0.9896744901764108,-0.9981978943764163,0.43479776914077795,0.9985847770957278,0.0014087272989827349,6.495605289395102e-06,-0.9985782814904384
909,2,True,1,0.14522917837075705,0.9722007606872166,-0.42220076068721657,0.0,0.854770839214325,0.14522917568683624,0.006103251937193657,0.8316890102278048,0.16220773783500153,0.00011365053785471199,0.8561612337131274,0.14372511574901792,-0.6694812723928033,-0.7124361179641094,0.2980773248896388,2.8273064655741436e-06,0.836210906299315,0.16378626639421923,-0.6724246399050958
910,3,True,1,0.16386859680164612,0.9166871263022804,-0.3666871263022804,0.0,0.8361313939094543,0.16386859118938446,0.12785950929403161,0.48106320319445217,0.39107728751151627,0.12500366350344927,0.5048518726483738,0.3701444638481768,-0.0899859156829359,-0.13470740880019705,0.3387731401127586,0.10117530384117376,0.578863650357649,0.31996104580117724,-0.25890260455647174
911,4,True,0,0.14154084176784143,0.9856917804434885,-0.43569178044348844,0.8584591746330261,0.0,0.14154084026813507,0.95788358363069,0.02979242922940875,0.012323987139901058,0.8643007696990742,0.004026388971197125,0.13167284132972873,-0.945559596490789,-0.7326279283693455,0.41528036569401444,0.8784990969013601,0.004809845265789567,0.11669105783285039,-0.7618080390685097
912,1,False,1,0.0,0.9758950617966227,-0.4258950617966226,0.0,1.0,0.0,0.013934102571723145,0.979714586434963,0.006351310993314016,0.0004644952723896432,0.9988119167910309,0.0007235879365792743,-0.973363275441649,-0.9980883288544516,0.3831385023916725,0.0001908695942499646,0.9997977068541254,1.1423551624596328e-05,-0.9997862833025007
913,3,True,0,0.14785778690604956,0.9632037368214253,-0.4132037368214253,0.8521422147750854,0.0,0.14785778522491455,0.6162182177410248,0.12012437271367045,0.2636574095453048,0.6075644295803994,0.17075826942152578,0.22167730099807478,-0.35256080819572,-0.38588712858232455,0.37792135975374547,0.6010657811966313,0.1699428243202423,0.2289913944831264,-0.37207438671350496
914,0,False,1,0.0,0.980176094651136,-0.43017609465113593,0.0,1.0,0.0,0.009007652492376606,0.9849872621825948,0.006005085325028579,0.0003210784547879151,0.9989973992768134,0.0006815222683986161,-0.9789821768575663,-0.9983158770084148,0.38394036113911933,0.00022062329308554618,0.9997713691249456,8.00758196885096e-06,-0.9997633615429767
915,2,True,1,0.14828850696203788,0.9617738524321071,-0.41177385243210707,0.0,0.8517115116119385,0.14828850328922272,0.00274909137758777,0.8810792318235275,0.11617167679888456,9.889481887661071e-06,0.8382393935876962,0.16175071693041607,-0.764907555024643,-0.6764886766572801,0.3038649628561341,1.898328831743243e-07,0.8441741916181061,0.1558256185490107,-0.6883485730690955
916,2,True,0,0.3347307890287409,0.6818294227592361,-0.13182942275923604,0.6652691960334778,0.0,0.33473077416419983,0.31249796108785066,0.28977881295938074,0.39772322595276866,0.3389421799236919,0.30124318150705975,0.35981463856924845,0.085225264864918,0.020872458645556535,0.4252640519872967,0.36755899131935754,0.256785897858169,0.37565511082247355,0.008096119503116006
917,2,False,0,0.0,0.9962817095100702,-0.4462817095100702,1.0,0.0,0.0,0.998752253623312,0.0012347587068575392,1.298766983042695e-05,0.9994446366241722,4.271640481846052e-05,0.0005126469710091566,-0.9987392659534816,-0.998931989653163,0.44774798849386305,0.9999594242618012,3.7931544851403774e-05,2.6441933472800114e-06,-0.9999567800684539
918,0,True,1,0.5262661264678699,0.5302720172194174,0.01972798278058263,0.0,0.4737338721752167,0.5262660980224609,0.1270922929439921,0.49463937319006374,0.37826833386594416,0.09318164965400261,0.5973865915192783,0.30943175882671914,-0.11637103932411957,-0.28795483269255917,0.3181366106747435,0.08214337024537093,0.6058721712352524,0.3119844585193766,-0.29388771271587577
919,1,False,0,0.0,0.8875344939330039,-0.33753449393300383,1.0,0.0,0.0,0.9075911440811764,0.08917230011357578,0.003236555805247858,0.8755262826162825,0.1235466616954077,0.0009270556883097784,-0.9043545882759285,-0.8745992269279728,0.4900161414465038,0.8284381843476201,0.17155489668822535,6.918964154746539e-06,-0.8284312653834653
920,3,True,1,0.1430849322309931,0.9799116573329457,-0.4299116573329457,0.0,0.8569150567054749,0.14308492839336395,0.014757428727146507,0.7961739998175708,0.18906857145528264,0.000458107019365586,0.8458006681755157,0.15374122480511876,-0.6071054283622881,-0.6920594433703969,0.2653965357576738,6.710862378777971e-08,0.8248539404649798,0.17514599242639645,-0.6497079480385834
921,1,True,0,0.14448612176921038,0.9748331321448573,-0.4248331321448573,0.855513870716095,0.0,0.14448611438274384,0.6481385153006312,0.043124124707186184,0.30873735999218266,0.8103626929229909,0.01552094135527445,0.17411636572173458,-0.3394011553084485,-0.6362463272012563,0.25997513334172045,0.7613670010241476,0.0223920945952612,0.21624090438059126,-0.5451260966435563
922,2,True,1,0.14721889546005557,0.9653470521537406,-0.41534705215374057,0.0,0.8527811169624329,0.14721889793872833,0.0017925421378211345,0.889455940371831,0.10875151749034803,7.020536619433669e-06,0.832478216665089,0.16751476279829136,-0.7807044228814829,-0.6649634538667977,0.29491291893626503,6.405516612600806e-08,0.8272115974960889,0.172788338448745,-0.6544232590473439
923,4,True,0,0.6528062419419227,0.42927473661993926,0.12072526338006079,0.34719374775886536,0.0,0.6528062224388123,0.3052918047757517,0.33205434030148445,0.3626538549227639,0.2923718227807115,0.3016241804241888,0.4060039967950997,0.057362050147012233,0.11363217401438819,0.4103538209655011,0.34430229549928565,0.26824371686140425,0.38745398763931005,0.0431516921400244
924,1,True,0,0.13841280511385434,0.9980520699078689,-0.44805206990786883,0.8615871667861938,0.0,0.13841280341148376,0.9903613730153836,5.07968224850329e-05,0.009587830162131194,0.8649822218613984,5.044631624404108e-08,0.13501772769228534,-0.9807735428532525,-0.729964494169113,0.21972666364601579,0.8776770620819693,2.877081071359806e-06,0.12232006083695934,-0.7553570012450099
925,3,False,0,0.0,0.9852781626198425,-0.4352781626198424,1.0,0.0,0.0,0.9856053776161293,0.014130689532343147,0.0002639328515273892,0.9974589844668956,0.0017714501301449158,0.0007695654029594853,-0.985341444764602,-0.9966894190639362,0.4494776335520812,0.9999844218399992,2.8677863891642464e-06,1.2710373611763414e-05,-0.9999717114663875
926,4,False,1,0.0,0.9933096228175374,-0.4433096228175374,0.0,1.0,0.0,0.00246605201937281,0.9690004309393231,0.028533517041304073,3.1997629954714945e-06,0.9997421876649418,0.00025461257206270367,-0.9404669138980191,-0.9994875750928791,0.41661455676933673,2.142055227281873e-08,0.9998590630784672,0.00014091550098072446,-0.9997181475774864
927,0,True,1,0.4282759782021761,0.604380919515281,-0.0543809195152809,0.0,0.571723997592926,0.4282759726047516,0.2649928343187723,0.33183462846029543,0.40317253722093227,0.251782280667139,0.3053374301987967,0.4428802891340643,0.07133790876063684,0.13754285893526758,0.4185847450178038,0.2921764205207984,0.30551708457977955,0.4023064948994221,0.09678941031964255
928,3,False,0,0.0,0.9262000564547702,-0.37620005645477017,1.0,0.0,0.0,0.35280319486522277,0.577161123253739,0.07003568188103829,0.3352268599264605,0.6633898455282083,0.0013832945453311027,-0.28276751298418445,-0.3338435653811294,0.48378909854330504,0.3416628385960094,0.6576617919426953,0.0006753694612954264,-0.34098746913471395
929,0,True,1,0.15523825080124032,0.9402113057345708,-0.39021130573457075,0.0,0.8447617292404175,0.15523825585842133,0.0019570871697955033,0.8958771568183135,0.102165756011891,6.956068479729518e-06,0.8259634827279718,0.17402956120354848,-0.7937114008064224,-0.6519339215244233,0.2913466851954723,2.3983834912118257e-06,0.908130709799472,0.09186689181703693,-0.8162638179824351
930,2,False,0,0.0,0.9914265613712494,-0.44142656137124936,1.0,0.0,0.0,0.9997457742689058,0.0002331620703636629,2.10636607306789e-05,0.9994417952503984,3.297132978996545e-06,0.000554907616622483,-0.9997247106081751,-0.998886887633776,0.4182467487061154,0.999975418406801,5.896838893296643e-06,1.8684754305620043e-05,-0.9999567336524954
931,4,False,1,0.0,0.9879465043884493,-0.4379465043884493,0.0,1.0,0.0,0.0009505599813256535,0.9674961507900601,0.03155328922861426,3.6540453326978276e-07,0.9997867281432444,0.00021290645222235197,-0.9359428615614459,-0.999573821691022,0.4220225468303158,1.0277163117239713e-09,0.9991457610506803,0.0008542379216034923,-0.9982915231290769
932,0,True,0,0.3376844204951399,0.6791679088249523,-0.12916790882495222,0.6623156070709229,0.0,0.33768442273139954,0.294126134353469,0.35715653540431247,0.3487173302422186,0.2570146182095177,0.32354254192664383,0.4194428398638384,0.05459119588874961,0.1624282216543207,0.3864176564119791,0.28250860975232867,0.32453661152030355,0.39295477872736784,0.11044616897503917
933,2,False,0,0.0,0.8086435035120988,-0.25864350351209875,1.0,0.0,0.0,0.7365293958748615,0.24111481591495165,0.022355788210186685,0.7388913465833349,0.2594305413854629,0.0016781120312021854,-0.7141736076646749,-0.7372132345521327,0.4872170295754582,0.7932346920656143,0.20656810043130808,0.00019720750307760252,-0.7930374845625366
934,0,False,0,0.0,0.9742022170769613,-0.42420221707696126,1.0,0.0,0.0,0.8677113649376217,0.12693242773992683,0.005356207322451371,0.8401056975671576,0.1586331707218984,0.0012611317109440566,-0.8623551576151703,-0.8388445658562135,0.4784170509770009,0.8548870776921641,0.1450935966810483,1.932562678749649e-05,-0.8548677520653766
935,0,True,0,0.5442372398031077,0.5166858041727984,0.03331419582720163,0.4557627737522125,0.0,0.5442372560501099,0.4565426332961893,0.2646842950352689,0.2787730716685418,0.42891595000346733,0.29534803602707455,0.27573601396945807,-0.1777695616276475,-0.15317993603400926,0.4071115380148269,0.4722777637725736,0.2361849586768941,0.29153727755053227,-0.1807404862220413
936,2,True,0,0.13869011690050004,0.9969184434890507,-0.44691844348905063,0.8613098859786987,0.0,0.13869011402130127,0.9971224225375119,7.101520017736413e-06,0.0028704759424702884,0.8167701539828923,8.797419416251018e-10,0.18322984513736568,-0.9942519465950417,-0.6335403088455267,0.1957999421552541,0.8934012914727162,6.547159274002478e-08,0.10659864305569111,-0.7868026484170251
937,4,False,1,0.0,0.9833030991517485,-0.43330309915174847,0.0,1.0,0.0,0.001362173769532351,0.9929782097494453,0.005659616481022374,2.3483636704733897e-06,0.9995721206932972,0.00042553094303259936,-0.9873185932684229,-0.9991465897502646,0.3636388919732779,2.3559805657402968e-09,0.9996834985243892,0.00031649911963040864,-0.9993669994047588
938,4,False,1,0.0,0.9747095435491799,-0.4247095435491799,0.0,1.0,0.0,0.018517136115783997,0.9676611237128074,0.013821740171408501,0.0006809765487097143,0.9987152922060843,0.0006037312452059279,-0.953839383541399,-0.9981115609608784,0.4015511008818587,1.6337503909080535e-05,0.9999726265586136,1.1035937477218529e-05,-0.9999615906211364
939,1,False,1,0.0,0.9788713032053131,-0.4288713032053131,0.0,1.0,0.0,0.0011098066873142644,0.971475940836268,0.027414252476417923,3.17205310213069e-07,0.9997992696595124,0.00020041313517735817,-0.94406168835985,-0.999598856524335,0.41360001412171143,3.970298442198763e-06,0.9995734763140848,0.0004225533874731411,-0.9991509229266117
940,3,False,0,0.0,0.9771910271005094,-0.4271910271005094,1.0,0.0,0.0,0.973610358855354,0.02587176736369013,0.0005178737809558225,0.9926224965624117,0.006578526992475095,0.0007989764451129434,-0.9730924850743982,-0.9918235201172988,0.4755392198326781,0.9998482400898943,0.00013938855362232095,1.237135648334297e-05,-0.9998358687334109
941,0,False,0,0.0,0.8363188812429895,-0.28631888124298943,1.0,0.0,0.0,0.9354526123943246,0.06276321937880744,0.0017841682268679615,0.9411164717105907,0.05784456180277955,0.0010389664866297403,-0.9336684441674566,-0.9400775052239609,0.49111559704842406,0.9604763697425435,0.03951968358281702,3.946674639404288e-06,-0.960472423067904
942,3,True,1,0.22898637475021083,0.7973623998940097,-0.24736239989400965,0.0,0.771013617515564,0.22898636758327484,0.33610703115629786,0.32041031407797016,0.34348265476573187,0.2970433633657025,0.33783083571105577,0.36512580092324176,0.023072340687761705,0.027294965212185995,0.42427345887224693,0.3226324836538947,0.33829583198748675,0.3390716843586185,0.0007758523711317578
943,0,False,1,0.0,0.8934366829851373,-0.3434366829851373,0.0,1.0,0.0,0.645584895672432,0.3023051329238149,0.052109971403752994,0.672873605083046,0.3259092870328178,0.0012171078841362777,-0.2501951615200619,-0.32469217914868154,0.49829073681090347,0.6727432476219676,0.32714538026972995,0.00011137210830245432,-0.32703400816142747
944,4,True,1,0.1467446423102502,0.9669556966857247,-0.41695569668572463,0.0,0.8532553315162659,0.14674463868141174,0.005520598499893099,0.8432878101977987,0.15119159130230805,7.488558593337778e-05,0.8512026217327866,0.14872249268128016,-0.6920962188954907,-0.7024801290515065,0.28677370801774277,2.6713898045531346e-07,0.8712630887988546,0.12873664406216495,-0.7425264447366897
945,1,True,1,0.6124610894740391,0.46332001103300874,0.0866799889669913,0.0,0.3875389099121094,0.6124610900878906,0.19550013379136952,0.3996051654195917,0.4048947007890387,0.24342022200438734,0.38620634479601257,0.3703734331996001,0.00528953536944704,-0.01583291159641248,0.38352694389043085,0.20648120053914684,0.40164899282732536,0.39186980663352783,-0.009779186193797529
946,1,False,1,0.0,0.9420782842891902,-0.3920782842891901,0.0,1.0,0.0,0.029195529004256832,0.960585092918044,0.010219378077699324,0.0028251897718798574,0.9964039866090867,0.0007708236190334852,-0.9503657148403446,-0.9956331629900532,0.4001048779965507,0.0010786748413051687,0.9989018759429913,1.944921570367494e-05,-0.9988824267272877
947,3,True,1,0.15336633860837662,0.9457591701468779,-0.3957591701468779,0.0,0.8466336727142334,0.1533663421869278,0.02539247813306229,0.7806876546731182,0.19391986719381946,0.0014193884982626676,0.8339566612474345,0.1646239502543027,-0.5867677874792987,-0.6693327109931317,0.22226664260068074,1.722149979551336e-06,0.8242063983043388,0.17579187954568146,-0.6484145187586574
948,0,False,0,0.0,0.9237325698028019,-0.3737325698028019,1.0,0.0,0.0,0.5937309428720012,0.3584420931636366,0.04782696396436212,0.6773358586321406,0.3215174462855031,0.0011466950823562881,-0.5459039789076391,-0.6761891635497843,0.47328533052714983,0.6547086803433769,0.34506892450663623,0.000222395149986832,-0.6544862851933901
949,4,False,0,0.0,0.9804518010198221,-0.43045180101982206,1.0,0.0,0.0,0.9996617206063932,0.0002948770050031923,4.34023886036508e-05,0.999230428482218,1.1403751391164448e-05,0.0007581677663909388,-0.9996183182177896,-0.9984722607158271,0.41123856727770053,0.9999537429239043,2.3419361223751945e-13,4.625707586153106e-05,-0.9999074858480428
950,0,False,1,0.0,0.9280535305406392,-0.37805353054063917,0.0,1.0,0.0,0.9241958994607755,0.07345838462782742,0.002345715911397078,0.9207187841339405,0.07817128763372315,0.0011099282323364572,-0.07111266871643034,-0.0770613594013867,0.4919096761539475,0.8725379302736408,0.12745663728753734,5.4324388218893846e-06,-0.12745120484871544
951,2,False,1,0.0,0.9906405426208574,-0.4406405426208574,0.0,1.0,0.0,0.004010160811367599,0.9927165808073687,0.0032732583812637916,2.6694853000621088e-05,0.9993050287408245,0.0006682764061748717,-0.9894433224261049,-0.9986367523346497,0.3701359632728526,5.078709493903252e-07,0.999732093474241,0.00026739865480965075,-0.9994646948194313
952,4,False,0,0.0,0.9952169789983204,-0.44521697899832036,1.0,0.0,0.0,0.9923739516530651,0.007545206074718441,8.084227221632576e-05,0.9982319819313312,0.0008836440175457926,0.0008843740511229361,-0.9922931093808488,-0.9973476078802083,0.45240458474718565,0.9999984915774367,2.1745143567091333e-07,1.2909711274424538e-06,-0.9999972006063093
953,4,False,0,0.0,0.990910436232213,-0.44091043623221293,1.0,0.0,0.0,0.9992950869700961,0.0006797528012142363,2.516022868968183e-05,0.9992368873000389,2.8958606322419765e-05,0.0007341540936385064,-0.9992699267414064,-0.9985027332064004,0.43131492593555026,0.9999886275644542,2.572004109668844e-12,1.1372432973844151e-05,-0.9999772551314803
954,4,False,1,0.0,0.9475582876918736,-0.3975582876918735,0.0,1.0,0.0,0.19805439867831678,0.7651124522092673,0.03683314911241607,0.19051089019943143,0.8083307565695942,0.0011583532309743696,-0.7282793030968512,-0.8071724033386198,0.4267061824686219,0.25977033329880855,0.7399550255956792,0.00027464110551229286,-0.7396803844901668
955,3,True,1,0.1751587182044993,0.8899525883576415,-0.3399525883576414,0.0,0.8248412609100342,0.17515872418880463,0.05007195955366025,0.7415110293008356,0.20841701114550423,0.005737051303512776,0.8167886648996879,0.17747428379679928,-0.5330940181553313,-0.6393143811028886,0.20282575496816477,0.00010372956738182426,0.8255347209829985,0.17436154944961962,-0.6511731715333788
956,4,False,0,0.0,0.988576341252804,-0.438576341252804,1.0,0.0,0.0,0.9706866378002411,0.02877432274482547,0.0005390394549333675,0.9861797740700944,0.013051669084505294,0.0007685568454003524,-0.9701475983453077,-0.985411217224694,0.4798649601647374,0.9991331166793943,0.0008652136676330581,1.6696529727281052e-06,-0.9991314470264215
957,0,False,0,0.0,0.9907405325659796,-0.44074053256597956,1.0,0.0,0.0,0.9995840509245456,0.0004026171580903462,1.3331917364184347e-05,0.9990326653726915,2.8814626748514004e-05,0.0009385200005598448,-0.9995707190071814,-0.9980941453721317,0.43278856027249635,0.9999986127728763,1.1340314236399862e-22,1.387227123644308e-06,-0.9999972255457527
958,0,False,1,0.0,0.9725281249690685,-0.42252812496906844,0.0,1.0,0.0,0.003397227506679626,0.9936182480283833,0.0029845244649371197,7.078364346876176e-05,0.9991746333917372,0.0007545829647942079,-0.9906337235634461,-0.9984200504269429,0.3683732243000795,3.449371341809093e-05,0.9999181381302593,4.7368156322700415e-05,-0.9998707699739366
959,1,True,0,0.2604272029545679,0.7574440259986097,-0.20744402599860967,0.7395728230476379,0.0,0.26042720675468445,0.5074007768818027,0.12826538227375517,0.3643338408444422,0.6106244544533969,0.14158161261717328,0.24779393292943,-0.14306693603736054,-0.3628305215239669,0.33373850002384947,0.5085688243487012,0.17626202018980153,0.3151691554614974,-0.19339966888720383
960,1,True,1,0.15567071978498254,0.9389543779375664,-0.3889543779375664,0.0,0.844329297542572,0.15567071735858917,0.004150279312536118,0.8816385536139947,0.11421116707346926,0.00011721343663680927,0.825640898086741,0.17424188847662214,-0.7674273865405254,-0.6513990096101189,0.19354580956620054,4.903461521081965e-06,0.8719478750285371,0.1280472215099417,-0.7439006535185955
961,4,False,0,0.0,0.9770704558406614,-0.4270704558406614,1.0,0.0,0.0,0.9799774653497636,0.019662315405731042,0.0003602192445052602,0.9945453586417028,0.004757932630240622,0.0006967087280565392,-0.9796172461052584,-0.9938486499136463,0.4672323223179443,0.9998935206301197,0.0001048540895115054,1.6252803688330458e-06,-0.9998918953497509
962,4,False,1,0.0,0.9586332448824673,-0.4086332448824672,0.0,1.0,0.0,0.075265404634368,0.885458144776632,0.03927645058900016,0.01855628939121016,0.9807398758537241,0.0007038347550656769,-0.8461816941876318,-0.9800360410986585,0.4215055124406262,0.0066175759328464265,0.9933386762354041,4.3747831749591246e-05,-0.9932949284036545
963,0,False,1,0.0,0.9848439861606756,-0.43484398616067554,0.0,1.0,0.0,0.00527654885200308,0.9829666475863101,0.01175680356168696,5.2713485736574676e-05,0.9995896101030307,0.00035767641123280846,-0.9712098440246232,-0.9992319336917979,0.39899717348463054,5.353525657581747e-05,0.9999362235845222,1.0241158902085906e-05,-0.99992598242562
964,3,True,1,0.20516681337242826,0.8332186013828508,-0.2832186013828507,0.0,0.7948331832885742,0.20516681671142578,0.009930021614081287,0.7917983898350796,0.1982715885508392,0.00023076061205738602,0.857557758647187,0.14221148074075582,-0.5935268012842403,-0.7153462779064311,0.32194943066626336,8.686711896356085e-09,0.8291619436338731,0.17083804767941502,-0.6583238959544581
965,2,False,1,0.0,0.5589379693568853,-0.00893796935688529,0.0,1.0,0.0,0.4313116382340235,0.46050838467783317,0.10817997708814339,0.538204599256451,0.46000663139823555,0.0017887693453134824,-0.35232840758968975,-0.4582178620529221,0.4953197051598899,0.5201733616246156,0.4789924998906879,0.0008341384846966968,-0.47815836140599116
966,1,True,1,0.47998928466408414,0.5650205754379134,-0.015020575437913353,0.0,0.5200107097625732,0.47998929023742676,0.2649026608735995,0.33386743195074403,0.4012299071756565,0.2691642551335665,0.3197434665357838,0.4110922783306498,0.06736247522491245,0.09134881179486604,0.40974677054619396,0.21592174296799005,0.3432619298317511,0.44081632720025893,0.09755439736850785
967,2,False,0,0.0,0.6741074704342385,-0.12410747043423842,1.0,0.0,0.0,0.6265480277442625,0.3150062989114656,0.05844567334427196,0.6695192620032397,0.3287360502416459,0.0017446877551144462,-0.5681023543999906,-0.6677745742481253,0.49665218206393513,0.7185361049869426,0.28106663146954675,0.00039726354351051364,-0.7181388414434321
968,3,True,1,0.14885915647918424,0.9598977060763374,-0.40989770607633735,0.0,0.8511408567428589,0.1488591581583023,0.01297513951229252,0.937667789640356,0.04935707084735163,9.056584181651299e-05,0.9660811806472733,0.03382825351091009,-0.8883107187930044,-0.9322529271363632,0.3063655717747944,2.6082538773402333e-09,0.9899353789003718,0.010064618491374277,-0.9798707604089975
969,1,True,1,0.15170450613434205,0.9508379512377609,-0.4008379512377609,0.0,0.8482955098152161,0.15170450508594513,0.00496572845488206,0.842979524576801,0.1520547469683168,7.24978851360681e-05,0.8554459456818694,0.1444815564329945,-0.6909247776084843,-0.7109643892488748,0.2974775551940397,1.2122461299722835e-05,0.8615785694962098,0.13840930804249046,-0.7231692614537193
970,1,False,1,0.0,0.6098204233390587,-0.05982042333905868,0.0,1.0,0.0,0.8987216552244142,0.0974128101683308,0.0038655346072551467,0.8613772022456162,0.1376671410989865,0.0009556566553973564,-0.09354727556107564,-0.13671148444358916,0.4901633298505021,0.8196467745277167,0.18034515281183436,8.072660448855007e-06,-0.1803370801513855
971,0,False,0,0.0,0.7137774711560582,-0.16377747115605812,1.0,0.0,0.0,0.24679601728147485,0.6492015629629745,0.10400241975555066,0.15608338425547474,0.8432902238032989,0.0006263919412265034,-0.1427935975259242,-0.15545699231424825,0.4617934615734492,0.15195416697104477,0.8480161991804185,2.9633848536793617e-05,-0.15192453312250798
972,3,False,0,0.0,0.9900531638905576,-0.4400531638905576,1.0,0.0,0.0,0.9991250598012396,0.0007930276871425818,8.191251161766749e-05,0.9991357112858102,9.762226536580731e-05,0.0007666664488239497,-0.9990431472896218,-0.9983690448369863,0.41672722890738073,0.9999374165922806,2.1277129174451686e-13,6.258340750656389e-05,-0.9998748331847741
973,0,True,1,0.14407408993937576,0.9763106933112168,-0.42631069331121674,0.0,0.8559259176254272,0.14407409727573395,0.002375905755173952,0.8621301125060958,0.13549398173873015,1.729302232377125e-05,0.8607037795112986,0.13927892746637774,-0.7266361307673657,-0.7214248520449209,0.331050554222155,4.383786635636209e-06,0.9004236409914905,0.09957197522187376,-0.8008516657696167
974,3,True,1,0.20510871957325288,0.8333140244957575,-0.2833140244957575,0.0,0.7948912978172302,0.20510871708393097,0.3461555574131147,0.3669807334088477,0.2868637091780376,0.2677379720638139,0.4150950255085927,0.31716700242759355,-0.08011702423081007,-0.09792802308099913,0.4316179028481587,0.2839938572510202,0.3993454931767369,0.31666064957224294,-0.08268484360449396
975,4,False,1,0.0,0.7874707432949173,-0.23747074329491724,0.0,1.0,0.0,0.2815947675289625,0.6104375993040944,0.10796763316694313,0.2735175136017038,0.7254571239005563,0.0010253624977398983,-0.5024699661371512,-0.7244317614028164,0.4740128209411587,0.2996781270873784,0.7001899899190157,0.00013188299360597096,-0.7000581069254097
976,3,True,0,0.624116395125933,0.4537397901309545,0.09626020986904554,0.3758836090564728,0.0,0.6241164207458496,0.19313125031640216,0.4054762740825891,0.40139247560100866,0.2229070490414619,0.3697351309995244,0.4073578199590137,0.2082612252846065,0.1844507709175518,0.37586649283453266,0.21360181298556838,0.3876214345327753,0.39877675248165634,0.18517493949608796
977,1,True,1,0.149109616945866,0.959080719954783,-0.4090807199547829,0.0,0.8508903980255127,0.1491096168756485,0.012080239913564,0.7911829334754928,0.1967368266109431,0.00031781955769111806,0.8486122039007723,0.15106997654153648,-0.5944461068645497,-0.6975422273592358,0.3155161377003778,0.00010036877822489764,0.859792815294196,0.140106815927579,-0.719685999366617
978,0,False,1,0.0,0.9867065306206833,-0.4367065306206832,0.0,1.0,0.0,0.001772225207778352,0.9833557430243316,0.014872031767890126,5.8906202682999575e-06,0.9996967020249108,0.0002974073548208617,-0.9684837112564415,-0.9993992946700899,0.3842305426022309,6.082941460027341e-06,0.9998507015455403,0.00014321551299962835,-0.9997074860325407
979,2,True,1,0.4058904945055798,0.6219294980277882,-0.07192949802778814,0.0,0.5941095352172852,0.40589049458503723,0.06320510775377652,0.6107016398096144,0.326093252436609,0.02077013754481606,0.7543865736212807,0.22484328883390317,-0.2846083873730054,-0.5295432847873776,0.31612830460875463,0.0075201625057480705,0.776783635061452,0.2156962024327999,-0.5610874326286521
980,0,True,1,0.5197813537339747,0.5351518724174472,0.014848127582552828,0.0,0.48021864891052246,0.5197813510894775,0.26412128804962515,0.3264379175519442,0.4094407943984306,0.24378088142491736,0.3364566344591297,0.41976248411595285,0.08300287684648644,0.08330584965682314,0.4495931991777831,0.29487944230995017,0.30856047709703227,0.3965600805930176,0.08799960349598535
981,3,True,1,0.18250746332988083,0.8744310687808913,-0.32443106878089123,0.0,0.8174925446510315,0.1825074702501297,0.16796987019406603,0.5377061229021024,0.29432400690383165,0.08776751846892862,0.6340729943096305,0.27815948722144085,-0.24338211599827075,-0.35591350708818964,0.26583088607532496,0.09347779996242483,0.6076096649057336,0.2989125351318415,-0.30869712977389213
982,3,False,0,0.0,0.9819689643600292,-0.4319689643600292,1.0,0.0,0.0,0.9955259771980257,0.004334431404531122,0.00013959139744298328,0.9987307120566149,0.0005054872257533606,0.0007638007176316123,-0.9953863858005827,-0.9979669113389833,0.4317060299716256,0.9999762815883451,2.3154898075320517e-09,2.3716096165164507e-05,-0.9999525654921799
983,0,True,0,0.13924964092032366,0.9946544447686971,-0.4446544447686971,0.8607503771781921,0.0,0.13924963772296906,0.9466275382433789,0.0007798846534681647,0.05259257710315275,0.8677801584771355,8.119348252712215e-05,0.13213864804033745,-0.8940349611402261,-0.735641510436798,0.31625460956678714,0.8819704680283512,6.049244418582073e-19,0.11802953197164884,-0.7639409360567024
984,3,True,1,0.23513767939236374,0.7889928814663429,-0.2389928814663429,0.0,0.7648622989654541,0.2351376861333847,0.17268974927201927,0.43044988396643225,0.39686036676154846,0.19031802329605296,0.38867615451522436,0.42100582218872273,-0.03358951720488379,0.032329667673498375,0.36628678390922326,0.1916219077790034,0.4287433450088665,0.3796347472121301,-0.04910859779673643
985,1,False,1,0.0,0.8715277662603961,-0.32152776626039603,0.0,1.0,0.0,0.24087030503450127,0.7116240075163335,0.04750568744916529,0.320035265426424,0.6785439699724554,0.0014207646011207187,-0.6641183200671682,-0.6771232053713346,0.4440320325323415,0.31826342535291047,0.681637473751607,9.910089548257199e-05,-0.6815383728561244
986,3,False,1,0.0,0.8573166920197801,-0.30731669201978007,0.0,1.0,0.0,0.6122713652385621,0.33377885852223893,0.05394977623919915,0.732816240134705,0.26551631494571754,0.001667444919577507,-0.27982908228303977,-0.26384887002614005,0.48032181788893524,0.7072937739887778,0.2912641468209706,0.0014420791902516193,-0.289822067630719
987,0,True,0,0.21455846180358662,0.818346690368379,-0.268346690368379,0.785441517829895,0.0,0.2145584672689438,0.3066700238203467,0.3367745975184525,0.3565553786612008,0.26828388232670247,0.3090469881613553,0.42266912951194235,0.0498853548408541,0.15438524718523988,0.4122589288032762,0.30582737137963056,0.30878491767238675,0.3853877109479828,0.07956033956835223
988,4,False,0,0.0,0.991961685085572,-0.441961685085572,1.0,0.0,0.0,0.9999836868239326,8.480196122761555e-06,7.83297994468921e-06,0.9988914078968196,1.192247593333003e-07,0.0011084728784210806,-0.9999758538439879,-0.9977829350183985,0.3945896683432974,0.9997036359918843,5.0279834641907914e-20,0.00029636400811578227,-0.9994072719837684
989,1,False,0,0.0,0.8636990175352671,-0.3136990175352671,1.0,0.0,0.0,0.9109256157879158,0.08607058242383128,0.003003801788253121,0.8812312044839501,0.11785337538789188,0.0009154201281580556,-0.9079218139996627,-0.880315784355792,0.48986687322754124,0.8322133717769002,0.16778009536373212,6.532859367738062e-06,-0.8322068389175326
990,3,True,0,0.14039600395040608,0.990109955754516,-0.44010995575451595,0.859604001045227,0.0,0.14039599895477295,0.9212013686720704,0.01516516939315964,0.06363346193476996,0.8524004897594442,0.0016056241251510177,0.1459938861154049,-0.8575679067373004,-0.7064066036440393,0.3024254637744808,0.8629756557322223,2.4804726866653443e-05,0.13699953954091104,-0.7259761161913113
991,1,True,0,0.4260816117890321,0.6060831155730331,-0.05608311557303303,0.5739184021949768,0.0,0.4260815978050232,0.42001215596314506,0.32258031301754286,0.257407531019312,0.2769901728611407,0.4083143059298541,0.31469552120900524,-0.16260462494383304,0.03770534834786454,0.462080251449157,0.3001964705276781,0.35321023198279133,0.3465932974895305,0.04639682696185238
992,4,False,0,0.0,0.9904207938801719,-0.44042079388017186,1.0,0.0,0.0,0.9999545155741583,3.843473011226521e-05,7.049695729544014e-06,0.9990307131756182,6.538111174236253e-07,0.0009686330132643436,-0.9999474658784288,-0.9980620801623539,0.4085652275257729,0.999932770867305,1.1077168590264644e-17,6.722913269499844e-05,-0.9998655417346101
993,0,True,1,0.15664784988585956,0.9361473785680877,-0.3861473785680877,0.0,0.8433521389961243,0.15664784610271454,0.010961123668864191,0.8669429751511503,0.12209590117998556,0.00034788186785371334,0.8356302592371252,0.16402185889502105,-0.7448470739711647,-0.6716084003421041,0.16980977749809792,0.0001581798770556818,0.8722121576032608,0.1276296625196835,-0.7445824950835773
994,2,True,0,0.13973486918773925,0.9927157164259218,-0.4427157164259218,0.8602651357650757,0.0,0.13973486423492432,0.861449996196268,0.008114965389091348,0.13043503841464055,0.8606642386869168,0.0003287079197132069,0.13900705339337,-0.7310149577816275,-0.7216571852935467,0.3526659369122737,0.877824699017795,0.001144111591865737,0.12103118939033929,-0.7567935096274557
995,0,False,0,0.0,0.9968607594944096,-0.4468607594944095,1.0,0.0,0.0,0.9999618290690149,3.440369557790298e-05,3.767235407230281e-06,0.9988578920965824,1.6931787894816943e-06,0.0011404147246283256,-0.9999580618336077,-0.997717477371954,0.4157050868472001,0.9999920269563168,7.711661937413871e-31,7.97304368322178e-06,-0.9999840539126336
996,0,False,0,0.0,0.9811730642342833,-0.43117306423428325,1.0,0.0,0.0,0.9975693783420729,0.002340929907166077,8.969175076102878e-05,0.9989281226671889,0.00028344629555229056,0.0007884310372589542,-0.9974796865913119,-0.9981396916299299,0.430518868326231,0.9999984561537398,1.5327682754378973e-15,1.5438462585640223e-06,-0.9999969123074812
997,2,True,0,0.13841498014064063,0.9980431483946217,-0.44804314839462167,0.8615850210189819,0.0,0.13841497898101807,0.9552378772198591,0.00441872372268603,0.040343399057454724,0.8644152260446443,6.958404072394747e-05,0.1355151899146318,-0.9148944781624043,-0.7289000361300124,0.26955269817656835,0.8647623562038065,0.0005789387578916454,0.1346587050383018,-0.7301036511655047
998,1,False,0,0.0,0.9459825141326811,-0.39598251413268104,1.0,0.0,0.0,0.9340664318678069,0.06408069320649976,0.001852874925693151,0.9274507738367451,0.0717248087725847,0.0008244173906702362,-0.9322135569421137,-0.9266263564460749,0.4914620649563105,0.8908455679468863,0.1091513151426993,3.1169104145122263e-06,-0.8908424510364717
999,0,True,1,0.15145351469932816,0.9516181800523656,-0.4016181800523656,0.0,0.8485465049743652,0.15145350992679596,0.002032461257345701,0.8752614770394007,0.1227060617032536,1.229058915121296e-05,0.8529042400790386,0.14708346933181007,-0.7525554153361471,-0.7058207707472286,0.31230614256779343,2.9890669648667535e-06,0.904369555157498,0.09562745577553719,-0.8087420993819607
