source_trial_index,split,seed,motion_onset_step,motion_offset_step,sure_target_onset_step,go_cue_step,pre_go_start_step,pre_go_stop_step_exclusive,coherence,signed_coherence,motion_direction,stimulus_duration_ms,sure_offered,student_final_choice,student_final_choice_name,deterministic_p_left,deterministic_p_right,deterministic_p_sure,teacher_internal_margin,empirical_p_correct,teacher_sure_strength
0,train,9,20,114,177,216,206,216,0.512,-0.512,0,940,False,1,Left,0.9857818516380321,0.0009493250446839958,0.013268823317283907,1.0484288111329079,0.9906774506351905,0.0
1,train,9,20,109,161,227,217,227,0.0,-0.0,0,890,True,1,Left,0.4864769030344541,0.15622543438039652,0.3572976625851494,0.4134471267461777,0.8328962506168242,0.20536326275014355
2,train,9,20,71,121,181,171,181,0.256,0.256,1,510,True,2,Right,0.03449765105297849,0.6026262324079913,0.36287611653903024,0.4894590051844716,0.9196709493279273,0.1627092707452713
3,train,9,20,116,179,224,214,224,0.512,-0.512,0,960,False,1,Left,0.9870898378415882,0.0008757811495605835,0.012034381008851399,1.073611468076706,0.9915539535033948,0.0
4,train,9,20,122,178,228,218,228,0.128,-0.128,0,1020,False,1,Left,0.9906622265152585,0.002048588245682662,0.007289185239058822,0.8045955151319504,0.9668002996095091,0.0
5,train,9,20,130,186,247,237,247,0.064,-0.064,0,1100,True,1,Left,0.7000744134266458,0.01881413125941172,0.28111145531394244,0.7740941792726517,0.9579179349019022,0.1494681574748153
6,train,9,20,112,174,219,209,219,0.128,-0.128,0,920,False,1,Left,0.9899392724748127,0.0038210805317893054,0.0062396469933981655,0.9184840470552444,0.9829027041866822,0.0
7,train,9,20,122,196,216,206,216,0.0,-0.0,0,1020,False,2,Right,0.38534600096334026,0.5048635876784188,0.10979041135824097,0.046841979026794434,0.4129663606271245,0.0
8,train,9,20,67,128,156,146,156,0.256,0.256,1,470,True,2,Right,0.04135107271025566,0.7363765202913521,0.22227240699839218,0.5237435521557927,0.9342915810289389,0.1573025373588735
9,validation,9,20,121,183,226,216,226,0.512,-0.512,0,1010,False,1,Left,0.9861893094216372,0.0008393957434088396,0.0129712948349539,1.1523869410157204,0.9938939755920116,0.0
10,train,9,20,137,211,236,226,236,0.032,0.032,1,1170,False,2,Right,0.20402088539804866,0.7183144164896621,0.0776646981122893,0.730802558362484,0.9441724449195158,0.0
11,train,9,20,76,144,182,172,182,0.064,0.064,1,560,True,2,Right,0.07115714510329332,0.588423660639992,0.3404191942567148,0.5649214829318225,0.9398221432929741,0.15537181576585085
12,train,9,20,111,183,215,205,215,0.064,0.064,1,910,False,2,Right,0.10780855977576112,0.8600422029269064,0.0321492372973325,0.7842522263526917,0.9678326450270627,0.0
13,validation,9,20,66,119,182,172,182,0.032,0.032,1,460,False,2,Right,0.18876292156207738,0.7658298768642725,0.04540720157365013,0.8103487938642502,0.9832889224471807,0.0
14,train,9,20,69,142,181,171,181,0.064,0.064,1,490,False,2,Right,0.16499793126187734,0.8017674686698946,0.03323460006822789,0.6984655410051346,0.970371268883655,0.0
15,train,9,20,87,161,183,173,183,0.064,0.064,1,670,False,2,Right,0.28739727520514946,0.6600529152840003,0.052549809510850275,0.657180730602704,0.9555993270423452,0.0
16,train,9,20,119,173,236,226,236,0.032,-0.032,0,990,False,1,Left,0.7240744719023713,0.24599748411171526,0.029928043985913356,0.6548107713460922,0.9353335886244387,0.0
17,test,9,20,136,187,243,233,243,0.064,-0.064,0,1160,False,1,Left,0.9903559353866888,0.005086591228943525,0.00455747338436773,0.867465652525425,0.9710154946235546,0.0
18,train,9,20,108,166,215,205,215,0.064,-0.064,0,880,True,1,Left,0.6589741030753463,0.04795967723856358,0.2930662196860901,0.14334997534751892,0.5723013908026424,0.4703194649998598
19,test,9,20,109,169,197,187,197,0.064,-0.064,0,890,True,1,Left,0.7099199141905461,0.05377220459617489,0.23630788121327898,0.6218863129615784,0.9327954541479567,0.15783541674977236
20,validation,9,20,114,176,219,209,219,0.512,-0.512,0,940,True,1,Left,0.7992242712310759,0.003441601102367132,0.197334127666557,1.331511277705431,0.9976637240031028,0.1385075905024299
21,train,9,20,80,134,193,183,193,0.128,-0.128,0,600,True,1,Left,0.6893869686074222,0.024074658329449654,0.2865383730631281,0.8269800916314125,0.9817964952979781,0.14257556409246797
22,test,9,20,101,155,214,204,214,0.256,0.256,1,810,True,2,Right,0.01960034042776266,0.6647382470342047,0.31566141253803265,0.5141643323004246,0.9000342722994452,0.17070501334162702
23,train,9,20,108,165,216,206,216,0.0,0.0,1,880,True,3,Sure,0.28359855221837615,0.35425288287612083,0.362148564905503,0.4363681795075536,0.8495365426977518,0.19562216334397986
24,train,9,20,87,155,188,178,188,0.512,-0.512,0,670,True,1,Left,0.8171237751544401,0.005047403223425853,0.17782882162213398,1.3751744218170643,0.9986372597710848,0.13827039345882153
25,test,9,20,69,143,162,152,162,0.512,-0.512,0,490,True,1,Left,0.8762017310167124,0.0067597666134162305,0.11703850236987123,1.3256772384047508,0.9986011338836283,0.13827917050404648
26,train,9,20,119,175,215,205,215,0.032,-0.032,0,990,False,1,Left,0.6790884302302732,0.25653955166718356,0.06437201810254319,0.6256432682275772,0.9261054418610988,0.0
27,test,9,20,87,142,172,162,172,0.256,0.256,1,670,False,2,Right,0.030531759694622566,0.9505857932933534,0.018882447012024114,1.0143475160002708,0.9920294334782974,0.0
28,test,9,20,90,155,178,168,178,0.256,0.256,1,700,True,2,Right,0.01979643435596876,0.7955551809970791,0.18464838464695205,0.6205295249819756,0.945465008707168,0.15346409575472014
29,train,9,20,131,192,227,217,227,0.128,0.128,1,1110,False,2,Right,0.027004388221071245,0.938962832943232,0.03403277883569674,0.8874989934265614,0.9751635105383551,0.0
30,train,9,20,130,204,223,213,223,0.512,-0.512,0,1100,True,1,Left,0.9134238191906594,0.001151325620087432,0.08542485518925307,1.502898057922721,0.9987780266649418,0.1382362113566537
31,train,9,20,128,200,240,230,240,0.0,0.0,1,1080,True,3,Sure,0.31022881897532967,0.3375727716717019,0.35219840935296853,0.4783298671245575,0.8450161845023628,0.1981886021193041
32,test,9,20,131,200,245,235,245,0.512,0.512,1,1110,True,2,Right,0.002957354957971009,0.8047918863158197,0.19225075872620945,0.6674912087619305,0.930169693553761,0.15878169880904897
33,test,9,20,79,135,189,179,189,0.256,0.256,1,590,True,2,Right,0.03176549719732354,0.6184658169754434,0.349768685827233,0.5813465155661106,0.9422921797796965,0.15452912015120251
34,train,9,20,118,171,229,219,229,0.512,0.512,1,980,True,2,Right,0.004834820452006288,0.7502962665873883,0.24486891296060534,0.5830800868570805,0.9114341793520553,0.1659572057517602
35,train,9,20,94,169,180,170,180,0.256,0.256,1,740,False,2,Right,0.02663692443957208,0.9512332593121705,0.022129816248257522,0.983464740216732,0.9899279505458738,0.0
36,train,9,20,111,168,226,216,226,0.0,-0.0,0,910,True,2,Right,0.17631245932843861,0.42050853529973586,0.40317900537182555,0.30457280576229095,0.7402439727377856,0.2756396611169857
37,train,9,20,73,133,176,166,176,0.0,0.0,1,530,True,1,Left,0.5175720844148471,0.1567891912451361,0.3256387243400167,0.03898046910762787,0.549928009768958,0.5000959869728804
38,test,9,20,62,129,180,170,180,0.128,-0.128,0,420,True,1,Left,0.6947441802887735,0.027569836453193747,0.27768598325803284,0.9765269681811333,0.9928931070173358,0.13969023630715088
39,train,9,20,120,187,220,210,220,0.256,0.256,1,1000,True,2,Right,0.010279795009809054,0.770768495094362,0.21895170989582896,0.9189697876572609,0.9812481310873736,0.1427231677156029
40,train,9,20,98,173,206,196,206,0.512,0.512,1,780,True,2,Right,0.004038233954401724,0.7979275445149419,0.19803422153065628,0.7911144569516182,0.9732614526724147,0.1449283766718838
41,train,9,20,131,202,219,209,219,0.128,-0.128,0,1110,False,1,Left,0.9834647146796875,0.0024141708114375467,0.014121114508874863,0.8105276525020599,0.9641567331433587,0.0
42,train,9,20,107,160,212,202,212,0.032,0.032,1,870,True,2,Right,0.21512814663973362,0.39536938998245713,0.3895024633778093,0.47157008200883865,0.8716904059750423,0.18386932635116243
43,test,9,20,76,130,182,172,182,0.064,-0.064,0,560,False,1,Left,0.972125204476997,0.017037118942381618,0.010837676580621357,0.5961449593305588,0.9479353693958872,0.0
44,train,9,20,129,200,238,228,238,0.032,-0.032,0,1090,False,1,Left,0.9850031597837374,0.01295062291382107,0.002046217302441579,0.8813283666968346,0.9750127157054449,0.0
45,train,9,20,69,143,184,174,184,0.064,-0.064,0,490,True,1,Left,0.6820061002693183,0.04441235667812064,0.27358154305256105,0.3179522901773453,0.8346999382675498,0.2042680392286863
46,validation,9,20,116,172,229,219,229,0.256,-0.256,0,960,True,1,Left,0.7425555408395483,0.007889195855506279,0.24955526330494537,1.238908588886261,0.9962331804667848,0.13885866885625836
47,test,9,20,78,132,186,176,186,0.512,0.512,1,580,True,2,Right,0.01191706386250135,0.67005795716805,0.31802497896944865,0.6515953863272443,0.9589142773357157,0.1491607895783002
48,validation,9,20,137,188,236,226,236,0.128,0.128,1,1170,False,2,Right,0.023243210558447212,0.9312469053478193,0.0455098840937335,0.9544913917779922,0.9806802795219415,0.0
49,test,9,20,87,149,198,188,198,0.128,0.128,1,670,False,2,Right,0.044566135882095445,0.930095173222399,0.02533869089550562,0.8650231137871742,0.9835412539954715,0.0
50,train,9,20,71,136,184,174,184,0.032,-0.032,0,510,True,1,Left,0.596585780272842,0.09617157092280744,0.30724264880435054,0.4125770479440689,0.8869672724728956,0.17652500160833862
51,train,9,20,120,185,235,225,235,0.256,0.256,1,1000,True,2,Right,0.0113801991650694,0.7299729798406145,0.25864682099431613,0.7418664749711752,0.9563678204530032,0.14994993269699897
52,train,9,20,108,180,227,217,227,0.256,-0.256,0,880,True,1,Left,0.7673616922715368,0.006796861828506336,0.22584144589995692,1.2093748897314072,0.9960460687413807,0.13890481310209313
53,train,9,20,97,156,199,189,199,0.032,0.032,1,770,True,2,Right,0.13482388095812708,0.48158324184189744,0.3835928771999755,0.5076670087873936,0.9014911272737932,0.1700814905199407
54,train,9,20,127,201,223,213,223,0.064,0.064,1,1070,False,2,Right,0.06611234870565844,0.9084653191681328,0.025422332126208702,0.7707834392786026,0.9587128420090807,0.0
55,train,9,20,132,200,251,241,251,0.064,0.064,1,1120,False,2,Right,0.07287998651207857,0.8969595661219711,0.03016044736595035,0.8611905425786972,0.9715009364845482,0.0
56,train,9,20,89,139,205,195,205,0.512,-0.512,0,690,False,1,Left,0.9894485427281285,0.0016046272708330155,0.00894683000103852,0.9768161326646805,0.990199551493082,0.0
57,train,9,20,66,117,164,154,164,0.064,-0.064,0,460,True,1,Left,0.6677591773887109,0.04566277235155928,0.2865780502597299,0.500236913561821,0.9276486484729601,0.15970363701444518
58,test,9,20,73,126,166,156,166,0.032,0.032,1,530,True,3,Sure,0.27062105809689896,0.3632669991083362,0.3661119427947649,0.15421375632286072,0.6827785006137393,0.3336827505310743
59,train,9,20,107,157,214,204,214,0.064,0.064,1,870,False,2,Right,0.06828725624340465,0.9097032833644748,0.0220094603921205,0.7703574150800705,0.9672025823294294,0.0
60,train,9,20,127,202,231,221,231,0.256,-0.256,0,1070,True,1,Left,0.8556230079131995,0.002692020715507866,0.14168497137129274,1.3255500122904778,0.9971874450250001,0.13862414130839523
61,train,9,20,107,180,217,207,217,0.512,0.512,1,870,False,2,Right,0.004156388735575655,0.8785854719779561,0.11725813928646829,0.9255192875862122,0.9844256769823115,0.0
62,train,9,20,118,173,211,201,211,0.0,0.0,1,980,False,2,Right,0.368395698424656,0.560544689114067,0.07105961246127704,0.2789652496576309,0.6978387305640433,0.0
63,train,9,20,117,191,210,200,210,0.032,0.032,1,970,True,2,Right,0.14213707495686664,0.5862381023693723,0.271624822673761,0.5385469272732735,0.8932635050298142,0.17366902544088542
64,train,9,20,104,156,210,200,210,0.0,0.0,1,840,True,3,Sure,0.2932849913216686,0.3498861808600287,0.3568288278183027,0.12118034064769745,0.5573811719932862,0.4901604227321506
65,validation,9,20,129,193,245,235,245,0.0,0.0,1,1090,False,2,Right,0.357610953175032,0.5075961415325579,0.13479290529241,0.4844055473804474,0.8473326432389668,0.0
66,test,9,20,109,181,211,201,211,0.512,-0.512,0,890,False,1,Left,0.9855002925480696,0.0010483982490368713,0.01345130920289377,1.2261307686567307,0.9963133969089378,0.0
67,validation,9,20,130,192,241,231,241,0.128,0.128,1,1100,False,2,Right,0.022078653345781414,0.9309860999564019,0.046935246697816554,0.8749115876853466,0.9739286109917756,0.0
68,validation,9,20,116,176,212,202,212,0.128,0.128,1,960,False,2,Right,0.0235010928143308,0.9471525880507505,0.02934631913491879,0.9685422331094742,0.9859270080561116,0.0
69,test,9,20,92,149,194,184,194,0.128,-0.128,0,720,False,1,Left,0.9840991117427056,0.006024175232050889,0.009876713025243459,0.8523540496826172,0.9814357017170758,0.0
70,validation,9,20,92,163,196,186,196,0.0,-0.0,0,720,False,2,Right,0.41799961675406516,0.4979291853914131,0.08407119785452165,0.44834649562835693,0.8789702181222038,0.0
71,train,9,20,98,164,207,197,207,0.032,-0.032,0,780,False,1,Left,0.9798743720826237,0.014663266848389098,0.005462361068987037,0.8637105077505112,0.981132042637916,0.0
72,train,9,20,130,188,225,215,225,0.064,0.064,1,1100,False,2,Right,0.03502391962470968,0.9422184102198695,0.02275767015542085,0.8855261914432049,0.9752206615559437,0.0
73,test,9,20,127,194,225,215,225,0.032,0.032,1,1070,True,2,Right,0.3199220846848632,0.3408271905069446,0.33925072480819213,0.41934990882873535,0.805071285281604,0.22352256546050314
74,train,9,20,67,117,161,151,161,0.256,0.256,1,470,False,2,Right,0.06527422771028488,0.9213914836431494,0.013334288646565731,0.750457413494587,0.9774343798942589,0.0
75,test,9,20,133,208,251,241,251,0.512,-0.512,0,1130,True,1,Left,0.8141301094536159,0.002164484638646066,0.18370540590773815,1.367600105702877,0.9975399784909955,0.13853784026948351
76,train,9,20,77,149,186,176,186,0.256,0.256,1,570,False,2,Right,0.029176511801363898,0.9354958718052521,0.03532761639338396,0.875366348773241,0.9860973961582832,0.0
77,test,9,20,74,132,182,172,182,0.0,-0.0,0,540,True,3,Sure,0.26634863823371324,0.3633186173920193,0.3703327443742674,0.20403078198432922,0.7309183744348664,0.2843102796255571
78,train,9,20,82,144,194,184,194,0.0,-0.0,0,620,False,2,Right,0.45600895698417243,0.4817340208358263,0.06225702218000129,0.4462731406092644,0.8902290393494401,0.0
79,test,9,20,120,191,228,218,228,0.512,-0.512,0,1000,False,1,Left,0.986549377369391,0.0008541564650991847,0.01259646616550988,1.1299725770950317,0.9932690070609597,0.0
80,train,9,20,100,173,190,180,190,0.064,-0.064,0,800,False,1,Left,0.9727833257478675,0.015931021363445243,0.011285652888687197,0.7522460445761681,0.9670563502311729,0.0
81,train,9,20,107,162,201,191,201,0.0,0.0,1,870,False,1,Left,0.5178693315407883,0.38091395455474353,0.10121671390446826,0.6061205714941025,0.9293726519956671,0.0
82,train,9,20,109,182,212,202,212,0.0,0.0,1,890,True,2,Right,0.2670516941003031,0.3759854245618065,0.3569628813378904,0.35041680932044983,0.7852620969120172,0.23795408725147604
83,train,9,20,115,177,202,192,202,0.0,-0.0,0,950,True,2,Right,0.19169672993073927,0.4780017081818605,0.3303015618874002,0.22867665439844131,0.651605641655162,0.36947866635092386
84,train,9,20,120,179,206,196,206,0.0,0.0,1,1000,False,2,Right,0.2610822391479232,0.6906263989673286,0.04829136188474824,0.550745278596878,0.8955086415069909,0.0
85,test,9,20,113,178,202,192,202,0.256,0.256,1,930,False,2,Right,0.014966963945654593,0.9386514294496155,0.046381606604729855,0.8126536016352475,0.9712387698232933,0.0
86,train,9,20,92,146,203,193,203,0.128,-0.128,0,720,True,1,Left,0.707262098884847,0.01796649214247112,0.2747714089726819,1.0018488429486752,0.99100729361372,0.1401671634825094
87,train,9,20,64,121,158,148,158,0.128,-0.128,0,440,True,1,Left,0.7179424316049935,0.03222490012075327,0.24983266827425332,0.5102233439683914,0.9324090586510734,0.1579737808476096
88,train,9,20,112,183,205,195,205,0.064,0.064,1,920,True,2,Right,0.032373879249363156,0.79308300427544,0.17454311647519685,0.6466557011008263,0.9379630827620945,0.15601400032370472
89,test,9,20,75,130,183,173,183,0.512,-0.512,0,550,True,1,Left,0.7278851344151014,0.012905970559793478,0.25920889502510513,1.1821235120296478,0.9969605032899925,0.13867979422016208
90,train,9,20,108,161,205,195,205,0.512,-0.512,0,880,False,1,Left,0.9836566329549543,0.0011487936945272963,0.015194573350518423,1.2769555374979973,0.997160080993963,0.0
91,train,9,20,128,182,237,227,237,0.512,-0.512,0,1080,True,1,Left,0.7737160966100312,0.003577417992774658,0.22270648539719423,1.366443656384945,0.9976703801408602,0.1385059640391194
92,train,9,20,76,137,188,178,188,0.256,0.256,1,560,False,2,Right,0.024932934928004066,0.9355992673712248,0.03946779770077108,0.9402712360024452,0.9899754196958969,0.0
93,validation,9,20,121,185,221,211,221,0.256,-0.256,0,1010,False,1,Left,0.9866606444487152,0.001432231135315838,0.01190712441596895,0.89406618475914,0.9786080040410493,0.0
94,train,9,20,139,212,225,215,225,0.032,-0.032,0,1190,False,1,Left,0.6194823078099414,0.34044431054964636,0.04007338164041214,0.02443823218345642,0.33922723566905744,0.0
95,test,9,20,80,144,171,161,171,0.128,0.128,1,600,False,2,Right,0.1053784247224802,0.8847585597914298,0.009863015486089855,0.7799523025751114,0.9771726121679656,0.0
96,train,9,20,74,131,183,173,183,0.128,0.128,1,540,False,2,Right,0.07027818269858924,0.9120898880927527,0.01763192920865813,0.7702847868204117,0.9777200244845375,0.0
97,test,9,20,105,169,223,213,223,0.128,-0.128,0,850,False,1,Left,0.9920850023913351,0.004725309334112819,0.0031896882745522616,0.8069951236248016,0.9730954313510861,0.0
98,test,9,20,133,208,224,214,224,0.256,-0.256,0,1130,False,1,Left,0.9840138164149126,0.0011726339048293822,0.014813549680258067,0.940323144197464,0.980270773974937,0.0
99,train,9,20,97,153,185,175,185,0.256,0.256,1,770,False,2,Right,0.021168139456363498,0.953295230669519,0.025536629874117412,0.8457882143557072,0.9796723792946275,0.0
100,train,9,20,64,123,167,157,167,0.032,-0.032,0,440,True,1,Left,0.5347656824410107,0.1441494787861936,0.32108483877279564,0.12880773842334747,0.6792309287486062,0.3376142361206555
101,train,9,20,103,159,215,205,215,0.128,-0.128,0,830,False,1,Left,0.9909816922784087,0.004676935031159404,0.004341372690431981,0.830107644200325,0.9764743892344655,0.0
102,train,9,20,137,192,237,227,237,0.512,0.512,1,1170,False,2,Right,0.0019911493037259183,0.8793127381677479,0.11869611252852623,0.895032768137753,0.9742936447438079,0.0
103,train,9,20,130,181,239,229,239,0.0,-0.0,0,1100,False,2,Right,0.367822701304371,0.4995291163964479,0.13264818229918102,0.23338864743709564,0.6150104376710481,0.0
104,validation,9,20,74,149,162,152,162,0.032,0.032,1,540,True,2,Right,0.39401911914047666,0.40674568033819974,0.19923520052132357,0.09940434992313385,0.618978002070126,0.4096164916586834
105,train,9,20,75,126,189,179,189,0.064,0.064,1,550,True,2,Right,0.11377018541589878,0.4791552787147477,0.4070745358693535,0.3758755214512348,0.8619496191417857,0.18887130337457675
106,train,9,20,70,131,182,172,182,0.064,0.064,1,500,False,2,Right,0.1939326424342254,0.7686712793964451,0.037396078169329564,0.7896378748118877,0.9806371703308566,0.0
107,train,9,20,129,189,228,218,228,0.064,-0.064,0,1090,False,1,Left,0.9905716921567912,0.004200375489085897,0.005227932354122885,0.6760236322879791,0.9343389584901522,0.0
108,train,9,20,62,128,177,167,177,0.512,0.512,1,420,False,2,Right,0.022459571245040177,0.9251795926622514,0.05236083609270838,0.9626827612519264,0.9923966606535153,0.0
109,train,9,20,129,200,224,214,224,0.256,-0.256,0,1090,True,1,Left,0.880391363450773,0.002314527098414174,0.1172941094508128,1.2358582559973001,0.9955306831056581,0.13903218305788395
110,validation,9,20,69,126,179,169,179,0.032,0.032,1,490,False,2,Right,0.3056912704839369,0.6379935960023345,0.05631513351372858,0.6406727135181427,0.9610210045554824,0.0
111,train,9,20,80,145,172,162,172,0.032,0.032,1,600,False,2,Right,0.23983054331851722,0.7338896596295148,0.026279797051967868,0.29688987880945206,0.7995060550026047,0.0
112,test,9,20,129,197,244,234,244,0.064,0.064,1,1090,True,2,Right,0.029870188687118833,0.6679897825829177,0.30214002872996354,0.5347029687836766,0.8766373137828818,0.1814254125808215
113,train,9,20,94,156,190,180,190,0.128,-0.128,0,740,False,1,Left,0.9792947850974322,0.007288199902359578,0.01341701500020805,0.859238401055336,0.9816118736481374,0.0
114,train,9,20,131,186,219,209,219,0.128,-0.128,0,1110,True,1,Left,0.8081514023020633,0.006730587212546178,0.18511801048539062,1.143107857555151,0.992798274687235,0.1397140909595591
115,train,9,20,60,128,169,159,169,0.256,-0.256,0,400,False,1,Left,0.9767256857158737,0.009743945218112431,0.01353036906601394,0.8786294907331467,0.9888229953165317,0.0
116,test,9,20,89,148,178,168,178,0.512,-0.512,0,690,True,1,Left,0.8267242313727884,0.005054614400900418,0.16822115422631118,1.3690884998068213,0.9985617374980715,0.13828874431963267
117,validation,9,20,129,192,219,209,219,0.032,0.032,1,1090,True,2,Right,0.15680042137157119,0.5059481144189906,0.3372514642094381,0.25692538917064667,0.6447691894907673,0.3776829839284971
118,train,9,20,73,124,185,175,185,0.0,-0.0,0,530,False,2,Right,0.41735433882912876,0.4798790373970426,0.10276662377382866,0.14550048112869263,0.6734340588596291,0.0
119,train,9,20,122,182,229,219,229,0.032,0.032,1,1020,False,2,Right,0.14196268031620896,0.8138821230699801,0.0441551966138109,0.7461745217442513,0.9562448127595157,0.0
120,validation,9,20,134,185,249,239,249,0.064,-0.064,0,1140,False,1,Left,0.986103397805711,0.0105939630608874,0.0033026391334015958,0.8811020478606224,0.9734726540334536,0.0
121,train,9,20,123,198,209,199,209,0.032,0.032,1,1030,False,2,Right,0.2640783899553447,0.6569207071162282,0.07900090292842703,0.44420781126245856,0.8304270220552399,0.0
122,train,9,20,97,164,205,195,205,0.032,-0.032,0,770,False,1,Left,0.6836333276646098,0.28194475135745345,0.03442192097793681,0.5590284466743469,0.921742720182926,0.0
123,train,9,20,117,172,229,219,229,0.064,0.064,1,970,False,2,Right,0.09347195027603707,0.8731818320142777,0.03334621770968535,0.8382994756102562,0.9733338173655368,0.0
124,train,9,20,110,166,217,207,217,0.064,0.064,1,900,False,2,Right,0.11607620782699439,0.8443844821175099,0.03953931005549555,0.7135881632566452,0.9555940568279244,0.0
125,train,9,20,83,137,193,183,193,0.0,0.0,1,630,True,1,Left,0.4072198349179799,0.2298005564531255,0.36297960862889456,0.014298170804977417,0.489638852732902,0.5794127886650615
126,train,9,20,91,153,183,173,183,0.064,-0.064,0,710,False,1,Left,0.9660254610113241,0.013506726274217201,0.020467812714458553,0.7786474227905273,0.9738569134677411,0.0
127,train,9,20,100,159,190,180,190,0.256,0.256,1,800,True,2,Right,0.01700154395619566,0.7398499165622805,0.24314853948152382,0.7053017374128103,0.9588614438144833,0.14917704361324657
128,train,9,20,101,167,210,200,210,0.256,-0.256,0,810,False,1,Left,0.9893114882060516,0.002243493365977494,0.00844501842797098,0.9328049719333649,0.9859995425646517,0.0
129,validation,9,20,94,159,199,189,199,0.0,0.0,1,740,False,2,Right,0.2690480146374923,0.6733482965708177,0.0576036887916899,0.4401589300541673,0.8719570289551434,0.0
130,train,9,20,96,168,213,203,213,0.256,-0.256,0,760,True,1,Left,0.7642848378181291,0.0082665833289934,0.2274485788528776,1.1072956509888172,0.9943598641772323,0.13932300532074077
131,train,9,20,65,121,176,166,176,0.0,0.0,1,450,True,3,Sure,0.3479818144268231,0.29667638115734973,0.35534180441582713,0.20189611613750458,0.7497536010137897,0.26710387641292066
132,train,9,20,65,138,159,149,159,0.0,0.0,1,450,True,2,Right,0.2985003892357286,0.43265585129425055,0.26884375947002076,0.33466777577996254,0.8519102310008333,0.1942978501231068
133,train,9,20,126,200,225,215,225,0.256,0.256,1,1060,True,2,Right,0.008430467374499965,0.8144782360507217,0.17709129657477832,0.7902041841298342,0.9627634908850646,0.1479900162383735
134,train,9,20,62,121,180,170,180,0.512,0.512,1,420,False,2,Right,0.01642797204370221,0.9205452113491772,0.06302681660712045,0.9185963869094849,0.9905750027375144,0.0
135,test,9,20,75,148,185,175,185,0.128,0.128,1,550,False,2,Right,0.05663241288450734,0.9228366329744813,0.020530954141011554,0.8471453636884689,0.9844363066557632,0.0
136,train,9,20,91,157,198,188,198,0.064,0.064,1,710,False,2,Right,0.096738605342861,0.8772518122188574,0.026009582438281657,0.8296653404831886,0.9795348113878266,0.0
137,validation,9,20,137,187,222,212,222,0.256,0.256,1,1170,False,2,Right,0.007602174753842149,0.928920594611181,0.06347723063497682,0.9370100349187851,0.9789839075363657,0.0
138,train,9,20,72,135,179,169,179,0.256,-0.256,0,520,False,1,Left,0.98194557485868,0.006494762467907192,0.011559662673412768,0.7035814672708511,0.9700524971125286,0.0
139,test,9,20,75,127,170,160,170,0.032,-0.032,0,550,True,3,Sure,0.2949810638230654,0.34791173518502577,0.35710720099190885,0.004771977663040161,0.5020469266401053,0.5633984061695912
140,train,9,20,111,178,215,205,215,0.032,-0.032,0,910,True,1,Left,0.5098430068595752,0.17470325672065273,0.31545373641977215,0.42986413836479187,0.8406197921304861,0.20074126903059886
141,train,9,20,129,198,223,213,223,0.256,-0.256,0,1090,True,1,Left,0.8743487759156248,0.0023788364404942084,0.12327238764388104,1.5090577974915504,0.9988286034420863,0.13822393699639696
142,validation,9,20,72,136,168,158,168,0.512,-0.512,0,520,True,1,Left,0.7976991291892618,0.008980153771434672,0.19332071703930345,1.1852051876485348,0.9971120824108168,0.1386426140440054
143,train,9,20,102,174,190,180,190,0.128,0.128,1,820,False,2,Right,0.04132237222702024,0.9373404900112915,0.021337137761688354,0.8714949004352093,0.9809465115266203,0.0
144,train,9,20,113,172,214,204,214,0.0,-0.0,0,930,True,2,Right,0.18106052471305684,0.4294840950998761,0.38945538018706694,0.0715331882238388,0.46956332434263837,0.6047506896738587
145,train,9,20,92,145,186,176,186,0.0,-0.0,0,720,False,2,Right,0.3557772055861197,0.6038347455739995,0.04038804883988076,0.18114810436964035,0.6614705638313395,0.0
146,train,9,20,96,157,213,203,213,0.032,0.032,1,760,True,2,Right,0.10811140671932178,0.4957995166239598,0.3960890766567183,0.654623880982399,0.9501698761583731,0.1519203241885233
147,train,9,20,75,149,163,153,163,0.064,-0.064,0,550,True,1,Left,0.8080353982659695,0.04797320192767625,0.14399139980635417,0.8895179703831673,0.9873244413996682,0.14111425726669852
148,train,9,20,84,153,185,175,185,0.256,-0.256,0,640,False,1,Left,0.9819980075898652,0.004344923247441946,0.013657069162692975,0.9410156607627869,0.989011461538332,0.0
149,train,9,20,121,188,212,202,212,0.512,0.512,1,1010,False,2,Right,0.0026863899479031656,0.9165457185410913,0.08076789151100558,0.884843185544014,0.9776384682656628,0.0
150,train,9,20,134,197,230,220,230,0.0,0.0,1,1140,True,2,Right,0.2914110665779919,0.35604568600527065,0.3525432474167375,0.39154666662216187,0.76804389163125,0.2515553254723077
151,train,9,20,65,119,164,154,164,0.064,0.064,1,450,True,2,Right,0.10105946273673969,0.5155669792405904,0.38337355802267004,0.4585789884440601,0.9136067979112812,0.16508592190326005
152,test,9,20,88,158,206,196,206,0.256,-0.256,0,680,True,1,Left,0.7484117441422039,0.010293250345429335,0.24129500551236668,1.0252197608351707,0.9923499347600208,0.13982705296845277
153,train,9,20,77,132,187,177,187,0.128,0.128,1,570,False,2,Right,0.05895704446697775,0.9201203544157724,0.02092260111724993,0.8900863528251648,0.9870548531058613,0.0
154,train,9,20,62,127,161,151,161,0.0,0.0,1,420,True,1,Left,0.3743245449454048,0.29761245615223675,0.32806299890235857,0.08563469350337982,0.6369667935119121,0.38718682720448966
155,train,9,20,131,193,229,219,229,0.0,0.0,1,1110,True,2,Right,0.22271815489862506,0.4016402110496776,0.37564163405169726,0.05216918885707855,0.3931617373280032,0.6919414839182145
156,train,9,20,82,154,194,184,194,0.512,0.512,1,620,False,2,Right,0.008115678566108585,0.9052037651060791,0.08668055632781244,1.0369794890284538,0.9932770033740341,0.0
157,train,9,20,139,202,258,248,258,0.256,-0.256,0,1190,True,1,Left,0.7637713437817015,0.004759251115715688,0.23146940510258274,0.9762993305921555,0.9821923797642307,0.14246930285070097
158,train,9,20,117,173,204,194,204,0.032,-0.032,0,970,False,1,Left,0.7671960666348511,0.18941965067518649,0.0433842826899624,0.5593879073858261,0.9026409468277098,0.0
159,train,9,20,130,188,226,216,226,0.064,-0.064,0,1100,True,1,Left,0.7146918399164424,0.031623374908565094,0.2536847851749925,0.4242866486310959,0.8031953762369244,0.2248344800933998
160,train,9,20,77,150,195,185,195,0.0,-0.0,0,570,True,1,Left,0.4278250776707472,0.21977712482942727,0.3523977974998255,0.29719260334968567,0.8054738559841625,0.22324250122744782
161,test,9,20,132,195,245,235,245,0.256,-0.256,0,1120,False,1,Left,0.9905361651636067,0.0009518769215088152,0.008511957914884443,0.8825294226408005,0.9742646649939778,0.0
162,train,9,20,137,202,247,237,247,0.064,-0.064,0,1170,False,1,Left,0.9922641535982167,0.005402085664225014,0.002333760737558396,0.6937208026647568,0.9337542971450663,0.0
163,validation,9,20,62,115,173,163,173,0.512,-0.512,0,420,False,1,Left,0.9822746346137045,0.005208651030476975,0.012516714355818534,1.0640278086066246,0.9953650626985455,0.0
164,train,9,20,83,140,170,160,170,0.128,0.128,1,630,True,2,Right,0.04273288056586873,0.7041912028139713,0.25307591662016005,0.45692120492458344,0.8941022071415985,0.17329589949797325
165,train,9,20,65,123,158,148,158,0.032,-0.032,0,450,False,1,Left,0.6833203847466811,0.27419525477309464,0.04248436048022417,0.3405662328004837,0.8555293667070335,0.0
166,validation,9,20,99,169,215,205,215,0.0,0.0,1,790,False,2,Right,0.27581410260607225,0.6324419028830588,0.09174399451086884,0.5542556680738926,0.918242385703389,0.0
167,train,9,20,116,186,227,217,227,0.512,-0.512,0,960,False,1,Left,0.9881504167139541,0.0008258496933327792,0.011023733592713079,1.1586555764079094,0.9944225634819186,0.0
168,train,9,20,135,195,226,216,226,0.512,-0.512,0,1150,True,1,Left,0.8584451842359989,0.0014997620782805775,0.14005505368572047,1.6639904230833054,0.9994114755264566,0.13808275097120648
169,validation,9,20,83,138,186,176,186,0.512,0.512,1,630,False,2,Right,0.00800460258654276,0.9427503816377664,0.049245015775690876,0.9054725877940655,0.987096515143741,0.0
170,train,9,20,60,120,169,159,169,0.512,0.512,1,400,True,2,Right,0.02247138244902434,0.6319549943561434,0.34557362319483215,0.5329052275046706,0.941803186065585,0.15469499962109745
171,test,9,20,95,152,186,176,186,0.128,0.128,1,750,True,2,Right,0.027285728814218375,0.703114662257652,0.2695996089281297,0.5967523828148842,0.9355792000910905,0.15684755429634534
172,train,9,20,120,179,210,200,210,0.064,-0.064,0,1000,False,1,Left,0.9757737243331637,0.01289854512727034,0.01132773053956616,0.7131521999835968,0.9500865290201956,0.0
173,train,9,20,91,164,191,181,191,0.512,0.512,1,710,False,2,Right,0.00688937128585568,0.9345825210572889,0.058528107656855476,0.926895696669817,0.9872083280702392,0.0
174,train,9,20,71,141,171,161,171,0.128,0.128,1,510,False,2,Right,0.07633537890375645,0.9115034832053949,0.012161137890848644,0.8757945969700813,0.9870818102457184,0.0
175,train,9,20,62,130,171,161,171,0.032,0.032,1,420,False,1,Left,0.5351891196716477,0.40774663506755804,0.05706424526079425,0.14259213209152222,0.6989029943655043,0.0
176,validation,9,20,63,126,165,155,165,0.512,-0.512,0,430,False,1,Left,0.9754313949350912,0.00572837917337609,0.01884022589153262,0.9890631213784218,0.993234279246882,0.0
177,train,9,20,88,161,198,188,198,0.128,-0.128,0,680,True,1,Left,0.7709513508086471,0.012136648059549698,0.21691200113180317,0.8628118187189102,0.9831660768651947,0.14220901230710697
178,validation,9,20,130,200,238,228,238,0.512,0.512,1,1100,False,2,Right,0.002179393880318737,0.8708697770384946,0.12695082908118666,0.9082893161103129,0.9777844890366508,0.0
179,train,9,20,73,132,160,150,160,0.0,-0.0,0,530,True,1,Left,0.390907229515399,0.30773730979877034,0.3013554606858306,0.31519949436187744,0.826003236936907,0.2096389923333335
180,validation,9,20,86,139,173,163,173,0.032,-0.032,0,660,False,1,Left,0.95251246585805,0.023082265491832548,0.024405268650117364,0.8083652555942535,0.9786259904641058,0.0
181,train,9,20,98,167,191,181,191,0.256,0.256,1,780,True,2,Right,0.01583447834225439,0.7854253065395483,0.1987402151181973,0.7220612280070782,0.9628616094181124,0.14796051642241764
182,test,9,20,82,157,181,171,181,0.0,0.0,1,620,False,2,Right,0.41645050691398433,0.5090577277470439,0.07449176533897171,0.32470835000276566,0.8169446782905361,0.0
183,train,9,20,64,119,177,167,177,0.512,0.512,1,440,False,2,Right,0.01907789950126539,0.9261023331751949,0.0548197673235397,0.9864633828401566,0.9930653685045051,0.0
184,train,9,20,124,195,233,223,233,0.064,-0.064,0,1040,True,1,Left,0.769942922521117,0.011737872274085962,0.2183192052047973,1.0746464524418116,0.9907534544092869,0.14023177311416907
185,validation,9,20,89,157,184,174,184,0.256,-0.256,0,690,False,1,Left,0.981560363299329,0.0039821897310054226,0.014457446969665503,0.824377030134201,0.9794972389177028,0.0
186,train,9,20,98,167,211,201,211,0.064,0.064,1,780,False,2,Right,0.0576813717270792,0.9217969465341616,0.020521681738759356,0.8256258368492126,0.9773373939606169,0.0
187,train,9,20,119,182,217,207,217,0.032,-0.032,0,990,True,1,Left,0.7431993526378744,0.024204008123555755,0.23259663923856982,0.7931640520691872,0.9661522905281389,0.14698093772251564
188,test,9,20,102,161,214,204,214,0.512,-0.512,0,820,True,1,Left,0.7585647581119692,0.006025741286679547,0.23540950060135132,1.2002649754285812,0.9961531855960688,0.13887839029869398
189,train,9,20,107,178,220,210,220,0.0,0.0,1,870,True,2,Right,0.14226724144439032,0.4752100721301753,0.3825226864254344,0.1272290199995041,0.5557900779139849,0.4922808545515101
190,train,9,20,121,179,224,214,224,0.128,0.128,1,1010,True,2,Right,0.01800108136365101,0.7081429493356047,0.2738559693007443,0.6217487994581461,0.9230908345077989,0.1614042197962
191,train,9,20,63,119,149,139,149,0.128,-0.128,0,430,False,1,Left,0.9475759904213709,0.017742162188329906,0.03468184739029925,0.6901669502258301,0.971265268944122,0.0
192,train,9,20,73,130,160,150,160,0.512,0.512,1,530,False,2,Right,0.03732035362705703,0.9555515192986428,0.00712812707430021,0.8170751482248306,0.9824240518826223,0.0
193,train,9,20,128,185,230,220,230,0.128,-0.128,0,1080,True,1,Left,0.7630308253695032,0.008568618252307304,0.2284005563781896,0.8427324146032333,0.9703012201844253,0.145772605207241
194,train,9,20,125,185,213,203,213,0.0,0.0,1,1050,False,1,Left,0.41850966487656105,0.39502015663202716,0.18647017849141184,0.24135959148406982,0.6382705062354783,0.0
195,train,9,20,78,136,196,186,196,0.0,0.0,1,580,False,1,Left,0.5615380290214044,0.39205665335210116,0.04640531762649441,0.03497976064682007,0.5300748520688947,0.0
196,train,9,20,129,203,244,234,244,0.128,0.128,1,1090,False,2,Right,0.021249385443977125,0.9284386637120792,0.0503119508439437,0.8795745894312859,0.9748019174857763,0.0
197,train,9,20,73,144,166,156,166,0.0,0.0,1,530,False,1,Left,0.6188945856273793,0.3345727289338941,0.04653268543872651,0.456807479262352,0.9049384685594726,0.0
198,train,9,20,114,179,201,191,201,0.128,0.128,1,940,True,2,Right,0.024073737242438283,0.799137620490822,0.17678864226673957,0.5513442233204842,0.9023456784161284,0.16971806602308326
199,train,9,20,83,141,188,178,188,0.064,-0.064,0,630,False,1,Left,0.9627355630207802,0.02419336212948548,0.013071074849734274,0.6827080249786377,0.9624110985426224,0.0
200,train,9,20,71,121,171,161,171,0.256,-0.256,0,510,True,1,Left,0.7096167694025668,0.02124590617833506,0.26913732441909805,0.9216797426342964,0.9896623360021629,0.1405106175801334
201,test,9,20,136,202,254,244,254,0.128,-0.128,0,1160,False,1,Left,0.9943679474260463,0.001695212989267087,0.003936839584686443,0.77137890458107,0.9543255483404679,0.0
202,validation,9,20,83,143,168,158,168,0.128,0.128,1,630,False,2,Right,0.08015492942613314,0.9081220119211197,0.011723058652747068,0.7733290158212185,0.9755886426620864,0.0
203,train,9,20,92,163,195,185,195,0.256,0.256,1,720,True,2,Right,0.016254503599480732,0.7409926635350563,0.24275283286546295,0.6883350163698196,0.9593743057190663,0.1490194756019766
204,train,9,20,108,179,200,190,200,0.032,0.032,1,880,False,2,Right,0.12552757886230337,0.8481064086035334,0.026366012534163145,0.786303885281086,0.9692417092065296,0.0
205,train,9,20,68,119,155,145,155,0.256,-0.256,0,480,False,1,Left,0.9618214242472692,0.010165524239735223,0.028013051512995546,0.860015258193016,0.9865435989136945,0.0
206,train,9,20,106,169,198,188,198,0.512,-0.512,0,860,True,1,Left,0.849474543928222,0.0028925505781448426,0.14763290549363328,1.2978549934923649,0.9974974387743648,0.13854824437373459
207,train,9,20,80,143,174,164,174,0.256,0.256,1,600,True,2,Right,0.027501811678264754,0.7099856552773749,0.26251253304436034,0.7358072251081467,0.9717991940936319,0.14534355196600074
208,train,9,20,75,126,176,166,176,0.512,-0.512,0,550,False,1,Left,0.9802608715906919,0.003274313537894845,0.016464814871413318,0.9212616831064224,0.9891350999766536,0.0
209,test,9,20,112,162,217,207,217,0.128,-0.128,0,920,True,1,Left,0.7220196601377278,0.01397236685480468,0.2640079730074676,0.9757032729685307,0.9870385860373436,0.14118864567241024
210,train,9,20,132,182,220,210,220,0.128,0.128,1,1120,True,2,Right,0.018477546226422854,0.7231547790847592,0.2583676746888178,0.6714484915137291,0.9306480679911552,0.15860824482892266
211,train,9,20,83,133,202,192,202,0.128,0.128,1,630,False,2,Right,0.04346982711816013,0.9282662789271392,0.02826389395470087,0.9032019004225731,0.9869536354201252,0.0
212,train,9,20,69,129,182,172,182,0.256,0.256,1,490,False,2,Right,0.03257999644963091,0.9363923931464319,0.031027610403937207,0.8382568582892418,0.9848693830353438,0.0
213,train,9,20,82,137,184,174,184,0.128,-0.128,0,620,True,1,Left,0.7174277970999732,0.020843735805254525,0.26172846709477227,0.9049015678465366,0.9872138017206691,0.1411430340477458
214,train,9,20,137,206,248,238,248,0.0,0.0,1,1170,True,1,Left,0.3611246338203769,0.2949486056235794,0.3439267605560436,0.3128942549228668,0.6845322045734847,0.33175343955558406
215,test,9,20,60,120,161,151,161,0.0,-0.0,0,400,True,1,Left,0.4297443041469536,0.22517822938505896,0.3450774664679874,0.8201030120253563,0.9851543467679202,0.14168217634812003
216,test,9,20,127,202,214,204,214,0.032,0.032,1,1070,False,2,Right,0.04891462835068646,0.9335309191813106,0.017554452468002975,0.9571733213961124,0.9830576817710954,0.0
217,validation,9,20,71,130,160,150,160,0.128,0.128,1,510,True,2,Right,0.06568559213219394,0.6680926185046776,0.26622178936312846,0.6679420471191406,0.9649346902173321,0.14734119037216775
218,train,9,20,104,165,201,191,201,0.512,0.512,1,840,True,2,Right,0.005083332518806555,0.7705112659539973,0.22440540152719612,0.7877875319682062,0.9708542288902703,0.14561376889664313
219,validation,9,20,99,171,188,178,188,0.256,-0.256,0,790,False,1,Left,0.97854492963377,0.00324239746664762,0.018212672899582314,0.9336192756891251,0.9863823598187527,0.0
220,train,9,20,113,172,214,204,214,0.032,0.032,1,930,False,2,Right,0.21208697872034105,0.721585593728053,0.06632742755160599,0.695711875683628,0.9500247111675635,0.0
221,train,9,20,80,153,186,176,186,0.256,0.256,1,600,True,2,Right,0.022088214990491857,0.7128487759323026,0.2650630090772056,0.6674078479409218,0.9609741496551975,0.14853097830641065
222,train,9,20,112,170,213,203,213,0.128,0.128,1,920,True,2,Right,0.01848147307501306,0.7042012439633394,0.2773172829616476,0.6455166675150394,0.9376366289807997,0.1561274774266378
223,validation,9,20,128,200,236,226,236,0.512,0.512,1,1080,False,2,Right,0.0025306753249455544,0.8675042631321318,0.12996506154292273,0.9951790161430836,0.9857344003738269,0.0
224,train,9,20,134,202,251,241,251,0.0,-0.0,0,1140,False,2,Right,0.3151573588798345,0.5861407065145441,0.09870193460562135,0.4604542929737363,0.8228637386141178,0.0
225,train,9,20,94,150,207,197,207,0.032,-0.032,0,740,False,1,Left,0.886805726308865,0.0975435058759416,0.0156507678151935,0.7069098949432373,0.9619124420023145,0.0
226,test,9,20,121,172,215,205,215,0.064,-0.064,0,1010,True,1,Left,0.716227924396597,0.02478879559634916,0.25898328000705384,0.7045481577515602,0.9474461245798402,0.1528089201268638
227,train,9,20,62,113,174,164,174,0.512,0.512,1,420,True,2,Right,0.02824037039083798,0.5997934818079534,0.3719661478012084,0.5501690473174676,0.945042986345464,0.15360463462581997
228,validation,9,20,93,153,202,192,202,0.256,-0.256,0,730,True,1,Left,0.7431569399747029,0.010984067936614234,0.2458589920886828,0.9654799997806549,0.9891379291663808,0.14064528422321942
229,test,9,20,93,154,204,194,204,0.064,0.064,1,730,False,2,Right,0.12371554084366665,0.8362327098725798,0.04005174928375346,0.7088822452351451,0.9627012144069175,0.0
230,train,9,20,123,195,237,227,237,0.0,-0.0,0,1030,True,3,Sure,0.30611597420589975,0.34267153019765983,0.35121249559644035,0.08277012407779694,0.4533259793573495,0.6246148066422668
231,validation,9,20,117,170,211,201,211,0.128,0.128,1,970,True,2,Right,0.01954545336250098,0.7073989472377422,0.2730555993997569,0.6224888265132904,0.9266926392432918,0.1600567102224431
232,train,9,20,114,175,233,223,233,0.0,-0.0,0,940,True,3,Sure,0.32700274019455133,0.3194877812530984,0.35350947855235026,0.03882630169391632,0.4268644092037139,0.6555425499959664
233,train,9,20,109,175,219,209,219,0.256,-0.256,0,890,True,1,Left,0.7764589499390299,0.006394754899670331,0.21714629516129977,1.2117628089617938,0.9960447976541715,0.13890512674687916
234,train,9,20,135,186,247,237,247,0.256,0.256,1,1150,True,2,Right,0.009837970072442368,0.7284962007660305,0.2616658291615271,0.618890518322587,0.9090657488465645,0.1669190986530561
235,train,9,20,65,130,179,169,179,0.0,-0.0,0,450,True,3,Sure,0.28974698216162076,0.3498999910138816,0.36035302682449766,0.11441224813461304,0.660932596719877,0.3584819305486807
236,train,9,20,138,196,243,233,243,0.512,-0.512,0,1180,False,1,Left,0.9846403385015133,0.0006405656408013858,0.014719095857685402,1.1793404817581177,0.9934377917668306,0.0
237,train,9,20,124,176,227,217,227,0.512,0.512,1,1040,False,2,Right,0.0023608630475517177,0.8828825310480791,0.11475660590436916,0.8575209192931652,0.9735935369836438,0.0
238,validation,9,20,77,132,171,161,171,0.064,0.064,1,570,True,2,Right,0.11293473107818067,0.5148630229465124,0.37220224597530693,0.48624189104884863,0.912913889219907,0.1653626532142904
239,train,9,20,135,207,225,215,225,0.256,0.256,1,1150,False,2,Right,0.006272812387120444,0.9214265563676299,0.07230063124524962,0.9062359754461795,0.9762034818176099,0.0
240,train,9,20,136,202,251,241,251,0.128,-0.128,0,1160,True,1,Left,0.7608950893659283,0.007179093410423975,0.2319258172236478,1.1259546265937388,0.9916875020500079,0.13999451437870852
241,validation,9,20,98,153,195,185,195,0.256,-0.256,0,780,False,1,Left,0.9831506589382542,0.0030459842024617946,0.013803356859284155,0.9812496453523636,0.9893212358900684,0.0
242,train,9,20,96,155,188,178,188,0.032,0.032,1,760,False,2,Right,0.39273593414648056,0.5676480434317148,0.03961602242180462,0.40921776555478573,0.850970846419215,0.0
243,train,9,20,109,159,201,191,201,0.128,0.128,1,890,True,2,Right,0.02393481322102829,0.6793208758586926,0.2967443109202789,0.6839880559127778,0.9495773956125515,0.1521124229431609
244,train,9,20,66,127,162,152,162,0.064,0.064,1,460,False,2,Right,0.3289862992453798,0.636628984215737,0.03438471653888326,0.5251156184822321,0.9354361738992932,0.0
245,test,9,20,120,189,226,216,226,0.256,0.256,1,1000,True,2,Right,0.011303677631907672,0.7564451969062524,0.23225112546183974,0.7283073337748647,0.9535017148259897,0.15085227026719744
246,train,9,20,87,152,187,177,187,0.512,-0.512,0,670,True,1,Left,0.8064051463399462,0.005626522610520586,0.1879683310495332,1.3359726145863533,0.9983482697746391,0.13834065920886074
247,train,9,20,95,156,198,188,198,0.512,0.512,1,750,True,2,Right,0.006642029827607416,0.7371999503136213,0.2561580198587714,0.6604041084647179,0.9520508505006002,0.15131481865765273
248,train,9,20,83,142,200,190,200,0.032,-0.032,0,630,True,1,Left,0.6453237642482503,0.04801047083653254,0.306665764915217,0.3886011242866516,0.8578638396277584,0.19104601399816412
249,test,9,20,103,163,221,211,221,0.064,-0.064,0,830,True,1,Left,0.646639250619818,0.04746496934807561,0.3058957800321064,0.7157257348299026,0.9594510593295946,0.14899593500840919
250,train,9,20,89,159,203,193,203,0.512,-0.512,0,690,False,1,Left,0.9891286109995929,0.001552865993516138,0.009318523006890983,1.0512995719909668,0.9931826741729747,0.0
251,train,9,20,66,133,182,172,182,0.512,0.512,1,460,True,2,Right,0.020335994832828237,0.6521893515904634,0.3274746535767084,0.7096503600478172,0.9728817790571173,0.1450358315135591
252,test,9,20,129,184,248,238,248,0.0,-0.0,0,1090,False,2,Right,0.31414736544699706,0.572377416627569,0.11347521792543402,0.056773871183395386,0.4043661573593404,0.0
253,train,9,20,100,168,201,191,201,0.064,-0.064,0,800,True,1,Left,0.771097982831758,0.017325698270915672,0.21157631889732637,0.913612388074398,0.9848176074796632,0.14177096366115877
254,train,9,20,110,180,202,192,202,0.128,-0.128,0,900,False,1,Left,0.9824386045344353,0.004120475078023921,0.01344092038754063,0.7917141616344452,0.9693153156346825,0.0
255,train,9,20,125,190,219,209,219,0.256,0.256,1,1050,True,2,Right,0.008443457686922168,0.7962637154008545,0.19529282691222336,0.7642977461218834,0.9584047513164093,0.14931775281247062
256,train,9,20,84,159,170,160,170,0.064,-0.064,0,640,False,1,Left,0.924359610436339,0.0413998308578531,0.034240558705808125,0.4652378112077713,0.8967989949471341,0.0
257,test,9,20,93,151,185,175,185,0.0,0.0,1,730,True,2,Right,0.24866339504050622,0.38639037564191936,0.3649462293175745,0.20241867005825043,0.6818551039317605,0.33470239391383116
258,train,9,20,105,174,190,180,190,0.512,0.512,1,850,True,2,Right,0.004894882160522067,0.8878825267346684,0.10722259110480956,0.8700185790657997,0.9801177867247022,0.14302894809337374
259,test,9,20,66,141,174,164,174,0.032,-0.032,0,460,True,1,Left,0.44005989412169627,0.23725444304223328,0.3226856628360705,0.3570415824651718,0.8638378982141887,0.18788168456132315
260,train,9,20,103,165,216,206,216,0.0,-0.0,0,830,True,2,Right,0.12835172944899592,0.4770778642387111,0.39457040631229295,0.28032926470041275,0.7358603937733131,0.2796784244066199
261,train,9,20,72,127,165,155,165,0.0,-0.0,0,520,True,3,Sure,0.2815861112945349,0.3576563818986219,0.3607575068068432,0.1337961107492447,0.6633603266740746,0.3556582784721536
262,train,9,20,93,155,212,202,212,0.032,-0.032,0,730,True,1,Left,0.6307259014352542,0.05888954556141912,0.31038455300332685,0.713656947016716,0.9635345279378638,0.14775865724515563
263,train,9,20,63,124,150,140,150,0.064,0.064,1,430,False,2,Right,0.2832461752031922,0.7042968336993416,0.012456991097466409,0.7616479843854904,0.9796020092335416,0.0
264,test,9,20,84,148,175,165,175,0.032,0.032,1,640,False,2,Right,0.38592247228922727,0.5528929809426077,0.06118454676816506,0.5525830592960119,0.9303007074070531,0.0
265,train,9,20,66,126,151,141,151,0.032,0.032,1,460,True,2,Right,0.21295189789120025,0.5037526697196897,0.28329543238911004,0.504600090906024,0.9290743796082712,0.1591806303985685
266,test,9,20,127,180,212,202,212,0.0,-0.0,0,1070,True,1,Left,0.3357840427272926,0.32952712509007664,0.3346888321826307,0.5245995223522186,0.8738495799116713,0.18279476550159074
267,validation,9,20,74,131,193,183,193,0.256,-0.256,0,540,True,1,Left,0.6939116533085812,0.020615359784075225,0.2854729869073436,0.9865885153412819,0.9921885901687603,0.13986777918535542
268,train,9,20,125,198,227,217,227,0.032,-0.032,0,1050,True,1,Left,0.5306748644801204,0.1699844640673081,0.2993406714525716,0.7075030952692032,0.945742435098585,0.1533718956249439
269,test,9,20,98,151,199,189,199,0.0,0.0,1,780,True,3,Sure,0.3116008173325263,0.3366339670050305,0.3517652156624433,0.41250117123126984,0.8499561995424352,0.19538686710282
270,test,9,20,68,141,180,170,180,0.0,0.0,1,480,False,1,Left,0.6547570711400373,0.3077401004654958,0.03750282839446677,0.10274922102689743,0.6396812171228674,0.0
271,train,9,20,89,158,206,196,206,0.032,-0.032,0,690,True,1,Left,0.6518155843048279,0.05339841717785686,0.2947859985173153,0.5587776601314545,0.9283407491777317,0.1594492223485875
272,test,9,20,104,165,193,183,193,0.032,0.032,1,840,True,2,Right,0.12164878799031573,0.5536535612935347,0.3246976507161496,0.6972966487519443,0.9552655773150365,0.15029517023535793
273,train,9,20,129,184,230,220,230,0.0,0.0,1,1090,True,2,Right,0.2304797483469844,0.3890032040998718,0.3805170475531437,0.0686732679605484,0.41852326109160093,0.6648790529686728
274,train,9,20,138,202,242,232,242,0.128,-0.128,0,1180,False,1,Left,0.9906196250340831,0.00188902664237718,0.007491348323539854,0.8269686996936798,0.9640318690614057,0.0
275,train,9,20,105,170,197,187,197,0.256,0.256,1,850,False,2,Right,0.01892702928962945,0.940461422529196,0.04061154818117449,1.0121175795793533,0.9900091090472307,0.0
276,train,9,20,135,199,249,239,249,0.512,-0.512,0,1150,False,1,Left,0.9876513195114678,0.000615517198032444,0.011733163290499768,1.1009928733110428,0.9907244605102499,0.0
277,train,9,20,88,142,182,172,182,0.128,-0.128,0,680,False,1,Left,0.9776003867820121,0.006928094586277381,0.015471518631710628,0.9255853593349457,0.9875783536318303,0.0
278,train,9,20,105,172,213,203,213,0.032,0.032,1,850,True,2,Right,0.07220724770795148,0.5784058937685973,0.34938685852345114,0.6262553837150335,0.9370345759096455,0.15633731192870665
279,train,9,20,105,171,195,185,195,0.0,0.0,1,850,True,2,Right,0.18519837366902217,0.4901246066276525,0.3246770197033253,0.09916174411773682,0.5275465849209846,0.5298821104103935
280,train,9,20,85,148,200,190,200,0.0,0.0,1,650,True,3,Sure,0.25608725119965353,0.37140743544336197,0.3725053133569845,0.3817058764398098,0.8506450788496379,0.1950017066658168
281,train,9,20,75,150,185,175,185,0.032,-0.032,0,550,True,1,Left,0.5039787530240813,0.18433493844788174,0.31168630852803686,0.26255927979946136,0.7815645134853585,0.24079107969569813
282,train,9,20,64,117,182,172,182,0.512,-0.512,0,440,False,1,Left,0.9864462990548851,0.004285343388831025,0.009268357556283854,0.9626259952783585,0.9922103971270537,0.0
283,train,9,20,119,178,206,196,206,0.0,-0.0,0,990,True,2,Right,0.24490309316937253,0.3976856333406718,0.35741127348995566,0.1937071830034256,0.600143305897875,0.4337579858360813
284,train,9,20,138,200,251,241,251,0.512,0.512,1,1180,False,2,Right,0.0021371117658279724,0.8655940344550647,0.1322688537791073,1.0494448315293994,0.9876492570449825,0.0
285,train,9,20,94,158,200,190,200,0.064,-0.064,0,740,True,1,Left,0.6448254878712717,0.06528227054605204,0.28989224158267624,0.38829944282770157,0.8407161680580805,0.20068470657477516
286,train,9,20,134,201,242,232,242,0.512,0.512,1,1140,False,2,Right,0.002484533611056053,0.8656124347736547,0.1319030316152892,0.9693213626742363,0.9826413425144718,0.0
287,train,9,20,98,161,196,186,196,0.256,0.256,1,780,True,2,Right,0.013261441986682845,0.7335798814334346,0.25315867657988267,0.7106173224747181,0.9607977457080538,0.1485846174179713
288,test,9,20,108,177,195,185,195,0.256,-0.256,0,880,False,1,Left,0.979366331938138,0.0026050404360593695,0.018028627625802644,0.9866893738508224,0.9882830661053026,0.0
289,train,9,20,112,184,221,211,221,0.064,-0.064,0,920,False,1,Left,0.9877908502227541,0.006334782824620251,0.0058743669526256,0.7644073963165283,0.9642412099292518,0.0
290,train,9,20,80,136,167,157,167,0.512,-0.512,0,600,True,1,Left,0.8061347892780828,0.007488249027384483,0.18637696169453263,1.4786475822329521,0.9992462463328757,0.1381227231744136
291,test,9,20,112,184,227,217,227,0.0,0.0,1,920,True,2,Right,0.23694567015291063,0.3847858101712872,0.3782685196758021,0.611028790473938,0.9269618633162482,0.15995708681233395
292,test,9,20,117,185,211,201,211,0.064,-0.064,0,970,False,1,Left,0.9795005757070339,0.011156710717297057,0.00934271357566904,0.7140514403581619,0.9519763772780255,0.0
293,train,9,20,133,204,227,217,227,0.512,0.512,1,1130,True,2,Right,0.002229468989650426,0.8519410658615575,0.14582946514879208,0.881339731393382,0.9738120010607991,0.14477298929539312
294,test,9,20,100,158,219,209,219,0.128,0.128,1,800,False,2,Right,0.031063796982241258,0.9313031473338796,0.03763305568387913,0.8723767548799515,0.9814709344251706,0.0
295,validation,9,20,118,193,224,214,224,0.512,0.512,1,980,False,2,Right,0.002439823635343074,0.8788144597894572,0.11874571657519961,0.9144380930811167,0.9812820490448256,0.0
296,test,9,20,71,128,170,160,170,0.512,0.512,1,510,True,2,Right,0.0166295414846599,0.6760230360679913,0.3073474224473489,0.6265748795121908,0.9573684414410254,0.14963844126577752
297,validation,9,20,133,190,237,227,237,0.512,0.512,1,1130,True,2,Right,0.0025036252469840693,0.7962270636933871,0.2012693110596288,0.7884399071335793,0.9592798762345498,0.1490484519506305
298,train,9,20,69,134,182,172,182,0.512,0.512,1,490,False,2,Right,0.0153832758940007,0.9197266677557401,0.06489005635025916,0.915975533425808,0.989622194411161,0.0
299,train,9,20,74,144,189,179,189,0.0,-0.0,0,540,False,2,Right,0.4452963227486809,0.4714139567126902,0.08328972053862885,0.1374301016330719,0.6619619019605973,0.0
300,train,9,20,85,150,185,175,185,0.512,0.512,1,650,False,2,Right,0.00907964852852381,0.9424842066854751,0.048436144786001015,0.9220624417066574,0.9878075660184856,0.0
301,validation,9,20,98,154,212,202,212,0.0,-0.0,0,780,True,3,Sure,0.32816737962559445,0.3190831610556197,0.3527494593187859,0.17007821798324585,0.6325402226419574,0.3926417585264873
302,train,9,20,69,136,180,170,180,0.064,-0.064,0,490,True,1,Left,0.6278345037183289,0.07455682326293203,0.29760867301873906,0.39768432080745697,0.8819542041042935,0.17886932257187405
303,train,9,20,77,135,192,182,192,0.0,0.0,1,570,False,2,Right,0.31297664568596306,0.5975156308132096,0.08950772350082722,0.11988545954227448,0.6340609673785624,0.0
304,train,9,20,124,189,220,210,220,0.256,0.256,1,1040,True,2,Right,0.007625440611056587,0.7957664611222173,0.19660809826672615,0.9303916841745377,0.9813929123148705,0.1426841499922351
305,train,9,20,76,140,183,173,183,0.256,0.256,1,560,True,2,Right,0.023926741087055874,0.663792852647581,0.31228040626536313,0.6133843287825584,0.9519607250283878,0.15134368036888202
306,train,9,20,103,157,221,211,221,0.128,0.128,1,830,True,2,Right,0.033889425988526435,0.621619358694087,0.34449121531738675,0.48410578817129135,0.8834798048379447,0.17814919649739103
307,test,9,20,63,130,172,162,172,0.128,-0.128,0,430,False,1,Left,0.9697548791896302,0.016826503096787064,0.013418617713582664,0.6822309195995331,0.9701567791206914,0.0
308,validation,9,20,72,134,162,152,162,0.032,-0.032,0,520,True,2,Right,0.33357706857809694,0.34491699280336974,0.3215059386185334,0.3433762788772583,0.8465847675222417,0.19729139267598805
309,train,9,20,120,183,225,215,225,0.0,0.0,1,1000,False,2,Right,0.4234430899531009,0.48276109585898885,0.09379581418791014,0.5186137944401708,0.8797866948377613,0.0
310,train,9,20,117,182,202,192,202,0.032,0.032,1,970,False,2,Right,0.22766526519737318,0.7145423942733957,0.05779234052923114,0.39643021300435066,0.8063145232842015,0.0
311,test,9,20,85,145,202,192,202,0.256,0.256,1,650,True,2,Right,0.018944455598376854,0.6658119141543335,0.31524363024728963,0.5836306642740965,0.9388779207407766,0.15569712710598393
312,train,9,20,81,145,168,158,168,0.512,0.512,1,610,False,2,Right,0.022618845176383063,0.966822540039721,0.01055861478389587,0.9209451451897621,0.9883116426258042,0.0
313,train,9,20,84,150,195,185,195,0.512,-0.512,0,640,False,1,Left,0.987388664764987,0.0019555522401142047,0.0106557829948987,1.0328418463468552,0.9929736339388011,0.0
314,train,9,20,94,157,183,173,183,0.064,-0.064,0,740,False,1,Left,0.8541883530207107,0.09908962325570438,0.04672202372358482,0.653642937541008,0.9510753730288615,0.0
315,train,9,20,61,125,154,144,154,0.064,0.064,1,410,True,2,Right,0.18673590981510027,0.4794027039219341,0.3338613862629655,0.3565915375947952,0.8705246549234951,0.18445459278003695
316,validation,9,20,65,124,162,152,162,0.512,0.512,1,450,True,2,Right,0.02043997286080678,0.6853347785554547,0.29422524858373855,0.7426585806533694,0.9771188704324757,0.14385024512179656
317,train,9,20,104,175,222,212,222,0.0,0.0,1,840,True,1,Left,0.6202813976078765,0.07662971662173114,0.3030888857703925,0.31598392128944397,0.7663283213325881,0.2529653022322077
318,train,9,20,89,159,175,165,175,0.032,0.032,1,690,False,2,Right,0.1495017640395996,0.829472978785929,0.021025257174471484,0.6099110618233681,0.9433591631568852,0.0
319,validation,9,20,62,132,171,161,171,0.256,-0.256,0,420,False,1,Left,0.9782847075846257,0.008938405543803209,0.012776886871571014,0.8809878528118134,0.9886837339785269,0.0
320,train,9,20,90,155,184,174,184,0.0,0.0,1,700,False,1,Left,0.4951134735535788,0.46213079162881554,0.042755734817605695,0.10261709988117218,0.5764236634331203,0.0
321,train,9,20,120,186,205,195,205,0.128,-0.128,0,1000,True,1,Left,0.8887344632682913,0.005827789762682892,0.10543774696902566,1.0652206018567085,0.9907709267812306,0.1402273227231401
322,train,9,20,123,180,220,210,220,0.0,0.0,1,1030,True,2,Right,0.13158996569520404,0.49276158535290887,0.3756484489518871,0.3215598538517952,0.7283040136993101,0.2867941577344816
323,train,9,20,103,164,217,207,217,0.512,-0.512,0,830,False,1,Left,0.989596343899479,0.0010243610790435119,0.009379295021477396,1.0152685642242432,0.9903932264934603,0.0
324,test,9,20,111,169,226,216,226,0.032,0.032,1,910,True,2,Right,0.1791508371930107,0.41821886561836663,0.4026302971886226,0.19233771413564682,0.6214666338918414,0.406473696242102
325,train,9,20,78,133,168,158,168,0.032,0.032,1,580,False,2,Right,0.3881353597104048,0.584036390673611,0.027828249615984263,0.3728146329522133,0.8557427906917575,0.0
326,validation,9,20,126,198,222,212,222,0.256,0.256,1,1060,False,2,Right,0.010954732429877942,0.9178115141534624,0.07123375341665952,0.8593176230788231,0.9731977628428837,0.0
327,train,9,20,124,195,218,208,218,0.064,0.064,1,1040,False,2,Right,0.03960176698559822,0.9425278429974405,0.017870390016961078,0.6845659837126732,0.9403402151492702,0.0
328,test,9,20,128,196,227,217,227,0.032,0.032,1,1080,True,2,Right,0.05196671763657499,0.6685846469420833,0.2794486354213416,0.6413864023052156,0.9239454056477846,0.1610820202706162
329,train,9,20,91,143,190,180,190,0.032,0.032,1,710,False,2,Right,0.26735899658654155,0.6759072328683078,0.05673377054515059,0.5105309039354324,0.9089025872845348,0.0
330,train,9,20,83,157,188,178,188,0.256,-0.256,0,630,True,1,Left,0.8093776812958495,0.00857441823372746,0.18204790047042305,1.1019249856472015,0.9950456617702963,0.13915241017614322
331,train,9,20,103,159,188,178,188,0.0,-0.0,0,830,False,1,Left,0.5142577050511686,0.40596734361300546,0.07977495133582593,0.20126265287399292,0.6538655747685236,0.0
332,train,9,20,93,163,181,171,181,0.064,-0.064,0,730,True,1,Left,0.7837940972325497,0.04709317660444169,0.16911272616300868,0.34088726341724396,0.8088671033863649,0.2209024574979664
333,test,9,20,128,189,226,216,226,0.0,0.0,1,1080,False,2,Right,0.18093868031829846,0.7577945051475261,0.06126681453417534,0.817897766828537,0.9665757296194332,0.0
334,test,9,20,70,124,188,178,188,0.032,-0.032,0,500,True,1,Left,0.359890613370513,0.28314125110676147,0.3569681355227255,0.05920746922492981,0.5832016383152792,0.45591100746087365
335,validation,9,20,139,210,233,223,233,0.0,0.0,1,1190,True,2,Right,0.1904210929929031,0.4793192382679809,0.33025966873911594,0.3566339612007141,0.7242176165579642,0.29072301708682174
336,train,9,20,85,144,183,173,183,0.0,0.0,1,650,True,2,Right,0.18107452331448687,0.43439177537937307,0.3845337013061402,0.11160320788621902,0.6016966688828335,0.4317453803135542
337,train,9,20,139,198,251,241,251,0.256,-0.256,0,1190,False,1,Left,0.9897154878184791,0.0008289946599377056,0.00945551752158335,0.9339479058980942,0.9781629898726585,0.0
338,train,9,20,114,178,209,199,209,0.128,0.128,1,940,False,2,Right,0.028515292608380472,0.945533556586964,0.025951150804655442,0.7707909550517797,0.964490488674304,0.0
339,test,9,20,90,147,199,189,199,0.128,0.128,1,700,True,2,Right,0.045853450822364056,0.6028936940278282,0.35125285514980786,0.5527637246996164,0.9255232317218494,0.1604912039489657
340,validation,9,20,133,192,249,239,249,0.064,-0.064,0,1130,False,1,Left,0.9861288553737632,0.01209781620048655,0.0017733284257503955,0.7965922951698303,0.9608160830938423,0.0
341,validation,9,20,103,176,206,196,206,0.0,0.0,1,830,True,2,Right,0.21154504794732035,0.42788520446075207,0.36056974759192767,0.024197444319725037,0.44178459489913063,0.6383385305031333
342,validation,9,20,113,187,228,218,228,0.0,-0.0,0,930,True,2,Right,0.1589690281434973,0.46004202321568466,0.3809889486408181,0.2401103377342224,0.6696039189278831,0.3484725113930036
343,train,9,20,113,183,200,190,200,0.128,-0.128,0,930,True,1,Left,0.9021946217673225,0.0044454629927224674,0.09335991523995493,0.998799242079258,0.9882740667620786,0.1408680466465338
344,train,9,20,139,209,227,217,227,0.128,0.128,1,1190,False,2,Right,0.02271722534796005,0.9468431570357024,0.03043961761633745,0.9841103702783585,0.9828513713934699,0.0
345,train,9,20,89,143,203,193,203,0.064,-0.064,0,690,False,1,Left,0.970034015868591,0.02395445011427179,0.006011534017137282,0.6364440619945526,0.9499356388377335,0.0
346,train,9,20,84,152,177,167,177,0.032,-0.032,0,640,False,1,Left,0.6367552239102563,0.32056965026289685,0.04267512582684679,0.6729329973459244,0.9601760593339327,0.0
347,train,9,20,105,175,202,192,202,0.512,0.512,1,850,False,2,Right,0.004387961161500902,0.9137486097286442,0.08186342910985481,0.9372682347893715,0.9856319148970634,0.0
348,train,9,20,95,155,203,193,203,0.064,-0.064,0,750,False,1,Left,0.9758220237977755,0.01704195591006604,0.007136020292158476,0.7316131889820099,0.965721529342436,0.0
349,train,9,20,127,193,219,209,219,0.256,0.256,1,1070,False,2,Right,0.009943381866472506,0.9241327391262398,0.06592387900728752,1.012370828539133,0.9870300100435582,0.0
350,validation,9,20,85,153,174,164,174,0.064,0.064,1,650,True,2,Right,0.0633809500571167,0.7652753723033988,0.1713436776394844,0.6683630901388824,0.9588353278858958,0.14918507993551788
351,test,9,20,132,202,249,239,249,0.512,-0.512,0,1120,False,1,Left,0.988209335443052,0.0006474682857366056,0.011143196271211275,1.1905434653162956,0.994218091239636,0.0
352,validation,9,20,60,122,173,163,173,0.256,0.256,1,400,False,2,Right,0.05244792157188157,0.9259063427856006,0.021645735642517698,0.7987911775708199,0.9835424597184669,0.0
353,test,9,20,81,136,197,187,197,0.0,-0.0,0,610,True,3,Sure,0.2119863431869921,0.39298018451439576,0.39503347229861213,0.1087988018989563,0.6099215844506183,0.4211503580432464
354,train,9,20,117,167,209,199,209,0.0,0.0,1,970,True,1,Left,0.5564244136313979,0.13292511554776568,0.3106504708208365,0.7178128808736801,0.9528142824883851,0.1510709433256638
355,train,9,20,110,174,218,208,218,0.0,0.0,1,900,True,3,Sure,0.30099804069478975,0.34389493431995694,0.3551070249852534,0.5160111337900162,0.8907261062024602,0.1748082876324218
356,train,9,20,108,179,194,184,194,0.032,0.032,1,880,True,2,Right,0.18880541662392075,0.592663545908951,0.21853103746712824,0.6224783137440681,0.9337274851666373,0.1575029186359953
357,train,9,20,88,145,198,188,198,0.064,-0.064,0,680,True,1,Left,0.6196468564274803,0.07196940809452143,0.30838373547799824,0.5398712754249573,0.9227732052409395,0.16152437249962082
358,train,9,20,69,120,169,159,169,0.0,0.0,1,490,True,1,Left,0.49882019722198123,0.1595611216642368,0.3416186811137819,0.4761205166578293,0.9165568128082685,0.1639196719211149
359,test,9,20,82,147,201,191,201,0.256,0.256,1,620,True,2,Right,0.026283504706171378,0.6463252967054076,0.3273911985884209,0.6048325188457966,0.9464525557523773,0.15313656571740325
360,train,9,20,65,119,170,160,170,0.032,0.032,1,450,True,2,Right,0.16464467992576437,0.4313316608576474,0.4040236592165883,0.34453414287418127,0.8579223921921969,0.19101452359725563
361,test,9,20,91,146,207,197,207,0.128,0.128,1,710,False,2,Right,0.04346875943414323,0.9283985844613845,0.02813265610447225,0.8633746355772018,0.9826042518450617,0.0
362,train,9,20,116,169,204,194,204,0.064,-0.064,0,960,True,1,Left,0.7271527134379667,0.030683970218618822,0.24216331634341454,0.7782713621854782,0.9649209701609414,0.14734526445152907
363,train,9,20,133,185,250,240,250,0.064,0.064,1,1130,True,2,Right,0.06929781695154073,0.5476766866878726,0.38302549636058664,0.35082195699214935,0.7328745950828798,0.2824668882215106
364,test,9,20,73,129,172,162,172,0.032,-0.032,0,530,False,1,Left,0.94864211516657,0.027979443581053115,0.023378441252376758,0.5941829681396484,0.949229112265047,0.0
365,test,9,20,132,183,229,219,229,0.512,-0.512,0,1120,False,1,Left,0.9830428482048399,0.0007775565053678461,0.01617959528979221,1.3508169502019882,0.9973610056548473,0.0
366,train,9,20,117,175,204,194,204,0.128,0.128,1,970,False,2,Right,0.030142511736124034,0.9451637601627587,0.02469372810111707,0.7826331406831741,0.9652369443596681,0.0
367,train,9,20,104,175,216,206,216,0.032,-0.032,0,840,False,1,Left,0.9794103558010118,0.017085813137210467,0.003503831061777885,0.5968253463506699,0.9287462190401073,0.0
368,train,9,20,104,179,196,186,196,0.128,-0.128,0,840,False,1,Left,0.9793290871632878,0.006282122159924875,0.014388790676787392,0.846636950969696,0.978011866019843,0.0
369,test,9,20,87,143,193,183,193,0.0,-0.0,0,670,True,3,Sure,0.2651087548700531,0.36508902790956055,0.3698022172203863,0.04256966710090637,0.5123068033698828,0.549994792500617
370,validation,9,20,94,146,202,192,202,0.032,-0.032,0,740,False,1,Left,0.924249312156183,0.05708289935563247,0.01866778848818435,0.4386346563696861,0.8711185197845402,0.0
371,train,9,20,137,207,238,228,238,0.0,0.0,1,1170,True,2,Right,0.20371078735901632,0.43157469025647205,0.3647145223845117,0.02112467586994171,0.34098459826029615,0.7409121730578815
372,train,9,20,138,200,240,230,240,0.032,-0.032,0,1180,False,1,Left,0.9771782952457493,0.017354563473107466,0.005467141281143427,0.820691667497158,0.9629470093439594,0.0
373,train,9,20,92,151,199,189,199,0.256,-0.256,0,720,True,1,Left,0.7445354417421746,0.011068294537175923,0.24439626372064946,1.2470764820463955,0.9972876295955952,0.13859959724236742
374,train,9,20,88,150,198,188,198,0.064,-0.064,0,680,True,1,Left,0.7006923143968279,0.027076545477328205,0.272231140125844,0.8477915152907372,0.9819000580393523,0.142547742111232
375,train,9,20,105,172,221,211,221,0.032,0.032,1,850,True,2,Right,0.13533048566970202,0.4692798176980054,0.39538969663229256,0.5218647550791502,0.8990958545060396,0.17110929758369697
376,validation,9,20,131,194,228,218,228,0.032,-0.032,0,1110,False,1,Left,0.9740932639445908,0.021104697819844965,0.004802038235564153,0.7185393869876862,0.9448057440354843,0.0
377,train,9,20,71,141,178,168,178,0.0,0.0,1,510,True,1,Left,0.4818774522302645,0.19394338011564446,0.32417916765409094,0.43530239164829254,0.8976874868146086,0.17171995835359766
378,validation,9,20,88,142,189,179,189,0.128,-0.128,0,680,True,1,Left,0.720010148479434,0.019798172584661027,0.260191678935905,0.8935141116380692,0.9854890640603567,0.14159409893896185
379,train,9,20,71,145,171,161,171,0.256,0.256,1,510,True,2,Right,0.03078950326666216,0.7445440170519484,0.22466647968138953,0.5773737840354443,0.9463356041727776,0.15317525639557306
380,train,9,20,60,135,178,168,178,0.128,0.128,1,400,True,2,Right,0.06885510817280152,0.5741666573369342,0.3569782344902642,0.42385962195839966,0.9044932597432849,0.16881225547255846
381,train,9,20,81,140,194,184,194,0.256,-0.256,0,610,True,1,Left,0.7185503224503925,0.015641545440127125,0.26580813210948034,0.9956440702080727,0.9918732366503379,0.13994749393293426
382,train,9,20,68,129,154,144,154,0.256,-0.256,0,480,False,1,Left,0.9587931141339856,0.011274977374996525,0.029931908491017834,0.7710565626621246,0.9793193742271186,0.0
383,train,9,20,96,160,201,191,201,0.256,0.256,1,760,True,2,Right,0.013135893151669981,0.716471162734203,0.27039294411412707,0.8084479738026857,0.9759628652576691,0.14417076045447696
384,train,9,20,128,201,236,226,236,0.128,-0.128,0,1080,False,1,Left,0.9917013521536899,0.0018892696665803066,0.006409378179729665,0.9401882588863373,0.9813913142856413,0.0
385,train,9,20,97,152,199,189,199,0.256,0.256,1,770,True,2,Right,0.018753605971203905,0.6755379164432649,0.3057084775855313,0.7735878583043814,0.9712650823388411,0.14549609815167108
386,train,9,20,60,129,176,166,176,0.512,-0.512,0,400,True,1,Left,0.7323622614774246,0.015229436906043647,0.2524083016165316,1.1461854800581932,0.9969733685655217,0.1386766372350519
387,train,9,20,86,159,195,185,195,0.256,-0.256,0,660,False,1,Left,0.9869187436994867,0.003912586979453457,0.009168669321059803,0.940440259873867,0.9887148115988028,0.0
388,train,9,20,121,188,230,220,230,0.064,0.064,1,1010,True,2,Right,0.02527325800365457,0.6973175253752506,0.27740921662109475,0.5850121323019266,0.90925726285887,0.16684084755566841
389,train,9,20,108,165,213,203,213,0.064,-0.064,0,880,False,1,Left,0.9572416063740741,0.027118876821876137,0.01563951680404975,0.4785623997449875,0.8741640467966116,0.0
390,test,9,20,120,173,235,225,235,0.0,0.0,1,1000,True,1,Left,0.49989884301541165,0.15100636256962172,0.3490947944149666,0.32620373368263245,0.7398172420363511,0.2760299416475489
391,test,9,20,104,160,199,189,199,0.128,-0.128,0,840,False,1,Left,0.9799873864447515,0.006322873234311417,0.013689740320937237,0.7657688558101654,0.9676319299768472,0.0
392,train,9,20,113,173,225,215,225,0.064,-0.064,0,930,True,1,Left,0.7179371902827112,0.017227635242508917,0.26483517447477983,0.9719650354236364,0.9866435474255073,0.1412916564522666
393,validation,9,20,62,127,173,163,173,0.0,-0.0,0,420,True,3,Sure,0.28502144940197766,0.3530030422118934,0.361975508386129,0.16475437581539154,0.7213106216778917,0.29355228838107594
394,validation,9,20,133,188,231,221,231,0.064,-0.064,0,1130,False,1,Left,0.9864077055215986,0.00682225990018819,0.00677003457821321,0.5938400030136108,0.9005461713773014,0.0
395,validation,9,20,131,181,241,231,241,0.032,-0.032,0,1110,True,1,Left,0.5674442719106916,0.10598275687722855,0.32657297121208,0.4338230639696121,0.8086384647508287,0.22105897632457006
396,train,9,20,131,204,238,228,238,0.512,0.512,1,1110,False,2,Right,0.002778091652785899,0.8674677012877836,0.12975420705943047,0.9393975138664246,0.9806455907424554,0.0
397,validation,9,20,125,188,233,223,233,0.256,0.256,1,1050,False,2,Right,0.011906581888352297,0.8899271770020093,0.0981662411096385,0.9099549353122711,0.9792239661600461,0.0
398,train,9,20,69,142,177,167,177,0.128,0.128,1,490,True,2,Right,0.07533514334398844,0.5936073488976825,0.33105750775832904,0.5764550000894815,0.9473221554846154,0.15284969822104216
399,train,9,20,60,121,161,151,161,0.032,0.032,1,400,True,2,Right,0.15833136868320746,0.4574344483099796,0.38423418300681295,0.2471591681241989,0.7989866884283707,0.22781912808323002
400,train,9,20,70,141,162,152,162,0.128,0.128,1,500,True,2,Right,0.0638890043705813,0.7728387207826961,0.16327227484672252,0.6510275352629833,0.9624495194776698,0.14808452745888212
401,test,9,20,138,203,232,222,232,0.256,0.256,1,1180,False,2,Right,0.0068956560603365274,0.9196755427448983,0.07342880119476515,0.9689126767189009,0.9817634488063983,0.0
402,train,9,20,131,200,220,210,220,0.0,-0.0,0,1110,False,2,Right,0.37135094844968825,0.4658387118413456,0.16281033970896616,0.5382402315735817,0.8759075416008257,0.0
403,train,9,20,63,132,170,160,170,0.064,-0.064,0,430,False,1,Left,0.9673775984057666,0.017903028831810455,0.014719372762422963,0.5239856541156769,0.9372606944944687,0.0
404,train,9,20,71,122,176,166,176,0.064,-0.064,0,510,False,1,Left,0.9412644615986933,0.03810109149260248,0.020634446908704314,0.4247845560312271,0.8928425872131802,0.0
405,train,9,20,132,206,227,217,227,0.064,0.064,1,1120,True,2,Right,0.026012870531017068,0.8081576766443017,0.16582945282468115,0.6221565660089254,0.913290842138037,0.16521197445838237
406,train,9,20,132,204,234,224,234,0.0,-0.0,0,1120,False,2,Right,0.35854784356122005,0.527192848011153,0.11425930842762684,0.1260450929403305,0.4792337290337553,0.0
407,validation,9,20,66,140,157,147,157,0.256,-0.256,0,460,True,1,Left,0.8682100503746225,0.012265626582500692,0.11952432304287683,0.9617030546069145,0.9919858440338747,0.13991901183174266
408,train,9,20,71,128,174,164,174,0.128,0.128,1,510,True,2,Right,0.05957854044116956,0.5805954290616467,0.35982603049718365,0.4698876840993762,0.9122740223355998,0.16561915242592062
409,train,9,20,106,174,224,214,224,0.128,-0.128,0,860,False,1,Left,0.992156596093406,0.003504290401315636,0.004339113505278299,0.8363032788038254,0.9763425166037553,0.0
410,train,9,20,61,119,152,142,152,0.064,0.064,1,410,True,2,Right,0.17250777334925688,0.4701200411990777,0.3573721854516655,0.243329256772995,0.7939823838456587,0.23144290500686254
411,train,9,20,114,165,201,191,201,0.512,-0.512,0,940,True,1,Left,0.8215126569602103,0.0030843154216422335,0.17540302761814758,1.3963258666917682,0.9982998205511289,0.13835245125958523
412,test,9,20,93,168,194,184,194,0.128,0.128,1,730,True,2,Right,0.02755413395755189,0.7583028081986902,0.21414305784375792,0.5539274588227272,0.9233970137153366,0.1612886021025528
413,test,9,20,66,139,165,155,165,0.064,0.064,1,460,True,2,Right,0.12430212639205437,0.5764756673160998,0.2992222062918458,0.4856102019548416,0.9226744211922657,0.16156178441516306
414,train,9,20,98,157,184,174,184,0.512,-0.512,0,780,False,1,Left,0.9778046234637079,0.0018248667351139735,0.020370509801177997,1.3143990561366081,0.9979040860857844,0.0
415,train,9,20,88,156,176,166,176,0.512,-0.512,0,680,True,1,Left,0.8858237508571388,0.0038143702995161962,0.11036187884334499,1.4128426164388657,0.9988535276475093,0.1382178895757118
416,validation,9,20,61,114,160,150,160,0.512,0.512,1,410,False,2,Right,0.03200203972949889,0.9464787775700867,0.021519182700414453,0.8475517258048058,0.9868474902720271,0.0
417,test,9,20,93,148,196,186,196,0.064,0.064,1,730,True,2,Right,0.06953863271309366,0.5629793757772241,0.3674819915096821,0.5612882897257805,0.925916424653043,0.16034479186486927
418,test,9,20,65,132,154,144,154,0.256,-0.256,0,450,True,1,Left,0.8279945147089249,0.01517794592484148,0.15682753936623361,1.0706493556499481,0.9953482754807915,0.13907735712375402
419,test,9,20,61,125,149,139,149,0.0,0.0,1,410,False,1,Left,0.5640768829392699,0.4031940085765037,0.03272910848422632,0.17980632185935974,0.7382676972455773,0.0
420,train,9,20,101,165,216,206,216,0.064,0.064,1,810,True,2,Right,0.04106093776471206,0.6237226472656763,0.3352164149696117,0.3529651314020157,0.8030654607233448,0.2249257555364953
421,train,9,20,115,172,229,219,229,0.128,0.128,1,950,True,2,Right,0.029466308913303523,0.6487365436257693,0.32179714746092725,0.5586085803806782,0.9044088337324342,0.1688476626179108
422,train,9,20,106,172,192,182,192,0.256,-0.256,0,860,True,1,Left,0.8876690402193013,0.004099400265585121,0.10823155951511357,1.1390355080366135,0.9945549415400361,0.13927440736666857
423,train,9,20,63,127,180,170,180,0.256,0.256,1,430,False,2,Right,0.04181909365426543,0.9305745544588998,0.027606351886834874,0.6961024105548859,0.9720681023187264,0.0
424,train,9,20,96,162,214,204,214,0.0,-0.0,0,760,True,2,Right,0.1030720991369298,0.5047385999771906,0.39218930088587955,0.3938170075416565,0.8411173641465278,0.20044953905517465
425,train,9,20,120,191,205,195,205,0.128,0.128,1,1000,True,2,Right,0.019962564702298614,0.8628807865635242,0.11715664873417717,0.7281397692859173,0.9534651984964322,0.15086386417463354
426,train,9,20,90,165,182,172,182,0.256,-0.256,0,700,True,1,Left,0.899121368955529,0.005144199267383262,0.09573443177708774,1.1805421011522412,0.9963319326682925,0.13883433619008656
427,train,9,20,85,135,195,185,195,0.0,0.0,1,650,True,3,Sure,0.25863584978299115,0.36675641865595815,0.37460773156105065,0.1281706690788269,0.6210347703328152,0.40701821735955684
428,train,9,20,100,155,218,208,218,0.512,0.512,1,800,True,2,Right,0.006739505127220916,0.7268021320510979,0.26645836282168117,0.5266099944710732,0.9064306680818741,0.16800425316290307
429,train,9,20,110,164,205,195,205,0.0,-0.0,0,900,False,2,Right,0.36454972188542967,0.5214046007558758,0.11404567735869461,0.263420931994915,0.7020535284655232,0.0
430,train,9,20,128,190,225,215,225,0.032,0.032,1,1080,True,2,Right,0.07866559236502689,0.5920531003754798,0.3292813072594933,0.6779068484902382,0.9356341982002805,0.15682819507402873
431,train,9,20,116,185,219,209,219,0.032,-0.032,0,960,True,1,Left,0.7086674425711356,0.04153895650895454,0.24979360091991004,0.1926386058330536,0.6075388508196464,0.4242086093134706
432,test,9,20,76,133,175,165,175,0.0,-0.0,0,560,False,1,Left,0.6095268411729536,0.34807162349863263,0.04240153532841375,0.3176489621400833,0.8225076943945947,0.0
433,train,9,20,126,180,220,210,220,0.256,-0.256,0,1060,False,1,Left,0.9854398550380463,0.0013633335054374029,0.0131968114565164,0.9418501108884811,0.9819716930439808,0.0
434,validation,9,20,89,149,188,178,188,0.256,-0.256,0,690,True,1,Left,0.7696670488910116,0.010309384337107073,0.22002356677188137,1.0477066040039062,0.993062096340808,0.13964776145061814
435,test,9,20,123,193,224,214,224,0.128,0.128,1,1030,False,2,Right,0.02455416663294442,0.9403892329087066,0.03505660045834908,0.9524739161133766,0.9834712212670612,0.0
436,validation,9,20,129,203,214,204,214,0.032,0.032,1,1090,False,2,Right,0.2758210350033139,0.6451013856923945,0.07907757930429164,0.6171188168227673,0.914190477637941,0.0
437,train,9,20,67,126,166,156,166,0.256,-0.256,0,470,False,1,Left,0.9719916097338931,0.008983926627965473,0.019024463638141312,0.9198752194643021,0.99005731528321,0.0
438,test,9,20,114,181,218,208,218,0.128,-0.128,0,940,False,1,Left,0.9893523432969225,0.0032303564660113283,0.007417300237066235,0.9625711217522621,0.9858542923962323,0.0
439,train,9,20,96,167,184,174,184,0.256,0.256,1,760,False,2,Right,0.01983092755692933,0.954199151767128,0.025969920675942792,0.8365349620580673,0.9789962743690366,0.0
440,train,9,20,120,172,218,208,218,0.064,0.064,1,1000,True,2,Right,0.03211362107090048,0.6598035099582784,0.30808286897082116,0.7216052450239658,0.9520197157244084,0.15132478752525552
441,train,9,20,118,175,210,200,210,0.256,-0.256,0,980,False,1,Left,0.9832979421701298,0.0017677499885654958,0.014934307841304662,1.0211837589740753,0.9888363294001801,0.0
442,train,9,20,122,175,213,203,213,0.128,-0.128,0,1020,True,1,Left,0.7851252406592397,0.007743425404136498,0.20713133393662372,1.2282139845192432,0.9957342813158666,0.1389818195608017
443,train,9,20,73,147,184,174,184,0.512,-0.512,0,530,True,1,Left,0.7867018635908785,0.008079679571235458,0.20521845683788623,1.2272518472746015,0.9976214080218818,0.13851793216718428
444,validation,9,20,74,134,159,149,159,0.032,-0.032,0,540,True,1,Left,0.4947197267341651,0.22033198306881524,0.2849482901970196,0.12031148374080658,0.642891958697955,0.3799562276224868
445,train,9,20,95,157,202,192,202,0.128,0.128,1,750,True,2,Right,0.02736120258859378,0.667328147586966,0.3053106498244403,0.5995864681899548,0.9364134015329557,0.15655457056854005
446,validation,9,20,134,207,234,224,234,0.0,-0.0,0,1140,False,2,Right,0.21917379742925708,0.6976445716507543,0.08318163091998865,0.6667817980051041,0.9275497687481209,0.0
447,train,9,20,111,177,225,215,225,0.128,0.128,1,910,False,2,Right,0.037130249787162235,0.9274169009696227,0.035452849243215345,0.9703552946448326,0.9868553807048817,0.0
448,train,9,20,80,141,169,159,169,0.064,-0.064,0,600,True,1,Left,0.7286173058256029,0.04453293987368002,0.226849754300717,1.0059428848326206,0.9923630493794342,0.1398237443405161
449,train,9,20,136,193,228,218,228,0.128,0.128,1,1160,True,2,Right,0.016300919617893535,0.750382137635295,0.2333169427468113,0.6044234968721867,0.9019553882787124,0.16988383709668864
450,validation,9,20,138,212,243,233,243,0.0,0.0,1,1180,True,1,Left,0.36706597991377266,0.3019968416610694,0.3309371784251581,0.6528831273317337,0.919319307201142,0.16284488940144848
451,train,9,20,121,172,238,228,238,0.256,-0.256,0,1010,False,1,Left,0.9914219700962057,0.0010806645968665543,0.007497365306927695,0.9084952175617218,0.9800428796029969,0.0
452,train,9,20,129,194,214,204,214,0.032,0.032,1,1090,False,2,Right,0.146592201302201,0.811106248773295,0.042301549924504106,0.727601170539856,0.9482775841090239,0.0
453,train,9,20,106,172,214,204,214,0.256,-0.256,0,860,False,1,Left,0.9894049887614095,0.0019058845012274056,0.008689126737363214,0.8362694829702377,0.9763386808314691,0.0
454,validation,9,20,138,195,229,219,229,0.256,-0.256,0,1180,True,1,Left,0.8312447293227816,0.0029859034512360943,0.16576936722598218,1.0981682650744915,0.9902530921935212,0.14035941850629952
455,validation,9,20,103,158,188,178,188,0.064,-0.064,0,830,False,1,Left,0.9640580320584554,0.01481334840077841,0.02112861954076612,0.6803536713123322,0.9521227526739034,0.0
456,validation,9,20,96,161,201,191,201,0.064,-0.064,0,760,False,1,Left,0.982656064981651,0.01282366210427779,0.004520272914071329,0.5048251003026962,0.9013215626578855,0.0
457,train,9,20,115,179,211,201,211,0.0,0.0,1,950,False,2,Right,0.35869647727749665,0.529939849561955,0.11136367316054832,0.352602481842041,0.7746933755413095,0.0
458,train,9,20,132,199,219,209,219,0.064,0.064,1,1120,True,2,Right,0.050873483841184154,0.7556340073887146,0.19349250877010135,0.7045260388404131,0.9404314672845749,0.15516282102581358
459,validation,9,20,132,200,227,217,227,0.032,0.032,1,1120,True,2,Right,0.08727129380376589,0.6167006262257846,0.29602807997044955,0.6282000653445721,0.9156136762493688,0.16429043827555723
460,train,9,20,60,135,163,153,163,0.0,0.0,1,400,True,1,Left,0.350788698445807,0.3341413251823695,0.31506997637182355,0.2201250046491623,0.7768048655545711,0.2445102251157253
461,train,9,20,82,156,167,157,167,0.512,0.512,1,620,False,2,Right,0.027647287585963985,0.96610256034275,0.00625015207128604,0.8534743785858154,0.9835983635924677,0.0
462,validation,9,20,134,196,233,223,233,0.128,-0.128,0,1140,False,1,Left,0.9889723293048123,0.0017888983888441293,0.009238772306343613,0.947479858994484,0.9807127656594847,0.0
463,test,9,20,66,119,181,171,181,0.0,0.0,1,460,True,1,Left,0.43165408006429534,0.2027996633264885,0.36554625660921614,0.27071672677993774,0.8058690155963876,0.22296809812642804
464,validation,9,20,91,146,181,171,181,0.256,0.256,1,710,True,2,Right,0.0186956587277152,0.7125068147792577,0.268797526493027,0.7843308933079243,0.9745585515767988,0.14456308953084562
465,train,9,20,127,197,217,207,217,0.0,-0.0,0,1070,False,2,Right,0.2311793143248487,0.7021165464979708,0.06670413917718036,0.6624516695737839,0.9316782768206425,0.0
466,train,9,20,95,169,182,172,182,0.0,-0.0,0,750,False,1,Left,0.6349164247193444,0.31285589871740566,0.052227676563250135,0.2212870568037033,0.6965467961103203,0.0
467,test,9,20,116,180,204,194,204,0.512,-0.512,0,960,True,1,Left,0.8788358304791506,0.0019031835375369912,0.11926098598331232,1.6845704540610313,0.9995768994920279,0.1380427715378778
468,train,9,20,100,174,218,208,218,0.0,-0.0,0,800,True,2,Right,0.17019197975531955,0.44028007928673374,0.3895279409579467,0.12005031108856201,0.5678808632181948,0.4761870409024673
469,test,9,20,111,164,218,208,218,0.064,-0.064,0,910,True,1,Left,0.7130639595231302,0.01772688454320022,0.2692091559336697,1.009787067770958,0.9891454406295453,0.14064335230656688
470,test,9,20,63,129,149,139,149,0.064,-0.064,0,430,True,1,Left,0.48905730872311903,0.2688296009241395,0.24211309035274153,0.04836295545101166,0.5907424969990557,0.44600820301308286
471,validation,9,20,112,182,199,189,199,0.064,-0.064,0,920,False,1,Left,0.9667532224077686,0.012244919906270843,0.02100185768596071,0.758301243185997,0.963192200986049,0.0
472,train,9,20,86,152,197,187,197,0.512,-0.512,0,660,True,1,Left,0.7696553194704826,0.006979953464741175,0.22336472706477614,1.0954892113804817,0.994700011860699,0.13923830417396915
473,test,9,20,74,141,190,180,190,0.512,0.512,1,540,True,2,Right,0.012172697173814839,0.6928015704449233,0.29502573238126184,0.6937314942479134,0.9678727481623438,0.14647628443595762
474,train,9,20,122,184,219,209,219,0.032,-0.032,0,1020,False,2,Right,0.38101392396420175,0.4515564575829294,0.16742961845286883,0.5001098290085793,0.8670798789455598,0.0
475,train,9,20,86,155,195,185,195,0.512,0.512,1,660,True,2,Right,0.00830830517640249,0.7339454717322513,0.2577462230913463,0.7598065827041864,0.9730219833818695,0.14499612291306868
476,validation,9,20,60,112,177,167,177,0.064,0.064,1,400,False,2,Right,0.21736682904969293,0.741430034434122,0.04120313651618508,0.6400800123810768,0.964789351937524,0.0
477,train,9,20,121,180,218,208,218,0.512,0.512,1,1010,True,2,Right,0.002988470578681804,0.7917415407313951,0.20526998868992305,0.9215152114629745,0.9812564312612142,0.14272092995653046
478,test,9,20,71,130,172,162,172,0.032,0.032,1,510,False,2,Right,0.3148751896168941,0.6527267463433438,0.03239806403976201,0.5967473834753036,0.9509694461824806,0.0
479,train,9,20,136,210,232,222,232,0.0,-0.0,0,1160,True,2,Right,0.21431585836765157,0.4561159287321793,0.3295682129001691,0.3587888330221176,0.7334571856101534,0.2819204167138582
480,test,9,20,95,154,190,180,190,0.512,0.512,1,750,True,2,Right,0.006604235034966312,0.7570137032049862,0.2363820617600474,0.7454614294692874,0.9679039649100737,0.146467174930609
481,test,9,20,110,165,219,209,219,0.512,-0.512,0,900,False,1,Left,0.9882882502797996,0.0009357107683299721,0.010776038951870558,1.1404194179922342,0.9943259635475866,0.0
482,train,9,20,70,123,174,164,174,0.0,-0.0,0,500,False,1,Left,0.7205241765817758,0.24870255478359776,0.0307732686346265,0.47609786689281464,0.9156215581110568,0.0
483,train,9,20,134,192,246,236,246,0.128,0.128,1,1140,True,2,Right,0.02015171171786276,0.6880715210766841,0.291776767205453,0.6849634125828743,0.9333285612053067,0.15764501665490416
484,train,9,20,114,169,205,195,205,0.128,0.128,1,940,False,2,Right,0.03326551514945243,0.9427907961221603,0.02394368872838718,0.8274198211729527,0.972881370232382,0.0
485,train,9,20,136,198,230,220,230,0.512,-0.512,0,1160,False,1,Left,0.9818867665062259,0.0007703393555533233,0.017342894138220797,1.4044836983084679,0.9978714432641467,0.0
486,train,9,20,108,180,220,210,220,0.256,0.256,1,880,True,2,Right,0.012914735241326936,0.7377355179740356,0.2493497467846376,0.6469899332150817,0.9408020273434355,0.15503607838879896
487,train,9,20,94,159,186,176,186,0.128,-0.128,0,740,False,1,Left,0.977463360343075,0.0068334822203014066,0.01570315743662353,0.7388107478618622,0.9672571032592482,0.0
488,train,9,20,115,166,216,206,216,0.032,-0.032,0,950,False,1,Left,0.5823393104459985,0.3339953192178845,0.08366537033611711,0.3838541507720947,0.8003619151255137,0.0
489,train,9,20,139,204,252,242,252,0.0,-0.0,0,1190,False,1,Left,0.4354975183553756,0.40626365412870813,0.1582388275159163,0.6164752691984177,0.9039748387174682,0.0
490,train,9,20,63,121,181,171,181,0.0,0.0,1,430,True,1,Left,0.46025757345369883,0.17857752547968622,0.36116490106661486,0.2141714245080948,0.7652575636483095,0.25385039128891373
491,train,9,20,74,130,161,151,161,0.032,0.032,1,540,True,2,Right,0.2763134880012096,0.37285734378862256,0.3508291682101678,0.08211076259613037,0.598745762212122,0.43557165992225244
492,train,9,20,139,210,227,217,227,0.032,-0.032,0,1190,False,1,Left,0.9847611037357217,0.009650383955094159,0.005588512309184239,0.7592335566878319,0.949961263570411,0.0
493,train,9,20,139,200,236,226,236,0.128,-0.128,0,1190,True,1,Left,0.8124755254656615,0.004525820119740437,0.182998654414598,1.113230041693896,0.9908332173454433,0.14021146047589417
494,train,9,20,72,141,189,179,189,0.128,0.128,1,520,True,2,Right,0.048831945857139465,0.6040587044192047,0.3471093497236558,0.5728468745946884,0.944566882725575,0.15376359483397112
495,train,9,20,84,145,184,174,184,0.256,-0.256,0,640,True,1,Left,0.7645627084891885,0.011646063098918868,0.22379122841189264,1.0368792340159416,0.9931106946309793,0.1396355544247394
496,train,9,20,121,182,229,219,229,0.128,0.128,1,1010,False,2,Right,0.02215105854935435,0.933957644358353,0.04389129709229262,0.9127851948142052,0.9804510055650107,0.0
497,validation,9,20,72,135,162,152,162,0.128,0.128,1,520,True,2,Right,0.05254628588480248,0.7198346385732763,0.2276190755419211,0.6815797863528132,0.9667472810309135,0.1468058336028416
498,train,9,20,110,177,202,192,202,0.032,-0.032,0,900,False,1,Left,0.8595065692975942,0.11836492800206051,0.022128502700345335,0.6242449581623077,0.9327662020782803,0.0
499,train,9,20,99,166,186,176,186,0.032,0.032,1,790,False,2,Right,0.3192928630805995,0.5791968571558255,0.10151027976357503,0.6315285116434097,0.9425880552352345,0.0
500,test,9,20,107,163,224,214,224,0.512,0.512,1,870,False,2,Right,0.0034305036170985135,0.8671043678958167,0.12946512848708486,0.9488132447004318,0.9860865478497804,0.0
501,train,9,20,78,135,185,175,185,0.256,0.256,1,580,False,2,Right,0.03023837290525185,0.9351995987156236,0.03456202837912442,0.8449313370510936,0.9836988346342069,0.0
502,test,9,20,116,186,225,215,225,0.512,-0.512,0,960,False,1,Left,0.9876214656211119,0.0008700801890433908,0.011508454189844702,1.115258052945137,0.9931061125585006,0.0
503,train,9,20,97,159,184,174,184,0.064,0.064,1,770,False,2,Right,0.16286429557330215,0.8137817145275626,0.023353989899135192,0.9227237850427628,0.9859814345928942,0.0
504,train,9,20,70,124,171,161,171,0.064,0.064,1,500,False,2,Right,0.2234396905424188,0.7453888286679589,0.03117148078962237,0.7155191749334335,0.9723655986323585,0.0
505,train,9,20,129,192,244,234,244,0.128,0.128,1,1090,True,2,Right,0.020680455194516095,0.6885665113613849,0.290753033444099,0.6372143067419529,0.921625959420091,0.16196014930470376
506,train,9,20,62,125,181,171,181,0.032,-0.032,0,420,False,1,Left,0.6674593803336706,0.29670287786362726,0.035837741802702126,0.6327779144048691,0.9626936536058189,0.0
507,train,9,20,70,122,188,178,188,0.256,-0.256,0,500,False,1,Left,0.9865671917285243,0.006797519170436014,0.006635289101039792,0.8651085272431374,0.9865557308111067,0.0
508,test,9,20,68,127,172,162,172,0.512,0.512,1,480,False,2,Right,0.018071703442845265,0.9463358156288939,0.035592480928260846,0.8548667505383492,0.9862036089133772,0.0
509,train,9,20,61,117,176,166,176,0.512,0.512,1,410,False,2,Right,0.021888097317901724,0.926775046149024,0.05133685653307438,0.8795453682541847,0.9887391825280573,0.0
510,train,9,20,137,203,244,234,244,0.512,-0.512,0,1170,False,1,Left,0.9855383806713405,0.0006347282282773358,0.01382689110038213,1.2158809453248978,0.9945757615515487,0.0
511,train,9,20,70,131,184,174,184,0.064,0.064,1,500,False,2,Right,0.377527107740045,0.5582195388891547,0.06425335337080025,0.5313594192266464,0.9343684809197401,0.0
512,validation,9,20,132,196,237,227,237,0.512,0.512,1,1120,True,2,Right,0.0026248914115050022,0.8081207095682187,0.18925439902027624,0.7524011507630348,0.9523224119923812,0.15122794536158524
513,train,9,20,63,127,157,147,157,0.128,0.128,1,430,False,2,Right,0.15982247092177032,0.8309577677367898,0.009219761341439744,0.7566453367471695,0.9791050170239488,0.0
514,test,9,20,120,189,228,218,228,0.0,0.0,1,1000,False,1,Left,0.6042079885403926,0.35334267174466605,0.04244933971494139,0.5398425310850143,0.8903886999770996,0.0
515,test,9,20,132,191,239,229,239,0.0,0.0,1,1120,False,1,Left,0.438971368593572,0.3898665793554601,0.17116205205096785,0.07935963571071625,0.4225049993874604,0.0
516,validation,9,20,115,176,214,204,214,0.064,0.064,1,950,True,2,Right,0.034778139933373926,0.6799122062921522,0.2853096537744739,0.5378368478268385,0.8952138191089969,0.172803979009732
517,train,9,20,112,169,197,187,197,0.512,-0.512,0,920,False,1,Left,0.9785324690044049,0.001294719957526637,0.020172811038068506,1.3290875479578972,0.9976919933515545,0.0
518,train,9,20,71,121,165,155,165,0.064,-0.064,0,510,False,1,Left,0.9140710935701483,0.04836750233486371,0.03756140409498798,0.678833469748497,0.9667010142456868,0.0
519,train,9,20,134,197,240,230,240,0.064,0.064,1,1140,False,2,Right,0.04335462009978368,0.9339876366699853,0.022657743230231,0.8488612473011017,0.9690601225717423,0.0
520,train,9,20,90,159,205,195,205,0.064,-0.064,0,700,True,1,Left,0.7120503899474888,0.024149634990002455,0.26379997506250874,0.8505115732550621,0.9817080783945944,0.14259933075243264
521,validation,9,20,134,204,227,217,227,0.512,0.512,1,1140,True,2,Right,0.0021260016847751383,0.8541522086345452,0.14372178968067978,0.9110226184129715,0.9770160327492745,0.14387866900662782
522,train,9,20,137,189,231,221,231,0.0,-0.0,0,1170,True,3,Sure,0.29188275654133167,0.35123832886992984,0.3568789145887385,0.5184676721692085,0.856282303367453,0.1919001850429644
523,train,9,20,130,195,228,218,228,0.128,-0.128,0,1100,True,1,Left,0.8190301573082334,0.0052331045271322586,0.17573673816463434,1.2928128214552999,0.9965770610070878,0.138773998738296
524,train,9,20,60,134,164,154,164,0.512,-0.512,0,400,False,1,Left,0.9767607696437979,0.006286148239871911,0.01695308211633027,0.8322305232286453,0.9860011020401782,0.0
525,train,9,20,113,185,229,219,229,0.064,0.064,1,930,False,2,Right,0.04825220281644033,0.9319675682107078,0.019780228972851865,0.9275201857089996,0.9834378206709656,0.0
526,test,9,20,107,166,224,214,224,0.032,0.032,1,870,True,2,Right,0.04610722974678354,0.6003501862760404,0.353542583977176,0.6656653191894293,0.9463261398569189,0.15317838858594685
527,train,9,20,98,162,201,191,201,0.032,-0.032,0,780,False,1,Left,0.9704360549732497,0.024227020004502837,0.005336925022247438,0.6103532910346985,0.9374026295122804,0.0
528,train,9,20,102,157,188,178,188,0.256,0.256,1,820,True,2,Right,0.014424305644675025,0.7500784287958363,0.23549726555948855,0.6162202898412943,0.9362548387840569,0.15661015252353072
529,train,9,20,93,162,199,189,199,0.256,-0.256,0,730,False,1,Left,0.9886839561820813,0.003059552468517023,0.008256491349401882,0.989592045545578,0.9903397601010023,0.0
530,train,9,20,67,129,153,143,153,0.512,0.512,1,470,False,2,Right,0.05965211760022272,0.9341276584879286,0.006220223911848769,0.8558765538036823,0.9864332398196638,0.0
531,validation,9,20,101,173,192,182,192,0.256,0.256,1,810,False,2,Right,0.01895852471924408,0.944153521328929,0.03688795395182691,0.8724322356283665,0.981255432389789,0.0
532,train,9,20,112,174,225,215,225,0.0,0.0,1,920,True,2,Right,0.13531200091162893,0.46836826341569215,0.39631973567267886,0.13540416955947876,0.5508198042899861,0.4989069303341996
533,train,9,20,86,153,175,165,175,0.512,-0.512,0,660,False,1,Left,0.9768016327261367,0.002761911530630966,0.020436455743232225,1.179875060915947,0.9964925779083671,0.0
534,test,9,20,97,148,216,206,216,0.512,0.512,1,770,False,2,Right,0.00428936204818486,0.8734699873644427,0.12224065058737237,0.8793811872601509,0.9827118434063735,0.0
535,train,9,20,74,129,188,178,188,0.128,-0.128,0,540,True,1,Left,0.680862410866049,0.028100719606445314,0.2910368695275057,0.6603319421410561,0.9623588559711583,0.1481118512598566
536,train,9,20,96,162,188,178,188,0.064,-0.064,0,760,False,1,Left,0.8982429328636151,0.06315978929915714,0.03859727783722785,0.49141858518123627,0.8953059946594616,0.0
537,train,9,20,99,154,203,193,203,0.064,0.064,1,790,False,2,Right,0.050924585289804015,0.9309163161947108,0.018159098515485233,0.7241975143551826,0.9628058178698469,0.0
538,validation,9,20,114,174,214,204,214,0.256,-0.256,0,940,False,1,Left,0.9867444019164232,0.0016663172018038582,0.011589280881772954,1.0273979753255844,0.9896730677163089,0.0
539,train,9,20,95,160,209,199,209,0.256,0.256,1,750,True,2,Right,0.017931842603498102,0.6883893257559403,0.29367883164056174,0.6973630599677563,0.9596923897254187,0.14892198698619064
540,train,9,20,108,167,209,199,209,0.512,-0.512,0,880,False,1,Left,0.985060701256646,0.001116304584882526,0.01382299415847153,1.0917864814400673,0.9929756331845713,0.0
541,test,9,20,125,195,235,225,235,0.064,-0.064,0,1050,False,1,Left,0.9736253615425869,0.021128522549859183,0.005246115907553814,0.24212919175624847,0.6391430976504724,0.0
542,train,9,20,83,137,181,171,181,0.256,-0.256,0,630,True,1,Left,0.7399049755218614,0.01474026050318474,0.24535476397495382,1.0591012239456177,0.9938925124230952,0.1394396647217127
543,train,9,20,130,188,248,238,248,0.064,-0.064,0,1100,True,1,Left,0.7115957960884884,0.015155409661082964,0.2732487942504286,1.0565677173435688,0.9891540004990699,0.1406411508501732
544,train,9,20,128,184,229,219,229,0.032,0.032,1,1080,True,2,Right,0.13012259433423184,0.48578936805491646,0.3840880376108517,0.5747755663469434,0.8975150600698143,0.17179504568650034
545,train,9,20,136,205,239,229,239,0.0,0.0,1,1160,False,2,Right,0.32173166321166025,0.5594639293016028,0.11880440748673696,0.673964262008667,0.9282974550936652,0.0
546,validation,9,20,139,213,252,242,252,0.256,-0.256,0,1190,True,1,Left,0.8186976560812429,0.0028221282053943197,0.17848021571336278,1.1918502058833838,0.9937521742692628,0.13947475966423256
547,test,9,20,117,177,205,195,205,0.0,-0.0,0,970,False,2,Right,0.21913470067419719,0.7242528869353481,0.0566124123904546,0.6236785091459751,0.9270887493048869,0.0
548,validation,9,20,92,152,204,194,204,0.128,0.128,1,720,True,2,Right,0.040316560045361174,0.6176535978066744,0.34202984214796445,0.6747127957642078,0.9566839057688836,0.14985133930229982
549,train,9,20,65,140,167,157,167,0.032,-0.032,0,450,True,1,Left,0.6373345318440308,0.09847011096081128,0.264195357195158,0.6662399619817734,0.9670359606905021,0.14672109664118782
550,train,9,20,116,176,217,207,217,0.128,-0.128,0,960,True,1,Left,0.7709554308360513,0.008995522896784751,0.22004904626716396,0.9388319924473763,0.9837510681818756,0.14205335647013362
551,train,9,20,107,178,204,194,204,0.032,0.032,1,870,False,2,Right,0.1951165689612321,0.7529939490043567,0.05188948203441109,0.6963666491210461,0.9534921430165674,0.0
552,train,9,20,97,165,187,177,187,0.0,0.0,1,770,True,2,Right,0.18570801644246815,0.5023353866498206,0.31195659690771127,0.32987818121910095,0.7925476665149164,0.2324969378199913
553,train,9,20,94,161,192,182,192,0.064,0.064,1,740,False,2,Right,0.10279899409259166,0.8749038343813886,0.022297171526019854,0.6739720851182938,0.9555192424423555,0.0
554,train,9,20,62,135,156,146,156,0.512,0.512,1,420,True,2,Right,0.027517193167303867,0.8282170369843781,0.14426576984831807,0.617919459939003,0.9599812572817237,0.14883360990675576
555,validation,9,20,122,188,221,211,221,0.0,0.0,1,1020,False,2,Right,0.288882114465052,0.5960613691428056,0.11505651639214227,0.6068950742483139,0.9168322077860345,0.0
556,train,9,20,96,147,194,184,194,0.0,0.0,1,760,False,2,Right,0.3296885071086175,0.573962546583719,0.0963489463076635,0.5850767716765404,0.9312663480293301,0.0
557,validation,9,20,70,122,187,177,187,0.064,-0.064,0,500,True,1,Left,0.645463224750331,0.044326529785131866,0.31021024546453707,0.44367484748363495,0.9024706697955274,0.1696650526671104
558,train,9,20,125,185,213,203,213,0.128,-0.128,0,1050,False,1,Left,0.9827047610098063,0.002765051454506573,0.01453018753568718,0.8898889273405075,0.9771204718148903,0.0
559,train,9,20,65,124,180,170,180,0.128,0.128,1,450,True,2,Right,0.0797086823357793,0.5306063623561732,0.38968495530804753,0.5835210923105478,0.9513108776909803,0.151552234923987
560,train,9,20,119,182,214,204,214,0.512,0.512,1,990,False,2,Right,0.002746088480224355,0.9039287619464016,0.09332514957337411,1.0013585314154625,0.9875609639147337,0.0
561,train,9,20,139,190,245,235,245,0.128,0.128,1,1190,True,2,Right,0.01731805890708725,0.695947803743209,0.28673413734970365,0.7591362148523331,0.9499385236058482,0.15199525660823077
562,train,9,20,120,179,237,227,237,0.064,0.064,1,1000,False,2,Right,0.05162590236208501,0.9249431150748503,0.02343098256306474,0.9004484266042709,0.9794982173428791,0.0
563,validation,9,20,62,113,150,140,150,0.128,-0.128,0,420,True,1,Left,0.708843430879926,0.03624425917313151,0.2549123099469426,0.3120686709880829,0.8422134291022905,0.199809460196621
564,train,9,20,127,201,240,230,240,0.032,-0.032,0,1070,True,1,Left,0.5203299015478574,0.15921952889287164,0.3204505695592709,0.6064052581787109,0.9119258658384293,0.1657591003796619
565,validation,9,20,101,159,220,210,220,0.0,0.0,1,810,False,2,Right,0.36139705613653617,0.5701247095648178,0.0684782342986461,0.46731026843190193,0.8773306467516325,0.0
566,train,9,20,134,194,236,226,236,0.032,0.032,1,1140,True,2,Right,0.11281510508388067,0.5156354410418936,0.3715494538742258,0.4634198769927025,0.8249776373996138,0.2102875002107028
567,train,9,20,128,178,230,220,230,0.064,0.064,1,1080,True,2,Right,0.07110427515704022,0.5579814619464196,0.3709142628965402,0.48204924538731575,0.8473944732460426,0.1968310211605962
568,train,9,20,118,170,227,217,227,0.128,0.128,1,980,False,2,Right,0.02479364668094556,0.932442864512254,0.04276348880680053,0.9360172003507614,0.9831333140970052,0.0
569,train,9,20,118,175,219,209,219,0.032,-0.032,0,980,True,1,Left,0.7192963177327701,0.022983923161311898,0.257719759105918,1.0634268760913983,0.9909097631724179,0.1401919762485187
570,train,9,20,92,153,209,199,209,0.256,-0.256,0,720,False,1,Left,0.9910682699491724,0.0025685031884310717,0.006363226862396573,0.9550249949097633,0.9887073070259372,0.0
571,validation,9,20,108,182,222,212,222,0.256,-0.256,0,880,True,1,Left,0.7924028695073596,0.005676782716078686,0.20192034777656165,1.0468073710799217,0.9912535239628878,0.1401045844395551
572,train,9,20,72,134,191,181,191,0.0,-0.0,0,520,False,1,Left,0.6714098957665365,0.2857881005817361,0.04280200365172743,0.14473074674606323,0.6752509619110838,0.0
573,train,9,20,76,140,189,179,189,0.032,0.032,1,560,True,2,Right,0.13524796366137082,0.4674511267292701,0.39730090960935927,0.371822252869606,0.8581011029712401,0.19091846910268162
574,train,9,20,94,162,185,175,185,0.032,0.032,1,740,True,2,Right,0.10082480222126973,0.6391381141282579,0.26003708365047234,0.4794727936387062,0.8920197607553476,0.17422549092578338
575,test,9,20,92,159,202,192,202,0.032,0.032,1,720,True,2,Right,0.1514840285637246,0.459684816427666,0.3888311550086094,0.1886429339647293,0.6696670882824889,0.34840037805009744
576,train,9,20,100,156,211,201,211,0.0,-0.0,0,800,True,3,Sure,0.26944179184253675,0.3627109320216081,0.36784727613585516,0.025200888514518738,0.4519424511901737,0.6262780710595937
577,train,9,20,74,142,168,158,168,0.064,0.064,1,540,True,2,Right,0.12153246996798125,0.5887713232223132,0.2896962068097057,0.4226658195257187,0.8883041289732493,0.17591044015262997
578,train,9,20,103,159,220,210,220,0.256,-0.256,0,830,True,1,Left,0.7266572808541452,0.010469833760141366,0.26287288538571346,0.9376754984259605,0.9859970554110007,0.14146076225261867
579,test,9,20,130,183,227,217,227,0.128,0.128,1,1100,False,2,Right,0.02442419611869957,0.944775899520154,0.030799904361146456,0.8309232108294964,0.9678406989955974,0.0
580,validation,9,20,79,147,166,156,166,0.064,-0.064,0,590,True,1,Left,0.8130210891412994,0.02890033491576609,0.1580785759429344,0.9011518284678459,0.9874358365971174,0.141085303212512
581,train,9,20,69,133,159,149,159,0.064,0.064,1,490,True,2,Right,0.11362329364694675,0.6102532302619827,0.27612347609107046,0.27600082010030746,0.8042677241610886,0.2240831499005867
582,train,9,20,103,173,220,210,220,0.512,-0.512,0,830,False,1,Left,0.9902555046363636,0.0010286120067521825,0.008715883356884179,1.0130104422569275,0.9902870857511098,0.0
583,train,9,20,104,173,218,208,218,0.064,-0.064,0,840,True,1,Left,0.7282214144367982,0.01853721320870855,0.25324137235449323,0.8682429790496826,0.9801825994535538,0.14301135932902664
584,train,9,20,107,171,219,209,219,0.064,0.064,1,870,True,2,Right,0.055072279916983304,0.5989680998767104,0.3459596202063063,0.5033281724900007,0.8881547077852436,0.17597891009979783
585,train,9,20,60,114,172,162,172,0.032,0.032,1,400,False,2,Right,0.4449026631655141,0.49161353537449265,0.06348380145999336,0.023656129837036133,0.5699892196291406,0.0
586,train,9,20,113,178,216,206,216,0.512,-0.512,0,930,True,1,Left,0.8166666882650067,0.0030852816720397477,0.1802480300629537,1.5154502168297768,0.9990637434000883,0.1381669205589945
587,train,9,20,65,125,166,156,166,0.0,-0.0,0,450,False,1,Left,0.6576885622474944,0.30653299706425935,0.0357784406882463,0.03426770865917206,0.5679933079824403,0.0
588,train,9,20,130,187,233,223,233,0.512,-0.512,0,1100,False,1,Left,0.9846354187389761,0.0007559376537338875,0.014608643607290075,1.2691183909773827,0.9961560600556151,0.0
589,validation,9,20,90,147,195,185,195,0.032,0.032,1,700,True,3,Sure,0.2650610731946903,0.36535112046032786,0.36958780634498184,0.09928320348262787,0.572419198903953,0.4701632569342987
590,train,9,20,61,117,156,146,156,0.032,-0.032,0,410,False,1,Left,0.8317535862632335,0.11291140118637169,0.05533501255039482,0.1819992959499359,0.740344386452074,0.0
591,validation,9,20,70,131,178,168,178,0.0,-0.0,0,500,True,1,Left,0.38330919424854326,0.26041976207216183,0.3562710436792949,0.10493412613868713,0.6365925246023738,0.38764632010289735
592,train,9,20,119,191,215,205,215,0.0,0.0,1,990,True,2,Right,0.3098839391572234,0.36214416903040436,0.3279718918123722,0.35594677925109863,0.7690961763177315,0.2506954229505706
593,train,9,20,97,170,184,174,184,0.064,-0.064,0,770,True,1,Left,0.9070166995538248,0.014074065832673094,0.07890923461350227,0.32456330955028534,0.788221265367656,0.23571639811153222
594,validation,9,20,88,156,207,197,207,0.512,-0.512,0,680,True,1,Left,0.7555774843927826,0.007351820384758188,0.23707069522245922,1.1998529210686684,0.9967420992231919,0.13873342530746796
595,train,9,20,83,152,192,182,192,0.512,-0.512,0,630,True,1,Left,0.7836456511237782,0.006792467318693325,0.20956188155752864,1.2604164420627058,0.9977199182849185,0.13849386117427365
596,train,9,20,106,161,205,195,205,0.0,-0.0,0,860,True,1,Left,0.6178636953356986,0.08309126475143457,0.2990450399128669,0.9474154487252235,0.9861575418252901,0.14141872211559986
597,train,9,20,62,133,176,166,176,0.512,0.512,1,420,False,2,Right,0.019219201274319697,0.9312856835384327,0.04949511518724771,0.8606425523757935,0.9875088883686467,0.0
598,train,9,20,99,154,215,205,215,0.128,0.128,1,790,False,2,Right,0.04225031821053929,0.9297180346483916,0.028031647141069045,0.8962352126836777,0.9836813623810421,0.0
599,train,9,20,95,160,196,186,196,0.032,0.032,1,750,False,2,Right,0.23740534504444297,0.7108906925056784,0.05170396244987864,0.5789616107940674,0.9301057934784226,0.0
600,train,9,20,80,138,180,170,180,0.032,0.032,1,600,True,2,Right,0.1641362213544823,0.44643379267583744,0.38942998596968026,0.30806620977818966,0.8081639974397454,0.22138431297072442
601,test,9,20,112,164,230,220,230,0.256,0.256,1,920,True,2,Right,0.01869762067629451,0.6738129564796129,0.30748942284409253,0.7186525873839855,0.9556268276050831,0.1501817772019669
602,train,9,20,62,112,162,152,162,0.128,-0.128,0,420,False,1,Left,0.9630771670943318,0.016801289765741818,0.020121543139926364,0.48145511746406555,0.9246351463863585,0.0
603,train,9,20,92,167,191,181,191,0.128,-0.128,0,720,True,1,Left,0.8445192730927216,0.010354850325290528,0.1451258765819879,0.9719511680305004,0.9895991042895729,0.14052683293798524
604,test,9,20,68,126,156,146,156,0.0,0.0,1,480,True,2,Right,0.275844420113839,0.38096248298019175,0.3431930969059692,0.029329851269721985,0.5531089211842547,0.49585492013777327
605,validation,9,20,112,165,206,196,206,0.256,-0.256,0,920,False,1,Left,0.983057828268981,0.0020122722572090894,0.014929899473809646,0.9342002421617508,0.9841531410866953,0.0
606,train,9,20,100,158,217,207,217,0.256,0.256,1,800,True,2,Right,0.01738124625378424,0.6802966859698485,0.3023220677763673,0.43955922685563564,0.863314245230369,0.18815515119344406
607,train,9,20,94,159,212,202,212,0.512,0.512,1,740,True,2,Right,0.007361245821011314,0.7271273514554583,0.2655114027235304,0.5626904033124447,0.9255612548150863,0.16047703116879014
608,test,9,20,63,135,179,169,179,0.064,-0.064,0,430,True,1,Left,0.6133345458637811,0.0863935649743679,0.30027188916185094,0.14399296045303345,0.697813345501595,0.31745376486028454
609,train,9,20,93,165,190,180,190,0.512,-0.512,0,730,True,1,Left,0.865019542369492,0.0034946731843222244,0.1314857844461858,1.3745618648827076,0.9985307764443485,0.13829626983963972
610,train,9,20,97,147,200,190,200,0.256,0.256,1,770,True,2,Right,0.017128342489288878,0.6675940773612588,0.3152775801494523,0.49242077209055424,0.8946356595901076,0.17305945946422585
611,train,9,20,102,155,200,190,200,0.256,-0.256,0,820,True,1,Left,0.757560490488236,0.009442345080536974,0.2329971644312269,1.075358347967267,0.9929169048879857,0.1396842521901877
612,train,9,20,115,174,223,213,223,0.0,-0.0,0,950,True,1,Left,0.389081842430908,0.25255574410339754,0.3583624134656944,0.14150269329547882,0.5492848316088141,0.5009535560485769
613,test,9,20,84,134,177,167,177,0.032,-0.032,0,640,True,1,Left,0.6216631745077302,0.08154925501443008,0.2967875704778397,0.08442014455795288,0.5722490456812103,0.47038887512133387
614,train,9,20,74,146,185,175,185,0.512,0.512,1,540,True,2,Right,0.010930806339745022,0.7181252975525326,0.27094389610772235,0.7529430910944939,0.9757863674599802,0.14421989013170644
615,train,9,20,65,118,154,144,154,0.064,-0.064,0,450,False,1,Left,0.7276979303144738,0.2213536952340578,0.050948374451468256,0.3185720443725586,0.8416527765757044,0.0
616,train,9,20,66,126,181,171,181,0.032,-0.032,0,460,True,1,Left,0.5584484323960346,0.11611726538387476,0.3254343022200906,0.0821526050567627,0.6217286527408415,0.4061435046510944
617,train,9,20,104,171,215,205,215,0.032,-0.032,0,840,False,1,Left,0.9629516660012054,0.03233160170105619,0.004716732297738361,0.5927846282720566,0.9274211261278079,0.0
618,train,9,20,81,152,199,189,199,0.128,0.128,1,610,True,2,Right,0.03479870276595315,0.6434535669764738,0.321747730257573,0.6429772253613919,0.9557072058499873,0.1501565796968789
619,train,9,20,116,170,225,215,225,0.512,0.512,1,960,True,2,Right,0.00408903460513627,0.7549398265925862,0.24097113880227758,0.7844817445147783,0.9659393060899802,0.1470437676274881
620,test,9,20,109,177,207,197,207,0.128,0.128,1,890,True,2,Right,0.022472705516067906,0.7461754845404223,0.23135180994350996,0.7004512683488429,0.9533125875538562,0.1509123447053392
621,train,9,20,96,171,206,196,206,0.128,-0.128,0,760,False,1,Left,0.9875367896173562,0.004737956707921242,0.007725253674722513,0.8214638233184814,0.9774183483761176,0.0
622,validation,9,20,133,192,221,211,221,0.256,-0.256,0,1130,True,1,Left,0.8505510413419426,0.0028913371403712037,0.14655762151768637,1.2692595440894365,0.9960178087688133,0.13891178690598338
623,test,9,20,97,163,212,202,212,0.064,0.064,1,770,False,2,Right,0.08325488713482236,0.8883039431278181,0.028441169737359523,0.802651010453701,0.9749932825883318,0.0
624,test,9,20,137,193,224,214,224,0.512,0.512,1,1170,False,2,Right,0.0018059352496065898,0.9115202868148475,0.0866737779355458,0.9784784838557243,0.9827912535472505,0.0
625,train,9,20,104,172,201,191,201,0.064,-0.064,0,840,False,1,Left,0.9753286921674118,0.014786709461432604,0.009884598371155696,0.7591814398765564,0.966602701561883,0.0
626,train,9,20,75,131,161,151,161,0.032,-0.032,0,550,False,1,Left,0.7682938607856644,0.16879541068195766,0.06291072853237781,0.13884016871452332,0.6608136224991676,0.0
627,train,9,20,73,129,191,181,191,0.128,-0.128,0,530,False,1,Left,0.9841516886368342,0.009054134976298086,0.006794176386867456,0.8169044405221939,0.9824095631244409,0.0
628,test,9,20,128,181,239,229,239,0.512,-0.512,0,1080,True,1,Left,0.7662396764555899,0.0038789679053737062,0.2298813556390364,1.3182558761909604,0.9970498674105693,0.1386578703815753
629,train,9,20,65,129,158,148,158,0.0,0.0,1,450,False,1,Left,0.5504318115023222,0.3925129527572548,0.05705523574042297,0.020097166299819946,0.5508344110695341,0.0
630,validation,9,20,124,182,224,214,224,0.064,-0.064,0,1040,True,1,Left,0.746065512660269,0.015131166480321086,0.2388033208594099,0.8484541960060596,0.9724237406904328,0.14516578670123614
631,train,9,20,111,168,218,208,218,0.128,0.128,1,910,True,2,Right,0.020980294282309176,0.6837640976164453,0.2952556081012455,0.6255768984556198,0.9324197520691683,0.15796994754645244
632,validation,9,20,132,207,244,234,244,0.512,0.512,1,1120,False,2,Right,0.0024228409124178963,0.8645374770434824,0.13303968204409974,0.9833381671924144,0.9841581979406816,0.0
633,train,9,20,111,186,209,199,209,0.032,0.032,1,910,True,2,Right,0.06723631179614585,0.6853316254415287,0.24743206276232543,0.6960567198693752,0.951235767181789,0.15157639082131624
634,train,9,20,72,145,189,179,189,0.256,-0.256,0,520,False,1,Left,0.9871310430098177,0.005532667602249926,0.007336289387932429,0.7681397870182991,0.9780137586174789,0.0
635,validation,9,20,70,143,180,170,180,0.128,0.128,1,500,True,2,Right,0.05636098947720878,0.6239222250221442,0.31971678550064697,0.6201629731804132,0.956567554246687,0.14988761054535182
636,test,9,20,71,137,162,152,162,0.032,-0.032,0,510,False,1,Left,0.7150908779876983,0.23871694019004286,0.04619218182225873,0.4568299204111099,0.907001772137821,0.0
637,train,9,20,94,163,197,187,197,0.032,-0.032,0,740,True,1,Left,0.7214788685585172,0.03510862125640196,0.24341251018508095,0.6057022213935852,0.9388748731677315,0.15569817993819846
638,train,9,20,80,136,173,163,173,0.512,-0.512,0,600,False,1,Left,0.9772732734204406,0.0032517311643351482,0.019474995415224183,1.153191864490509,0.9962810492349634,0.0
639,train,9,20,120,174,217,207,217,0.256,0.256,1,1000,False,2,Right,0.011193388562508639,0.9171005764899455,0.071706034947546,0.9831293374300003,0.9862487007008579,0.0
640,train,9,20,125,190,225,215,225,0.064,-0.064,0,1050,False,1,Left,0.9875820962927081,0.006006195469235454,0.006411708238056317,0.8563636168837547,0.9731335549985088,0.0
641,train,9,20,106,165,200,190,200,0.512,0.512,1,860,False,2,Right,0.004319530455057058,0.9173102685851646,0.07837020095977856,1.0377041026949883,0.9910729515973425,0.0
642,test,9,20,76,143,173,163,173,0.512,-0.512,0,560,False,1,Left,0.9788343951018478,0.0034936383808165635,0.01767196651733568,1.1200957894325256,0.9958322185504881,0.0
643,train,9,20,103,164,189,179,189,0.128,0.128,1,830,True,2,Right,0.021054168882991085,0.7776461219808228,0.20129970913618617,0.7053161486983299,0.9574137784137772,0.14962437099363707
644,test,9,20,97,171,202,192,202,0.128,-0.128,0,770,False,1,Left,0.9860264524168523,0.0050044289737237865,0.00896911860942415,0.6094888597726822,0.9378592473091714,0.0
645,train,9,20,119,181,235,225,235,0.512,-0.512,0,990,False,1,Left,0.989348018186153,0.0007493415713074229,0.009902640242539505,1.0254268869757652,0.9889329767486623,0.0
646,train,9,20,61,136,177,167,177,0.128,-0.128,0,410,False,1,Left,0.9775543618886454,0.013091009224691105,0.009354628886663616,0.6836492121219635,0.9710435907436072,0.0
647,train,9,20,109,168,213,203,213,0.0,-0.0,0,890,False,2,Right,0.20248056112152976,0.7299883885286093,0.067531050349861,0.554817071184516,0.9089519787398975,0.0
648,train,9,20,139,214,252,242,252,0.0,0.0,1,1190,False,1,Left,0.6182398448924707,0.29324719228718393,0.08851296282034535,0.8813081979751587,0.9718985070938546,0.0
649,test,9,20,123,188,225,215,225,0.128,0.128,1,1030,True,2,Right,0.02150392226584622,0.7254323405164065,0.2530637372177472,0.8796808049082756,0.9765308986250042,0.14401299215051422
650,train,9,20,108,159,201,191,201,0.256,-0.256,0,880,False,1,Left,0.9833446898145193,0.0024081306349945956,0.01424717955048616,0.9717281609773636,0.9874005570663333,0.0
651,train,9,20,118,182,208,198,208,0.064,0.064,1,980,False,2,Right,0.040697742952063534,0.943978197928643,0.015324059119293562,0.8018731325864792,0.9679007580676369,0.0
652,validation,9,20,101,166,208,198,208,0.032,-0.032,0,810,True,3,Sure,0.3261125257247671,0.3271249066482506,0.3467625676269822,0.3552367836236954,0.8048247130684085,0.22369435993776488
653,train,9,20,64,126,154,144,154,0.128,0.128,1,440,False,2,Right,0.19780401896332347,0.7930134562941126,0.009182524742563971,0.6094339340925217,0.9573753048157738,0.0
654,train,9,20,99,159,202,192,202,0.064,-0.064,0,790,True,1,Left,0.7179054427595022,0.02440896299060039,0.2576855942498974,0.16536325216293335,0.6243158716245326,0.4028904671649378
655,train,9,20,113,174,224,214,224,0.0,-0.0,0,930,False,2,Right,0.20951336164459114,0.7170863088780635,0.0734003294773454,0.06951823830604553,0.4670981812610054,0.0
656,train,9,20,120,170,205,195,205,0.512,-0.512,0,1000,True,1,Left,0.8263238595548463,0.0027863548534149095,0.17088978559173876,1.675444908440113,0.9995356546937879,0.13805273579004945
657,train,9,20,82,138,183,173,183,0.512,-0.512,0,620,False,1,Left,0.9824757647467356,0.002475948494057286,0.015048286759207075,1.1400470435619354,0.995937518626751,0.0
658,validation,9,20,94,156,185,175,185,0.032,0.032,1,740,False,2,Right,0.3528368947335148,0.5826539279101347,0.06450917735635052,0.24842500686645508,0.7263741317673141,0.0
659,validation,9,20,62,123,157,147,157,0.0,-0.0,0,420,True,2,Right,0.24611470071722508,0.3884037022090542,0.36548159707372074,0.11114203929901123,0.6654220717884176,0.35327319991280737
660,test,9,20,89,151,174,164,174,0.0,0.0,1,690,False,1,Left,0.5716198390260419,0.39414861806666146,0.03423154290729656,0.0957273542881012,0.571093125514092,0.0
661,validation,9,20,117,170,209,199,209,0.512,0.512,1,970,True,2,Right,0.003896041802508375,0.7710773332871212,0.22502662491037034,0.8832433633506298,0.9785040303249233,0.14346907953043142
662,validation,9,20,99,165,212,202,212,0.128,-0.128,0,790,False,1,Left,0.9892639006008739,0.004630578470011624,0.006105520929114505,0.848939374089241,0.9794998420091628,0.0
663,train,9,20,63,115,158,148,158,0.128,0.128,1,430,True,2,Right,0.07964800608988117,0.5522342250196055,0.36811776889051345,0.6647098083049059,0.9675608179060469,0.1465674023369602
664,train,9,20,134,188,226,216,226,0.512,-0.512,0,1140,True,1,Left,0.8294510490723462,0.001957745756108401,0.1685912051715453,1.480198796838522,0.9985666579260761,0.1382875484696781
665,validation,9,20,84,153,175,165,175,0.512,-0.512,0,640,False,1,Left,0.9774021984323656,0.0029519496365853336,0.019645851931049074,1.1658670529723167,0.9963327680738523,0.0
666,train,9,20,101,176,194,184,194,0.0,-0.0,0,810,False,1,Left,0.6756787993724067,0.27120664953586104,0.053114551091732166,0.8025302439928055,0.9737750851624771,0.0
667,validation,9,20,127,191,217,207,217,0.512,-0.512,0,1070,True,1,Left,0.8751483565231645,0.0015785958758619382,0.12327304760097368,1.601885862648487,0.9992749912954941,0.13811576633798572
668,train,9,20,68,138,158,148,158,0.0,-0.0,0,480,False,1,Left,0.6662244048860152,0.2927333103082871,0.041042284805697646,0.356000080704689,0.8603632835682564,0.0
669,train,9,20,114,181,207,197,207,0.512,-0.512,0,940,False,1,Left,0.9818049117426453,0.001091922972658178,0.017103165284696527,1.114089921116829,0.9932307585041461,0.0
670,train,9,20,136,186,238,228,238,0.256,0.256,1,1160,False,2,Right,0.00846614081880443,0.8889946369051589,0.10253922227603667,0.9691123515367508,0.9822073105055134,0.0
671,test,9,20,127,191,215,205,215,0.128,0.128,1,1070,True,2,Right,0.01714334279104065,0.8028828554489648,0.1799738017599946,0.6783601269125938,0.9364890108803776,0.15652808452617778
672,train,9,20,83,153,179,169,179,0.128,0.128,1,630,False,2,Right,0.06872210450972938,0.9180893934922001,0.0131885019980706,0.8902955651283264,0.9861113757702428,0.0
673,train,9,20,111,183,212,202,212,0.512,-0.512,0,910,False,1,Left,0.9847882132245767,0.001072899196714662,0.014138887578708676,1.117570087313652,0.99357964125499,0.0
674,train,9,20,81,131,194,184,194,0.128,-0.128,0,610,False,1,Left,0.9855427150521798,0.006722038535697854,0.007735246412122207,0.7727077901363373,0.9760851757004939,0.0
675,train,9,20,88,159,175,165,175,0.032,-0.032,0,680,False,1,Left,0.7405091495612162,0.2170777067087981,0.0424131437299857,0.4627566784620285,0.8910721850933602,0.0
676,test,9,20,108,165,197,187,197,0.0,0.0,1,880,False,1,Left,0.9339750990243454,0.04408276220449562,0.021942138771159046,0.8841263651847839,0.9807536167425195,0.0
677,train,9,20,95,159,194,184,194,0.032,-0.032,0,750,False,1,Left,0.5976172492662327,0.35337601350411696,0.04900673722965027,0.5308329313993454,0.9130802737448812,0.0
678,train,9,20,65,120,150,140,150,0.256,-0.256,0,450,True,1,Left,0.7705453104684393,0.019604883498906798,0.20984980603265385,1.196912758052349,0.9974932061835344,0.13854927970081404
679,validation,9,20,117,184,232,222,232,0.512,0.512,1,970,True,2,Right,0.003679669835497869,0.7829568165612835,0.21336351360321865,0.85727958381176,0.9756503855655602,0.1442577769430986
680,train,9,20,95,163,181,171,181,0.064,0.064,1,750,False,2,Right,0.2529158740065944,0.7257437919663293,0.021340334027076226,0.8078342899680138,0.9761740341967462,0.0
681,train,9,20,120,180,222,212,222,0.064,-0.064,0,1000,True,1,Left,0.7499396704728106,0.013859703930235345,0.23620062559695415,0.9099751636385918,0.9804174100947106,0.14294769360174842
682,train,9,20,128,198,241,231,241,0.0,0.0,1,1080,False,2,Right,0.17778848233211844,0.7560083652448542,0.06620315242302746,0.45610511302948,0.8301703953075286,0.0
683,train,9,20,104,166,196,186,196,0.512,-0.512,0,840,True,1,Left,0.8413317295006802,0.003199109256774791,0.1554691612425449,1.426816988736391,0.998702077282568,0.1382546503674345
684,train,9,20,110,161,205,195,205,0.0,0.0,1,900,False,2,Right,0.38791076459909946,0.4493845869650401,0.16270464843586047,0.17377279698848724,0.6026732515210065,0.0
685,train,9,20,83,145,176,166,176,0.512,0.512,1,630,True,2,Right,0.010768355983591337,0.7686937395113504,0.22053790450505817,0.7106847241520882,0.9670797931229483,0.14670824297204454
686,validation,9,20,127,195,227,217,227,0.032,0.032,1,1070,True,2,Right,0.06227546023788892,0.6374256499828095,0.3002988897793017,0.5804342143237591,0.9011236997764145,0.17023827635870542
687,train,9,20,87,154,195,185,195,0.064,-0.064,0,670,True,1,Left,0.672217435393548,0.05003483225156811,0.2777477323548839,0.3358859568834305,0.8161421284495959,0.21600861605070676
688,train,9,20,137,201,228,218,228,0.064,0.064,1,1170,False,2,Right,0.049252013519077334,0.9314397614078525,0.019308225073070246,0.9110136106610298,0.9761886896743119,0.0
689,train,9,20,128,187,232,222,232,0.512,0.512,1,1080,True,2,Right,0.0029765182875011293,0.7909920225039214,0.2060314592085774,0.7865234762430191,0.9612208719254657,0.14845605043116272
690,train,9,20,126,192,227,217,227,0.128,0.128,1,1060,False,2,Right,0.020241186936365473,0.9415041479976288,0.03825466506600565,0.7332327160984278,0.9513204942105481,0.0
691,validation,9,20,132,207,245,235,245,0.256,-0.256,0,1120,True,1,Left,0.8184091013077561,0.003173767114127904,0.17841713157811606,1.1572285816073418,0.9931967778209476,0.1396139406023913
692,train,9,20,130,198,229,219,229,0.0,0.0,1,1100,True,2,Right,0.29152432740990447,0.3571337577199708,0.3513419148701248,0.4676598757505417,0.8347258478696509,0.2042523773113396
693,train,9,20,70,132,156,146,156,0.064,-0.064,0,500,False,1,Left,0.9230364446126454,0.03906714549130684,0.037896409896047666,0.697184607386589,0.9698391314163182,0.0
694,train,9,20,86,149,174,164,174,0.032,0.032,1,660,True,2,Right,0.13444563556218714,0.5771331931696599,0.2884211712681529,0.30146585032343864,0.7913959348646165,0.23334796508702915
695,train,9,20,124,181,230,220,230,0.512,0.512,1,1040,True,2,Right,0.003517504893870934,0.774587477353927,0.22189501775220205,0.7571467664092779,0.9574748579767766,0.14960542091749196
696,train,9,20,68,121,153,143,153,0.256,0.256,1,480,True,2,Right,0.04504219722406817,0.6989683955043111,0.25598940727162084,0.5626743342727423,0.9444746684234687,0.15379443362345852
697,train,9,20,138,210,244,234,244,0.256,0.256,1,1180,False,2,Right,0.00809091997675352,0.8881686442309474,0.10374043579229912,0.9139575511217117,0.9762446273726838,0.0
698,train,9,20,124,177,219,209,219,0.0,-0.0,0,1040,True,2,Right,0.19861688981694386,0.41651731117045704,0.38486579901259915,0.2430821880698204,0.6429944872382616,0.37983184806633646
699,validation,9,20,111,166,224,214,224,0.256,-0.256,0,910,False,1,Left,0.9903567637419481,0.0014452940369983046,0.008197942221053554,0.9433346763253212,0.9850170661723393,0.0
700,train,9,20,111,166,206,196,206,0.0,0.0,1,910,True,2,Right,0.13841917411747592,0.4794448310237849,0.3821359948587391,0.0894937515258789,0.4976154286208318,0.5691447671107389
701,train,9,20,114,173,213,203,213,0.128,0.128,1,940,True,2,Right,0.021201998872207348,0.7040834723401371,0.2747145287876557,0.6703093647956848,0.9431114500520364,0.1542522469520401
702,train,9,20,103,167,213,203,213,0.0,-0.0,0,830,True,3,Sure,0.26938121542030025,0.36185817167487355,0.36876061290482626,8.466839790344238e-05,0.41280082140789226,0.6711624310019071
703,train,9,20,77,133,164,154,164,0.512,-0.512,0,570,True,1,Left,0.8019293395945921,0.0083217136218354,0.18974894678357251,1.3494279980659485,0.9986291418416932,0.138272365601875
704,validation,9,20,74,145,189,179,189,0.128,0.128,1,540,False,2,Right,0.0690267238227719,0.9098998675801768,0.021073408597051244,0.8121590800583363,0.9817877615370587,0.0
705,train,9,20,90,149,198,188,198,0.0,-0.0,0,700,True,2,Right,0.15919133025900728,0.4409518190376824,0.39985685070331034,0.15794579684734344,0.6410588261313315,0.3821843261188869
706,test,9,20,60,119,169,159,169,0.128,0.128,1,400,True,2,Right,0.07944296532961312,0.5368171511216582,0.3837398835487286,0.6278717890381813,0.9626938418780225,0.14801096686022963
707,test,9,20,130,202,238,228,238,0.256,-0.256,0,1100,False,1,Left,0.989171175632991,0.001049574440166896,0.009779249926842244,0.8294788151979446,0.9676190714518601,0.0
708,train,9,20,112,171,224,214,224,0.032,0.032,1,920,True,2,Right,0.14004027113116752,0.46270826703716555,0.397251461831667,0.4101884365081787,0.825507440236621,0.20995209343880283
709,train,9,20,64,114,166,156,166,0.128,-0.128,0,440,True,1,Left,0.6706649618018787,0.039258559621022746,0.2900764785770985,0.633139967918396,0.9618832615185591,0.14825542221249122
710,train,9,20,101,172,216,206,216,0.0,0.0,1,810,False,1,Left,0.5490856113889407,0.38888572456836845,0.062028664042690904,0.40270939469337463,0.8388883039032348,0.0
711,train,9,20,135,192,241,231,241,0.064,-0.064,0,1150,True,1,Left,0.7408355301330172,0.01168266719224176,0.24748180267474104,1.0148836579173803,0.9859081181904624,0.14148407712524652
712,train,9,20,79,143,189,179,189,0.064,0.064,1,590,True,2,Right,0.0950707342406181,0.5244687646170572,0.3804605011423248,0.45749394223093987,0.8988382208321845,0.17122065440907608
713,train,9,20,97,154,207,197,207,0.128,0.128,1,770,True,2,Right,0.029144358157405237,0.6442165579349364,0.3266390839076584,0.5068489573895931,0.9011336052632658,0.17023404541073917
714,train,9,20,69,135,177,167,177,0.064,-0.064,0,490,True,1,Left,0.5043284565135504,0.16728412604304568,0.328387417443404,0.09907437860965729,0.6327120248038324,0.39242922296781485
715,train,9,20,104,166,217,207,217,0.256,-0.256,0,840,True,1,Left,0.7512838829902753,0.008245124574716961,0.2404709924350079,1.0458517745137215,0.9916229445169163,0.14001086999634388
716,train,9,20,138,205,241,231,241,0.512,0.512,1,1180,True,2,Right,0.0027204779068286276,0.8179809419880726,0.17929858010509864,0.8561454117298126,0.968685195759539,0.14623974522723215
717,test,9,20,138,188,235,225,235,0.032,-0.032,0,1180,True,1,Left,0.7118319559297577,0.0233240691860737,0.2648439748841687,1.0675342753529549,0.9886877526191281,0.14076122655324275
718,train,9,20,76,142,195,185,195,0.032,-0.032,0,560,True,1,Left,0.5065775383450859,0.14960080008402127,0.3438216615708928,0.3338770717382431,0.8338505103400696,0.20478261267880332
719,train,9,20,85,155,179,169,179,0.128,0.128,1,650,True,2,Right,0.03344695948709495,0.7668084605342866,0.19974457997861841,0.7739696018397808,0.975084374671009,0.1444158055265416
720,train,9,20,66,136,168,158,168,0.0,-0.0,0,460,True,2,Right,0.21356147589740093,0.4241400359575434,0.3622984881450556,0.16707082837820053,0.713844850343493,0.3009484868235952
721,train,9,20,91,141,210,200,210,0.0,-0.0,0,710,False,2,Right,0.40671074686833497,0.4182628530557323,0.17502640007593273,0.09921911358833313,0.5693887831610212,0.0
722,train,9,20,76,127,184,174,184,0.064,-0.064,0,560,False,1,Left,0.9491569436237531,0.03324096632233122,0.017602090053915657,0.6545731723308563,0.9604137852308307,0.0
723,train,9,20,78,146,164,154,164,0.128,-0.128,0,580,True,1,Left,0.8558620818909686,0.014169845984923286,0.12996807212410807,0.9389944337308407,0.9896693469828397,0.14050882003843607
724,test,9,20,89,152,183,173,183,0.512,-0.512,0,690,True,1,Left,0.8234005340493173,0.005024635506844904,0.1715748304438377,1.4279310647398233,0.9989224625601053,0.13820116846212682
725,train,9,20,107,175,214,204,214,0.0,-0.0,0,870,False,2,Right,0.393615164532747,0.4645548888365759,0.14182994663067713,0.019742995500564575,0.4245722767961517,0.0
726,test,9,20,128,181,239,229,239,0.0,0.0,1,1080,True,3,Sure,0.23779796117094304,0.38056172094244956,0.3816403178866074,0.10504268109798431,0.4655336337542983,0.6097372978431729
727,validation,9,20,110,160,225,215,225,0.256,0.256,1,900,True,2,Right,0.01652142571679241,0.6815618403452164,0.30191673393799123,0.5688189985230565,0.9135401418514014,0.16511249626324342
728,train,9,20,117,183,202,192,202,0.064,-0.064,0,970,False,1,Left,0.9727163591983505,0.010907227286712404,0.016376413514937287,0.7672620043158531,0.9626117414307599,0.0
729,train,9,20,133,202,219,209,219,0.512,0.512,1,1130,True,2,Right,0.002205110692231235,0.8770046927237614,0.12079019658400751,1.0099229700863361,0.9859044659188286,0.14148503483232666
730,train,9,20,61,131,146,136,146,0.256,-0.256,0,410,True,1,Left,0.8620076138147448,0.016094454815102365,0.12189793137015262,1.2071558833122253,0.9977279358323,0.13849190271437234
731,validation,9,20,71,144,181,171,181,0.064,0.064,1,510,True,2,Right,0.11036448905446625,0.5251471479390917,0.364488363006442,0.567297138273716,0.9437649353225559,0.15403233612302103
732,train,9,20,107,158,204,194,204,0.032,-0.032,0,870,False,1,Left,0.9454014774936107,0.036304710901721104,0.018293811604668253,0.4764377772808075,0.8743417440510516,0.0
733,test,9,20,108,177,224,214,224,0.128,-0.128,0,880,False,1,Left,0.9913734813789757,0.0031582340278745015,0.005468284593149773,0.978863924741745,0.9878293692635131,0.0
734,validation,9,20,137,189,246,236,246,0.032,0.032,1,1170,True,2,Right,0.11128152938953953,0.49192183822773616,0.3967966323827244,0.5833535296842456,0.8912488211841376,0.17457230988199135
735,train,9,20,84,149,169,159,169,0.0,0.0,1,640,True,2,Right,0.17052823937462905,0.6034114715766578,0.2260602890487132,0.3146878182888031,0.8057201263834649,0.2230714296529906
736,validation,9,20,104,166,191,181,191,0.512,0.512,1,840,False,2,Right,0.006301164562067023,0.9677502252715031,0.02594861016642966,0.9777413234114647,0.9883322545323083,0.0
737,train,9,20,71,135,175,165,175,0.128,0.128,1,510,True,2,Right,0.0643982465730575,0.5922849789483797,0.3433167744785629,0.4788298715138808,0.9157271833267967,0.16424571263435084
738,train,9,20,68,142,186,176,186,0.128,0.128,1,480,True,2,Right,0.047794527467223846,0.6158941813363827,0.33631129119639347,0.43927809223532677,0.9026911942179301,0.16957160921817316
739,validation,9,20,100,150,200,190,200,0.0,0.0,1,800,True,1,Left,0.3864234270901209,0.26198299341387704,0.35159357949600206,0.08270430564880371,0.5224133260494646,0.5366789066499832
740,train,9,20,116,181,208,198,208,0.064,-0.064,0,960,True,1,Left,0.8394697836559419,0.00861960726762743,0.15191060907643064,0.9243688881397247,0.9825751982318705,0.14236678683880216
741,train,9,20,69,131,174,164,174,0.256,-0.256,0,490,True,1,Left,0.7333792679939718,0.01807709423448915,0.24854363777153904,1.048011191189289,0.9945485182872786,0.13927600662940925
742,train,9,20,93,146,204,194,204,0.512,0.512,1,730,False,2,Right,0.004787089529856863,0.8979783443068495,0.09723456616329353,0.9650891870260239,0.9891172786582051,0.0
743,validation,9,20,85,143,175,165,175,0.256,0.256,1,650,True,2,Right,0.021730882377041284,0.7211045574820419,0.2571645601409169,0.6694278717041016,0.9590413299175976,0.14912172287858638
744,validation,9,20,137,208,248,238,248,0.128,0.128,1,1170,True,2,Right,0.019252377070233202,0.7257871821568582,0.25496044077290864,0.7306636273860931,0.9441364521506743,0.15390768223105328
745,train,9,20,112,181,199,189,199,0.032,0.032,1,920,True,2,Right,0.1494435034073277,0.5865632546884316,0.2639932419042406,0.6013873666524887,0.9236889945847457,0.16117853190231385
746,train,9,20,130,181,244,234,244,0.032,-0.032,0,1100,True,1,Left,0.616551969446295,0.06752952310109274,0.3159185074526123,0.21326327323913574,0.5913474466175718,0.44521651589082983
747,train,9,20,98,156,188,178,188,0.128,-0.128,0,780,True,1,Left,0.7842303054323706,0.013150007176407543,0.2026196873912219,1.0428037587553263,0.9920862135769869,0.13989364130073073
748,train,9,20,103,177,188,178,188,0.512,-0.512,0,830,True,1,Left,0.9410922964117925,0.001901505638273604,0.057006197949934126,1.4265294764190912,0.9987158000449784,0.13825131812660807
749,validation,9,20,120,193,220,210,220,0.064,0.064,1,1000,True,2,Right,0.02558501403380085,0.7642793954444853,0.2101355905217138,0.6539122201502323,0.9343302021483484,0.15728884174496444
750,train,9,20,129,201,228,218,228,0.0,0.0,1,1090,True,2,Right,0.18620665373246342,0.4665468153114102,0.34724653095612645,0.23621921241283417,0.6211392007223572,0.40688651137465626
751,train,9,20,66,125,162,152,162,0.0,0.0,1,460,True,3,Sure,0.3340026089582049,0.3222770059235266,0.3437203851182685,0.1498262882232666,0.6962284072995332,0.3191309180507229
752,validation,9,20,88,158,182,172,182,0.512,0.512,1,680,False,2,Right,0.00884973168282661,0.9591585185355823,0.03199174978159093,0.944401953369379,0.9886628584654791,0.0
753,train,9,20,78,152,191,181,191,0.064,0.064,1,580,True,2,Right,0.07882457976933513,0.5704905400726321,0.3506848801580326,0.40348541736602783,0.8733678770292725,0.18303343521165183
754,train,9,20,137,202,222,212,222,0.064,0.064,1,1170,True,2,Right,0.02786405534564616,0.8161946955534047,0.15594124910094923,0.7883734293282032,0.9573405990722695,0.14964708395609505
755,validation,9,20,65,117,177,167,177,0.0,0.0,1,450,True,3,Sure,0.29206676886696775,0.3478811899596658,0.36005204117336637,0.02100907266139984,0.5519427247859978,0.49740973649308573
756,train,9,20,65,125,150,140,150,0.512,-0.512,0,450,False,1,Left,0.963100304809043,0.007093962488211485,0.029805732702745624,0.9861696660518646,0.9929717875455527,0.0
757,train,9,20,94,168,194,184,194,0.032,-0.032,0,740,False,1,Left,0.9465029840025949,0.03638604601023994,0.017110969987165093,0.42406319081783295,0.862864594242136,0.0
758,train,9,20,116,180,215,205,215,0.128,0.128,1,960,True,2,Right,0.02249923255105677,0.7243636763919652,0.253137091056978,0.7081467842217535,0.9511952012610584,0.15158944139707664
759,train,9,20,126,199,217,207,217,0.256,0.256,1,1060,True,2,Right,0.008779447089968162,0.8457290871352532,0.1454914657747787,0.783712855540216,0.9616030388771818,0.14834020255090752
760,train,9,20,104,175,209,199,209,0.256,-0.256,0,840,True,1,Left,0.8121062631822454,0.005567151325270762,0.18232658549248376,1.2567689027637243,0.9970120415537436,0.13866714881772357
761,test,9,20,69,128,174,164,174,0.0,-0.0,0,490,False,1,Left,0.5539903869789399,0.38353518159405603,0.06247443142700411,0.14276254177093506,0.6810340161348797,0.0
762,test,9,20,85,135,204,194,204,0.128,-0.128,0,650,True,1,Left,0.6806040199177064,0.02383340050514751,0.2955625795771461,0.6408639699220657,0.9531590515267827,0.15096116256924375
763,test,9,20,136,187,249,239,249,0.0,-0.0,0,1160,False,2,Right,0.28469362816511345,0.6221999839156005,0.09310638791928615,0.45750169083476067,0.8171643857982723,0.0
764,train,9,20,80,132,194,184,194,0.0,0.0,1,600,False,2,Right,0.42693387298373475,0.5083090193471244,0.06475710766914093,0.527460128068924,0.9252628295210598,0.0
765,train,9,20,72,141,170,160,170,0.064,-0.064,0,520,True,1,Left,0.6880086791126461,0.06379789163725616,0.24819342925009774,0.6465015560388565,0.9607380614333411,0.14860277815423617
766,validation,9,20,96,153,193,183,193,0.128,0.128,1,760,False,2,Right,0.03572951032870099,0.9433455209407366,0.020924968730562384,0.8829670622944832,0.9832088362409732,0.0
767,validation,9,20,66,116,161,151,161,0.0,-0.0,0,460,True,3,Sure,0.31064200405325504,0.3357846382025724,0.3535733577441725,0.1170177310705185,0.661099819562692,0.35828691384362377
768,test,9,20,122,189,234,224,234,0.064,0.064,1,1020,False,2,Right,0.04481364023029043,0.9348590841692417,0.02032727560046798,0.8400351703166962,0.9719572389507132,0.0
769,train,9,20,113,177,232,222,232,0.064,0.064,1,930,True,2,Right,0.07937430977918848,0.538774513852297,0.3818511763685145,0.49983615800738335,0.8789514746755994,0.18030397374280233
770,train,9,20,130,183,217,207,217,0.0,-0.0,0,1100,True,2,Right,0.23909286146700923,0.39176942026446393,0.3691377182685268,0.006082773208618164,0.34334388789252357,0.738898038801433
771,validation,9,20,79,129,196,186,196,0.512,-0.512,0,590,True,1,Left,0.7094264543336779,0.013710995747787003,0.27686254991853515,1.1165203172713518,0.9956031501638439,0.13901425002069745
772,train,9,20,84,138,191,181,191,0.0,-0.0,0,640,True,3,Sure,0.24466541420974317,0.3755225306806866,0.3798120551095702,0.0070981234312057495,0.4777938672546055,0.5944578590875578
773,train,9,20,91,143,208,198,208,0.032,0.032,1,710,False,2,Right,0.19747744112103524,0.7320617939951696,0.07046076488379518,0.5768314581364393,0.9325207644318232,0.0
774,train,9,20,120,183,208,198,208,0.128,-0.128,0,1000,True,1,Left,0.8541498151033757,0.005760416195699119,0.14008976870092538,1.167901523411274,0.9944070513035572,0.13931124476963086
775,test,9,20,84,151,202,192,202,0.512,-0.512,0,640,True,1,Left,0.7503547066617043,0.008337800595426968,0.24130749274286867,1.1607781872153282,0.9962402665617822,0.1388569223518452
776,train,9,20,69,129,188,178,188,0.032,-0.032,0,490,True,1,Left,0.44084804958455825,0.1963183421016142,0.3628336083138275,0.04479445517063141,0.568851955994822,0.47489709249323003
777,train,9,20,109,180,225,215,225,0.128,-0.128,0,890,True,1,Left,0.7573812796070214,0.009854339719637385,0.2327643806733412,0.9594870284199715,0.9864699763977605,0.14133699404905903
778,train,9,20,110,182,217,207,217,0.0,0.0,1,900,True,2,Right,0.19304168354120918,0.43505009801991534,0.3719082184388755,0.05109530687332153,0.45359623008896244,0.6242893534441236
779,train,9,20,95,165,182,172,182,0.032,0.032,1,750,False,2,Right,0.2714185925454481,0.6712621527499489,0.05731925470460304,0.5624731834977865,0.9246520565232225,0.0
780,train,9,20,119,179,236,226,236,0.032,0.032,1,990,False,2,Right,0.11704951468993044,0.8391386156136338,0.043811869696435565,0.6995846088975668,0.9474323352814923,0.0
781,train,9,20,72,122,160,150,160,0.0,0.0,1,520,True,3,Sure,0.3140551897633759,0.33576317463592925,0.35018163560069493,0.05544935166835785,0.5728170628791034,0.46963577571543225
782,train,9,20,75,140,176,166,176,0.512,-0.512,0,550,False,1,Left,0.980478153046412,0.00356449996778451,0.015957346985803533,1.063430167734623,0.994567065176023,0.0
783,train,9,20,88,142,188,178,188,0.064,-0.064,0,680,False,1,Left,0.965713611134808,0.021207455735606617,0.013078933129585423,0.5904736816883087,0.9387317654734678,0.0
784,train,9,20,136,189,252,242,252,0.128,-0.128,0,1160,True,1,Left,0.7283194929409822,0.009750009122598196,0.2619304979364197,0.8964789621531963,0.9747692141596807,0.14450402745934088
785,train,9,20,61,130,163,153,163,0.256,0.256,1,410,True,2,Right,0.04147572413615323,0.6735132574443725,0.28501101841947424,0.7425699606537819,0.9781632579109041,0.14356256197394474
786,validation,9,20,118,183,231,221,231,0.512,-0.512,0,980,False,1,Left,0.988391327638452,0.0007999741753418211,0.010808698186205999,1.1685063168406487,0.9945556773432387,0.0
787,validation,9,20,108,176,211,201,211,0.064,0.064,1,880,False,2,Right,0.0724871204286642,0.9022551179233076,0.025257761648028083,0.8588115144520998,0.9782598686942022,0.0
788,test,9,20,78,147,196,186,196,0.256,-0.256,0,580,True,1,Left,0.7315632616509025,0.014424246216929596,0.2540124921321678,0.8245141059160233,0.9820096317997133,0.14251832396143288
789,test,9,20,83,143,202,192,202,0.0,-0.0,0,630,False,2,Right,0.2834182257072714,0.644047044237554,0.0725347300551747,0.5534203890711069,0.9313419062980955,0.0
790,train,9,20,74,132,159,149,159,0.0,0.0,1,540,True,1,Left,0.43931587666951366,0.26882788023850374,0.2918562430919826,0.10277724266052246,0.6228787415880365,0.4046957887127497
791,train,9,20,74,129,172,162,172,0.256,0.256,1,540,False,2,Right,0.033745541561281046,0.9435054887878639,0.022748969650855162,0.8484897129237652,0.9847196497758514,0.0
792,train,9,20,139,194,234,224,234,0.256,0.256,1,1190,True,2,Right,0.009053688061324384,0.7613004781663133,0.22964583377236242,0.7364818304777145,0.9443720699542445,0.15382876443048626
793,validation,9,20,107,169,219,209,219,0.064,0.064,1,870,True,2,Right,0.0415330601267321,0.6246214366049548,0.3338455032683131,0.6477391086518764,0.9416723985627563,0.15473944535775946
794,test,9,20,129,203,243,233,243,0.128,-0.128,0,1090,True,1,Left,0.790643583696724,0.006041907613970791,0.2033145086893052,1.1834476827643812,0.9942255714448462,0.1393564936554309
795,train,9,20,89,142,181,171,181,0.256,0.256,1,690,True,2,Right,0.0197826140155195,0.685926698577294,0.29429068740718645,0.6758503541350365,0.9583816455734023,0.14932488179322922
796,train,9,20,137,192,227,217,227,0.032,0.032,1,1170,False,2,Right,0.06688792721299582,0.9106598939963113,0.02245217879069271,0.7227213140577078,0.9420421856582946,0.0
797,validation,9,20,119,193,222,212,222,0.064,-0.064,0,990,True,1,Left,0.8193941060285956,0.010341721746732308,0.17026417222467216,1.0358459502458572,0.9894794661910771,0.14055753015521977
798,validation,9,20,135,195,233,223,233,0.128,0.128,1,1150,True,2,Right,0.016143451907319657,0.7433945847899919,0.24046196330268838,0.681454062461853,0.9314821117628501,0.15830695555088464
799,train,9,20,120,177,229,219,229,0.512,0.512,1,1000,False,2,Right,0.0024575822893637836,0.8719083427446949,0.12563407496594137,0.9055920001119375,0.979999624730932,0.0
800,test,9,20,83,144,186,176,186,0.0,0.0,1,630,True,2,Right,0.23405311795698186,0.38555642809045876,0.38039045395255944,0.2260872721672058,0.7308933691164324,0.28433392695614684
801,train,9,20,85,157,176,166,176,0.032,-0.032,0,650,True,1,Left,0.5907245317134182,0.16955907564620107,0.23971639264038064,0.6092634201049805,0.9457182689309465,0.15337992115666454
802,validation,9,20,81,142,172,162,172,0.064,0.064,1,610,True,2,Right,0.16805682610415715,0.4827724269898481,0.34917074690599464,0.3250996023416519,0.8190257731899665,0.21411481496388063
803,train,9,20,94,156,212,202,212,0.064,0.064,1,740,True,2,Right,0.04305794854356767,0.6074230309998891,0.3495190204565432,0.575817633420229,0.9298849519562975,0.1588851676490825
804,train,9,20,69,119,155,145,155,0.032,0.032,1,490,False,2,Right,0.41172397206549716,0.5637329595153597,0.02454306841914298,0.41747981030493975,0.8917102927043025,0.0
805,train,9,20,128,195,221,211,221,0.512,-0.512,0,1080,False,1,Left,0.9822011546369094,0.000858689967419409,0.01694015539567123,1.297959916293621,0.9967415112090481,0.0
806,train,9,20,85,142,195,185,195,0.256,-0.256,0,650,True,1,Left,0.7233392272934035,0.01461187595712191,0.2620488967494746,1.1465741973370314,0.9959209125786965,0.13893570729595672
807,train,9,20,103,165,195,185,195,0.128,-0.128,0,830,False,1,Left,0.9788937919888436,0.0053009570209227525,0.01580525099023377,0.9390048384666443,0.9860869508533338,0.0
808,train,9,20,77,129,183,173,183,0.064,-0.064,0,570,False,1,Left,0.7965339456775394,0.1717234970529982,0.03174255726946239,0.7109378129243851,0.9693434095472984,0.0
809,train,9,20,62,132,166,156,166,0.256,0.256,1,420,False,2,Right,0.05625755062753118,0.9246611496185968,0.019081299753871954,0.8894836343824863,0.9891413660706255,0.0
810,validation,9,20,76,145,171,161,171,0.0,0.0,1,560,False,2,Right,0.3378988343223563,0.6282352045991983,0.03386596107844535,0.6069036722183228,0.9504833956209441,0.0
811,train,9,20,69,135,158,148,158,0.512,0.512,1,490,False,2,Right,0.03536030138181507,0.9546582038134158,0.009981494804768981,0.857127919793129,0.9861907388094523,0.0
812,train,9,20,64,116,172,162,172,0.0,0.0,1,440,False,1,Left,0.6003009156050613,0.3512199406897658,0.048479143705172964,0.3069358915090561,0.8355466838544507,0.0
813,validation,9,20,135,201,227,217,227,0.064,0.064,1,1150,False,2,Right,0.04883330535735048,0.9353966615909417,0.015770033051707717,0.7586813643574715,0.9520807652811722,0.0
814,validation,9,20,101,172,186,176,186,0.0,0.0,1,810,False,1,Left,0.6277136794076716,0.296175739013215,0.07611058157911343,0.11649250984191895,0.560618788497813,0.0
815,train,9,20,112,178,201,191,201,0.256,0.256,1,920,False,2,Right,0.015464658195680995,0.9427333295125843,0.04180201229173472,0.9748830050230026,0.9869869230464721,0.0
816,test,9,20,79,152,184,174,184,0.0,-0.0,0,590,False,1,Left,0.6059054706136685,0.34305000872431607,0.051044520662015466,0.3071356527507305,0.8093215023303788,0.0
817,train,9,20,68,143,172,162,172,0.128,-0.128,0,480,True,1,Left,0.7921693603448768,0.01652065360163751,0.19130998605348562,1.0184315787628293,0.9937761279118783,0.13946876738293984
818,train,9,20,104,171,199,189,199,0.0,0.0,1,840,True,2,Right,0.19501742771287944,0.45154976186166546,0.3534328104254551,0.22566944360733032,0.6778568256032212,0.33914726425012465
819,validation,9,20,98,165,186,176,186,0.032,0.032,1,780,True,2,Right,0.16823112483298458,0.5485612123972,0.28320766276981535,0.41724492609500885,0.8529045140214098,0.19374786395700477
820,train,9,20,119,178,215,205,215,0.256,0.256,1,990,False,2,Right,0.01295724880508469,0.9252094582868109,0.061833292908104596,0.9270023591816425,0.9821730291486189,0.0
821,train,9,20,123,174,223,213,223,0.256,0.256,1,1030,True,2,Right,0.010923096170374135,0.7215072265036632,0.2675696773259626,0.7407527528703213,0.9545968991951996,0.15050569289974702
822,validation,9,20,138,188,257,247,257,0.0,0.0,1,1180,False,2,Right,0.24574302714297253,0.669960867349748,0.08429610550727945,0.7149912342429161,0.9392490467303526,0.0
823,train,9,20,137,212,234,224,234,0.256,-0.256,0,1170,False,1,Left,0.98489182681628,0.0010761260040501775,0.014032047179669941,1.0987391844391823,0.99039548659365,0.0
824,train,9,20,137,191,225,215,225,0.128,0.128,1,1170,False,2,Right,0.01840550451171896,0.957288934803217,0.024305560685064027,0.7838319502770901,0.9564199381117001,0.0
825,train,9,20,61,135,148,138,148,0.256,0.256,1,410,False,2,Right,0.13160692115156244,0.8606719312479779,0.0077211476004596154,0.5955445505678654,0.956046904416881,0.0
826,train,9,20,97,152,202,192,202,0.0,-0.0,0,770,False,2,Right,0.4273945249496543,0.46419322763331017,0.10841224741703562,0.01858668029308319,0.4528512053463511,0.0
827,train,9,20,72,134,189,179,189,0.032,0.032,1,520,True,2,Right,0.13682479979501036,0.45892568031995173,0.4042495198850379,0.16869734972715378,0.7005230654234286,0.314605094401122
828,test,9,20,110,160,217,207,217,0.064,0.064,1,900,True,2,Right,0.058952673312409276,0.5730418363183813,0.3680054903692094,0.5550091676414013,0.9080282040686022,0.16734447993658086
829,test,9,20,60,129,148,138,148,0.512,-0.512,0,400,True,1,Left,0.8572658572958648,0.01067679528396116,0.13205734742017408,1.3117841836065054,0.9986562293516524,0.13826578542761347
830,validation,9,20,138,200,254,244,254,0.512,-0.512,0,1180,False,1,Left,0.9874664208408118,0.0006075370932626039,0.011926042065925591,1.0028909519314766,0.9845240679418285,0.0
831,train,9,20,129,183,215,205,215,0.0,-0.0,0,1090,True,2,Right,0.17879605760573766,0.4562579376559076,0.3649460047383548,0.2140803262591362,0.5952251007216274,0.44015253809533783
832,test,9,20,100,151,216,206,216,0.256,0.256,1,800,True,2,Right,0.01733498369451767,0.6673496004890105,0.31531541581647166,0.4261107090860605,0.855327999763428,0.19241896133249964
833,train,9,20,62,130,171,161,171,0.256,-0.256,0,420,False,1,Left,0.978072428966386,0.00947902516587957,0.012448545867734414,0.6796851307153702,0.9701436613089611,0.0
834,train,9,20,109,167,199,189,199,0.032,0.032,1,890,False,2,Right,0.30706332669601666,0.6604334787449513,0.032503194559032056,0.36665739119052887,0.798411596389848,0.0
835,train,9,20,126,186,223,213,223,0.0,-0.0,0,1060,False,2,Right,0.2998657865872126,0.5708869469400388,0.12924726647274865,0.0021651089191436768,0.3499054545687039,0.0
836,test,9,20,117,190,216,206,216,0.0,0.0,1,970,False,2,Right,0.3175123271313284,0.5621297239242722,0.12035794894439948,0.05611538887023926,0.4388393258610803,0.0
837,validation,9,20,117,169,233,223,233,0.512,0.512,1,970,True,2,Right,0.00565099357793213,0.7390279922130156,0.2553210142090524,0.5861378237605095,0.9135958748396745,0.16509027602334014
838,test,9,20,75,141,187,177,187,0.032,0.032,1,550,False,2,Right,0.3087283413461319,0.5973680106583217,0.09390364799554637,0.38993610441684723,0.8699666340839135,0.0
839,train,9,20,107,175,223,213,223,0.128,0.128,1,870,True,2,Right,0.02840702310625524,0.6620349018834848,0.30955807501026,0.6601468045264482,0.9449321121427726,0.15364161399833143
840,train,9,20,63,116,162,152,162,0.128,0.128,1,430,True,2,Right,0.11063639817926277,0.4999464140070276,0.3894171878137097,0.5311981253325939,0.9393125461074245,0.15554716733358753
841,train,9,20,95,164,181,171,181,0.256,-0.256,0,750,False,1,Left,0.9764125287066678,0.0040008775615148215,0.01958659373181742,0.9438174813985825,0.9876418999027419,0.0
842,train,9,20,135,190,251,241,251,0.064,-0.064,0,1150,True,1,Left,0.7031119015478267,0.01767136196324479,0.2792167364889285,0.8774085268378258,0.9726814371027732,0.14509262945142215
843,train,9,20,121,181,239,229,239,0.512,-0.512,0,1010,True,1,Left,0.7631210659096185,0.004258193609095295,0.2326207404812862,1.2991488389670849,0.9970218150017602,0.13866475125211553
844,train,9,20,103,164,215,205,215,0.256,-0.256,0,830,False,1,Left,0.9902418032705592,0.0020092151184103726,0.007748981611030553,0.8210322260856628,0.9754279688479931,0.0
845,train,9,20,69,127,181,171,181,0.128,-0.128,0,490,True,1,Left,0.6869938834612919,0.028896919288582696,0.28410919725012557,0.8598698942223564,0.9863730181102293,0.14136234051122198
846,validation,9,20,134,202,233,223,233,0.064,-0.064,0,1140,False,1,Left,0.9885164885043067,0.004593181483886407,0.006890330011806932,0.6310321241617203,0.9148225324478577,0.0
847,train,9,20,89,148,198,188,198,0.256,0.256,1,690,False,2,Right,0.02076052438090913,0.9345059333532595,0.044733542265831275,0.7660704776644707,0.9728801464893791,0.0
848,train,9,20,110,165,200,190,200,0.064,0.064,1,900,True,2,Right,0.03049924110693189,0.6993665418615194,0.2701342170315487,0.6601454988121986,0.9430192508874735,0.15428334053676446
849,train,9,20,61,113,154,144,154,0.512,-0.512,0,410,True,1,Left,0.7366402893169168,0.017705256099417067,0.24565445458366603,1.258901134133339,0.9982371136983257,0.13836771858663272
850,train,9,20,124,195,231,221,231,0.128,0.128,1,1040,False,2,Right,0.023414081475299005,0.9301010684376785,0.04648485008702264,0.8613200187683105,0.9740692205852438,0.0
851,validation,9,20,122,191,241,231,241,0.128,-0.128,0,1020,True,1,Left,0.753958497057525,0.008188549977129093,0.23785295296534587,1.0818687709979713,0.9912837624291476,0.14009690575241934
852,train,9,20,103,162,214,204,214,0.512,0.512,1,830,False,2,Right,0.0039022255641203555,0.8867624439531632,0.10933533048271653,1.010534267872572,0.990169360555203,0.0
853,train,9,20,88,160,185,175,185,0.256,0.256,1,680,False,2,Right,0.02844575411627978,0.9391499687996813,0.03240427708403899,0.8275664895772934,0.9800467179679536,0.0
854,train,9,20,61,131,156,146,156,0.064,0.064,1,410,True,2,Right,0.1636190966192066,0.5526446351679837,0.2837362682128097,0.33737999200820923,0.8595081789504988,0.19016526911648168
855,train,9,20,70,134,180,170,180,0.0,0.0,1,500,True,3,Sure,0.288622846506943,0.35046657929815717,0.3609105741948999,0.17100244760513306,0.7079042026499279,0.30696638663008036
856,train,9,20,106,164,197,187,197,0.256,0.256,1,860,True,2,Right,0.011184379681980425,0.7529573967614895,0.23585822355653008,0.898280419409275,0.9824441137180168,0.14240186399243937
857,train,9,20,71,126,175,165,175,0.032,-0.032,0,510,False,1,Left,0.8296581638237039,0.12368612336961611,0.04665571280668003,0.31986258924007416,0.8326582142724291,0.0
858,train,9,20,122,177,222,212,222,0.128,-0.128,0,1020,False,1,Left,0.9886484426256045,0.0029781843970241193,0.008373372977371228,0.9420911818742752,0.9828258416742152,0.0
859,train,9,20,85,143,172,162,172,0.064,0.064,1,650,False,2,Right,0.1822695977432689,0.7951375475342572,0.022592854722473892,0.5681150928139687,0.9343539355654708,0.0
860,train,9,20,110,182,225,215,225,0.064,0.064,1,900,False,2,Right,0.06694732620038338,0.9077634270761731,0.02528924672344347,0.7702251598238945,0.9660143942152435,0.0
861,train,9,20,127,194,246,236,246,0.032,0.032,1,1070,True,2,Right,0.20952761646111803,0.40124655183555386,0.3892258317033282,0.41899051144719124,0.804794014866488,0.22371576198392934
862,validation,9,20,103,162,212,202,212,0.032,0.032,1,830,True,2,Right,0.21349688718608867,0.39584565718105813,0.39065745563285315,0.17852012813091278,0.6281598998000217,0.3980824010800101
863,train,9,20,91,155,184,174,184,0.128,0.128,1,710,False,2,Right,0.02958851597861182,0.9504854548773611,0.019926029144026986,0.8665381483733654,0.9828679587750478,0.0
864,train,9,20,138,208,255,245,255,0.032,0.032,1,1180,True,2,Right,0.10222966665197412,0.5214526051573996,0.37631772819062614,0.3821573257446289,0.7508110546085416,0.2661738252396659
865,validation,9,20,119,177,213,203,213,0.064,-0.064,0,990,True,1,Left,0.7790192609871575,0.011058976081050512,0.20992176293179213,1.0681360960006714,0.9910090518327059,0.14016671630633998
866,validation,9,20,110,174,207,197,207,0.512,0.512,1,900,True,2,Right,0.0038752044893062914,0.7950324338909505,0.20109236161974336,0.77116618771106,0.9661658654355539,0.14697693582522814
867,validation,9,20,85,157,177,167,177,0.128,0.128,1,650,False,2,Right,0.0495249296450804,0.9319167810012022,0.01855828935371752,0.9471803903579712,0.9892078722161372,0.0
868,train,9,20,78,152,194,184,194,0.032,0.032,1,580,True,3,Sure,0.323916038630203,0.3271793014983849,0.3489046598714121,0.0908394604921341,0.5974634937955061,0.4372381323657665
869,train,9,20,79,141,179,169,179,0.512,-0.512,0,590,False,1,Left,0.9811827806262711,0.0030016633115353335,0.015815556062193595,1.0456398576498032,0.9937827713735695,0.0
870,train,9,20,65,127,153,143,153,0.0,-0.0,0,450,False,1,Left,0.6306747622823935,0.32813833893652045,0.041186898781086,0.20340663194656372,0.7511435215276371,0.0
871,train,9,20,96,151,212,202,212,0.256,-0.256,0,760,False,1,Left,0.9914006831683985,0.0028075412445098214,0.005791775587091636,0.824162170290947,0.9777091333351541,0.0
872,train,9,20,139,201,249,239,249,0.064,0.064,1,1190,False,2,Right,0.03543116010964592,0.943839036103564,0.02072980378678988,0.8895837459713221,0.9729879854716397,0.0
873,train,9,20,106,179,198,188,198,0.128,-0.128,0,860,False,1,Left,0.9784068249182967,0.005994842624640817,0.015598332457062502,0.7709930539131165,0.9676806786140922,0.0
874,train,9,20,68,140,168,158,168,0.128,-0.128,0,480,False,1,Left,0.966689630772116,0.015391185042315486,0.017919184185568687,0.6329243034124374,0.9600346925655899,0.0
875,train,9,20,81,135,180,170,180,0.128,-0.128,0,610,True,1,Left,0.7239738383303217,0.019856013509038834,0.2561701481606395,1.0728102717548609,0.9944233962353948,0.13930717186422403
876,train,9,20,122,197,226,216,226,0.032,-0.032,0,1020,True,1,Left,0.798070893583162,0.015559861804764614,0.18636924461207333,1.0121508464217186,0.9877663905798756,0.14099949847452953
877,validation,9,20,105,175,218,208,218,0.128,-0.128,0,850,False,1,Left,0.9911816729022609,0.0033205472025801333,0.005497779895159017,0.8202622979879379,0.9747504546914991,0.0
878,train,9,20,125,191,217,207,217,0.512,0.512,1,1050,True,2,Right,0.002991418418969872,0.8348311723299829,0.16217740925104723,0.892400860786438,0.977394776006089,0.14377407170020395
879,train,9,20,110,184,195,185,195,0.128,0.128,1,900,False,2,Right,0.03826774409998205,0.93841954651316,0.02331270938685808,0.797042079269886,0.970084448037462,0.0
880,validation,9,20,65,125,181,171,181,0.256,-0.256,0,450,True,1,Left,0.6982040135122158,0.022156025200110833,0.2796399612876733,0.9414681568741798,0.9912605679236035,0.14010279558780825
881,train,9,20,82,145,189,179,189,0.256,0.256,1,620,False,2,Right,0.027258710596756573,0.9333093436596055,0.03943194574363795,0.7782773375511169,0.9764399626777495,0.0
882,train,9,20,118,186,210,200,210,0.032,-0.032,0,980,True,1,Left,0.6535470088708102,0.0983467924688273,0.24810619866036254,0.7641497254371643,0.9616149451225916,0.14833659752641826
883,train,9,20,91,163,203,193,203,0.0,0.0,1,710,True,1,Left,0.37272260574288235,0.28016193230885855,0.34711546194825904,0.7014459818601608,0.9622524375434466,0.14814394175582069
884,train,9,20,128,198,221,211,221,0.032,0.032,1,1080,True,2,Right,0.07123276466335579,0.6727381491773127,0.2560290861593315,0.5896350340917706,0.9040385068906437,0.16900316779571356
885,train,9,20,106,168,208,198,208,0.256,0.256,1,860,False,2,Right,0.015295340044144973,0.9217590416214927,0.06294561833436234,0.7959695905447006,0.9713061060662712,0.0
886,train,9,20,74,148,159,149,159,0.128,0.128,1,540,False,2,Right,0.13807807530711247,0.8544349848484136,0.007486939844473896,0.6512792967259884,0.9607140622762729,0.0
887,train,9,20,104,157,217,207,217,0.032,-0.032,0,840,True,1,Left,0.6118086091355106,0.07432906308782114,0.3138623277766682,0.25631318986415863,0.7098191424049661,0.30501379522553895
888,train,9,20,111,176,215,205,215,0.0,0.0,1,910,False,1,Left,0.5244291307372688,0.4296403624557478,0.04593050680698338,0.5839915759861469,0.9183503081920684,0.0
889,train,9,20,78,151,189,179,189,0.512,-0.512,0,580,True,1,Left,0.7877409681086417,0.007276748841201346,0.20498228305015692,1.211295709013939,0.9972685513492068,0.13860427005143644
890,train,9,20,94,159,205,195,205,0.032,0.032,1,740,False,2,Right,0.17588410883406416,0.7709103668451249,0.05320552432081096,0.6349111720919609,0.9466105830188777,0.0
891,train,9,20,98,152,200,190,200,0.032,-0.032,0,780,False,1,Left,0.6508541196125147,0.30225417872079635,0.046891701666688844,0.345170222222805,0.8027279025624069,0.0
892,train,9,20,82,150,199,189,199,0.032,-0.032,0,620,False,1,Left,0.656857878227946,0.3065874622675551,0.03655465950449889,0.26049739867448807,0.7649994231595286,0.0
893,train,9,20,127,200,227,217,227,0.512,-0.512,0,1070,True,1,Left,0.8732178355127089,0.001595280006359898,0.12518688448093124,1.5214924737811089,0.9989241787274824,0.13820075227073048
894,train,9,20,136,200,248,238,248,0.064,0.064,1,1160,True,2,Right,0.04008931198766878,0.635431972769967,0.32447871524236427,0.7044697850942612,0.9376558213541757,0.15612080017730245
895,train,9,20,120,172,215,205,215,0.064,-0.064,0,1000,False,1,Left,0.9862730185427221,0.007311699218560648,0.006415282238717327,0.7429673969745636,0.9565929855764995,0.0
896,train,9,20,79,149,172,162,172,0.032,-0.032,0,590,False,1,Left,0.664915470673977,0.29270711526898163,0.04237741405704127,0.2738908976316452,0.7828345385606008,0.0
897,train,9,20,135,194,254,244,254,0.256,-0.256,0,1150,True,1,Left,0.7518612272545911,0.00556865692902817,0.2425701158163808,1.1158506581559777,0.9913718393326618,0.1400745476395555
898,validation,9,20,93,155,190,180,190,0.256,-0.256,0,730,False,1,Left,0.9820812610317817,0.0036441355058262083,0.014274603462391927,0.9189905822277069,0.9863884885899393,0.0
899,validation,9,20,78,152,179,169,179,0.512,0.512,1,580,True,2,Right,0.009355154481964445,0.7906735188834186,0.19997132663461684,0.822327010333538,0.9818187962427566,0.14256957152556088
900,train,9,20,125,175,221,211,221,0.128,0.128,1,1050,True,2,Right,0.022311971876491112,0.6848620859254043,0.2928259421981045,0.6897650863975286,0.9410925220645107,0.1549369091310589
901,train,9,20,124,174,217,207,217,0.128,-0.128,0,1040,False,1,Left,0.9865195475211225,0.0026436376342813582,0.01083681484459627,1.079636536538601,0.9909753872518532,0.0
902,train,9,20,118,172,220,210,220,0.128,0.128,1,980,False,2,Right,0.030727511256905253,0.9384949049797617,0.03077758376333294,0.8892947994172573,0.9788727333069317,0.0
903,test,9,20,92,152,187,177,187,0.064,0.064,1,720,False,2,Right,0.09112089740371171,0.8959574253811325,0.012921677215155752,0.7810058332979679,0.9738450036741837,0.0
904,train,9,20,80,141,172,162,172,0.256,0.256,1,600,True,2,Right,0.029853290563510347,0.7054370139720576,0.2647096954644321,0.6456363797187805,0.9567585163602867,0.14982809326888763
905,train,9,20,110,184,217,207,217,0.512,0.512,1,900,True,2,Right,0.003916423065460609,0.8028101703876164,0.1932734065469231,0.749765083193779,0.9625548031164971,0.14805281572956908
906,validation,9,20,99,171,191,181,191,0.128,-0.128,0,790,False,1,Left,0.9800968149800171,0.005673023659471787,0.01423016136051114,0.795722559094429,0.9735355628736734,0.0
907,train,9,20,82,147,174,164,174,0.032,-0.032,0,620,False,1,Left,0.7438779033646906,0.22010653582796236,0.036015560807347004,0.45889221131801605,0.896143056041238,0.0
908,test,9,20,95,145,213,203,213,0.128,-0.128,0,750,False,1,Left,0.9910062249277554,0.004669994976306982,0.004323780095937684,0.9013007879257202,0.9848144026444254,0.0
909,validation,9,20,99,152,199,189,199,0.256,0.256,1,790,True,2,Right,0.01580961638453155,0.6882771062443599,0.2959132773711085,0.7854285538196564,0.9722007606872166,0.14522917837075705
910,test,9,20,65,115,175,165,175,0.032,0.032,1,450,True,3,Sure,0.21070755562507815,0.3938568378733173,0.3954356065016044,0.4666531588882208,0.9166871263022804,0.16386859680164612
911,train,9,20,86,155,171,161,171,0.128,-0.128,0,660,True,1,Left,0.872242048216172,0.012306359903749021,0.115451591880079,0.8915120363235474,0.9856917804434885,0.14154084176784143
912,train,9,20,136,200,228,218,228,0.064,0.064,1,1160,False,2,Right,0.07335901481767063,0.9033689995654479,0.02327198561688148,0.9060043916106224,0.9758950617966227,0.0
913,train,9,20,105,158,197,187,197,0.064,-0.064,0,850,True,1,Left,0.661200634799247,0.05946664314148934,0.2793327220592637,0.7411923035979271,0.9632037368214253,0.14785778690604956
914,train,9,20,105,178,196,186,196,0.128,0.128,1,850,False,2,Right,0.048243104192083656,0.9317259226651998,0.020030973142716475,0.8706284314393997,0.980176094651136,0.0
915,train,9,20,111,168,198,188,198,0.512,0.512,1,910,True,2,Right,0.004250546091740088,0.8090288979027023,0.18672055600555762,0.7478524837642908,0.9617738524321071,0.14828850696203788
916,test,9,20,71,128,179,169,179,0.032,-0.032,0,510,True,1,Left,0.4857420754106629,0.16623793755755129,0.3480199870317858,0.1484154611825943,0.6818294227592361,0.3347307890287409
917,validation,9,20,86,148,174,164,174,0.512,-0.512,0,660,False,1,Left,0.9770062263661536,0.0027382922536843407,0.02025548138016192,1.1679497137665749,0.9962817095100702,0.0
918,validation,9,20,96,150,204,194,204,0.064,0.064,1,760,True,2,Right,0.18014562175290424,0.4179926364846209,0.4018617417624747,0.07930558919906616,0.5302720172194174,0.5262661264678699
919,train,9,20,126,182,243,233,243,0.032,-0.032,0,1060,False,1,Left,0.6082174195541814,0.3272410550446433,0.06454152540117535,0.54867884516716,0.8875344939330039,0.0
920,train,9,20,68,127,167,157,167,0.256,0.256,1,480,True,2,Right,0.03621593268020991,0.638340208779959,0.32544385853983104,0.7770935371518135,0.9799116573329457,0.1430849322309931
921,train,9,20,103,158,220,210,220,0.064,-0.064,0,830,True,1,Left,0.6763208253309345,0.02841857584057051,0.29526059882849487,0.8160398826003075,0.9748331321448573,0.14448612176921038
922,train,9,20,127,191,229,219,229,0.512,0.512,1,1070,True,2,Right,0.002763098270443768,0.8041675672030966,0.19306933452645966,0.8078379780054092,0.9653470521537406,0.14721889546005557
923,train,9,20,100,170,207,197,207,0.0,-0.0,0,800,True,2,Right,0.24116136412160283,0.38490016740213806,0.37393846847625917,0.006479665637016296,0.42927473661993926,0.6528062419419227
924,train,9,20,109,170,208,198,208,0.512,-0.512,0,890,True,1,Left,0.8121913103224863,0.003487971142769039,0.18432071853474472,1.3563212975859642,0.9980520699078689,0.13841280511385434
925,test,9,20,92,159,208,198,208,0.128,-0.128,0,720,False,1,Left,0.9889412014025589,0.005602297634453819,0.0054565009629872156,0.9003482162952423,0.9852781626198425,0.0
926,train,9,20,100,170,193,183,193,0.512,0.512,1,800,False,2,Right,0.005176785031602326,0.943204061941603,0.051619153026794505,1.082140788435936,0.9933096228175374,0.0
927,train,9,20,89,144,196,186,196,0.0,0.0,1,690,True,3,Sure,0.28466017771326974,0.3533271851045066,0.3620126371822236,0.12369975447654724,0.604380919515281,0.4282759782021761
928,train,9,20,123,184,220,210,220,0.0,-0.0,0,1030,False,2,Right,0.29233132233985615,0.6083934745475876,0.09927520311255626,0.6357392035424709,0.9262000564547702,0.0
929,train,9,20,122,183,213,203,213,0.512,0.512,1,1020,True,2,Right,0.0027381846244206366,0.822557306635936,0.17470450873964324,0.6791916005313396,0.9402113057345708,0.15523825080124032
930,train,9,20,94,163,213,203,213,0.512,-0.512,0,740,False,1,Left,0.9908737662220855,0.0011841626477439135,0.00794207113017049,1.016559362411499,0.9914265613712494,0.0
931,train,9,20,136,192,225,215,225,0.512,0.512,1,1160,False,2,Right,0.0018674576880123059,0.9096363308285863,0.08849621148340149,1.0495570332277566,0.9879465043884493,0.0
932,train,9,20,92,166,198,188,198,0.0,-0.0,0,720,True,2,Right,0.22224447599766034,0.40928940437890426,0.3684661196234354,0.19744956493377686,0.6791679088249523,0.3376844204951399
933,test,9,20,116,177,234,224,234,0.0,-0.0,0,960,False,1,Left,0.42395001019420125,0.39533589151870696,0.18071409828709178,0.3970257490873337,0.8086435035120988,0.0
934,train,9,20,86,138,178,168,178,0.064,-0.064,0,660,False,1,Left,0.9437166965104365,0.030769818768436152,0.025513484721127244,0.7691576927900314,0.9742022170769613,0.0
935,train,9,20,129,198,227,217,227,0.032,-0.032,0,1090,True,2,Right,0.23506013098015116,0.41016327361055877,0.35477659540928996,0.14918865263462067,0.5166858041727984,0.5442372398031077
936,validation,9,20,132,198,231,221,231,0.512,-0.512,0,1120,True,1,Left,0.8514092909598592,0.00160233855004232,0.14698837049009855,1.3191729001700878,0.9969184434890507,0.13869011690050004
937,test,9,20,132,194,242,232,242,0.256,0.256,1,1120,False,2,Right,0.006836289122929261,0.8853113088613626,0.10785240201570818,0.9724618047475815,0.9833030991517485,0.0
938,train,9,20,84,139,179,169,179,0.128,0.128,1,640,False,2,Right,0.08475614185295123,0.9016930659616176,0.013550792185431326,0.7683987393975258,0.9747095435491799,0.0
939,train,9,20,132,192,223,213,223,0.512,0.512,1,1120,False,2,Right,0.0021955715304029185,0.899473515722146,0.09833091274745119,0.9236310720443726,0.9788713032053131,0.0
940,train,9,20,80,139,188,178,188,0.128,-0.128,0,600,False,1,Left,0.9817025725016523,0.009347926916206738,0.008949500582140947,0.780120387673378,0.9771910271005094,0.0
941,test,9,20,107,176,220,210,220,0.032,-0.032,0,870,False,1,Left,0.9448387204213267,0.04306557163477534,0.012095707943897964,0.41358643770217896,0.8363188812429895,0.0
942,train,9,20,94,144,179,169,179,0.0,0.0,1,740,True,3,Sure,0.31800286571913555,0.3353722383003419,0.3466248959805226,0.3285292983055115,0.7973623998940097,0.22898637475021083
943,train,9,20,108,168,220,210,220,0.0,0.0,1,880,False,2,Right,0.4065720582383319,0.4920744140405353,0.10135352772113282,0.5168344974517822,0.8934366829851373,0.0
944,train,9,20,79,149,191,181,191,0.512,0.512,1,590,True,2,Right,0.011193740876296713,0.7111980074304702,0.27760825169323317,0.7000784575939178,0.9669556966857247,0.1467446423102502
945,train,9,20,96,149,206,196,206,0.032,0.032,1,760,True,3,Sure,0.25945222307001414,0.3682511973852653,0.3722965795447205,0.0247163325548172,0.46332001103300874,0.6124610894740391
946,validation,9,20,110,167,201,191,201,0.064,0.064,1,900,False,2,Right,0.10304398085410656,0.8577038893020529,0.03925212984384062,0.6566088199615479,0.9420782842891902,0.0
947,train,9,20,94,153,187,177,187,0.064,0.064,1,740,True,2,Right,0.04683826766594411,0.6631385987186817,0.29002313361537413,0.6315080001950264,0.9457591701468779,0.15336633860837662
948,train,9,20,128,192,241,231,241,0.0,-0.0,0,1080,False,2,Right,0.3655031842043927,0.4942565892609158,0.14024022653469154,0.6407707557082176,0.9237325698028019,0.0
949,train,9,20,134,201,237,227,237,0.256,-0.256,0,1140,False,1,Left,0.9877779524816652,0.0010421135426509271,0.011179933975683771,0.944690391421318,0.9804518010198221,0.0
950,test,9,20,106,174,212,202,212,0.0,0.0,1,860,False,1,Left,0.7865101654374993,0.1875943012606225,0.02589553330187826,0.5996116995811462,0.9280535305406392,0.0
951,train,9,20,88,157,201,191,201,0.256,0.256,1,680,False,2,Right,0.02125110229143677,0.9229495745622012,0.0557993231463618,0.9838235676288605,0.9906405426208574,0.0
952,test,9,20,63,119,151,141,151,0.512,-0.512,0,430,False,1,Left,0.9632704254615524,0.007772416098209003,0.02895715844023864,1.0600503608584404,0.9952169789983204,0.0
953,train,9,20,134,202,221,211,221,0.256,-0.256,0,1140,False,1,Left,0.9819227391426258,0.0013198062169041025,0.016757454640469925,1.1026996225118637,0.990910436232213,0.0
954,train,9,20,106,172,220,210,220,0.032,0.032,1,860,False,2,Right,0.2605564990477197,0.6381726223150348,0.10127087863724538,0.6682031434029341,0.9475582876918736,0.0
955,train,9,20,95,165,196,186,196,0.064,0.064,1,750,True,2,Right,0.09313749222323975,0.5804752108363364,0.3263872969404239,0.47759476117789745,0.8899525883576415,0.1751587182044993
956,test,9,20,62,126,152,142,152,0.256,-0.256,0,420,False,1,Left,0.9576197742772361,0.013246110130579528,0.029134115592184436,0.879043385386467,0.988576341252804,0.0
957,train,9,20,90,146,195,185,195,0.512,-0.512,0,700,False,1,Left,0.9854057565329601,0.0017186655019886328,0.012875577965051274,0.9909373074769974,0.9907405325659796,0.0
958,train,9,20,95,158,210,200,210,0.256,0.256,1,750,False,2,Right,0.018738990090719,0.9120919686301372,0.06916904127914388,0.7780936136841774,0.9725281249690685,0.0
959,train,9,20,61,119,173,163,173,0.128,-0.128,0,410,True,1,Left,0.6500601753084368,0.048903091009183705,0.3010367336823795,0.2005113959312439,0.7574440259986097,0.2604272029545679
960,train,9,20,119,189,231,221,231,0.128,0.128,1,990,True,2,Right,0.019811828008659316,0.7133799513739975,0.2668082206173432,0.6673242524266243,0.9389543779375664,0.15567071978498254
961,train,9,20,111,182,205,195,205,0.128,-0.128,0,910,False,1,Left,0.9830522322173293,0.005560887552388541,0.011386880230282215,0.8550837337970734,0.9770704558406614,0.0
962,train,9,20,93,167,190,180,190,0.064,0.064,1,730,False,2,Right,0.1935748073987926,0.7726820455185079,0.03374314708269948,0.6869522780179977,0.9586332448824673,0.0
963,test,9,20,69,128,174,164,174,0.512,0.512,1,490,False,2,Right,0.017755025091822176,0.9406121387483287,0.04163283615984907,0.8379102796316147,0.9848439861606756,0.0
964,validation,9,20,111,163,224,214,224,0.128,0.128,1,910,True,2,Right,0.030362745424385013,0.6374600178181901,0.332177236757425,0.41882605850696564,0.8332186013828508,0.20516681337242826
965,test,9,20,60,119,160,150,160,0.0,0.0,1,400,False,1,Left,0.6235767714669633,0.33884852243173613,0.03757470610130048,0.014506876468658447,0.5589379693568853,0.0
966,validation,9,20,108,160,210,200,210,0.0,0.0,1,880,True,3,Sure,0.25539075441663134,0.37202974462551053,0.37257950095785813,0.13730865716934204,0.5650205754379134,0.47998928466408414
967,train,9,20,78,131,172,162,172,0.0,-0.0,0,580,False,1,Left,0.6656142632636095,0.29298849058015886,0.041397246156231554,0.15839199721813202,0.6741074704342385,0.0
968,train,9,20,73,148,161,151,161,0.256,0.256,1,530,True,2,Right,0.048433800851516676,0.8755155686217886,0.07605063052669463,0.6444668285548687,0.9598977060763374,0.14885915647918424
969,validation,9,20,106,160,205,195,205,0.256,0.256,1,860,True,2,Right,0.011082441746740317,0.7175756559759956,0.2713419022772641,0.6820500046014786,0.9508379512377609,0.15170450613434205
970,train,9,20,124,186,230,220,230,0.0,0.0,1,1040,False,1,Left,0.5770855350263762,0.35456076369221873,0.068353701281405,0.2142169028520584,0.6098204233390587,0.0
971,train,9,20,74,145,159,149,159,0.0,-0.0,0,540,False,2,Right,0.4519935134750302,0.5024037696344636,0.04560271689050628,0.18663246929645538,0.7137774711560582,0.0
972,test,9,20,114,165,231,221,231,0.256,-0.256,0,940,False,1,Left,0.9918329243313357,0.0012584272803102237,0.006908648388354264,1.0351084247231483,0.9900531638905576,0.0
973,test,9,20,126,182,239,229,239,0.512,0.512,1,1060,True,2,Right,0.003747819353782572,0.7735808670703992,0.22267131357581826,0.885094977915287,0.9763106933112168,0.14407408993937576
974,train,9,20,138,207,229,219,229,0.0,0.0,1,1180,True,2,Right,0.1530720385845209,0.5536412413170162,0.29328672009846285,0.48521293979138136,0.8333140244957575,0.20510871957325288
975,test,9,20,69,132,158,148,158,0.032,0.032,1,490,False,1,Left,0.5016538194184215,0.4559742602767269,0.04237192030485169,0.2549487426877022,0.7874707432949173,0.0
976,train,9,20,109,170,224,214,224,0.0,-0.0,0,890,True,2,Right,0.16648978264457942,0.43148499060657197,0.40202522674884855,0.048759594559669495,0.4537397901309545,0.624116395125933
977,train,9,20,62,116,157,147,157,0.512,0.512,1,420,True,2,Right,0.0280094572585123,0.6457670831229253,0.32622345961856253,0.6131993429735303,0.959080719954783,0.149109616945866
978,train,9,20,104,177,214,204,214,0.512,0.512,1,840,False,2,Right,0.004022736956052907,0.8813762842861987,0.11460097875774858,0.9508576616644859,0.9867065306206833,0.0
979,train,9,20,79,129,179,169,179,0.064,0.064,1,590,True,2,Right,0.11952185139616962,0.4836997742172538,0.39677837438657665,0.1142231822013855,0.6219294980277882,0.4058904945055798
980,train,9,20,126,177,244,234,244,0.0,0.0,1,1060,True,3,Sure,0.20939778251198476,0.3940676370194799,0.3965345804685353,0.1569032520055771,0.5351518724174472,0.5197813537339747
981,train,9,20,94,161,190,180,190,0.032,0.032,1,740,True,2,Right,0.17284212488066178,0.4781396511516812,0.349018223967657,0.44470654614269733,0.8744310687808913,0.18250746332988083
982,train,9,20,127,181,233,223,233,0.128,-0.128,0,1070,False,1,Left,0.9905753398142985,0.001939999235717972,0.007484660949983586,0.9442723393440247,0.9819689643600292,0.0
983,train,9,20,122,187,229,219,229,0.256,-0.256,0,1020,True,1,Left,0.7934738378695154,0.004617352051293223,0.20190881007919118,1.1820670142769814,0.9946544447686971,0.13924964092032366
984,train,9,20,62,119,173,163,173,0.064,0.064,1,420,True,3,Sure,0.24932979288539125,0.37228225312052143,0.37838795399408737,0.23962947726249695,0.7889928814663429,0.23513767939236374
985,train,9,20,122,192,224,214,224,0.0,0.0,1,1020,False,2,Right,0.25255605568886197,0.6583842917875711,0.08905965252356705,0.5080782324075699,0.8715277662603961,0.0
986,train,9,20,124,188,234,224,234,0.0,0.0,1,1040,False,2,Right,0.3572752682922246,0.5137746551613882,0.12895007654638713,0.4882867634296417,0.8573166920197801,0.0
987,train,9,20,65,126,160,150,160,0.0,-0.0,0,450,True,1,Left,0.36132984072884666,0.30999957494214814,0.3286705843290052,0.28491097688674927,0.818346690368379,0.21455846180358662
988,validation,9,20,126,187,237,227,237,0.512,-0.512,0,1060,False,1,Left,0.9875414228765351,0.000756099790508476,0.011702477332956412,1.1083012595772743,0.991961685085572,0.0
989,validation,9,20,124,180,226,216,226,0.032,-0.032,0,1040,False,1,Left,0.8430494435255174,0.14216768582826864,0.014782870646214146,0.4991099536418915,0.8636990175352671,0.0
990,train,9,20,138,212,240,230,240,0.064,-0.064,0,1180,True,1,Left,0.8352197124139884,0.00843434261066699,0.1563459449753445,1.0951717644929886,0.990109955754516,0.14039600395040608
991,train,9,20,60,135,156,146,156,0.0,-0.0,0,400,True,1,Left,0.44648193841548955,0.30309046015809443,0.2504276014264159,0.05399544537067413,0.6060831155730331,0.4260816117890321
992,train,9,20,114,174,221,211,221,0.512,-0.512,0,940,False,1,Left,0.9871315070087917,0.0009165748464562421,0.011951918144752239,1.0428486540913582,0.9904207938801719,0.0
993,train,9,20,90,158,189,179,189,0.128,0.128,1,700,True,2,Right,0.031434057435428125,0.7074496463697117,0.2611162961948601,0.5864109676331282,0.9361473785680877,0.15664784988585956
994,train,9,20,92,163,207,197,207,0.128,-0.128,0,720,True,1,Left,0.752170785368352,0.01176955933981656,0.23605965529183134,1.0450808219611645,0.9927157164259218,0.13973486918773925
995,train,9,20,117,175,219,209,219,0.512,-0.512,0,970,False,1,Left,0.9847724057305747,0.0009246608862011705,0.014302933383224184,1.278582613915205,0.9968607594944096,0.0
996,validation,9,20,111,179,220,210,220,0.256,-0.256,0,910,False,1,Left,0.9899352266908709,0.0017494956672019116,0.008315277641927145,0.8960587382316589,0.9811730642342833,0.0
997,train,9,20,65,118,150,140,150,0.512,-0.512,0,450,True,1,Left,0.7715036630067456,0.014952676455179972,0.21354366053807436,1.2474312372505665,0.9980431483946217,0.13841498014064063
998,train,9,20,106,157,219,209,219,0.064,-0.064,0,860,False,1,Left,0.9455845542477151,0.05079054397293996,0.003624901779344826,0.6618389785289764,0.9459825141326811,0.0
999,train,9,20,125,190,239,229,239,0.512,0.512,1,1050,True,2,Right,0.003507051379971609,0.7896178245962421,0.20687512402378633,0.7320912107825279,0.9516181800523656,0.15145351469932816
