trial_index,dataset_index,student_action_objective,true_direction,dir_choice,sure_available,teacher_sure_strength,target_fixation,target_left,target_right,target_sure,teacher_preferred_action,target_action_margin,raw_post_go_fixation,raw_post_go_left,raw_post_go_right,raw_post_go_sure,predicted_fixation,predicted_left,predicted_right,predicted_sure,p_left,p_right,p_sure,predicted_correct_direction,predicted_incorrect_direction,predicted_action_margin,final_argmax_choice,action_argmax_choice,stimulus_coherence,stimulus_duration_ms,internal_margin,empirical_p_correct,delta_value
0,0,categorical_soft,0,0,False,0.0,0.0,1.0,0.0,0.0,1,-1.0,0.4169229713961899,8.205904087358148,-1.7753616607235394,-4.08870209839907,0.4169229713961899,0.9999486544759254,4.668317995526088e-05,4.662344119390164e-06,0.9999486544759254,4.668317995526088e-05,4.662344119390164e-06,0.9999486544759254,4.668317995526088e-05,-0.999943992131806,1,1,0.512,940.0,1.0484288111329079,0.9906774506351905,-0.4406774506351905
1,1,categorical_soft,0,0,True,0.20536326275014355,0.0,0.7946367263793945,0.0,0.20536325871944427,1,-0.5892734676599503,0.4116868358745925,0.11368461654015767,-0.2859262663338418,0.34376707956736136,0.4116868358745925,0.3413601239988973,0.2290001971943091,0.4296396788067936,0.3413601239988973,0.2290001971943091,0.4296396788067936,0.3413601239988973,0.2290001971943091,0.08827955480789629,3,3,0.0,890.0,0.4134471267461777,0.8328962506168242,-0.2828962506168241
2,2,categorical_soft,1,1,True,0.1627092707452713,0.0,0.0,0.8372907042503357,0.16270926594734192,2,-0.6745814383029938,0.34394844675344133,-2.3100705291311043,1.6200183772103816,0.4474279214410523,0.34394844675344133,0.014773109691359847,0.7519898902306308,0.23323700007800935,0.014773109691359847,0.7519898902306308,0.23323700007800935,0.7519898902306308,0.014773109691359847,-0.5187528901526215,2,2,0.256,510.0,0.4894590051844716,0.9196709493279273,-0.3696709493279272
3,3,categorical_soft,0,0,False,0.0,0.0,1.0,0.0,0.0,1,-1.0,0.40159986103384127,8.456372614317122,-2.3851189490801854,-3.5824426882221396,0.40159986103384127,0.9999741713721854,1.9767217726397955e-05,6.061410088304418e-06,0.9999741713721854,1.9767217726397955e-05,6.061410088304418e-06,0.9999741713721854,1.9767217726397955e-05,-0.9999681099620971,1,1,0.512,960.0,1.073611468076706,0.9915539535033948,-0.44155395350339477
4,4,categorical_soft,0,0,False,0.0,0.0,1.0,0.0,0.0,1,-1.0,0.4315812407406264,5.2878411482589645,-0.22485343603003227,-3.6342422471727014,0.4315812407406264,0.9958348146317691,0.004032070355578146,0.0001331150126527207,0.9958348146317691,0.004032070355578146,0.0001331150126527207,0.9958348146317691,0.004032070355578146,-0.9957016996191165,1,1,0.128,1020.0,0.8045955151319504,0.9668002996095091,-0.41680029960950904
5,5,categorical_soft,0,0,True,0.1494681574748153,0.0,0.850531816482544,0.0,0.14946815371513367,1,-0.7010636627674103,0.2740453237745473,2.1406061958384712,-1.8543402417347594,0.9904336868631315,0.2740453237745473,0.7488907595786346,0.01378786262675952,0.2373213777946058,0.7488907595786346,0.01378786262675952,0.2373213777946058,0.7488907595786346,0.01378786262675952,-0.5115693817840288,1,1,0.064,1100.0,0.7740941792726517,0.9579179349019022,-0.4079179349019022
6,6,categorical_soft,0,0,False,0.0,0.0,1.0,0.0,0.0,1,-1.0,0.44159873980918257,4.7161588209510015,0.27252505666109744,-3.735506690895926,0.44159873980918257,0.9881460533609008,0.011642904290614344,0.00021104234848468134,0.9881460533609008,0.011642904290614344,0.00021104234848468134,0.9881460533609008,0.011642904290614344,-0.9879350110124161,1,1,0.128,920.0,0.9184840470552444,0.9829027041866822,-0.4329027041866822
7,7,categorical_soft,0,0,False,0.0,0.0,1.0,0.0,0.0,1,-1.0,0.4795821605350499,0.887426626218463,0.6939083898337232,-1.1121943991865848,0.4795821605350499,0.5101959377988815,0.4203143042795393,0.06948975792157916,0.5101959377988815,0.4203143042795393,0.06948975792157916,0.5101959377988815,0.4203143042795393,-0.4407061798773023,1,1,0.0,1020.0,0.046841979026794434,0.4129663606271245,0.13703363937287555
8,8,categorical_soft,1,1,True,0.1573025373588735,0.0,0.0,0.8426974415779114,0.15730254352092743,2,-0.685394898056984,0.22146925610024967,-2.0926766759557927,1.9460986477849929,0.18487005306010748,0.22146925610024967,0.014903139814742259,0.8406413225272835,0.1444555376579741,0.014903139814742259,0.8406413225272835,0.1444555376579741,0.8406413225272835,0.014903139814742259,-0.6961857848693094,2,2,0.256,470.0,0.5237435521557927,0.9342915810289389,-0.3842915810289389
9,9,categorical_soft,0,0,False,0.0,0.0,1.0,0.0,0.0,1,-1.0,0.4065484881084161,8.426505044959038,-2.2067514178746324,-3.763069148861252,0.4065484881084161,0.999970456883954,2.4339682936975748e-05,5.203433108944421e-06,0.999970456883954,2.4339682936975748e-05,5.203433108944421e-06,0.999970456883954,2.4339682936975748e-05,-0.9999652534508451,1,1,0.512,1010.0,1.1523869410157204,0.9938939755920116,-0.4438939755920116
10,10,categorical_soft,1,1,False,0.0,0.0,0.0,1.0,0.0,2,-1.0,0.4253828069546607,0.25102278519995924,1.598613979587081,-1.2130083505658025,0.4253828069546607,0.19681347486383466,0.7573528303301353,0.045833694806029925,0.19681347486383466,0.7573528303301353,0.045833694806029925,0.7573528303301353,0.19681347486383466,-0.7115191355241054,2,2,0.032,1170.0,0.730802558362484,0.9441724449195158,-0.39417244491951575
11,11,categorical_soft,1,1,True,0.15537181576585085,0.0,0.0,0.8446281552314758,0.15537181496620178,2,-0.689256340265274,0.24712038129085007,-1.6534881325266206,1.327109185282216,0.20890345308217345,0.24712038129085007,0.036896116862609664,0.7257571661560055,0.23734671698138482,0.036896116862609664,0.7257571661560055,0.23734671698138482,0.7257571661560055,0.036896116862609664,-0.4884104491746207,2,2,0.064,560.0,0.5649214829318225,0.9398221432929741,-0.38982214329297404
12,12,categorical_soft,1,1,False,0.0,0.0,0.0,1.0,0.0,2,-1.0,0.396967190013836,-0.6746903140335486,2.90756791025874,-1.5825256819258893,0.396967190013836,0.026777630690887948,0.9622393345413636,0.01098303476774841,0.026777630690887948,0.9622393345413636,0.01098303476774841,0.9622393345413636,0.026777630690887948,-0.9512562997736151,2,2,0.064,910.0,0.7842522263526917,0.9678326450270627,-0.41783264502706263
13,13,categorical_soft,1,1,False,0.0,0.0,0.0,1.0,0.0,2,-1.0,0.41840602697621343,-0.3551585203414424,2.081985271069623,-1.1428443760306748,0.41840602697621343,0.07753906464543411,0.8867960258291504,0.035664909525415386,0.07753906464543411,0.8867960258291504,0.035664909525415386,0.8867960258291504,0.07753906464543411,-0.8511311163037351,2,2,0.032,460.0,0.8103487938642502,0.9832889224471807,-0.43328892244718065
14,14,categorical_soft,1,1,False,0.0,0.0,0.0,1.0,0.0,2,-1.0,0.4175866635787716,-0.5141724793391973,2.2622018185926622,-1.186552762459453,0.4175866635787716,0.05691444141769557,0.9136523552542698,0.02943320332803458,0.05691444141769557,0.9136523552542698,0.02943320332803458,0.9136523552542698,0.05691444141769557,-0.8842191519262352,2,2,0.064,490.0,0.6984655410051346,0.970371268883655,-0.42037126888365495
15,15,categorical_soft,1,1,False,0.0,0.0,0.0,1.0,0.0,2,-1.0,0.4300396728713968,-0.11325584125838521,1.6384573652391008,-0.9638204609719422,0.4300396728713968,0.13898693197232528,0.8011721056621658,0.05984096236550901,0.13898693197232528,0.8011721056621658,0.05984096236550901,0.8011721056621658,0.13898693197232528,-0.7413311432966567,2,2,0.064,670.0,0.657180730602704,0.9555993270423452,-0.40559932704234514
16,16,categorical_soft,0,0,False,0.0,0.0,1.0,0.0,0.0,1,-1.0,0.4897085403419917,2.9529953340131625,0.6029919307114925,-2.7475120475340775,0.4897085403419917,0.9098377285054238,0.08709987268603157,0.0030623988085447485,0.9098377285054238,0.08709987268603157,0.0030623988085447485,0.9098377285054238,0.08709987268603157,-0.906775329696879,1,1,0.032,990.0,0.6548107713460922,0.9353335886244387,-0.38533358862443867
17,17,categorical_soft,0,0,False,0.0,0.0,1.0,0.0,0.0,1,-1.0,0.4487989876042334,4.505114544361158,0.31947733191492744,-3.6138682321223135,0.4487989876042334,0.9846926665707209,0.015013807423528041,0.0002935260057511482,0.9846926665707209,0.015013807423528041,0.0002935260057511482,0.9846926665707209,0.015013807423528041,-0.9843991405649697,1,1,0.064,1160.0,0.867465652525425,0.9710154946235546,-0.4210154946235546
18,18,categorical_soft,0,0,True,0.4703194649998598,0.0,0.5296805500984192,0.0,0.4703194797039032,1,-0.05936107039451599,0.33282942922863556,1.1400990036262595,-0.8174842184577598,0.42120479221388674,0.33282942922863556,0.6138898487865121,0.08679688882485595,0.2993132623886319,0.6138898487865121,0.08679688882485595,0.2993132623886319,0.6138898487865121,0.08679688882485595,-0.3145765863978802,1,1,0.064,880.0,0.14334997534751892,0.5723013908026424,-0.022301390802642374
19,19,categorical_soft,0,0,True,0.15783541674977236,0.0,0.8421645760536194,0.0,0.15783542394638062,1,-0.6843291521072388,0.3644824953409273,1.7341667532343084,-0.5409750530594273,-0.0009614391621947244,0.3644824953409273,0.7806304028093749,0.08026161956778562,0.1391079776228395,0.7806304028093749,0.08026161956778562,0.1391079776228395,0.7806304028093749,0.08026161956778562,-0.6415224251865355,1,1,0.064,890.0,0.6218863129615784,0.9327954541479567,-0.3827954541479567
20,20,categorical_soft,0,0,True,0.1385075905024299,0.0,0.861492395401001,0.0,0.13850758969783783,1,-0.7229848057031631,0.2641120958568549,5.801174119829138,-4.425897732960557,1.5186182546222025,0.2641120958568549,0.9859299364835593,3.572477559869388e-05,0.014034338740842095,0.9859299364835593,3.572477559869388e-05,0.014034338740842095,0.9859299364835593,3.572477559869388e-05,-0.9718955977427172,1,1,0.512,940.0,1.331511277705431,0.9976637240031028,-0.4476637240031027
21,21,categorical_soft,0,0,True,0.14257556409246797,0.0,0.8574244379997253,0.0,0.14257556200027466,1,-0.7148488759994507,0.29031945540336196,1.934759907719414,-1.6151977953649914,0.8527615784770296,0.29031945540336196,0.7309752439966829,0.021000029952680133,0.2480247260506371,0.7309752439966829,0.021000029952680133,0.2480247260506371,0.7309752439966829,0.021000029952680133,-0.4829505179460458,1,1,0.128,600.0,0.8269800916314125,0.9817964952979781,-0.43179649529797803
22,22,categorical_soft,1,1,True,0.17070501334162702,0.0,0.0,0.8292949795722961,0.17070502042770386,2,-0.6585899591445923,0.3315007920781352,-2.8058331944068695,2.0751126718002717,0.5465607160586433,0.3315007920781352,0.0061964485904303715,0.8163484020358256,0.17745514937374401,0.0061964485904303715,0.8163484020358256,0.17745514937374401,0.8163484020358256,0.0061964485904303715,-0.6388932526620816,2,2,0.256,810.0,0.5141643323004246,0.9000342722994452,-0.35003427229944517
23,23,categorical_soft,1,1,True,0.19562216334397986,0.0,0.0,0.8043778538703918,0.19562216103076935,2,-0.6087556928396225,0.41895393544757287,-0.13895989484836951,-0.04816545341516738,0.18175294603709827,0.41895393544757287,0.2879396332290208,0.31532049609812535,0.39673987067285393,0.2879396332290208,0.31532049609812535,0.39673987067285393,0.31532049609812535,0.2879396332290208,0.08141937457472859,3,3,0.0,880.0,0.4363681795075536,0.8495365426977518,-0.29953654269775176
24,24,categorical_soft,0,0,True,0.13827039345882153,0.0,0.861729621887207,0.0,0.13827039301395416,1,-0.7234592288732529,0.23699505560427384,5.022970823763175,-3.0474191217544266,0.5844228680492778,0.23699505560427384,0.9871684879193123,0.0003086696354159064,0.012522842445271748,0.9871684879193123,0.0003086696354159064,0.012522842445271748,0.9871684879193123,0.0003086696354159064,-0.9746456454740405,1,1,0.512,670.0,1.3751744218170643,0.9986372597710848,-0.4486372597710847
25,25,categorical_soft,0,0,True,0.13827917050404648,0.0,0.8617208003997803,0.0,0.13827916979789734,1,-0.7234416306018829,0.31902346072795384,4.698217076261457,-1.284711194184051,-1.307298073859253,0.31902346072795384,0.9949136395404782,0.0025099399550872234,0.0025764205044347004,0.9949136395404782,0.0025099399550872234,0.0025764205044347004,0.9949136395404782,0.0025099399550872234,-0.9923372190360434,1,1,0.512,490.0,1.3256772384047508,0.9986011338836283,-0.4486011338836282
26,26,categorical_soft,0,0,False,0.0,0.0,1.0,0.0,0.0,1,-1.0,0.4837358025279088,2.5830024115799657,0.6100210772583157,-2.500352133316089,0.4837358025279088,0.8728962031379341,0.12165680629351942,0.005446990568546623,0.8728962031379341,0.12165680629351942,0.005446990568546623,0.8728962031379341,0.12165680629351942,-0.8674492125693876,1,1,0.032,990.0,0.6256432682275772,0.9261054418610988,-0.37610544186109873
27,27,categorical_soft,1,1,False,0.0,0.0,0.0,1.0,0.0,2,-1.0,0.40642293717210104,-1.7262952154842655,3.1869326574252,-1.0994955543616993,0.40642293717210104,0.0072121473829944525,0.9790182113647372,0.013769641252268294,0.0072121473829944525,0.9790182113647372,0.013769641252268294,0.9790182113647372,0.0072121473829944525,-0.9652485701124689,2,2,0.256,670.0,1.0143475160002708,0.9920294334782974,-0.4420294334782974
28,28,categorical_soft,1,1,True,0.15346409575472014,0.0,0.0,0.8465359210968018,0.15346409380435944,2,-0.6930718272924423,0.2141861775917108,-2.4246498193966857,2.4480003185532335,0.1350565027052202,0.2141861775917108,0.00698020811906226,0.9035518949066963,0.0894678969742416,0.00698020811906226,0.9035518949066963,0.0894678969742416,0.9035518949066963,0.00698020811906226,-0.8140839979324547,2,2,0.256,700.0,0.6205295249819756,0.945465008707168,-0.39546500870716794
29,29,categorical_soft,1,1,False,0.0,0.0,0.0,1.0,0.0,2,-1.0,0.3663442425396622,-1.6713427507403238,4.233967823018929,-1.8988311013779566,0.3663442425396622,0.0027144950873874323,0.99508149523655,0.0022040096760625374,0.0027144950873874323,0.99508149523655,0.0022040096760625374,0.99508149523655,0.0027144950873874323,-0.9928774855604875,2,2,0.128,1110.0,0.8874989934265614,0.9751635105383551,-0.4251635105383551
30,30,categorical_soft,0,0,True,0.1382362113566537,0.0,0.8617637753486633,0.0,0.13823620975017548,1,-0.7235275655984879,0.29368981871875166,8.10346054025191,-3.5385050101149496,-1.309281968431419,0.29368981871875166,0.9998993999452157,8.824368315312457e-06,9.177568646905164e-05,0.9998993999452157,8.824368315312457e-06,9.177568646905164e-05,0.9998993999452157,8.824368315312457e-06,-0.9998076242587467,1,1,0.512,1100.0,1.502898057922721,0.9987780266649418,-0.4487780266649417
31,31,categorical_soft,1,1,True,0.1981886021193041,0.0,0.0,0.8018113970756531,0.19818860292434692,2,-0.6036227941513062,0.3614918753534571,1.497231612374611,-0.8454924733155973,0.32627805996468207,0.3614918753534571,0.7106501649688849,0.06834010336209197,0.22100973166902316,0.7106501649688849,0.06834010336209197,0.22100973166902316,0.06834010336209197,0.7106501649688849,0.1526696283069312,1,1,0.0,1080.0,0.4783298671245575,0.8450161845023628,-0.2950161845023628
32,32,categorical_soft,1,1,True,0.15878169880904897,0.0,0.0,0.8412182927131653,0.15878169238567352,2,-0.6824366003274918,0.3001927083182837,-3.5480471741364132,2.7632207262115474,0.6735991189163111,0.3001927083182837,0.0016128838255400446,0.8882104044837114,0.11017671169074857,0.0016128838255400446,0.8882104044837114,0.11017671169074857,0.8882104044837114,0.0016128838255400446,-0.7780336927929627,2,2,0.512,1110.0,0.6674912087619305,0.930169693553761,-0.38016969355376096
33,33,categorical_soft,1,1,True,0.15452912015120251,0.0,0.0,0.8454709053039551,0.1545291244983673,2,-0.6909417808055878,0.3219621728759272,-2.4247118544682933,1.7793641915760054,0.44563619216843653,0.3219621728759272,0.01168138736042525,0.7819403847629276,0.20637822787664714,0.01168138736042525,0.7819403847629276,0.20637822787664714,0.7819403847629276,0.01168138736042525,-0.5755621568862804,2,2,0.256,590.0,0.5813465155661106,0.9422921797796965,-0.39229217977969644
34,34,categorical_soft,1,1,True,0.1659572057517602,0.0,0.0,0.8340427875518799,0.16595721244812012,2,-0.6680855751037598,0.336867933369221,-3.22297605050168,2.4022909293110377,0.6508029034260863,0.336867933369221,0.0030616730130690246,0.849112909542409,0.14782541744452182,0.0030616730130690246,0.849112909542409,0.14782541744452182,0.849112909542409,0.0030616730130690246,-0.7012874920978872,2,2,0.512,980.0,0.5830800868570805,0.9114341793520553,-0.36143417935205524
35,35,categorical_soft,1,1,False,0.0,0.0,0.0,1.0,0.0,2,-1.0,0.40152002014936966,-1.857443338481459,3.3183386356561035,-1.087234681613982,0.40152002014936966,0.0055635434098897565,0.98217762619987,0.012258830390240182,0.0055635434098897565,0.98217762619987,0.012258830390240182,0.98217762619987,0.0055635434098897565,-0.9699187958096298,2,2,0.256,740.0,0.983464740216732,0.9899279505458738,-0.43992795054587375
36,36,categorical_soft,0,0,True,0.2756396611169857,0.0,0.7243603467941284,0.0,0.2756396532058716,1,-0.44872069358825684,0.3910072358814985,-0.5695537353646922,0.13308824098838673,0.16070924694171002,0.3910072358814985,0.19611535093469673,0.3965388273284726,0.4073458217368307,0.19611535093469673,0.3965388273284726,0.4073458217368307,0.19611535093469673,0.3965388273284726,0.21123047080213397,3,3,0.0,910.0,0.30457280576229095,0.7402439727377856,-0.1902439727377856
37,37,categorical_soft,1,1,True,0.5000959869728804,0.0,0.0,0.49990400671958923,0.5000959634780884,3,0.0001919567584991455,0.40576370929760086,0.29653802627090897,-0.20067050439511128,0.20924701499214193,0.40576370929760086,0.3961243986449611,0.24087277834704776,0.3630028230079912,0.3961243986449611,0.24087277834704776,0.3630028230079912,0.24087277834704776,0.3961243986449611,0.12213004466094343,1,1,0.0,530.0,0.03898046910762787,0.549928009768958,7.199023104209612e-05
38,38,categorical_soft,0,0,True,0.13969023630715088,0.0,0.8603097796440125,0.0,0.13969023525714874,1,-0.7206195443868637,0.32772072646962974,1.7656984296258826,-1.319530838722554,0.6481680088262008,0.32772072646962974,0.728086089396925,0.03329292247180973,0.23862098813126517,0.728086089396925,0.03329292247180973,0.23862098813126517,0.728086089396925,0.03329292247180973,-0.4894651012656598,1,1,0.128,420.0,0.9765269681811333,0.9928931070173358,-0.44289310701733575
39,39,categorical_soft,1,1,True,0.1427231677156029,0.0,0.0,0.8572768568992615,0.1427231729030609,2,-0.7145536839962006,0.214840724815067,-3.129512241052952,2.7002944918736036,0.47220847404040456,0.214840724815067,0.002647844585398732,0.9003186964194152,0.09703345899518612,0.002647844585398732,0.9003186964194152,0.09703345899518612,0.9003186964194152,0.002647844585398732,-0.8032852374242291,2,2,0.256,1000.0,0.9189697876572609,0.9812481310873736,-0.4312481310873736
40,40,categorical_soft,1,1,True,0.1449283766718838,0.0,0.0,0.8550716042518616,0.14492838084697723,2,-0.7101432234048843,0.2650238011488211,-3.179392701369177,2.5998877172287616,0.5117474980565235,0.2650238011488211,0.0027447029790382896,0.8871798967067306,0.11007540031423113,0.0027447029790382896,0.8871798967067306,0.11007540031423113,0.8871798967067306,0.0027447029790382896,-0.7771044963924995,2,2,0.512,780.0,0.7911144569516182,0.9732614526724147,-0.42326145267241466
41,41,categorical_soft,0,0,False,0.0,0.0,1.0,0.0,0.0,1,-1.0,0.43648319201757185,5.1390323083721965,0.08865572584996179,-3.8644076456363714,0.43648319201757185,0.9934891776292876,0.006388590554022386,0.00012223181669003942,0.9934891776292876,0.006388590554022386,0.00012223181669003942,0.9934891776292876,0.006388590554022386,-0.9933669458125975,1,1,0.128,1110.0,0.8105276525020599,0.9641567331433587,-0.41415673314335866
42,42,categorical_soft,1,1,True,0.18386932635116243,0.0,0.0,0.8161306977272034,0.18386933207511902,2,-0.6322613656520844,0.36948411451185814,-0.5704608794882643,0.16924546666532747,0.14817735233711488,0.36948411451185814,0.19414083236098917,0.40730528497989543,0.3985538826591154,0.19414083236098917,0.40730528497989543,0.3985538826591154,0.40730528497989543,0.19414083236098917,-0.008751402320780033,2,2,0.032,870.0,0.47157008200883865,0.8716904059750423,-0.3216904059750423
43,43,categorical_soft,0,0,False,0.0,0.0,1.0,0.0,0.0,1,-1.0,0.48955086111768376,3.3099374538774953,0.5998763929594694,-2.9954146308513474,0.48955086111768376,0.9357317201344537,0.0625481709929226,0.0017201088726237143,0.9357317201344537,0.0625481709929226,0.0017201088726237143,0.9357317201344537,0.0625481709929226,-0.93401161126183,1,1,0.064,560.0,0.5961449593305588,0.9479353693958872,-0.39793536939588714
44,44,categorical_soft,0,0,False,0.0,0.0,1.0,0.0,0.0,1,-1.0,0.45635809303196045,4.332733814381317,0.3689663216089537,-3.5222107493271735,0.45635809303196045,0.9809380703847983,0.018680540702621595,0.0003813889125802828,0.9809380703847983,0.018680540702621595,0.0003813889125802828,0.9809380703847983,0.018680540702621595,-0.980556681472218,1,1,0.032,1090.0,0.8813283666968346,0.9750127157054449,-0.42501271570544485
45,45,categorical_soft,0,0,True,0.2042680392286863,0.0,0.7957319617271423,0.0,0.20426803827285767,1,-0.5914639234542847,0.36862125515126337,1.1385367480993729,-0.6492834671900596,0.279165289828308,0.36862125515126337,0.6283040409813988,0.10529756478410954,0.2663983942344917,0.6283040409813988,0.10529756478410954,0.2663983942344917,0.6283040409813988,0.10529756478410954,-0.3619056467469071,1,1,0.064,490.0,0.3179522901773453,0.8346999382675498,-0.2846999382675498
46,46,categorical_soft,0,0,True,0.13885866885625836,0.0,0.8611413240432739,0.0,0.13885867595672607,1,-0.7222826480865479,0.3250162673121448,3.717875225679826,-3.2133828897351306,1.5549527623453532,0.3250162673121448,0.8958607075426295,0.0008760651424043635,0.10326322731496604,0.8958607075426295,0.0008760651424043635,0.10326322731496604,0.8958607075426295,0.0008760651424043635,-0.7925974802276634,1,1,0.256,960.0,1.238908588886261,0.9962331804667848,-0.44623318046678473
47,47,categorical_soft,1,1,True,0.1491607895783002,0.0,0.0,0.8508391976356506,0.14916078746318817,2,-0.7016784101724625,0.34006635244375044,-2.7256114999352454,1.9766030309121696,0.5309476148945587,0.34006635244375044,0.0072892589754091795,0.8030355258182194,0.18967521520637154,0.0072892589754091795,0.8030355258182194,0.18967521520637154,0.8030355258182194,0.0072892589754091795,-0.6133603106118478,2,2,0.512,580.0,0.6515953863272443,0.9589142773357157,-0.4089142773357156
48,48,categorical_soft,1,1,False,0.0,0.0,0.0,1.0,0.0,2,-1.0,0.36942044455634854,-1.5973388478984476,4.472466753156249,-2.1502836328247783,0.36942044455634854,0.0023059091313446544,0.9963408473704544,0.00135324349820097,0.0023059091313446544,0.9963408473704544,0.00135324349820097,0.9963408473704544,0.0023059091313446544,-0.9949876038722534,2,2,0.128,1170.0,0.9544913917779922,0.9806802795219415,-0.43068027952194143
49,49,categorical_soft,1,1,False,0.0,0.0,0.0,1.0,0.0,2,-1.0,0.3783566839361638,-1.0299655154283944,3.496054740832031,-1.8275689336950944,0.3783566839361638,0.010666438709126322,0.9844247689708074,0.004908792320066254,0.010666438709126322,0.9844247689708074,0.004908792320066254,0.9844247689708074,0.010666438709126322,-0.9795159766507412,2,2,0.128,670.0,0.8650231137871742,0.9835412539954715,-0.4335412539954715
50,50,categorical_soft,0,0,True,0.17652500160833862,0.0,0.8234750032424927,0.0,0.17652499675750732,1,-0.6469500064849854,0.41291007618772124,0.1652963334929604,-0.18570634006284434,0.2443431608319922,0.41291007618772124,0.3589534358947004,0.2526676548992074,0.3883789092060922,0.3589534358947004,0.2526676548992074,0.3883789092060922,0.3589534358947004,0.2526676548992074,0.02942547331139178,3,3,0.032,510.0,0.4125770479440689,0.8869672724728956,-0.3369672724728956
51,51,categorical_soft,1,1,True,0.14994993269699897,0.0,0.0,0.8500500917434692,0.14994993805885315,2,-0.7001001536846161,0.2900916360744799,-3.1510956929723943,2.4572184399308523,0.5857594269969623,0.2900916360744799,0.0031675496076733487,0.8636761429875133,0.13315630740481343,0.0031675496076733487,0.8636761429875133,0.13315630740481343,0.8636761429875133,0.0031675496076733487,-0.7305198355826998,2,2,0.256,1000.0,0.7418664749711752,0.9563678204530032,-0.4063678204530031
52,52,categorical_soft,0,0,True,0.13890481310209313,0.0,0.8610951900482178,0.0,0.13890480995178223,1,-0.7221903800964355,0.34707991800471816,3.5669834462821144,-2.7933239692187084,1.2366225687772379,0.34707991800471816,0.9093972430679281,0.001574629208199251,0.08902812772387267,0.9093972430679281,0.001574629208199251,0.08902812772387267,0.9093972430679281,0.001574629208199251,-0.8203691153440554,1,1,0.256,880.0,1.2093748897314072,0.9960460687413807,-0.44604606874138064
53,53,categorical_soft,1,1,True,0.1700814905199407,0.0,0.0,0.8299185037612915,0.1700814962387085,2,-0.659837007522583,0.2614015811428165,-1.1413145770592217,0.8189512270784507,0.1633316167911834,0.2614015811428165,0.08486391661360233,0.6023175185212968,0.3128185648651009,0.08486391661360233,0.6023175185212968,0.3128185648651009,0.6023175185212968,0.08486391661360233,-0.2894989536561959,2,2,0.032,770.0,0.5076670087873936,0.9014911272737932,-0.35149112727379317
54,54,categorical_soft,1,1,False,0.0,0.0,0.0,1.0,0.0,2,-1.0,0.38663953912526744,-0.883034255636573,3.7212665598199366,-2.097162354617656,0.38663953912526744,0.00988984878514038,0.9871113106643483,0.0029988405505114203,0.00988984878514038,0.9871113106643483,0.0029988405505114203,0.9871113106643483,0.00988984878514038,-0.9841124701138368,2,2,0.064,1070.0,0.7707834392786026,0.9587128420090807,-0.40871284200908065
55,55,categorical_soft,1,1,False,0.0,0.0,0.0,1.0,0.0,2,-1.0,0.4157397628770618,-0.3423212143795632,4.417994291710018,-2.9506733562343532,0.4157397628770618,0.008488120884159836,0.9908765990367433,0.0006352800790967961,0.008488120884159836,0.9908765990367433,0.0006352800790967961,0.9908765990367433,0.008488120884159836,-0.9902413189576466,2,2,0.064,1120.0,0.8611905425786972,0.9715009364845482,-0.4215009364845481
56,56,categorical_soft,0,0,False,0.0,0.0,1.0,0.0,0.0,1,-1.0,0.42302085917520377,6.697889507070063,-1.0505640545851391,-3.781727926998319,0.42302085917520377,0.9995379484622331,0.00043371070961219113,2.8340828154874616e-05,0.9995379484622331,0.00043371070961219113,2.8340828154874616e-05,0.9995379484622331,0.00043371070961219113,-0.9995096076340783,1,1,0.512,690.0,0.9768161326646805,0.990199551493082,-0.440199551493082
57,57,categorical_soft,0,0,True,0.15970363701444518,0.0,0.8402963876724243,0.0,0.15970364212989807,1,-0.6805927455425262,0.345448588953331,1.051850048001085,-0.7183556442308776,0.36716359274026544,0.345448588953331,0.5969864778057838,0.10181045754475178,0.30120306464946445,0.5969864778057838,0.10181045754475178,0.30120306464946445,0.5969864778057838,0.10181045754475178,-0.2957834131563194,1,1,0.064,460.0,0.500236913561821,0.9276486484729601,-0.3776486484729601
58,58,categorical_soft,1,1,True,0.3336827505310743,0.0,0.0,0.6663172245025635,0.33368274569511414,2,-0.33263447880744934,0.36562380926262483,-0.40096874856641695,0.11695771719587274,0.1251618951924021,0.36562380926262483,0.22873891859974677,0.384267248497482,0.38699383290277123,0.22873891859974677,0.384267248497482,0.38699383290277123,0.384267248497482,0.22873891859974677,0.002726584405289223,3,3,0.032,530.0,0.15421375632286072,0.6827785006137393,-0.1327785006137393
59,59,categorical_soft,1,1,False,0.0,0.0,0.0,1.0,0.0,2,-1.0,0.383683488398715,-0.9050610044986458,3.33859316647273,-1.782567303929738,0.383683488398715,0.014080680701898638,0.9799447657719709,0.005974553526130536,0.014080680701898638,0.9799447657719709,0.005974553526130536,0.9799447657719709,0.014080680701898638,-0.9739702122458403,2,2,0.064,870.0,0.7703574150800705,0.9672025823294294,-0.4172025823294293
60,60,categorical_soft,0,0,True,0.13862414130839523,0.0,0.8613758683204651,0.0,0.1386241465806961,1,-0.722751721739769,0.24807271324559815,4.799592253875966,-2.9442460956541288,0.616225427909023,0.24807271324559815,0.983636492216213,0.0004263738965634301,0.015937133887223558,0.983636492216213,0.0004263738965634301,0.015937133887223558,0.983636492216213,0.0004263738965634301,-0.9676993583289895,1,1,0.256,1070.0,1.3255500122904778,0.9971874450250001,-0.4471874450250001
61,61,categorical_soft,1,1,False,0.0,0.0,0.0,1.0,0.0,2,-1.0,0.3831720610168899,-2.699843768887418,3.626485254399025,-0.6112078587169819,0.3831720610168899,0.0017616585012441483,0.9837886702423685,0.014449671256387403,0.0017616585012441483,0.9837886702423685,0.014449671256387403,0.9837886702423685,0.0017616585012441483,-0.9693389989859811,2,2,0.512,870.0,0.9255192875862122,0.9844256769823115,-0.4344256769823115
62,62,categorical_soft,1,1,False,0.0,0.0,0.0,1.0,0.0,2,-1.0,0.48827210736141896,0.7167921185256059,0.5934051032838548,-0.8879009474586935,0.48827210736141896,0.4794634994017744,0.42368413012113004,0.0968523704770955,0.4794634994017744,0.42368413012113004,0.0968523704770955,0.42368413012113004,0.4794634994017744,-0.32683175964403455,1,1,0.0,980.0,0.2789652496576309,0.6978387305640433,-0.14783873056404329
63,63,categorical_soft,1,1,True,0.17366902544088542,0.0,0.0,0.8263309597969055,0.1736690253019333,2,-0.6526619344949722,0.265921772485464,-0.49757261880792053,1.0749790402376103,-0.2407727943400027,0.265921772485464,0.14146385558052635,0.6769503308945345,0.18158581352493913,0.14146385558052635,0.6769503308945345,0.18158581352493913,0.6769503308945345,0.14146385558052635,-0.49536451736959536,2,2,0.032,970.0,0.5385469272732735,0.8932635050298142,-0.3432635050298142
64,64,categorical_soft,1,1,True,0.4901604227321506,0.0,0.0,0.5098395943641663,0.49016043543815613,2,-0.019679158926010132,0.41949985777842036,-0.16628195248940225,-0.04900386702830511,0.18466494615869444,0.41949985777842036,0.2820763676618844,0.31724983241911636,0.4006737999189992,0.2820763676618844,0.31724983241911636,0.4006737999189992,0.31724983241911636,0.2820763676618844,0.08342396749988285,3,3,0.0,840.0,0.12118034064769745,0.5573811719932862,-0.00738117199328614
65,65,categorical_soft,1,1,False,0.0,0.0,0.0,1.0,0.0,2,-1.0,0.4987527132728292,1.6783772374804466,0.5033788670272517,-1.6863473384756003,0.4987527132728292,0.7441620455610108,0.229854149660453,0.025983804778536197,0.7441620455610108,0.229854149660453,0.025983804778536197,0.229854149660453,0.7441620455610108,-0.2038703448819168,1,1,0.0,1090.0,0.4844055473804474,0.8473326432389668,-0.2973326432389668
66,66,categorical_soft,0,0,False,0.0,0.0,1.0,0.0,0.0,1,-1.0,0.4216414931460048,8.07523434523593,-1.569803022760731,-4.224787313405683,0.4216414931460048,0.999930058858013,6.531412695450552e-05,4.6270150324483365e-06,0.999930058858013,6.531412695450552e-05,4.6270150324483365e-06,0.999930058858013,6.531412695450552e-05,-0.9999254318429805,1,1,0.512,890.0,1.2261307686567307,0.9963133969089378,-0.4463133969089378
67,67,categorical_soft,1,1,False,0.0,0.0,0.0,1.0,0.0,2,-1.0,0.36991706443320405,-1.6230572371950434,4.56013541268373,-2.1971003137100493,0.36991706443320405,0.0020595704540517594,0.9967570099286112,0.0011834196173369797,0.0020595704540517594,0.9967570099286112,0.0011834196173369797,0.9967570099286112,0.0020595704540517594,-0.9955735903112741,2,2,0.128,1100.0,0.8749115876853466,0.9739286109917756,-0.4239286109917756
68,68,categorical_soft,1,1,False,0.0,0.0,0.0,1.0,0.0,2,-1.0,0.3710379537014094,-1.6354793217002335,3.9379237631820785,-1.6987939065005513,0.3710379537014094,0.0037740158229234697,0.9926157350005054,0.0036102491765710155,0.0037740158229234697,0.9926157350005054,0.0036102491765710155,0.9926157350005054,0.0037740158229234697,-0.9890054858239343,2,2,0.128,960.0,0.9685422331094742,0.9859270080561116,-0.4359270080561115
69,69,categorical_soft,0,0,False,0.0,0.0,1.0,0.0,0.0,1,-1.0,0.46017757324514796,4.472185061467075,0.37576206756929004,-3.6332414288579415,0.46017757324514796,0.9833022022693608,0.016400244106851918,0.00029755362378713196,0.9833022022693608,0.016400244106851918,0.00029755362378713196,0.9833022022693608,0.016400244106851918,-0.9830046486455737,1,1,0.128,720.0,0.8523540496826172,0.9814357017170758,-0.4314357017170758
70,70,categorical_soft,0,0,False,0.0,0.0,1.0,0.0,0.0,1,-1.0,0.4911420369238176,0.6449983228224201,0.7956283663567617,-0.9644763396872389,0.4911420369238176,0.42317608080628216,0.49180369871842233,0.0850202204752956,0.42317608080628216,0.49180369871842233,0.0850202204752956,0.42317608080628216,0.49180369871842233,-0.33815586033098655,2,2,0.0,720.0,0.44834649562835693,0.8789702181222038,-0.32897021812220373
71,71,categorical_soft,0,0,False,0.0,0.0,1.0,0.0,0.0,1,-1.0,0.48310046719811395,3.8780412288430126,0.5027686394850546,-3.3030325227656006,0.48310046719811395,0.9660681944490724,0.03319311443058908,0.0007386911203384596,0.9660681944490724,0.03319311443058908,0.0007386911203384596,0.9660681944490724,0.03319311443058908,-0.965329503328734,1,1,0.032,780.0,0.8637105077505112,0.981132042637916,-0.43113204263791594
72,72,categorical_soft,1,1,False,0.0,0.0,0.0,1.0,0.0,2,-1.0,0.38553883443370124,-1.0050603251714851,4.279570446028903,-2.462909365683596,0.38553883443370124,0.005044524161127148,0.9937542095922993,0.0012012662465735538,0.005044524161127148,0.9937542095922993,0.0012012662465735538,0.9937542095922993,0.005044524161127148,-0.9925529433457257,2,2,0.064,1100.0,0.8855261914432049,0.9752206615559437,-0.4252206615559436
73,73,categorical_soft,1,1,True,0.22352256546050314,0.0,0.0,0.7764774560928345,0.22352255880832672,2,-0.5529548972845078,0.3929387179125984,0.2614159891917679,0.06003412809457774,-0.020046095029809724,0.3929387179125984,0.3888316518627164,0.3174760856089914,0.29369226252829217,0.3888316518627164,0.3174760856089914,0.29369226252829217,0.3174760856089914,0.3888316518627164,-0.023783823080699207,1,1,0.032,1070.0,0.41934990882873535,0.805071285281604,-0.25507128528160394
74,74,categorical_soft,1,1,False,0.0,0.0,0.0,1.0,0.0,2,-1.0,0.40305109981488185,-1.3262859038629766,3.1142411799845795,-1.3516035313494035,0.40305109981488185,0.011545920141244101,0.9769655986933806,0.011488481165375283,0.011545920141244101,0.9769655986933806,0.011488481165375283,0.9769655986933806,0.011545920141244101,-0.9654771175280054,2,2,0.256,470.0,0.750457413494587,0.9774343798942589,-0.4274343798942588
75,75,categorical_soft,0,0,True,0.13853784026948351,0.0,0.8614621758460999,0.0,0.13853783905506134,1,-0.7229243367910385,0.2875778165639903,7.195448342575172,-5.975390610490087,2.22444965411502,0.2875778165639903,0.9929273295600218,1.8981412438789528e-06,0.007070772298734478,0.9929273295600218,1.8981412438789528e-06,0.007070772298734478,0.9929273295600218,1.8981412438789528e-06,-0.9858565572612874,1,1,0.512,1130.0,1.367600105702877,0.9975399784909955,-0.44753997849099547
76,76,categorical_soft,1,1,False,0.0,0.0,0.0,1.0,0.0,2,-1.0,0.37686438024324553,-1.3865386365966084,3.690622689314754,-1.7171407805973484,0.37686438024324553,0.006179685906426492,0.9892915577607487,0.004528756332824549,0.006179685906426492,0.9892915577607487,0.004528756332824549,0.9892915577607487,0.006179685906426492,-0.9847628014279242,2,2,0.256,570.0,0.875366348773241,0.9860973961582832,-0.43609739615828313
77,77,categorical_soft,0,0,True,0.2843102796255571,0.0,0.7156897187232971,0.0,0.2843102812767029,1,-0.43137943744659424,0.41013593057215747,-0.3359901296074348,-0.00983500137956574,0.15143999611036071,0.41013593057215747,0.24905647319911056,0.3453831995524841,0.40556032724840546,0.24905647319911056,0.3453831995524841,0.40556032724840546,0.24905647319911056,0.3453831995524841,0.1565038540492949,3,3,0.0,540.0,0.20403078198432922,0.7309183744348664,-0.18091837443486636
78,78,categorical_soft,0,0,False,0.0,0.0,1.0,0.0,0.0,1,-1.0,0.48622224772468103,0.7753843532795107,0.5232759353979394,-0.893896390914529,0.48622224772468103,0.5085359022463709,0.3950985595984468,0.09636553815518224,0.5085359022463709,0.3950985595984468,0.09636553815518224,0.5085359022463709,0.3950985595984468,-0.4121703640911887,1,1,0.0,620.0,0.4462731406092644,0.8902290393494401,-0.34022903934944004
79,79,categorical_soft,0,0,False,0.0,0.0,1.0,0.0,0.0,1,-1.0,0.3982463611449716,8.633554516817682,-2.5623709901451144,-3.513736896176443,0.3982463611449716,0.9999806728110239,1.3875104043089474e-05,5.452084933105283e-06,0.9999806728110239,1.3875104043089474e-05,5.452084933105283e-06,0.9999806728110239,1.3875104043089474e-05,-0.9999752207260908,1,1,0.512,1000.0,1.1299725770950317,0.9932690070609597,-0.4432690070609596
80,80,categorical_soft,0,0,False,0.0,0.0,1.0,0.0,0.0,1,-1.0,0.48862031479849766,3.379518643435773,0.5989923176181005,-3.0434235737831004,0.48862031479849766,0.9399019072241627,0.05856201161878479,0.0015360811570525928,0.9399019072241627,0.05856201161878479,0.0015360811570525928,0.9399019072241627,0.05856201161878479,-0.93836582606711,1,1,0.064,800.0,0.7522460445761681,0.9670563502311729,-0.4170563502311728
81,81,categorical_soft,1,1,False,0.0,0.0,0.0,1.0,0.0,2,-1.0,0.48523778737494955,1.3090694440474553,0.5614749812439641,-1.4107884343318435,0.48523778737494955,0.6493499217147213,0.30749600582835784,0.04315407245692091,0.6493499217147213,0.30749600582835784,0.04315407245692091,0.30749600582835784,0.6493499217147213,-0.2643419333714369,1,1,0.0,870.0,0.6061205714941025,0.9293726519956671,-0.37937265199566705
82,82,categorical_soft,1,1,True,0.23795408725147604,0.0,0.0,0.7620459198951721,0.23795408010482788,2,-0.5240918397903442,0.4137380001086363,0.37521729119914893,-0.030830759946856533,0.01243225223655205,0.4137380001086363,0.4233656931175765,0.2818388731911593,0.29479543369126426,0.4233656931175765,0.2818388731911593,0.29479543369126426,0.2818388731911593,0.4233656931175765,0.012956560500104963,1,1,0.0,890.0,0.35041680932044983,0.7852620969120172,-0.23526209691201716
83,83,categorical_soft,0,0,True,0.36947866635092386,0.0,0.6305213570594788,0.0,0.36947867274284363,1,-0.26104268431663513,0.40066896820832476,-0.00017181453631716915,0.17490939877721232,-0.033575411027699176,0.40066896820832476,0.3172964028510448,0.3768883074098517,0.3058152897391035,0.3172964028510448,0.3768883074098517,0.3058152897391035,0.3172964028510448,0.3768883074098517,-0.011481113111941332,2,2,0.0,950.0,0.22867665439844131,0.651605641655162,-0.10160564165516195
84,84,categorical_soft,1,1,False,0.0,0.0,0.0,1.0,0.0,2,-1.0,0.4735585782702242,0.26569436857060247,1.002998002951492,-0.7934025430292114,0.4735585782702242,0.29075924429770755,0.6078639940038797,0.10137676169841285,0.29075924429770755,0.6078639940038797,0.10137676169841285,0.6078639940038797,0.29075924429770755,-0.5064872323054669,2,2,0.0,1000.0,0.550745278596878,0.8955086415069909,-0.3455086415069909
85,85,categorical_soft,1,1,False,0.0,0.0,0.0,1.0,0.0,2,-1.0,0.3869225082064918,-2.179931675057454,3.600491373811449,-1.0243300728765417,0.3869225082064918,0.0030526561807888647,0.9870690471910375,0.009878296628173619,0.0030526561807888647,0.9870690471910375,0.009878296628173619,0.9870690471910375,0.0030526561807888647,-0.9771907505628639,2,2,0.256,930.0,0.8126536016352475,0.9712387698232933,-0.4212387698232932
86,86,categorical_soft,0,0,True,0.1401671634825094,0.0,0.8598328232765198,0.0,0.14016716182231903,1,-0.7196656614542007,0.30619127483745084,2.349258121496278,-1.953949833775691,1.0026090772071332,0.30619127483745084,0.7848735828523327,0.010618422125861327,0.20450799502180597,0.7848735828523327,0.010618422125861327,0.20450799502180597,0.7848735828523327,0.010618422125861327,-0.5803655878305267,1,1,0.128,720.0,1.0018488429486752,0.99100729361372,-0.44100729361371993
87,87,categorical_soft,0,0,True,0.1579737808476096,0.0,0.8420262336730957,0.0,0.1579737812280655,1,-0.6840524524450302,0.36972184471264447,1.417275411647779,-0.6836761305879057,0.21833212798100118,0.36972184471264447,0.7017332309336265,0.08596754098742886,0.21229922807894464,0.7017332309336265,0.08596754098742886,0.21229922807894464,0.7017332309336265,0.08596754098742886,-0.48943400285468186,1,1,0.128,440.0,0.5102233439683914,0.9324090586510734,-0.38240905865107333
88,88,categorical_soft,1,1,True,0.15601400032370472,0.0,0.0,0.8439859747886658,0.15601399540901184,2,-0.6879719793796539,0.18624210528631316,-1.8366439681999793,2.2649850696651264,-0.12467502613749196,0.18624210528631316,0.01511293795365325,0.9021869685054213,0.08270009354092543,0.01511293795365325,0.9021869685054213,0.08270009354092543,0.9021869685054213,0.01511293795365325,-0.8194868749644959,2,2,0.064,920.0,0.6466557011008263,0.9379630827620945,-0.38796308276209446
89,89,categorical_soft,0,0,True,0.13867979422016208,0.0,0.8613201975822449,0.0,0.13867978751659393,1,-0.7226404100656509,0.3466863204761407,3.64120187180457,-2.957153557784962,1.3547601877375568,0.3466863204761407,0.9062081250595563,0.0012366662548819849,0.0925552086855617,0.9062081250595563,0.0012366662548819849,0.0925552086855617,0.9062081250595563,0.0012366662548819849,-0.8136529163739946,1,1,0.512,550.0,1.1821235120296478,0.9969605032899925,-0.4469605032899925
90,90,categorical_soft,0,0,False,0.0,0.0,1.0,0.0,0.0,1,-1.0,0.4294880230806042,8.001245714835504,-1.280145778806498,-4.4995295482559685,0.4294880230806042,0.9999022968469621,9.392747896377202e-05,3.7756740739674162e-06,0.9999022968469621,9.392747896377202e-05,3.7756740739674162e-06,0.9999022968469621,9.392747896377202e-05,-0.9998985211728881,1,1,0.512,880.0,1.2769555374979973,0.997160080993963,-0.447160080993963
91,91,categorical_soft,0,0,True,0.1385059640391194,0.0,0.8614940643310547,0.0,0.1385059654712677,1,-0.722988098859787,0.3618913766651571,6.1935285257288255,-5.357664266725585,2.2431850276723972,0.3618913766651571,0.9809281535445018,9.473143041647023e-06,0.01906237331245665,0.9809281535445018,9.473143041647023e-06,0.01906237331245665,0.9809281535445018,9.473143041647023e-06,-0.9618657802320452,1,1,0.512,1080.0,1.366443656384945,0.9976703801408602,-0.44767038014086014
92,92,categorical_soft,1,1,False,0.0,0.0,0.0,1.0,0.0,2,-1.0,0.3759554713213254,-1.4286644514815428,3.7273047118301292,-1.7098991860770336,0.3759554713213254,0.005714501291630205,0.9898864597960086,0.004399038912361144,0.005714501291630205,0.9898864597960086,0.004399038912361144,0.9898864597960086,0.005714501291630205,-0.9854874208836475,2,2,0.256,560.0,0.9402712360024452,0.9899754196958969,-0.4399754196958968
93,93,categorical_soft,0,0,False,0.0,0.0,1.0,0.0,0.0,1,-1.0,0.42513495398116874,6.177776840169404,-0.8153754302616948,-3.6577048183868115,0.42513495398116874,0.9990245909098666,0.0009216046234422767,5.380446669115255e-05,0.9990245909098666,0.0009216046234422767,5.380446669115255e-05,0.9990245909098666,0.0009216046234422767,-0.9989707864431755,1,1,0.256,1010.0,0.89406618475914,0.9786080040410493,-0.42860800404104926
94,94,categorical_soft,0,0,False,0.0,0.0,1.0,0.0,0.0,1,-1.0,0.4858825758369377,2.493132385999459,0.5898149013067484,-2.413139377776234,0.4858825758369377,0.864447324350705,0.12911153185583063,0.006441143793464249,0.864447324350705,0.12911153185583063,0.006441143793464249,0.864447324350705,0.12911153185583063,-0.8580061805572408,1,1,0.032,1190.0,0.02443823218345642,0.33922723566905744,0.2107727643309426
95,95,categorical_soft,1,1,False,0.0,0.0,0.0,1.0,0.0,2,-1.0,0.41377964719603105,-1.0935388843889107,2.7136628715479096,-1.204623964593115,0.41377964719603105,0.02134017206523254,0.9591693841897255,0.019490443745041934,0.02134017206523254,0.9591693841897255,0.019490443745041934,0.9591693841897255,0.02134017206523254,-0.9396789404446836,2,2,0.128,600.0,0.7799523025751114,0.9771726121679656,-0.42717261216796554
96,96,categorical_soft,1,1,False,0.0,0.0,0.0,1.0,0.0,2,-1.0,0.3914090322566871,-0.9137505843188473,3.0362165792363984,-1.542504872323593,0.3914090322566871,0.01871847411480184,0.9711040772304862,0.010177448654711907,0.01871847411480184,0.9711040772304862,0.010177448654711907,0.9711040772304862,0.01871847411480184,-0.9609266285757743,2,2,0.128,540.0,0.7702847868204117,0.9777200244845375,-0.4277200244845375
97,97,categorical_soft,0,0,False,0.0,0.0,1.0,0.0,0.0,1,-1.0,0.4405277760166034,4.7037567383451515,0.2649628082176806,-3.7193679640649187,0.4405277760166034,0.988083755338821,0.011699109233361118,0.00021713542781812484,0.988083755338821,0.011699109233361118,0.00021713542781812484,0.988083755338821,0.011699109233361118,-0.9878666199110029,1,1,0.128,850.0,0.8069951236248016,0.9730954313510861,-0.42309543135108607
98,98,categorical_soft,0,0,False,0.0,0.0,1.0,0.0,0.0,1,-1.0,0.4296248422643476,6.601316256032183,-0.8073450961530872,-3.985797364120608,0.4296248422643476,0.9993656899453652,0.0006089064689288324,2.540358570599213e-05,0.9993656899453652,0.0006089064689288324,2.540358570599213e-05,0.9993656899453652,0.0006089064689288324,-0.9993402863596592,1,1,0.256,1130.0,0.940323144197464,0.980270773974937,-0.43027077397493696
99,99,categorical_soft,1,1,False,0.0,0.0,0.0,1.0,0.0,2,-1.0,0.40173644785277157,-1.8973660381173159,3.3196174974894617,-1.056482633131931,0.40173644785277157,0.005338079978198138,0.9820402222456945,0.012621697776107207,0.005338079978198138,0.9820402222456945,0.012621697776107207,0.9820402222456945,0.005338079978198138,-0.9694185244695873,2,2,0.256,770.0,0.8457882143557072,0.9796723792946275,-0.4296723792946274
100,100,categorical_soft,0,0,True,0.3376142361206555,0.0,0.6623857617378235,0.0,0.3376142382621765,1,-0.324771523475647,0.4176893256015529,0.13804617992084117,-0.12581637985446908,0.19394419405203797,0.4176893256015529,0.3539931566900626,0.27181118181243175,0.37419566149750566,0.3539931566900626,0.27181118181243175,0.37419566149750566,0.3539931566900626,0.27181118181243175,0.020202504807443067,3,3,0.032,440.0,0.12880773842334747,0.6792309287486062,-0.1292309287486062
101,101,categorical_soft,0,0,False,0.0,0.0,1.0,0.0,0.0,1,-1.0,0.43935785957015205,4.72610194257095,0.25455996052361385,-3.7265153630964547,0.43935785957015205,0.9884614811688304,0.011327619585157324,0.0002108992460123216,0.9884614811688304,0.011327619585157324,0.0002108992460123216,0.9884614811688304,0.011327619585157324,-0.988250581922818,1,1,0.128,830.0,0.830107644200325,0.9764743892344655,-0.42647438923446546
102,102,categorical_soft,1,1,False,0.0,0.0,0.0,1.0,0.0,2,-1.0,0.3987166595052499,-3.345944228703842,3.698666074719422,-0.12776039709252607,0.3987166595052499,0.0008530564778160306,0.9776487790150791,0.021498164507105042,0.0008530564778160306,0.9776487790150791,0.021498164507105042,0.9776487790150791,0.0008530564778160306,-0.956150614507974,2,2,0.512,1170.0,0.895032768137753,0.9742936447438079,-0.4242936447438078
103,103,categorical_soft,0,0,False,0.0,0.0,1.0,0.0,0.0,1,-1.0,0.5020407004495147,1.5800288538631333,0.49416130682459614,-1.5943762504873342,0.5020407004495147,0.7246871801216225,0.2447018285913251,0.030610991287052414,0.7246871801216225,0.2447018285913251,0.030610991287052414,0.7246871801216225,0.2447018285913251,-0.6940761888345701,1,1,0.0,1100.0,0.23338864743709564,0.6150104376710481,-0.06501043767104808
104,104,categorical_soft,1,1,True,0.4096164916586834,0.0,0.0,0.5903835296630859,0.40961650013923645,2,-0.1807670295238495,0.42071487539113334,0.16213011979361575,0.5906359454187362,-0.28016274779601,0.42071487539113334,0.31517612800155415,0.4828575410280161,0.20196633097042974,0.31517612800155415,0.4828575410280161,0.20196633097042974,0.4828575410280161,0.31517612800155415,-0.2808912100575863,2,2,0.032,540.0,0.09940434992313385,0.618978002070126,-0.06897800207012594
105,105,categorical_soft,1,1,True,0.18887130337457675,0.0,0.0,0.8111286759376526,0.18887130916118622,2,-0.6222573667764664,0.34107151718013673,-1.5207440793429188,0.9079051707309954,0.3081914741441098,0.34107151718013673,0.05382003008958268,0.6106362133680274,0.3355437565423899,0.05382003008958268,0.6106362133680274,0.3355437565423899,0.6106362133680274,0.05382003008958268,-0.27509245682563754,2,2,0.064,550.0,0.3758755214512348,0.8619496191417857,-0.31194961914178565
106,106,categorical_soft,1,1,False,0.0,0.0,0.0,1.0,0.0,2,-1.0,0.4180954721545186,-0.44776979134581857,2.171317554360888,-1.1558509651539484,0.4180954721545186,0.0657201499105153,0.9015127260893291,0.03276712400015578,0.0657201499105153,0.9015127260893291,0.03276712400015578,0.9015127260893291,0.0657201499105153,-0.8687456020891733,2,2,0.064,500.0,0.7896378748118877,0.9806371703308566,-0.4306371703308566
107,107,categorical_soft,0,0,False,0.0,0.0,1.0,0.0,0.0,1,-1.0,0.43695460113380735,4.702935655937448,0.23407665800812646,-3.68940733247666,0.43695460113380735,0.9884168971746228,0.011359117427707502,0.00022398539766971997,0.9884168971746228,0.011359117427707502,0.00022398539766971997,0.9884168971746228,0.011359117427707502,-0.988192911776953,1,1,0.064,1090.0,0.6760236322879791,0.9343389584901522,-0.3843389584901522
108,108,categorical_soft,1,1,False,0.0,0.0,0.0,1.0,0.0,2,-1.0,0.38323176318920316,-1.6014041724056765,3.590801857102303,-1.470902111979394,0.38323176318920316,0.0055024049625719,0.9881051505191124,0.006392444518315743,0.0055024049625719,0.9881051505191124,0.006392444518315743,0.9881051505191124,0.0055024049625719,-0.9817127060007966,2,2,0.512,420.0,0.9626827612519264,0.9923966606535153,-0.44239666065351524
109,109,categorical_soft,0,0,True,0.13903218305788395,0.0,0.8609678149223328,0.0,0.13903218507766724,1,-0.7219356298446655,0.30085085104236287,5.061180339250258,-2.446134238209391,-0.20560589060677031,0.30085085104236287,0.9939122116220716,0.0005462095652857973,0.005541578812642535,0.9939122116220716,0.0005462095652857973,0.005541578812642535,0.9939122116220716,0.0005462095652857973,-0.988370632809429,1,1,0.256,1090.0,1.2358582559973001,0.9955306831056581,-0.445530683105658
110,110,categorical_soft,1,1,False,0.0,0.0,0.0,1.0,0.0,2,-1.0,0.4331232733787698,0.03719214569925468,1.3620307877335738,-0.8770010380661752,0.4331232733787698,0.19359008438373693,0.7282544045145889,0.07815551110167428,0.19359008438373693,0.7282544045145889,0.07815551110167428,0.7282544045145889,0.19359008438373693,-0.6500988934129146,2,2,0.032,490.0,0.6406727135181427,0.9610210045554824,-0.4110210045554824
111,111,categorical_soft,1,1,False,0.0,0.0,0.0,1.0,0.0,2,-1.0,0.43148492774217423,-0.4909039985027631,1.8635307983850353,-0.9142241856094973,0.43148492774217423,0.08204614947731484,0.8635867628591981,0.05436708766348706,0.08204614947731484,0.8635867628591981,0.05436708766348706,0.8635867628591981,0.08204614947731484,-0.809219675195711,2,2,0.032,600.0,0.29688987880945206,0.7995060550026047,-0.2495060550026047
112,112,categorical_soft,1,1,True,0.1814254125808215,0.0,0.0,0.8185746073722839,0.18142540752887726,2,-0.6371491998434067,0.2305429866507228,-2.3818493961177114,1.9652610556625778,0.38423313980946844,0.2305429866507228,0.010622612276387788,0.8204757645046085,0.16890162321900373,0.010622612276387788,0.8204757645046085,0.16890162321900373,0.8204757645046085,0.010622612276387788,-0.6515741412856048,2,2,0.064,1090.0,0.5347029687836766,0.8766373137828818,-0.32663731378288174
113,113,categorical_soft,0,0,False,0.0,0.0,1.0,0.0,0.0,1,-1.0,0.4740067790800363,4.196270015835475,0.46874056064365044,-3.5073807763099816,0.4740067790800363,0.9759842478920284,0.023573567487625034,0.00044218462034665673,0.9759842478920284,0.023573567487625034,0.00044218462034665673,0.9759842478920284,0.023573567487625034,-0.9755420632716818,1,1,0.128,740.0,0.859238401055336,0.9816118736481374,-0.43161187364813736
114,114,categorical_soft,0,0,True,0.1397140909595591,0.0,0.8602859377861023,0.0,0.1397140920162201,1,-0.7205718457698822,0.29221803989055195,3.075954120983886,-1.7393318363218906,0.47325812461461114,0.29221803989055195,0.9226914311403724,0.007481814501259003,0.06982675435836859,0.9226914311403724,0.007481814501259003,0.06982675435836859,0.9226914311403724,0.007481814501259003,-0.8528646767820038,1,1,0.128,1110.0,1.143107857555151,0.992798274687235,-0.442798274687235
115,115,categorical_soft,0,0,False,0.0,0.0,1.0,0.0,0.0,1,-1.0,0.46590622677237914,4.329719997056862,0.4201324148886282,-3.5645162707526543,0.46590622677237914,0.9799189489200544,0.019714406465785782,0.0003666446141599767,0.9799189489200544,0.019714406465785782,0.0003666446141599767,0.9799189489200544,0.019714406465785782,-0.9795523043058944,1,1,0.256,400.0,0.8786294907331467,0.9888229953165317,-0.4388229953165317
116,116,categorical_soft,0,0,True,0.13828874431963267,0.0,0.8617112636566162,0.0,0.13828875124454498,1,-0.7234225124120712,0.2731439429039342,4.946952507982858,-2.569248019190179,0.059897510454632874,0.2731439429039342,0.991336348460829,0.0005395574387712404,0.008124094100399852,0.991336348460829,0.0005395574387712404,0.008124094100399852,0.991336348460829,0.0005395574387712404,-0.9832122543604291,1,1,0.512,690.0,1.3690884998068213,0.9985617374980715,-0.4485617374980715
117,117,categorical_soft,1,1,True,0.3776829839284971,0.0,0.0,0.6223170161247253,0.37768298387527466,2,-0.24463403224945068,0.24187432366181683,-0.5334719269565955,0.7288769267899282,-0.059303924246353466,0.24187432366181683,0.16356418450155624,0.5750461488755436,0.2613896666229002,0.16356418450155624,0.5750461488755436,0.2613896666229002,0.5750461488755436,0.16356418450155624,-0.3136564822526434,2,2,0.032,1090.0,0.25692538917064667,0.6447691894907673,-0.09476918949076729
118,118,categorical_soft,0,0,False,0.0,0.0,1.0,0.0,0.0,1,-1.0,0.4899915439439786,0.5962256101397807,0.891384978349414,-0.988375673259338,0.4899915439439786,0.3923317987423261,0.5268723064885908,0.08079589476908307,0.3923317987423261,0.5268723064885908,0.08079589476908307,0.3923317987423261,0.5268723064885908,-0.31153590397324304,2,2,0.0,530.0,0.14550048112869263,0.6734340588596291,-0.1234340588596291
119,119,categorical_soft,1,1,False,0.0,0.0,0.0,1.0,0.0,2,-1.0,0.4177888554206248,-0.23217746959806895,2.038433860412312,-1.184773643516549,0.4177888554206248,0.09030386888469917,0.8745167554762432,0.03517937563905775,0.09030386888469917,0.8745167554762432,0.03517937563905775,0.8745167554762432,0.09030386888469917,-0.8393373798371855,2,2,0.032,1020.0,0.7461745217442513,0.9562448127595157,-0.4062448127595156
120,120,categorical_soft,0,0,False,0.0,0.0,1.0,0.0,0.0,1,-1.0,0.4571205748789067,4.342132262450211,0.3718852966325741,-3.5316720541376982,0.4571205748789067,0.981062702351245,0.01856296663027628,0.00037433101847872245,0.981062702351245,0.01856296663027628,0.00037433101847872245,0.981062702351245,0.01856296663027628,-0.9806883713327663,1,1,0.064,1140.0,0.8811020478606224,0.9734726540334536,-0.4234726540334536
121,121,categorical_soft,1,1,False,0.0,0.0,0.0,1.0,0.0,2,-1.0,0.4247678635776448,0.12157563367294517,1.4852674938733235,-1.0270980499291213,0.4247678635776448,0.19120095529201567,0.747743046057064,0.06105599865092032,0.19120095529201567,0.747743046057064,0.06105599865092032,0.747743046057064,0.19120095529201567,-0.6866870474061437,2,2,0.032,1030.0,0.44420781126245856,0.8304270220552399,-0.28042702205523984
122,122,categorical_soft,0,0,False,0.0,0.0,1.0,0.0,0.0,1,-1.0,0.48387976386900944,1.9604975252533698,0.5979935282940774,-2.0080592032959292,0.48387976386900944,0.784142849752873,0.20088767680190395,0.014969473445223123,0.784142849752873,0.20088767680190395,0.014969473445223123,0.784142849752873,0.20088767680190395,-0.7691733763076498,1,1,0.032,770.0,0.5590284466743469,0.921742720182926,-0.371742720182926
123,123,categorical_soft,1,1,False,0.0,0.0,0.0,1.0,0.0,2,-1.0,0.4018096043885279,-0.5416188370419327,2.98931084063747,-1.7265783992884196,0.4018096043885279,0.02820620092204637,0.9630344188308125,0.008759380247140854,0.02820620092204637,0.9630344188308125,0.008759380247140854,0.9630344188308125,0.02820620092204637,-0.9542750385836717,2,2,0.064,970.0,0.8382994756102562,0.9733338173655368,-0.42333381736553677
124,124,categorical_soft,1,1,False,0.0,0.0,0.0,1.0,0.0,2,-1.0,0.4034975751779962,-0.5111883164679407,2.8763152467998383,-1.656750060111166,0.4034975751779962,0.032357309921465745,0.9571968858477481,0.010445804230786122,0.032357309921465745,0.9571968858477481,0.010445804230786122,0.9571968858477481,0.032357309921465745,-0.946751081616962,2,2,0.064,900.0,0.7135881632566452,0.9555940568279244,-0.4055940568279244
125,125,categorical_soft,1,1,True,0.5794127886650615,0.0,0.0,0.4205872118473053,0.5794128179550171,3,0.1588256061077118,0.4259604455740623,-0.13078362549197378,-0.07102752150230232,0.20140513383878292,0.4259604455740623,0.2893646632163952,0.30727279792637896,0.40336253885722584,0.2893646632163952,0.30727279792637896,0.40336253885722584,0.30727279792637896,0.2893646632163952,0.09608974093084688,3,3,0.0,630.0,0.014298170804977417,0.489638852732902,0.06036114726709807
126,126,categorical_soft,0,0,False,0.0,0.0,1.0,0.0,0.0,1,-1.0,0.48606727015020057,3.5405250573176543,0.5943822887027499,-3.152294275558924,0.48606727015020057,0.9487096726878971,0.050106599942080464,0.0011837273700223382,0.9487096726878971,0.050106599942080464,0.0011837273700223382,0.9487096726878971,0.050106599942080464,-0.9475259453178747,1,1,0.064,710.0,0.7786474227905273,0.9738569134677411,-0.423856913467741
127,127,categorical_soft,1,1,True,0.14917704361324657,0.0,0.0,0.8508229851722717,0.14917704463005066,2,-0.7016459405422211,0.21640024542421005,-2.6599835131928917,2.3558780734723195,0.3459951747897788,0.21640024542421005,0.005829096294618594,0.8766777217539021,0.11749318195147933,0.005829096294618594,0.8766777217539021,0.11749318195147933,0.8766777217539021,0.005829096294618594,-0.7591845398024228,2,2,0.256,800.0,0.7053017374128103,0.9588614438144833,-0.4088614438144833
128,128,categorical_soft,0,0,False,0.0,0.0,1.0,0.0,0.0,1,-1.0,0.4356235775249754,5.437389214525432,-0.12797642405589799,-3.8548071144529756,0.4356235775249754,0.9960809373647029,0.0038271243397057842,9.193829559132312e-05,0.9960809373647029,0.0038271243397057842,9.193829559132312e-05,0.9960809373647029,0.0038271243397057842,-0.9959889990691116,1,1,0.256,810.0,0.9328049719333649,0.9859995425646517,-0.4359995425646517
129,129,categorical_soft,1,1,False,0.0,0.0,0.0,1.0,0.0,2,-1.0,0.46623951436539884,0.2908989314085825,1.0795045454682417,-0.8660298414828983,0.46623951436539884,0.2843544356062171,0.6257329782316976,0.08991258616208526,0.2843544356062171,0.6257329782316976,0.08991258616208526,0.6257329782316976,0.2843544356062171,-0.5358203920696123,2,2,0.0,740.0,0.4401589300541673,0.8719570289551434,-0.32195702895514333
130,130,categorical_soft,0,0,True,0.13932300532074077,0.0,0.8606770038604736,0.0,0.13932301104068756,1,-0.7213539928197861,0.34444649205556843,3.2979048402128948,-2.4669505890635293,1.066632888696574,0.34444649205556843,0.8998140741446594,0.0028254396850136442,0.09736048617032687,0.8998140741446594,0.0028254396850136442,0.09736048617032687,0.8998140741446594,0.0028254396850136442,-0.8024535879743325,1,1,0.256,760.0,1.1072956509888172,0.9943598641772323,-0.4443598641772323
131,131,categorical_soft,1,1,True,0.26710387641292066,0.0,0.0,0.7328961491584778,0.2671038806438446,2,-0.4657922685146332,0.4277565534769076,-0.2722832056818193,-0.04416087995027559,0.16057886691688342,0.4277565534769076,0.2632573763617111,0.3308411394883846,0.40590148414990423,0.2632573763617111,0.3308411394883846,0.40590148414990423,0.3308411394883846,0.2632573763617111,0.07506034466151962,3,3,0.0,450.0,0.20189611613750458,0.7497536010137897,-0.1997536010137897
132,132,categorical_soft,1,1,True,0.1942978501231068,0.0,0.0,0.8057021498680115,0.19429785013198853,2,-0.611404299736023,0.3951207213602575,-0.061355319340196314,0.3208107580671438,-0.08829837895742111,0.3951207213602575,0.29169125682226776,0.4258058986588886,0.2825028445188436,0.29169125682226776,0.4258058986588886,0.2825028445188436,0.4258058986588886,0.29169125682226776,-0.14330305414004502,2,2,0.0,450.0,0.33466777577996254,0.8519102310008333,-0.30191023100083325
133,133,categorical_soft,1,1,True,0.1479900162383735,0.0,0.0,0.8520100116729736,0.14799001812934875,2,-0.7040199935436249,0.1890667600232979,-3.0954455920141504,2.944054189099878,0.3377044467001968,0.1890667600232979,0.002224257561645836,0.9291514975305011,0.06862424490785309,0.002224257561645836,0.9291514975305011,0.06862424490785309,0.9291514975305011,0.002224257561645836,-0.860527252622648,2,2,0.256,1060.0,0.7902041841298342,0.9627634908850646,-0.4127634908850646
134,134,categorical_soft,1,1,False,0.0,0.0,0.0,1.0,0.0,2,-1.0,0.38329555307239593,-1.7419365834943015,3.63353251369105,-1.3891017738744578,0.38329555307239593,0.004583901838990204,0.9887665210199212,0.006649577141088529,0.004583901838990204,0.9887665210199212,0.006649577141088529,0.9887665210199212,0.004583901838990204,-0.9821169438788327,2,2,0.512,420.0,0.9185963869094849,0.9905750027375144,-0.4405750027375144
135,135,categorical_soft,1,1,False,0.0,0.0,0.0,1.0,0.0,2,-1.0,0.38490107885724345,-0.9473875114982968,3.223776502340217,-1.6658490157551973,0.38490107885724345,0.01510048669986663,0.9773877173332736,0.007511795966859911,0.01510048669986663,0.9773877173332736,0.007511795966859911,0.9773877173332736,0.01510048669986663,-0.9698759213664137,2,2,0.128,550.0,0.8471453636884689,0.9844363066557632,-0.43443630665576316
136,136,categorical_soft,1,1,False,0.0,0.0,0.0,1.0,0.0,2,-1.0,0.39366496276428886,-0.782435635415923,2.986482833400416,-1.5799199814807328,0.39366496276428886,0.022342083416869003,0.9674115823731995,0.0102463342099315,0.022342083416869003,0.9674115823731995,0.0102463342099315,0.9674115823731995,0.022342083416869003,-0.957165248163268,2,2,0.064,710.0,0.8296653404831886,0.9795348113878266,-0.42953481138782657
137,137,categorical_soft,1,1,False,0.0,0.0,0.0,1.0,0.0,2,-1.0,0.3875397443100779,-2.7298647176033812,3.6064915762793683,-0.5801664982621776,0.3875397443100779,0.0017430020996943916,0.9830558840573451,0.015201113842960546,0.0017430020996943916,0.9830558840573451,0.015201113842960546,0.9830558840573451,0.0017430020996943916,-0.9678547702143846,2,2,0.256,1170.0,0.9370100349187851,0.9789839075363657,-0.4289839075363656
138,138,categorical_soft,0,0,False,0.0,0.0,1.0,0.0,0.0,1,-1.0,0.4478391623964587,4.71613725973468,0.31013210354557436,-3.7664856526239845,0.4478391623964587,0.9877132448113205,0.012082189984392878,0.00020456520428664945,0.9877132448113205,0.012082189984392878,0.00020456520428664945,0.9877132448113205,0.012082189984392878,-0.9875086796070338,1,1,0.256,520.0,0.7035814672708511,0.9700524971125286,-0.42005249711252857
139,139,categorical_soft,0,0,True,0.5633984061695912,0.0,0.43660157918930054,0.0,0.5633984208106995,3,0.12679684162139893,0.3602017580239023,-0.42363539553743285,0.12488037984095343,0.13273540023408367,0.3602017580239023,0.22337628542676785,0.38697624064771585,0.3896474739255163,0.22337628542676785,0.38697624064771585,0.3896474739255163,0.22337628542676785,0.38697624064771585,0.16627118849874845,3,3,0.032,550.0,0.004771977663040161,0.5020469266401053,0.04795307335989474
140,140,categorical_soft,0,0,True,0.20074126903059886,0.0,0.7992587089538574,0.0,0.20074127614498138,1,-0.598517432808876,0.36978911186681657,1.4064651400636703,-0.7035290554454601,0.23653261872340797,0.36978911186681657,0.6979573680238529,0.0847293485657928,0.21731328341035433,0.6979573680238529,0.0847293485657928,0.21731328341035433,0.6979573680238529,0.0847293485657928,-0.48064408461349856,1,1,0.032,910.0,0.42986413836479187,0.8406197921304861,-0.29061979213048605
141,141,categorical_soft,0,0,True,0.13822393699639696,0.0,0.8617760539054871,0.0,0.13822393119335175,1,-0.7235521227121353,0.2923174440310402,5.168086377818088,-2.685365800839529,0.006606742793248216,0.2923174440310402,0.9934092670278074,0.0003859142914608087,0.006204818680731891,0.9934092670278074,0.0003859142914608087,0.006204818680731891,0.9934092670278074,0.0003859142914608087,-0.9872044483470755,1,1,0.256,1090.0,1.5090577974915504,0.9988286034420863,-0.4488286034420863
142,142,categorical_soft,0,0,True,0.1386426140440054,0.0,0.8613573908805847,0.0,0.13864260911941528,1,-0.7227147817611694,0.2593820871788317,3.8959463167621537,-2.1742934755373406,0.40240966026237,0.2593820871788317,0.9669756230418812,0.0022345302038014247,0.030789846754317323,0.9669756230418812,0.0022345302038014247,0.030789846754317323,0.9669756230418812,0.0022345302038014247,-0.9361857762875639,1,1,0.512,520.0,1.1852051876485348,0.9971120824108168,-0.4471120824108168
143,143,categorical_soft,1,1,False,0.0,0.0,0.0,1.0,0.0,2,-1.0,0.3813579706321978,-1.2351472280817737,3.5236604261326443,-1.7121610427756284,0.3813579706321978,0.008470042280385356,0.9861650894972905,0.005364868222324097,0.008470042280385356,0.9861650894972905,0.005364868222324097,0.9861650894972905,0.008470042280385356,-0.9808002212749665,2,2,0.128,820.0,0.8714949004352093,0.9809465115266203,-0.4309465115266202
144,144,categorical_soft,0,0,True,0.6047506896738587,0.0,0.39524930715560913,0.0,0.6047506928443909,3,0.20950138568878174,0.3559198744965707,-0.4403903867958622,0.1449041293012816,0.12807096951765137,0.3559198744965707,0.2191697336552178,0.3938902723818024,0.38693999396297973,0.2191697336552178,0.3938902723818024,0.38693999396297973,0.2191697336552178,0.3938902723818024,0.16777026030776193,2,2,0.0,930.0,0.0715331882238388,0.46956332434263837,0.08043667565736168
145,145,categorical_soft,0,0,False,0.0,0.0,1.0,0.0,0.0,1,-1.0,0.4818749550501183,0.2546952675347078,0.9298904682505558,-0.7349001928291148,0.4818749550501183,0.29953576206691823,0.5885316727432853,0.11193256518979647,0.29953576206691823,0.5885316727432853,0.11193256518979647,0.29953576206691823,0.5885316727432853,-0.18760319687712176,2,2,0.0,720.0,0.18114810436964035,0.6614705638313395,-0.11147056383133946
146,146,categorical_soft,1,1,True,0.1519203241885233,0.0,0.0,0.8480796813964844,0.15192031860351562,2,-0.6961593627929688,0.3114440251147184,-1.4367694990723636,0.9102699332131537,0.2675952380315405,0.3114440251147184,0.058972698435131796,0.6165439606002987,0.3244833409645696,0.058972698435131796,0.6165439606002987,0.3244833409645696,0.6165439606002987,0.058972698435131796,-0.2920606196357291,2,2,0.032,760.0,0.654623880982399,0.9501698761583731,-0.4001698761583731
147,147,categorical_soft,0,0,True,0.14111425726669852,0.0,0.8588857650756836,0.0,0.1411142498254776,1,-0.717771515250206,0.42719882582965063,1.8446315479376476,0.05782416042082441,-0.6923547345828215,0.42719882582965063,0.8018207875940924,0.13430027481869383,0.06387893758721375,0.8018207875940924,0.13430027481869383,0.06387893758721375,0.8018207875940924,0.13430027481869383,-0.7379418500068786,1,1,0.064,550.0,0.8895179703831673,0.9873244413996682,-0.4373244413996682
148,148,categorical_soft,0,0,False,0.0,0.0,1.0,0.0,0.0,1,-1.0,0.43779553744182376,5.096600788959732,0.1671221639099967,-3.9160413448586935,0.43779553744182376,0.9926771058920089,0.007201910242252012,0.00012098386573919896,0.9926771058920089,0.007201910242252012,0.00012098386573919896,0.9926771058920089,0.007201910242252012,-0.9925561220262696,1,1,0.256,640.0,0.9410156607627869,0.989011461538332,-0.4390114615383319
149,149,categorical_soft,1,1,False,0.0,0.0,0.0,1.0,0.0,2,-1.0,0.4215386431098985,-3.1456906165083622,3.372875932993818,-0.07300007035101311,0.4215386431098985,0.0014289365656488349,0.9674809466654221,0.031090116768929015,0.0014289365656488349,0.9674809466654221,0.031090116768929015,0.9674809466654221,0.0014289365656488349,-0.936390829896493,2,2,0.512,1010.0,0.884843185544014,0.9776384682656628,-0.42763846826566276
150,150,categorical_soft,1,1,True,0.2515553254723077,0.0,0.0,0.748444676399231,0.25155532360076904,2,-0.4968893527984619,0.41246262455230803,0.15666502900372897,0.02270766151764722,0.0395316802253823,0.41246262455230803,0.3619758754367058,0.31617607822269306,0.32184804634060116,0.3619758754367058,0.31617607822269306,0.32184804634060116,0.31617607822269306,0.3619758754367058,0.005671968117908099,1,1,0.0,1140.0,0.39154666662216187,0.76804389163125,-0.21804389163124993
151,151,categorical_soft,1,1,True,0.16508592190326005,0.0,0.0,0.8349140882492065,0.16508592665195465,2,-0.6698281615972519,0.30854619305704045,-1.4939923533634507,0.9919133365922471,0.23481344020151593,0.30854619305704045,0.05365735772514848,0.6440678675522702,0.30227477472258135,0.05365735772514848,0.6440678675522702,0.30227477472258135,0.6440678675522702,0.05365735772514848,-0.34179309282968884,2,2,0.064,450.0,0.4585789884440601,0.9136067979112812,-0.36360679791128114
152,152,categorical_soft,0,0,True,0.13982705296845277,0.0,0.8601729273796082,0.0,0.13982705771923065,1,-0.7203458696603775,0.34932141696201835,3.039734354990275,-2.331414491493194,1.0638502603939213,0.34932141696201835,0.8740919991687581,0.0040676576553435205,0.12184034317589836,0.8740919991687581,0.0040676576553435205,0.12184034317589836,0.8740919991687581,0.0040676576553435205,-0.7522516559928598,1,1,0.256,680.0,1.0252197608351707,0.9923499347600208,-0.4423499347600207
153,153,categorical_soft,1,1,False,0.0,0.0,0.0,1.0,0.0,2,-1.0,0.3840962377379402,-0.9514344130290378,3.2509763373789182,-1.6844099727413293,0.3840962377379402,0.014647646168848042,0.9781698925161433,0.007182461315008768,0.014647646168848042,0.9781698925161433,0.007182461315008768,0.9781698925161433,0.014647646168848042,-0.9709874312011345,2,2,0.128,570.0,0.8900863528251648,0.9870548531058613,-0.43705485310586123
154,154,categorical_soft,1,1,True,0.38718682720448966,0.0,0.0,0.6128131747245789,0.38718682527542114,2,-0.22562634944915771,0.4100513916677418,-0.06114676974255349,0.027541308518120006,0.076648264004644,0.4100513916677418,0.30892549122320645,0.33699175330695263,0.354082755469841,0.30892549122320645,0.33699175330695263,0.354082755469841,0.33699175330695263,0.30892549122320645,0.01709100216288839,3,3,0.0,420.0,0.08563469350337982,0.6369667935119121,-0.08696679351191205
155,155,categorical_soft,1,1,True,0.6919414839182145,0.0,0.0,0.3080585300922394,0.691941499710083,3,0.38388296961784363,0.38716454103225667,-0.11180430244094715,0.046300446430884615,0.0920631145525109,0.38716454103225667,0.29465336721797103,0.34458974174197593,0.36075689104005304,0.29465336721797103,0.34458974174197593,0.36075689104005304,0.34458974174197593,0.29465336721797103,0.01616714929807711,3,3,0.0,1110.0,0.05216918885707855,0.3931617373280032,0.15683826267199685
156,156,categorical_soft,1,1,False,0.0,0.0,0.0,1.0,0.0,2,-1.0,0.387691616783814,-2.187707843499537,3.5607569620490613,-0.9852758451815655,0.387691616783814,0.003148689099460142,0.9861775530560608,0.010673757844478892,0.003148689099460142,0.9861775530560608,0.010673757844478892,0.9861775530560608,0.003148689099460142,-0.9755037952115819,2,2,0.512,620.0,1.0369794890284538,0.9932770033740341,-0.4432770033740341
157,157,categorical_soft,0,0,True,0.14246930285070097,0.0,0.8575307130813599,0.0,0.14246930181980133,1,-0.7150614112615585,0.3321444769341451,4.472228568288923,-3.946089144667294,1.8517133686943665,0.3321444769341451,0.9318114963689144,0.00020606342932506712,0.06798244020176054,0.9318114963689144,0.00020606342932506712,0.06798244020176054,0.9318114963689144,0.00020606342932506712,-0.8638290561671538,1,1,0.256,1190.0,0.9762993305921555,0.9821923797642307,-0.43219237976423064
158,158,categorical_soft,0,0,False,0.0,0.0,1.0,0.0,0.0,1,-1.0,0.479844960144145,2.3735311049173093,0.626492286454106,-2.360168721236012,0.479844960144145,0.8449833669865313,0.14752666648298274,0.007489966530486047,0.8449833669865313,0.14752666648298274,0.007489966530486047,0.8449833669865313,0.14752666648298274,-0.8374934004560453,1,1,0.032,970.0,0.5593879073858261,0.9026409468277098,-0.35264094682770974
159,159,categorical_soft,0,0,True,0.2248344800933998,0.0,0.7751654982566833,0.0,0.22483448684215546,1,-0.5503310114145279,0.35855275121250424,1.7790942727091892,-0.9409176155610119,0.32063147175880313,0.35855275121250424,0.7693210342317943,0.050697818219861426,0.1799811475483442,0.7693210342317943,0.050697818219861426,0.1799811475483442,0.7693210342317943,0.050697818219861426,-0.58933988668345,1,1,0.064,1100.0,0.4242866486310959,0.8031953762369244,-0.25319537623692434
160,160,categorical_soft,0,0,True,0.22324250122744782,0.0,0.7767574787139893,0.0,0.22324250638484955,1,-0.5535149723291397,0.4161842660972863,0.14665692179844933,-0.1429816092779746,0.2088448554795884,0.4161842660972863,0.3556005962451221,0.2661144991678864,0.37828490458699154,0.3556005962451221,0.2661144991678864,0.37828490458699154,0.3556005962451221,0.2661144991678864,0.022684308341869464,3,3,0.0,570.0,0.29719260334968567,0.8054738559841625,-0.2554738559841625
161,161,categorical_soft,0,0,False,0.0,0.0,1.0,0.0,0.0,1,-1.0,0.41288225733474304,6.313274268463096,-1.2454839295519433,-3.2711511382760654,0.41288225733474304,0.9994066783887441,0.0005239367213173808,6.938488993863254e-05,0.9994066783887441,0.0005239367213173808,6.938488993863254e-05,0.9994066783887441,0.0005239367213173808,-0.9993372934988054,1,1,0.256,1120.0,0.8825294226408005,0.9742646649939778,-0.42426466499397775
162,162,categorical_soft,0,0,False,0.0,0.0,1.0,0.0,0.0,1,-1.0,0.44550342456265535,4.57270530578827,0.2995357375313944,-3.64939987724816,0.44550342456265535,0.9859618722235736,0.013773139178773841,0.00026498859765273217,0.9859618722235736,0.013773139178773841,0.00026498859765273217,0.9859618722235736,0.013773139178773841,-0.9856968836259208,1,1,0.064,1170.0,0.6937208026647568,0.9337542971450663,-0.38375429714506626
163,163,categorical_soft,0,0,False,0.0,0.0,1.0,0.0,0.0,1,-1.0,0.43844100729795754,5.292333580953908,0.07147746765434951,-3.962268490572673,0.43844100729795754,0.9945114140157045,0.005393384233890025,9.52017504053107e-05,0.9945114140157045,0.005393384233890025,9.52017504053107e-05,0.9945114140157045,0.005393384233890025,-0.9944162122652992,1,1,0.512,420.0,1.0640278086066246,0.9953650626985455,-0.4453650626985455
164,164,categorical_soft,1,1,True,0.17329589949797325,0.0,0.0,0.8267040848731995,0.17329590022563934,2,-0.6534081846475601,0.2197701996571395,-1.9239339836351264,1.7612352512816283,0.1802542666971512,0.2197701996571395,0.020484332998859746,0.8123502468200925,0.1671654201810475,0.020484332998859746,0.8123502468200925,0.1671654201810475,0.8123502468200925,0.020484332998859746,-0.645184826639045,2,2,0.128,630.0,0.45692120492458344,0.8941022071415985,-0.34410220714159845
165,165,categorical_soft,0,0,False,0.0,0.0,1.0,0.0,0.0,1,-1.0,0.4849131101388327,0.7735805257395786,0.6122783627440811,-0.9528570734446513,0.4849131101388327,0.49268223986243437,0.4191650645027309,0.0881526956348347,0.49268223986243437,0.4191650645027309,0.0881526956348347,0.49268223986243437,0.4191650645027309,-0.4045295442275997,1,1,0.032,450.0,0.3405662328004837,0.8555293667070335,-0.30552936670703346
166,166,categorical_soft,1,1,False,0.0,0.0,0.0,1.0,0.0,2,-1.0,0.48730520958011675,0.5316512871823241,0.9558141020479113,-0.9775865169725837,0.48730520958011675,0.36362234368819635,0.5556289753935127,0.08074868091829084,0.36362234368819635,0.5556289753935127,0.08074868091829084,0.5556289753935127,0.36362234368819635,-0.4748802944752219,2,2,0.0,790.0,0.5542556680738926,0.918242385703389,-0.36824238570338896
167,167,categorical_soft,0,0,False,0.0,0.0,1.0,0.0,0.0,1,-1.0,0.40109304563318043,8.399084606759706,-2.3827382470294074,-3.542085698819002,0.40109304563318043,0.9999723388415575,2.097966881495192e-05,6.68148962758405e-06,0.9999723388415575,2.097966881495192e-05,6.68148962758405e-06,0.9999723388415575,2.097966881495192e-05,-0.9999656573519299,1,1,0.512,960.0,1.1586555764079094,0.9944225634819186,-0.44442256348191855
168,168,categorical_soft,0,0,True,0.13808275097120648,0.0,0.86191725730896,0.0,0.13808275759220123,1,-0.7238344997167587,0.2248079216761628,7.534144521091204,-4.676081613608357,0.6191949508326573,0.2248079216761628,0.9988489182162436,4.973916046447451e-06,0.0011461078677100155,0.9988489182162436,4.973916046447451e-06,0.0011461078677100155,0.9988489182162436,4.973916046447451e-06,-0.9977028103485336,1,1,0.512,1150.0,1.6639904230833054,0.9994114755264566,-0.44941147552645655
169,169,categorical_soft,1,1,False,0.0,0.0,0.0,1.0,0.0,2,-1.0,0.40016392799045075,-2.3479546231738193,3.307746646446889,-0.6827496405712676,0.40016392799045075,0.0034275861270148824,0.9781389819688252,0.01843343190415997,0.0034275861270148824,0.9781389819688252,0.01843343190415997,0.9781389819688252,0.0034275861270148824,-0.9597055500646652,2,2,0.512,630.0,0.9054725877940655,0.987096515143741,-0.4370965151437409
170,170,categorical_soft,1,1,True,0.15469499962109745,0.0,0.0,0.8453050255775452,0.15469500422477722,2,-0.6906100213527679,0.32783119536329064,-2.4849228763858355,1.813973959237988,0.4527649150100819,0.32783119536329064,0.010697588493495988,0.7871398184794944,0.2021625930270095,0.010697588493495988,0.7871398184794944,0.2021625930270095,0.7871398184794944,0.010697588493495988,-0.584977225452485,2,2,0.512,400.0,0.5329052275046706,0.941803186065585,-0.39180318606558495
171,171,categorical_soft,1,1,True,0.15684755429634534,0.0,0.0,0.8431524634361267,0.15684755146503448,2,-0.6863049119710922,0.2061024712749177,-2.3508825405279774,2.082525178705081,0.29783960834280204,0.2061024712749177,0.010086526623087356,0.8476300506174139,0.14228342275949876,0.010086526623087356,0.8476300506174139,0.14228342275949876,0.8476300506174139,0.010086526623087356,-0.7053466278579151,2,2,0.128,750.0,0.5967523828148842,0.9355792000910905,-0.3855792000910905
172,172,categorical_soft,0,0,False,0.0,0.0,1.0,0.0,0.0,1,-1.0,0.48582297878440295,3.7229753753084855,0.5601510372079457,-3.24690006943957,0.48582297878440295,0.9583386421838526,0.040755120168984124,0.0009062376471632846,0.9583386421838526,0.040755120168984124,0.0009062376471632846,0.9583386421838526,0.040755120168984124,-0.9574324045366893,1,1,0.064,1000.0,0.7131521999835968,0.9500865290201956,-0.4000865290201956
173,173,categorical_soft,1,1,False,0.0,0.0,0.0,1.0,0.0,2,-1.0,0.40314228294411636,-2.4970820973910164,3.2929532349768516,-0.5502166301649376,0.40314228294411636,0.0029888758073948595,0.9757325508067177,0.021278573385887355,0.0029888758073948595,0.9757325508067177,0.021278573385887355,0.9757325508067177,0.0029888758073948595,-0.9544539774208304,2,2,0.512,710.0,0.926895696669817,0.9872083280702392,-0.4372083280702391
174,174,categorical_soft,1,1,False,0.0,0.0,0.0,1.0,0.0,2,-1.0,0.4039591293851591,-1.0643188277073536,2.8649553098272715,-1.3290586066154302,0.4039591293851591,0.019020069949257964,0.9660813301259965,0.014898599924745477,0.019020069949257964,0.9660813301259965,0.014898599924745477,0.9660813301259965,0.019020069949257964,-0.951182730201251,2,2,0.128,510.0,0.8757945969700813,0.9870818102457184,-0.43708181024571835
175,175,categorical_soft,1,1,False,0.0,0.0,0.0,1.0,0.0,2,-1.0,0.49298605730516165,0.5316123213539802,0.8226211420083482,-0.8830657696914692,0.49298605730516165,0.38736615691176185,0.5180959762132163,0.09453786687502176,0.38736615691176185,0.5180959762132163,0.09453786687502176,0.5180959762132163,0.38736615691176185,-0.4235581093381946,2,2,0.032,420.0,0.14259213209152222,0.6989029943655043,-0.14890299436550425
176,176,categorical_soft,0,0,False,0.0,0.0,1.0,0.0,0.0,1,-1.0,0.44089370170480147,5.319395602385109,0.17152912079258026,-4.089368982767379,0.44089370170480147,0.9941203295489881,0.005798131352909928,8.153909810199446e-05,0.9941203295489881,0.005798131352909928,8.153909810199446e-05,0.9941203295489881,0.005798131352909928,-0.9940387904508861,1,1,0.512,430.0,0.9890631213784218,0.993234279246882,-0.44323427924688197
177,177,categorical_soft,0,0,True,0.14220901230710697,0.0,0.857791006565094,0.0,0.1422090083360672,1,-0.7155819982290268,0.33778773555039354,2.5614904770881126,-1.474651039225243,0.4991509669835767,0.33778773555039354,0.8722890506060047,0.015417267258805581,0.11229368213518982,0.8722890506060047,0.015417267258805581,0.11229368213518982,0.8722890506060047,0.015417267258805581,-0.7599953684708148,1,1,0.128,680.0,0.8628118187189102,0.9831660768651947,-0.4331660768651947
178,178,categorical_soft,1,1,False,0.0,0.0,0.0,1.0,0.0,2,-1.0,0.38640288882976587,-3.2106578881970416,3.785326890147465,-0.2988494579587269,0.38640288882976587,0.0008999342085790148,0.9823502664031631,0.0167497993882578,0.0008999342085790148,0.9823502664031631,0.0167497993882578,0.9823502664031631,0.0008999342085790148,-0.9656004670149053,2,2,0.512,1100.0,0.9082893161103129,0.9777844890366508,-0.4277844890366508
179,179,categorical_soft,0,0,True,0.2096389923333335,0.0,0.7903609871864319,0.0,0.20963899791240692,1,-0.580721989274025,0.423086653335268,0.07124023653963021,0.06972104586911701,-0.0019657009554316348,0.423086653335268,0.34196485718828984,0.3406838980733742,0.31735124473833604,0.34196485718828984,0.3406838980733742,0.31735124473833604,0.34196485718828984,0.3406838980733742,-0.024613612449953803,1,1,0.0,530.0,0.31519949436187744,0.826003236936907,-0.276003236936907
180,180,categorical_soft,0,0,False,0.0,0.0,1.0,0.0,0.0,1,-1.0,0.48690218227068016,2.999434207052398,0.622045384367713,-2.8041235938443894,0.48690218227068016,0.9122371715173825,0.0849930392409692,0.0027697892416483683,0.9122371715173825,0.0849930392409692,0.0027697892416483683,0.9122371715173825,0.0849930392409692,-0.9094673822757341,1,1,0.032,660.0,0.8083652555942535,0.9786259904641058,-0.42862599046410577
181,181,categorical_soft,1,1,True,0.14796051642241764,0.0,0.0,0.8520394563674927,0.14796051383018494,2,-0.7040789425373077,0.2031325617877183,-2.6382499702268634,2.6031294762095225,0.20365009962392802,0.2031325617877183,0.004865958940014263,0.9122727223339087,0.08286131872607712,0.004865958940014263,0.9122727223339087,0.08286131872607712,0.9122727223339087,0.004865958940014263,-0.8294114036078315,2,2,0.256,780.0,0.7220612280070782,0.9628616094181124,-0.41286160941811234
182,182,categorical_soft,1,1,False,0.0,0.0,0.0,1.0,0.0,2,-1.0,0.48178654854548125,0.418845568586063,0.9789820484910354,-0.8965522253353961,0.48178654854548125,0.33105877189395183,0.5796703519703954,0.08927087613565281,0.33105877189395183,0.5796703519703954,0.08927087613565281,0.5796703519703954,0.33105877189395183,-0.4903994758347426,2,2,0.0,620.0,0.32470835000276566,0.8169446782905361,-0.26694467829053603
183,183,categorical_soft,1,1,False,0.0,0.0,0.0,1.0,0.0,2,-1.0,0.38655920186039994,-1.7062912254776061,3.549018031515544,-1.3581035104474424,0.38655920186039994,0.005162637379456255,0.9873808480015335,0.007456514619010224,0.005162637379456255,0.9873808480015335,0.007456514619010224,0.9873808480015335,0.005162637379456255,-0.9799243333825233,2,2,0.512,440.0,0.9864633828401566,0.9930653685045051,-0.44306536850450506
184,184,categorical_soft,0,0,True,0.14023177311416907,0.0,0.8597682118415833,0.0,0.14023177325725555,1,-0.7195364385843277,0.3482387403177063,2.413434247583983,-1.405674519723237,0.5008430013761802,0.3482387403177063,0.8538368519854684,0.01874789066582895,0.1274152573487027,0.8538368519854684,0.01874789066582895,0.1274152573487027,0.8538368519854684,0.01874789066582895,-0.7264215946367657,1,1,0.064,1040.0,1.0746464524418116,0.9907534544092869,-0.4407534544092868
185,185,categorical_soft,0,0,False,0.0,0.0,1.0,0.0,0.0,1,-1.0,0.4389954842978197,5.218643356572221,0.15293218874904527,-3.9931985090351696,0.4389954842978197,0.9936093419223999,0.006291423449121288,9.92346284787149e-05,0.9936093419223999,0.006291423449121288,9.92346284787149e-05,0.9936093419223999,0.006291423449121288,-0.9935101072939212,1,1,0.256,690.0,0.824377030134201,0.9794972389177028,-0.42949723891770275
186,186,categorical_soft,1,1,False,0.0,0.0,0.0,1.0,0.0,2,-1.0,0.38570514180271653,-0.8660241185221583,3.3422838778368935,-1.8090119666091407,0.38570514180271653,0.01458158327812153,0.9796256386925076,0.005792778029370858,0.01458158327812153,0.9796256386925076,0.005792778029370858,0.9796256386925076,0.01458158327812153,-0.9738328606631368,2,2,0.064,780.0,0.8256258368492126,0.9773373939606169,-0.4273373939606169
187,187,categorical_soft,0,0,True,0.14698093772251564,0.0,0.8530190587043762,0.0,0.14698094129562378,1,-0.7060381174087524,0.35270584895054474,2.0777424241522895,-1.0239923555421167,0.2940134442183725,0.35270584895054474,0.8232311060841191,0.037024435684298605,0.13974445823158224,0.8232311060841191,0.037024435684298605,0.13974445823158224,0.8232311060841191,0.037024435684298605,-0.6834866478525369,1,1,0.032,990.0,0.7931640520691872,0.9661522905281389,-0.41615229052813885
188,188,categorical_soft,0,0,True,0.13887839029869398,0.0,0.8611215949058533,0.0,0.13887839019298553,1,-0.7222432047128677,0.35426692112808345,5.158223695278521,-4.312376014503187,1.814758287253437,0.35426692112808345,0.965510339854934,7.461966656856331e-05,0.03441504047849757,0.965510339854934,7.461966656856331e-05,0.03441504047849757,0.965510339854934,7.461966656856331e-05,-0.9310952993764364,1,1,0.512,820.0,1.2002649754285812,0.9961531855960688,-0.44615318559606876
189,189,categorical_soft,1,1,True,0.4922808545515101,0.0,0.0,0.5077191591262817,0.49228084087371826,2,-0.015438318252563477,0.3021892333662712,-0.6559147036892566,0.3714802595116579,0.10606246942183269,0.3021892333662712,0.1683905377032335,0.47069565549697245,0.36091380679979407,0.1683905377032335,0.47069565549697245,0.36091380679979407,0.47069565549697245,0.1683905377032335,-0.10978184869717839,2,2,0.0,870.0,0.1272290199995041,0.5557900779139849,-0.005790077913984892
190,190,categorical_soft,1,1,True,0.1614042197962,0.0,0.0,0.8385958075523376,0.16140422224998474,2,-0.6771915853023529,0.25232758322552085,-2.851883770503828,2.313533398983144,0.48099229878750993,0.25232758322552085,0.004899619960046527,0.8577507653786267,0.13734961466132695,0.004899619960046527,0.8577507653786267,0.13734961466132695,0.8577507653786267,0.004899619960046527,-0.7204011507172998,2,2,0.128,1010.0,0.6217487994581461,0.9230908345077989,-0.3730908345077989
191,191,categorical_soft,0,0,False,0.0,0.0,1.0,0.0,0.0,1,-1.0,0.48297463429435694,3.559476679227651,0.615038367624136,-3.1890209313985145,0.48297463429435694,0.9486772788635005,0.05020303485615642,0.0011196862803431957,0.9486772788635005,0.05020303485615642,0.0011196862803431957,0.9486772788635005,0.05020303485615642,-0.9475575925831573,1,1,0.128,430.0,0.6901669502258301,0.971265268944122,-0.421265268944122
192,192,categorical_soft,1,1,False,0.0,0.0,0.0,1.0,0.0,2,-1.0,0.4332946731556122,-2.1465558444409014,2.857665749736952,-0.5374829214433627,0.4332946731556122,0.0064627641104165485,0.9607239387642122,0.032813297125371184,0.0064627641104165485,0.9607239387642122,0.032813297125371184,0.9607239387642122,0.0064627641104165485,-0.9279106416388411,2,2,0.512,530.0,0.8170751482248306,0.9824240518826223,-0.43242405188262223
193,193,categorical_soft,0,0,True,0.145772605207241,0.0,0.8542274236679077,0.0,0.14577260613441467,1,-0.708454817533493,0.35042759628255865,2.906678451637116,-2.1193641268572163,0.9305621592082722,0.35042759628255865,0.8725202118002446,0.005733422726899704,0.1217463654728557,0.8725202118002446,0.005733422726899704,0.1217463654728557,0.8725202118002446,0.005733422726899704,-0.750773846327389,1,1,0.128,1080.0,0.8427324146032333,0.9703012201844253,-0.4203012201844253
194,194,categorical_soft,1,1,False,0.0,0.0,0.0,1.0,0.0,2,-1.0,0.47431411749501207,1.3657148716863814,0.6965789477644868,-1.5572757472808627,0.47431411749501207,0.6383745042144698,0.3270136475742166,0.03461184821131352,0.6383745042144698,0.3270136475742166,0.03461184821131352,0.3270136475742166,0.6383745042144698,-0.29240179936290306,1,1,0.0,1050.0,0.24135959148406982,0.6382705062354783,-0.08827050623547827
195,195,categorical_soft,1,1,False,0.0,0.0,0.0,1.0,0.0,2,-1.0,0.5008571859544901,1.6526601131112186,0.49285035577099434,-1.6551082964224726,0.5008571859544901,0.7404308186013513,0.23219917016866973,0.027370011229979063,0.7404308186013513,0.23219917016866973,0.027370011229979063,0.23219917016866973,0.7404308186013513,-0.20482915893869066,1,1,0.0,580.0,0.03497976064682007,0.5300748520688947,0.019925147931105336
196,196,categorical_soft,1,1,False,0.0,0.0,0.0,1.0,0.0,2,-1.0,0.36947371553316966,-1.677098923054583,4.605307354932478,-2.1865797232451305,0.36947371553316966,0.0018654138439979026,0.9969915051575668,0.0011430809984351957,0.0018654138439979026,0.9969915051575668,0.0011430809984351957,0.9969915051575668,0.0018654138439979026,-0.9958484241591317,2,2,0.128,1090.0,0.8795745894312859,0.9748019174857763,-0.4248019174857762
197,197,categorical_soft,1,1,False,0.0,0.0,0.0,1.0,0.0,2,-1.0,0.4847491123788886,0.7818464497819979,0.5738630690522859,-0.9344258815409437,0.4847491123788886,0.5018144646662888,0.407463490419972,0.09072204491373931,0.5018144646662888,0.407463490419972,0.09072204491373931,0.407463490419972,0.5018144646662888,-0.3167414455062327,1,1,0.0,530.0,0.456807479262352,0.9049384685594726,-0.35493846855947253
198,198,categorical_soft,1,1,True,0.16971806602308326,0.0,0.0,0.8302819132804871,0.16971807181835175,2,-0.6605638414621353,0.1759217046012456,-2.245316148275445,2.6497410801861117,-0.07755390657602255,0.1759217046012456,0.007049201187533693,0.9319942771096384,0.06095652170282802,0.007049201187533693,0.9319942771096384,0.06095652170282802,0.9319942771096384,0.007049201187533693,-0.8710377554068104,2,2,0.128,940.0,0.5513442233204842,0.9023456784161284,-0.3523456784161284
199,199,categorical_soft,0,0,False,0.0,0.0,1.0,0.0,0.0,1,-1.0,0.48965648436683695,3.121208243646193,0.6079173300111214,-2.8721650322455123,0.48965648436683695,0.9226292324838798,0.075053715995924,0.0023170515201960153,0.9226292324838798,0.075053715995924,0.0023170515201960153,0.9226292324838798,0.075053715995924,-0.9203121809636838,1,1,0.064,630.0,0.6827080249786377,0.9624110985426224,-0.41241109854262237
200,200,categorical_soft,0,0,True,0.1405106175801334,0.0,0.859489381313324,0.0,0.14051061868667603,1,-0.718978762626648,0.35058382562757257,2.359303472373665,-1.740598781306946,0.8144122929034199,0.35058382562757257,0.8124858471835321,0.013471819294154832,0.1740423335223131,0.8124858471835321,0.013471819294154832,0.1740423335223131,0.8124858471835321,0.013471819294154832,-0.638443513661219,1,1,0.256,510.0,0.9216797426342964,0.9896623360021629,-0.43966233600216287
201,201,categorical_soft,0,0,False,0.0,0.0,1.0,0.0,0.0,1,-1.0,0.42474396361945993,5.347160644810971,-0.5252046035173332,-3.349896722192566,0.42474396361945993,0.9970159353920224,0.0028169139599427072,0.0001671506480349086,0.9970159353920224,0.0028169139599427072,0.0001671506480349086,0.9970159353920224,0.0028169139599427072,-0.9968487847439874,1,1,0.128,1160.0,0.77137890458107,0.9543255483404679,-0.40432554834046786
202,202,categorical_soft,1,1,False,0.0,0.0,0.0,1.0,0.0,2,-1.0,0.4104463123063322,-1.1868489879209738,2.8721801572187204,-1.2632452729356303,0.4104463123063322,0.016736161366131368,0.9674352754103944,0.015828563223474458,0.016736161366131368,0.9674352754103944,0.015828563223474458,0.9674352754103944,0.016736161366131368,-0.95160671218692,2,2,0.128,630.0,0.7733290158212185,0.9755886426620864,-0.4255886426620864
203,203,categorical_soft,1,1,True,0.1490194756019766,0.0,0.0,0.8509805202484131,0.14901947975158691,2,-0.7019610404968262,0.1881576834665442,-2.6483038848994305,2.421806805004478,0.32846077477664776,0.1881576834665442,0.005575122877701038,0.8852806287740741,0.10914424834822481,0.005575122877701038,0.8852806287740741,0.10914424834822481,0.8852806287740741,0.005575122877701038,-0.7761363804258493,2,2,0.256,720.0,0.6883350163698196,0.9593743057190663,-0.4093743057190663
204,204,categorical_soft,1,1,False,0.0,0.0,0.0,1.0,0.0,2,-1.0,0.41203735213233256,-0.6985265742586981,2.4908128550709123,-1.256520343464182,0.41203735213233256,0.03870933859293957,0.9387852536749353,0.022505407732125116,0.03870933859293957,0.9387852536749353,0.022505407732125116,0.9387852536749353,0.03870933859293957,-0.9162798459428101,2,2,0.032,880.0,0.786303885281086,0.9692417092065296,-0.4192417092065296
205,205,categorical_soft,0,0,False,0.0,0.0,1.0,0.0,0.0,1,-1.0,0.47458749566892733,4.380697662419633,0.4779115712228556,-3.6572319846385284,0.47458749566892733,0.9798188562310054,0.019863417762561016,0.0003177260064337989,0.9798188562310054,0.019863417762561016,0.0003177260064337989,0.9798188562310054,0.019863417762561016,-0.9795011302245716,1,1,0.256,480.0,0.860015258193016,0.9865435989136945,-0.43654359891369443
206,206,categorical_soft,0,0,True,0.13854824437373459,0.0,0.8614517450332642,0.0,0.13854824006557465,1,-0.7229035049676895,0.26753609962422453,5.889856311556529,-3.168961761686192,0.03806135348900363,0.26753609962422453,0.9967156602487659,0.00011603304010566586,0.003168306711128522,0.9967156602487659,0.00011603304010566586,0.003168306711128522,0.9967156602487659,0.00011603304010566586,-0.9935473535376373,1,1,0.512,860.0,1.2978549934923649,0.9974974387743648,-0.44749743877436476
207,207,categorical_soft,1,1,True,0.14534355196600074,0.0,0.0,0.854656457901001,0.14534355700016022,2,-0.7093129009008408,0.20554509686054315,-2.363273918879037,2.146031940326075,0.2699172989736806,0.20554509686054315,0.009486853912149854,0.8589334933998181,0.1315796526880321,0.009486853912149854,0.8589334933998181,0.1315796526880321,0.8589334933998181,0.009486853912149854,-0.727353840711786,2,2,0.256,600.0,0.7358072251081467,0.9717991940936319,-0.42179919409363187
208,208,categorical_soft,0,0,False,0.0,0.0,1.0,0.0,0.0,1,-1.0,0.442038366555069,6.097821738136782,-0.16327294952962856,-4.319027166080843,0.442038366555069,0.9980564530907389,0.0019135961143328644,2.9950794928139386e-05,0.9980564530907389,0.0019135961143328644,2.9950794928139386e-05,0.9980564530907389,0.0019135961143328644,-0.9980265022958107,1,1,0.512,550.0,0.9212616831064224,0.9891350999766536,-0.43913509997665356
209,209,categorical_soft,0,0,True,0.14118864567241024,0.0,0.8588113784790039,0.0,0.14118865132331848,1,-0.7176227271556854,0.319162534744155,2.606104801323653,-2.1490284089391247,1.0777347093164396,0.319162534744155,0.8156629207374072,0.007023878663307492,0.17731320059928538,0.8156629207374072,0.007023878663307492,0.17731320059928538,0.8156629207374072,0.007023878663307492,-0.6383497201381219,1,1,0.128,920.0,0.9757032729685307,0.9870385860373436,-0.4370385860373436
210,210,categorical_soft,1,1,True,0.15860824482892266,0.0,0.0,0.8413917422294617,0.15860824286937714,2,-0.6827834993600845,0.20523465263757049,-2.7719876980687483,2.4000648053128906,0.41481498950200874,0.20523465263757049,0.004966086233836465,0.8748537553358542,0.12018015843030942,0.004966086233836465,0.8748537553358542,0.12018015843030942,0.8748537553358542,0.004966086233836465,-0.7546735969055448,2,2,0.128,1120.0,0.6714484915137291,0.9306480679911552,-0.38064806799115514
211,211,categorical_soft,1,1,False,0.0,0.0,0.0,1.0,0.0,2,-1.0,0.3813472225346648,-0.9444133859149041,3.681397740367155,-2.029457913567268,0.3813472225346648,0.009678773005215843,0.9869804003382499,0.0033408266565343654,0.009678773005215843,0.9869804003382499,0.0033408266565343654,0.9869804003382499,0.009678773005215843,-0.9836395736817155,2,2,0.128,630.0,0.9032019004225731,0.9869536354201252,-0.4369536354201251
212,212,categorical_soft,1,1,False,0.0,0.0,0.0,1.0,0.0,2,-1.0,0.3760439384459774,-1.2394273348938616,3.6770512177596806,-1.8271165382210612,0.3760439384459774,0.007252018051234164,0.9886355118492567,0.004112470099509283,0.007252018051234164,0.9886355118492567,0.004112470099509283,0.9886355118492567,0.007252018051234164,-0.9845230417497474,2,2,0.256,490.0,0.8382568582892418,0.9848693830353438,-0.4348693830353437
213,213,categorical_soft,0,0,True,0.1411430340477458,0.0,0.8588569760322571,0.0,0.1411430388689041,1,-0.717713937163353,0.354231445809517,2.106755422524474,-1.4681488810519256,0.6668948268326598,0.354231445809517,0.7898973319024176,0.022137336951223333,0.18796533114635905,0.7898973319024176,0.022137336951223333,0.18796533114635905,0.7898973319024176,0.022137336951223333,-0.6019320007560586,1,1,0.128,620.0,0.9049015678465366,0.9872138017206691,-0.43721380172066904
214,214,categorical_soft,1,1,True,0.33175343955558406,0.0,0.0,0.6682465672492981,0.3317534327507019,2,-0.3364931344985962,0.3670391663600695,0.9992033920278811,-0.5985731877189406,0.2836734109427104,0.3670391663600695,0.5910205879939159,0.11976012647438183,0.2892192855317023,0.5910205879939159,0.11976012647438183,0.2892192855317023,0.11976012647438183,0.5910205879939159,0.16945915905732045,1,1,0.0,1170.0,0.3128942549228668,0.6845322045734847,-0.1345322045734847
215,215,categorical_soft,0,0,True,0.14168217634812003,0.0,0.8583178520202637,0.0,0.14168217778205872,1,-0.716635674238205,0.4219807818131217,-0.037154848744294804,-0.0260297922588281,0.13266815470624788,0.4219807818131217,0.3130436552911239,0.3162793713270523,0.3706769733818237,0.3130436552911239,0.3162793713270523,0.3706769733818237,0.3130436552911239,0.3162793713270523,0.057633318090699825,3,3,0.0,400.0,0.8201030120253563,0.9851543467679202,-0.4351543467679202
216,216,categorical_soft,1,1,False,0.0,0.0,0.0,1.0,0.0,2,-1.0,0.37979555432067114,-1.0151780338111014,3.4353720941171213,-1.789078098410117,0.37979555432067114,0.011487027632646068,0.9831008475931531,0.005412124774200721,0.011487027632646068,0.9831008475931531,0.005412124774200721,0.9831008475931531,0.011487027632646068,-0.9776887228189524,2,2,0.032,1070.0,0.9571733213961124,0.9830576817710954,-0.4330576817710954
217,217,categorical_soft,1,1,True,0.14734119037216775,0.0,0.0,0.8526588082313538,0.14734119176864624,2,-0.7053176164627075,0.24819576620521308,-1.6379457889386877,1.4314735812074406,0.14556944989481874,0.24819576620521308,0.03525730317741314,0.755802429651566,0.20894026717102077,0.03525730317741314,0.755802429651566,0.20894026717102077,0.755802429651566,0.03525730317741314,-0.5468621624805452,2,2,0.128,510.0,0.6679420471191406,0.9649346902173321,-0.4149346902173321
218,218,categorical_soft,1,1,True,0.14561376889664313,0.0,0.0,0.8543862104415894,0.14561377465724945,2,-0.7087724357843399,0.2950930951665508,-3.1207459825463855,2.452633315614047,0.5366490550221109,0.2950930951665508,0.0033011870154542404,0.8685895306653546,0.1281092823191912,0.0033011870154542404,0.8685895306653546,0.1281092823191912,0.8685895306653546,0.0033011870154542404,-0.7404802483461634,2,2,0.512,840.0,0.7877875319682062,0.9708542288902703,-0.42085422889027024
219,219,categorical_soft,0,0,False,0.0,0.0,1.0,0.0,0.0,1,-1.0,0.4420973535345626,5.439563792373156,0.15520535425678184,-4.163468423266752,0.4420973535345626,0.9948700124712703,0.005062786161576379,6.720136715330309e-05,0.9948700124712703,0.005062786161576379,6.720136715330309e-05,0.9948700124712703,0.005062786161576379,-0.994802811104117,1,1,0.256,790.0,0.9336192756891251,0.9863823598187527,-0.4363823598187526
220,220,categorical_soft,1,1,False,0.0,0.0,0.0,1.0,0.0,2,-1.0,0.42425618371001417,0.014083965142790372,1.7379243534104714,-1.1267849379440669,0.42425618371001417,0.1443388558735548,0.8091755239928592,0.04648562013358611,0.1443388558735548,0.8091755239928592,0.04648562013358611,0.8091755239928592,0.1443388558735548,-0.762689903859273,2,2,0.032,930.0,0.695711875683628,0.9500247111675635,-0.40002471116756344
221,221,categorical_soft,1,1,True,0.14853097830641065,0.0,0.0,0.8514690399169922,0.148530974984169,2,-0.7029380649328232,0.18075571459438958,-2.472704164379313,2.2810138716337502,0.29381391976481075,0.18075571459438958,0.007542525121992156,0.8727950550932112,0.11966241978479672,0.007542525121992156,0.8727950550932112,0.11966241978479672,0.8727950550932112,0.007542525121992156,-0.7531326353084145,2,2,0.256,600.0,0.6674078479409218,0.9609741496551975,-0.4109741496551974
222,222,categorical_soft,1,1,True,0.1561274774266378,0.0,0.0,0.8438725471496582,0.15612748265266418,2,-0.687745064496994,0.2459673795718314,-2.758350671248837,2.2573223646277176,0.45000888604199424,0.2459673795718314,0.005667623087509328,0.8540911588502075,0.14024121806228323,0.005667623087509328,0.8540911588502075,0.14024121806228323,0.8540911588502075,0.005667623087509328,-0.7138499407879242,2,2,0.128,920.0,0.6455166675150394,0.9376366289807997,-0.38763662898079965
223,223,categorical_soft,1,1,False,0.0,0.0,0.0,1.0,0.0,2,-1.0,0.3861730384634731,-3.137580762873307,3.7580099659641433,-0.3408220567039684,0.3861730384634731,0.0009951718593939865,0.982483745252653,0.01652108288795297,0.0009951718593939865,0.982483745252653,0.01652108288795297,0.982483745252653,0.0009951718593939865,-0.9659626623647001,2,2,0.512,1080.0,0.9951790161430836,0.9857344003738269,-0.4357344003738268
224,224,categorical_soft,0,0,False,0.0,0.0,1.0,0.0,0.0,1,-1.0,0.48053630295574523,0.9190271815406443,0.8441218660691506,-1.2430035653066371,0.48053630295574523,0.48940340618796674,0.4539450813696303,0.05665151244240294,0.48940340618796674,0.4539450813696303,0.05665151244240294,0.48940340618796674,0.4539450813696303,-0.4327518937455638,1,1,0.0,1140.0,0.4604542929737363,0.8228637386141178,-0.2728637386141177
225,225,categorical_soft,0,0,False,0.0,0.0,1.0,0.0,0.0,1,-1.0,0.4900414071029885,2.919182515072707,0.5976523129500405,-2.7175152747298363,0.4900414071029885,0.9073853201455018,0.08935910643671227,0.0032555734177858882,0.9073853201455018,0.08935910643671227,0.0032555734177858882,0.9073853201455018,0.08935910643671227,-0.9041297467277158,1,1,0.032,740.0,0.7069098949432373,0.9619124420023145,-0.41191244200231447
226,226,categorical_soft,0,0,True,0.1528089201268638,0.0,0.8471910953521729,0.0,0.15280891954898834,1,-0.6943821758031845,0.35490908595022674,1.640034953687649,-1.008323663163977,0.420175488756046,0.35490908595022674,0.7315031434695312,0.051797694741041,0.21669916178942775,0.7315031434695312,0.051797694741041,0.21669916178942775,0.7315031434695312,0.051797694741041,-0.5148039816801034,1,1,0.064,1010.0,0.7045481577515602,0.9474461245798402,-0.3974461245798402
227,227,categorical_soft,1,1,True,0.15360463462581997,0.0,0.0,0.8463953733444214,0.1536046415567398,2,-0.6927907317876816,0.351281522086471,-2.3891410485548166,1.6590546136553435,0.4756041725556705,0.351281522086471,0.013180799298679843,0.7550837626075142,0.23173543809380615,0.013180799298679843,0.7550837626075142,0.23173543809380615,0.7550837626075142,0.013180799298679843,-0.523348324513708,2,2,0.512,420.0,0.5501690473174676,0.945042986345464,-0.395042986345464
228,228,categorical_soft,0,0,True,0.14064528422321942,0.0,0.8593547344207764,0.0,0.14064528048038483,1,-0.7187094539403915,0.34830368338754897,3.102452283033677,-2.411244820381339,1.1085859153706046,0.34830368338754897,0.8764972475121933,0.0035370929605673318,0.1199656595272393,0.8764972475121933,0.0035370929605673318,0.1199656595272393,0.8764972475121933,0.0035370929605673318,-0.756531587984954,1,1,0.256,730.0,0.9654799997806549,0.9891379291663808,-0.4391379291663807
229,229,categorical_soft,1,1,False,0.0,0.0,0.0,1.0,0.0,2,-1.0,0.4012140488648126,-0.5691231634051543,2.8349379779260557,-1.5895286783440596,0.4012140488648126,0.03180656074072025,0.9565513165087157,0.01164212275056412,0.03180656074072025,0.9565513165087157,0.01164212275056412,0.9565513165087157,0.03180656074072025,-0.9449091937581516,2,2,0.064,730.0,0.7088822452351451,0.9627012144069175,-0.4127012144069174
230,230,categorical_soft,0,0,True,0.6246148066422668,0.0,0.37538519501686096,0.0,0.6246148347854614,3,0.24922963976860046,0.4004360728887232,0.38612489662558536,-0.23575637424796195,0.2105285324716107,0.4004360728887232,0.42087678649735755,0.22595220433773364,0.35317100916490884,0.42087678649735755,0.22595220433773364,0.35317100916490884,0.42087678649735755,0.22595220433773364,-0.0677057773324487,1,1,0.0,1030.0,0.08277012407779694,0.4533259793573495,0.09667402064265057
231,231,categorical_soft,1,1,True,0.1600567102224431,0.0,0.0,0.8399432897567749,0.1600567102432251,2,-0.6798865795135498,0.22899021357803817,-2.688197113964881,2.2502729262663075,0.4200750798344404,0.22899021357803817,0.006140012779538473,0.8564432519284096,0.13741673529205176,0.006140012779538473,0.8564432519284096,0.13741673529205176,0.8564432519284096,0.006140012779538473,-0.7190265166363579,2,2,0.128,970.0,0.6224888265132904,0.9266926392432918,-0.37669263924329177
232,232,categorical_soft,0,0,True,0.6555425499959664,0.0,0.3444574475288391,0.0,0.6555425524711609,3,0.3110851049423218,0.42226498266328905,0.06174150689044354,-0.2035481093770143,0.2894671073618641,0.42226498266328905,0.33083946562174293,0.2538056755139573,0.4153548588642998,0.33083946562174293,0.2538056755139573,0.4153548588642998,0.33083946562174293,0.2538056755139573,0.08451539324255686,3,3,0.0,940.0,0.03882630169391632,0.4268644092037139,0.12313559079628617
233,233,categorical_soft,0,0,True,0.13890512674687916,0.0,0.8610948920249939,0.0,0.1389051228761673,1,-0.7221897691488266,0.3349977940994991,3.7024846912160427,-2.7818610874488465,1.1471157907638831,0.3349977940994991,0.9259627429987021,0.0014162520855733752,0.0726210049157246,0.9259627429987021,0.0014162520855733752,0.0726210049157246,0.9259627429987021,0.0014162520855733752,-0.8533417380829775,1,1,0.256,890.0,1.2117628089617938,0.9960447976541715,-0.4460447976541715
234,234,categorical_soft,1,1,True,0.1669190986530561,0.0,0.0,0.8330808877944946,0.16691909730434418,2,-0.6661617904901505,0.33080097883072657,-3.2132568254254013,2.415253326467737,0.6451313679295965,0.33080097883072657,0.003060126620362889,0.8514778477353181,0.14546202564431904,0.003060126620362889,0.8514778477353181,0.14546202564431904,0.8514778477353181,0.003060126620362889,-0.7060158220909991,2,2,0.256,1150.0,0.618890518322587,0.9090657488465645,-0.3590657488465645
235,235,categorical_soft,0,0,True,0.3584819305486807,0.0,0.6415180563926697,0.0,0.3584819436073303,1,-0.28303611278533936,0.41367062180998754,-0.2661157265277013,-0.029039205502821037,0.15622347361292047,0.41367062180998754,0.26359584608301034,0.33425940146206756,0.4021447524549221,0.26359584608301034,0.33425940146206756,0.4021447524549221,0.26359584608301034,0.33425940146206756,0.13854890637191175,3,3,0.0,450.0,0.11441224813461304,0.660932596719877,-0.11093259671987699
236,236,categorical_soft,0,0,False,0.0,0.0,1.0,0.0,0.0,1,-1.0,0.389879284826964,9.479058695206984,-3.370773147517859,-3.226314423108269,0.389879284826964,0.9999941824138242,2.659677272414174e-06,3.157908903444545e-06,0.9999941824138242,2.659677272414174e-06,3.157908903444545e-06,0.9999941824138242,2.659677272414174e-06,-0.9999910245049207,1,1,0.512,1180.0,1.1793404817581177,0.9934377917668306,-0.4434377917668305
237,237,categorical_soft,1,1,False,0.0,0.0,0.0,1.0,0.0,2,-1.0,0.39743683717558725,-3.150708177888382,3.6239127659663266,-0.2361293693231615,0.39743683717558725,0.0011180969979347865,0.9780316374699837,0.02085026553208156,0.0011180969979347865,0.9780316374699837,0.02085026553208156,0.9780316374699837,0.0011180969979347865,-0.9571813719379021,2,2,0.512,1040.0,0.8575209192931652,0.9735935369836438,-0.42359353698364377
238,238,categorical_soft,1,1,True,0.1653626532142904,0.0,0.0,0.8346373438835144,0.1653626561164856,2,-0.6692746877670288,0.27805904736274556,-1.3496142506199889,0.9735440690462133,0.1713006895934363,0.27805904736274556,0.06342441495934147,0.6465708068534822,0.29000477818717624,0.06342441495934147,0.6465708068534822,0.29000477818717624,0.6465708068534822,0.06342441495934147,-0.356566028666306,2,2,0.064,570.0,0.48624189104884863,0.912913889219907,-0.36291388921990697
239,239,categorical_soft,1,1,False,0.0,0.0,0.0,1.0,0.0,2,-1.0,0.38390279109502135,-2.6485345662369943,3.622784379457754,-0.655215213838666,0.38390279109502135,0.0018624211275865804,0.9842425582744134,0.013895020598000112,0.0018624211275865804,0.9842425582744134,0.013895020598000112,0.9842425582744134,0.0018624211275865804,-0.9703475376764134,2,2,0.256,1150.0,0.9062359754461795,0.9762034818176099,-0.4262034818176098
240,240,categorical_soft,0,0,True,0.13999451437870852,0.0,0.8600054979324341,0.0,0.1399945169687271,1,-0.720010980963707,0.3454196889587394,3.16563854142149,-2.5221952629086246,1.1801560383824237,0.3454196889587394,0.8761815646650938,0.0029707598061995645,0.12084767552870665,0.8761815646650938,0.0029707598061995645,0.12084767552870665,0.8761815646650938,0.0029707598061995645,-0.7553338891363871,1,1,0.128,1160.0,1.1259546265937388,0.9916875020500079,-0.44168750205000784
241,241,categorical_soft,0,0,False,0.0,0.0,1.0,0.0,0.0,1,-1.0,0.4388244364197426,5.369844251087766,0.03632082328532889,-3.983344199238585,0.4388244364197426,0.9950919426151964,0.004821720194610608,8.633719019309917e-05,0.9950919426151964,0.004821720194610608,8.633719019309917e-05,0.9950919426151964,0.004821720194610608,-0.9950056054250033,1,1,0.256,780.0,0.9812496453523636,0.9893212358900684,-0.43932123589006833
242,242,categorical_soft,1,1,False,0.0,0.0,0.0,1.0,0.0,2,-1.0,0.4596239406746836,0.1637224221021131,1.112639265376219,-0.7950766693542224,0.4596239406746836,0.2519452615524311,0.6508551283240493,0.09719961012351955,0.2519452615524311,0.6508551283240493,0.09719961012351955,0.6508551283240493,0.2519452615524311,-0.5536555182005298,2,2,0.032,760.0,0.40921776555478573,0.850970846419215,-0.300970846419215
243,243,categorical_soft,1,1,True,0.1521124229431609,0.0,0.0,0.8478875756263733,0.1521124243736267,2,-0.6957751512527466,0.254273591307436,-2.5542543592707836,2.0702884767412755,0.40520658740585674,0.254273591307436,0.008185094738000444,0.8339422992466672,0.15787260601533237,0.008185094738000444,0.8339422992466672,0.15787260601533237,0.8339422992466672,0.008185094738000444,-0.6760696932313348,2,2,0.128,890.0,0.6839880559127778,0.9495773956125515,-0.39957739561255146
244,244,categorical_soft,1,1,False,0.0,0.0,0.0,1.0,0.0,2,-1.0,0.43566935363956627,-0.32471446168814877,1.642094543334143,-0.8486315171449789,0.43566935363956627,0.11436657114944063,0.8172519351258645,0.0683814937246949,0.11436657114944063,0.8172519351258645,0.0683814937246949,0.8172519351258645,0.11436657114944063,-0.7488704414011695,2,2,0.064,460.0,0.5251156184822321,0.9354361738992932,-0.3854361738992932
245,245,categorical_soft,1,1,True,0.15085227026719744,0.0,0.0,0.8491477370262146,0.1508522629737854,2,-0.6982954740524292,0.2173716267931153,-3.144109885254399,2.674009521644984,0.4973151090822829,0.2173716267931153,0.0026641192154270377,0.8957092589318542,0.10162662185271884,0.0026641192154270377,0.8957092589318542,0.10162662185271884,0.8957092589318542,0.0026641192154270377,-0.7940826370791353,2,2,0.256,1000.0,0.7283073337748647,0.9535017148259897,-0.4035017148259896
246,246,categorical_soft,0,0,True,0.13834065920886074,0.0,0.8616593480110168,0.0,0.13834065198898315,1,-0.7233186960220337,0.23940637765379705,4.589244315770744,-2.890345474198427,0.7113179733186195,0.23940637765379705,0.978302837853045,0.000552407832071703,0.021144754314883434,0.978302837853045,0.000552407832071703,0.021144754314883434,0.978302837853045,0.000552407832071703,-0.9571580835381616,1,1,0.512,670.0,1.3359726145863533,0.9983482697746391,-0.44834826977463904
247,247,categorical_soft,1,1,True,0.15131481865765273,0.0,0.0,0.8486852049827576,0.15131482481956482,2,-0.6973703801631927,0.3062835922557152,-3.007405819419172,2.306190877602041,0.5442473219282851,0.3062835922557152,0.004185736609607233,0.849597624588381,0.1462166388020117,0.004185736609607233,0.849597624588381,0.1462166388020117,0.849597624588381,0.004185736609607233,-0.7033809857863693,2,2,0.512,750.0,0.6604041084647179,0.9520508505006002,-0.4020508505006002
248,248,categorical_soft,0,0,True,0.19104601399816412,0.0,0.8089540004730225,0.0,0.19104601442813873,1,-0.6179079860448837,0.28360771622664316,1.1547536960767026,-0.9827482775253461,0.5609307558473222,0.28360771622664316,0.5986836987050828,0.07067214781614826,0.33064415347876897,0.5986836987050828,0.07067214781614826,0.33064415347876897,0.5986836987050828,0.07067214781614826,-0.2680395452263138,1,1,0.032,630.0,0.3886011242866516,0.8578638396277584,-0.3078638396277583
249,249,categorical_soft,0,0,True,0.14899593500840919,0.0,0.8510040640830994,0.0,0.14899593591690063,1,-0.7020081281661987,0.2831789189141508,1.2175651413684252,-1.0249275412986463,0.5749184029545655,0.2831789189141508,0.6126376194481421,0.0651079408424747,0.32225443970938317,0.6126376194481421,0.0651079408424747,0.32225443970938317,0.6126376194481421,0.0651079408424747,-0.29038317973875893,1,1,0.064,830.0,0.7157257348299026,0.9594510593295946,-0.4094510593295946
250,250,categorical_soft,0,0,False,0.0,0.0,1.0,0.0,0.0,1,-1.0,0.42634451240738586,6.7605251351591935,-0.9670486096654031,-3.923660058258728,0.42634451240738586,0.9995340234092746,0.00044288755052249,2.308904020300738e-05,0.9995340234092746,0.00044288755052249,2.308904020300738e-05,0.9995340234092746,0.00044288755052249,-0.9995109343690716,1,1,0.512,690.0,1.0512995719909668,0.9931826741729747,-0.44318267417297463
251,251,categorical_soft,1,1,True,0.1450358315135591,0.0,0.0,0.8549641966819763,0.14503583312034607,2,-0.7099283635616302,0.31208418783870406,-2.596716210727361,1.949727728448241,0.4675146335796635,0.31208418783870406,0.008568788600500487,0.8076682183714554,0.18376299302804405,0.008568788600500487,0.8076682183714554,0.18376299302804405,0.8076682183714554,0.008568788600500487,-0.6239052253434114,2,2,0.512,460.0,0.7096503600478172,0.9728817790571173,-0.4228817790571172
252,252,categorical_soft,0,0,False,0.0,0.0,1.0,0.0,0.0,1,-1.0,0.4771048428906279,0.940277059953844,0.6985337775645931,-1.1636613077927387,0.4771048428906279,0.5241675723110282,0.41151185159440723,0.06432057609456474,0.5241675723110282,0.41151185159440723,0.06432057609456474,0.5241675723110282,0.41151185159440723,-0.4598469962164634,1,1,0.0,1090.0,0.056773871183395386,0.4043661573593404,0.14563384264065965
253,253,categorical_soft,0,0,True,0.14177096366115877,0.0,0.8582290410995483,0.0,0.14177095890045166,1,-0.7164580821990967,0.34585240985455706,2.1834722141389795,-1.0075925432797168,0.24088806981845973,0.34585240985455706,0.8429117625613489,0.034668878268695365,0.12241935916995576,0.8429117625613489,0.034668878268695365,0.12241935916995576,0.8429117625613489,0.034668878268695365,-0.7204924033913932,1,1,0.064,800.0,0.913612388074398,0.9848176074796632,-0.43481760747966314
254,254,categorical_soft,0,0,False,0.0,0.0,1.0,0.0,0.0,1,-1.0,0.4459800322490518,4.7406493859551375,0.2994464221374025,-3.776617215028896,0.4459800322490518,0.9881327466157976,0.011669593493067064,0.0001976598911351869,0.9881327466157976,0.011669593493067064,0.0001976598911351869,0.9881327466157976,0.011669593493067064,-0.9879350867246625,1,1,0.128,900.0,0.7917141616344452,0.9693153156346825,-0.4193153156346825
255,255,categorical_soft,1,1,True,0.14931775281247062,0.0,0.0,0.850682258605957,0.14931775629520416,2,-0.7013645023107529,0.21351587610204253,-3.1196297619782323,2.753747328831024,0.43802765083624956,0.21351587610204253,0.0025587401541742826,0.9078239180557812,0.08961734179004456,0.0025587401541742826,0.9078239180557812,0.08961734179004456,0.9078239180557812,0.0025587401541742826,-0.8182065762657367,2,2,0.256,1050.0,0.7642977461218834,0.9584047513164093,-0.4084047513164093
256,256,categorical_soft,0,0,False,0.0,0.0,1.0,0.0,0.0,1,-1.0,0.4766492905080277,2.443212007935203,0.6508941339850681,-2.4373336525668963,0.4766492905080277,0.8513795687035056,0.14210539002336536,0.006515041273129072,0.8513795687035056,0.14210539002336536,0.006515041273129072,0.8513795687035056,0.14210539002336536,-0.8448645274303765,1,1,0.064,640.0,0.4652378112077713,0.8967989949471341,-0.34679899494713406
257,257,categorical_soft,1,1,True,0.33470239391383116,0.0,0.0,0.6652976274490356,0.33470240235328674,2,-0.3305952250957489,0.38114152478296215,-0.22277944399774943,0.08468963144864228,0.09202968919710788,0.38114152478296215,0.2684562146110185,0.36456800824304214,0.3669757771459393,0.2684562146110185,0.36456800824304214,0.3669757771459393,0.36456800824304214,0.2684562146110185,0.0024077689028971783,3,3,0.0,730.0,0.20241867005825043,0.6818551039317605,-0.13185510393176048
258,258,categorical_soft,1,1,True,0.14302894809337374,0.0,0.0,0.856971025466919,0.14302894473075867,2,-0.7139420807361603,0.32227571891408907,-3.0767511613174583,2.761737876571559,0.3578420308606776,0.32227571891408907,0.002683307267081823,0.9145768440977908,0.08273984863512733,0.002683307267081823,0.9145768440977908,0.08273984863512733,0.9145768440977908,0.002683307267081823,-0.8318369954626635,2,2,0.512,850.0,0.8700185790657997,0.9801177867247022,-0.43011778672470213
259,259,categorical_soft,0,0,True,0.18788168456132315,0.0,0.8121182918548584,0.0,0.1878816783428192,1,-0.6242366135120392,0.41374705088236957,0.23577289231620946,-0.01735434462710268,0.05401287279650961,0.41374705088236957,0.3832180304745657,0.29722652035341374,0.31955544917202056,0.3832180304745657,0.29722652035341374,0.31955544917202056,0.3832180304745657,0.29722652035341374,-0.06366258130254515,1,1,0.032,460.0,0.3570415824651718,0.8638378982141887,-0.3138378982141886
260,260,categorical_soft,0,0,True,0.2796784244066199,0.0,0.7203215956687927,0.0,0.27967843413352966,1,-0.44064316153526306,0.30099804853477247,-1.0351484098317307,0.5972306220908989,0.19048224368628755,0.30099804853477247,0.10498778459490461,0.5372022130595246,0.35781000234557075,0.10498778459490461,0.5372022130595246,0.35781000234557075,0.10498778459490461,0.5372022130595246,0.25282221775066616,2,2,0.0,830.0,0.28032926470041275,0.7358603937733131,-0.1858603937733131
261,261,categorical_soft,0,0,True,0.3556582784721536,0.0,0.6443417072296143,0.0,0.35565829277038574,1,-0.2886834144592285,0.363238409856173,-0.36173035645180607,0.11888859487048964,0.11884018251192538,0.363238409856173,0.23622447220594495,0.3821194210143203,0.3816561067797347,0.23622447220594495,0.3821194210143203,0.3816561067797347,0.23622447220594495,0.3821194210143203,0.14543163457378977,2,2,0.0,520.0,0.1337961107492447,0.6633603266740746,-0.11336032667407459
262,262,categorical_soft,0,0,True,0.14775865724515563,0.0,0.8522413372993469,0.0,0.14775866270065308,1,-0.7044826745986938,0.2901844802716099,1.1270930026003787,-0.9470349952856209,0.5396653976275471,0.2901844802716099,0.5946692289809266,0.0747963490734059,0.3305344219456674,0.5946692289809266,0.0747963490734059,0.3305344219456674,0.5946692289809266,0.0747963490734059,-0.26413480703525916,1,1,0.032,730.0,0.713656947016716,0.9635345279378638,-0.4135345279378637
263,263,categorical_soft,1,1,False,0.0,0.0,0.0,1.0,0.0,2,-1.0,0.4397171347184837,-0.7689892684430794,1.9747640246440679,-0.8568911232801986,0.4397171347184837,0.057286433818975344,0.8894661360716685,0.053247430109356245,0.057286433818975344,0.8894661360716685,0.053247430109356245,0.8894661360716685,0.057286433818975344,-0.8362187059623122,2,2,0.064,430.0,0.7616479843854904,0.9796020092335416,-0.4296020092335415
264,264,categorical_soft,1,1,False,0.0,0.0,0.0,1.0,0.0,2,-1.0,0.4445319859756693,0.11912906072408173,1.2559502749064386,-0.8622259432432509,0.4445319859756693,0.22249175879433478,0.6935444282672959,0.08396381293836915,0.22249175879433478,0.6935444282672959,0.08396381293836915,0.6935444282672959,0.22249175879433478,-0.6095806153289267,2,2,0.032,640.0,0.5525830592960119,0.9303007074070531,-0.380300707407053
265,265,categorical_soft,1,1,True,0.1591806303985685,0.0,0.0,0.8408193588256836,0.1591806262731552,2,-0.6816387325525284,0.28279505399897475,-0.7000746085937892,0.7095808005784754,-0.02701904268651163,0.28279505399897475,0.14239584241871778,0.5800332271999803,0.27757093038130193,0.14239584241871778,0.5800332271999803,0.27757093038130193,0.5800332271999803,0.14239584241871778,-0.30246229681867837,2,2,0.032,460.0,0.504600090906024,0.9290743796082712,-0.3790743796082712
266,266,categorical_soft,0,0,True,0.18279476550159074,0.0,0.8172052502632141,0.0,0.18279476463794708,1,-0.634410485625267,0.388007349115696,0.6176638734173312,-0.15204985124757145,0.04520866889454461,0.388007349115696,0.49297699496015446,0.22833006161734226,0.2786929434225033,0.49297699496015446,0.22833006161734226,0.2786929434225033,0.49297699496015446,0.22833006161734226,-0.21428405153765118,1,1,0.0,1070.0,0.5245995223522186,0.8738495799116713,-0.3238495799116713
267,267,categorical_soft,0,0,True,0.13986777918535542,0.0,0.8601322174072266,0.0,0.13986778259277344,1,-0.7202644348144531,0.27617475609607023,2.3459215367183774,-2.0412880735034653,1.0802818938577947,0.27617475609607023,0.7723133525023613,0.009605990042730782,0.2180806574549079,0.7723133525023613,0.009605990042730782,0.2180806574549079,0.7723133525023613,0.009605990042730782,-0.5542326950474534,1,1,0.256,540.0,0.9865885153412819,0.9921885901687603,-0.4421885901687602
268,268,categorical_soft,0,0,True,0.1533718956249439,0.0,0.8466281294822693,0.0,0.1533719003200531,1,-0.6932562291622162,0.3822269362917551,1.2153252381090849,-0.34510929382543554,0.00912415872416692,0.3822269362917551,0.6617407576811516,0.13917891497768412,0.1990803273411643,0.6617407576811516,0.13917891497768412,0.1990803273411643,0.6617407576811516,0.13917891497768412,-0.46266043033998727,1,1,0.032,1050.0,0.7075030952692032,0.945742435098585,-0.395742435098585
269,269,categorical_soft,1,1,True,0.19538686710282,0.0,0.0,0.8046131134033203,0.1953868716955185,2,-0.6092262417078018,0.41539637707873356,-0.09504730348094703,-0.045012633709215016,0.1761611576144495,0.41539637707873356,0.2974413012593874,0.3126301499967458,0.38992854874386673,0.2974413012593874,0.3126301499967458,0.38992854874386673,0.3126301499967458,0.2974413012593874,0.07729839874712091,3,3,0.0,780.0,0.41250117123126984,0.8499561995424352,-0.29995619954243513
270,270,categorical_soft,1,1,False,0.0,0.0,0.0,1.0,0.0,2,-1.0,0.5079069825306746,1.5216054354708644,0.45991605112925693,-1.5136534437368616,0.5079069825306746,0.7171175345858004,0.24805820538541895,0.03482426002878068,0.7171175345858004,0.24805820538541895,0.03482426002878068,0.24805820538541895,0.7171175345858004,-0.21323394535663825,1,1,0.0,480.0,0.10274922102689743,0.6396812171228674,-0.08968121712286736
271,271,categorical_soft,0,0,True,0.1594492223485875,0.0,0.8405507802963257,0.0,0.15944921970367432,1,-0.6811015605926514,0.3394304262306521,1.045019133356584,-0.7380015087957666,0.3863435078034332,0.3394304262306521,0.5930725676793566,0.09984892480843055,0.3070785075122129,0.5930725676793566,0.09984892480843055,0.3070785075122129,0.5930725676793566,0.09984892480843055,-0.2859940601671437,1,1,0.032,690.0,0.5587776601314545,0.9283407491777317,-0.37834074917773164
272,272,categorical_soft,1,1,True,0.15029517023535793,0.0,0.0,0.8497048020362854,0.1502951681613922,2,-0.6994096338748932,0.23326696427589186,-0.8511665287503372,0.9230113411537637,-0.006164358661095793,0.23326696427589186,0.10894246469722257,0.6388284116685001,0.25222912363427724,0.10894246469722257,0.6388284116685001,0.25222912363427724,0.6388284116685001,0.10894246469722257,-0.3865992880342229,2,2,0.032,840.0,0.6972966487519443,0.9552655773150365,-0.40526557731503643
273,273,categorical_soft,1,1,True,0.6648790529686728,0.0,0.0,0.33512094616889954,0.6648790240287781,3,0.32975807785987854,0.4057765387477311,-0.19847945417437057,-0.012842950101360055,0.15387414594580823,0.4057765387477311,0.2757871751721652,0.33202820218042406,0.39218462264741066,0.2757871751721652,0.33202820218042406,0.39218462264741066,0.33202820218042406,0.2757871751721652,0.060156420466986604,3,3,0.0,1090.0,0.0686732679605484,0.41852326109160093,0.13147673890839912
274,274,categorical_soft,0,0,False,0.0,0.0,1.0,0.0,0.0,1,-1.0,0.43327018444179843,5.199403150349181,-0.10830829628253076,-3.6950703278250776,0.43327018444179843,0.9949179824455209,0.00494538800418104,0.00013662955029824245,0.9949179824455209,0.00494538800418104,0.00013662955029824245,0.9949179824455209,0.00494538800418104,-0.9947813528952226,1,1,0.128,1180.0,0.8269686996936798,0.9640318690614057,-0.41403186906140566
275,275,categorical_soft,1,1,False,0.0,0.0,0.0,1.0,0.0,2,-1.0,0.38437980387770143,-1.919668795359708,3.6640667790479613,-1.273267808598981,0.38437980387770143,0.003723339414513302,0.9890324834077555,0.0072441771777311285,0.003723339414513302,0.9890324834077555,0.0072441771777311285,0.9890324834077555,0.003723339414513302,-0.9817883062300243,2,2,0.256,850.0,1.0121175795793533,0.9900091090472307,-0.4400091090472307
276,276,categorical_soft,0,0,False,0.0,0.0,1.0,0.0,0.0,1,-1.0,0.4093261413445223,9.137272998045466,-3.7468313780096074,-2.5330374124823973,0.4093261413445223,0.9999885152880428,2.5662111172219325e-06,8.91850083994119e-06,0.9999885152880428,2.5662111172219325e-06,8.91850083994119e-06,0.9999885152880428,2.5662111172219325e-06,-0.9999795967872028,1,1,0.512,1150.0,1.1009928733110428,0.9907244605102499,-0.4407244605102498
277,277,categorical_soft,0,0,False,0.0,0.0,1.0,0.0,0.0,1,-1.0,0.4635793573210222,4.423467919222426,0.3995079776082494,-3.617057496411104,0.4635793573210222,0.9820661601080213,0.01761654415440101,0.00031729573757759713,0.9820661601080213,0.01761654415440101,0.00031729573757759713,0.9820661601080213,0.01761654415440101,-0.9817488643704437,1,1,0.128,680.0,0.9255853593349457,0.9875783536318303,-0.4375783536318303
278,278,categorical_soft,1,1,True,0.15633731192870665,0.0,0.0,0.843662679195404,0.15633730590343475,2,-0.6873253732919693,0.24942417685644852,-1.6020334826588543,1.2530925871919099,0.21752001007329902,0.24942417685644852,0.04077555566632292,0.7077995183652439,0.25142492596843324,0.04077555566632292,0.7077995183652439,0.25142492596843324,0.7077995183652439,0.04077555566632292,-0.45637459239681066,2,2,0.032,850.0,0.6262553837150335,0.9370345759096455,-0.3870345759096454
279,279,categorical_soft,1,1,True,0.5298821104103935,0.0,0.0,0.4701178967952728,0.5298821330070496,3,0.05976423621177673,0.33370186240039046,-0.16743771072163935,0.4061126496065441,-0.07561488299667113,0.33370186240039046,0.25924068346187923,0.4580566507064979,0.28270266583162285,0.25924068346187923,0.4580566507064979,0.28270266583162285,0.4580566507064979,0.25924068346187923,-0.17535398487487508,2,2,0.0,850.0,0.09916174411773682,0.5275465849209846,0.022453415079015437
280,280,categorical_soft,1,1,True,0.1950017066658168,0.0,0.0,0.8049982786178589,0.19500170648097992,2,-0.609996572136879,0.3738115836095103,-0.522368852945914,0.13852886818860596,0.14999195549541033,0.3738115836095103,0.20411949034373453,0.39580573769672617,0.40007477195953944,0.20411949034373453,0.39580573769672617,0.40007477195953944,0.39580573769672617,0.20411949034373453,0.004269034262813276,3,3,0.0,650.0,0.3817058764398098,0.8506450788496379,-0.30064507884963787
281,281,categorical_soft,0,0,True,0.24079107969569813,0.0,0.7592089176177979,0.0,0.24079108238220215,1,-0.5184178352355957,0.39252242999014253,0.601273122887961,-0.219399728775646,0.10689076865317163,0.39252242999014253,0.4875890179082038,0.21462509469460453,0.29778588739719175,0.4875890179082038,0.21462509469460453,0.29778588739719175,0.4875890179082038,0.21462509469460453,-0.18980313051101205,1,1,0.032,550.0,0.26255927979946136,0.7815645134853585,-0.23156451348535845
282,282,categorical_soft,0,0,False,0.0,0.0,1.0,0.0,0.0,1,-1.0,0.4357785497608472,5.473912589876371,-0.1372407139242485,-3.8724582238896614,0.4357785497608472,0.996256325269754,0.003656561491803721,8.711323844223256e-05,0.996256325269754,0.003656561491803721,8.711323844223256e-05,0.996256325269754,0.003656561491803721,-0.9961692120313118,1,1,0.512,440.0,0.9626259952783585,0.9922103971270537,-0.4422103971270537
283,283,categorical_soft,0,0,True,0.4337579858360813,0.0,0.5662420392036438,0.0,0.4337579905986786,1,-0.1324840486049652,0.42979380779480125,0.159519886039004,0.0694883682955552,-0.021351785344419543,0.42979380779480125,0.36417503704433324,0.3321479318895872,0.30367703106607946,0.36417503704433324,0.3321479318895872,0.30367703106607946,0.36417503704433324,0.3321479318895872,-0.06049800597825378,1,1,0.0,990.0,0.1937071830034256,0.600143305897875,-0.05014330589787497
284,284,categorical_soft,1,1,False,0.0,0.0,0.0,1.0,0.0,2,-1.0,0.3795139223605669,-3.331713595818882,3.933720666268561,-0.30198207442570824,0.3795139223605669,0.0006890520447286174,0.9848899968199081,0.014420951135363258,0.0006890520447286174,0.9848899968199081,0.014420951135363258,0.9848899968199081,0.0006890520447286174,-0.9704690456845448,2,2,0.512,1180.0,1.0494448315293994,0.9876492570449825,-0.4376492570449825
285,285,categorical_soft,0,0,True,0.20068470657477516,0.0,0.7993152737617493,0.0,0.20068471133708954,1,-0.5986305624246597,0.3680788715375642,1.0233562556849265,-0.6050440586222524,0.28143516770705446,0.3680788715375642,0.5976628477057205,0.11746055130162672,0.28487660099265294,0.5976628477057205,0.11746055130162672,0.28487660099265294,0.5976628477057205,0.11746055130162672,-0.3127862467130676,1,1,0.064,740.0,0.38829944282770157,0.8407161680580805,-0.2907161680580804
286,286,categorical_soft,1,1,False,0.0,0.0,0.0,1.0,0.0,2,-1.0,0.38455993588399406,-3.2092730144707486,3.8106850474895886,-0.3180499018944261,0.38455993588399406,0.0008792692361724922,0.9830860518167477,0.016034678947079592,0.0008792692361724922,0.9830860518167477,0.016034678947079592,0.9830860518167477,0.0008792692361724922,-0.9670513728696681,2,2,0.512,1140.0,0.9693213626742363,0.9826413425144718,-0.4326413425144717
287,287,categorical_soft,1,1,True,0.1485846174179713,0.0,0.0,0.8514153957366943,0.14858461916446686,2,-0.7028307765722275,0.2373009304298849,-2.764432933244401,2.324852639847772,0.41126097646773585,0.2373009304298849,0.005347159811624613,0.8666967246941921,0.12795611549418345,0.005347159811624613,0.8666967246941921,0.12795611549418345,0.8666967246941921,0.005347159811624613,-0.7387406092000086,2,2,0.256,780.0,0.7106173224747181,0.9607977457080538,-0.4107977457080537
288,288,categorical_soft,0,0,False,0.0,0.0,1.0,0.0,0.0,1,-1.0,0.4414851191213652,5.626328861092519,0.010098120170336117,-4.150433291393385,0.4414851191213652,0.9963040680330026,0.0036393122988103562,5.661966818688548e-05,0.9963040680330026,0.0036393122988103562,5.661966818688548e-05,0.9963040680330026,0.0036393122988103562,-0.9962474483648157,1,1,0.256,880.0,0.9866893738508224,0.9882830661053026,-0.43828306610530254
289,289,categorical_soft,0,0,False,0.0,0.0,1.0,0.0,0.0,1,-1.0,0.45353071469317935,4.411906631277949,0.34923279509278926,-3.566352634679732,0.45353071469317935,0.9827146570479599,0.016947826961314683,0.0003375159907255592,0.9827146570479599,0.016947826961314683,0.0003375159907255592,0.9827146570479599,0.016947826961314683,-0.9823771410572344,1,1,0.064,920.0,0.7644073963165283,0.9642412099292518,-0.41424120992925173
290,290,categorical_soft,0,0,True,0.1381227231744136,0.0,0.8618772625923157,0.0,0.13812272250652313,1,-0.7237545400857925,0.2697366879240368,4.503770305918536,-2.3821606319636306,0.18087223028688432,0.2697366879240368,0.9849844316518752,0.0010067256156670562,0.014008842732457727,0.9849844316518752,0.0010067256156670562,0.014008842732457727,0.9849844316518752,0.0010067256156670562,-0.9709755889194175,1,1,0.512,600.0,1.4786475822329521,0.9992462463328757,-0.4492462463328757
291,291,categorical_soft,1,1,True,0.15995708681233395,0.0,0.0,0.8400428891181946,0.15995708107948303,2,-0.6800858080387115,0.4154329269449786,-0.06475923046673997,-0.027201211977456258,0.1480705399358538,0.4154329269449786,0.30544928016657097,0.3169296940341949,0.37762102579923423,0.30544928016657097,0.3169296940341949,0.37762102579923423,0.3169296940341949,0.30544928016657097,0.060691331765039325,3,3,0.0,920.0,0.611028790473938,0.9269618633162482,-0.37696186331624815
292,292,categorical_soft,0,0,False,0.0,0.0,1.0,0.0,0.0,1,-1.0,0.483135705800999,3.8970024603563815,0.5165705475626344,-3.330241464732267,0.483135705800999,0.9662583121807907,0.0330360886919753,0.0007055991272341092,0.9662583121807907,0.0330360886919753,0.0007055991272341092,0.9662583121807907,0.0330360886919753,-0.9655527130535566,1,1,0.064,970.0,0.7140514403581619,0.9519763772780255,-0.4019763772780255
293,293,categorical_soft,1,1,True,0.14477298929539312,0.0,0.0,0.855226993560791,0.1447729915380478,2,-0.7104540020227432,0.27966035460715427,-3.556731333855005,3.0176186537435052,0.5361884335735235,0.27966035460715427,0.001288495748795409,0.9215110136086724,0.07720049064253234,0.001288495748795409,0.9215110136086724,0.07720049064253234,0.9215110136086724,0.001288495748795409,-0.8443105229661401,2,2,0.512,1130.0,0.881339731393382,0.9738120010607991,-0.4238120010607991
294,294,categorical_soft,1,1,False,0.0,0.0,0.0,1.0,0.0,2,-1.0,0.37693019693212226,-1.180228002178102,4.394554665181998,-2.437442186839319,0.37693019693212226,0.00377981196582761,0.9951208497139868,0.001099338320185487,0.00377981196582761,0.9951208497139868,0.001099338320185487,0.9951208497139868,0.00377981196582761,-0.9940215113938013,2,2,0.128,800.0,0.8723767548799515,0.9814709344251706,-0.4314709344251706
295,295,categorical_soft,1,1,False,0.0,0.0,0.0,1.0,0.0,2,-1.0,0.39190903159291096,-3.0441598551095357,3.6434720532395666,-0.33842406030643496,0.39190903159291096,0.0012225728191124906,0.9802402232595604,0.018537203921327176,0.0012225728191124906,0.9802402232595604,0.018537203921327176,0.9802402232595604,0.0012225728191124906,-0.9617030193382332,2,2,0.512,980.0,0.9144380930811167,0.9812820490448256,-0.4312820490448256
296,296,categorical_soft,1,1,True,0.14963844126577752,0.0,0.0,0.8503615856170654,0.14963844418525696,2,-0.7007231414318085,0.3139301309225801,-2.595230986112845,1.9539075208185523,0.44915627317544804,0.3139301309225801,0.008584745259407594,0.8109917102624646,0.18042354447812778,0.008584745259407594,0.8109917102624646,0.18042354447812778,0.8109917102624646,0.008584745259407594,-0.6305681657843368,2,2,0.512,510.0,0.6265748795121908,0.9573684414410254,-0.40736844144102535
297,297,categorical_soft,1,1,True,0.1490484519506305,0.0,0.0,0.8509515523910522,0.14904844760894775,2,-0.7019031047821045,0.3147413108862886,-3.5120758448658607,2.6963951689957044,0.6836253744394323,0.3147413108862886,0.0017714928803984978,0.8802529749968298,0.11797553212277181,0.0017714928803984978,0.8802529749968298,0.11797553212277181,0.8802529749968298,0.0017714928803984978,-0.762277442874058,2,2,0.512,1130.0,0.7884399071335793,0.9592798762345498,-0.40927987623454976
298,298,categorical_soft,1,1,False,0.0,0.0,0.0,1.0,0.0,2,-1.0,0.38728595228504614,-1.8343158116120581,3.5769775119679252,-1.2764412635142488,0.38728595228504614,0.004418370042861204,0.9877128183473305,0.007868811609808306,0.004418370042861204,0.9877128183473305,0.007868811609808306,0.9877128183473305,0.004418370042861204,-0.9798440067375221,2,2,0.512,490.0,0.915975533425808,0.989622194411161,-0.4396221944111609
299,299,categorical_soft,0,0,False,0.0,0.0,1.0,0.0,0.0,1,-1.0,0.4850978507043636,0.7722906923740064,0.5912555854978018,-0.9373413388938298,0.4850978507043636,0.4960007160921928,0.41374297087151,0.09025631303629718,0.4960007160921928,0.41374297087151,0.09025631303629718,0.4960007160921928,0.41374297087151,-0.40574440305589565,1,1,0.0,540.0,0.1374301016330719,0.6619619019605973,-0.1119619019605973
300,300,categorical_soft,1,1,False,0.0,0.0,0.0,1.0,0.0,2,-1.0,0.40275903996624984,-2.3299596534173594,3.268541865428619,-0.6709592988179564,0.40275903996624984,0.0036253925501201997,0.9769984010292513,0.019376206420628494,0.0036253925501201997,0.9769984010292513,0.019376206420628494,0.9769984010292513,0.0036253925501201997,-0.9576221946086227,2,2,0.512,650.0,0.9220624417066574,0.9878075660184856,-0.4378075660184856
301,301,categorical_soft,0,0,True,0.3926417585264873,0.0,0.6073582172393799,0.0,0.39264175295829773,1,-0.21471646428108215,0.42631242639338723,-0.13716188996019413,-0.07675467052483859,0.2086857780055106,0.42631242639338723,0.2876914740633428,0.30572399892705737,0.40658452700959985,0.2876914740633428,0.30572399892705737,0.40658452700959985,0.2876914740633428,0.30572399892705737,0.11889305294625707,3,3,0.0,780.0,0.17007821798324585,0.6325402226419574,-0.08254022264195737
302,302,categorical_soft,0,0,True,0.17886932257187405,0.0,0.8211306929588318,0.0,0.1788693219423294,1,-0.6422613710165024,0.37872347181431,0.6419692759251712,-0.41854538725893925,0.2712155516994995,0.37872347181431,0.49092539601351326,0.17009625358308395,0.33897835040340274,0.49092539601351326,0.17009625358308395,0.33897835040340274,0.49092539601351326,0.17009625358308395,-0.15194704561011052,1,1,0.064,490.0,0.39768432080745697,0.8819542041042935,-0.33195420410429344
303,303,categorical_soft,1,1,False,0.0,0.0,0.0,1.0,0.0,2,-1.0,0.460962523769852,0.33825830561848563,1.1573726327123504,-0.9600889609979006,0.460962523769852,0.2822411050802055,0.6402811160427334,0.07747777887706093,0.2822411050802055,0.6402811160427334,0.07747777887706093,0.6402811160427334,0.2822411050802055,-0.5628033371656724,2,2,0.0,570.0,0.11988545954227448,0.6340609673785624,-0.08406096737856239
304,304,categorical_soft,1,1,True,0.1426841499922351,0.0,0.0,0.8573158383369446,0.14268414676189423,2,-0.7146316915750504,0.22496222489181705,-3.1664523578004533,2.7232510317286915,0.47341377415846686,0.22496222489181705,0.002500151349299663,0.9023237808884378,0.09517606776226273,0.002500151349299663,0.9023237808884378,0.09517606776226273,0.9023237808884378,0.002500151349299663,-0.8071477131261751,2,2,0.256,1040.0,0.9303916841745377,0.9813929123148705,-0.4313929123148704
305,305,categorical_soft,1,1,True,0.15134368036888202,0.0,0.0,0.8486562967300415,0.1513436734676361,2,-0.6973126232624054,0.2699246241152247,-2.4745379458190966,1.9617881491227762,0.39957038882349705,0.2699246241152247,0.009698169107611279,0.8185261009030802,0.17177572998930857,0.009698169107611279,0.8185261009030802,0.17177572998930857,0.8185261009030802,0.009698169107611279,-0.6467503709137716,2,2,0.256,560.0,0.6133843287825584,0.9519607250283878,-0.40196072502838776
306,306,categorical_soft,1,1,True,0.17814919649739103,0.0,0.0,0.8218507766723633,0.17814919352531433,2,-0.643701583147049,0.3356354544479501,-2.44403670551891,1.7668474623149404,0.4738266755559134,0.3356354544479501,0.011501064065613475,0.7753092248026667,0.21318971113171975,0.011501064065613475,0.7753092248026667,0.21318971113171975,0.7753092248026667,0.011501064065613475,-0.5621195136709469,2,2,0.128,830.0,0.48410578817129135,0.8834798048379447,-0.3334798048379447
307,307,categorical_soft,0,0,False,0.0,0.0,1.0,0.0,0.0,1,-1.0,0.4858410839915505,3.1429983421912717,0.6328644898356501,-2.9166759009264314,0.4858410839915505,0.9225244830250598,0.07530742717767926,0.0021680897972609628,0.9225244830250598,0.07530742717767926,0.0021680897972609628,0.9225244830250598,0.07530742717767926,-0.9203563932277989,1,1,0.128,430.0,0.6822309195995331,0.9701567791206914,-0.4201567791206914
308,308,categorical_soft,0,0,True,0.19729139267598805,0.0,0.802708625793457,0.0,0.19729138910770416,1,-0.6054172366857529,0.38356977973122,-0.10059905797558626,0.15674099311819573,0.013508748378646634,0.38356977973122,0.2935352234642072,0.37859817789925165,0.32786659863654116,0.2935352234642072,0.37859817789925165,0.32786659863654116,0.2935352234642072,0.37859817789925165,0.03433137517233398,2,2,0.032,520.0,0.3433762788772583,0.8465847675222417,-0.2965847675222416
309,309,categorical_soft,1,1,False,0.0,0.0,0.0,1.0,0.0,2,-1.0,0.4950640485090295,1.3013677367494,0.5121806991762998,-1.3642345441662629,0.4950640485090295,0.6559908496897476,0.29797530840660186,0.04603384190365041,0.6559908496897476,0.29797530840660186,0.04603384190365041,0.29797530840660186,0.6559908496897476,-0.25194146650295146,1,1,0.0,1000.0,0.5186137944401708,0.8797866948377613,-0.32978669483776124
310,310,categorical_soft,1,1,False,0.0,0.0,0.0,1.0,0.0,2,-1.0,0.43093242030504897,-0.02167992888922029,1.518113637724341,-0.9444559009778148,0.43093242030504897,0.16490426429666805,0.7690702162761263,0.06602551942720572,0.16490426429666805,0.7690702162761263,0.06602551942720572,0.7690702162761263,0.16490426429666805,-0.7030446968489206,2,2,0.032,970.0,0.39643021300435066,0.8063145232842015,-0.25631452328420146
311,311,categorical_soft,1,1,True,0.15569712710598393,0.0,0.0,0.8443028926849365,0.15569712221622467,2,-0.6886057704687119,0.33050122691631656,-2.6573536791122185,1.9523404653997392,0.5089786845303574,0.33050122691631656,0.007986814832343994,0.8021787204021098,0.18983446476554616,0.007986814832343994,0.8021787204021098,0.18983446476554616,0.8021787204021098,0.007986814832343994,-0.6123442556365637,2,2,0.256,650.0,0.5836306642740965,0.9388779207407766,-0.38887792074077654
312,312,categorical_soft,1,1,False,0.0,0.0,0.0,1.0,0.0,2,-1.0,0.4300896253839846,-2.286698126720389,2.9278403815121035,-0.4701872764517018,0.4300896253839846,0.005242619055319294,0.9620408296013876,0.03271655134329324,0.005242619055319294,0.9620408296013876,0.03271655134329324,0.9620408296013876,0.005242619055319294,-0.9293242782580944,2,2,0.512,610.0,0.9209451451897621,0.9883116426258042,-0.43831164262580413
313,313,categorical_soft,0,0,False,0.0,0.0,1.0,0.0,0.0,1,-1.0,0.43186600201320574,6.535961286935756,-0.7201682250635223,-4.034649741698791,0.43186600201320574,0.9992651479972589,0.0007090442147269628,2.5807788014400435e-05,0.9992651479972589,0.0007090442147269628,2.5807788014400435e-05,0.9992651479972589,0.0007090442147269628,-0.9992393402092444,1,1,0.512,640.0,1.0328418463468552,0.9929736339388011,-0.44297363393880107
314,314,categorical_soft,0,0,False,0.0,0.0,1.0,0.0,0.0,1,-1.0,0.4819181476886009,1.9260497214715269,0.6275946773989062,-2.006137536964839,0.4819181476886009,0.7734290853254685,0.21125757892161223,0.01531333575291913,0.7734290853254685,0.21125757892161223,0.01531333575291913,0.7734290853254685,0.21125757892161223,-0.7581157495725493,1,1,0.064,740.0,0.653642937541008,0.9510753730288615,-0.4010753730288614
315,315,categorical_soft,1,1,True,0.18445459278003695,0.0,0.0,0.815545380115509,0.18445459008216858,2,-0.6310907900333405,0.26193179222783497,-0.8569158133034392,0.7685916284469492,0.0307526264614644,0.26193179222783497,0.11786260874355489,0.596808616478092,0.2853287747783532,0.11786260874355489,0.596808616478092,0.2853287747783532,0.596808616478092,0.11786260874355489,-0.3114798416997388,2,2,0.064,410.0,0.3565915375947952,0.8705246549234951,-0.320524654923495
316,316,categorical_soft,1,1,True,0.14385024512179656,0.0,0.0,0.8561497330665588,0.14385025203227997,2,-0.7122994810342789,0.2995336268439198,-2.5152155175809163,1.9416007522328294,0.4043569814770674,0.2995336268439198,0.009467017881106612,0.8150659558037473,0.17546702631514596,0.009467017881106612,0.8150659558037473,0.17546702631514596,0.8150659558037473,0.009467017881106612,-0.6395989294886013,2,2,0.512,450.0,0.7426585806533694,0.9771188704324757,-0.42711887043247565
317,317,categorical_soft,1,1,True,0.2529653022322077,0.0,0.0,0.7470346689224243,0.2529653012752533,2,-0.494069367647171,0.34097118993336123,1.2358880505436451,-0.8468399625356302,0.41377067967408465,0.34097118993336123,0.6391211754364949,0.07973203189193642,0.28114679267156867,0.6391211754364949,0.07973203189193642,0.28114679267156867,0.07973203189193642,0.6391211754364949,0.20141476077963225,1,1,0.0,840.0,0.31598392128944397,0.7663283213325881,-0.21632832133258806
318,318,categorical_soft,1,1,False,0.0,0.0,0.0,1.0,0.0,2,-1.0,0.4185203880888362,-0.7424050114676767,2.3725686347363735,-1.1491001707801636,0.4185203880888362,0.041346839955350656,0.9306784162345311,0.02797474381011808,0.041346839955350656,0.9306784162345311,0.02797474381011808,0.9306784162345311,0.041346839955350656,-0.902703672424413,2,2,0.032,690.0,0.6099110618233681,0.9433591631568852,-0.3933591631568851
319,319,categorical_soft,0,0,False,0.0,0.0,1.0,0.0,0.0,1,-1.0,0.46486412175004493,4.386466065220605,0.4093623051155496,-3.5975871550981635,0.46486412175004493,0.9812158056002975,0.018448676951427493,0.0003355174482750963,0.9812158056002975,0.018448676951427493,0.0003355174482750963,0.9812158056002975,0.018448676951427493,-0.9808802881520224,1,1,0.256,420.0,0.8809878528118134,0.9886837339785269,-0.4386837339785269
320,320,categorical_soft,1,1,False,0.0,0.0,0.0,1.0,0.0,2,-1.0,0.4963018864978622,0.5836798054854588,0.5979513106328773,-0.7711136586691195,0.4963018864978622,0.4399015206752953,0.44611569510135574,0.11398278422334891,0.4399015206752953,0.44611569510135574,0.11398278422334891,0.44611569510135574,0.4399015206752953,-0.33213291087800684,2,2,0.0,700.0,0.10261709988117218,0.5764236634331203,-0.026423663433120304
321,321,categorical_soft,0,0,True,0.1402273227231401,0.0,0.8597726821899414,0.0,0.1402273178100586,1,-0.7195453643798828,0.3569833482050272,3.644481196737116,-0.9452811112363946,-0.8481643948822599,0.3569833482050272,0.9787229082599577,0.009939899121256736,0.011337192618785647,0.9787229082599577,0.009939899121256736,0.011337192618785647,0.9787229082599577,0.009939899121256736,-0.967385715641172,1,1,0.128,1000.0,1.0652206018567085,0.9907709267812306,-0.44077092678123053
322,322,categorical_soft,1,1,True,0.2867941577344816,0.0,0.0,0.7132058143615723,0.28679415583610535,2,-0.4264116585254669,0.2686995653570049,-0.8152676415796796,0.5605382415122137,0.10250839948472909,0.2686995653570049,0.13405020546318933,0.5304075077029824,0.33554228683382836,0.13405020546318933,0.5304075077029824,0.33554228683382836,0.5304075077029824,0.13405020546318933,-0.19486522086915403,2,2,0.0,1030.0,0.3215598538517952,0.7283040136993101,-0.17830401369931004
323,323,categorical_soft,0,0,False,0.0,0.0,1.0,0.0,0.0,1,-1.0,0.4144564520807221,7.445198571786497,-1.5888637286100449,-3.7298504368300227,0.4144564520807221,0.9998656190807962,0.00012015574570459935,1.4225173499244709e-05,0.9998656190807962,0.00012015574570459935,1.4225173499244709e-05,0.9998656190807962,0.00012015574570459935,-0.9998513939072969,1,1,0.512,830.0,1.0152685642242432,0.9903932264934603,-0.44039322649346024
324,324,categorical_soft,1,1,True,0.406473696242102,0.0,0.0,0.593526303768158,0.40647369623184204,2,-0.18705260753631592,0.3499794573427839,-0.7334506450678517,0.2920935950824529,0.15695248517969956,0.3499794573427839,0.16049892844614738,0.4481015970288256,0.391399474525027,0.16049892844614738,0.4481015970288256,0.391399474525027,0.4481015970288256,0.16049892844614738,-0.056702122503798635,2,2,0.032,910.0,0.19233771413564682,0.6214666338918414,-0.07146663389184138
325,325,categorical_soft,1,1,False,0.0,0.0,0.0,1.0,0.0,2,-1.0,0.4435750461713293,-0.14715602108687426,1.3260993531060952,-0.7288042562439598,0.4435750461713293,0.168728962892362,0.736261048731887,0.09500998837575104,0.168728962892362,0.736261048731887,0.09500998837575104,0.736261048731887,0.168728962892362,-0.641251060356136,2,2,0.032,580.0,0.3728146329522133,0.8557427906917575,-0.30574279069175747
326,326,categorical_soft,1,1,False,0.0,0.0,0.0,1.0,0.0,2,-1.0,0.3734451588193409,-2.443250113952569,3.850255935709009,-0.9823914641990712,0.3734451588193409,0.0018323164200044761,0.9901331732001294,0.0080345103798662,0.0018323164200044761,0.9901331732001294,0.0080345103798662,0.9901331732001294,0.0018323164200044761,-0.9820986628202631,2,2,0.256,1060.0,0.8593176230788231,0.9731977628428837,-0.4231977628428837
327,327,categorical_soft,1,1,False,0.0,0.0,0.0,1.0,0.0,2,-1.0,0.37696491347994826,-1.1640202605167331,3.606526610095794,-1.8247703317677704,0.37696491347994826,0.00837793446422005,0.9872028420550881,0.004419223480691763,0.00837793446422005,0.9872028420550881,0.004419223480691763,0.9872028420550881,0.00837793446422005,-0.9827836185743963,2,2,0.064,1040.0,0.6845659837126732,0.9403402151492702,-0.3903402151492702
328,328,categorical_soft,1,1,True,0.1610820202706162,0.0,0.0,0.8389179706573486,0.16108201444149017,2,-0.6778359562158585,0.1332341154617594,-1.9317605822776258,2.110593148980645,0.08178086219169696,0.1332341154617594,0.015370588891216924,0.870089750503358,0.11453966060542504,0.015370588891216924,0.870089750503358,0.11453966060542504,0.870089750503358,0.015370588891216924,-0.7555500898979329,2,2,0.032,1080.0,0.6413864023052156,0.9239454056477846,-0.37394540564778456
329,329,categorical_soft,1,1,False,0.0,0.0,0.0,1.0,0.0,2,-1.0,0.4311915318970647,0.002060207798305613,1.4595433913879814,-0.9222768914404659,0.4311915318970647,0.17559257550625493,0.7542258819527587,0.07018154254098631,0.17559257550625493,0.7542258819527587,0.07018154254098631,0.7542258819527587,0.17559257550625493,-0.6840443394117725,2,2,0.032,710.0,0.5105309039354324,0.9089025872845348,-0.3589025872845347
330,330,categorical_soft,0,0,True,0.13915241017614322,0.0,0.8608475923538208,0.0,0.1391524076461792,1,-0.7216951847076416,0.277768565750484,3.310768420760742,-1.8198206906721477,0.40944966814854045,0.277768565750484,0.9412266652464603,0.005567156022310098,0.05320617873122966,0.9412266652464603,0.005567156022310098,0.05320617873122966,0.9412266652464603,0.005567156022310098,-0.8880204865152306,1,1,0.256,630.0,1.1019249856472015,0.9950456617702963,-0.44504566177029625
331,331,categorical_soft,0,0,False,0.0,0.0,1.0,0.0,0.0,1,-1.0,0.4797622581462934,0.99902742908087,0.5541136558914408,-1.1197781472560036,0.4797622581462934,0.5676256423848705,0.36372297722433367,0.06865138039079582,0.5676256423848705,0.36372297722433367,0.06865138039079582,0.5676256423848705,0.36372297722433367,-0.49897426199407463,1,1,0.0,830.0,0.20126265287399292,0.6538655747685236,-0.10386557476852354
332,332,categorical_soft,0,0,True,0.2209024574979664,0.0,0.7790975570678711,0.0,0.2209024578332901,1,-0.558195099234581,0.40303758493275293,1.8206813011028486,-0.13616482343543299,-0.4513286367961757,0.40303758493275293,0.8027191660692523,0.11345964130660491,0.0838211926241427,0.8027191660692523,0.11345964130660491,0.0838211926241427,0.8027191660692523,0.11345964130660491,-0.7188979734451096,1,1,0.064,730.0,0.34088726341724396,0.8088671033863649,-0.25886710338636487
333,333,categorical_soft,1,1,False,0.0,0.0,0.0,1.0,0.0,2,-1.0,0.4213995536328792,-0.05613147539952312,1.9074580712476013,-1.1988082566398899,0.4213995536328792,0.11839292895963512,0.843531738007065,0.038075333033299866,0.11839292895963512,0.843531738007065,0.038075333033299866,0.843531738007065,0.11839292895963512,-0.8054564049737651,2,2,0.0,1080.0,0.817897766828537,0.9665757296194332,-0.4165757296194331
334,334,categorical_soft,0,0,True,0.45591100746087365,0.0,0.5440890192985535,0.0,0.4559110105037689,1,-0.08817800879478455,0.4434318747041119,-0.21513162994309565,-0.06488943301676287,0.17611926617237,0.4434318747041119,0.2746139109406986,0.31922895808366886,0.40615713097563255,0.2746139109406986,0.31922895808366886,0.40615713097563255,0.2746139109406986,0.31922895808366886,0.13154322003493396,3,3,0.032,500.0,0.05920746922492981,0.5832016383152792,-0.033201638315279114
335,335,categorical_soft,1,1,True,0.29072301708682174,0.0,0.0,0.7092769742012024,0.2907230257987976,2,-0.4185539484024048,0.40377465236961124,0.21963213089652744,0.21624734621834749,-0.11877451806393517,0.40377465236961124,0.36962742632430956,0.3674090680870005,0.2629635055886898,0.36962742632430956,0.3674090680870005,0.2629635055886898,0.3674090680870005,0.36962742632430956,-0.10444556249831072,1,1,0.0,1190.0,0.3566339612007141,0.7242176165579642,-0.1742176165579642
336,336,categorical_soft,1,1,True,0.4317453803135542,0.0,0.0,0.5682545900344849,0.43174538016319275,2,-0.13650920987129211,0.3263397403884143,-0.5859354651013521,0.29420829361738315,0.10181042354314647,0.3263397403884143,0.1851368151610202,0.4466239752435362,0.36823920959544354,0.1851368151610202,0.4466239752435362,0.36823920959544354,0.4466239752435362,0.1851368151610202,-0.07838476564809266,2,2,0.0,650.0,0.11160320788621902,0.6016966688828335,-0.05169666888283342
337,337,categorical_soft,0,0,False,0.0,0.0,1.0,0.0,0.0,1,-1.0,0.40219200897377894,6.813973694884659,-1.8160866332994032,-2.9970690449256225,0.40219200897377894,0.9997646276192846,0.00017974033004249915,5.563205067303033e-05,0.9997646276192846,0.00017974033004249915,5.563205067303033e-05,0.9997646276192846,0.00017974033004249915,-0.9997089955686116,1,1,0.256,1190.0,0.9339479058980942,0.9781629898726585,-0.42816298987265844
338,338,categorical_soft,1,1,False,0.0,0.0,0.0,1.0,0.0,2,-1.0,0.37301305215371916,-1.5627390481094012,3.8633876799302884,-1.7025638208530172,0.37301305215371916,0.004369397962923094,0.9917575552897064,0.0038730467473705316,0.004369397962923094,0.9917575552897064,0.0038730467473705316,0.9917575552897064,0.004369397962923094,-0.9878845085423359,2,2,0.128,940.0,0.7707909550517797,0.964490488674304,-0.41449048867430394
339,339,categorical_soft,1,1,True,0.1604912039489657,0.0,0.0,0.8395087718963623,0.1604911983013153,2,-0.679017573595047,0.3100767243230283,-2.1602457500894396,1.578488259628442,0.3808829778027506,0.3100767243230283,0.01794215753634191,0.7541077108295722,0.22795013163408595,0.01794215753634191,0.7541077108295722,0.22795013163408595,0.7541077108295722,0.01794215753634191,-0.5261575791954862,2,2,0.128,700.0,0.5527637246996164,0.9255232317218494,-0.3755232317218493
340,340,categorical_soft,0,0,False,0.0,0.0,1.0,0.0,0.0,1,-1.0,0.45257584178606314,4.424030486048527,0.34291142434870936,-3.57041447991757,0.45257584178606314,0.983025545364597,0.016642312641785013,0.0003321419936181309,0.983025545364597,0.016642312641785013,0.0003321419936181309,0.983025545364597,0.016642312641785013,-0.9826934033709789,1,1,0.064,1130.0,0.7965922951698303,0.9608160830938423,-0.4108160830938422
341,341,categorical_soft,1,1,True,0.6383385305031333,0.0,0.0,0.36166146397590637,0.6383385062217712,3,0.27667704224586487,0.3962026466304517,-0.060892135470631326,0.08903653945664773,0.0339930151862833,0.3962026466304517,0.3071228035651448,0.3559808300960699,0.33689636633878534,0.3071228035651448,0.3559808300960699,0.33689636633878534,0.3559808300960699,0.3071228035651448,-0.019084463757284564,2,2,0.0,830.0,0.024197444319725037,0.44178459489913063,0.10821540510086941
342,342,categorical_soft,0,0,True,0.3484725113930036,0.0,0.651527464389801,0.0,0.3484725058078766,1,-0.30305495858192444,0.2938121600124791,-0.6116396613201196,0.37178579117499766,0.10462872648746682,0.2938121600124791,0.17474966322344077,0.46745493268957816,0.3577954040869812,0.17474966322344077,0.46745493268957816,0.3577954040869812,0.17474966322344077,0.46745493268957816,0.18304574086354042,2,2,0.0,930.0,0.2401103377342224,0.6696039189278831,-0.11960391892788302
343,343,categorical_soft,0,0,True,0.1408680466465338,0.0,0.859131932258606,0.0,0.14086805284023285,1,-0.7182638794183731,0.34957262354777324,4.175697228005206,-1.005602109074161,-1.237054400232761,0.34957262354777324,0.9898466768430809,0.005564824885144828,0.004588498271774066,0.9898466768430809,0.005564824885144828,0.004588498271774066,0.9898466768430809,0.005564824885144828,-0.9852581785713068,1,1,0.128,930.0,0.998799242079258,0.9882740667620786,-0.4382740667620786
344,344,categorical_soft,1,1,False,0.0,0.0,0.0,1.0,0.0,2,-1.0,0.36697168195152124,-1.9147475135828256,4.111046651618528,-1.5990033567576596,0.36697168195152124,0.0024041903406371726,0.9942394799232502,0.003356329736112684,0.0024041903406371726,0.9942394799232502,0.003356329736112684,0.9942394799232502,0.0024041903406371726,-0.9908831501871376,2,2,0.128,1190.0,0.9841103702783585,0.9828513713934699,-0.43285137139346985
345,345,categorical_soft,0,0,False,0.0,0.0,1.0,0.0,0.0,1,-1.0,0.4900572789976295,3.5046442969575495,0.5652232071452321,-3.095668401655962,0.4900572789976295,0.9483021279091866,0.05040008370331513,0.0012977883874983004,0.9483021279091866,0.05040008370331513,0.0012977883874983004,0.9483021279091866,0.05040008370331513,-0.9470043395216883,1,1,0.064,690.0,0.6364440619945526,0.9499356388377335,-0.3999356388377334
346,346,categorical_soft,0,0,False,0.0,0.0,1.0,0.0,0.0,1,-1.0,0.4803774768705432,0.9757024398782385,0.5470402207462854,-1.0936614966281957,0.4803774768705432,0.5623257784338492,0.36622487306253876,0.07144934850361198,0.5623257784338492,0.36622487306253876,0.07144934850361198,0.5623257784338492,0.36622487306253876,-0.4908764299302373,1,1,0.032,640.0,0.6729329973459244,0.9601760593339327,-0.41017605933393264
347,347,categorical_soft,1,1,False,0.0,0.0,0.0,1.0,0.0,2,-1.0,0.4076382835878187,-2.773192620017832,3.343673638763223,-0.3553790610305958,0.4076382835878187,0.0021494082181506115,0.9734046452632154,0.024445946518634132,0.0021494082181506115,0.9734046452632154,0.024445946518634132,0.9734046452632154,0.0021494082181506115,-0.9489586987445813,2,2,0.512,850.0,0.9372682347893715,0.9856319148970634,-0.4356319148970633
348,348,categorical_soft,0,0,False,0.0,0.0,1.0,0.0,0.0,1,-1.0,0.48931374221331786,3.4317273160509623,0.5866385323765818,-3.066405291501379,0.48931374221331786,0.9434614197654394,0.05510842487200429,0.0014301553625565707,0.9434614197654394,0.05510842487200429,0.0014301553625565707,0.9434614197654394,0.05510842487200429,-0.9420312644028829,1,1,0.064,750.0,0.7316131889820099,0.965721529342436,-0.415721529342436
349,349,categorical_soft,1,1,False,0.0,0.0,0.0,1.0,0.0,2,-1.0,0.3785678415373005,-2.3924544692126553,3.7435141659484557,-0.9504061171428413,0.3785678415373005,0.002142067575365856,0.9886359602263595,0.009221972198274819,0.002142067575365856,0.9886359602263595,0.009221972198274819,0.9886359602263595,0.002142067575365856,-0.9794139880280847,2,2,0.256,1070.0,1.012370828539133,0.9870300100435582,-0.4370300100435581
350,350,categorical_soft,1,1,True,0.14918507993551788,0.0,0.0,0.850814938545227,0.14918507635593414,2,-0.7016298621892929,0.2357979882074336,-1.5438531826818525,1.8079148633493993,-0.08398647628905438,0.2357979882074336,0.029913892008724914,0.8429704847539776,0.1271156232372975,0.029913892008724914,0.8429704847539776,0.1271156232372975,0.8429704847539776,0.029913892008724914,-0.7158548615166801,2,2,0.064,650.0,0.6683630901388824,0.9588353278858958,-0.4088353278858957
351,351,categorical_soft,0,0,False,0.0,0.0,1.0,0.0,0.0,1,-1.0,0.413244000517364,9.212638364552225,-3.9004623935149665,-2.4129206676842636,0.413244000517364,0.9999886092819426,2.0412558592270145e-06,9.349462198353771e-06,0.9999886092819426,2.0412558592270145e-06,9.349462198353771e-06,0.9999886092819426,2.0412558592270145e-06,-0.9999792598197442,1,1,0.512,1120.0,1.1905434653162956,0.994218091239636,-0.44421809123963596
352,352,categorical_soft,1,1,False,0.0,0.0,0.0,1.0,0.0,2,-1.0,0.38698739691376366,-1.0701939389954416,3.223390373726017,-1.5892827344386637,0.38698739691376366,0.01337830442226089,0.9784928481895602,0.008128847388179056,0.01337830442226089,0.9784928481895602,0.008128847388179056,0.9784928481895602,0.01337830442226089,-0.9703640008013811,2,2,0.256,400.0,0.7987911775708199,0.9835424597184669,-0.43354245971846683
353,353,categorical_soft,0,0,True,0.4211503580432464,0.0,0.5788496136665344,0.0,0.4211503565311432,1,-0.15769925713539124,0.40158533067441804,-0.5830225633655493,0.12161480861289327,0.1653113748032712,0.40158533067441804,0.19451375070618027,0.39410769752093344,0.41137855177288624,0.19451375070618027,0.39410769752093344,0.41137855177288624,0.19451375070618027,0.39410769752093344,0.21686480106670597,3,3,0.0,610.0,0.1087988018989563,0.6099215844506183,-0.05992158445061824
354,354,categorical_soft,1,1,True,0.1510709433256638,0.0,0.0,0.8489290475845337,0.15107093751430511,2,-0.6978581100702286,0.36438023715515466,1.1371290247939847,-0.6742591508058653,0.30028872282482644,0.36438023715515466,0.6260667770449599,0.10247487191011932,0.2714583510449207,0.6260667770449599,0.10247487191011932,0.2714583510449207,0.10247487191011932,0.6260667770449599,0.16898347913480138,1,1,0.0,970.0,0.7178128808736801,0.9528142824883851,-0.402814282488385
355,355,categorical_soft,1,1,True,0.1748082876324218,0.0,0.0,0.8251917362213135,0.1748082935810089,2,-0.6503834426403046,0.4096963718255492,0.24529985623296682,-0.187272575285714,0.2140772840193955,0.4096963718255492,0.38200187228003746,0.24779644536619055,0.37020168235377193,0.38200187228003746,0.24779644536619055,0.37020168235377193,0.24779644536619055,0.38200187228003746,0.12240523698758138,1,1,0.0,900.0,0.5160111337900162,0.8907261062024602,-0.34072610620246013
356,356,categorical_soft,1,1,True,0.1575029186359953,0.0,0.0,0.8424971103668213,0.1575029194355011,2,-0.6849941909313202,0.3252497560373416,-0.3123088158596209,0.9889657202045923,-0.29347512964108124,0.3252497560373416,0.17651699010679148,0.6447416848177274,0.17874132507548107,0.17651699010679148,0.6447416848177274,0.17874132507548107,0.6447416848177274,0.17651699010679148,-0.46600035974224635,2,2,0.032,880.0,0.6224783137440681,0.9337274851666373,-0.38372748516663724
357,357,categorical_soft,0,0,True,0.16152437249962082,0.0,0.8384756445884705,0.0,0.16152437031269073,1,-0.6769512742757797,0.37811764297166534,0.434032804269432,-0.4150569175232963,0.35605050904284197,0.37811764297166534,0.4250165925760311,0.1818450342922264,0.39313837313174255,0.4250165925760311,0.1818450342922264,0.39313837313174255,0.4250165925760311,0.1818450342922264,-0.031878219444288536,1,1,0.064,680.0,0.5398712754249573,0.9227732052409395,-0.3727732052409395
358,358,categorical_soft,1,1,True,0.1639196719211149,0.0,0.0,0.8360803127288818,0.16391967236995697,2,-0.6721606403589249,0.4227776339642782,0.07930070768016846,-0.1427096255770745,0.22593716256586277,0.4227776339642782,0.33803611702611536,0.27070855745941014,0.3912553255144745,0.33803611702611536,0.27070855745941014,0.3912553255144745,0.27070855745941014,0.33803611702611536,0.12054676805506437,3,3,0.0,490.0,0.4761205166578293,0.9165568128082685,-0.36655681280826846
359,359,categorical_soft,1,1,True,0.15313656571740325,0.0,0.0,0.8468634486198425,0.15313656628131866,2,-0.6937268823385239,0.30940081726231944,-2.567833710995493,1.9350945658580163,0.47052013473328297,0.30940081726231944,0.008915636633871453,0.8047520594907784,0.1863323038753501,0.008915636633871453,0.8047520594907784,0.1863323038753501,0.8047520594907784,0.008915636633871453,-0.6184197556154283,2,2,0.256,620.0,0.6048325188457966,0.9464525557523773,-0.39645255575237726
360,360,categorical_soft,1,1,True,0.19101452359725563,0.0,0.0,0.8089854717254639,0.19101452827453613,2,-0.6179709434509277,0.3256190583075442,-1.1218822331089175,0.6037850437868026,0.2097516275455614,0.3256190583075442,0.09610541519764966,0.539781054295785,0.3641135305065653,0.09610541519764966,0.539781054295785,0.3641135305065653,0.539781054295785,0.09610541519764966,-0.17566752378921974,2,2,0.032,450.0,0.34453414287418127,0.8579223921921969,-0.30792239219219686
361,361,categorical_soft,1,1,False,0.0,0.0,0.0,1.0,0.0,2,-1.0,0.3827687763738705,-0.9379578943049458,3.7659297492358244,-2.099783787990083,0.3827687763738705,0.008962897437863345,0.9881716291391672,0.0028654734229695412,0.008962897437863345,0.9881716291391672,0.0028654734229695412,0.9881716291391672,0.008962897437863345,-0.9853061557161977,2,2,0.128,710.0,0.8633746355772018,0.9826042518450617,-0.4326042518450617
362,362,categorical_soft,0,0,True,0.14734526445152907,0.0,0.852654755115509,0.0,0.14734525978565216,1,-0.7053094953298569,0.3592716827353984,1.7194461456986567,-0.7698736671151463,0.19850931579488393,0.3592716827353984,0.7674486674948585,0.06370843769054182,0.16884289481459977,0.7674486674948585,0.06370843769054182,0.16884289481459977,0.7674486674948585,0.06370843769054182,-0.5986057726802587,1,1,0.064,960.0,0.7782713621854782,0.9649209701609414,-0.4149209701609413
363,363,categorical_soft,1,1,True,0.2824668882215106,0.0,0.0,0.7175331115722656,0.2824668884277344,2,-0.43506622314453125,0.32154946612557644,-2.0702192475372057,1.4673954100887998,0.3966371282386051,0.32154946612557644,0.02119175954061121,0.7287054428091386,0.25010279765025,0.02119175954061121,0.7287054428091386,0.25010279765025,0.7287054428091386,0.02119175954061121,-0.4786026451588886,2,2,0.064,1130.0,0.35082195699214935,0.7328745950828798,-0.18287459508287973
364,364,categorical_soft,0,0,False,0.0,0.0,1.0,0.0,0.0,1,-1.0,0.48144727299977924,2.681053460811747,0.6314602672681093,-2.5948219073643664,0.48144727299977924,0.8815923830313436,0.11387084043763589,0.004536776531020437,0.8815923830313436,0.11387084043763589,0.004536776531020437,0.8815923830313436,0.11387084043763589,-0.8770556065003231,1,1,0.032,530.0,0.5941829681396484,0.949229112265047,-0.399229112265047
365,365,categorical_soft,0,0,False,0.0,0.0,1.0,0.0,0.0,1,-1.0,0.3989146785628771,9.41213411261312,-2.8156767078006686,-3.8101429245707505,0.3989146785628771,0.9999931730953973,4.954552124642237e-06,1.872352478083328e-06,0.9999931730953973,4.954552124642237e-06,1.872352478083328e-06,0.9999931730953973,4.954552124642237e-06,-0.9999913007429192,1,1,0.512,1120.0,1.3508169502019882,0.9973610056548473,-0.44736100565484727
366,366,categorical_soft,1,1,False,0.0,0.0,0.0,1.0,0.0,2,-1.0,0.37659800459983006,-1.4898020603690583,3.7385243111555533,-1.6693291281518015,0.37659800459983006,0.00531717238030475,0.9901515906636795,0.004531236956015731,0.00531717238030475,0.9901515906636795,0.004531236956015731,0.9901515906636795,0.00531717238030475,-0.9856203537076638,2,2,0.128,970.0,0.7826331406831741,0.9652369443596681,-0.41523694435966807
367,367,categorical_soft,0,0,False,0.0,0.0,1.0,0.0,0.0,1,-1.0,0.4807600153155134,3.946536639633036,0.49137201209611847,-3.3421953412363754,0.4807600153155134,0.968611624442579,0.03072349082044743,0.0006648847369734674,0.968611624442579,0.03072349082044743,0.0006648847369734674,0.968611624442579,0.03072349082044743,-0.9679467397056055,1,1,0.032,840.0,0.5968253463506699,0.9287462190401073,-0.3787462190401073
368,368,categorical_soft,0,0,False,0.0,0.0,1.0,0.0,0.0,1,-1.0,0.471804784708281,4.250420131016002,0.45518478614252855,-3.5359907217042377,0.471804784708281,0.9775314086466386,0.02206097343446248,0.0004076179188988831,0.9775314086466386,0.02206097343446248,0.0004076179188988831,0.9775314086466386,0.02206097343446248,-0.9771237907277397,1,1,0.128,840.0,0.846636950969696,0.978011866019843,-0.428011866019843
369,369,categorical_soft,0,0,True,0.549994792500617,0.0,0.4500052034854889,0.0,0.5499947667121887,3,0.09998956322669983,0.4020970025263864,-0.3530374334796703,0.010219077987315193,0.15232900588689674,0.4020970025263864,0.24405702021414571,0.35129524808622553,0.4046477316996288,0.24405702021414571,0.35129524808622553,0.4046477316996288,0.24405702021414571,0.35129524808622553,0.1605907114854831,3,3,0.0,670.0,0.04256966710090637,0.5123068033698828,0.037693196630117276
370,370,categorical_soft,0,0,False,0.0,0.0,1.0,0.0,0.0,1,-1.0,0.4883652536800736,2.8278446989291157,0.6065418538965961,-2.6646439156650152,0.4883652536800736,0.8984826352760186,0.09779417419190084,0.003723190532080734,0.8984826352760186,0.09779417419190084,0.003723190532080734,0.8984826352760186,0.09779417419190084,-0.8947594447439379,1,1,0.032,740.0,0.4386346563696861,0.8711185197845402,-0.3211185197845402
371,371,categorical_soft,1,1,True,0.7409121730578815,0.0,0.0,0.25908783078193665,0.7409121990203857,3,0.4818243682384491,0.40378892880214207,0.010606768693583641,0.06588516306161517,0.03069013841611733,0.40378892880214207,0.32538033330545774,0.34315881444450824,0.3314608522500341,0.32538033330545774,0.34315881444450824,0.3314608522500341,0.34315881444450824,0.32538033330545774,-0.011697962194474165,2,2,0.0,1170.0,0.02112467586994171,0.34098459826029615,0.2090154017397039
372,372,categorical_soft,0,0,False,0.0,0.0,1.0,0.0,0.0,1,-1.0,0.4815369638068572,3.9226756982770388,0.4939378341118042,-3.3271481811419195,0.4815369638068572,0.9677897715062462,0.0315195033409429,0.0006907251528110209,0.9677897715062462,0.0315195033409429,0.0006907251528110209,0.9677897715062462,0.0315195033409429,-0.9670990463534352,1,1,0.032,1180.0,0.820691667497158,0.9629470093439594,-0.41294700934395934
373,373,categorical_soft,0,0,True,0.13859959724236742,0.0,0.8614004254341125,0.0,0.13859960436820984,1,-0.7228008210659027,0.3494473190600556,3.0655777590094124,-2.3262491391152973,1.048258940898709,0.3494473190600556,0.8784604787632461,0.004004508034562336,0.11753501320219162,0.8784604787632461,0.004004508034562336,0.11753501320219162,0.8784604787632461,0.004004508034562336,-0.7609254655610544,1,1,0.256,720.0,1.2470764820463955,0.9972876295955952,-0.4472876295955952
374,374,categorical_soft,0,0,True,0.142547742111232,0.0,0.8574522733688354,0.0,0.14254774153232574,1,-0.7149045318365097,0.3381152155053624,1.5390674297452842,-1.073052947464733,0.5079491701753356,0.3381152155053624,0.6989784713875038,0.05132133707984532,0.24970019153265088,0.6989784713875038,0.05132133707984532,0.24970019153265088,0.6989784713875038,0.05132133707984532,-0.4492782798548529,1,1,0.064,680.0,0.8477915152907372,0.9819000580393523,-0.4319000580393523
375,375,categorical_soft,1,1,True,0.17110929758369697,0.0,0.0,0.8288906812667847,0.17110930383205414,2,-0.6577813774347305,0.31508933583451215,-0.7938988768801127,0.39461114391887203,0.13776046281243753,0.31508933583451215,0.1465350116971229,0.48122812503468076,0.3722368632681963,0.1465350116971229,0.48122812503468076,0.3722368632681963,0.48122812503468076,0.1465350116971229,-0.10899126176648444,2,2,0.032,850.0,0.5218647550791502,0.8990958545060396,-0.3490958545060395
376,376,categorical_soft,0,0,False,0.0,0.0,1.0,0.0,0.0,1,-1.0,0.4796648673481553,3.9575512846204006,0.4854710443311882,-3.3450087338424233,0.4796648673481553,0.9691225787396871,0.030221387808705053,0.0006560334516078597,0.9691225787396871,0.030221387808705053,0.0006560334516078597,0.9691225787396871,0.030221387808705053,-0.9684665452880793,1,1,0.032,1110.0,0.7185393869876862,0.9448057440354843,-0.3948057440354843
377,377,categorical_soft,1,1,True,0.17171995835359766,0.0,0.0,0.8282800316810608,0.17171995341777802,2,-0.6565600782632828,0.3986579479296982,0.4899042003711382,-0.20516064729319988,0.13787841482057908,0.3986579479296982,0.4539798012456021,0.22652278588124872,0.31949741287314914,0.4539798012456021,0.22652278588124872,0.31949741287314914,0.22652278588124872,0.4539798012456021,0.09297462699190043,1,1,0.0,510.0,0.43530239164829254,0.8976874868146086,-0.3476874868146086
378,378,categorical_soft,0,0,True,0.14159409893896185,0.0,0.8584058880805969,0.0,0.14159409701824188,1,-0.716811791062355,0.35466914237380615,2.102512765919936,-1.458283372995195,0.6599494176523568,0.35466914237380615,0.7900396810417651,0.02245586222178703,0.1875044567364477,0.7900396810417651,0.02245586222178703,0.1875044567364477,0.7900396810417651,0.02245586222178703,-0.6025352243053175,1,1,0.128,680.0,0.8935141116380692,0.9854890640603567,-0.4354890640603567
379,379,categorical_soft,1,1,True,0.15317525639557306,0.0,0.0,0.8468247652053833,0.1531752496957779,2,-0.6936495155096054,0.1752658688182906,-2.1126012642990153,2.2403531320807937,0.06964342153443195,0.1752658688182906,0.011517894190945134,0.887178611631054,0.10130349417800077,0.011517894190945134,0.887178611631054,0.10130349417800077,0.887178611631054,0.011517894190945134,-0.7858751174530533,2,2,0.256,510.0,0.5773737840354443,0.9463356041727776,-0.3963356041727776
380,380,categorical_soft,1,1,True,0.16881225547255846,0.0,0.0,0.8311877250671387,0.16881226003170013,2,-0.6623754650354385,0.2764765764918848,-1.723999138443649,1.2824562267557076,0.2538947529359662,0.2764765764918848,0.03518190104735663,0.7106029488261179,0.2542151501265254,0.03518190104735663,0.7106029488261179,0.2542151501265254,0.7106029488261179,0.03518190104735663,-0.45638779869959245,2,2,0.128,400.0,0.42385962195839966,0.9044932597432849,-0.3544932597432848
381,381,categorical_soft,0,0,True,0.13994749393293426,0.0,0.8600525259971619,0.0,0.13994748890399933,1,-0.7201050370931625,0.3308314558019859,2.6485315875717985,-2.1374286087172907,1.051732890035772,0.3308314558019859,0.8254431948336324,0.006892724136682338,0.1676640810296852,0.8254431948336324,0.006892724136682338,0.1676640810296852,0.8254431948336324,0.006892724136682338,-0.6577791138039472,1,1,0.256,610.0,0.9956440702080727,0.9918732366503379,-0.44187323665033784
382,382,categorical_soft,0,0,False,0.0,0.0,1.0,0.0,0.0,1,-1.0,0.47622125658504605,4.242345260486037,0.5015745882740741,-3.574304273159126,0.47622125658504605,0.976322704722336,0.023282072008140135,0.0003952232695238019,0.976322704722336,0.023282072008140135,0.0003952232695238019,0.976322704722336,0.023282072008140135,-0.9759274814528122,1,1,0.256,480.0,0.7710565626621246,0.9793193742271186,-0.4293193742271185
383,383,categorical_soft,1,1,True,0.14417076045447696,0.0,0.0,0.8558292388916016,0.14417076110839844,2,-0.7116584777832031,0.26647641326850374,-2.815994391600908,2.2547762520855548,0.46613127927670217,0.26647641326850374,0.005352082092487585,0.8520479078317991,0.1426000100757135,0.005352082092487585,0.8520479078317991,0.1426000100757135,0.8520479078317991,0.005352082092487585,-0.7094478977560856,2,2,0.256,760.0,0.8084479738026857,0.9759628652576691,-0.425962865257669
384,384,categorical_soft,0,0,False,0.0,0.0,1.0,0.0,0.0,1,-1.0,0.4317081739525376,5.243171196783407,-0.19867531142221262,-3.628920973042299,0.4317081739525376,0.995533334944302,0.004326793722989946,0.00013987133270799756,0.995533334944302,0.004326793722989946,0.00013987133270799756,0.995533334944302,0.004326793722989946,-0.995393463611594,1,1,0.128,1080.0,0.9401882588863373,0.9813913142856413,-0.43139131428564126
385,385,categorical_soft,1,1,True,0.14549609815167108,0.0,0.0,0.8545039296150208,0.14549610018730164,2,-0.7090078294277191,0.2931927046845252,-2.762768923652839,2.1322077865130797,0.49042011092377835,0.2931927046845252,0.006231843247314607,0.8323443973992971,0.16142375935338832,0.006231843247314607,0.8323443973992971,0.16142375935338832,0.8323443973992971,0.006231843247314607,-0.6709206380459087,2,2,0.256,770.0,0.7735878583043814,0.9712650823388411,-0.4212650823388411
386,386,categorical_soft,0,0,True,0.1386766372350519,0.0,0.861323356628418,0.0,0.13867664337158203,1,-0.7226467132568359,0.3481178388693217,3.1424826750607457,-2.3633374905390343,1.0466043309469495,0.3481178388693217,0.8866526503259091,0.003606746282208045,0.10974060339188259,0.8866526503259091,0.003606746282208045,0.10974060339188259,0.8866526503259091,0.003606746282208045,-0.7769120469340265,1,1,0.512,400.0,1.1461854800581932,0.9969733685655217,-0.4469733685655216
387,387,categorical_soft,0,0,False,0.0,0.0,1.0,0.0,0.0,1,-1.0,0.43636950715902517,5.052160735125719,0.13160605446831106,-3.844662918666452,0.43636950715902517,0.9925975042680732,0.007266658817278153,0.00013583691464841182,0.9925975042680732,0.007266658817278153,0.00013583691464841182,0.9925975042680732,0.007266658817278153,-0.9924616673534249,1,1,0.256,660.0,0.940440259873867,0.9887148115988028,-0.43871481159880277
388,388,categorical_soft,1,1,True,0.16684084755566841,0.0,0.0,0.8331591486930847,0.16684085130691528,2,-0.6663182973861694,0.17839356719528449,-2.4893393022524366,2.211987169285177,0.36727830155645197,0.17839356719528449,0.007785906421509596,0.8567753930472882,0.1354387005312022,0.007785906421509596,0.8567753930472882,0.1354387005312022,0.8567753930472882,0.007785906421509596,-0.721336692516086,2,2,0.064,1010.0,0.5850121323019266,0.90925726285887,-0.35925726285886994
389,389,categorical_soft,0,0,False,0.0,0.0,1.0,0.0,0.0,1,-1.0,0.4858007684410134,2.9689759635685604,0.6299242549422239,-2.7916557690292807,0.4858007684410134,0.9091041873869511,0.08801475649090461,0.0028810561221443523,0.9091041873869511,0.08801475649090461,0.0028810561221443523,0.9091041873869511,0.08801475649090461,-0.9062231312648067,1,1,0.064,880.0,0.4785623997449875,0.8741640467966116,-0.3241640467966116
390,390,categorical_soft,1,1,True,0.2760299416475489,0.0,0.0,0.7239700555801392,0.27602994441986084,2,-0.4479401111602783,0.38927930693862595,0.2375287897113653,-0.3592958092373578,0.3768105668066961,0.38927930693862595,0.37036626174858894,0.20395195235194458,0.4256817858994665,0.37036626174858894,0.20395195235194458,0.4256817858994665,0.20395195235194458,0.37036626174858894,0.2217298335475219,3,3,0.0,1000.0,0.32620373368263245,0.7398172420363511,-0.18981724203635109
391,391,categorical_soft,0,0,False,0.0,0.0,1.0,0.0,0.0,1,-1.0,0.46703402259693316,4.291628509430197,0.42690701512188645,-3.5418028668678154,0.46703402259693316,0.9790086779455056,0.02060200443894353,0.00038931761555093393,0.9790086779455056,0.02060200443894353,0.00038931761555093393,0.9790086779455056,0.02060200443894353,-0.9786193603299547,1,1,0.128,840.0,0.7657688558101654,0.9676319299768472,-0.41763192997684717
392,392,categorical_soft,0,0,True,0.1412916564522666,0.0,0.8587083220481873,0.0,0.14129166305065155,1,-0.7174166589975357,0.3323561133399529,2.156457832045418,-1.6680947808028903,0.8224178786047114,0.3323561133399529,0.7776568618063421,0.0169789153200229,0.20536422287363507,0.7776568618063421,0.0169789153200229,0.20536422287363507,0.7776568618063421,0.0169789153200229,-0.572292638932707,1,1,0.064,930.0,0.9719650354236364,0.9866435474255073,-0.43664354742550726
393,393,categorical_soft,0,0,True,0.29355228838107594,0.0,0.7064477205276489,0.0,0.2935522794723511,1,-0.41289544105529785,0.39501128466390145,-0.34430551788097996,0.02192871533337024,0.14527506579335367,0.39501128466390145,0.24537751936695326,0.35422613454312046,0.40039634608992625,0.24537751936695326,0.35422613454312046,0.40039634608992625,0.24537751936695326,0.35422613454312046,0.15501882672297299,3,3,0.0,420.0,0.16475437581539154,0.7213106216778917,-0.17131062167789168
394,394,categorical_soft,0,0,False,0.0,0.0,1.0,0.0,0.0,1,-1.0,0.46867275334731834,4.228239678375924,0.43393873106465686,-3.499817198345947,0.46867275334731834,0.9774946281185871,0.02207339770863858,0.00043197417277437966,0.9774946281185871,0.02207339770863858,0.00043197417277437966,0.9774946281185871,0.02207339770863858,-0.9770626539458127,1,1,0.064,1130.0,0.5938400030136108,0.9005461713773014,-0.3505461713773014
395,395,categorical_soft,0,0,True,0.22105897632457006,0.0,0.7789410352706909,0.0,0.22105897963047028,1,-0.5578820556402206,0.26989624556974473,1.2340733697259725,-1.072577160414801,0.6111437445325082,0.26989624556974473,0.6112046694494506,0.060909899496284906,0.3278854310542646,0.6112046694494506,0.060909899496284906,0.3278854310542646,0.6112046694494506,0.060909899496284906,-0.283319238395186,1,1,0.032,1110.0,0.4338230639696121,0.8086384647508287,-0.25863846475082863
396,396,categorical_soft,1,1,False,0.0,0.0,0.0,1.0,0.0,2,-1.0,0.38756723102146234,-3.130431949865059,3.736643134804487,-0.33198688325016734,0.38756723102146234,0.0010234289185890575,0.9819583750311169,0.017018196050293956,0.0010234289185890575,0.9819583750311169,0.017018196050293956,0.9819583750311169,0.0010234289185890575,-0.964940178980823,2,2,0.512,1110.0,0.9393975138664246,0.9806455907424554,-0.43064559074245534
397,397,categorical_soft,1,1,False,0.0,0.0,0.0,1.0,0.0,2,-1.0,0.36302370824678104,-2.189598283301185,4.189330896557131,-1.4281427568351495,0.36302370824678104,0.0016892612968920108,0.9946330625180735,0.0036776761850345263,0.0016892612968920108,0.9946330625180735,0.0036776761850345263,0.9946330625180735,0.0016892612968920108,-0.9909553863330389,2,2,0.256,1050.0,0.9099549353122711,0.9792239661600461,-0.4292239661600461
398,398,categorical_soft,1,1,True,0.15284969822104216,0.0,0.0,0.8471503257751465,0.1528497040271759,2,-0.6943006217479706,0.22857986809626946,-1.6727880199062746,1.4306274133039065,0.18799155678723228,0.22857986809626946,0.03374150736951536,0.7497886586807629,0.2164698339497217,0.03374150736951536,0.7497886586807629,0.2164698339497217,0.7497886586807629,0.03374150736951536,-0.5333188247310412,2,2,0.128,490.0,0.5764550000894815,0.9473221554846154,-0.39732215548461536
399,399,categorical_soft,1,1,True,0.22781912808323002,0.0,0.0,0.7721808552742004,0.22781912982463837,2,-0.5443617254495621,0.29687313577693186,-0.9869361371023679,0.6049072849215045,0.128300154325622,0.29687313577693186,0.11164722171889141,0.5480335665062823,0.3403192117748263,0.11164722171889141,0.5480335665062823,0.3403192117748263,0.5480335665062823,0.11164722171889141,-0.207714354731456,2,2,0.032,400.0,0.2471591681241989,0.7989866884283707,-0.24898668842837068
