trial_index,dataset_index,student_action_objective,true_direction,dir_choice,sure_available,teacher_sure_strength,target_fixation,target_left,target_right,target_sure,teacher_preferred_action,target_action_margin,raw_post_go_fixation,raw_post_go_left,raw_post_go_right,raw_post_go_sure,predicted_fixation,predicted_left,predicted_right,predicted_sure,p_left,p_right,p_sure,predicted_correct_direction,predicted_incorrect_direction,predicted_action_margin,final_argmax_choice,action_argmax_choice,stimulus_coherence,stimulus_duration_ms,internal_margin,empirical_p_correct,delta_value
0,0,categorical_soft,0,0,False,0.0,0.0,1.0,0.0,0.0,1,-1.0,0.6382313013076782,3.3539987802505493,-4.887633228302002,-4.1221456050872805,0.6382313013076782,0.9991675329734704,0.00026433665280590314,0.0005681303737238088,0.9991675329734704,0.00026433665280590314,0.0005681303737238088,0.9991675329734704,0.00026433665280590314,-0.9985994025997466,1,1,0.512,940.0,1.0484288111329079,0.9906774506351905,-0.4406774506351905
1,1,categorical_soft,0,0,True,0.20536326275014355,0.0,0.7946367263793945,0.0,0.20536325871944427,1,-0.5892734676599503,0.46441987454891204,-0.051437316834926604,-0.6454545676708221,0.27784441113471986,0.46441987454891204,0.33981269555621696,0.18798103608984912,0.472206268353934,0.33981269555621696,0.18798103608984912,0.472206268353934,0.33981269555621696,0.18798103608984912,0.13239357279771702,3,3,0.0,890.0,0.4134471267461777,0.8328962506168242,-0.2828962506168241
2,2,categorical_soft,1,1,True,0.1627092707452713,0.0,0.0,0.8372907042503357,0.16270926594734192,2,-0.6745814383029938,0.48157407343387604,-1.8372289180755614,2.0942779302597048,0.8686274468898774,0.48157407343387604,0.015051438976890267,0.7612934980173719,0.22365506300573795,0.015051438976890267,0.7612934980173719,0.22365506300573795,0.7612934980173719,0.015051438976890267,-0.5376384350116339,2,2,0.256,510.0,0.4894590051844716,0.9196709493279273,-0.3696709493279272
3,3,categorical_soft,0,0,False,0.0,0.0,1.0,0.0,0.0,1,-1.0,0.679617166519165,3.525668668746948,-5.161139822006225,-4.23564715385437,0.679617166519165,0.9994011131983871,0.00016890049790149755,0.0004299863037113715,0.9994011131983871,0.00016890049790149755,0.0004299863037113715,0.9994011131983871,0.00016890049790149755,-0.9989711268946757,1,1,0.512,960.0,1.073611468076706,0.9915539535033948,-0.44155395350339477
4,4,categorical_soft,0,0,False,0.0,0.0,1.0,0.0,0.0,1,-1.0,0.593477863073349,2.8440460681915285,-3.0954642057418824,-3.893572759628296,0.593477863073349,0.9961674539153809,0.0026272720409114035,0.0012052740437078903,0.9961674539153809,0.0026272720409114035,0.0012052740437078903,0.9961674539153809,0.0026272720409114035,-0.994962179871673,1,1,0.128,1020.0,0.8045955151319504,0.9668002996095091,-0.41680029960950904
5,5,categorical_soft,0,0,True,0.1494681574748153,0.0,0.850531816482544,0.0,0.14946815371513367,1,-0.7010636627674103,0.37414083927869796,1.0640668392181396,-3.776460385322571,-0.2155187949538231,0.37414083927869796,0.7774654966070689,0.006156723964980089,0.21637777942795097,0.7774654966070689,0.006156723964980089,0.21637777942795097,0.7774654966070689,0.006156723964980089,-0.5610877171791179,1,1,0.064,1100.0,0.7740941792726517,0.9579179349019022,-0.4079179349019022
6,6,categorical_soft,0,0,False,0.0,0.0,1.0,0.0,0.0,1,-1.0,0.6997644424438476,2.7723732471466063,-1.8855308532714843,-4.35805115699768,0.6997644424438476,0.9897576470464768,0.009443427828911517,0.0007989251246116814,0.9897576470464768,0.009443427828911517,0.0007989251246116814,0.9897576470464768,0.009443427828911517,-0.9889587219218652,1,1,0.128,920.0,0.9184840470552444,0.9829027041866822,-0.4329027041866822
7,7,categorical_soft,0,0,False,0.0,0.0,1.0,0.0,0.0,1,-1.0,0.5870268285274506,0.4816536843776703,1.4844955325126648,-1.5017640709877014,0.5870268285274506,0.25882139727677944,0.7055131754617875,0.035665427261433055,0.25882139727677944,0.7055131754617875,0.035665427261433055,0.25882139727677944,0.7055131754617875,-0.22315597001534637,2,2,0.0,1020.0,0.046841979026794434,0.4129663606271245,0.13703363937287555
8,8,categorical_soft,1,1,True,0.1573025373588735,0.0,0.0,0.8426974415779114,0.15730254352092743,2,-0.685394898056984,0.4720623970031738,-1.6614701986312865,2.2127898216247557,0.7535857558250427,0.4720623970031738,0.016681886431547895,0.7978212901225953,0.18549682344585677,0.016681886431547895,0.7978212901225953,0.18549682344585677,0.7978212901225953,0.016681886431547895,-0.6123244666767385,2,2,0.256,470.0,0.5237435521557927,0.9342915810289389,-0.3842915810289389
9,9,categorical_soft,0,0,False,0.0,0.0,1.0,0.0,0.0,1,-1.0,0.6512521415948868,3.5050861120223997,-4.9037964820861815,-4.430278587341308,0.6512521415948868,0.99941683536162,0.00022283944981258446,0.00036032518856740344,0.99941683536162,0.00022283944981258446,0.00036032518856740344,0.99941683536162,0.00022283944981258446,-0.9990565101730525,1,1,0.512,1010.0,1.1523869410157204,0.9938939755920116,-0.4438939755920116
10,10,categorical_soft,1,1,False,0.0,0.0,0.0,1.0,0.0,2,-1.0,0.49093954265117645,0.9153392374515533,3.815104103088379,-3.1696368217468263,0.49093954265117645,0.05215919590634686,0.9469475677226326,0.0008932363710205214,0.05215919590634686,0.9469475677226326,0.0008932363710205214,0.9469475677226326,0.05215919590634686,-0.946054331351612,2,2,0.032,1170.0,0.730802558362484,0.9441724449195158,-0.39417244491951575
11,11,categorical_soft,1,1,True,0.15537181576585085,0.0,0.0,0.8446281552314758,0.15537181496620178,2,-0.689256340265274,0.46574638932943346,-1.5158533811569215,1.7801486372947692,0.7508365392684937,0.46574638932943346,0.026793432938809057,0.7169960843835118,0.25621048267767915,0.026793432938809057,0.7169960843835118,0.25621048267767915,0.7169960843835118,0.026793432938809057,-0.46078560170583266,2,2,0.064,560.0,0.5649214829318225,0.9398221432929741,-0.38982214329297404
12,12,categorical_soft,1,1,False,0.0,0.0,0.0,1.0,0.0,2,-1.0,0.4953707069158554,0.6062776774168015,3.7113215923309326,-2.817370891571045,0.4953707069158554,0.04285106948669297,0.9557201147153037,0.0014288157980034502,0.04285106948669297,0.9557201147153037,0.0014288157980034502,0.9557201147153037,0.04285106948669297,-0.9542912989173002,2,2,0.064,910.0,0.7842522263526917,0.9678326450270627,-0.41783264502706263
13,13,categorical_soft,1,1,False,0.0,0.0,0.0,1.0,0.0,2,-1.0,0.552863472700119,0.9239244639873505,2.6098899364471437,-2.571430969238281,0.552863472700119,0.1556311138064519,0.8396126663095765,0.004756219883971388,0.1556311138064519,0.8396126663095765,0.004756219883971388,0.8396126663095765,0.1556311138064519,-0.8348564464256052,2,2,0.032,460.0,0.8103487938642502,0.9832889224471807,-0.43328892244718065
14,14,categorical_soft,1,1,False,0.0,0.0,0.0,1.0,0.0,2,-1.0,0.5863925307989121,-0.018063478264957668,3.4917548656463624,-1.9619789361953734,0.5863925307989121,0.028945921942141926,0.9668557979759704,0.004198280081887634,0.028945921942141926,0.9668557979759704,0.004198280081887634,0.9668557979759704,0.028945921942141926,-0.9626575178940828,2,2,0.064,490.0,0.6984655410051346,0.970371268883655,-0.42037126888365495
15,15,categorical_soft,1,1,False,0.0,0.0,0.0,1.0,0.0,2,-1.0,0.6088236957788468,0.5583866238594055,2.448285961151123,-2.084832692146301,0.6088236957788468,0.13018494450422521,0.8604727113804993,0.009342344115275594,0.13018494450422521,0.8604727113804993,0.009342344115275594,0.8604727113804993,0.13018494450422521,-0.8511303672652237,2,2,0.064,670.0,0.657180730602704,0.9555993270423452,-0.40559932704234514
16,16,categorical_soft,0,0,False,0.0,0.0,1.0,0.0,0.0,1,-1.0,0.5926885157823563,2.5908111095428468,0.39876973927021026,-5.263756465911865,0.5926885157823563,0.8991476059418508,0.1005010981363319,0.0003512959218174432,0.8991476059418508,0.1005010981363319,0.0003512959218174432,0.8991476059418508,0.1005010981363319,-0.8987963100200334,1,1,0.032,990.0,0.6548107713460922,0.9353335886244387,-0.38533358862443867
17,17,categorical_soft,0,0,False,0.0,0.0,1.0,0.0,0.0,1,-1.0,0.7171318978071213,2.648353433609009,-2.257308506965637,-3.9408559799194336,0.7171318978071213,0.9912790524993396,0.007345549307987913,0.0013753981926725764,0.9912790524993396,0.007345549307987913,0.0013753981926725764,0.9912790524993396,0.007345549307987913,-0.9899036543066669,1,1,0.064,1160.0,0.867465652525425,0.9710154946235546,-0.4210154946235546
18,18,categorical_soft,0,0,True,0.4703194649998598,0.0,0.5296805500984192,0.0,0.4703194797039032,1,-0.05936107039451599,0.2967351317405701,0.35036676526069643,-1.2093346476554871,-0.11003414392471314,0.2967351317405701,0.5430695282089861,0.11423943083474539,0.3426910409562686,0.5430695282089861,0.11423943083474539,0.3426910409562686,0.5430695282089861,0.11423943083474539,-0.2003784872527175,1,1,0.064,880.0,0.14334997534751892,0.5723013908026424,-0.022301390802642374
19,19,categorical_soft,0,0,True,0.15783541674977236,0.0,0.8421645760536194,0.0,0.15783542394638062,1,-0.6843291521072388,0.3946873381733894,1.057293450832367,-1.3477004170417786,-1.2476648330688476,0.3946873381733894,0.8387553214452623,0.07590272276091072,0.08534195579382693,0.8387553214452623,0.07590272276091072,0.08534195579382693,0.8387553214452623,0.07590272276091072,-0.7534133656514354,1,1,0.064,890.0,0.6218863129615784,0.9327954541479567,-0.3827954541479567
20,20,categorical_soft,0,0,True,0.1385075905024299,0.0,0.861492395401001,0.0,0.13850758969783783,1,-0.7229848057031631,0.4119654640555382,2.463214087486267,-6.627414846420288,-1.9143204808235168,0.4119654640555382,0.9870703371871807,0.00011140135674626831,0.01281826145607326,0.9870703371871807,0.00011140135674626831,0.01281826145607326,0.9870703371871807,0.00011140135674626831,-0.9742520757311075,1,1,0.512,940.0,1.331511277705431,0.9976637240031028,-0.4476637240031027
21,21,categorical_soft,0,0,True,0.14257556409246797,0.0,0.8574244379997253,0.0,0.14257556200027466,1,-0.7148488759994507,0.27110784500837326,0.909692507982254,-3.222304940223694,-0.2807495445013046,0.27110784500837326,0.7571768873796533,0.012194625608764633,0.23062848701158215,0.7571768873796533,0.012194625608764633,0.23062848701158215,0.7571768873796533,0.012194625608764633,-0.5265484003680712,1,1,0.128,600.0,0.8269800916314125,0.9817964952979781,-0.43179649529797803
22,22,categorical_soft,1,1,True,0.17070501334162702,0.0,0.0,0.8292949795722961,0.17070502042770386,2,-0.6585899591445923,0.48355831801891325,-2.8464336156845094,3.2084884643554688,1.6778043150901794,0.48355831801891325,0.001944797632556354,0.8203969561971283,0.17765824617031542,0.001944797632556354,0.8203969561971283,0.17765824617031542,0.8203969561971283,0.001944797632556354,-0.6427387100268128,2,2,0.256,810.0,0.5141643323004246,0.9000342722994452,-0.35003427229944517
23,23,categorical_soft,1,1,True,0.19562216334397986,0.0,0.0,0.8043778538703918,0.19562216103076935,2,-0.6087556928396225,0.30200320929288865,0.03957710564136505,-0.4356674015522003,0.1178179144859314,0.30200320929288865,0.3699637812577469,0.23004121904346161,0.3999949996987914,0.3699637812577469,0.23004121904346161,0.3999949996987914,0.23004121904346161,0.3699637812577469,0.16995378065532976,3,3,0.0,880.0,0.4363681795075536,0.8495365426977518,-0.29953654269775176
24,24,categorical_soft,0,0,True,0.13827039345882153,0.0,0.861729621887207,0.0,0.13827039301395416,1,-0.7234592288732529,0.5078594490885735,2.32446768283844,-4.025697946548462,-2.23925724029541,0.5078594490885735,0.9875735461881285,0.001724843323383831,0.010701610488487704,0.9875735461881285,0.001724843323383831,0.010701610488487704,0.9875735461881285,0.001724843323383831,-0.9768719356996408,1,1,0.512,670.0,1.3751744218170643,0.9986372597710848,-0.4486372597710847
25,25,categorical_soft,0,0,True,0.13827917050404648,0.0,0.8617208003997803,0.0,0.13827916979789734,1,-0.7234416306018829,0.5761883914470672,2.0908793210983276,-2.059691917896271,-2.5764080047607423,0.5761883914470672,0.9751064270756791,0.01540759267892094,0.009485980245399945,0.9751064270756791,0.01540759267892094,0.009485980245399945,0.9751064270756791,0.01540759267892094,-0.9656204468302791,1,1,0.512,490.0,1.3256772384047508,0.9986011338836283,-0.4486011338836282
26,26,categorical_soft,0,0,False,0.0,0.0,1.0,0.0,0.0,1,-1.0,0.6697595059871674,2.0127498269081117,0.652442890405655,-3.846911668777466,0.6697595059871674,0.7938387418695012,0.20387283496062839,0.002288423169870431,0.7938387418695012,0.20387283496062839,0.002288423169870431,0.7938387418695012,0.20387283496062839,-0.7915503186996308,1,1,0.032,990.0,0.6256432682275772,0.9261054418610988,-0.37610544186109873
27,27,categorical_soft,1,1,False,0.0,0.0,0.0,1.0,0.0,2,-1.0,0.5554445117712021,-0.8023785293102265,4.282202816009521,-1.2385880947113037,0.5554445117712021,0.0061533028019115175,0.9897585506878723,0.004088146510216372,0.0061533028019115175,0.9897585506878723,0.004088146510216372,0.9897585506878723,0.0061533028019115175,-0.985670404177656,2,2,0.256,670.0,1.0143475160002708,0.9920294334782974,-0.4420294334782974
28,28,categorical_soft,1,1,True,0.15346409575472014,0.0,0.0,0.8465359210968018,0.15346409380435944,2,-0.6930718272924423,0.4883321836590767,-1.9564676642417909,3.1290305614471436,1.0282110273838043,0.4883321836590767,0.005593114597278218,0.8859460346730851,0.10846085072963663,0.005593114597278218,0.8859460346730851,0.10846085072963663,0.8859460346730851,0.005593114597278218,-0.7774851839434485,2,2,0.256,700.0,0.6205295249819756,0.945465008707168,-0.39546500870716794
29,29,categorical_soft,1,1,False,0.0,0.0,0.0,1.0,0.0,2,-1.0,0.48047817647457125,-1.0794668793678284,6.102207040786743,-1.812383222579956,0.48047817647457125,0.0007712656631988774,0.9988458470250207,0.00038288731178049345,0.0007712656631988774,0.9988458470250207,0.00038288731178049345,0.9988458470250207,0.0007712656631988774,-0.9984629597132402,2,2,0.128,1110.0,0.8874989934265614,0.9751635105383551,-0.4251635105383551
30,30,categorical_soft,0,0,True,0.1382362113566537,0.0,0.8617637753486633,0.0,0.13823620975017548,1,-0.7235275655984879,0.6467925846576691,3.4530068397521974,-5.69572229385376,-3.70086874961853,0.6467925846576691,0.9990753929045623,0.00010633597636087872,0.0008182711190768077,0.9990753929045623,0.00010633597636087872,0.0008182711190768077,0.9990753929045623,0.00010633597636087872,-0.9982571217854854,1,1,0.512,1100.0,1.502898057922721,0.9987780266649418,-0.4487780266649417
31,31,categorical_soft,1,1,True,0.1981886021193041,0.0,0.0,0.8018113970756531,0.19818860292434692,2,-0.6036227941513062,0.3446843385696411,0.6573080629110336,-1.516056740283966,-0.6164050459861755,0.3446843385696411,0.716324678873649,0.08162890931926359,0.20204641180708713,0.716324678873649,0.08162890931926359,0.20204641180708713,0.08162890931926359,0.716324678873649,0.12041750248782354,1,1,0.0,1080.0,0.4783298671245575,0.8450161845023628,-0.2950161845023628
32,32,categorical_soft,1,1,True,0.15878169880904897,0.0,0.0,0.8412182927131653,0.15878169238567352,2,-0.6824366003274918,0.40745131075382235,-4.490168333053589,5.768006229400635,2.952365827560425,0.40745131075382235,3.37716645568815e-05,0.9433788010855733,0.05658742724987006,3.37716645568815e-05,0.9433788010855733,0.05658742724987006,0.9433788010855733,3.37716645568815e-05,-0.8867913738357032,2,2,0.512,1110.0,0.6674912087619305,0.930169693553761,-0.38016969355376096
33,33,categorical_soft,1,1,True,0.15452912015120251,0.0,0.0,0.8454709053039551,0.1545291244983673,2,-0.6909417808055878,0.3901515409350395,-1.94799245595932,2.4596256017684937,0.9807149291038513,0.3901515409350395,0.009940123569501672,0.8062427455723785,0.18381713085811985,0.009940123569501672,0.8062427455723785,0.18381713085811985,0.8062427455723785,0.009940123569501672,-0.6224256147142586,2,2,0.256,590.0,0.5813465155661106,0.9422921797796965,-0.39229217977969644
34,34,categorical_soft,1,1,True,0.1659572057517602,0.0,0.0,0.8340427875518799,0.16595721244812012,2,-0.6680855751037598,0.5725566685199738,-3.968502426147461,4.537749814987182,2.419883966445923,0.5725566685199738,0.00018261573676339504,0.8924364298200503,0.10738095444318625,0.00018261573676339504,0.8924364298200503,0.10738095444318625,0.8924364298200503,0.00018261573676339504,-0.785055475376864,2,2,0.512,980.0,0.5830800868570805,0.9114341793520553,-0.36143417935205524
35,35,categorical_soft,1,1,False,0.0,0.0,0.0,1.0,0.0,2,-1.0,0.6119458854198456,-0.9952612102031708,4.086490511894226,-0.9782809674739837,0.6119458854198456,0.00618593801413545,0.9872639310321839,0.006550130953680717,0.00618593801413545,0.9872639310321839,0.006550130953680717,0.9872639310321839,0.00618593801413545,-0.9807138000785032,2,2,0.256,740.0,0.983464740216732,0.9899279505458738,-0.43992795054587375
36,36,categorical_soft,0,0,True,0.2756396611169857,0.0,0.7243603467941284,0.0,0.2756396532058716,1,-0.44872069358825684,0.4175062522292137,-0.08706071740016341,-0.008298378065228462,0.12939956188201904,0.4175062522292137,0.3009559656959237,0.32561789459270307,0.3734261397113733,0.3009559656959237,0.32561789459270307,0.3734261397113733,0.3009559656959237,0.32561789459270307,0.07247017401544958,3,3,0.0,910.0,0.30457280576229095,0.7402439727377856,-0.1902439727377856
37,37,categorical_soft,1,1,True,0.5000959869728804,0.0,0.0,0.49990400671958923,0.5000959634780884,3,0.0001919567584991455,0.381789530813694,0.09319150159135461,-0.35030612647533416,-0.05907534584403038,0.381789530813694,0.4003656206746469,0.25640949458416057,0.3432248847411925,0.4003656206746469,0.25640949458416057,0.3432248847411925,0.25640949458416057,0.4003656206746469,0.08681539015703194,1,1,0.0,530.0,0.03898046910762787,0.549928009768958,7.199023104209612e-05
38,38,categorical_soft,0,0,True,0.13969023630715088,0.0,0.8603097796440125,0.0,0.13969023525714874,1,-0.7206195443868637,0.2693012170493603,0.6383869588375092,-2.070946979522705,-0.40080136954784396,0.2693012170493603,0.7029580206945616,0.04687709352875953,0.25016488577667895,0.7029580206945616,0.04687709352875953,0.25016488577667895,0.7029580206945616,0.04687709352875953,-0.45279313491788264,1,1,0.128,420.0,0.9765269681811333,0.9928931070173358,-0.44289310701733575
39,39,categorical_soft,1,1,True,0.1427231677156029,0.0,0.0,0.8572768568992615,0.1427231729030609,2,-0.7145536839962006,0.36811412796378135,-3.2205482482910157,4.836647415161133,1.796137762069702,0.36811412796378135,0.0003077875717404476,0.9538578446375284,0.04583436779073125,0.0003077875717404476,0.9538578446375284,0.04583436779073125,0.9538578446375284,0.0003077875717404476,-0.9080234768467972,2,2,0.256,1000.0,0.9189697876572609,0.9812481310873736,-0.4312481310873736
40,40,categorical_soft,1,1,True,0.1449283766718838,0.0,0.0,0.8550716042518616,0.14492838084697723,2,-0.7101432234048843,0.44463988542556765,-3.2598597049713134,4.5361193180084225,1.9251566410064698,0.44463988542556765,0.000389759160143878,0.9310818556863806,0.06852838515347551,0.000389759160143878,0.9310818556863806,0.06852838515347551,0.9310818556863806,0.000389759160143878,-0.8625534705329051,2,2,0.512,780.0,0.7911144569516182,0.9732614526724147,-0.42326145267241466
41,41,categorical_soft,0,0,False,0.0,0.0,1.0,0.0,0.0,1,-1.0,0.6053389370441437,2.966459584236145,-2.5203434944152834,-4.671380853652954,0.6053389370441437,0.9953845248708397,0.004127351359697443,0.0004881237694629105,0.9953845248708397,0.004127351359697443,0.0004881237694629105,0.9953845248708397,0.004127351359697443,-0.9948964011013768,1,1,0.128,1110.0,0.8105276525020599,0.9641567331433587,-0.41415673314335866
42,42,categorical_soft,1,1,True,0.18386932635116243,0.0,0.0,0.8161306977272034,0.18386933207511902,2,-0.6322613656520844,0.38191778510808944,-0.10562954023480416,-0.01038203425705433,0.04173399657011032,0.38191778510808944,0.3071648530785367,0.33742263930772853,0.3554125076137348,0.3071648530785367,0.33742263930772853,0.3554125076137348,0.33742263930772853,0.3071648530785367,0.01798986830600624,3,3,0.032,870.0,0.47157008200883865,0.8716904059750423,-0.3216904059750423
43,43,categorical_soft,0,0,False,0.0,0.0,1.0,0.0,0.0,1,-1.0,0.6402402102947236,2.314829468727112,0.49584546089172366,-4.817860555648804,0.6402402102947236,0.8597593231869224,0.13955243235935594,0.0006882444537215986,0.8597593231869224,0.13955243235935594,0.0006882444537215986,0.8597593231869224,0.13955243235935594,-0.8590710787332008,1,1,0.064,560.0,0.5961449593305588,0.9479353693958872,-0.39793536939588714
44,44,categorical_soft,0,0,False,0.0,0.0,1.0,0.0,0.0,1,-1.0,0.640726900100708,2.729221487045288,-2.3776084661483763,-4.300441408157349,0.640726900100708,0.9931027453656093,0.0060138045316492274,0.0008834501027414935,0.9931027453656093,0.0060138045316492274,0.0008834501027414935,0.9931027453656093,0.0060138045316492274,-0.9922192952628678,1,1,0.032,1090.0,0.8813283666968346,0.9750127157054449,-0.42501271570544485
45,45,categorical_soft,0,0,True,0.2042680392286863,0.0,0.7957319617271423,0.0,0.20426803827285767,1,-0.5914639234542847,0.30584925711154937,0.4489399194717407,-1.1527743220329285,-0.5492152512073517,0.30584925711154937,0.636088557375595,0.12820979372479205,0.23570164889961304,0.636088557375595,0.12820979372479205,0.23570164889961304,0.636088557375595,0.12820979372479205,-0.40038690847598196,1,1,0.064,490.0,0.3179522901773453,0.8346999382675498,-0.2846999382675498
46,46,categorical_soft,0,0,True,0.13885866885625836,0.0,0.8611413240432739,0.0,0.13885867595672607,1,-0.7222826480865479,0.3186024412512779,1.702338445186615,-5.727085971832276,-0.6894649386405944,0.3186024412512779,0.9150748021675087,0.0005435020223806125,0.0843816958101107,0.9150748021675087,0.0005435020223806125,0.0843816958101107,0.9150748021675087,0.0005435020223806125,-0.830693106357398,1,1,0.256,960.0,1.238908588886261,0.9962331804667848,-0.44623318046678473
47,47,categorical_soft,1,1,True,0.1491607895783002,0.0,0.0,0.8508391976356506,0.14916078746318817,2,-0.7016784101724625,0.43710617274045943,-2.5102914333343507,2.9920147895812987,1.3507869601249696,0.43710617274045943,0.0034687029828124757,0.8347052451164363,0.1618260519007513,0.0034687029828124757,0.8347052451164363,0.1618260519007513,0.8347052451164363,0.0034687029828124757,-0.672879193215685,2,2,0.512,580.0,0.6515953863272443,0.9589142773357157,-0.4089142773357156
48,48,categorical_soft,1,1,False,0.0,0.0,0.0,1.0,0.0,2,-1.0,0.6760305285453796,-1.1629753112792969,6.990809202194214,-2.1294754266738893,0.6760305285453796,0.0002917532586966821,0.9995914531587472,0.00011679358255623291,0.0002917532586966821,0.9995914531587472,0.00011679358255623291,0.9995914531587472,0.0002917532586966821,-0.999474659576191,2,2,0.128,1170.0,0.9544913917779922,0.9806802795219415,-0.43068027952194143
49,49,categorical_soft,1,1,False,0.0,0.0,0.0,1.0,0.0,2,-1.0,0.4303229346871376,-0.589890593290329,4.488614177703857,-1.558774185180664,0.4303229346871376,0.006212162634169254,0.9914015981128271,0.0023862392530036624,0.006212162634169254,0.9914015981128271,0.0023862392530036624,0.9914015981128271,0.006212162634169254,-0.9890153588598235,2,2,0.128,670.0,0.8650231137871742,0.9835412539954715,-0.4335412539954715
50,50,categorical_soft,0,0,True,0.17652500160833862,0.0,0.8234750032424927,0.0,0.17652499675750732,1,-0.6469500064849854,0.40334214121103285,-0.03138243481516838,-0.15949925556778907,0.03339844346046448,0.40334214121103285,0.3398242887310628,0.2983485175105432,0.3618271937583941,0.3398242887310628,0.2983485175105432,0.3618271937583941,0.3398242887310628,0.2983485175105432,0.02200290502733132,3,3,0.032,510.0,0.4125770479440689,0.8869672724728956,-0.3369672724728956
51,51,categorical_soft,1,1,True,0.14994993269699897,0.0,0.0,0.8500500917434692,0.14994993805885315,2,-0.7001001536846161,0.4758279025554657,-3.401121973991394,4.019309496879577,2.059217607975006,0.4758279025554657,0.0005310762682604432,0.8760275804122838,0.1234413433194557,0.0005310762682604432,0.8760275804122838,0.1234413433194557,0.8760275804122838,0.0005310762682604432,-0.7525862370928281,2,2,0.256,1000.0,0.7418664749711752,0.9563678204530032,-0.4063678204530031
52,52,categorical_soft,0,0,True,0.13890481310209313,0.0,0.8610951900482178,0.0,0.13890480995178223,1,-0.7221903800964355,0.4042397826910019,1.5439976811408997,-4.673949575424194,-0.8393414497375489,0.4042397826910019,0.913153199036757,0.0018216857086260168,0.0850251152546169,0.913153199036757,0.0018216857086260168,0.0850251152546169,0.913153199036757,0.0018216857086260168,-0.8281280837821401,1,1,0.256,880.0,1.2093748897314072,0.9960460687413807,-0.44604606874138064
53,53,categorical_soft,1,1,True,0.1700814905199407,0.0,0.0,0.8299185037612915,0.1700814962387085,2,-0.659837007522583,0.30784110017120836,-0.3120907559990883,0.7907230079174041,-0.005336157232522965,0.30784110017120836,0.186143308908413,0.5603541692137081,0.2535025218778789,0.186143308908413,0.5603541692137081,0.2535025218778789,0.5603541692137081,0.186143308908413,-0.30685164733582915,2,2,0.032,770.0,0.5076670087873936,0.9014911272737932,-0.35149112727379317
54,54,categorical_soft,1,1,False,0.0,0.0,0.0,1.0,0.0,2,-1.0,0.5447627037763596,0.5660778403282165,4.22507643699646,-2.8009597301483153,0.5447627037763596,0.02509320652133884,0.9740157449626908,0.0008910485159704486,0.02509320652133884,0.9740157449626908,0.0008910485159704486,0.9740157449626908,0.02509320652133884,-0.9731246964467204,2,2,0.064,1070.0,0.7707834392786026,0.9587128420090807,-0.40871284200908065
55,55,categorical_soft,1,1,False,0.0,0.0,0.0,1.0,0.0,2,-1.0,0.5367749959230423,0.8768454909324646,4.829594612121582,-3.6267651081085206,0.5367749959230423,0.01883813339960846,0.9809481319503035,0.00021373465008798234,0.01883813339960846,0.9809481319503035,0.00021373465008798234,0.9809481319503035,0.01883813339960846,-0.9807343973002155,2,2,0.064,1120.0,0.8611905425786972,0.9715009364845482,-0.4215009364845481
56,56,categorical_soft,0,0,False,0.0,0.0,1.0,0.0,0.0,1,-1.0,0.6445773124694825,3.128242015838623,-3.6914753198623655,-4.245125865936279,0.6445773124694825,0.998278867890226,0.0010912315292464741,0.0006299005805277195,0.998278867890226,0.0010912315292464741,0.0006299005805277195,0.998278867890226,0.0010912315292464741,-0.9976489673096983,1,1,0.512,690.0,0.9768161326646805,0.990199551493082,-0.440199551493082
57,57,categorical_soft,0,0,True,0.15970363701444518,0.0,0.8402963876724243,0.0,0.15970364212989807,1,-0.6805927455425262,0.35678951293230055,0.4321407079696655,-1.288143479824066,-0.3420329600572586,0.35678951293230055,0.6091727288187692,0.10896989605139562,0.28185737512983533,0.6091727288187692,0.10896989605139562,0.28185737512983533,0.6091727288187692,0.10896989605139562,-0.32731535368893383,1,1,0.064,460.0,0.500236913561821,0.9276486484729601,-0.3776486484729601
58,58,categorical_soft,1,1,True,0.3336827505310743,0.0,0.0,0.6663172245025635,0.33368274569511414,2,-0.33263447880744934,0.4161510720849037,-0.19637613371014595,0.29165210723876955,0.016519097983837126,0.4161510720849037,0.2589586607878417,0.42110008895536594,0.3199412502567923,0.2589586607878417,0.42110008895536594,0.3199412502567923,0.42110008895536594,0.2589586607878417,-0.10115883869857362,2,2,0.032,530.0,0.15421375632286072,0.6827785006137393,-0.1327785006137393
59,59,categorical_soft,1,1,False,0.0,0.0,0.0,1.0,0.0,2,-1.0,0.4071693286299706,0.035304374434053896,4.607429933547974,-2.396281862258911,0.4071693286299706,0.010258728148799282,0.988831299251148,0.0009099726000524798,0.010258728148799282,0.988831299251148,0.0009099726000524798,0.988831299251148,0.010258728148799282,-0.9879213266510956,2,2,0.064,870.0,0.7703574150800705,0.9672025823294294,-0.4172025823294293
60,60,categorical_soft,0,0,True,0.13862414130839523,0.0,0.8613758683204651,0.0,0.1386241465806961,1,-0.722751721739769,0.5125395938754082,2.2352698683738708,-4.649010038375854,-1.9076391220092774,0.5125395938754082,0.9825934526087738,0.0010100956606962485,0.01639645173052996,0.9825934526087738,0.0010100956606962485,0.01639645173052996,0.9825934526087738,0.0010100956606962485,-0.9661970008782439,1,1,0.256,1070.0,1.3255500122904778,0.9971874450250001,-0.4471874450250001
61,61,categorical_soft,1,1,False,0.0,0.0,0.0,1.0,0.0,2,-1.0,0.6266921818256378,-2.0257978796958924,5.548425769805908,-0.41887450516223906,0.6266921818256378,0.0005180422475566555,0.9968516393916381,0.0026303183608052264,0.0005180422475566555,0.9968516393916381,0.0026303183608052264,0.9968516393916381,0.0005180422475566555,-0.9942213210308329,2,2,0.512,870.0,0.9255192875862122,0.9844256769823115,-0.4344256769823115
62,62,categorical_soft,1,1,False,0.0,0.0,0.0,1.0,0.0,2,-1.0,0.6182888329029084,1.6461875796318055,0.8265270233154297,-3.2554179191589356,0.6182888329029084,0.6904668752316448,0.30434882174533345,0.005184303023021722,0.6904668752316448,0.30434882174533345,0.005184303023021722,0.30434882174533345,0.6904668752316448,-0.29916451872231176,1,1,0.0,980.0,0.2789652496576309,0.6978387305640433,-0.14783873056404329
63,63,categorical_soft,1,1,True,0.17366902544088542,0.0,0.0,0.8263309597969055,0.1736690253019333,2,-0.6526619344949722,0.48121213018894193,0.16190217062830925,0.7911707937717438,-0.5539368987083435,0.48121213018894193,0.2970538151170861,0.5568673759153896,0.14607880896752415,0.2970538151170861,0.5568673759153896,0.14607880896752415,0.5568673759153896,0.2970538151170861,-0.4107885669478655,2,2,0.032,970.0,0.5385469272732735,0.8932635050298142,-0.3432635050298142
64,64,categorical_soft,1,1,True,0.4901604227321506,0.0,0.0,0.5098395943641663,0.49016043543815613,2,-0.019679158926010132,0.35349870175123216,-0.03784250738099217,-0.42154553532600403,0.09288006573915482,0.35349870175123216,0.35439415174077166,0.24173715475075772,0.40386869350847077,0.35439415174077166,0.24173715475075772,0.40386869350847077,0.24173715475075772,0.35439415174077166,0.16213153875771305,3,3,0.0,840.0,0.12118034064769745,0.5573811719932862,-0.00738117199328614
65,65,categorical_soft,1,1,False,0.0,0.0,0.0,1.0,0.0,2,-1.0,0.6136922240257263,1.7649985194206237,1.200274157524109,-3.658066177368164,0.6136922240257263,0.6356105740410335,0.36155266958122745,0.0028367563777390685,0.6356105740410335,0.36155266958122745,0.0028367563777390685,0.36155266958122745,0.6356105740410335,-0.3587159132034884,1,1,0.0,1090.0,0.4844055473804474,0.8473326432389668,-0.2973326432389668
66,66,categorical_soft,0,0,False,0.0,0.0,1.0,0.0,0.0,1,-1.0,0.6518083900213242,3.7663039445877073,-4.7276846408844,-4.936042785644531,0.6518083900213242,0.9996266099759257,0.0002057497470047436,0.0001676402770695252,0.9996266099759257,0.0002057497470047436,0.0001676402770695252,0.9996266099759257,0.0002057497470047436,-0.9994589696988562,1,1,0.512,890.0,1.2261307686567307,0.9963133969089378,-0.4463133969089378
67,67,categorical_soft,1,1,False,0.0,0.0,0.0,1.0,0.0,2,-1.0,0.6036228239536285,-0.727905148267746,6.629560136795044,-2.5862389087677,0.6036228239536285,0.0006418830318688587,0.9992536762787306,0.00010444068940052818,0.0006418830318688587,0.9992536762787306,0.00010444068940052818,0.9992536762787306,0.0006418830318688587,-0.9991492355893301,2,2,0.128,1100.0,0.8749115876853466,0.9739286109917756,-0.4239286109917756
68,68,categorical_soft,1,1,False,0.0,0.0,0.0,1.0,0.0,2,-1.0,0.5021115720272065,-0.5168178588151932,5.8289793014526365,-2.37867431640625,0.5021115720272065,0.0017668048855798645,0.9979517882889064,0.00028140682551367255,0.0017668048855798645,0.9979517882889064,0.00028140682551367255,0.9979517882889064,0.0017668048855798645,-0.9976703814633927,2,2,0.128,960.0,0.9685422331094742,0.9859270080561116,-0.4359270080561115
69,69,categorical_soft,0,0,False,0.0,0.0,1.0,0.0,0.0,1,-1.0,0.6970539957284927,2.909059977531433,-1.3924742221832276,-4.916558408737183,0.6970539957284927,0.9861837845316994,0.013419584353966119,0.00039663111433447276,0.9861837845316994,0.013419584353966119,0.00039663111433447276,0.9861837845316994,0.013419584353966119,-0.9857871534173649,1,1,0.128,720.0,0.8523540496826172,0.9814357017170758,-0.4314357017170758
70,70,categorical_soft,0,0,False,0.0,0.0,1.0,0.0,0.0,1,-1.0,0.5611400187015534,1.0139942467212677,1.8512622475624085,-2.429772233963013,0.5611400187015534,0.2992504273547912,0.6911696144544908,0.00957995819071796,0.2992504273547912,0.6911696144544908,0.00957995819071796,0.2992504273547912,0.6911696144544908,-0.28967046916407324,2,2,0.0,720.0,0.44834649562835693,0.8789702181222038,-0.32897021812220373
71,71,categorical_soft,0,0,False,0.0,0.0,1.0,0.0,0.0,1,-1.0,0.6837167412042617,2.5401257276535034,0.2234613984823227,-4.934209251403809,0.6837167412042617,0.9097339603324996,0.08974944761651332,0.0005165920509868089,0.9097339603324996,0.08974944761651332,0.0005165920509868089,0.9097339603324996,0.08974944761651332,-0.9092173682815128,1,1,0.032,780.0,0.8637105077505112,0.981132042637916,-0.43113204263791594
72,72,categorical_soft,1,1,False,0.0,0.0,0.0,1.0,0.0,2,-1.0,0.39830741882324217,-0.4631739169359207,5.696401500701905,-2.4699398994445803,0.39830741882324217,0.00211459055640018,0.9975917597537967,0.00029364968980326577,0.00211459055640018,0.9975917597537967,0.00029364968980326577,0.9975917597537967,0.00211459055640018,-0.9972981100639934,2,2,0.064,1100.0,0.8855261914432049,0.9752206615559437,-0.4252206615559436
73,73,categorical_soft,1,1,True,0.22352256546050314,0.0,0.0,0.7764774560928345,0.22352255880832672,2,-0.5529548972845078,0.4652185574173927,0.3515007719397545,-0.09222289770841599,-0.6744316518306732,0.4652185574173927,0.4996078941260116,0.3201823809610063,0.18020972491298215,0.4996078941260116,0.3201823809610063,0.18020972491298215,0.3201823809610063,0.4996078941260116,-0.13997265604802417,1,1,0.032,1070.0,0.41934990882873535,0.805071285281604,-0.25507128528160394
74,74,categorical_soft,1,1,False,0.0,0.0,0.0,1.0,0.0,2,-1.0,0.5547001540660859,-0.40424345135688783,3.8185131311416627,-1.6552279114723205,0.5547001540660859,0.0144667209807296,0.9812543019827225,0.004278977036547842,0.0144667209807296,0.9812543019827225,0.004278977036547842,0.9812543019827225,0.0144667209807296,-0.9769753249461746,2,2,0.256,470.0,0.750457413494587,0.9774343798942589,-0.4274343798942588
75,75,categorical_soft,0,0,True,0.13853784026948351,0.0,0.8614621758460999,0.0,0.13853783905506134,1,-0.7229243367910385,0.4995559066534042,2.882579493522644,-8.264226150512695,-1.7465251207351684,0.4995559066534042,0.9901581797644831,1.4293059660903115e-05,0.009827527175856176,0.9901581797644831,1.4293059660903115e-05,0.009827527175856176,0.9901581797644831,1.4293059660903115e-05,-0.9803306525886268,1,1,0.512,1130.0,1.367600105702877,0.9975399784909955,-0.44753997849099547
76,76,categorical_soft,1,1,False,0.0,0.0,0.0,1.0,0.0,2,-1.0,0.5446184128522873,-0.7175283968448639,4.265041017532349,-1.3218455553054809,0.5446184128522873,0.00682496893685379,0.9893803742638572,0.0037946567992890013,0.00682496893685379,0.9893803742638572,0.0037946567992890013,0.9893803742638572,0.00682496893685379,-0.9855857174645681,2,2,0.256,570.0,0.875366348773241,0.9860973961582832,-0.43609739615828313
77,77,categorical_soft,0,0,True,0.2843102796255571,0.0,0.7156897187232971,0.0,0.2843102812767029,1,-0.43137943744659424,0.37469658702611924,-0.13685280755162238,0.05178090855479241,0.12086924016475678,0.37469658702611924,0.2859568517755913,0.34471827574951225,0.3693248724748964,0.2859568517755913,0.34471827574951225,0.3693248724748964,0.2859568517755913,0.34471827574951225,0.0833680206993051,3,3,0.0,540.0,0.20403078198432922,0.7309183744348664,-0.18091837443486636
78,78,categorical_soft,0,0,False,0.0,0.0,1.0,0.0,0.0,1,-1.0,0.7613161563873291,1.3326254725456237,1.2827624440193177,-2.795017719268799,0.7613161563873291,0.5081921581114014,0.48344590206621446,0.008361939822384075,0.5081921581114014,0.48344590206621446,0.008361939822384075,0.5081921581114014,0.48344590206621446,-0.4998302182890173,1,1,0.0,620.0,0.4462731406092644,0.8902290393494401,-0.34022903934944004
79,79,categorical_soft,0,0,False,0.0,0.0,1.0,0.0,0.0,1,-1.0,0.6027172178030014,3.662706470489502,-5.58739275932312,-4.547511768341065,0.6027172178030014,0.9996263256719832,9.622092635038122e-05,0.00027745340166664264,0.9996263256719832,9.622092635038122e-05,0.00027745340166664264,0.9996263256719832,9.622092635038122e-05,-0.9993488722703165,1,1,0.512,1000.0,1.1299725770950317,0.9932690070609597,-0.4432690070609596
80,80,categorical_soft,0,0,False,0.0,0.0,1.0,0.0,0.0,1,-1.0,0.6602893561124802,2.6080427169799805,-0.13344911560416223,-4.859987831115722,0.6602893561124802,0.9388487012588698,0.0606135343438489,0.0005377643972812778,0.9388487012588698,0.0606135343438489,0.0005377643972812778,0.9388487012588698,0.0606135343438489,-0.9383109368615885,1,1,0.064,800.0,0.7522460445761681,0.9670563502311729,-0.4170563502311728
81,81,categorical_soft,1,1,False,0.0,0.0,0.0,1.0,0.0,2,-1.0,0.6099445432424545,0.6843780934810638,0.8971803665161133,-1.5340319991111755,0.6099445432424545,0.42619264171233484,0.5272405382300831,0.04656682005758213,0.42619264171233484,0.5272405382300831,0.04656682005758213,0.5272405382300831,0.42619264171233484,-0.480673718172501,2,2,0.0,870.0,0.6061205714941025,0.9293726519956671,-0.37937265199566705
82,82,categorical_soft,1,1,True,0.23795408725147604,0.0,0.0,0.7620459198951721,0.23795408010482788,2,-0.5240918397903442,0.3818526744842529,0.4838986277580261,-0.4332957535982132,-0.7218677759170532,0.3818526744842529,0.5877807699055487,0.2349375832577556,0.1772816468366957,0.5877807699055487,0.2349375832577556,0.1772816468366957,0.2349375832577556,0.5877807699055487,-0.0576559364210599,1,1,0.0,890.0,0.35041680932044983,0.7852620969120172,-0.23526209691201716
83,83,categorical_soft,0,0,True,0.36947866635092386,0.0,0.6305213570594788,0.0,0.36947867274284363,1,-0.26104268431663513,0.41943560391664503,0.6954175382852554,-0.12689121216535568,-0.9317956030368805,0.41943560391664503,0.6107236223691686,0.26849758236337934,0.12077879526745217,0.6107236223691686,0.26849758236337934,0.12077879526745217,0.6107236223691686,0.26849758236337934,-0.4899448271017164,1,1,0.0,950.0,0.22867665439844131,0.651605641655162,-0.10160564165516195
84,84,categorical_soft,1,1,False,0.0,0.0,0.0,1.0,0.0,2,-1.0,0.5536301732063293,0.8707718968391418,1.9352425813674927,-2.210120105743408,0.5536301732063293,0.25348188844072106,0.7348648140935083,0.011653297465770493,0.25348188844072106,0.7348648140935083,0.011653297465770493,0.7348648140935083,0.25348188844072106,-0.7232115166277379,2,2,0.0,1000.0,0.550745278596878,0.8955086415069909,-0.3455086415069909
85,85,categorical_soft,1,1,False,0.0,0.0,0.0,1.0,0.0,2,-1.0,0.703736087679863,-1.5350656747817992,5.020535039901733,-0.8523016214370728,0.703736087679863,0.0014322730360571136,0.9956361750760527,0.0029315518878902493,0.0014322730360571136,0.9956361750760527,0.0029315518878902493,0.9956361750760527,0.0014322730360571136,-0.9927046231881624,2,2,0.256,930.0,0.8126536016352475,0.9712387698232933,-0.4212387698232932
86,86,categorical_soft,0,0,True,0.1401671634825094,0.0,0.8598328232765198,0.0,0.14016716182231903,1,-0.7196656614542007,0.3713659763336182,0.9889483094215393,-3.2809630632400513,-0.4796703726053238,0.3713659763336182,0.8031910123228562,0.01126098691173398,0.18554800076540992,0.8031910123228562,0.01126098691173398,0.18554800076540992,0.8031910123228562,0.01126098691173398,-0.6176430115574463,1,1,0.128,720.0,1.0018488429486752,0.99100729361372,-0.44100729361371993
87,87,categorical_soft,0,0,True,0.1579737808476096,0.0,0.8420262336730957,0.0,0.1579737812280655,1,-0.6840524524450302,0.29280547350645064,0.20491621419787406,-0.7548229813575744,-0.3073596566915512,0.29280547350645064,0.5040864325207233,0.19255491182172735,0.30335865565754927,0.5040864325207233,0.19255491182172735,0.30335865565754927,0.5040864325207233,0.19255491182172735,-0.200727776863174,1,1,0.128,440.0,0.5102233439683914,0.9324090586510734,-0.38240905865107333
88,88,categorical_soft,1,1,True,0.15601400032370472,0.0,0.0,0.8439859747886658,0.15601399540901184,2,-0.6879719793796539,0.41680487543344497,-1.6204037308692931,3.421050238609314,0.6020524561405182,0.41680487543344497,0.006142887094791416,0.9378622655862608,0.05599484731894786,0.006142887094791416,0.9378622655862608,0.05599484731894786,0.9378622655862608,0.006142887094791416,-0.881867418267313,2,2,0.064,920.0,0.6466557011008263,0.9379630827620945,-0.38796308276209446
89,89,categorical_soft,0,0,True,0.13867979422016208,0.0,0.8613201975822449,0.0,0.13867978751659393,1,-0.7226404100656509,0.39565988481044767,1.5008081555366517,-4.52997899055481,-0.9930460810661316,0.39565988481044767,0.9205557127942156,0.002216135305991288,0.07722815189979315,0.9205557127942156,0.002216135305991288,0.07722815189979315,0.9205557127942156,0.002216135305991288,-0.8433275608944224,1,1,0.512,550.0,1.1821235120296478,0.9969605032899925,-0.4469605032899925
90,90,categorical_soft,0,0,False,0.0,0.0,1.0,0.0,0.0,1,-1.0,0.5418826639652252,3.6630926847457888,-4.387610960006714,-5.016387891769409,0.5418826639652252,0.9995073288399775,0.0003197539548643797,0.00017291720515806385,0.9995073288399775,0.0003197539548643797,0.00017291720515806385,0.9995073288399775,0.0003197539548643797,-0.9993344116348194,1,1,0.512,880.0,1.2769555374979973,0.997160080993963,-0.447160080993963
91,91,categorical_soft,0,0,True,0.1385059640391194,0.0,0.8614940643310547,0.0,0.1385059654712677,1,-0.722988098859787,0.3912487030029297,2.4341443538665772,-7.947937250137329,-1.2047105431556702,0.3912487030029297,0.9739953444562082,3.0184421690351784e-05,0.025974471122101356,0.9739953444562082,3.0184421690351784e-05,0.025974471122101356,0.9739953444562082,3.0184421690351784e-05,-0.9480208733341068,1,1,0.512,1080.0,1.366443656384945,0.9976703801408602,-0.44767038014086014
92,92,categorical_soft,1,1,False,0.0,0.0,0.0,1.0,0.0,2,-1.0,0.5651845574378968,-0.17636726647615433,4.695818090438843,-2.422359991073608,0.5651845574378968,0.007606459210082751,0.9915604966016973,0.000833044188220115,0.007606459210082751,0.9915604966016973,0.000833044188220115,0.9915604966016973,0.007606459210082751,-0.9907274524134771,2,2,0.256,560.0,0.9402712360024452,0.9899754196958969,-0.4399754196958968
93,93,categorical_soft,0,0,False,0.0,0.0,1.0,0.0,0.0,1,-1.0,0.6228256672620773,3.0439295530319215,-3.9700366020202638,-3.834442663192749,0.6228256672620773,0.998062761493397,0.0008976255369949161,0.001039612969608132,0.998062761493397,0.0008976255369949161,0.001039612969608132,0.998062761493397,0.0008976255369949161,-0.9970231485237889,1,1,0.256,1010.0,0.89406618475914,0.9786080040410493,-0.42860800404104926
94,94,categorical_soft,0,0,False,0.0,0.0,1.0,0.0,0.0,1,-1.0,0.5779971212148667,1.818215823173523,0.8277103424072265,-3.6582763671875,0.5779971212148667,0.7268013372358364,0.27014910881524357,0.00304955394891994,0.7268013372358364,0.27014910881524357,0.00304955394891994,0.7268013372358364,0.27014910881524357,-0.7237517832869165,1,1,0.032,1190.0,0.02443823218345642,0.33922723566905744,0.2107727643309426
95,95,categorical_soft,1,1,False,0.0,0.0,0.0,1.0,0.0,2,-1.0,0.6145605891942978,-0.47374981343746186,3.526475763320923,-1.212870442867279,0.6145605891942978,0.017872402477117768,0.973472013815267,0.00865558370761504,0.017872402477117768,0.973472013815267,0.00865558370761504,0.973472013815267,0.017872402477117768,-0.9648164301076521,2,2,0.128,600.0,0.7799523025751114,0.9771726121679656,-0.42717261216796554
96,96,categorical_soft,1,1,False,0.0,0.0,0.0,1.0,0.0,2,-1.0,0.5124964207410813,-0.6798735082149505,3.782765102386475,-1.2909424424171447,0.5124964207410813,0.011383531862807394,0.9823301057380032,0.006286362399189498,0.011383531862807394,0.9823301057380032,0.006286362399189498,0.9823301057380032,0.011383531862807394,-0.9760437433388137,2,2,0.128,540.0,0.7702847868204117,0.9777200244845375,-0.4277200244845375
97,97,categorical_soft,0,0,False,0.0,0.0,1.0,0.0,0.0,1,-1.0,0.6588055580854416,2.7654173135757447,-1.493055784702301,-4.674039554595947,0.6588055580854416,0.9854564341388468,0.013957133192868749,0.000586432668284413,0.9854564341388468,0.013957133192868749,0.000586432668284413,0.9854564341388468,0.013957133192868749,-0.9848700014705624,1,1,0.128,850.0,0.8069951236248016,0.9730954313510861,-0.42309543135108607
98,98,categorical_soft,0,0,False,0.0,0.0,1.0,0.0,0.0,1,-1.0,0.7416137754917145,3.3939675807952883,-3.8067616701126097,-4.522107791900635,0.7416137754917145,0.9988806761758328,0.0007459935471264158,0.0003733302770408425,0.9988806761758328,0.0007459935471264158,0.0003733302770408425,0.9988806761758328,0.0007459935471264158,-0.9985073458987919,1,1,0.256,1130.0,0.940323144197464,0.980270773974937,-0.43027077397493696
99,99,categorical_soft,1,1,False,0.0,0.0,0.0,1.0,0.0,2,-1.0,0.633837702870369,-1.0448874592781068,4.091472434997558,-0.9890915334224701,0.633837702870369,0.005833443654038778,0.9878072789228103,0.006359277423150941,0.005833443654038778,0.9878072789228103,0.006359277423150941,0.9878072789228103,0.005833443654038778,-0.9814480014996594,2,2,0.256,770.0,0.8457882143557072,0.9796723792946275,-0.4296723792946274
100,100,categorical_soft,0,0,True,0.3376142361206555,0.0,0.6623857617378235,0.0,0.3376142382621765,1,-0.324771523475647,0.3292380005121231,-0.08044438194483519,-0.15823484361171722,0.08757184445858002,0.3292380005121231,0.3219911611225993,0.29753637413190537,0.38047246474549534,0.3219911611225993,0.29753637413190537,0.38047246474549534,0.3219911611225993,0.29753637413190537,0.05848130362289605,3,3,0.032,440.0,0.12880773842334747,0.6792309287486062,-0.1292309287486062
101,101,categorical_soft,0,0,False,0.0,0.0,1.0,0.0,0.0,1,-1.0,0.6557766109704971,2.6809528350830076,-2.098231053352356,-4.011593008041382,0.6557766109704971,0.9904282615178126,0.008329325206536342,0.0012424132756510104,0.9904282615178126,0.008329325206536342,0.0012424132756510104,0.9904282615178126,0.008329325206536342,-0.9891858482421616,1,1,0.128,830.0,0.830107644200325,0.9764743892344655,-0.42647438923446546
102,102,categorical_soft,1,1,False,0.0,0.0,0.0,1.0,0.0,2,-1.0,0.7078716695308686,-2.9247024297714233,7.531497049331665,-0.3358323432505131,0.7078716695308686,2.9401519409860617e-05,0.9995565320884415,0.00041406639214854274,2.9401519409860617e-05,0.9995565320884415,0.00041406639214854274,0.9995565320884415,2.9401519409860617e-05,-0.999142465696293,2,2,0.512,1170.0,0.895032768137753,0.9742936447438079,-0.4242936447438078
103,103,categorical_soft,0,0,False,0.0,0.0,1.0,0.0,0.0,1,-1.0,0.5557234138250351,1.7759275555610656,0.7755198299884796,-3.609066200256348,0.5557234138250351,0.7286683637582446,0.2679850472376665,0.003346589004088943,0.7286683637582446,0.2679850472376665,0.003346589004088943,0.7286683637582446,0.2679850472376665,-0.7253217747541557,1,1,0.0,1100.0,0.23338864743709564,0.6150104376710481,-0.06501043767104808
104,104,categorical_soft,1,1,True,0.4096164916586834,0.0,0.0,0.5903835296630859,0.40961650013923645,2,-0.1807670295238495,0.5743521302938461,0.5715864062309265,1.1330270409584045,-1.0407908320426942,0.5743521302938461,0.33884366202651467,0.5935776327437936,0.0675787052296917,0.33884366202651467,0.5935776327437936,0.0675787052296917,0.5935776327437936,0.33884366202651467,-0.5259989275141019,2,2,0.032,540.0,0.09940434992313385,0.618978002070126,-0.06897800207012594
105,105,categorical_soft,1,1,True,0.18887130337457675,0.0,0.0,0.8111286759376526,0.18887130916118622,2,-0.6222573667764664,0.4840986028313637,-1.3858364582061768,1.7406007170677185,0.6650224089622497,0.4840986028313637,0.03182353593268225,0.7216295609220179,0.24654690314529987,0.03182353593268225,0.7216295609220179,0.24654690314529987,0.7216295609220179,0.03182353593268225,-0.47508265777671804,2,2,0.064,550.0,0.3758755214512348,0.8619496191417857,-0.31194961914178565
106,106,categorical_soft,1,1,False,0.0,0.0,0.0,1.0,0.0,2,-1.0,0.48957068026065825,-0.3207230240106583,3.156447672843933,-1.174983596801758,0.48957068026065825,0.029600191595757663,0.9577332817388949,0.012666526665347514,0.029600191595757663,0.9577332817388949,0.012666526665347514,0.9577332817388949,0.029600191595757663,-0.9450667550735474,2,2,0.064,500.0,0.7896378748118877,0.9806371703308566,-0.4306371703308566
107,107,categorical_soft,0,0,False,0.0,0.0,1.0,0.0,0.0,1,-1.0,0.6599136024713517,2.717755150794983,-2.7875452041625977,-3.8896496295928955,0.6599136024713517,0.9945982223579299,0.004043903191394346,0.001357874450675593,0.9945982223579299,0.004043903191394346,0.001357874450675593,0.9945982223579299,0.004043903191394346,-0.9932403479072544,1,1,0.064,1090.0,0.6760236322879791,0.9343389584901522,-0.3843389584901522
108,108,categorical_soft,1,1,False,0.0,0.0,0.0,1.0,0.0,2,-1.0,0.6051732689142227,-0.7470793128013611,4.07279224395752,-1.3458994626998901,0.6051732689142227,0.00800711697418972,0.9874230636371832,0.004569819388626825,0.00800711697418972,0.9874230636371832,0.004569819388626825,0.9874230636371832,0.00800711697418972,-0.9828532442485565,2,2,0.512,420.0,0.9626827612519264,0.9923966606535153,-0.44239666065351524
109,109,categorical_soft,0,0,True,0.13903218305788395,0.0,0.8609678149223328,0.0,0.13903218507766724,1,-0.7219356298446655,0.5965507805347443,2.57701370716095,-4.36080322265625,-2.6451844215393066,0.5965507805347443,0.9933342564044594,0.0009652382933158652,0.005700505302224702,0.9933342564044594,0.0009652382933158652,0.005700505302224702,0.9933342564044594,0.0009652382933158652,-0.9876337511022347,1,1,0.256,1090.0,1.2358582559973001,0.9955306831056581,-0.445530683105658
110,110,categorical_soft,1,1,False,0.0,0.0,0.0,1.0,0.0,2,-1.0,0.4438281387090683,0.5440117985010147,2.3865360736846926,-1.864729607105255,0.4438281387090683,0.13514132683753546,0.8526277250681483,0.01223094809431617,0.13514132683753546,0.8526277250681483,0.01223094809431617,0.8526277250681483,0.13514132683753546,-0.8403967769738322,2,2,0.032,490.0,0.6406727135181427,0.9610210045554824,-0.4110210045554824
111,111,categorical_soft,1,1,False,0.0,0.0,0.0,1.0,0.0,2,-1.0,0.5317083925008774,0.039597177505493165,3.269316220283508,-1.875043559074402,0.5317083925008774,0.037860878930524575,0.9564387992630022,0.005700321806473187,0.037860878930524575,0.9564387992630022,0.005700321806473187,0.9564387992630022,0.037860878930524575,-0.9507384774565291,2,2,0.032,600.0,0.29688987880945206,0.7995060550026047,-0.2495060550026047
112,112,categorical_soft,1,1,True,0.1814254125808215,0.0,0.0,0.8185746073722839,0.18142540752887726,2,-0.6371491998434067,0.351821756362915,-1.0555703163146972,1.6139814019203187,0.5641289293766022,0.351821756362915,0.04904372179815804,0.7043918100050719,0.24656446819677003,0.04904372179815804,0.7043918100050719,0.24656446819677003,0.7043918100050719,0.04904372179815804,-0.45782734180830187,2,2,0.064,1090.0,0.5347029687836766,0.8766373137828818,-0.32663731378288174
113,113,categorical_soft,0,0,False,0.0,0.0,1.0,0.0,0.0,1,-1.0,0.7230193316936493,3.027572846412659,-0.4506180971860886,-5.570980834960937,0.7230193316936493,0.969828164246584,0.029992867149854812,0.00017896860356116142,0.969828164246584,0.029992867149854812,0.00017896860356116142,0.969828164246584,0.029992867149854812,-0.9696491956430229,1,1,0.128,740.0,0.859238401055336,0.9816118736481374,-0.43161187364813736
114,114,categorical_soft,0,0,True,0.1397140909595591,0.0,0.8602859377861023,0.0,0.1397140920162201,1,-0.7205718457698822,0.452808478474617,1.873361551761627,-3.411802864074707,-1.9554663181304932,0.452808478474617,0.9729289045865196,0.004933127833449014,0.022137967580031365,0.9729289045865196,0.004933127833449014,0.022137967580031365,0.9729289045865196,0.004933127833449014,-0.9507909370064882,1,1,0.128,1110.0,1.143107857555151,0.992798274687235,-0.442798274687235
115,115,categorical_soft,0,0,False,0.0,0.0,1.0,0.0,0.0,1,-1.0,0.6389282524585724,3.2551647424697876,-0.49684942066669463,-6.06068787574768,0.6389282524585724,0.9769622527618049,0.02294977878256025,8.796845563501662e-05,0.9769622527618049,0.02294977878256025,8.796845563501662e-05,0.9769622527618049,0.02294977878256025,-0.97687428430617,1,1,0.256,400.0,0.8786294907331467,0.9888229953165317,-0.4388229953165317
116,116,categorical_soft,0,0,True,0.13828874431963267,0.0,0.8617112636566162,0.0,0.13828875124454498,1,-0.7234225124120712,0.5557166755199432,2.0912097692489624,-3.6347205877304076,-2.0484437584877013,0.5557166755199432,0.980310119005402,0.0031966837058002976,0.01649319728879773,0.980310119005402,0.0031966837058002976,0.01649319728879773,0.980310119005402,0.0031966837058002976,-0.9638169217166043,1,1,0.512,690.0,1.3690884998068213,0.9985617374980715,-0.4485617374980715
117,117,categorical_soft,1,1,True,0.3776829839284971,0.0,0.0,0.6223170161247253,0.37768298387527466,2,-0.24463403224945068,0.3955243945121765,-0.24836342856287957,1.5121095538139344,-0.08109983056783676,0.3955243945121765,0.1252154944336346,0.7265163170930531,0.1482681884733123,0.1252154944336346,0.7265163170930531,0.1482681884733123,0.7265163170930531,0.1252154944336346,-0.5782481286197407,2,2,0.032,1090.0,0.25692538917064667,0.6447691894907673,-0.09476918949076729
118,118,categorical_soft,0,0,False,0.0,0.0,1.0,0.0,0.0,1,-1.0,0.7034402072429657,1.4316859722137452,1.8931447863578796,-3.0573378562927247,0.7034402072429657,0.3852341141639594,0.6103700112007899,0.004395874635250679,0.3852341141639594,0.6103700112007899,0.004395874635250679,0.3852341141639594,0.6103700112007899,-0.38083823952870877,2,2,0.0,530.0,0.14550048112869263,0.6734340588596291,-0.1234340588596291
119,119,categorical_soft,1,1,False,0.0,0.0,0.0,1.0,0.0,2,-1.0,0.543700996041298,0.6305621325969696,1.995166552066803,-1.6653609871864319,0.543700996041298,0.19939118375600512,0.7802837736154503,0.020325042628544652,0.19939118375600512,0.7802837736154503,0.020325042628544652,0.7802837736154503,0.19939118375600512,-0.7599587309869057,2,2,0.032,1020.0,0.7461745217442513,0.9562448127595157,-0.4062448127595156
120,120,categorical_soft,0,0,False,0.0,0.0,1.0,0.0,0.0,1,-1.0,0.6692733973264694,2.317862319946289,-0.558382374048233,-4.016760015487671,0.6692733973264694,0.9450400501051233,0.05328223135939406,0.0016777185354825922,0.9450400501051233,0.05328223135939406,0.0016777185354825922,0.9450400501051233,0.05328223135939406,-0.9433623315696407,1,1,0.064,1140.0,0.8811020478606224,0.9734726540334536,-0.4234726540334536
121,121,categorical_soft,1,1,False,0.0,0.0,0.0,1.0,0.0,2,-1.0,0.6328568190336228,1.0851351022720337,1.7073599696159363,-2.430287313461304,0.6328568190336228,0.3456831258157794,0.6439454981367012,0.010371376047519445,0.3456831258157794,0.6439454981367012,0.010371376047519445,0.6439454981367012,0.3456831258157794,-0.6335741220891817,2,2,0.032,1030.0,0.44420781126245856,0.8304270220552399,-0.28042702205523984
122,122,categorical_soft,0,0,False,0.0,0.0,1.0,0.0,0.0,1,-1.0,0.586057472229004,1.915198600292206,0.8039221167564392,-3.8952023506164553,0.586057472229004,0.7504959989267461,0.24724594410192463,0.002258056971329361,0.7504959989267461,0.24724594410192463,0.002258056971329361,0.7504959989267461,0.24724594410192463,-0.7482379419554167,1,1,0.032,770.0,0.5590284466743469,0.921742720182926,-0.371742720182926
123,123,categorical_soft,1,1,False,0.0,0.0,0.0,1.0,0.0,2,-1.0,0.648389357328415,0.8082211136817932,4.062796401977539,-3.0757606983184815,0.648389357328415,0.03717212811080109,0.9620518290258147,0.0007760428633841732,0.03717212811080109,0.9620518290258147,0.0007760428633841732,0.9620518290258147,0.03717212811080109,-0.9612757861624305,2,2,0.064,970.0,0.8382994756102562,0.9733338173655368,-0.42333381736553677
124,124,categorical_soft,1,1,False,0.0,0.0,0.0,1.0,0.0,2,-1.0,0.5272584706544876,0.4528506129980087,3.3796043157577516,-2.2394667625427247,0.5272584706544876,0.05070527281922662,0.9458033350028229,0.0034913921779506016,0.05070527281922662,0.9458033350028229,0.0034913921779506016,0.9458033350028229,0.05070527281922662,-0.9423119428248723,2,2,0.064,900.0,0.7135881632566452,0.9555940568279244,-0.4055940568279244
125,125,categorical_soft,1,1,True,0.5794127886650615,0.0,0.0,0.4205872118473053,0.5794128179550171,3,0.1588256061077118,0.46005498468875883,-0.12570369243621826,-0.0945215329527855,0.10718236118555069,0.46005498468875883,0.30347610423815075,0.31350185701714034,0.3830220387447089,0.30347610423815075,0.31350185701714034,0.3830220387447089,0.31350185701714034,0.30347610423815075,0.06952018172756858,3,3,0.0,630.0,0.014298170804977417,0.489638852732902,0.06036114726709807
126,126,categorical_soft,0,0,False,0.0,0.0,1.0,0.0,0.0,1,-1.0,0.639552503824234,2.87690908908844,0.18846359401941298,-5.4349589347839355,0.639552503824234,0.9361068531176995,0.06366264435003502,0.0002305025322654292,0.9361068531176995,0.06366264435003502,0.0002305025322654292,0.9361068531176995,0.06366264435003502,-0.9358763505854341,1,1,0.064,710.0,0.7786474227905273,0.9738569134677411,-0.423856913467741
127,127,categorical_soft,1,1,True,0.14917704361324657,0.0,0.0,0.8508229851722717,0.14917704463005066,2,-0.7016459405422211,0.4696903884410858,-2.208806371688843,3.138289546966553,1.2570921301841735,0.4696903884410858,0.00420665836887823,0.8640839681878886,0.13170937344323316,0.00420665836887823,0.8640839681878886,0.13170937344323316,0.8640839681878886,0.00420665836887823,-0.7323745947446554,2,2,0.256,800.0,0.7053017374128103,0.9588614438144833,-0.4088614438144833
128,128,categorical_soft,0,0,False,0.0,0.0,1.0,0.0,0.0,1,-1.0,0.5845203399658203,3.015904402732849,-2.7599798679351806,-4.5041179180145265,0.5845203399658203,0.9963650825770403,0.003092885926863068,0.0005420314960966633,0.9963650825770403,0.003092885926863068,0.0005420314960966633,0.9963650825770403,0.003092885926863068,-0.9958230510809436,1,1,0.256,810.0,0.9328049719333649,0.9859995425646517,-0.4359995425646517
129,129,categorical_soft,1,1,False,0.0,0.0,0.0,1.0,0.0,2,-1.0,0.5318310022354126,0.5908386588096619,2.6061540842056274,-2.1050096988677978,0.5318310022354126,0.11669756890726546,0.8753769080521592,0.007925523040575295,0.11669756890726546,0.8753769080521592,0.007925523040575295,0.8753769080521592,0.11669756890726546,-0.8674513850115839,2,2,0.0,740.0,0.4401589300541673,0.8719570289551434,-0.32195702895514333
130,130,categorical_soft,0,0,True,0.13932300532074077,0.0,0.8606770038604736,0.0,0.13932301104068756,1,-0.7213539928197861,0.3932489141821861,1.5508496046066285,-4.392627239227295,-1.128907287120819,0.3932489141821861,0.9322514931154515,0.0024503573372473596,0.06529814954730127,0.9322514931154515,0.0024503573372473596,0.06529814954730127,0.9322514931154515,0.0024503573372473596,-0.8669533435681502,1,1,0.256,760.0,1.1072956509888172,0.9943598641772323,-0.4443598641772323
131,131,categorical_soft,1,1,True,0.26710387641292066,0.0,0.0,0.7328961491584778,0.2671038806438446,2,-0.4657922685146332,0.44430000334978104,-0.09763863794505596,-0.23943232893943786,0.04459769129753113,0.44430000334978104,0.33117668640674924,0.2874783267699673,0.38134498682328355,0.33117668640674924,0.2874783267699673,0.38134498682328355,0.2874783267699673,0.33117668640674924,0.09386666005331623,3,3,0.0,450.0,0.20189611613750458,0.7497536010137897,-0.1997536010137897
132,132,categorical_soft,1,1,True,0.1942978501231068,0.0,0.0,0.8057021498680115,0.19429785013198853,2,-0.611404299736023,0.43048839271068573,-0.0967460410669446,0.9981077373027801,-0.13841105848550797,0.43048839271068573,0.20225802256990838,0.6035579563920151,0.19418402103807647,0.20225802256990838,0.6035579563920151,0.19418402103807647,0.6035579563920151,0.20225802256990838,-0.4093739353539387,2,2,0.0,450.0,0.33466777577996254,0.8519102310008333,-0.30191023100083325
133,133,categorical_soft,1,1,True,0.1479900162383735,0.0,0.0,0.8520100116729736,0.14799001812934875,2,-0.7040199935436249,0.4956506475806236,-2.6820690631866455,4.085465741157532,1.4703320622444154,0.4956506475806236,0.0010845155337758944,0.9307414355739105,0.06817404889231354,0.0010845155337758944,0.9307414355739105,0.06817404889231354,0.9307414355739105,0.0010845155337758944,-0.862567386681597,2,2,0.256,1060.0,0.7902041841298342,0.9627634908850646,-0.4127634908850646
134,134,categorical_soft,1,1,False,0.0,0.0,0.0,1.0,0.0,2,-1.0,0.4988532602787018,-0.7170084476470947,4.217772436141968,-1.3408948540687562,0.4988532602787018,0.00717908078534067,0.9889011670201345,0.003919752194524733,0.00717908078534067,0.9889011670201345,0.003919752194524733,0.9889011670201345,0.00717908078534067,-0.9849814148256097,2,2,0.512,420.0,0.9185963869094849,0.9905750027375144,-0.4405750027375144
135,135,categorical_soft,1,1,False,0.0,0.0,0.0,1.0,0.0,2,-1.0,0.497680202126503,-0.4515063464641571,4.108949995040893,-1.587248718738556,0.497680202126503,0.01031836537097466,0.9863254030662654,0.003356231562759862,0.01031836537097466,0.9863254030662654,0.003356231562759862,0.9863254030662654,0.01031836537097466,-0.9829691715035055,2,2,0.128,550.0,0.8471453636884689,0.9844363066557632,-0.43443630665576316
136,136,categorical_soft,1,1,False,0.0,0.0,0.0,1.0,0.0,2,-1.0,0.490181727707386,-0.23642715513706208,3.8137928247451782,-1.766055178642273,0.490181727707386,0.017081211757255167,0.9791675501676357,0.003751238075108997,0.017081211757255167,0.9791675501676357,0.003751238075108997,0.9791675501676357,0.017081211757255167,-0.9754163120925267,2,2,0.064,710.0,0.8296653404831886,0.9795348113878266,-0.42953481138782657
137,137,categorical_soft,1,1,False,0.0,0.0,0.0,1.0,0.0,2,-1.0,0.5841085761785507,-1.953576123714447,5.42218337059021,-0.547163438796997,0.5841085761785507,0.0006308990178218467,0.9966789279961648,0.002690172986013455,0.0006308990178218467,0.9966789279961648,0.002690172986013455,0.9966789279961648,0.0006308990178218467,-0.9939887550101513,2,2,0.256,1170.0,0.9370100349187851,0.9789839075363657,-0.4289839075363656
138,138,categorical_soft,0,0,False,0.0,0.0,1.0,0.0,0.0,1,-1.0,0.7098101168870926,2.9536641120910643,-1.1918712854385376,-4.930887699127197,0.7098101168870926,0.9840425280545617,0.015583641060463482,0.00037383088497466567,0.9840425280545617,0.015583641060463482,0.00037383088497466567,0.9840425280545617,0.015583641060463482,-0.983668697169587,1,1,0.256,520.0,0.7035814672708511,0.9700524971125286,-0.42005249711252857
139,139,categorical_soft,0,0,True,0.5633984061695912,0.0,0.43660157918930054,0.0,0.5633984208106995,3,0.12679684162139893,0.4885177880525589,-0.4408786356449127,0.5786191284656524,0.29360540509223937,0.4885177880525589,0.17092806871707472,0.4732694890718398,0.3558024422110854,0.17092806871707472,0.4732694890718398,0.3558024422110854,0.17092806871707472,0.4732694890718398,0.1848743734940107,2,2,0.032,550.0,0.004771977663040161,0.5020469266401053,0.04795307335989474
140,140,categorical_soft,0,0,True,0.20074126903059886,0.0,0.7992587089538574,0.0,0.20074127614498138,1,-0.598517432808876,0.36324307769536973,0.9798632979393005,-2.0414992570877075,-0.9238950252532959,0.36324307769536973,0.8331122741658609,0.040744425007897135,0.12614330082624198,0.8331122741658609,0.040744425007897135,0.12614330082624198,0.8331122741658609,0.040744425007897135,-0.706968973339619,1,1,0.032,910.0,0.42986413836479187,0.8406197921304861,-0.29061979213048605
141,141,categorical_soft,0,0,True,0.13822393699639696,0.0,0.8617760539054871,0.0,0.13822393119335175,1,-0.7235521227121353,0.4914649039506912,2.5353096961975097,-4.833135986328125,-2.4514153003692627,0.4914649039506912,0.9921385814669843,0.0006263204674040199,0.007235098065611643,0.9921385814669843,0.0006263204674040199,0.007235098065611643,0.9921385814669843,0.0006263204674040199,-0.9849034834013727,1,1,0.256,1090.0,1.5090577974915504,0.9988286034420863,-0.4488286034420863
142,142,categorical_soft,0,0,True,0.1386426140440054,0.0,0.8613573908805847,0.0,0.13864260911941528,1,-0.7227147817611694,0.526634207367897,1.816175603866577,-3.004096174240112,-1.9679686903953553,0.526634207367897,0.9693807507275995,0.007831678059361285,0.02278757121303949,0.9693807507275995,0.007831678059361285,0.02278757121303949,0.9693807507275995,0.007831678059361285,-0.94659317951456,1,1,0.512,520.0,1.1852051876485348,0.9971120824108168,-0.4471120824108168
143,143,categorical_soft,1,1,False,0.0,0.0,0.0,1.0,0.0,2,-1.0,0.6070645481348038,-0.292283496260643,4.6062390327453615,-2.1742554187774656,0.6070645481348038,0.007417385181366529,0.991425843271512,0.0011567715471215482,0.007417385181366529,0.991425843271512,0.0011567715471215482,0.991425843271512,0.007417385181366529,-0.9902690717243904,2,2,0.128,820.0,0.8714949004352093,0.9809465115266203,-0.4309465115266202
144,144,categorical_soft,0,0,True,0.6047506896738587,0.0,0.39524930715560913,0.0,0.6047506928443909,3,0.20950138568878174,0.39476845413446426,0.026937154494225977,-0.10561925321817398,-0.00981690064072609,0.39476845413446426,0.35240112582613825,0.30819484482515536,0.3394040293487064,0.35240112582613825,0.30819484482515536,0.3394040293487064,0.35240112582613825,0.30819484482515536,-0.012997096477431858,1,1,0.0,930.0,0.0715331882238388,0.46956332434263837,0.08043667565736168
145,145,categorical_soft,0,0,False,0.0,0.0,1.0,0.0,0.0,1,-1.0,0.597026926279068,0.6482391655445099,1.6486762404441833,-1.7452264070510863,0.597026926279068,0.2624245457094681,0.7134243218813455,0.02415113240918641,0.2624245457094681,0.7134243218813455,0.02415113240918641,0.2624245457094681,0.7134243218813455,-0.2382734133002817,2,2,0.0,720.0,0.18114810436964035,0.6614705638313395,-0.11147056383133946
146,146,categorical_soft,1,1,True,0.1519203241885233,0.0,0.0,0.8480796813964844,0.15192031860351562,2,-0.6961593627929688,0.4061932772397995,-0.5618677318096161,0.7357878625392914,0.2331506848335266,0.4061932772397995,0.14566131649086547,0.5323032406995845,0.3220354428095501,0.14566131649086547,0.5323032406995845,0.3220354428095501,0.5323032406995845,0.14566131649086547,-0.21026779789003436,2,2,0.032,760.0,0.654623880982399,0.9501698761583731,-0.4001698761583731
147,147,categorical_soft,0,0,True,0.14111425726669852,0.0,0.8588857650756836,0.0,0.1411142498254776,1,-0.717771515250206,0.6909100890159607,1.7744218468666078,-0.39549235701560975,-2.6176414489746094,0.6909100890159607,0.8873107789207797,0.10139245662913121,0.01129676445008902,0.8873107789207797,0.10139245662913121,0.01129676445008902,0.8873107789207797,0.10139245662913121,-0.8760140144706907,1,1,0.064,550.0,0.8895179703831673,0.9873244413996682,-0.4373244413996682
148,148,categorical_soft,0,0,False,0.0,0.0,1.0,0.0,0.0,1,-1.0,0.6675953686237335,2.885056233406067,-1.8411905884742736,-4.7970862865448,0.6675953686237335,0.9907469823751756,0.008787148013005935,0.00046586961181867975,0.9907469823751756,0.008787148013005935,0.00046586961181867975,0.9907469823751756,0.008787148013005935,-0.9902811127633568,1,1,0.256,640.0,0.9410156607627869,0.989011461538332,-0.4390114615383319
149,149,categorical_soft,1,1,False,0.0,0.0,0.0,1.0,0.0,2,-1.0,0.7423403471708298,-3.0977736473083497,5.918215084075928,0.677742725610733,0.7423403471708298,0.0001230758643598569,0.994196954488125,0.005679969647515241,0.0001230758643598569,0.994196954488125,0.005679969647515241,0.994196954488125,0.0001230758643598569,-0.9885169848406097,2,2,0.512,1010.0,0.884843185544014,0.9776384682656628,-0.42763846826566276
150,150,categorical_soft,1,1,True,0.2515553254723077,0.0,0.0,0.748444676399231,0.25155532360076904,2,-0.4968893527984619,0.3701481521129608,0.09345551938749849,-0.09157575517892838,-0.35267439782619475,0.3701481521129608,0.4046910260043802,0.33591976345136043,0.25938921054425934,0.4046910260043802,0.33591976345136043,0.25938921054425934,0.33591976345136043,0.4046910260043802,-0.07653055290710109,1,1,0.0,1140.0,0.39154666662216187,0.76804389163125,-0.21804389163124993
151,151,categorical_soft,1,1,True,0.16508592190326005,0.0,0.0,0.8349140882492065,0.16508592665195465,2,-0.6698281615972519,0.41108486652374265,-1.3027825593948363,1.5762538194656373,0.6831678509712219,0.41108486652374265,0.0385412117818115,0.6821252424774412,0.27933354574074726,0.0385412117818115,0.6821252424774412,0.27933354574074726,0.6821252424774412,0.0385412117818115,-0.40279169673669396,2,2,0.064,450.0,0.4585789884440601,0.9136067979112812,-0.36360679791128114
152,152,categorical_soft,0,0,True,0.13982705296845277,0.0,0.8601729273796082,0.0,0.13982705771923065,1,-0.7203458696603775,0.3394804999232292,1.2495217204093934,-3.7500415325164793,-0.6391834139823913,0.3394804999232292,0.8628830685049447,0.005818442194405485,0.1312984893006498,0.8628830685049447,0.005818442194405485,0.1312984893006498,0.8628830685049447,0.005818442194405485,-0.7315845792042949,1,1,0.256,680.0,1.0252197608351707,0.9923499347600208,-0.4423499347600207
153,153,categorical_soft,1,1,False,0.0,0.0,0.0,1.0,0.0,2,-1.0,0.5168852090835572,-0.3216302961111069,4.334938049316406,-1.9502958178520202,0.5168852090835572,0.009414237957559635,0.9886903793434406,0.0018953826989996224,0.009414237957559635,0.9886903793434406,0.0018953826989996224,0.9886903793434406,0.009414237957559635,-0.986794996644441,2,2,0.128,570.0,0.8900863528251648,0.9870548531058613,-0.43705485310586123
154,154,categorical_soft,1,1,True,0.38718682720448966,0.0,0.0,0.6128131747245789,0.38718682527542114,2,-0.22562634944915771,0.4237131401896477,-0.13372778203338384,0.376317697763443,-0.12072362899780273,0.4237131401896477,0.27232944699628553,0.4524191038249004,0.275251449178814,0.27232944699628553,0.4524191038249004,0.275251449178814,0.4524191038249004,0.27232944699628553,-0.17716765464608641,2,2,0.0,420.0,0.08563469350337982,0.6369667935119121,-0.08696679351191205
155,155,categorical_soft,1,1,True,0.6919414839182145,0.0,0.0,0.3080585300922394,0.691941499710083,3,0.38388296961784363,0.4017326757311821,0.07038114909082652,0.000434710830450058,-0.17247360870242118,0.4017326757311821,0.36861630732749057,0.3425866975117922,0.28879699516071716,0.36861630732749057,0.3425866975117922,0.28879699516071716,0.3425866975117922,0.36861630732749057,-0.05378970235107505,1,1,0.0,1110.0,0.05216918885707855,0.3931617373280032,0.15683826267199685
156,156,categorical_soft,1,1,False,0.0,0.0,0.0,1.0,0.0,2,-1.0,0.5521376520395279,-0.9908536016941071,5.815782070159912,-1.955754578113556,0.5521376520395279,0.0011157327737939644,0.9984343497182706,0.0004499175079355546,0.0011157327737939644,0.9984343497182706,0.0004499175079355546,0.9984343497182706,0.0011157327737939644,-0.9979844322103351,2,2,0.512,620.0,1.0369794890284538,0.9932770033740341,-0.4432770033740341
157,157,categorical_soft,0,0,True,0.14246930285070097,0.0,0.8575307130813599,0.0,0.14246930181980133,1,-0.7150614112615585,0.4333054929971695,2.025148665904999,-6.820717811584473,-0.6752703189849854,0.4333054929971695,0.9366634691455964,0.0001349495931824991,0.06320158126122107,0.9366634691455964,0.0001349495931824991,0.06320158126122107,0.9366634691455964,0.0001349495931824991,-0.8734618878843753,1,1,0.256,1190.0,0.9762993305921555,0.9821923797642307,-0.43219237976423064
158,158,categorical_soft,0,0,False,0.0,0.0,1.0,0.0,0.0,1,-1.0,0.6551475554704667,2.3708847761154175,1.079739785194397,-4.704858589172363,0.6551475554704667,0.7837462585429138,0.21558724820780695,0.00066649324927936,0.7837462585429138,0.21558724820780695,0.00066649324927936,0.7837462585429138,0.21558724820780695,-0.7830797652936344,1,1,0.032,970.0,0.5593879073858261,0.9026409468277098,-0.35264094682770974
159,159,categorical_soft,0,0,True,0.2248344800933998,0.0,0.7751654982566833,0.0,0.22483448684215546,1,-0.5503310114145279,0.44058908373117445,1.0921080768108369,-1.8310235500335694,-1.104964816570282,0.44058908373117445,0.8573434143350459,0.04620574633894187,0.09645083932601216,0.8573434143350459,0.04620574633894187,0.09645083932601216,0.8573434143350459,0.04620574633894187,-0.7608925750090337,1,1,0.064,1100.0,0.4242866486310959,0.8031953762369244,-0.25319537623692434
160,160,categorical_soft,0,0,True,0.22324250122744782,0.0,0.7767574787139893,0.0,0.22324250638484955,1,-0.5535149723291397,0.3807356670498848,-0.005033017322421074,-0.22198513448238372,0.019281478226184846,0.3807356670498848,0.35375448507040974,0.2842073414229803,0.36203817350661,0.35375448507040974,0.2842073414229803,0.36203817350661,0.35375448507040974,0.2842073414229803,0.008283688436200254,3,3,0.0,570.0,0.29719260334968567,0.8054738559841625,-0.2554738559841625
161,161,categorical_soft,0,0,False,0.0,0.0,1.0,0.0,0.0,1,-1.0,0.727842265367508,3.094013476371765,-4.139452075958252,-3.9741950035095215,0.727842265367508,0.9984272535808865,0.0007217321875465346,0.0008510142315669067,0.9984272535808865,0.0007217321875465346,0.0008510142315669067,0.9984272535808865,0.0007217321875465346,-0.9975762393493196,1,1,0.256,1120.0,0.8825294226408005,0.9742646649939778,-0.42426466499397775
162,162,categorical_soft,0,0,False,0.0,0.0,1.0,0.0,0.0,1,-1.0,0.6805328398942947,2.7276281833648683,-0.6827506363391876,-4.866137504577637,0.6805328398942947,0.9675301977436638,0.031982462803584154,0.00048733945275206933,0.9675301977436638,0.031982462803584154,0.00048733945275206933,0.9675301977436638,0.031982462803584154,-0.9670428582909117,1,1,0.064,1170.0,0.6937208026647568,0.9337542971450663,-0.38375429714506626
163,163,categorical_soft,0,0,False,0.0,0.0,1.0,0.0,0.0,1,-1.0,0.6387882471084595,3.0544445514678955,-1.8509048700332642,-4.934711933135986,0.6387882471084595,0.9923006270296751,0.007354790393185662,0.0003445825771392197,0.9923006270296751,0.007354790393185662,0.0003445825771392197,0.9923006270296751,0.007354790393185662,-0.9919560444525359,1,1,0.512,420.0,1.0640278086066246,0.9953650626985455,-0.4453650626985455
164,164,categorical_soft,1,1,True,0.17329589949797325,0.0,0.0,0.8267040848731995,0.17329590022563934,2,-0.6534081846475601,0.4535110265016556,-1.598076617717743,2.3490015506744384,0.7814678072929382,0.4535110265016556,0.015987838676029313,0.8141824822409468,0.16982967908302385,0.015987838676029313,0.8141824822409468,0.16982967908302385,0.8141824822409468,0.015987838676029313,-0.644352803157923,2,2,0.128,630.0,0.45692120492458344,0.8941022071415985,-0.34410220714159845
165,165,categorical_soft,0,0,False,0.0,0.0,1.0,0.0,0.0,1,-1.0,0.6436093926429749,0.6053884506225586,1.696989941596985,-1.7862947583198547,0.6436093926429749,0.24573727825525005,0.7317572883210646,0.02250543342368527,0.24573727825525005,0.7317572883210646,0.02250543342368527,0.24573727825525005,0.7317572883210646,-0.22323184483156477,2,2,0.032,450.0,0.3405662328004837,0.8555293667070335,-0.30552936670703346
166,166,categorical_soft,1,1,False,0.0,0.0,0.0,1.0,0.0,2,-1.0,0.6776963323354721,0.629790335893631,1.0726142883300782,-1.572776484489441,0.6776963323354721,0.37473125123058726,0.5834972724783613,0.04177147629105154,0.37473125123058726,0.5834972724783613,0.04177147629105154,0.5834972724783613,0.37473125123058726,-0.5417257961873098,2,2,0.0,790.0,0.5542556680738926,0.918242385703389,-0.36824238570338896
167,167,categorical_soft,0,0,False,0.0,0.0,1.0,0.0,0.0,1,-1.0,0.7304275095462799,3.5460718870162964,-5.388077068328857,-4.242429542541504,0.7304275095462799,0.9994522587999348,0.000132284475493851,0.0004154567245713791,0.9994522587999348,0.000132284475493851,0.0004154567245713791,0.9994522587999348,0.000132284475493851,-0.9990368020753635,1,1,0.512,960.0,1.1586555764079094,0.9944225634819186,-0.44442256348191855
168,168,categorical_soft,0,0,True,0.13808275097120648,0.0,0.86191725730896,0.0,0.13808275759220123,1,-0.7238344997167587,0.5130046278238296,3.1393704175949098,-6.583079290390015,-2.9473484992980956,0.5130046278238296,0.997544323440341,5.98312327579897e-05,0.002395845326900933,0.997544323440341,5.98312327579897e-05,0.002395845326900933,0.997544323440341,5.98312327579897e-05,-0.9951484781134401,1,1,0.512,1150.0,1.6639904230833054,0.9994114755264566,-0.44941147552645655
169,169,categorical_soft,1,1,False,0.0,0.0,0.0,1.0,0.0,2,-1.0,0.6691191047430038,-1.7109658360481261,4.826916933059692,-0.4651519745588303,0.6691191047430038,0.0014485215520131057,0.9934640153200608,0.005087463127926127,0.0014485215520131057,0.9934640153200608,0.005087463127926127,0.9934640153200608,0.0014485215520131057,-0.9883765521921347,2,2,0.512,630.0,0.9054725877940655,0.987096515143741,-0.4370965151437409
170,170,categorical_soft,1,1,True,0.15469499962109745,0.0,0.0,0.8453050255775452,0.15469500422477722,2,-0.6906100213527679,0.5015101820230484,-1.8532312154769897,2.3276246309280397,0.9275754213333129,0.5015101820230484,0.012191784954234737,0.7923644143654788,0.19544380068028638,0.012191784954234737,0.7923644143654788,0.19544380068028638,0.7923644143654788,0.012191784954234737,-0.5969206136851923,2,2,0.512,400.0,0.5329052275046706,0.941803186065585,-0.39180318606558495
171,171,categorical_soft,1,1,True,0.15684755429634534,0.0,0.0,0.8431524634361267,0.15684755146503448,2,-0.6863049119710922,0.2622148174792528,-1.9478030681610108,2.896652269363403,1.0201642751693725,0.2622148174792528,0.0068194564626869155,0.8612168664955296,0.13196367704178338,0.0068194564626869155,0.8612168664955296,0.13196367704178338,0.8612168664955296,0.0068194564626869155,-0.7292531894537463,2,2,0.128,750.0,0.5967523828148842,0.9355792000910905,-0.3855792000910905
172,172,categorical_soft,0,0,False,0.0,0.0,1.0,0.0,0.0,1,-1.0,0.6701611697673797,2.4216212749481203,-0.008614727854728698,-4.636127567291259,0.6701611697673797,0.9183483136258717,0.08085909946128614,0.0007925869128423373,0.9183483136258717,0.08085909946128614,0.0007925869128423373,0.9183483136258717,0.08085909946128614,-0.9175557267130293,1,1,0.064,1000.0,0.7131521999835968,0.9500865290201956,-0.4000865290201956
173,173,categorical_soft,1,1,False,0.0,0.0,0.0,1.0,0.0,2,-1.0,0.7775757253170014,-1.8582978963851928,5.2198224544525145,-0.6219502866268158,0.7775757253170014,0.0008533073388134343,0.9961139614024226,0.003032731258763929,0.0008533073388134343,0.9961139614024226,0.003032731258763929,0.9961139614024226,0.0008533073388134343,-0.9930812301436587,2,2,0.512,710.0,0.926895696669817,0.9872083280702392,-0.4372083280702391
174,174,categorical_soft,1,1,False,0.0,0.0,0.0,1.0,0.0,2,-1.0,0.5908375203609466,-0.5117201149463654,2.9043250560760496,-0.901083791255951,0.5908375203609466,0.031108933897433234,0.9469295801304358,0.021961485972131135,0.031108933897433234,0.9469295801304358,0.021961485972131135,0.9469295801304358,0.031108933897433234,-0.9249680941583047,2,2,0.128,510.0,0.8757945969700813,0.9870818102457184,-0.43708181024571835
175,175,categorical_soft,1,1,False,0.0,0.0,0.0,1.0,0.0,2,-1.0,0.6538470268249512,0.9768669784069062,1.3787306904792787,-2.3231737852096557,0.6538470268249512,0.39511812909169797,0.5902426068385294,0.014639264069772617,0.39511812909169797,0.5902426068385294,0.014639264069772617,0.5902426068385294,0.39511812909169797,-0.5756033427687568,2,2,0.032,420.0,0.14259213209152222,0.6989029943655043,-0.14890299436550425
176,176,categorical_soft,0,0,False,0.0,0.0,1.0,0.0,0.0,1,-1.0,0.6801184892654419,2.784575319290161,-1.2887134194374084,-4.626120090484619,0.6801184892654419,0.9826626833719354,0.016735576675310823,0.0006017399527538765,0.9826626833719354,0.016735576675310823,0.0006017399527538765,0.9826626833719354,0.016735576675310823,-0.9820609434191815,1,1,0.512,430.0,0.9890631213784218,0.993234279246882,-0.44323427924688197
177,177,categorical_soft,0,0,True,0.14220901230710697,0.0,0.857791006565094,0.0,0.1422090083360672,1,-0.7155819982290268,0.47513758540153506,1.5255678057670594,-2.707364010810852,-1.6237608075141907,0.47513758540153506,0.9447366864503923,0.013713495333081166,0.04154981821652664,0.9447366864503923,0.013713495333081166,0.04154981821652664,0.9447366864503923,0.013713495333081166,-0.9031868682338657,1,1,0.128,680.0,0.8628118187189102,0.9831660768651947,-0.4331660768651947
178,178,categorical_soft,1,1,False,0.0,0.0,0.0,1.0,0.0,2,-1.0,0.6710026293992997,-3.3880143642425535,7.1462115287780765,0.32865592241287234,0.6710026293992997,2.7274615874156734e-05,0.9988000472808215,0.0011726781033041477,2.7274615874156734e-05,0.9988000472808215,0.0011726781033041477,0.9988000472808215,2.7274615874156734e-05,-0.9976273691775174,2,2,0.512,1100.0,0.9082893161103129,0.9777844890366508,-0.4277844890366508
179,179,categorical_soft,0,0,True,0.2096389923333335,0.0,0.7903609871864319,0.0,0.20963899791240692,1,-0.580721989274025,0.40321411192417145,0.010754407197237015,0.3327349960803986,-0.22319797426462173,0.40321411192417145,0.3157086211780495,0.4340030200487462,0.2502883587732043,0.3157086211780495,0.4340030200487462,0.2502883587732043,0.3157086211780495,0.4340030200487462,-0.06542026240484516,2,2,0.0,530.0,0.31519949436187744,0.826003236936907,-0.276003236936907
180,180,categorical_soft,0,0,False,0.0,0.0,1.0,0.0,0.0,1,-1.0,0.7090422123670578,2.681396245956421,0.8101894080638885,-5.425192642211914,0.7090422123670578,0.8660843331432861,0.13365263279351766,0.0002630340631961227,0.8660843331432861,0.13365263279351766,0.0002630340631961227,0.8660843331432861,0.13365263279351766,-0.86582129908009,1,1,0.032,660.0,0.8083652555942535,0.9786259904641058,-0.42862599046410577
181,181,categorical_soft,1,1,True,0.14796051642241764,0.0,0.0,0.8520394563674927,0.14796051383018494,2,-0.7040789425373077,0.5034920766949653,-1.976072335243225,3.1410032510757446,0.9973806798458099,0.5034920766949653,0.00537613986034212,0.8896233039663233,0.10500055617333455,0.00537613986034212,0.8896233039663233,0.10500055617333455,0.8896233039663233,0.00537613986034212,-0.7846227477929887,2,2,0.256,780.0,0.7220612280070782,0.9628616094181124,-0.41286160941811234
182,182,categorical_soft,1,1,False,0.0,0.0,0.0,1.0,0.0,2,-1.0,0.5614241927862167,0.9808209180831909,1.8234752655029296,-2.4328339099884033,0.5614241927862167,0.2980557806563931,0.6921079971141332,0.009836222229473772,0.2980557806563931,0.6921079971141332,0.009836222229473772,0.6921079971141332,0.2980557806563931,-0.6822717748846594,2,2,0.0,620.0,0.32470835000276566,0.8169446782905361,-0.26694467829053603
183,183,categorical_soft,1,1,False,0.0,0.0,0.0,1.0,0.0,2,-1.0,0.5297160923480988,-1.076036238670349,4.202286553382874,-1.0121174097061156,0.5297160923480988,0.005115306474011688,0.9892301622386996,0.00565453128728866,0.005115306474011688,0.9892301622386996,0.00565453128728866,0.9892301622386996,0.005115306474011688,-0.983575630951411,2,2,0.512,440.0,0.9864633828401566,0.9930653685045051,-0.44306536850450506
184,184,categorical_soft,0,0,True,0.14023177311416907,0.0,0.8597682118415833,0.0,0.14023177325725555,1,-0.7195364385843277,0.42047885060310364,1.3595442056655884,-2.751649808883667,-1.3293256163597107,0.42047885060310364,0.9208508290770897,0.015103925012377983,0.06404524591053232,0.9208508290770897,0.015103925012377983,0.06404524591053232,0.9208508290770897,0.015103925012377983,-0.8568055831665574,1,1,0.064,1040.0,1.0746464524418116,0.9907534544092869,-0.4407534544092868
185,185,categorical_soft,0,0,False,0.0,0.0,1.0,0.0,0.0,1,-1.0,0.6737913757562637,3.3059112787246705,-1.4574394464492797,-5.633986377716065,0.6737913757562637,0.9913838601675813,0.008484833035717482,0.00013130679670110833,0.9913838601675813,0.008484833035717482,0.00013130679670110833,0.9913838601675813,0.008484833035717482,-0.9912525533708801,1,1,0.256,690.0,0.824377030134201,0.9794972389177028,-0.42949723891770275
186,186,categorical_soft,1,1,False,0.0,0.0,0.0,1.0,0.0,2,-1.0,0.44155528843402864,-0.26228768825531007,4.3025576114654545,-1.9817493081092834,0.44155528843402864,0.010335479397065037,0.9877952501143243,0.0018692704886106221,0.010335479397065037,0.9877952501143243,0.0018692704886106221,0.9877952501143243,0.010335479397065037,-0.9859259796257137,2,2,0.064,780.0,0.8256258368492126,0.9773373939606169,-0.4273373939606169
187,187,categorical_soft,0,0,True,0.14698093772251564,0.0,0.8530190587043762,0.0,0.14698094129562378,1,-0.7060381174087524,0.5066012889146805,1.575547420978546,-2.6453010559082033,-1.6549584865570068,0.5066012889146805,0.947282641944604,0.013942142252692987,0.0387752158027029,0.947282641944604,0.013942142252692987,0.0387752158027029,0.947282641944604,0.013942142252692987,-0.908507426141901,1,1,0.032,990.0,0.7931640520691872,0.9661522905281389,-0.41615229052813885
188,188,categorical_soft,0,0,True,0.13887839029869398,0.0,0.8611215949058533,0.0,0.13887839019298553,1,-0.7222432047128677,0.3875191405415535,2.091787099838257,-6.589233446121216,-1.0842492878437042,0.3875191405415535,0.9590764809217804,0.00016300422020765708,0.04076051485801196,0.9590764809217804,0.00016300422020765708,0.04076051485801196,0.9590764809217804,0.00016300422020765708,-0.9183159660637685,1,1,0.512,820.0,1.2002649754285812,0.9961531855960688,-0.44615318559606876
189,189,categorical_soft,1,1,True,0.4922808545515101,0.0,0.0,0.5077191591262817,0.49228084087371826,2,-0.015438318252563477,0.3473073035478592,-0.16650746241211892,0.2113007739186287,0.05999614000320434,0.3473073035478592,0.2694611283643499,0.39287804469488347,0.3376608269407667,0.2694611283643499,0.39287804469488347,0.3376608269407667,0.39287804469488347,0.2694611283643499,-0.055217217754116754,2,2,0.0,870.0,0.1272290199995041,0.5557900779139849,-0.005790077913984892
190,190,categorical_soft,1,1,True,0.1614042197962,0.0,0.0,0.8385958075523376,0.16140422224998474,2,-0.6771915853023529,0.3807831570506096,-3.057893419265747,3.7511714220047,1.7790902376174926,0.3807831570506096,0.0009765101359423415,0.8769274690379362,0.1220960208261215,0.0009765101359423415,0.8769274690379362,0.1220960208261215,0.8769274690379362,0.0009765101359423415,-0.7548314482118147,2,2,0.128,1010.0,0.6217487994581461,0.9230908345077989,-0.3730908345077989
191,191,categorical_soft,0,0,False,0.0,0.0,1.0,0.0,0.0,1,-1.0,0.7170717567205429,2.880007529258728,0.5896349072456359,-5.844016265869141,0.7170717567205429,0.9079091273682778,0.09194294003618982,0.00014793259553238825,0.9079091273682778,0.09194294003618982,0.00014793259553238825,0.9079091273682778,0.09194294003618982,-0.9077611947727454,1,1,0.128,430.0,0.6901669502258301,0.971265268944122,-0.421265268944122
192,192,categorical_soft,1,1,False,0.0,0.0,0.0,1.0,0.0,2,-1.0,0.6424482971429825,-1.643968975543976,3.5363767385482787,-0.13993642702698708,0.6424482971429825,0.005482152806148505,0.9695671582888892,0.024950688904962316,0.005482152806148505,0.9695671582888892,0.024950688904962316,0.9695671582888892,0.005482152806148505,-0.9446164693839268,2,2,0.512,530.0,0.8170751482248306,0.9824240518826223,-0.43242405188262223
193,193,categorical_soft,0,0,True,0.145772605207241,0.0,0.8542274236679077,0.0,0.14577260613441467,1,-0.708454817533493,0.45330560207366943,1.5713715195655822,-4.0374620914459225,-1.026067328453064,0.45330560207366943,0.9266617699108247,0.003402243298628596,0.06993598679054677,0.9266617699108247,0.003402243298628596,0.06993598679054677,0.9266617699108247,0.003402243298628596,-0.8567257831202779,1,1,0.128,1080.0,0.8427324146032333,0.9703012201844253,-0.4203012201844253
194,194,categorical_soft,1,1,False,0.0,0.0,0.0,1.0,0.0,2,-1.0,0.6812726855278015,1.4736166596412659,1.636707878112793,-3.2730475425720216,0.6812726855278015,0.45748835752608075,0.5384879341960479,0.004023708277871333,0.45748835752608075,0.5384879341960479,0.004023708277871333,0.5384879341960479,0.45748835752608075,-0.5344642259181765,2,2,0.0,1050.0,0.24135959148406982,0.6382705062354783,-0.08827050623547827
195,195,categorical_soft,1,1,False,0.0,0.0,0.0,1.0,0.0,2,-1.0,0.5297851860523224,0.9000366806983948,0.8751787781715393,-1.7570653915405274,0.5297851860523224,0.48885590682474167,0.47685010504672815,0.034293988128530205,0.48885590682474167,0.47685010504672815,0.034293988128530205,0.47685010504672815,0.48885590682474167,-0.44255611691819796,1,1,0.0,580.0,0.03497976064682007,0.5300748520688947,0.019925147931105336
196,196,categorical_soft,1,1,False,0.0,0.0,0.0,1.0,0.0,2,-1.0,0.44101911038160324,-0.9390908122062683,7.479161024093628,-2.675956058502197,0.44101911038160324,0.0002221324105916421,0.9997358578228619,4.200976654640704e-05,0.0002221324105916421,0.9997358578228619,4.200976654640704e-05,0.9997358578228619,0.0002221324105916421,-0.9996938480563154,2,2,0.128,1090.0,0.8795745894312859,0.9748019174857763,-0.4248019174857762
197,197,categorical_soft,1,1,False,0.0,0.0,0.0,1.0,0.0,2,-1.0,0.5961016088724136,0.9299049615859986,1.6196496963500977,-2.2442492961883547,0.5961016088724136,0.32949576003058195,0.6567188991805761,0.013785340788842032,0.32949576003058195,0.6567188991805761,0.013785340788842032,0.6567188991805761,0.32949576003058195,-0.642933558391734,2,2,0.0,530.0,0.456807479262352,0.9049384685594726,-0.35493846855947253
198,198,categorical_soft,1,1,True,0.16971806602308326,0.0,0.0,0.8302819132804871,0.16971807181835175,2,-0.6605638414621353,0.44139657318592074,-1.3365179300308228,3.404733991622925,0.24017511308193207,0.44139657318592074,0.008397703001554622,0.9513733607730728,0.04022893622537271,0.008397703001554622,0.9513733607730728,0.04022893622537271,0.9513733607730728,0.008397703001554622,-0.9111444245477001,2,2,0.128,940.0,0.5513442233204842,0.9023456784161284,-0.3523456784161284
199,199,categorical_soft,0,0,False,0.0,0.0,1.0,0.0,0.0,1,-1.0,0.6651357471942901,2.872411823272705,0.1665417730808258,-5.60268759727478,0.6651357471942901,0.9371565894923766,0.06264762362000799,0.0001957868876155511,0.9371565894923766,0.06264762362000799,0.0001957868876155511,0.9371565894923766,0.06264762362000799,-0.936960802604761,1,1,0.064,630.0,0.6827080249786377,0.9624110985426224,-0.41241109854262237
200,200,categorical_soft,0,0,True,0.1405106175801334,0.0,0.859489381313324,0.0,0.14051061868667603,1,-0.718978762626648,0.3983982399106026,1.1202936708927154,-3.123035430908203,-0.7285932004451752,0.3983982399106026,0.8520923448964058,0.012242308200672635,0.13566534690292148,0.8520923448964058,0.012242308200672635,0.13566534690292148,0.8520923448964058,0.012242308200672635,-0.7164269979934843,1,1,0.256,510.0,0.9216797426342964,0.9896623360021629,-0.43966233600216287
201,201,categorical_soft,0,0,False,0.0,0.0,1.0,0.0,0.0,1,-1.0,0.6978388756513596,2.950056028366089,-4.294496250152588,-3.543286752700806,0.6978388756513596,0.997774091690324,0.0007132289859915094,0.0015126793236844992,0.997774091690324,0.0007132289859915094,0.0015126793236844992,0.997774091690324,0.0007132289859915094,-0.9962614123666396,1,1,0.128,1160.0,0.77137890458107,0.9543255483404679,-0.40432554834046786
202,202,categorical_soft,1,1,False,0.0,0.0,0.0,1.0,0.0,2,-1.0,0.5589792549610137,-0.3430266812443733,3.7177557706832887,-1.6116577625274657,0.5589792549610137,0.016931076935866145,0.9781556196538354,0.004913303410298547,0.016931076935866145,0.9781556196538354,0.004913303410298547,0.9781556196538354,0.016931076935866145,-0.9732423162435369,2,2,0.128,630.0,0.7733290158212185,0.9755886426620864,-0.4255886426620864
203,203,categorical_soft,1,1,True,0.1490194756019766,0.0,0.0,0.8509805202484131,0.14901947975158691,2,-0.7019610404968262,0.3987751126289368,-2.456427240371704,3.650145936012268,1.3877394199371338,0.3987751126289368,0.0020392538241275713,0.9037397238321028,0.09422102234376972,0.0020392538241275713,0.9037397238321028,0.09422102234376972,0.9037397238321028,0.0020392538241275713,-0.809518701488333,2,2,0.256,720.0,0.6883350163698196,0.9593743057190663,-0.4093743057190663
204,204,categorical_soft,1,1,False,0.0,0.0,0.0,1.0,0.0,2,-1.0,0.513356751203537,0.7895198822021484,3.0976783514022825,-2.561286687850952,0.513356751203537,0.09024050792131298,0.9065823596121996,0.003177132466487348,0.09024050792131298,0.9065823596121996,0.003177132466487348,0.9065823596121996,0.09024050792131298,-0.9034052271457123,2,2,0.032,880.0,0.786303885281086,0.9692417092065296,-0.4192417092065296
205,205,categorical_soft,0,0,False,0.0,0.0,1.0,0.0,0.0,1,-1.0,0.5952189177274704,3.371972680091858,0.23418791145086287,-6.6527119159698485,0.5952189177274704,0.9583497014412888,0.041607822662734203,4.247589597683572e-05,0.9583497014412888,0.041607822662734203,4.247589597683572e-05,0.9583497014412888,0.041607822662734203,-0.958307225545312,1,1,0.256,480.0,0.860015258193016,0.9865435989136945,-0.43654359891369443
206,206,categorical_soft,0,0,True,0.13854824437373459,0.0,0.8614517450332642,0.0,0.13854824006557465,1,-0.7229035049676895,0.5320490524172783,2.5372568368911743,-4.64858832359314,-2.3973341941833497,0.5320490524172783,0.9916835496384417,0.0007534785864892616,0.007562971775068936,0.9916835496384417,0.0007534785864892616,0.007562971775068936,0.9916835496384417,0.0007534785864892616,-0.9841205778633728,1,1,0.512,860.0,1.2978549934923649,0.9974974387743648,-0.44749743877436476
207,207,categorical_soft,1,1,True,0.14534355196600074,0.0,0.0,0.854656457901001,0.14534355700016022,2,-0.7093129009008408,0.4491646334528923,-1.7435099124908446,2.3757044792175295,0.7848443806171417,0.4491646334528923,0.013487484705576633,0.8194561332379914,0.16705638205643208,0.013487484705576633,0.8194561332379914,0.16705638205643208,0.8194561332379914,0.013487484705576633,-0.6523997511815594,2,2,0.256,600.0,0.7358072251081467,0.9717991940936319,-0.42179919409363187
208,208,categorical_soft,0,0,False,0.0,0.0,1.0,0.0,0.0,1,-1.0,0.6064045459032059,2.9870968103408813,-2.1508215188980104,-4.611249303817749,0.6064045459032059,0.9936557062477835,0.005844708992010688,0.000499584760205815,0.9936557062477835,0.005844708992010688,0.000499584760205815,0.9936557062477835,0.005844708992010688,-0.9931561214875777,1,1,0.512,550.0,0.9212616831064224,0.9891350999766536,-0.43913509997665356
209,209,categorical_soft,0,0,True,0.14118864567241024,0.0,0.8588113784790039,0.0,0.14118865132331848,1,-0.7176227271556854,0.3715403825044632,1.3458987116813659,-4.240242052078247,-0.6632461547851562,0.3715403825044632,0.8772682340635951,0.0032971357174254286,0.11943463021897956,0.8772682340635951,0.0032971357174254286,0.11943463021897956,0.8772682340635951,0.0032971357174254286,-0.7578336038446155,1,1,0.128,920.0,0.9757032729685307,0.9870385860373436,-0.4370385860373436
210,210,categorical_soft,1,1,True,0.15860824482892266,0.0,0.0,0.8413917422294617,0.15860824286937714,2,-0.6827834993600845,0.3734215497970581,-2.5875439167022707,3.6363287687301638,1.5301621794700622,0.3734215497970581,0.0017817674371642493,0.8896914577532582,0.10852677480957743,0.0017817674371642493,0.8896914577532582,0.10852677480957743,0.8896914577532582,0.0017817674371642493,-0.7811646829436808,2,2,0.128,1120.0,0.6714484915137291,0.9306480679911552,-0.38064806799115514
211,211,categorical_soft,1,1,False,0.0,0.0,0.0,1.0,0.0,2,-1.0,0.528854712843895,0.031531784264370796,4.822090101242066,-2.49965615272522,0.528854712843895,0.00825371473062711,0.9910721172904495,0.0006741679789232808,0.00825371473062711,0.9910721172904495,0.0006741679789232808,0.9910721172904495,0.00825371473062711,-0.9903979493115262,2,2,0.128,630.0,0.9032019004225731,0.9869536354201252,-0.4369536354201251
212,212,categorical_soft,1,1,False,0.0,0.0,0.0,1.0,0.0,2,-1.0,0.6263591527938843,-0.6541542530059814,3.9300792694091795,-1.3589571356773376,0.6263591527938843,0.010080769442268591,0.984749263858642,0.0051699666990894936,0.010080769442268591,0.984749263858642,0.0051699666990894936,0.984749263858642,0.010080769442268591,-0.9795792971595525,2,2,0.256,490.0,0.8382568582892418,0.9848693830353438,-0.4348693830353437
213,213,categorical_soft,0,0,True,0.1411430340477458,0.0,0.8588569760322571,0.0,0.1411430388689041,1,-0.717713937163353,0.34804840981960294,1.072323453426361,-2.8569226264953613,-0.6718335390090943,0.34804840981960294,0.835880996517484,0.01643416267224651,0.14768484081026956,0.835880996517484,0.01643416267224651,0.14768484081026956,0.835880996517484,0.01643416267224651,-0.6881961557072145,1,1,0.128,620.0,0.9049015678465366,0.9872138017206691,-0.43721380172066904
214,214,categorical_soft,1,1,True,0.33175343955558406,0.0,0.0,0.6682465672492981,0.3317534327507019,2,-0.3364931344985962,0.34650578945875166,0.34605605006217954,-1.1548071384429932,-0.42862544655799867,0.34650578945875166,0.593658027263188,0.1323241807343825,0.2740177920024295,0.593658027263188,0.1323241807343825,0.2740177920024295,0.1323241807343825,0.593658027263188,0.14169361126804697,1,1,0.0,1170.0,0.3128942549228668,0.6845322045734847,-0.1345322045734847
215,215,categorical_soft,0,0,True,0.14168217634812003,0.0,0.8583178520202637,0.0,0.14168217778205872,1,-0.716635674238205,0.3492567703127861,0.06625502319075167,-0.10489736795425415,-0.19946402609348296,0.3492567703127861,0.38343548026990676,0.3228416755590184,0.29372284417107486,0.38343548026990676,0.3228416755590184,0.29372284417107486,0.38343548026990676,0.3228416755590184,-0.0897126360988319,1,1,0.0,400.0,0.8201030120253563,0.9851543467679202,-0.4351543467679202
216,216,categorical_soft,1,1,False,0.0,0.0,0.0,1.0,0.0,2,-1.0,0.5008850723505021,-0.34788342863321303,4.592405080795288,-2.000666117668152,0.5008850723505021,0.007105838010747954,0.9915021540499787,0.0013920079392734895,0.007105838010747954,0.9915021540499787,0.0013920079392734895,0.9915021540499787,0.007105838010747954,-0.9901101461107051,2,2,0.032,1070.0,0.9571733213961124,0.9830576817710954,-0.4330576817710954
217,217,categorical_soft,1,1,True,0.14734119037216775,0.0,0.0,0.8526588082313538,0.14734119176864624,2,-0.7053176164627075,0.4172659024596214,-1.5627573132514954,2.4817985773086546,0.7959961295127869,0.4172659024596214,0.014767017630031867,0.8310656387534264,0.15416734361654177,0.014767017630031867,0.8310656387534264,0.15416734361654177,0.8310656387534264,0.014767017630031867,-0.6768982951368847,2,2,0.128,510.0,0.6679420471191406,0.9649346902173321,-0.4149346902173321
218,218,categorical_soft,1,1,True,0.14561376889664313,0.0,0.0,0.8543862104415894,0.14561377465724945,2,-0.7087724357843399,0.4693642720580101,-3.3127837896347048,4.069888472557068,2.006171226501465,0.4693642720580101,0.000564373481692777,0.8867999111629826,0.11263571535532461,0.000564373481692777,0.8867999111629826,0.11263571535532461,0.8867999111629826,0.000564373481692777,-0.774164195807658,2,2,0.512,840.0,0.7877875319682062,0.9708542288902703,-0.42085422889027024
219,219,categorical_soft,0,0,False,0.0,0.0,1.0,0.0,0.0,1,-1.0,0.7226055920124054,3.197383427619934,-1.7740997433662415,-5.138317203521728,0.7226055920124054,0.9928649123694239,0.00689407682633743,0.0002410108042386329,0.9928649123694239,0.00689407682633743,0.0002410108042386329,0.9928649123694239,0.00689407682633743,-0.9926239015651852,1,1,0.256,790.0,0.9336192756891251,0.9863823598187527,-0.4363823598187526
220,220,categorical_soft,1,1,False,0.0,0.0,0.0,1.0,0.0,2,-1.0,0.5417816489934921,0.8469262838363647,2.6191949129104612,-2.479885959625244,0.5417816489934921,0.14454893168838714,0.8501875373008513,0.005263531010761585,0.14454893168838714,0.8501875373008513,0.005263531010761585,0.8501875373008513,0.14454893168838714,-0.8449240062900897,2,2,0.032,930.0,0.695711875683628,0.9500247111675635,-0.40002471116756344
221,221,categorical_soft,1,1,True,0.14853097830641065,0.0,0.0,0.8514690399169922,0.148530974984169,2,-0.7029380649328232,0.39516886621713637,-2.164247441291809,3.0618908405303955,1.1881070971488952,0.39516886621713637,0.004667390638431665,0.8627153978011617,0.13261721156040673,0.004667390638431665,0.8627153978011617,0.13261721156040673,0.8627153978011617,0.004667390638431665,-0.730098186240755,2,2,0.256,600.0,0.6674078479409218,0.9609741496551975,-0.4109741496551974
222,222,categorical_soft,1,1,True,0.1561274774266378,0.0,0.0,0.8438725471496582,0.15612748265266418,2,-0.687745064496994,0.4418863371014595,-2.3729784965515135,3.1855770111083985,1.330975389480591,0.4418863371014595,0.0033437880303806926,0.8617098677319823,0.13494634423763702,0.0033437880303806926,0.8617098677319823,0.13494634423763702,0.8617098677319823,0.0033437880303806926,-0.7267635234943453,2,2,0.128,920.0,0.6455166675150394,0.9376366289807997,-0.38763662898079965
223,223,categorical_soft,1,1,False,0.0,0.0,0.0,1.0,0.0,2,-1.0,0.5586508274078369,-2.705102491378784,7.061797142028809,-0.44661096632480624,0.5586508274078369,5.878435017449019e-05,0.9993406957810326,0.0006005198687928577,5.878435017449019e-05,0.9993406957810326,0.0006005198687928577,0.9993406957810326,5.878435017449019e-05,-0.9987401759122397,2,2,0.512,1080.0,0.9951790161430836,0.9857344003738269,-0.4357344003738268
224,224,categorical_soft,0,0,False,0.0,0.0,1.0,0.0,0.0,1,-1.0,0.5299997985363006,0.9437854409217834,1.4518533945083618,-2.115270662307739,0.5299997985363006,0.36915440405222627,0.6134792409972831,0.01736635495049052,0.36915440405222627,0.6134792409972831,0.01736635495049052,0.36915440405222627,0.6134792409972831,-0.3517880491017358,2,2,0.0,1140.0,0.4604542929737363,0.8228637386141178,-0.2728637386141177
225,225,categorical_soft,0,0,False,0.0,0.0,1.0,0.0,0.0,1,-1.0,0.6727616995573044,2.4962494134902955,-0.450484436750412,-4.450215864181518,0.6727616995573044,0.9492300375499502,0.049853845005439365,0.0009161174446103958,0.9492300375499502,0.049853845005439365,0.0009161174446103958,0.9492300375499502,0.049853845005439365,-0.9483139201053398,1,1,0.032,740.0,0.7069098949432373,0.9619124420023145,-0.41191244200231447
226,226,categorical_soft,0,0,True,0.1528089201268638,0.0,0.8471910953521729,0.0,0.15280891954898834,1,-0.6943821758031845,0.2871362280100584,0.20319319739937783,-0.799012815952301,-0.18535782024264336,0.2871362280100584,0.48898956824835,0.1794684342100033,0.3315419975416467,0.48898956824835,0.1794684342100033,0.3315419975416467,0.48898956824835,0.1794684342100033,-0.1574475707067033,1,1,0.064,1010.0,0.7045481577515602,0.9474461245798402,-0.3974461245798402
227,227,categorical_soft,1,1,True,0.15360463462581997,0.0,0.0,0.8463953733444214,0.1536046415567398,2,-0.6927907317876816,0.4431294709444046,-1.847980535030365,2.2359610319137575,0.9315410256385803,0.4431294709444046,0.013155805702916487,0.7761887457726877,0.21065544852439588,0.013155805702916487,0.7761887457726877,0.21065544852439588,0.7761887457726877,0.013155805702916487,-0.5655332972482918,2,2,0.512,420.0,0.5501690473174676,0.945042986345464,-0.395042986345464
228,228,categorical_soft,0,0,True,0.14064528422321942,0.0,0.8593547344207764,0.0,0.14064528048038483,1,-0.7187094539403915,0.3629289701581001,1.3217959642410277,-3.981635236740112,-0.8078808665275574,0.3629289701581001,0.8888885195191698,0.004424827386711896,0.10668665309411836,0.8888885195191698,0.004424827386711896,0.10668665309411836,0.8888885195191698,0.004424827386711896,-0.7822018664250514,1,1,0.256,730.0,0.9654799997806549,0.9891379291663808,-0.4391379291663807
229,229,categorical_soft,1,1,False,0.0,0.0,0.0,1.0,0.0,2,-1.0,0.5268280416727066,0.9959007322788238,2.960794377326965,-2.8854516983032226,0.5268280416727066,0.12275855663866261,0.8746920436712674,0.0025493996900697877,0.12275855663866261,0.8746920436712674,0.0025493996900697877,0.8746920436712674,0.12275855663866261,-0.8721426439811976,2,2,0.064,730.0,0.7088822452351451,0.9627012144069175,-0.4127012144069174
230,230,categorical_soft,0,0,True,0.6246148066422668,0.0,0.37538519501686096,0.0,0.6246148347854614,3,0.24922963976860046,0.37211341559886935,0.14304292686283587,-0.5495390325784684,-0.05648758262395859,0.37211341559886935,0.43136300587007687,0.2156819175437421,0.3529550765861811,0.43136300587007687,0.2156819175437421,0.3529550765861811,0.43136300587007687,0.2156819175437421,-0.07840792928389578,1,1,0.0,1030.0,0.08277012407779694,0.4533259793573495,0.09667402064265057
231,231,categorical_soft,1,1,True,0.1600567102224431,0.0,0.0,0.8399432897567749,0.1600567102432251,2,-0.6798865795135498,0.40980039834976195,-2.6706629276275633,3.457276725769043,1.5562520265579223,0.40980039834976195,0.0019097474659758365,0.8681481128190311,0.12994213971499305,0.0019097474659758365,0.8681481128190311,0.12994213971499305,0.8681481128190311,0.0019097474659758365,-0.7382059731040381,2,2,0.128,970.0,0.6224888265132904,0.9266926392432918,-0.37669263924329177
232,232,categorical_soft,0,0,True,0.6555425499959664,0.0,0.3444574475288391,0.0,0.6555425524711609,3,0.3110851049423218,0.34038119912147524,0.025112902838736774,-0.5693426966667176,0.13236573934555054,0.34038119912147524,0.3754436328267321,0.20728972895018943,0.4172666382230784,0.3754436328267321,0.20728972895018943,0.4172666382230784,0.3754436328267321,0.20728972895018943,0.04182300539634631,3,3,0.0,940.0,0.03882630169391632,0.4268644092037139,0.12313559079628617
233,233,categorical_soft,0,0,True,0.13890512674687916,0.0,0.8610948920249939,0.0,0.1389051228761673,1,-0.7221897691488266,0.40156721472740176,1.7928325295448304,-4.908274936676025,-1.1728117704391479,0.40156721472740176,0.9485826205318804,0.0011685157055233678,0.05024886376259642,0.9485826205318804,0.0011685157055233678,0.05024886376259642,0.9485826205318804,0.0011685157055233678,-0.898333756769284,1,1,0.256,890.0,1.2117628089617938,0.9960447976541715,-0.4460447976541715
234,234,categorical_soft,1,1,True,0.1669190986530561,0.0,0.0,0.8330808877944946,0.16691909730434418,2,-0.6661617904901505,0.3840048208832741,-3.909623384475708,4.781723403930664,2.4625979900360107,0.3840048208832741,0.0001558679216087069,0.9102652578741239,0.08957887420426736,0.0001558679216087069,0.9102652578741239,0.08957887420426736,0.9102652578741239,0.0001558679216087069,-0.8206863836698566,2,2,0.256,1150.0,0.618890518322587,0.9090657488465645,-0.3590657488465645
235,235,categorical_soft,0,0,True,0.3584819305486807,0.0,0.6415180563926697,0.0,0.3584819436073303,1,-0.28303611278533936,0.41478105932474135,-0.028354936093091965,-0.08097409009933472,0.027356114983558655,0.41478105932474135,0.33272386059518466,0.3156250368610084,0.35165110254380705,0.33272386059518466,0.3156250368610084,0.35165110254380705,0.33272386059518466,0.3156250368610084,0.018927241948622386,3,3,0.0,450.0,0.11441224813461304,0.660932596719877,-0.11093259671987699
236,236,categorical_soft,0,0,False,0.0,0.0,1.0,0.0,0.0,1,-1.0,0.6371291220188141,4.066100978851319,-6.594652509689331,-4.806559371948242,0.6371291220188141,0.9998337591786607,2.3449509190388437e-05,0.00014279131214872147,0.9998337591786607,2.3449509190388437e-05,0.00014279131214872147,0.9998337591786607,2.3449509190388437e-05,-0.999690967866512,1,1,0.512,1180.0,1.1793404817581177,0.9934377917668306,-0.4434377917668305
237,237,categorical_soft,1,1,False,0.0,0.0,0.0,1.0,0.0,2,-1.0,0.7399314403533935,-3.0412343025207518,6.9841491222381595,-0.11618750691413879,0.7399314403533935,4.53317604863439e-05,0.9990764259423296,0.0008782422971840825,4.53317604863439e-05,0.9990764259423296,0.0008782422971840825,0.9990764259423296,4.53317604863439e-05,-0.9981981836451456,2,2,0.512,1040.0,0.8575209192931652,0.9735935369836438,-0.42359353698364377
238,238,categorical_soft,1,1,True,0.1653626532142904,0.0,0.0,0.8346373438835144,0.1653626561164856,2,-0.6692746877670288,0.45292759537696836,-0.5501933395862579,1.046404093503952,0.10536226630210876,0.45292759537696836,0.1274779674801116,0.6271559747511659,0.2453660577687225,0.1274779674801116,0.6271559747511659,0.2453660577687225,0.6271559747511659,0.1274779674801116,-0.3817899169824434,2,2,0.064,570.0,0.48624189104884863,0.912913889219907,-0.36291388921990697
239,239,categorical_soft,1,1,False,0.0,0.0,0.0,1.0,0.0,2,-1.0,0.5574629813432693,-2.3522141933441163,5.994112110137939,-0.3568915754556656,0.5574629813432693,0.00024246662163637345,0.997910145359708,0.0018473880186557223,0.00024246662163637345,0.997910145359708,0.0018473880186557223,0.997910145359708,0.00024246662163637345,-0.9960627573410523,2,2,0.256,1150.0,0.9062359754461795,0.9762034818176099,-0.4262034818176098
240,240,categorical_soft,0,0,True,0.13999451437870852,0.0,0.8600054979324341,0.0,0.1399945169687271,1,-0.720010980963707,0.3998855844140053,1.624142348766327,-4.838816785812378,-0.8886430382728576,0.3998855844140053,0.9230876684782056,0.0014406048264415886,0.07547172669535307,0.9230876684782056,0.0014406048264415886,0.07547172669535307,0.9230876684782056,0.0014406048264415886,-0.8476159417828525,1,1,0.128,1160.0,1.1259546265937388,0.9916875020500079,-0.44168750205000784
241,241,categorical_soft,0,0,False,0.0,0.0,1.0,0.0,0.0,1,-1.0,0.6410754203796387,3.0044214963912963,-2.3212341547012327,-4.7165114402771,0.6410754203796387,0.994710856545213,0.00484567259783733,0.00044347085694961636,0.994710856545213,0.00484567259783733,0.00044347085694961636,0.994710856545213,0.00484567259783733,-0.9942673856882633,1,1,0.256,780.0,0.9812496453523636,0.9893212358900684,-0.43932123589006833
242,242,categorical_soft,1,1,False,0.0,0.0,0.0,1.0,0.0,2,-1.0,0.5148651748895645,0.970964503288269,1.2778195500373841,-2.206915855407715,0.5148651748895645,0.41649986381760024,0.5660195881854686,0.017480547996931214,0.41649986381760024,0.5660195881854686,0.017480547996931214,0.5660195881854686,0.41649986381760024,-0.5485390401885374,2,2,0.032,760.0,0.40921776555478573,0.850970846419215,-0.300970846419215
243,243,categorical_soft,1,1,True,0.1521124229431609,0.0,0.0,0.8478875756263733,0.1521124243736267,2,-0.6957751512527466,0.40120921581983565,-2.2465040922164916,2.9218710899353026,1.2333945751190185,0.40120921581983565,0.004853603570747625,0.8398812540177649,0.15526514241148742,0.004853603570747625,0.8398812540177649,0.15526514241148742,0.8398812540177649,0.004853603570747625,-0.6846161116062774,2,2,0.128,890.0,0.6839880559127778,0.9495773956125515,-0.39957739561255146
244,244,categorical_soft,1,1,False,0.0,0.0,0.0,1.0,0.0,2,-1.0,0.6149034440517426,0.50318863093853,2.7638413190841673,-2.050027406215668,0.6149034440517426,0.09378038597619506,0.8988381016004718,0.007381512423333157,0.09378038597619506,0.8988381016004718,0.007381512423333157,0.8988381016004718,0.09378038597619506,-0.8914565891771387,2,2,0.064,460.0,0.5251156184822321,0.9354361738992932,-0.3854361738992932
245,245,categorical_soft,1,1,True,0.15085227026719744,0.0,0.0,0.8491477370262146,0.1508522629737854,2,-0.6982954740524292,0.3578386068344116,-3.070089054107666,4.230677318572998,1.8699522376060487,0.3578386068344116,0.0006213375120597296,0.912517637771181,0.08686102471675936,0.0006213375120597296,0.912517637771181,0.08686102471675936,0.912517637771181,0.0006213375120597296,-0.8256566130544216,2,2,0.256,1000.0,0.7283073337748647,0.9535017148259897,-0.4035017148259896
246,246,categorical_soft,0,0,True,0.13834065920886074,0.0,0.8616593480110168,0.0,0.13834065198898315,1,-0.7233186960220337,0.49649458974599836,2.077669930458069,-4.09806718826294,-2.059258460998535,0.49649458974599836,0.9814509244579945,0.0020469966546817664,0.016502078887323763,0.9814509244579945,0.0020469966546817664,0.016502078887323763,0.9814509244579945,0.0020469966546817664,-0.9649488455706707,1,1,0.512,670.0,1.3359726145863533,0.9983482697746391,-0.44834826977463904
247,247,categorical_soft,1,1,True,0.15131481865765273,0.0,0.0,0.8486852049827576,0.15131482481956482,2,-0.6973703801631927,0.4548022747039795,-2.958464026451111,3.690326118469238,1.7266458034515382,0.4548022747039795,0.0011495257407691272,0.8759051842928886,0.12294528996634224,0.0011495257407691272,0.8759051842928886,0.12294528996634224,0.8759051842928886,0.0011495257407691272,-0.7529598943265463,2,2,0.512,750.0,0.6604041084647179,0.9520508505006002,-0.4020508505006002
248,248,categorical_soft,0,0,True,0.19104601399816412,0.0,0.8089540004730225,0.0,0.19104601442813873,1,-0.6179079860448837,0.25661167353391645,0.35345823466777804,-1.8595405101776123,0.03689543902873993,0.25661167353391645,0.5439475077525522,0.059470196721740476,0.39658229552570734,0.5439475077525522,0.059470196721740476,0.39658229552570734,0.5439475077525522,0.059470196721740476,-0.14736521222684484,1,1,0.032,630.0,0.3886011242866516,0.8578638396277584,-0.3078638396277583
249,249,categorical_soft,0,0,True,0.14899593500840919,0.0,0.8510040640830994,0.0,0.14899593591690063,1,-0.7020081281661987,0.2231261096894741,0.2935267388820648,-1.613013005256653,0.07189424186944962,0.2231261096894741,0.5128444720218196,0.07625473582662876,0.41090079215155145,0.5128444720218196,0.07625473582662876,0.41090079215155145,0.5128444720218196,0.07625473582662876,-0.10194367987026814,1,1,0.064,830.0,0.7157257348299026,0.9594510593295946,-0.4094510593295946
250,250,categorical_soft,0,0,False,0.0,0.0,1.0,0.0,0.0,1,-1.0,0.6740525454282761,2.8321600198745727,-3.345018243789673,-3.9051730632781982,0.6740525454282761,0.996728189741023,0.0020699095545175603,0.0012019007044591946,0.996728189741023,0.0020699095545175603,0.0012019007044591946,0.996728189741023,0.0020699095545175603,-0.9955262890365637,1,1,0.512,690.0,1.0512995719909668,0.9931826741729747,-0.44318267417297463
251,251,categorical_soft,1,1,True,0.1450358315135591,0.0,0.0,0.8549641966819763,0.14503583312034607,2,-0.7099283635616302,0.47428875267505644,-2.0535529255867004,2.6181866407394407,1.1789947748184204,0.47428875267505644,0.007561355669720019,0.8021994340159495,0.1902392103143304,0.007561355669720019,0.8021994340159495,0.1902392103143304,0.8021994340159495,0.007561355669720019,-0.6119602237016191,2,2,0.512,460.0,0.7096503600478172,0.9728817790571173,-0.4228817790571172
252,252,categorical_soft,0,0,False,0.0,0.0,1.0,0.0,0.0,1,-1.0,0.5434033334255218,1.9562809348106385,0.930579560995102,-4.060074234008789,0.5434033334255218,0.7346556855852037,0.26352744946853646,0.001816864946259923,0.7346556855852037,0.26352744946853646,0.001816864946259923,0.7346556855852037,0.26352744946853646,-0.7328388206389438,1,1,0.0,1090.0,0.056773871183395386,0.4043661573593404,0.14563384264065965
253,253,categorical_soft,0,0,True,0.14177096366115877,0.0,0.8582290410995483,0.0,0.14177095890045166,1,-0.7164580821990967,0.5217069253325463,1.7382937669754028,-2.492302989959717,-1.8271696090698242,0.5217069253325463,0.9577118163461412,0.013968078200510298,0.02832010545334851,0.9577118163461412,0.013968078200510298,0.02832010545334851,0.9577118163461412,0.013968078200510298,-0.9293917108927927,1,1,0.064,800.0,0.913612388074398,0.9848176074796632,-0.43481760747966314
254,254,categorical_soft,0,0,False,0.0,0.0,1.0,0.0,0.0,1,-1.0,0.6738079875707627,3.1283183336257934,-1.5576666355133058,-5.280850410461426,0.6738079875707627,0.990630637610679,0.009144917018145073,0.00022444537117571116,0.990630637610679,0.009144917018145073,0.00022444537117571116,0.990630637610679,0.009144917018145073,-0.9904061922395033,1,1,0.128,900.0,0.7917141616344452,0.9693153156346825,-0.4193153156346825
255,255,categorical_soft,1,1,True,0.14931775281247062,0.0,0.0,0.850682258605957,0.14931775629520416,2,-0.7013645023107529,0.3832672700285912,-2.925551438331604,4.562432050704956,1.6230821013450623,0.3832672700285912,0.0005411206098749233,0.949040340242774,0.050418539147351005,0.0005411206098749233,0.949040340242774,0.050418539147351005,0.949040340242774,0.0005411206098749233,-0.898621801095423,2,2,0.256,1050.0,0.7642977461218834,0.9584047513164093,-0.4084047513164093
256,256,categorical_soft,0,0,False,0.0,0.0,1.0,0.0,0.0,1,-1.0,0.5451226383447647,2.451958751678467,0.7573749423027039,-5.054396915435791,0.5451226383447647,0.8444136351986711,0.15512008063166777,0.00046628416966106224,0.8444136351986711,0.15512008063166777,0.00046628416966106224,0.8444136351986711,0.15512008063166777,-0.84394735102901,1,1,0.064,640.0,0.4652378112077713,0.8967989949471341,-0.34679899494713406
257,257,categorical_soft,1,1,True,0.33470239391383116,0.0,0.0,0.6652976274490356,0.33470240235328674,2,-0.3305952250957489,0.4402663081884384,-0.12734459163621067,0.5182327121496201,-0.10152669921517372,0.4402663081884384,0.2541987235597581,0.48445818568405474,0.261343090756187,0.2541987235597581,0.48445818568405474,0.261343090756187,0.48445818568405474,0.2541987235597581,-0.22311509492786774,2,2,0.0,730.0,0.20241867005825043,0.6818551039317605,-0.13185510393176048
258,258,categorical_soft,1,1,True,0.14302894809337374,0.0,0.0,0.856971025466919,0.14302894473075867,2,-0.7139420807361603,0.6388756573200226,-3.0656734228134157,4.137738561630249,1.7687490224838256,0.6388756573200226,0.0006922956520774193,0.9136568115471471,0.08565089280077551,0.0006922956520774193,0.9136568115471471,0.08565089280077551,0.9136568115471471,0.0006922956520774193,-0.8280059187463715,2,2,0.512,850.0,0.8700185790657997,0.9801177867247022,-0.43011778672470213
259,259,categorical_soft,0,0,True,0.18788168456132315,0.0,0.8121182918548584,0.0,0.1878816783428192,1,-0.6242366135120392,0.42473364621400833,-0.0734840608201921,0.4617029964923859,-0.08978242576122283,0.42473364621400833,0.2712859897913481,0.4620226106028046,0.2666913996058474,0.2712859897913481,0.4620226106028046,0.2666913996058474,0.2712859897913481,0.4620226106028046,-0.00459459018550068,2,2,0.032,460.0,0.3570415824651718,0.8638378982141887,-0.3138378982141886
260,260,categorical_soft,0,0,True,0.2796784244066199,0.0,0.7203215956687927,0.0,0.27967843413352966,1,-0.44064316153526306,0.4051187515258789,-0.910756915807724,1.2392502903938294,0.4269315183162689,0.4051187515258789,0.07516647516040745,0.6405616671052657,0.2842718577343269,0.07516647516040745,0.6405616671052657,0.2842718577343269,0.07516647516040745,0.6405616671052657,0.20910538257391945,2,2,0.0,830.0,0.28032926470041275,0.7358603937733131,-0.1858603937733131
261,261,categorical_soft,0,0,True,0.3556582784721536,0.0,0.6443417072296143,0.0,0.35565829277038574,1,-0.2886834144592285,0.39429489374160764,-0.07993959318846464,0.2653315156698227,-0.05436399728059769,0.39429489374160764,0.2910183830607635,0.4105945274281013,0.29838708951113513,0.2910183830607635,0.4105945274281013,0.29838708951113513,0.2910183830607635,0.4105945274281013,0.0073687064503716315,2,2,0.0,520.0,0.1337961107492447,0.6633603266740746,-0.11336032667407459
262,262,categorical_soft,0,0,True,0.14775865724515563,0.0,0.8522413372993469,0.0,0.14775866270065308,1,-0.7044826745986938,0.27271004058420656,0.33278474509716033,-1.4401164174079895,-0.057632673531770706,0.27271004058420656,0.5414105460302175,0.09198464105169712,0.36660481291808533,0.5414105460302175,0.09198464105169712,0.36660481291808533,0.5414105460302175,0.09198464105169712,-0.1748057331121322,1,1,0.032,730.0,0.713656947016716,0.9635345279378638,-0.4135345279378637
263,263,categorical_soft,1,1,False,0.0,0.0,0.0,1.0,0.0,2,-1.0,0.5045036822557449,-0.09681449085474014,2.3429938077926638,-1.1272501707077027,0.5045036822557449,0.07820474728436425,0.8937237540337856,0.02807149868185005,0.07820474728436425,0.8937237540337856,0.02807149868185005,0.8937237540337856,0.07820474728436425,-0.8656522553519355,2,2,0.064,430.0,0.7616479843854904,0.9796020092335416,-0.4296020092335415
264,264,categorical_soft,1,1,False,0.0,0.0,0.0,1.0,0.0,2,-1.0,0.6276511639356613,1.1694049954414367,1.7211530923843383,-2.5701578140258787,0.6276511639356613,0.36234505272647577,0.6290215059347408,0.008633441338783358,0.36234505272647577,0.6290215059347408,0.008633441338783358,0.6290215059347408,0.36234505272647577,-0.6203880645959574,2,2,0.032,640.0,0.5525830592960119,0.9303007074070531,-0.380300707407053
265,265,categorical_soft,1,1,True,0.1591806303985685,0.0,0.0,0.8408193588256836,0.1591806262731552,2,-0.6816387325525284,0.42546692341566084,-0.6653502821922302,1.2355732440948486,0.1357889711856842,0.42546692341566084,0.10108804976139707,0.674121279096145,0.2247906711424578,0.10108804976139707,0.674121279096145,0.2247906711424578,0.674121279096145,0.10108804976139707,-0.4493306079536873,2,2,0.032,460.0,0.504600090906024,0.9290743796082712,-0.3790743796082712
266,266,categorical_soft,0,0,True,0.18279476550159074,0.0,0.8172052502632141,0.0,0.18279476463794708,1,-0.634410485625267,0.4399250358343124,0.046927144099026916,0.4150822669267654,-0.3025424927473068,0.4399250358343124,0.31720690354668657,0.45804715769905524,0.22474593875425816,0.31720690354668657,0.45804715769905524,0.22474593875425816,0.31720690354668657,0.45804715769905524,-0.09246096479242841,2,2,0.0,1070.0,0.5245995223522186,0.8738495799116713,-0.3238495799116713
267,267,categorical_soft,0,0,True,0.13986777918535542,0.0,0.8601322174072266,0.0,0.13986778259277344,1,-0.7202644348144531,0.28974718749523165,0.9397254407405853,-3.475908946990967,-0.21426671445369722,0.28974718749523165,0.7532500083265348,0.00912585758808732,0.23762413408537775,0.7532500083265348,0.00912585758808732,0.23762413408537775,0.7532500083265348,0.00912585758808732,-0.515625874241157,1,1,0.256,540.0,0.9865885153412819,0.9921885901687603,-0.4421885901687602
268,268,categorical_soft,0,0,True,0.1533718956249439,0.0,0.8466281294822693,0.0,0.1533719003200531,1,-0.6932562291622162,0.3773317992687225,0.29889035373926165,-0.15389383733272552,-0.47867087721824647,0.3773317992687225,0.47712480820827896,0.3029476801326164,0.2199275116591047,0.47712480820827896,0.3029476801326164,0.2199275116591047,0.47712480820827896,0.3029476801326164,-0.2571972965491742,1,1,0.032,1050.0,0.7075030952692032,0.945742435098585,-0.395742435098585
269,269,categorical_soft,1,1,True,0.19538686710282,0.0,0.0,0.8046131134033203,0.1953868716955185,2,-0.6092262417078018,0.4270955115556717,-0.14622462019324303,-0.04344610124826431,0.0650995209813118,0.4270955115556717,0.2993097265792942,0.3312418726549363,0.3694484007657695,0.2993097265792942,0.3312418726549363,0.3694484007657695,0.3312418726549363,0.2993097265792942,0.03820652811083319,3,3,0.0,780.0,0.41250117123126984,0.8499561995424352,-0.29995619954243513
270,270,categorical_soft,1,1,False,0.0,0.0,0.0,1.0,0.0,2,-1.0,0.7575970888137817,2.5099246501922607,0.92767214179039,-5.121824264526367,0.7575970888137817,0.8291603918534836,0.17043711639545195,0.00040249175106453017,0.8291603918534836,0.17043711639545195,0.00040249175106453017,0.17043711639545195,0.8291603918534836,-0.17003462464438743,1,1,0.0,480.0,0.10274922102689743,0.6396812171228674,-0.08968121712286736
271,271,categorical_soft,0,0,True,0.1594492223485875,0.0,0.8405507802963257,0.0,0.15944921970367432,1,-0.6811015605926514,0.27738184556365014,0.5538301408290863,-1.700628888607025,-0.40766528248786926,0.27738184556365014,0.6719053007405389,0.07049367921782615,0.25760102004163493,0.6719053007405389,0.07049367921782615,0.25760102004163493,0.6719053007405389,0.07049367921782615,-0.41430428069890396,1,1,0.032,690.0,0.5587776601314545,0.9283407491777317,-0.37834074917773164
272,272,categorical_soft,1,1,True,0.15029517023535793,0.0,0.0,0.8497048020362854,0.1502951681613922,2,-0.6994096338748932,0.3773111552000046,-0.6244851350784302,1.6491209506988525,0.15483468770980835,0.3773111552000046,0.07771346233242456,0.7528856722328181,0.16940086543475724,0.07771346233242456,0.7528856722328181,0.16940086543475724,0.7528856722328181,0.07771346233242456,-0.5834848067980609,2,2,0.032,840.0,0.6972966487519443,0.9552655773150365,-0.40526557731503643
273,273,categorical_soft,1,1,True,0.6648790529686728,0.0,0.0,0.33512094616889954,0.6648790240287781,3,0.32975807785987854,0.41055760681629183,-0.06733715860173106,-0.07260572239756584,0.05087617039680481,0.41055760681629183,0.3204046501997144,0.31901725424898186,0.3605780955513037,0.3204046501997144,0.31901725424898186,0.3605780955513037,0.31901725424898186,0.3204046501997144,0.04156084130232185,3,3,0.0,1090.0,0.0686732679605484,0.41852326109160093,0.13147673890839912
274,274,categorical_soft,0,0,False,0.0,0.0,1.0,0.0,0.0,1,-1.0,0.6438812255859375,2.8638845443725587,-3.3555543184280396,-3.829723834991455,0.6438812255859375,0.9967616358376524,0.0019871013021102142,0.0012512628602373039,0.9967616358376524,0.0019871013021102142,0.0012512628602373039,0.9967616358376524,0.0019871013021102142,-0.9955103729774151,1,1,0.128,1180.0,0.8269686996936798,0.9640318690614057,-0.41403186906140566
275,275,categorical_soft,1,1,False,0.0,0.0,0.0,1.0,0.0,2,-1.0,0.7465534925460815,-1.1626027941703796,5.095945167541504,-1.2737376689910889,0.7465534925460815,0.0019311072452720072,0.9962888521984345,0.0017800405562934068,0.0019311072452720072,0.9962888521984345,0.0017800405562934068,0.9962888521984345,0.0019311072452720072,-0.9945088116421411,2,2,0.256,850.0,1.0121175795793533,0.9900091090472307,-0.4400091090472307
276,276,categorical_soft,0,0,False,0.0,0.0,1.0,0.0,0.0,1,-1.0,0.6487019717693329,3.7100150108337404,-6.961067581176758,-3.676517152786255,0.6487019717693329,0.999352439525976,2.3213651743894685e-05,0.0006243468222802545,0.999352439525976,2.3213651743894685e-05,0.0006243468222802545,0.999352439525976,2.3213651743894685e-05,-0.9987280927036957,1,1,0.512,1150.0,1.1009928733110428,0.9907244605102499,-0.4407244605102498
277,277,categorical_soft,0,0,False,0.0,0.0,1.0,0.0,0.0,1,-1.0,0.649496790766716,3.0960749626159667,-0.20905564799904824,-5.744760513305664,0.649496790766716,0.9644454990616083,0.03541468522493784,0.00013981571345368556,0.9644454990616083,0.03541468522493784,0.00013981571345368556,0.9644454990616083,0.03541468522493784,-0.9643056833481546,1,1,0.128,680.0,0.9255853593349457,0.9875783536318303,-0.4375783536318303
278,278,categorical_soft,1,1,True,0.15633731192870665,0.0,0.0,0.843662679195404,0.15633730590343475,2,-0.6873253732919693,0.4633161336183548,-0.893332976102829,1.288065993785858,0.46723729372024536,0.4633161336183548,0.07277055305651406,0.6438644249447336,0.28336502199875213,0.07277055305651406,0.6438644249447336,0.28336502199875213,0.6438644249447336,0.07277055305651406,-0.3604994029459815,2,2,0.032,850.0,0.6262553837150335,0.9370345759096455,-0.3870345759096454
279,279,categorical_soft,1,1,True,0.5298821104103935,0.0,0.0,0.4701178967952728,0.5298821330070496,3,0.05976423621177673,0.44468799233436584,0.12829725444316864,0.36840889751911166,-0.4217208206653595,0.44468799233436584,0.35106110069345026,0.44626710274798576,0.20267179655856388,0.35106110069345026,0.44626710274798576,0.20267179655856388,0.44626710274798576,0.35106110069345026,-0.24359530618942188,2,2,0.0,850.0,0.09916174411773682,0.5275465849209846,0.022453415079015437
280,280,categorical_soft,1,1,True,0.1950017066658168,0.0,0.0,0.8049982786178589,0.19500170648097992,2,-0.609996572136879,0.43196911811828614,-0.10398239940404892,0.0966290481388569,0.09616462290287017,0.43196911811828614,0.2904556093833274,0.35480800794653544,0.3547363826701373,0.2904556093833274,0.35480800794653544,0.3547363826701373,0.35480800794653544,0.2904556093833274,-7.16252763981462e-05,2,2,0.0,650.0,0.3817058764398098,0.8506450788496379,-0.30064507884963787
281,281,categorical_soft,0,0,True,0.24079107969569813,0.0,0.7592089176177979,0.0,0.24079108238220215,1,-0.5184178352355957,0.40745669454336164,-0.12886450234800578,0.48123231530189514,-0.08869748860597611,0.40745669454336164,0.2577900303728945,0.4736075074442999,0.26860246218280553,0.2577900303728945,0.4736075074442999,0.26860246218280553,0.2577900303728945,0.4736075074442999,0.010812431809911038,2,2,0.032,550.0,0.26255927979946136,0.7815645134853585,-0.23156451348535845
282,282,categorical_soft,0,0,False,0.0,0.0,1.0,0.0,0.0,1,-1.0,0.6952363640069962,2.598083424568176,-2.128246808052063,-3.9431143283843992,0.6952363640069962,0.9897843411208234,0.00877307817650447,0.0014425807026722064,0.9897843411208234,0.00877307817650447,0.0014425807026722064,0.9897843411208234,0.00877307817650447,-0.9883417604181511,1,1,0.512,440.0,0.9626259952783585,0.9922103971270537,-0.4422103971270537
283,283,categorical_soft,0,0,True,0.4337579858360813,0.0,0.5662420392036438,0.0,0.4337579905986786,1,-0.1324840486049652,0.4601877585053444,0.07652842458337546,0.4471299022436142,-0.25079104155302046,0.4601877585053444,0.3154675787368241,0.45613961880623155,0.22839280245694443,0.3154675787368241,0.45613961880623155,0.22839280245694443,0.3154675787368241,0.45613961880623155,-0.08707477627987964,2,2,0.0,990.0,0.1937071830034256,0.600143305897875,-0.05014330589787497
284,284,categorical_soft,1,1,False,0.0,0.0,0.0,1.0,0.0,2,-1.0,0.6711702704429626,-2.7374255418777467,8.773664379119873,-1.2504295229911804,0.6711702704429626,1.025449708527325e-05,0.9999414416027189,4.830390019577849e-05,1.025449708527325e-05,0.9999414416027189,4.830390019577849e-05,0.9999414416027189,1.025449708527325e-05,-0.9998931377025232,2,2,0.512,1180.0,1.0494448315293994,0.9876492570449825,-0.4376492570449825
285,285,categorical_soft,0,0,True,0.20068470657477516,0.0,0.7993152737617493,0.0,0.20068471133708954,1,-0.5986305624246597,0.3333331152796745,0.20251393169164658,-0.5105641514062882,-0.30436379462480545,0.3333331152796745,0.4779058627781806,0.2340548313037925,0.28803930591802696,0.4779058627781806,0.2340548313037925,0.28803930591802696,0.4779058627781806,0.2340548313037925,-0.18986655686015363,1,1,0.064,740.0,0.38829944282770157,0.8407161680580805,-0.2907161680580804
286,286,categorical_soft,1,1,False,0.0,0.0,0.0,1.0,0.0,2,-1.0,0.5648753017187118,-2.7722235202789305,7.3797191143035885,-0.6511447191238403,0.5648753017187118,4.0199706653472966e-05,0.9996044458624592,0.00035535443088738724,4.0199706653472966e-05,0.9996044458624592,0.00035535443088738724,0.9996044458624592,4.0199706653472966e-05,-0.9992490914315718,2,2,0.512,1140.0,0.9693213626742363,0.9826413425144718,-0.4326413425144717
287,287,categorical_soft,1,1,True,0.1485846174179713,0.0,0.0,0.8514153957366943,0.14858461916446686,2,-0.7028307765722275,0.38305515199899676,-3.048702073097229,3.9766406059265136,1.816763412952423,0.38305515199899676,0.0008064552856955345,0.8957861160154806,0.10340742869882402,0.0008064552856955345,0.8957861160154806,0.10340742869882402,0.8957861160154806,0.0008064552856955345,-0.7923786873166566,2,2,0.256,780.0,0.7106173224747181,0.9607977457080538,-0.4107977457080537
288,288,categorical_soft,0,0,False,0.0,0.0,1.0,0.0,0.0,1,-1.0,0.5976550370454788,3.242797064781189,-2.2924017190933226,-5.323386335372925,0.5976550370454788,0.9958637617732663,0.003944033826077548,0.0001922044006561254,0.9958637617732663,0.003944033826077548,0.0001922044006561254,0.9958637617732663,0.003944033826077548,-0.9956715573726101,1,1,0.256,880.0,0.9866893738508224,0.9882830661053026,-0.43828306610530254
289,289,categorical_soft,0,0,False,0.0,0.0,1.0,0.0,0.0,1,-1.0,0.6432272642850876,2.8824051141738893,-1.2747259140014648,-4.924894714355469,0.6432272642850876,0.9841852602474617,0.015410010230395038,0.00040472952214312756,0.9841852602474617,0.015410010230395038,0.00040472952214312756,0.9841852602474617,0.015410010230395038,-0.9837805307253186,1,1,0.064,920.0,0.7644073963165283,0.9642412099292518,-0.41424120992925173
290,290,categorical_soft,0,0,True,0.1381227231744136,0.0,0.8618772625923157,0.0,0.13812272250652313,1,-0.7237545400857925,0.4487568214535713,1.9031971454620362,-3.128645181655884,-2.0965365171432495,0.4487568214535713,0.9748130061350592,0.006365642298616006,0.018821351566324845,0.9748130061350592,0.006365642298616006,0.018821351566324845,0.9748130061350592,0.006365642298616006,-0.9559916545687344,1,1,0.512,600.0,1.4786475822329521,0.9992462463328757,-0.4492462463328757
291,291,categorical_soft,1,1,True,0.15995708681233395,0.0,0.0,0.8400428891181946,0.15995708107948303,2,-0.6800858080387115,0.3603340283036232,-0.07830912717618048,0.021648611500859262,-0.012377645820379257,0.3603340283036232,0.31530479679623225,0.34847441610962865,0.33622078709413905,0.31530479679623225,0.34847441610962865,0.33622078709413905,0.34847441610962865,0.31530479679623225,-0.012253629015489598,2,2,0.0,920.0,0.611028790473938,0.9269618633162482,-0.37696186331624815
292,292,categorical_soft,0,0,False,0.0,0.0,1.0,0.0,0.0,1,-1.0,0.7213223397731781,2.8103003025054933,-0.22588890194892883,-5.213319969177246,0.7213223397731781,0.953867111963668,0.045819902705350316,0.0003129853309814856,0.953867111963668,0.045819902705350316,0.0003129853309814856,0.953867111963668,0.045819902705350316,-0.9535541266326866,1,1,0.064,970.0,0.7140514403581619,0.9519763772780255,-0.4019763772780255
293,293,categorical_soft,1,1,True,0.14477298929539312,0.0,0.0,0.855226993560791,0.1447729915380478,2,-0.7104540020227432,0.615315967798233,-4.221524572372436,5.649546051025391,2.5107015132904054,0.615315967798233,5.049389704876794e-05,0.9583894645392318,0.041560041563719334,5.049389704876794e-05,0.9583894645392318,0.041560041563719334,0.9583894645392318,5.049389704876794e-05,-0.9168294229755125,2,2,0.512,1130.0,0.881339731393382,0.9738120010607991,-0.4238120010607991
294,294,categorical_soft,1,1,False,0.0,0.0,0.0,1.0,0.0,2,-1.0,0.5282844305038452,-0.6298904240131378,5.910203218460083,-2.2974960565567017,0.5282844305038452,0.0014471775463598944,0.9982629796700795,0.00028984278356056686,0.0014471775463598944,0.9982629796700795,0.00028984278356056686,0.9982629796700795,0.0014471775463598944,-0.9979731368865189,2,2,0.128,800.0,0.8723767548799515,0.9814709344251706,-0.4314709344251706
295,295,categorical_soft,1,1,False,0.0,0.0,0.0,1.0,0.0,2,-1.0,0.5994196146726608,-2.6152883052825926,7.471814870834351,-0.8291789889335632,0.5994196146726608,4.2588666586727594e-05,0.9996853839320152,0.0002720274013980802,4.2588666586727594e-05,0.9996853839320152,0.0002720274013980802,0.9996853839320152,4.2588666586727594e-05,-0.9994133565306171,2,2,0.512,980.0,0.9144380930811167,0.9812820490448256,-0.4312820490448256
296,296,categorical_soft,1,1,True,0.14963844126577752,0.0,0.0,0.8503615856170654,0.14963844418525696,2,-0.7007231414318085,0.4817196115851402,-2.188329076766968,2.5781325101852417,1.0866017103195191,0.4817196115851402,0.006975585542614608,0.8105693189939988,0.18245509546338648,0.006975585542614608,0.8105693189939988,0.18245509546338648,0.8105693189939988,0.006975585542614608,-0.6281142235306123,2,2,0.512,510.0,0.6265748795121908,0.9573684414410254,-0.40736844144102535
297,297,categorical_soft,1,1,True,0.1490484519506305,0.0,0.0,0.8509515523910522,0.14904844760894775,2,-0.7019031047821045,0.4414283350110054,-4.438669490814209,5.374652004241943,2.8198503494262694,0.4414283350110054,5.2123678397697165e-05,0.9278228102845144,0.07212506603708792,5.2123678397697165e-05,0.9278228102845144,0.07212506603708792,0.9278228102845144,5.2123678397697165e-05,-0.8556977442474265,2,2,0.512,1130.0,0.7884399071335793,0.9592798762345498,-0.40927987623454976
298,298,categorical_soft,1,1,False,0.0,0.0,0.0,1.0,0.0,2,-1.0,0.6099473506212234,-0.8486830472946167,4.88419246673584,-1.5509861350059508,0.6099473506212234,0.003227289108411141,0.9951365538276814,0.0016361570639074866,0.003227289108411141,0.9951365538276814,0.0016361570639074866,0.9951365538276814,0.003227289108411141,-0.9935003967637739,2,2,0.512,490.0,0.915975533425808,0.989622194411161,-0.4396221944111609
299,299,categorical_soft,0,0,False,0.0,0.0,1.0,0.0,0.0,1,-1.0,0.5533222556114197,0.7774303734302521,1.5824276447296142,-1.898721694946289,0.5533222556114197,0.3025717709462025,0.6765881500168428,0.02084007903695474,0.3025717709462025,0.6765881500168428,0.02084007903695474,0.3025717709462025,0.6765881500168428,-0.2817316919092478,2,2,0.0,540.0,0.1374301016330719,0.6619619019605973,-0.1119619019605973
300,300,categorical_soft,1,1,False,0.0,0.0,0.0,1.0,0.0,2,-1.0,0.5875822067260742,-1.2487721920013428,4.8484275341033936,-1.0329411625862122,0.5875822067260742,0.00225272783204103,0.9949018756477249,0.002845396520234085,0.00225272783204103,0.9949018756477249,0.002845396520234085,0.9949018756477249,0.00225272783204103,-0.9920564791274908,2,2,0.512,650.0,0.9220624417066574,0.9878075660184856,-0.4378075660184856
301,301,categorical_soft,0,0,True,0.3926417585264873,0.0,0.6073582172393799,0.0,0.39264175295829773,1,-0.21471646428108215,0.44132922887802123,-0.118243439309299,-0.3293202489614487,0.24554576575756074,0.44132922887802123,0.3079188720789324,0.24956022929363925,0.4425208986274282,0.3079188720789324,0.24956022929363925,0.4425208986274282,0.3079188720789324,0.24956022929363925,0.1346020265484958,3,3,0.0,780.0,0.17007821798324585,0.6325402226419574,-0.08254022264195737
302,302,categorical_soft,0,0,True,0.17886932257187405,0.0,0.8211306929588318,0.0,0.1788693219423294,1,-0.6422613710165024,0.36992036253213884,-0.0015982503071427345,-0.10212714374065399,0.07876538038253784,0.36992036253213884,0.33476185336287145,0.30270797144543515,0.3625301751916934,0.33476185336287145,0.30270797144543515,0.3625301751916934,0.33476185336287145,0.30270797144543515,0.02776832182882194,3,3,0.064,490.0,0.39768432080745697,0.8819542041042935,-0.33195420410429344
303,303,categorical_soft,1,1,False,0.0,0.0,0.0,1.0,0.0,2,-1.0,0.6797097653150559,1.0174644410610199,1.43300142288208,-2.219783639907837,0.6797097653150559,0.39146184923109234,0.593111710069319,0.015426440699588793,0.39146184923109234,0.593111710069319,0.015426440699588793,0.593111710069319,0.39146184923109234,-0.5776852693697302,2,2,0.0,570.0,0.11988545954227448,0.6340609673785624,-0.08406096737856239
304,304,categorical_soft,1,1,True,0.1426841499922351,0.0,0.0,0.8573158383369446,0.14268414676189423,2,-0.7146316915750504,0.43247913718223574,-2.933178424835205,4.114065957069397,1.7870702266693115,0.43247913718223574,0.0008109821688538318,0.9103070840862856,0.08888193374486061,0.0008109821688538318,0.9103070840862856,0.08888193374486061,0.9103070840862856,0.0008109821688538318,-0.8214251503414249,2,2,0.256,1040.0,0.9303916841745377,0.9813929123148705,-0.4313929123148704
305,305,categorical_soft,1,1,True,0.15134368036888202,0.0,0.0,0.8486562967300415,0.1513436734676361,2,-0.6973126232624054,0.4992094233632088,-2.3929558038711547,2.9868955612182617,1.273357057571411,0.4992094233632088,0.003937248878171904,0.8439085929407046,0.15215415818112357,0.003937248878171904,0.8439085929407046,0.15215415818112357,0.8439085929407046,0.003937248878171904,-0.6917544347595811,2,2,0.256,560.0,0.6133843287825584,0.9519607250283878,-0.40196072502838776
306,306,categorical_soft,1,1,True,0.17814919649739103,0.0,0.0,0.8218507766723633,0.17814919352531433,2,-0.643701583147049,0.4171383813023567,-1.9192386269569397,2.4336238861083985,1.1078607797622682,0.4171383813023567,0.010189410591349235,0.7819434051524881,0.2078671842561627,0.010189410591349235,0.7819434051524881,0.2078671842561627,0.7819434051524881,0.010189410591349235,-0.5740762208963254,2,2,0.128,830.0,0.48410578817129135,0.8834798048379447,-0.3334798048379447
307,307,categorical_soft,0,0,False,0.0,0.0,1.0,0.0,0.0,1,-1.0,0.5949473202228546,2.205028700828552,0.3471114695072174,-4.44921088218689,0.5949473202228546,0.8640284721982822,0.13485667133831222,0.0011148564634055045,0.8640284721982822,0.13485667133831222,0.0011148564634055045,0.8640284721982822,0.13485667133831222,-0.8629136157348767,1,1,0.128,430.0,0.6822309195995331,0.9701567791206914,-0.4201567791206914
308,308,categorical_soft,0,0,True,0.19729139267598805,0.0,0.802708625793457,0.0,0.19729138910770416,1,-0.6054172366857529,0.3546681523323059,0.09057190613821149,0.5196104675531388,-0.37948557138442995,0.3546681523323059,0.3157529885231211,0.4844953645565682,0.19975164692031064,0.3157529885231211,0.4844953645565682,0.19975164692031064,0.3157529885231211,0.4844953645565682,-0.11600134160281048,2,2,0.032,520.0,0.3433762788772583,0.8465847675222417,-0.2965847675222416
309,309,categorical_soft,1,1,False,0.0,0.0,0.0,1.0,0.0,2,-1.0,0.6014469355344773,2.6809924840927124,-0.04135230928659439,-5.136072444915771,0.6014469355344773,0.937931632226508,0.06168975710947607,0.00037861066401575984,0.937931632226508,0.06168975710947607,0.00037861066401575984,0.06168975710947607,0.937931632226508,-0.06131114644546031,1,1,0.0,1000.0,0.5186137944401708,0.8797866948377613,-0.32978669483776124
310,310,categorical_soft,1,1,False,0.0,0.0,0.0,1.0,0.0,2,-1.0,0.5244097769260406,0.2121765360236168,3.3770190715789794,-2.0988757371902467,0.5244097769260406,0.040444591416163515,0.9555185542654264,0.004036854318410044,0.040444591416163515,0.9555185542654264,0.004036854318410044,0.9555185542654264,0.040444591416163515,-0.9514816999470164,2,2,0.032,970.0,0.39643021300435066,0.8063145232842015,-0.25631452328420146
311,311,categorical_soft,1,1,True,0.15569712710598393,0.0,0.0,0.8443028926849365,0.15569712221622467,2,-0.6886057704687119,0.4075007259845734,-2.2189499378204345,2.6700064659118654,1.2370190024375916,0.4075007259845734,0.006097796108878485,0.8023999653642582,0.19150223852686327,0.006097796108878485,0.8023999653642582,0.19150223852686327,0.8023999653642582,0.006097796108878485,-0.610897726837395,2,2,0.256,650.0,0.5836306642740965,0.9388779207407766,-0.38887792074077654
312,312,categorical_soft,1,1,False,0.0,0.0,0.0,1.0,0.0,2,-1.0,0.6668836325407028,-1.4627805948257446,4.18147759437561,-0.47710019052028657,0.6668836325407028,0.0035128618678952465,0.9867453419421898,0.009741796189915126,0.0035128618678952465,0.9867453419421898,0.009741796189915126,0.9867453419421898,0.0035128618678952465,-0.9770035457522747,2,2,0.512,610.0,0.9209451451897621,0.9883116426258042,-0.43831164262580413
313,313,categorical_soft,0,0,False,0.0,0.0,1.0,0.0,0.0,1,-1.0,0.770755934715271,2.8727578639984133,-2.849623703956604,-4.054402875900268,0.770755934715271,0.9957443317561442,0.0032625497702999987,0.0009931184735558231,0.9957443317561442,0.0032625497702999987,0.0009931184735558231,0.9957443317561442,0.0032625497702999987,-0.9947512132825883,1,1,0.512,640.0,1.0328418463468552,0.9929736339388011,-0.44297363393880107
314,314,categorical_soft,0,0,False,0.0,0.0,1.0,0.0,0.0,1,-1.0,0.6905650198459625,2.616821837425232,1.0380207538604735,-5.205863523483276,0.6905650198459625,0.828529966641114,0.17113220989693956,0.00033782346194639456,0.828529966641114,0.17113220989693956,0.00033782346194639456,0.828529966641114,0.17113220989693956,-0.8281921431791676,1,1,0.064,740.0,0.653642937541008,0.9510753730288615,-0.4010753730288614
315,315,categorical_soft,1,1,True,0.18445459278003695,0.0,0.0,0.815545380115509,0.18445459008216858,2,-0.6310907900333405,0.4153033845126629,-0.1665998823940754,1.0329655528068542,-0.12465796023607253,0.4153033845126629,0.18622795986327428,0.6176520018666429,0.19612003827008279,0.18622795986327428,0.6176520018666429,0.19612003827008279,0.6176520018666429,0.18622795986327428,-0.42153196359656014,2,2,0.064,410.0,0.3565915375947952,0.8705246549234951,-0.320524654923495
316,316,categorical_soft,1,1,True,0.14385024512179656,0.0,0.0,0.8561497330665588,0.14385025203227997,2,-0.7122994810342789,0.419973661005497,-1.9436935305595398,2.4419042587280275,1.045701539516449,0.419973661005497,0.009978121876596961,0.7935252143156026,0.19649666380780043,0.009978121876596961,0.7935252143156026,0.19649666380780043,0.7935252143156026,0.009978121876596961,-0.5970285505078022,2,2,0.512,450.0,0.7426585806533694,0.9771188704324757,-0.42711887043247565
317,317,categorical_soft,1,1,True,0.2529653022322077,0.0,0.0,0.7470346689224243,0.2529653012752533,2,-0.494069367647171,0.3311652779579163,0.5926375240087509,-1.4176707029342652,-0.6217211246490478,0.3311652779579163,0.6987049465036602,0.09372396229621449,0.20757109120012546,0.6987049465036602,0.09372396229621449,0.20757109120012546,0.09372396229621449,0.6987049465036602,0.11384712890391097,1,1,0.0,840.0,0.31598392128944397,0.7663283213325881,-0.21632832133258806
318,318,categorical_soft,1,1,False,0.0,0.0,0.0,1.0,0.0,2,-1.0,0.5452506214380264,-0.3248884558677673,3.4809869050979616,-1.4877359867095947,0.5452506214380264,0.021630594635730038,0.971503389555032,0.0068660158092379965,0.021630594635730038,0.971503389555032,0.0068660158092379965,0.971503389555032,0.021630594635730038,-0.9646373737457941,2,2,0.032,690.0,0.6099110618233681,0.9433591631568852,-0.3933591631568851
319,319,categorical_soft,0,0,False,0.0,0.0,1.0,0.0,0.0,1,-1.0,0.6492912650108338,3.2046047925949095,-0.5309009790420532,-5.998955011367798,0.6492912650108338,0.9765765331538429,0.023324590034472504,9.887681168473485e-05,0.9765765331538429,0.023324590034472504,9.887681168473485e-05,0.9765765331538429,0.023324590034472504,-0.9764776563421581,1,1,0.256,420.0,0.8809878528118134,0.9886837339785269,-0.4386837339785269
320,320,categorical_soft,1,1,False,0.0,0.0,0.0,1.0,0.0,2,-1.0,0.6573339939117432,1.0161545157432557,1.756423783302307,-2.5297491550445557,0.6573339939117432,0.32011317962872077,0.6706155913395677,0.00927122903171165,0.32011317962872077,0.6706155913395677,0.00927122903171165,0.6706155913395677,0.32011317962872077,-0.6613443623078561,2,2,0.0,700.0,0.10261709988117218,0.5764236634331203,-0.026423663433120304
321,321,categorical_soft,0,0,True,0.1402273227231401,0.0,0.8597726821899414,0.0,0.1402273178100586,1,-0.7195453643798828,0.6831874698400497,2.2655459880828857,-2.1973714590072633,-2.716638422012329,0.6831874698400497,0.9816108540050511,0.01134906592061784,0.007040080074331036,0.9816108540050511,0.01134906592061784,0.007040080074331036,0.9816108540050511,0.01134906592061784,-0.9745707739307201,1,1,0.128,1000.0,1.0652206018567085,0.9907709267812306,-0.44077092678123053
322,322,categorical_soft,1,1,True,0.2867941577344816,0.0,0.0,0.7132058143615723,0.28679415583610535,2,-0.4264116585254669,0.37905017733573915,-0.4313226193189621,0.9335224509239197,0.1124043881893158,0.37905017733573915,0.1508178047934366,0.58944343647617,0.2597387587303934,0.1508178047934366,0.58944343647617,0.2597387587303934,0.58944343647617,0.1508178047934366,-0.3297046777457766,2,2,0.0,1030.0,0.3215598538517952,0.7283040136993101,-0.17830401369931004
323,323,categorical_soft,0,0,False,0.0,0.0,1.0,0.0,0.0,1,-1.0,0.6672540873289108,3.038107419013977,-4.681607294082641,-3.640988826751709,0.6672540873289108,0.9982836660829465,0.0004443112582246965,0.0012720226588287357,0.9982836660829465,0.0004443112582246965,0.0012720226588287357,0.9982836660829465,0.0004443112582246965,-0.9970116434241177,1,1,0.512,830.0,1.0152685642242432,0.9903932264934603,-0.44039322649346024
324,324,categorical_soft,1,1,True,0.406473696242102,0.0,0.0,0.593526303768158,0.40647369623184204,2,-0.18705260753631592,0.4333376631140709,-0.18854272812604905,0.013754947111010551,0.19897290468215942,0.4333376631140709,0.27053583345705196,0.3310396690672649,0.3984244974756831,0.27053583345705196,0.3310396690672649,0.3984244974756831,0.3310396690672649,0.27053583345705196,0.0673848284084182,3,3,0.032,910.0,0.19233771413564682,0.6214666338918414,-0.07146663389184138
325,325,categorical_soft,1,1,False,0.0,0.0,0.0,1.0,0.0,2,-1.0,0.5405979692935944,-0.09126191749237478,2.1995816230773926,-1.0319680273532867,0.5405979692935944,0.08868493130341251,0.8761233562046215,0.03519171249196608,0.08868493130341251,0.8761233562046215,0.03519171249196608,0.8761233562046215,0.08868493130341251,-0.8409316437126554,2,2,0.032,580.0,0.3728146329522133,0.8557427906917575,-0.30574279069175747
326,326,categorical_soft,1,1,False,0.0,0.0,0.0,1.0,0.0,2,-1.0,0.6353163152933121,-2.0473958969116213,5.793140077590943,-0.6110821455717087,0.6353163152933121,0.0003978040127493655,0.9978427958441365,0.0017594001431140694,0.0003978040127493655,0.9978427958441365,0.0017594001431140694,0.9978427958441365,0.0003978040127493655,-0.9960833957010224,2,2,0.256,1060.0,0.8593176230788231,0.9731977628428837,-0.4231977628428837
327,327,categorical_soft,1,1,False,0.0,0.0,0.0,1.0,0.0,2,-1.0,0.5617823451757431,-0.7685286164283752,5.802311611175537,-2.13525927066803,0.5617823451757431,0.0014054119520268012,0.9982213136069813,0.000373274440991851,0.0014054119520268012,0.9982213136069813,0.000373274440991851,0.9982213136069813,0.0014054119520268012,-0.9978480391659894,2,2,0.064,1040.0,0.6845659837126732,0.9403402151492702,-0.3903402151492702
328,328,categorical_soft,1,1,True,0.1610820202706162,0.0,0.0,0.8389179706573486,0.16108201444149017,2,-0.6778359562158585,0.3881377302110195,-1.183145773410797,2.223863434791565,0.48960652351379397,0.3881377302110195,0.027608507078314387,0.8260311480403741,0.1463603448813113,0.027608507078314387,0.8260311480403741,0.1463603448813113,0.8260311480403741,0.027608507078314387,-0.6796708031590628,2,2,0.032,1080.0,0.6413864023052156,0.9239454056477846,-0.37394540564778456
329,329,categorical_soft,1,1,False,0.0,0.0,0.0,1.0,0.0,2,-1.0,0.5787044763565063,0.708913403749466,2.3598913192749023,-2.3487726211547852,0.5787044763565063,0.15980339619120848,0.832616468488256,0.007580135320535421,0.15980339619120848,0.832616468488256,0.007580135320535421,0.832616468488256,0.15980339619120848,-0.8250363331677205,2,2,0.032,710.0,0.5105309039354324,0.9089025872845348,-0.3589025872845347
330,330,categorical_soft,0,0,True,0.13915241017614322,0.0,0.8608475923538208,0.0,0.1391524076461792,1,-0.7216951847076416,0.4752382978796959,1.7977121353149415,-3.1689556360244753,-1.9372989535331726,0.4752382978796959,0.9691384876253573,0.006761331855784164,0.0241001805188586,0.9691384876253573,0.006761331855784164,0.0241001805188586,0.9691384876253573,0.006761331855784164,-0.9450383071064986,1,1,0.256,630.0,1.1019249856472015,0.9950456617702963,-0.44504566177029625
331,331,categorical_soft,0,0,False,0.0,0.0,1.0,0.0,0.0,1,-1.0,0.6392148733139038,1.2755216598510741,1.1632308483123779,-2.6454844951629637,0.6392148733139038,0.5225459574119681,0.4670456322723764,0.010408410315655621,0.5225459574119681,0.4670456322723764,0.010408410315655621,0.5225459574119681,0.4670456322723764,-0.5121375470963124,1,1,0.0,830.0,0.20126265287399292,0.6538655747685236,-0.10386557476852354
332,332,categorical_soft,0,0,True,0.2209024574979664,0.0,0.7790975570678711,0.0,0.2209024578332901,1,-0.558195099234581,0.5732453882694244,1.4028866767883301,-0.4866821378469467,-1.8751394867897033,0.5732453882694244,0.8402586603762632,0.12716885537355718,0.03257248425017972,0.8402586603762632,0.12716885537355718,0.03257248425017972,0.8402586603762632,0.12716885537355718,-0.8076861761260834,1,1,0.064,730.0,0.34088726341724396,0.8088671033863649,-0.25886710338636487
333,333,categorical_soft,1,1,False,0.0,0.0,0.0,1.0,0.0,2,-1.0,0.5878906667232513,1.0036684334278108,2.6996705770492553,-2.784509229660034,0.5878906667232513,0.15453811384691446,0.8418897317040424,0.0035721544490431773,0.15453811384691446,0.8418897317040424,0.0035721544490431773,0.8418897317040424,0.15453811384691446,-0.8383175772549992,2,2,0.0,1080.0,0.817897766828537,0.9665757296194332,-0.4165757296194331
334,334,categorical_soft,0,0,True,0.45591100746087365,0.0,0.5440890192985535,0.0,0.4559110105037689,1,-0.08817800879478455,0.44244851768016813,-0.0438961117528379,-0.22440510764718055,0.23543898463249208,0.44244851768016813,0.31707626857886734,0.2647163240136634,0.4182074074074692,0.31707626857886734,0.2647163240136634,0.4182074074074692,0.31707626857886734,0.2647163240136634,0.10113113882860186,3,3,0.032,500.0,0.05920746922492981,0.5832016383152792,-0.033201638315279114
335,335,categorical_soft,1,1,True,0.29072301708682174,0.0,0.0,0.7092769742012024,0.2907230257987976,2,-0.4185539484024048,0.44516644030809405,0.24829270988702773,0.3976052552461624,-0.6150688648223877,0.44516644030809405,0.38666433437569375,0.4478420667752361,0.16549359884907025,0.38666433437569375,0.4478420667752361,0.16549359884907025,0.4478420667752361,0.38666433437569375,-0.28234846792616586,2,2,0.0,1190.0,0.3566339612007141,0.7242176165579642,-0.1742176165579642
336,336,categorical_soft,1,1,True,0.4317453803135542,0.0,0.0,0.5682545900344849,0.43174538016319275,2,-0.13650920987129211,0.3535241812467575,-0.1595179833471775,0.28243652284145354,0.017674027383327483,0.3535241812467575,0.26681615846522677,0.4147216970876677,0.3184621444471055,0.26681615846522677,0.4147216970876677,0.3184621444471055,0.4147216970876677,0.26681615846522677,-0.09625955264056218,2,2,0.0,650.0,0.11160320788621902,0.6016966688828335,-0.05169666888283342
337,337,categorical_soft,0,0,False,0.0,0.0,1.0,0.0,0.0,1,-1.0,0.6844635516405105,3.191262674331665,-5.155365657806397,-3.566481685638428,0.6844635516405105,0.998586349899196,0.00023729199378576949,0.0011763581070184119,0.998586349899196,0.00023729199378576949,0.0011763581070184119,0.998586349899196,0.00023729199378576949,-0.9974099917921776,1,1,0.256,1190.0,0.9339479058980942,0.9781629898726585,-0.42816298987265844
338,338,categorical_soft,1,1,False,0.0,0.0,0.0,1.0,0.0,2,-1.0,0.5542894095182419,-0.9750498056411743,5.148110389709473,-1.5722636342048646,0.5542894095182419,0.0022132725782747662,0.996520649936581,0.0012660774851441857,0.0022132725782747662,0.996520649936581,0.0012660774851441857,0.996520649936581,0.0022132725782747662,-0.9952545724514368,2,2,0.128,940.0,0.7707909550517797,0.964490488674304,-0.41449048867430394
339,339,categorical_soft,1,1,True,0.1604912039489657,0.0,0.0,0.8395087718963623,0.1604911983013153,2,-0.679017573595047,0.4621123090386391,-1.977328360080719,2.3924397230148315,1.0507258772850037,0.4621123090386391,0.01000431645927585,0.7847116368717769,0.20528404666894723,0.01000431645927585,0.7847116368717769,0.20528404666894723,0.7847116368717769,0.01000431645927585,-0.5794275902028296,2,2,0.128,700.0,0.5527637246996164,0.9255232317218494,-0.3755232317218493
340,340,categorical_soft,0,0,False,0.0,0.0,1.0,0.0,0.0,1,-1.0,0.6055758476257325,2.5880377531051635,-2.544163155555725,-3.5948818206787108,0.6055758476257325,0.9920792397571223,0.005859122724424574,0.0020616375184531787,0.9920792397571223,0.005859122724424574,0.0020616375184531787,0.9920792397571223,0.005859122724424574,-0.9900176022386691,1,1,0.064,1130.0,0.7965922951698303,0.9608160830938423,-0.4108160830938422
341,341,categorical_soft,1,1,True,0.6383385305031333,0.0,0.0,0.36166146397590637,0.6383385062217712,3,0.27667704224586487,0.4133568570017815,-0.14841448571532964,0.46888156831264494,-0.11378449201583862,0.4133568570017815,0.2568930287906256,0.47640561134716053,0.2667013598622138,0.2568930287906256,0.47640561134716053,0.2667013598622138,0.47640561134716053,0.2568930287906256,-0.2097042514849467,2,2,0.0,830.0,0.024197444319725037,0.44178459489913063,0.10821540510086941
342,342,categorical_soft,0,0,True,0.3484725113930036,0.0,0.651527464389801,0.0,0.3484725058078766,1,-0.30305495858192444,0.3868482917547226,-0.773114162683487,1.9545342206954956,0.30603550374507904,0.3868482917547226,0.05225780476986284,0.7941624112041895,0.15357978402594774,0.05225780476986284,0.7941624112041895,0.15357978402594774,0.05225780476986284,0.7941624112041895,0.10132197925608491,2,2,0.0,930.0,0.2401103377342224,0.6696039189278831,-0.11960391892788302
343,343,categorical_soft,0,0,True,0.1408680466465338,0.0,0.859131932258606,0.0,0.14086805284023285,1,-0.7182638794183731,0.5444871991872787,2.438327360153198,-2.63921377658844,-2.9711621761322022,0.5444871991872787,0.9892914857542141,0.00617796194315171,0.00453055230263431,0.9892914857542141,0.00617796194315171,0.00453055230263431,0.9892914857542141,0.00617796194315171,-0.9847609334515798,1,1,0.128,930.0,0.998799242079258,0.9882740667620786,-0.4382740667620786
344,344,categorical_soft,1,1,False,0.0,0.0,0.0,1.0,0.0,2,-1.0,0.5069669753313064,-1.3804091930389404,5.6968952178955075,-1.4094218969345094,0.5069669753313064,0.000852669305983589,0.9982774001881876,0.0008699305058288348,0.000852669305983589,0.9982774001881876,0.0008699305058288348,0.9982774001881876,0.000852669305983589,-0.9974074696823587,2,2,0.128,1190.0,0.9841103702783585,0.9828513713934699,-0.43285137139346985
345,345,categorical_soft,0,0,False,0.0,0.0,1.0,0.0,0.0,1,-1.0,0.7084010720252991,2.6064585208892823,-0.07645800039172172,-5.00959038734436,0.7084010720252991,0.9355545190063064,0.06398171279415862,0.0004637681995350032,0.9355545190063064,0.06398171279415862,0.0004637681995350032,0.9355545190063064,0.06398171279415862,-0.9350907508067714,1,1,0.064,690.0,0.6364440619945526,0.9499356388377335,-0.3999356388377334
346,346,categorical_soft,0,0,False,0.0,0.0,1.0,0.0,0.0,1,-1.0,0.6893445372581481,1.5235965251922607,1.1121607899665833,-3.21495943069458,0.6893445372581481,0.5979874245841466,0.39663467965157756,0.005377895764275856,0.5979874245841466,0.39663467965157756,0.005377895764275856,0.5979874245841466,0.39663467965157756,-0.5926095288198707,1,1,0.032,640.0,0.6729329973459244,0.9601760593339327,-0.41017605933393264
347,347,categorical_soft,1,1,False,0.0,0.0,0.0,1.0,0.0,2,-1.0,0.6270405799150467,-2.145521306991577,5.847804594039917,-0.3527215257287025,0.6270405799150467,0.00034081686157537894,0.9975518539040971,0.0021073292343273715,0.00034081686157537894,0.9975518539040971,0.0021073292343273715,0.9975518539040971,0.00034081686157537894,-0.9954445246697697,2,2,0.512,850.0,0.9372682347893715,0.9856319148970634,-0.4356319148970633
348,348,categorical_soft,0,0,False,0.0,0.0,1.0,0.0,0.0,1,-1.0,0.6512958914041519,3.203432536125183,-0.6308962434530259,-6.140280771255493,0.6512958914041519,0.9787499510647624,0.021163592903165974,8.645603207152895e-05,0.9787499510647624,0.021163592903165974,8.645603207152895e-05,0.9787499510647624,0.021163592903165974,-0.9786634950326908,1,1,0.064,750.0,0.7316131889820099,0.965721529342436,-0.415721529342436
349,349,categorical_soft,1,1,False,0.0,0.0,0.0,1.0,0.0,2,-1.0,0.5004262089729309,-1.828686535358429,5.765596914291382,-0.7720108568668366,0.5004262089729309,0.0005057151326112192,0.9980101272963553,0.0014841575710334326,0.0005057151326112192,0.9980101272963553,0.0014841575710334326,0.9980101272963553,0.0005057151326112192,-0.9965259697253218,2,2,0.256,1070.0,1.012370828539133,0.9870300100435582,-0.4370300100435581
350,350,categorical_soft,1,1,True,0.14918507993551788,0.0,0.0,0.850814938545227,0.14918507635593414,2,-0.7016298621892929,0.3338948503136635,-0.7718283176422119,2.813483476638794,0.02565062269568443,0.3338948503136635,0.025665533865890433,0.9177734462740329,0.05656101986007665,0.025665533865890433,0.9177734462740329,0.05656101986007665,0.9177734462740329,0.025665533865890433,-0.8612124264139562,2,2,0.064,650.0,0.6683630901388824,0.9588353278858958,-0.4088353278858957
351,351,categorical_soft,0,0,False,0.0,0.0,1.0,0.0,0.0,1,-1.0,0.6419184297323227,4.093561840057373,-7.319564771652222,-4.394459009170532,0.6419184297323227,0.9997819716957222,1.1091484963430475e-05,0.00020693681931442995,0.9997819716957222,1.1091484963430475e-05,0.00020693681931442995,0.9997819716957222,1.1091484963430475e-05,-0.9995750348764079,1,1,0.512,1120.0,1.1905434653162956,0.994218091239636,-0.44421809123963596
352,352,categorical_soft,1,1,False,0.0,0.0,0.0,1.0,0.0,2,-1.0,0.5861482083797455,-0.5651958256959915,3.700814199447632,-1.2940658926963806,0.5861482083797455,0.013815773745894776,0.9792713344687097,0.0069128917853955325,0.013815773745894776,0.9792713344687097,0.0069128917853955325,0.9792713344687097,0.013815773745894776,-0.9723584426833142,2,2,0.256,400.0,0.7987911775708199,0.9835424597184669,-0.43354245971846683
353,353,categorical_soft,0,0,True,0.4211503580432464,0.0,0.5788496136665344,0.0,0.4211503565311432,1,-0.15769925713539124,0.4211949184536934,-0.20382435470819474,-0.04873034879565239,0.29128355383872984,0.4211949184536934,0.262684688636425,0.3068571717161857,0.43045813964738927,0.262684688636425,0.3068571717161857,0.43045813964738927,0.262684688636425,0.3068571717161857,0.16777345101096425,3,3,0.0,610.0,0.1087988018989563,0.6099215844506183,-0.05992158445061824
354,354,categorical_soft,1,1,True,0.1510709433256638,0.0,0.0,0.8489290475845337,0.15107093751430511,2,-0.6978581100702286,0.3123521037399769,0.17308176457881927,-0.4434486538171768,-0.15033273547887802,0.3123521037399769,0.44193263142256767,0.23845541669718262,0.31961195188024977,0.44193263142256767,0.23845541669718262,0.31961195188024977,0.23845541669718262,0.44193263142256767,0.08115653518306715,1,1,0.0,970.0,0.7178128808736801,0.9528142824883851,-0.402814282488385
355,355,categorical_soft,1,1,True,0.1748082876324218,0.0,0.0,0.8251917362213135,0.1748082935810089,2,-0.6503834426403046,0.36799018681049345,0.36362104415893554,-1.032843577861786,-0.1777643568813801,0.36799018681049345,0.5464259088008478,0.13521494026550357,0.31835915093364864,0.5464259088008478,0.13521494026550357,0.31835915093364864,0.13521494026550357,0.5464259088008478,0.18314421066814507,1,1,0.0,900.0,0.5160111337900162,0.8907261062024602,-0.34072610620246013
356,356,categorical_soft,1,1,True,0.1575029186359953,0.0,0.0,0.8424971103668213,0.1575029194355011,2,-0.6849941909313202,0.4771445944905281,0.15236922213807702,2.348948931694031,-0.9119956851005554,0.4771445944905281,0.0967567205792703,0.8694572763776677,0.03378600304306189,0.0967567205792703,0.8694572763776677,0.03378600304306189,0.8694572763776677,0.0967567205792703,-0.8356712733346058,2,2,0.032,880.0,0.6224783137440681,0.9337274851666373,-0.38372748516663724
357,357,categorical_soft,0,0,True,0.16152437249962082,0.0,0.8384756445884705,0.0,0.16152437031269073,1,-0.6769512742757797,0.3743973135948181,-0.053287594206631185,-0.28529368340969086,0.06548760384321213,0.3743973135948181,0.34285171161184685,0.27177811025095955,0.38537017813719354,0.34285171161184685,0.27177811025095955,0.38537017813719354,0.34285171161184685,0.27177811025095955,0.04251846652534669,3,3,0.064,680.0,0.5398712754249573,0.9227732052409395,-0.3727732052409395
358,358,categorical_soft,1,1,True,0.1639196719211149,0.0,0.0,0.8360803127288818,0.16391967236995697,2,-0.6721606403589249,0.4136315003037453,-0.04065673742443323,-0.14476499781012536,0.026183252036571503,0.4136315003037453,0.33676885995601297,0.30361511058001067,0.3596160294639764,0.33676885995601297,0.30361511058001067,0.3596160294639764,0.30361511058001067,0.33676885995601297,0.056000918883965745,3,3,0.0,490.0,0.4761205166578293,0.9165568128082685,-0.36655681280826846
359,359,categorical_soft,1,1,True,0.15313656571740325,0.0,0.0,0.8468634486198425,0.15313656628131866,2,-0.6937268823385239,0.39930340349674226,-2.0211132645606993,2.520538020133972,1.093006718158722,0.39930340349674226,0.00853038744143782,0.7995649416786985,0.19190467087986368,0.00853038744143782,0.7995649416786985,0.19190467087986368,0.7995649416786985,0.00853038744143782,-0.6076602707988348,2,2,0.256,620.0,0.6048325188457966,0.9464525557523773,-0.39645255575237726
360,360,categorical_soft,1,1,True,0.19101452359725563,0.0,0.0,0.8089854717254639,0.19101452827453613,2,-0.6179709434509277,0.4250966966152191,-0.38906462788581847,0.5985871195793152,0.25110043287277223,0.4250966966152191,0.1796239235093652,0.48080213686050344,0.33957393963013127,0.1796239235093652,0.48080213686050344,0.33957393963013127,0.48080213686050344,0.1796239235093652,-0.14122819723037217,2,2,0.032,450.0,0.34453414287418127,0.8579223921921969,-0.30792239219219686
361,361,categorical_soft,1,1,False,0.0,0.0,0.0,1.0,0.0,2,-1.0,0.49538818895816805,-0.13905016779899598,5.049501132965088,-2.4790266036987303,0.49538818895816805,0.0055603098389164635,0.9938941426714176,0.0005455474896658951,0.0055603098389164635,0.9938941426714176,0.0005455474896658951,0.9938941426714176,0.0055603098389164635,-0.9933485951817518,2,2,0.128,710.0,0.8633746355772018,0.9826042518450617,-0.4326042518450617
362,362,categorical_soft,0,0,True,0.14734526445152907,0.0,0.852654755115509,0.0,0.14734525978565216,1,-0.7053094953298569,0.36183954775333405,1.0047418236732484,-1.3689741373062134,-1.2898691415786743,0.36183954775333405,0.8355264268248519,0.07784897903446819,0.08662459414067991,0.8355264268248519,0.07784897903446819,0.08662459414067991,0.8355264268248519,0.07784897903446819,-0.748901832684172,1,1,0.064,960.0,0.7782713621854782,0.9649209701609414,-0.4149209701609413
363,363,categorical_soft,1,1,True,0.2824668882215106,0.0,0.0,0.7175331115722656,0.2824668884277344,2,-0.43506622314453125,0.37641263753175735,-1.4882912635803223,1.859021532535553,0.8229520738124847,0.37641263753175735,0.025341601645757404,0.7193527214217248,0.25530567693251793,0.025341601645757404,0.7193527214217248,0.25530567693251793,0.7193527214217248,0.025341601645757404,-0.46404704448920686,2,2,0.064,1130.0,0.35082195699214935,0.7328745950828798,-0.18287459508287973
364,364,categorical_soft,0,0,False,0.0,0.0,1.0,0.0,0.0,1,-1.0,0.6625094205141068,2.449938201904297,1.1349858283996581,-5.019798707962036,0.6625094205141068,0.78750326421253,0.2120406412018027,0.00045609458566727026,0.78750326421253,0.2120406412018027,0.00045609458566727026,0.78750326421253,0.2120406412018027,-0.7870471696268627,1,1,0.032,530.0,0.5941829681396484,0.949229112265047,-0.399229112265047
365,365,categorical_soft,0,0,False,0.0,0.0,1.0,0.0,0.0,1,-1.0,0.6201184689998627,4.383506917953492,-6.193884658813476,-5.760824966430664,0.6201184689998627,0.9999345510696319,2.554175888361334e-05,3.990717148441549e-05,0.9999345510696319,2.554175888361334e-05,3.990717148441549e-05,0.9999345510696319,2.554175888361334e-05,-0.9998946438981475,1,1,0.512,1120.0,1.3508169502019882,0.9973610056548473,-0.44736100565484727
366,366,categorical_soft,1,1,False,0.0,0.0,0.0,1.0,0.0,2,-1.0,0.553479728102684,-0.5918784976005554,4.437602949142456,-1.6791122317314149,0.553479728102684,0.006492042178819807,0.9912392402498806,0.0022687175712996005,0.006492042178819807,0.9912392402498806,0.0022687175712996005,0.9912392402498806,0.006492042178819807,-0.988970522678581,2,2,0.128,970.0,0.7826331406831741,0.9652369443596681,-0.41523694435966807
367,367,categorical_soft,0,0,False,0.0,0.0,1.0,0.0,0.0,1,-1.0,0.6390675842761994,2.79792058467865,-0.8034272849559784,-4.972463607788086,0.6390675842761994,0.9729914972886842,0.02659697430388979,0.0004115284074260553,0.9729914972886842,0.02659697430388979,0.0004115284074260553,0.9729914972886842,0.02659697430388979,-0.9725799688812581,1,1,0.032,840.0,0.5968253463506699,0.9287462190401073,-0.3787462190401073
368,368,categorical_soft,0,0,False,0.0,0.0,1.0,0.0,0.0,1,-1.0,0.6742081552743912,3.07090425491333,-0.7775938868522644,-5.6712939739227295,0.6742081552743912,0.9789620232120042,0.020880937282879194,0.00015703950511657895,0.9789620232120042,0.020880937282879194,0.00015703950511657895,0.9789620232120042,0.020880937282879194,-0.9788049837068876,1,1,0.128,840.0,0.846636950969696,0.978011866019843,-0.428011866019843
369,369,categorical_soft,0,0,True,0.549994792500617,0.0,0.4500052034854889,0.0,0.5499947667121887,3,0.09998956322669983,0.384046770632267,-0.16061276867985724,0.06903339475393296,0.21273496747016907,0.384046770632267,0.26956347285357124,0.3392040434225091,0.3912324837239195,0.26956347285357124,0.3392040434225091,0.3912324837239195,0.26956347285357124,0.3392040434225091,0.12166901087034826,3,3,0.0,670.0,0.04256966710090637,0.5123068033698828,0.037693196630117276
370,370,categorical_soft,0,0,False,0.0,0.0,1.0,0.0,0.0,1,-1.0,0.6525173097848892,2.382531833648682,0.4037290006875992,-4.965780401229859,0.6525173097848892,0.877883382506264,0.12155068447418416,0.0005659330195519084,0.877883382506264,0.12155068447418416,0.0005659330195519084,0.877883382506264,0.12155068447418416,-0.8773174494867121,1,1,0.032,740.0,0.4386346563696861,0.8711185197845402,-0.3211185197845402
371,371,categorical_soft,1,1,True,0.7409121730578815,0.0,0.0,0.25908783078193665,0.7409121990203857,3,0.4818243682384491,0.3804437220096588,0.22618482112884522,0.0886036954820156,-0.5594837039709091,0.3804437220096588,0.42923333343115183,0.3733064601638946,0.19746020640495357,0.42923333343115183,0.3733064601638946,0.19746020640495357,0.3733064601638946,0.42923333343115183,-0.17584625375894106,1,1,0.0,1170.0,0.02112467586994171,0.34098459826029615,0.2090154017397039
372,372,categorical_soft,0,0,False,0.0,0.0,1.0,0.0,0.0,1,-1.0,0.6360379695892334,2.712883710861206,-0.6778248608112335,-4.71457314491272,0.6360379695892334,0.9668315671980301,0.03259282261716888,0.0005756101848009064,0.9668315671980301,0.03259282261716888,0.0005756101848009064,0.9668315671980301,0.03259282261716888,-0.9662559570132292,1,1,0.032,1180.0,0.820691667497158,0.9629470093439594,-0.41294700934395934
373,373,categorical_soft,0,0,True,0.13859959724236742,0.0,0.8614004254341125,0.0,0.13859960436820984,1,-0.7228008210659027,0.462281608581543,1.3493935585021972,-3.980235552787781,-0.9145748257637024,0.462281608581543,0.9004261135876076,0.004371433609253018,0.0952024528031394,0.9004261135876076,0.004371433609253018,0.0952024528031394,0.9004261135876076,0.004371433609253018,-0.8052236607844682,1,1,0.256,720.0,1.2470764820463955,0.9972876295955952,-0.4472876295955952
374,374,categorical_soft,0,0,True,0.142547742111232,0.0,0.8574522733688354,0.0,0.14254774153232574,1,-0.7149045318365097,0.34487808793783187,1.028372085094452,-2.5053967237472534,-0.9722701132297515,0.34487808793783187,0.8574487621007861,0.025047578343001815,0.11750365955621211,0.8574487621007861,0.025047578343001815,0.11750365955621211,0.8574487621007861,0.025047578343001815,-0.739945102544574,1,1,0.064,680.0,0.8477915152907372,0.9819000580393523,-0.4319000580393523
375,375,categorical_soft,1,1,True,0.17110929758369697,0.0,0.0,0.8288906812667847,0.17110930383205414,2,-0.6577813774347305,0.33820449113845824,-0.16984963566064834,0.10670025907456875,0.13413742035627366,0.33820449113845824,0.2721669876636851,0.3589313626770032,0.36890164965931166,0.2721669876636851,0.3589313626770032,0.36890164965931166,0.3589313626770032,0.2721669876636851,0.009970286982308452,3,3,0.032,850.0,0.5218647550791502,0.8990958545060396,-0.3490958545060395
376,376,categorical_soft,0,0,False,0.0,0.0,1.0,0.0,0.0,1,-1.0,0.7032589823007583,2.4647124767303468,-0.3878277182579041,-4.286226367950439,0.7032589823007583,0.9443957722518928,0.05449908199917132,0.0011051457489359884,0.9443957722518928,0.05449908199917132,0.0011051457489359884,0.9443957722518928,0.05449908199917132,-0.9432906265029568,1,1,0.032,1110.0,0.7185393869876862,0.9448057440354843,-0.3948057440354843
377,377,categorical_soft,1,1,True,0.17171995835359766,0.0,0.0,0.8282800316810608,0.17171995341777802,2,-0.6565600782632828,0.38892573714256284,0.0034860328771173952,-0.0886988416314125,-0.12848321869969367,0.38892573714256284,0.359418300770861,0.3269021115423002,0.3136795876868388,0.359418300770861,0.3269021115423002,0.3136795876868388,0.3269021115423002,0.359418300770861,-0.01322252385546141,1,1,0.0,510.0,0.43530239164829254,0.8976874868146086,-0.3476874868146086
378,378,categorical_soft,0,0,True,0.14159409893896185,0.0,0.8584058880805969,0.0,0.14159409701824188,1,-0.716811791062355,0.350956492125988,0.8910871744155884,-2.469644474983215,-0.5637671619653701,0.350956492125988,0.787720882079249,0.02739029775078112,0.18488882016996983,0.787720882079249,0.02739029775078112,0.18488882016996983,0.787720882079249,0.02739029775078112,-0.6028320619092791,1,1,0.128,680.0,0.8935141116380692,0.9854890640603567,-0.4354890640603567
379,379,categorical_soft,1,1,True,0.15317525639557306,0.0,0.0,0.8468247652053833,0.1531752496957779,2,-0.6936495155096054,0.42677925527095795,-1.7047693610191346,2.6607866048812867,0.8738833010196686,0.42677925527095795,0.01092823177508132,0.8470272364412705,0.14204453178364812,0.01092823177508132,0.8470272364412705,0.14204453178364812,0.8470272364412705,0.01092823177508132,-0.7049827046576225,2,2,0.256,510.0,0.5773737840354443,0.9463356041727776,-0.3963356041727776
380,380,categorical_soft,1,1,True,0.16881225547255846,0.0,0.0,0.8311877250671387,0.16881226003170013,2,-0.6623754650354385,0.34640043079853056,-1.2515544891357422,1.7982136368751527,0.6570970118045807,0.34640043079853056,0.03503384363298499,0.7312844187580995,0.23368173760891545,0.03503384363298499,0.7312844187580995,0.23368173760891545,0.7312844187580995,0.03503384363298499,-0.49760268114918405,2,2,0.128,400.0,0.42385962195839966,0.9044932597432849,-0.3544932597432848
381,381,categorical_soft,0,0,True,0.13994749393293426,0.0,0.8600525259971619,0.0,0.13994748890399933,1,-0.7201050370931625,0.405242508649826,1.0294219136238099,-3.270523118972778,-0.4757105201482773,0.405242508649826,0.8089208554134482,0.01098537044002254,0.18009377414652925,0.8089208554134482,0.01098537044002254,0.18009377414652925,0.8089208554134482,0.01098537044002254,-0.6288270812669189,1,1,0.256,610.0,0.9956440702080727,0.9918732366503379,-0.44187323665033784
382,382,categorical_soft,0,0,False,0.0,0.0,1.0,0.0,0.0,1,-1.0,0.7085046350955964,2.804105544090271,-0.3818664699792862,-5.50765175819397,0.7085046350955964,0.9600196769941951,0.03974415194754587,0.00023617105825893492,0.9600196769941951,0.03974415194754587,0.00023617105825893492,0.9600196769941951,0.03974415194754587,-0.9597835059359362,1,1,0.256,480.0,0.7710565626621246,0.9793193742271186,-0.4293193742271185
383,383,categorical_soft,1,1,True,0.14417076045447696,0.0,0.0,0.8558292388916016,0.14417076110839844,2,-0.7116584777832031,0.4637091815471649,-2.575238656997681,3.231359076499939,1.423385739326477,0.4637091815471649,0.0026006430038000945,0.8568624510550921,0.14053690594110807,0.0026006430038000945,0.8568624510550921,0.14053690594110807,0.8568624510550921,0.0026006430038000945,-0.716325545113984,2,2,0.256,760.0,0.8084479738026857,0.9759628652576691,-0.425962865257669
384,384,categorical_soft,0,0,False,0.0,0.0,1.0,0.0,0.0,1,-1.0,0.6202450543642044,2.5569817781448365,-2.95283727645874,-3.4124249458312987,0.6202450543642044,0.9934249103046431,0.0040245769004064805,0.0025505127949505134,0.9934249103046431,0.0040245769004064805,0.0025505127949505134,0.9934249103046431,0.0040245769004064805,-0.9908743975096925,1,1,0.128,1080.0,0.9401882588863373,0.9813913142856413,-0.43139131428564126
385,385,categorical_soft,1,1,True,0.14549609815167108,0.0,0.0,0.8545039296150208,0.14549610018730164,2,-0.7090078294277191,0.46478134095668794,-2.472880983352661,3.091306757926941,1.3596505284309388,0.46478134095668794,0.003278137860911079,0.8468214251363968,0.14990043700269212,0.003278137860911079,0.8468214251363968,0.14990043700269212,0.8468214251363968,0.003278137860911079,-0.6969209881337046,2,2,0.256,770.0,0.7735878583043814,0.9712650823388411,-0.4212650823388411
386,386,categorical_soft,0,0,True,0.1386766372350519,0.0,0.861323356628418,0.0,0.13867664337158203,1,-0.7226467132568359,0.39944932907819747,1.5368897199630738,-3.8870511770248415,-1.086384654045105,0.39944932907819747,0.9273182929420225,0.004094285580321579,0.06858742147765604,0.9273182929420225,0.004094285580321579,0.06858742147765604,0.9273182929420225,0.004094285580321579,-0.8587308714643664,1,1,0.512,400.0,1.1461854800581932,0.9969733685655217,-0.4469733685655216
387,387,categorical_soft,0,0,False,0.0,0.0,1.0,0.0,0.0,1,-1.0,0.5957043975591659,3.349243950843811,-1.4492098093032837,-5.659653377532959,0.5957043975591659,0.9916796171399112,0.008198524404321231,0.00012185845576743724,0.9916796171399112,0.008198524404321231,0.00012185845576743724,0.9916796171399112,0.008198524404321231,-0.9915577586841438,1,1,0.256,660.0,0.940440259873867,0.9887148115988028,-0.43871481159880277
388,388,categorical_soft,1,1,True,0.16684084755566841,0.0,0.0,0.8331591486930847,0.16684085130691528,2,-0.6663182973861694,0.36130876988172533,-2.4592852354049684,3.2863040924072267,1.4119513273239135,0.36130876988172533,0.0027916867459378677,0.8644895451697139,0.1327187680843484,0.0027916867459378677,0.8644895451697139,0.1327187680843484,0.8644895451697139,0.0027916867459378677,-0.7317707770853654,2,2,0.064,1010.0,0.5850121323019266,0.90925726285887,-0.35925726285886994
389,389,categorical_soft,0,0,False,0.0,0.0,1.0,0.0,0.0,1,-1.0,0.6755539238452911,2.3233960628509522,0.25687635987997054,-4.511629199981689,0.6755539238452911,0.8867389814298565,0.11230612122538983,0.0009548973447534489,0.8867389814298565,0.11230612122538983,0.0009548973447534489,0.8867389814298565,0.11230612122538983,-0.8857840840851031,1,1,0.064,880.0,0.4785623997449875,0.8741640467966116,-0.3241640467966116
390,390,categorical_soft,1,1,True,0.2760299416475489,0.0,0.0,0.7239700555801392,0.27602994441986084,2,-0.4479401111602783,0.31572299748659133,0.13381627053022385,-0.8198180437088013,0.1639945238828659,0.31572299748659133,0.4139773759818909,0.15954786151790148,0.42647476250020766,0.4139773759818909,0.15954786151790148,0.42647476250020766,0.15954786151790148,0.4139773759818909,0.2669269009823062,3,3,0.0,1000.0,0.32620373368263245,0.7398172420363511,-0.18981724203635109
391,391,categorical_soft,0,0,False,0.0,0.0,1.0,0.0,0.0,1,-1.0,0.6704112082719803,3.194541573524475,-0.6437681615352631,-5.8801491260528564,0.6704112082719803,0.9788084702536034,0.02107888591861765,0.00011264382777876659,0.9788084702536034,0.02107888591861765,0.00011264382777876659,0.9788084702536034,0.02107888591861765,-0.9786958264258246,1,1,0.128,840.0,0.7657688558101654,0.9676319299768472,-0.41763192997684717
392,392,categorical_soft,0,0,True,0.1412916564522666,0.0,0.8587083220481873,0.0,0.14129166305065155,1,-0.7174166589975357,0.3278214082121849,0.6102607131004334,-2.1615888357162474,-0.2701990813016891,0.3278214082121849,0.6766668395331448,0.04240162407994766,0.2809315363869076,0.6766668395331448,0.04240162407994766,0.2809315363869076,0.6766668395331448,0.04240162407994766,-0.39573530314623717,1,1,0.064,930.0,0.9719650354236364,0.9866435474255073,-0.43664354742550726
393,393,categorical_soft,0,0,True,0.29355228838107594,0.0,0.7064477205276489,0.0,0.2935522794723511,1,-0.41289544105529785,0.44647649824619295,-0.062215401651337744,0.07101123593747616,0.07917598485946656,0.44647649824619295,0.3038141935119233,0.34664934009001847,0.3495364663980583,0.3038141935119233,0.34664934009001847,0.3495364663980583,0.3038141935119233,0.34664934009001847,0.04572227288613501,3,3,0.0,420.0,0.16475437581539154,0.7213106216778917,-0.17131062167789168
394,394,categorical_soft,0,0,False,0.0,0.0,1.0,0.0,0.0,1,-1.0,0.7883310556411743,3.092620301246643,-1.1532429575920105,-5.28947958946228,0.7883310556411743,0.9856442908846524,0.014124438230755723,0.00023127088459202195,0.9856442908846524,0.014124438230755723,0.00023127088459202195,0.9856442908846524,0.014124438230755723,-0.9854130200000604,1,1,0.064,1130.0,0.5938400030136108,0.9005461713773014,-0.3505461713773014
395,395,categorical_soft,0,0,True,0.22105897632457006,0.0,0.7789410352706909,0.0,0.22105897963047028,1,-0.5578820556402206,0.3400929540395737,0.03363632941618562,-0.6580684304237365,0.1895788460969925,0.3400929540395737,0.3745447090955434,0.18806170828297145,0.43739358262148526,0.3745447090955434,0.18806170828297145,0.43739358262148526,0.3745447090955434,0.18806170828297145,0.06284887352594187,3,3,0.032,1110.0,0.4338230639696121,0.8086384647508287,-0.25863846475082863
396,396,categorical_soft,1,1,False,0.0,0.0,0.0,1.0,0.0,2,-1.0,0.5662485808134079,-2.958290696144104,7.291088819503784,-0.2072506621479988,0.5662485808134079,3.600035338412385e-05,0.9993763678927149,0.0005876317539009247,3.600035338412385e-05,0.9993763678927149,0.0005876317539009247,0.9993763678927149,3.600035338412385e-05,-0.9987887361388139,2,2,0.512,1110.0,0.9393975138664246,0.9806455907424554,-0.43064559074245534
397,397,categorical_soft,1,1,False,0.0,0.0,0.0,1.0,0.0,2,-1.0,0.6108219355344773,-1.6959039568901062,7.475716066360474,-1.9045177578926087,0.6108219355344773,0.00010464893376157952,0.9998082852575975,8.706580864102496e-05,0.00010464893376157952,0.9998082852575975,8.706580864102496e-05,0.9998082852575975,0.00010464893376157952,-0.9997212194489564,2,2,0.256,1050.0,0.9099549353122711,0.9792239661600461,-0.4292239661600461
398,398,categorical_soft,1,1,True,0.15284969822104216,0.0,0.0,0.8471503257751465,0.1528497040271759,2,-0.6943006217479706,0.4590958297252655,-1.0711687624454498,1.582375204563141,0.46903204917907715,0.4590958297252655,0.05068003091262977,0.7144733049783849,0.23484666410898541,0.05068003091262977,0.7144733049783849,0.23484666410898541,0.7144733049783849,0.05068003091262977,-0.4796266408693995,2,2,0.128,490.0,0.5764550000894815,0.9473221554846154,-0.39732215548461536
399,399,categorical_soft,1,1,True,0.22781912808323002,0.0,0.0,0.7721808552742004,0.22781912982463837,2,-0.5443617254495621,0.3545325696468353,-0.4476559668779373,0.6670256495475769,0.15729725658893584,0.3545325696468353,0.1703679996159549,0.518345286728471,0.311286713655574,0.1703679996159549,0.518345286728471,0.311286713655574,0.518345286728471,0.1703679996159549,-0.20705857307289705,2,2,0.032,400.0,0.2471591681241989,0.7989866884283707,-0.24898668842837068
