trial_index,dataset_index,student_action_objective,true_direction,dir_choice,sure_available,teacher_sure_strength,target_fixation,target_left,target_right,target_sure,teacher_preferred_action,target_action_margin,raw_post_go_fixation,raw_post_go_left,raw_post_go_right,raw_post_go_sure,predicted_fixation,predicted_left,predicted_right,predicted_sure,p_left,p_right,p_sure,predicted_correct_direction,predicted_incorrect_direction,predicted_action_margin,final_argmax_choice,action_argmax_choice,stimulus_coherence,stimulus_duration_ms,internal_margin,empirical_p_correct,delta_value
0,0,categorical_soft,0,0,False,0.0,0.0,1.0,0.0,0.0,1,-1.0,0.591943421959877,6.102160263061523,-2.073021125793457,-3.7252488136291504,0.591943421959877,0.9996600737230621,0.000285301915031494,5.4624361906484365e-05,0.9996600737230621,0.000285301915031494,5.4624361906484365e-05,0.9996600737230621,0.000285301915031494,-0.9996054493611556,1,1,0.512,940.0,1.0484288111329079,0.9906774506351905,-0.4406774506351905
1,1,categorical_soft,0,0,True,0.20536326275014355,0.0,0.7946367263793945,0.0,0.20536325871944427,1,-0.5892734676599503,0.4389880508184433,-0.09225877728313207,-0.27795938551425936,0.39883089661598203,0.4389880508184433,0.28866598934485654,0.23978883672886314,0.47154517392628026,0.28866598934485654,0.23978883672886314,0.47154517392628026,0.28866598934485654,0.23978883672886314,0.18287918458142371,3,3,0.0,890.0,0.4134471267461777,0.8328962506168242,-0.2828962506168241
2,2,categorical_soft,1,1,True,0.1627092707452713,0.0,0.0,0.8372907042503357,0.16270926594734192,2,-0.6745814383029938,0.4412517324090004,-1.6806106090545654,1.1440880656242371,0.6341780841350555,0.4412517324090004,0.03568482035292607,0.6020850643790957,0.3622301152679782,0.03568482035292607,0.6020850643790957,0.3622301152679782,0.6020850643790957,0.03568482035292607,-0.2398549491111175,2,2,0.256,510.0,0.4894590051844716,0.9196709493279273,-0.3696709493279272
3,3,categorical_soft,0,0,False,0.0,0.0,1.0,0.0,0.0,1,-1.0,0.5853644073009491,6.773593425750732,-1.6858199477195739,-4.597731971740723,0.5853644073009491,0.9997731887135041,0.0002152137420845799,1.1597544411256392e-05,0.9997731887135041,0.0002152137420845799,1.1597544411256392e-05,0.9997731887135041,0.0002152137420845799,-0.9997615911690928,1,1,0.512,960.0,1.073611468076706,0.9915539535033948,-0.44155395350339477
4,4,categorical_soft,0,0,False,0.0,0.0,1.0,0.0,0.0,1,-1.0,0.5794900327920913,4.805227518081665,-1.1831867337226867,-3.2261730909347532,0.5794900327920913,0.9971593566794181,0.002515045224344796,0.00032559809623718144,0.9971593566794181,0.002515045224344796,0.00032559809623718144,0.9971593566794181,0.002515045224344796,-0.9968337585831809,1,1,0.128,1020.0,0.8045955151319504,0.9668002996095091,-0.41680029960950904
5,5,categorical_soft,0,0,True,0.1494681574748153,0.0,0.850531816482544,0.0,0.14946815371513367,1,-0.7010636627674103,0.35336081236600875,2.314551854133606,-2.599137783050537,0.6377471446990967,0.35336081236600875,0.8371447346329521,0.006186375696372017,0.15666888967067577,0.8371447346329521,0.006186375696372017,0.15666888967067577,0.8371447346329521,0.006186375696372017,-0.6804758449622763,1,1,0.064,1100.0,0.7740941792726517,0.9579179349019022,-0.4079179349019022
6,6,categorical_soft,0,0,False,0.0,0.0,1.0,0.0,0.0,1,-1.0,0.6061621516942978,4.5620770931243895,-0.9716519176959991,-3.190713572502136,0.6061621516942978,0.9955965156148101,0.003970679717307161,0.00043280466788277763,0.9955965156148101,0.003970679717307161,0.00043280466788277763,0.9955965156148101,0.003970679717307161,-0.9951637109469273,1,1,0.128,920.0,0.9184840470552444,0.9829027041866822,-0.4329027041866822
7,7,categorical_soft,0,0,False,0.0,0.0,1.0,0.0,0.0,1,-1.0,0.540706180036068,0.9683272123336792,1.5300763726234436,-1.9281079053878785,0.540706180036068,0.3560700570401121,0.6241458390461568,0.01978410391373106,0.3560700570401121,0.6241458390461568,0.01978410391373106,0.3560700570401121,0.6241458390461568,-0.336285953126381,2,2,0.0,1020.0,0.046841979026794434,0.4129663606271245,0.13703363937287555
8,8,categorical_soft,1,1,True,0.1573025373588735,0.0,0.0,0.8426974415779114,0.15730254352092743,2,-0.685394898056984,0.4061506152153015,-1.6631014943122864,1.600846517086029,0.252379959821701,0.4061506152153015,0.029484394345335795,0.7702343232337152,0.20028128242094884,0.029484394345335795,0.7702343232337152,0.20028128242094884,0.7702343232337152,0.029484394345335795,-0.5699530408127664,2,2,0.256,470.0,0.5237435521557927,0.9342915810289389,-0.3842915810289389
9,9,categorical_soft,0,0,False,0.0,0.0,1.0,0.0,0.0,1,-1.0,0.4965933546423912,6.40927939414978,-1.7094302773475647,-4.340327453613281,0.4965933546423912,0.9996780632093353,0.0003002375081571589,2.1699282507618658e-05,0.9996780632093353,0.0003002375081571589,2.1699282507618658e-05,0.9996780632093353,0.0003002375081571589,-0.9996563639268277,1,1,0.512,1010.0,1.1523869410157204,0.9938939755920116,-0.4438939755920116
10,10,categorical_soft,1,1,False,0.0,0.0,0.0,1.0,0.0,2,-1.0,0.4382087305188179,1.51520779132843,2.814192271232605,-3.1497220754623414,0.4382087305188179,0.2139373907505898,0.7840351234305669,0.0020274858188431945,0.2139373907505898,0.7840351234305669,0.0020274858188431945,0.7840351234305669,0.2139373907505898,-0.7820076376117238,2,2,0.032,1170.0,0.730802558362484,0.9441724449195158,-0.39417244491951575
11,11,categorical_soft,1,1,True,0.15537181576585085,0.0,0.0,0.8446281552314758,0.15537181496620178,2,-0.689256340265274,0.41919209659099577,-1.3180156826972962,1.047430682182312,0.3282553911209106,0.41919209659099577,0.05940504992527538,0.6324122088205413,0.3081827412541833,0.05940504992527538,0.6324122088205413,0.3081827412541833,0.6324122088205413,0.05940504992527538,-0.32422946756635795,2,2,0.064,560.0,0.5649214829318225,0.9398221432929741,-0.38982214329297404
12,12,categorical_soft,1,1,False,0.0,0.0,0.0,1.0,0.0,2,-1.0,0.5222949385643005,0.8970268785953521,2.439290165901184,-2.4416683197021483,0.5222949385643005,0.1751992164550927,0.818492149405998,0.006308634138909387,0.1751992164550927,0.818492149405998,0.006308634138909387,0.818492149405998,0.1751992164550927,-0.8121835152670887,2,2,0.064,910.0,0.7842522263526917,0.9678326450270627,-0.41783264502706263
13,13,categorical_soft,1,1,False,0.0,0.0,0.0,1.0,0.0,2,-1.0,0.5058891296386718,1.2883400082588197,1.7784540057182312,-2.2650607585906983,0.5058891296386718,0.3758686367406846,0.6133229250789742,0.01080843818034094,0.3758686367406846,0.6133229250789742,0.01080843818034094,0.6133229250789742,0.3758686367406846,-0.6025144868986333,2,2,0.032,460.0,0.8103487938642502,0.9832889224471807,-0.43328892244718065
14,14,categorical_soft,1,1,False,0.0,0.0,0.0,1.0,0.0,2,-1.0,0.5087199598550797,-0.29350726306438446,2.440958571434021,-1.5223273634910583,0.5087199598550797,0.059940356763947836,0.9223118962207743,0.01774774701527802,0.059940356763947836,0.9223118962207743,0.01774774701527802,0.9223118962207743,0.059940356763947836,-0.9045641492054962,2,2,0.064,490.0,0.6984655410051346,0.970371268883655,-0.42037126888365495
15,15,categorical_soft,1,1,False,0.0,0.0,0.0,1.0,0.0,2,-1.0,0.5779851377010345,0.7555078327655792,1.3547348976135254,-1.6288094401359559,0.5779851377010345,0.34321750459634537,0.6248410034683455,0.03194149193530912,0.34321750459634537,0.6248410034683455,0.03194149193530912,0.6248410034683455,0.34321750459634537,-0.5928995115330363,2,2,0.064,670.0,0.657180730602704,0.9555993270423452,-0.40559932704234514
16,16,categorical_soft,0,0,False,0.0,0.0,1.0,0.0,0.0,1,-1.0,0.43140066117048265,3.415434694290161,0.1320667378604412,-2.9534846544265747,0.43140066117048265,0.9619914618727196,0.036334201127451345,0.0016743369998290206,0.9619914618727196,0.036334201127451345,0.0016743369998290206,0.9619914618727196,0.036334201127451345,-0.9603171248728906,1,1,0.032,990.0,0.6548107713460922,0.9353335886244387,-0.38533358862443867
17,17,categorical_soft,0,0,False,0.0,0.0,1.0,0.0,0.0,1,-1.0,0.6204235911369324,4.302574968338012,-1.0998147964477538,-3.0165751934051515,0.6204235911369324,0.9948350878729295,0.004498886254250751,0.0006660258728198316,0.9948350878729295,0.004498886254250751,0.0006660258728198316,0.9948350878729295,0.004498886254250751,-0.9941690620001097,1,1,0.064,1160.0,0.867465652525425,0.9710154946235546,-0.4210154946235546
18,18,categorical_soft,0,0,True,0.4703194649998598,0.0,0.5296805500984192,0.0,0.4703194797039032,1,-0.05936107039451599,0.35034422427415846,1.675615417957306,-1.404966115951538,0.3106641411781311,0.35034422427415846,0.7681908832021508,0.03558702043118456,0.1962220963666647,0.7681908832021508,0.03558702043118456,0.1962220963666647,0.7681908832021508,0.03558702043118456,-0.5719687868354861,1,1,0.064,880.0,0.14334997534751892,0.5723013908026424,-0.022301390802642374
19,19,categorical_soft,0,0,True,0.15783541674977236,0.0,0.8421645760536194,0.0,0.15783542394638062,1,-0.6843291521072388,0.28520254865288736,2.0164406418800356,-1.1055300176143645,-0.1317555032670498,0.28520254865288736,0.8606172443970911,0.03808478327323854,0.1012979723296702,0.8606172443970911,0.03808478327323854,0.1012979723296702,0.8606172443970911,0.03808478327323854,-0.7593192720674209,1,1,0.064,890.0,0.6218863129615784,0.9327954541479567,-0.3827954541479567
20,20,categorical_soft,0,0,True,0.1385075905024299,0.0,0.861492395401001,0.0,0.13850758969783783,1,-0.7229848057031631,0.3515567138791084,3.8380132913589478,-4.6140467643737795,0.8372229099273681,0.3515567138791084,0.9516787431818393,0.00020461477320224937,0.048116642044958295,0.9516787431818393,0.00020461477320224937,0.048116642044958295,0.9516787431818393,0.00020461477320224937,-0.9035621011368811,1,1,0.512,940.0,1.331511277705431,0.9976637240031028,-0.4476637240031027
21,21,categorical_soft,0,0,True,0.14257556409246797,0.0,0.8574244379997253,0.0,0.14257556200027466,1,-0.7148488759994507,0.33458804339170456,1.893379533290863,-2.212220108509064,0.5620678007602692,0.33458804339170456,0.7807959508706361,0.012894525981723073,0.20630952314764076,0.7807959508706361,0.012894525981723073,0.20630952314764076,0.7807959508706361,0.012894525981723073,-0.5744864277229954,1,1,0.128,600.0,0.8269800916314125,0.9817964952979781,-0.43179649529797803
22,22,categorical_soft,1,1,True,0.17070501334162702,0.0,0.0,0.8292949795722961,0.17070502042770386,2,-0.6585899591445923,0.4514302909374237,-2.1797537326812746,1.614096963405609,0.8602017998695374,0.4514302909374237,0.015079733712643251,0.6696853027205549,0.3152349635668018,0.015079733712643251,0.6696853027205549,0.3152349635668018,0.6696853027205549,0.015079733712643251,-0.3544503391537531,2,2,0.256,810.0,0.5141643323004246,0.9000342722994452,-0.35003427229944517
23,23,categorical_soft,1,1,True,0.19562216334397986,0.0,0.0,0.8043778538703918,0.19562216103076935,2,-0.6087556928396225,0.2812874972820282,0.10573724135756493,-0.1277846246957779,0.3641658991575241,0.2812874972820282,0.3240520236574397,0.25639706410678614,0.41955091223577423,0.3240520236574397,0.25639706410678614,0.41955091223577423,0.25639706410678614,0.3240520236574397,0.1631538481289881,3,3,0.0,880.0,0.4363681795075536,0.8495365426977518,-0.29953654269775176
24,24,categorical_soft,0,0,True,0.13827039345882153,0.0,0.861729621887207,0.0,0.13827039301395416,1,-0.7234592288732529,0.4991803735494614,3.7076602935791017,-3.078264260292053,0.06825966313481331,0.4991803735494614,0.9728462211315373,0.0011079271894130155,0.02604585167904964,0.9728462211315373,0.0011079271894130155,0.02604585167904964,0.9728462211315373,0.0011079271894130155,-0.9468003694524877,1,1,0.512,670.0,1.3751744218170643,0.9986372597710848,-0.4486372597710847
25,25,categorical_soft,0,0,True,0.13827917050404648,0.0,0.8617208003997803,0.0,0.13827916979789734,1,-0.7234416306018829,0.5298560738563538,3.2817852020263674,-1.8081759572029115,-0.5379137694835663,0.5298560738563538,0.9722870861017734,0.006018652695393848,0.021694261202832806,0.9722870861017734,0.006018652695393848,0.021694261202832806,0.9722870861017734,0.006018652695393848,-0.9505928248989406,1,1,0.512,490.0,1.3256772384047508,0.9986011338836283,-0.4486011338836282
26,26,categorical_soft,0,0,False,0.0,0.0,1.0,0.0,0.0,1,-1.0,0.5702461779117585,3.3297181367874145,0.4224411934614182,-2.9563474893569945,0.5702461779117585,0.9461680277656164,0.052056717510344755,0.001775254724038927,0.9461680277656164,0.052056717510344755,0.001775254724038927,0.9461680277656164,0.052056717510344755,-0.9443927730415774,1,1,0.032,990.0,0.6256432682275772,0.9261054418610988,-0.37610544186109873
27,27,categorical_soft,1,1,False,0.0,0.0,0.0,1.0,0.0,2,-1.0,0.4531970590353012,-1.552612805366516,3.088995409011841,-0.8815455853939056,0.4531970590353012,0.009396130874408022,0.9719688826996098,0.018634986425982145,0.009396130874408022,0.9719688826996098,0.018634986425982145,0.9719688826996098,0.009396130874408022,-0.9533338962736276,2,2,0.256,670.0,1.0143475160002708,0.9920294334782974,-0.4420294334782974
28,28,categorical_soft,1,1,True,0.15346409575472014,0.0,0.0,0.8465359210968018,0.15346409380435944,2,-0.6930718272924423,0.4229088470339775,-1.9316255569458007,2.1299585580825804,0.29491896033287046,0.4229088470339775,0.014691159023015082,0.8489764907294418,0.13633235024754323,0.014691159023015082,0.8489764907294418,0.13633235024754323,0.8489764907294418,0.014691159023015082,-0.7126441404818986,2,2,0.256,700.0,0.6205295249819756,0.945465008707168,-0.39546500870716794
29,29,categorical_soft,1,1,False,0.0,0.0,0.0,1.0,0.0,2,-1.0,0.40844584107398985,-1.7623073697090148,3.887326216697693,-1.3737613201141357,0.40844584107398985,0.0034964691468763846,0.991251544392824,0.005251986460299468,0.0034964691468763846,0.991251544392824,0.005251986460299468,0.991251544392824,0.0034964691468763846,-0.9859995579325246,2,2,0.128,1110.0,0.8874989934265614,0.9751635105383551,-0.4251635105383551
30,30,categorical_soft,0,0,True,0.1382362113566537,0.0,0.8617637753486633,0.0,0.13823620975017548,1,-0.7235275655984879,0.587796938419342,5.652945232391358,-3.1475048542022703,-1.731176733970642,0.587796938419342,0.999206900094076,0.00015285479902056595,0.0006402451069033948,0.999206900094076,0.00015285479902056595,0.0006402451069033948,0.999206900094076,0.00015285479902056595,-0.9985666549871726,1,1,0.512,1100.0,1.502898057922721,0.9987780266649418,-0.4487780266649417
31,31,categorical_soft,1,1,True,0.1981886021193041,0.0,0.0,0.8018113970756531,0.19818860292434692,2,-0.6036227941513062,0.35759286731481554,1.9617581963539124,-1.6783163666725158,0.2593654006719589,0.35759286731481554,0.827035175773417,0.021763213285418557,0.15120161094116438,0.827035175773417,0.021763213285418557,0.15120161094116438,0.021763213285418557,0.827035175773417,0.12943839765574583,1,1,0.0,1080.0,0.4783298671245575,0.8450161845023628,-0.2950161845023628
32,32,categorical_soft,1,1,True,0.15878169880904897,0.0,0.0,0.8412182927131653,0.15878169238567352,2,-0.6824366003274918,0.32043624520301817,-3.298111414909363,3.0151659488677978,1.0604908347129822,0.32043624520301817,0.0015873321635276356,0.8745270888823024,0.12388557895416996,0.0015873321635276356,0.8745270888823024,0.12388557895416996,0.8745270888823024,0.0015873321635276356,-0.7506415099281324,2,2,0.512,1110.0,0.6674912087619305,0.930169693553761,-0.38016969355376096
33,33,categorical_soft,1,1,True,0.15452912015120251,0.0,0.0,0.8454709053039551,0.1545291244983673,2,-0.6909417808055878,0.3436723336577415,-1.6774068832397462,1.4342543959617615,0.5468366026878357,0.3436723336577415,0.030558074842995366,0.6861664342943674,0.2832754908626372,0.030558074842995366,0.6861664342943674,0.2832754908626372,0.6861664342943674,0.030558074842995366,-0.4028909434317302,2,2,0.256,590.0,0.5813465155661106,0.9422921797796965,-0.39229217977969644
34,34,categorical_soft,1,1,True,0.1659572057517602,0.0,0.0,0.8340427875518799,0.16595721244812012,2,-0.6680855751037598,0.4756944477558136,-2.903382897377014,2.1292017221450807,1.0740254640579223,0.4756944477558136,0.004812092418696742,0.737811914727881,0.2573759928534224,0.004812092418696742,0.737811914727881,0.2573759928534224,0.737811914727881,0.004812092418696742,-0.4804359218744586,2,2,0.512,980.0,0.5830800868570805,0.9114341793520553,-0.36143417935205524
35,35,categorical_soft,1,1,False,0.0,0.0,0.0,1.0,0.0,2,-1.0,0.4527331531047821,-1.5770039558410645,2.7355460643768312,-0.6381812691688538,0.4527331531047821,0.012808283370498474,0.9540854907835403,0.033106225845961255,0.012808283370498474,0.9540854907835403,0.033106225845961255,0.9540854907835403,0.012808283370498474,-0.9209792649375791,2,2,0.256,740.0,0.983464740216732,0.9899279505458738,-0.43992795054587375
36,36,categorical_soft,0,0,True,0.2756396611169857,0.0,0.7243603467941284,0.0,0.2756396532058716,1,-0.44872069358825684,0.3564097940921783,-0.03418185319751501,-0.10596011206507683,0.28408614695072176,0.3564097940921783,0.3024813513465422,0.2816383908953862,0.4158802577580717,0.3024813513465422,0.2816383908953862,0.4158802577580717,0.3024813513465422,0.2816383908953862,0.1133989064115295,3,3,0.0,910.0,0.30457280576229095,0.7402439727377856,-0.1902439727377856
37,37,categorical_soft,1,1,True,0.5000959869728804,0.0,0.0,0.49990400671958923,0.5000959634780884,3,0.0001919567584991455,0.3720977246761322,0.32954921275377275,-0.23015162944793702,0.1776462398469448,0.3720977246761322,0.411149997669796,0.23493372928844605,0.3539162730417579,0.411149997669796,0.23493372928844605,0.3539162730417579,0.23493372928844605,0.411149997669796,0.11898254375331183,1,1,0.0,530.0,0.03898046910762787,0.549928009768958,7.199023104209612e-05
38,38,categorical_soft,0,0,True,0.13969023630715088,0.0,0.8603097796440125,0.0,0.13969023525714874,1,-0.7206195443868637,0.3231544829905033,1.665268647670746,-1.7033491253852844,0.4603220671415329,0.3231544829905033,0.7491407423912887,0.025863861800336962,0.2249953958083743,0.7491407423912887,0.025863861800336962,0.2249953958083743,0.7491407423912887,0.025863861800336962,-0.5241453465829145,1,1,0.128,420.0,0.9765269681811333,0.9928931070173358,-0.44289310701733575
39,39,categorical_soft,1,1,True,0.1427231677156029,0.0,0.0,0.8572768568992615,0.1427231729030609,2,-0.7145536839962006,0.321322837844491,-2.57705340385437,2.56056432723999,0.5288848161697388,0.321322837844491,0.005182474991913906,0.8793768700679394,0.11544065494014674,0.005182474991913906,0.8793768700679394,0.11544065494014674,0.8793768700679394,0.005182474991913906,-0.7639362151277926,2,2,0.256,1000.0,0.9189697876572609,0.9812481310873736,-0.4312481310873736
40,40,categorical_soft,1,1,True,0.1449283766718838,0.0,0.0,0.8550716042518616,0.14492838084697723,2,-0.7101432234048843,0.38652533441782,-2.8307816982269287,2.677584171295166,0.6809449136257172,0.38652533441782,0.0035590732975605117,0.8770553299398879,0.11938559676255153,0.0035590732975605117,0.8770553299398879,0.11938559676255153,0.8770553299398879,0.0035590732975605117,-0.7576697331773363,2,2,0.512,780.0,0.7911144569516182,0.9732614526724147,-0.42326145267241466
41,41,categorical_soft,0,0,False,0.0,0.0,1.0,0.0,0.0,1,-1.0,0.5140078037977218,4.658952093124389,-1.2538375854492188,-3.077480983734131,0.5140078037977218,0.9968576636733498,0.002706577107360607,0.00043575921928958765,0.9968576636733498,0.002706577107360607,0.00043575921928958765,0.9968576636733498,0.002706577107360607,-0.9964219044540602,1,1,0.128,1110.0,0.8105276525020599,0.9641567331433587,-0.41415673314335866
42,42,categorical_soft,1,1,True,0.18386932635116243,0.0,0.0,0.8161306977272034,0.18386933207511902,2,-0.6322613656520844,0.3030687406659126,-0.13571709766983986,-0.017786336317658424,0.2881378173828125,0.3030687406659126,0.2738744346495855,0.3080143617601574,0.4181112035902571,0.2738744346495855,0.3080143617601574,0.4181112035902571,0.3080143617601574,0.2738744346495855,0.11009684183009971,3,3,0.032,870.0,0.47157008200883865,0.8716904059750423,-0.3216904059750423
43,43,categorical_soft,0,0,False,0.0,0.0,1.0,0.0,0.0,1,-1.0,0.6036674797534942,3.1801907300949095,-0.34612328708171847,-2.581391191482544,0.6036674797534942,0.968308428136001,0.02863462786596338,0.003056943998035582,0.968308428136001,0.02863462786596338,0.003056943998035582,0.968308428136001,0.02863462786596338,-0.9652514841379655,1,1,0.064,560.0,0.5961449593305588,0.9479353693958872,-0.39793536939588714
44,44,categorical_soft,0,0,False,0.0,0.0,1.0,0.0,0.0,1,-1.0,0.5134192138910294,4.521013307571411,-0.6258881688117981,-3.482747745513916,0.5134192138910294,0.9938597575494421,0.0058049069464143664,0.00033533550414345894,0.9938597575494421,0.0058049069464143664,0.00033533550414345894,0.9938597575494421,0.0058049069464143664,-0.9935244220452987,1,1,0.032,1090.0,0.8813283666968346,0.9750127157054449,-0.42501271570544485
45,45,categorical_soft,0,0,True,0.2042680392286863,0.0,0.7957319617271423,0.0,0.20426803827285767,1,-0.5914639234542847,0.39233941286802293,1.62839994430542,-1.2642593383789062,0.21045474112033843,0.39233941286802293,0.7700268175954734,0.04287737170839868,0.18709581069612796,0.7700268175954734,0.04287737170839868,0.18709581069612796,0.7700268175954734,0.04287737170839868,-0.5829310068993454,1,1,0.064,490.0,0.3179522901773453,0.8346999382675498,-0.2846999382675498
46,46,categorical_soft,0,0,True,0.13885866885625836,0.0,0.8611413240432739,0.0,0.13885867595672607,1,-0.7222826480865479,0.2509925074875355,2.540858197212219,-3.5184124946594237,1.0806494235992432,0.2509925074875355,0.8099382453321825,0.0019081067014506885,0.18815364796636672,0.8099382453321825,0.0019081067014506885,0.18815364796636672,0.8099382453321825,0.0019081067014506885,-0.6217845973658158,1,1,0.256,960.0,1.238908588886261,0.9962331804667848,-0.44623318046678473
47,47,categorical_soft,1,1,True,0.1491607895783002,0.0,0.0,0.8508391976356506,0.14916078746318817,2,-0.7016784101724625,0.28734472412616013,-2.148626375198364,1.7232918858528137,0.7924047827720642,0.28734472412616013,0.014711517374173288,0.7063205127226151,0.27896796990321165,0.014711517374173288,0.7063205127226151,0.27896796990321165,0.7063205127226151,0.014711517374173288,-0.42735254281940344,2,2,0.512,580.0,0.6515953863272443,0.9589142773357157,-0.4089142773357156
48,48,categorical_soft,1,1,False,0.0,0.0,0.0,1.0,0.0,2,-1.0,0.4944427475333214,-1.8726130723953247,4.604197645187378,-1.728895127773285,0.4944427475333214,0.0015443192936818208,0.9966524871037874,0.0018031936025307374,0.0015443192936818208,0.9966524871037874,0.0018031936025307374,0.9966524871037874,0.0015443192936818208,-0.9948492935012566,2,2,0.128,1170.0,0.9544913917779922,0.9806802795219415,-0.43068027952194143
49,49,categorical_soft,1,1,False,0.0,0.0,0.0,1.0,0.0,2,-1.0,0.4032913252711296,-0.907042533159256,3.1694555044174195,-1.4821012973785401,0.4032913252711296,0.01656716724451577,0.9740071568473766,0.009425675908107665,0.01656716724451577,0.9740071568473766,0.009425675908107665,0.9740071568473766,0.01656716724451577,-0.964581480939269,2,2,0.128,670.0,0.8650231137871742,0.9835412539954715,-0.4335412539954715
50,50,categorical_soft,0,0,True,0.17652500160833862,0.0,0.8234750032424927,0.0,0.17652499675750732,1,-0.6469500064849854,0.3955539584159851,0.8542322397232056,-0.5379611760377884,0.2038448005914688,0.3955539584159851,0.5645858271202372,0.14059630134579715,0.29481787153396566,0.5645858271202372,0.14059630134579715,0.29481787153396566,0.5645858271202372,0.14059630134579715,-0.26976795558627154,1,1,0.032,510.0,0.4125770479440689,0.8869672724728956,-0.3369672724728956
51,51,categorical_soft,1,1,True,0.14994993269699897,0.0,0.0,0.8500500917434692,0.14994993805885315,2,-0.7001001536846161,0.3729051038622856,-2.4007269144058228,1.9071511507034302,0.8861612260341645,0.3729051038622856,0.009786926126501016,0.7272783852798532,0.26293468859364577,0.009786926126501016,0.7272783852798532,0.26293468859364577,0.7272783852798532,0.009786926126501016,-0.46434369668620745,2,2,0.256,1000.0,0.7418664749711752,0.9563678204530032,-0.4063678204530031
52,52,categorical_soft,0,0,True,0.13890481310209313,0.0,0.8610951900482178,0.0,0.13890480995178223,1,-0.7221903800964355,0.3353053003549576,2.781816291809082,-3.0971906900405886,0.7028220176696778,0.3353053003549576,0.886075406417515,0.002494319688758307,0.11143027389372653,0.886075406417515,0.002494319688758307,0.11143027389372653,0.886075406417515,0.002494319688758307,-0.7746451325237885,1,1,0.256,880.0,1.2093748897314072,0.9960460687413807,-0.44604606874138064
53,53,categorical_soft,1,1,True,0.1700814905199407,0.0,0.0,0.8299185037612915,0.1700814962387085,2,-0.659837007522583,0.22203064560890198,-0.2709787681698799,0.28201091587543486,0.24764856994152068,0.22203064560890198,0.22620378414106831,0.39356363941826067,0.38023257644067093,0.22620378414106831,0.39356363941826067,0.38023257644067093,0.39356363941826067,0.22620378414106831,-0.013331062977589736,2,2,0.032,770.0,0.5076670087873936,0.9014911272737932,-0.35149112727379317
54,54,categorical_soft,1,1,False,0.0,0.0,0.0,1.0,0.0,2,-1.0,0.4438541516661644,0.3795396566390991,3.000071310997009,-2.424409508705139,0.4438541516661644,0.06756633037820789,0.9282364835268287,0.004197186094963374,0.06756633037820789,0.9282364835268287,0.004197186094963374,0.9282364835268287,0.06756633037820789,-0.9240392974318654,2,2,0.064,1070.0,0.7707834392786026,0.9587128420090807,-0.40871284200908065
55,55,categorical_soft,1,1,False,0.0,0.0,0.0,1.0,0.0,2,-1.0,0.43381633311510087,1.0311352908611298,4.208833265304565,-3.782103681564331,0.43381633311510087,0.040026361531784786,0.9596449515061327,0.00032868696208244064,0.040026361531784786,0.9596449515061327,0.00032868696208244064,0.9596449515061327,0.040026361531784786,-0.9593162645440503,2,2,0.064,1120.0,0.8611905425786972,0.9715009364845482,-0.4215009364845481
56,56,categorical_soft,0,0,False,0.0,0.0,1.0,0.0,0.0,1,-1.0,0.5317753106355667,5.639908123016357,-1.2696533918380737,-3.929337191581726,0.5317753106355667,0.9989244199753392,0.0010047081238526577,7.087190080832484e-05,0.9989244199753392,0.0010047081238526577,7.087190080832484e-05,0.9989244199753392,0.0010047081238526577,-0.9988535480745309,1,1,0.512,690.0,0.9768161326646805,0.990199551493082,-0.440199551493082
57,57,categorical_soft,0,0,True,0.15970363701444518,0.0,0.8402963876724243,0.0,0.15970364212989807,1,-0.6805927455425262,0.4568081170320511,1.6314366340637207,-1.1830893516540528,0.16919880583882332,0.4568081170320511,0.7739655764526377,0.046569069805892385,0.17946535374147,0.7739655764526377,0.046569069805892385,0.17946535374147,0.7739655764526377,0.046569069805892385,-0.5945002227111678,1,1,0.064,460.0,0.500236913561821,0.9276486484729601,-0.3776486484729601
58,58,categorical_soft,1,1,True,0.3336827505310743,0.0,0.0,0.6663172245025635,0.33368274569511414,2,-0.33263447880744934,0.36710729598999026,-0.15765589326620102,0.09487745314836502,0.16941051185131073,0.36710729598999026,0.2721259543206858,0.35053935567769556,0.3773346900016186,0.2721259543206858,0.35053935567769556,0.3773346900016186,0.35053935567769556,0.2721259543206858,0.02679533432392306,3,3,0.032,530.0,0.15421375632286072,0.6827785006137393,-0.1327785006137393
59,59,categorical_soft,1,1,False,0.0,0.0,0.0,1.0,0.0,2,-1.0,0.4584917098283768,0.9579225599765777,2.327793526649475,-2.275673007965088,0.4584917098283768,0.20111921920868,0.7909220540001519,0.007958726791167926,0.20111921920868,0.7909220540001519,0.007958726791167926,0.7909220540001519,0.20111921920868,-0.782963327208984,2,2,0.064,870.0,0.7703574150800705,0.9672025823294294,-0.4172025823294293
60,60,categorical_soft,0,0,True,0.13862414130839523,0.0,0.8613758683204651,0.0,0.1386241465806961,1,-0.722751721739769,0.44319321513175963,3.6230886220932006,-3.2954919815063475,0.25841845795512197,0.44319321513175963,0.9642020788016449,0.0009603473524295282,0.034837573845925764,0.9642020788016449,0.0009603473524295282,0.034837573845925764,0.9642020788016449,0.0009603473524295282,-0.9293645049557191,1,1,0.256,1070.0,1.3255500122904778,0.9971874450250001,-0.4471874450250001
61,61,categorical_soft,1,1,False,0.0,0.0,0.0,1.0,0.0,2,-1.0,0.4576945796608925,-2.5281439065933227,3.2752538204193113,-0.1464444100856781,0.4576945796608925,0.002922497069083375,0.9654838073531342,0.0315936955777825,0.002922497069083375,0.9654838073531342,0.0315936955777825,0.9654838073531342,0.002922497069083375,-0.9338901117753518,2,2,0.512,870.0,0.9255192875862122,0.9844256769823115,-0.4344256769823115
62,62,categorical_soft,1,1,False,0.0,0.0,0.0,1.0,0.0,2,-1.0,0.5642923295497895,3.3127763509750365,-0.11024514231830836,-2.6279733657836912,0.5642923295497895,0.9657727908259565,0.03168305872939611,0.0025441504446475417,0.9657727908259565,0.03168305872939611,0.0025441504446475417,0.03168305872939611,0.9657727908259565,-0.02913890828474857,1,1,0.0,980.0,0.2789652496576309,0.6978387305640433,-0.14783873056404329
63,63,categorical_soft,1,1,True,0.17366902544088542,0.0,0.0,0.8263309597969055,0.1736690253019333,2,-0.6526619344949722,0.37853999212384226,0.49824945628643036,0.5018223643302917,-0.2943200647830963,0.37853999212384226,0.40682674477030795,0.40791206606667585,0.18526118916301623,0.40682674477030795,0.40791206606667585,0.18526118916301623,0.40791206606667585,0.40682674477030795,-0.22265087690365962,2,2,0.032,970.0,0.5385469272732735,0.8932635050298142,-0.3432635050298142
64,64,categorical_soft,1,1,True,0.4901604227321506,0.0,0.0,0.5098395943641663,0.49016043543815613,2,-0.019679158926010132,0.3289478823542595,-0.00532328961417079,-0.24206112027168275,0.3496352404356003,0.3289478823542595,0.3109119864236968,0.24555990553159646,0.4435281080447068,0.3109119864236968,0.24555990553159646,0.4435281080447068,0.24555990553159646,0.3109119864236968,0.19796820251311037,3,3,0.0,840.0,0.12118034064769745,0.5573811719932862,-0.00738117199328614
65,65,categorical_soft,1,1,False,0.0,0.0,0.0,1.0,0.0,2,-1.0,0.5646282196044922,2.1303183794021607,1.5312477827072144,-2.9492363929748535,0.5646282196044922,0.642767065641935,0.3532273582962572,0.0040055760618077215,0.642767065641935,0.3532273582962572,0.0040055760618077215,0.3532273582962572,0.642767065641935,-0.34922178223444944,1,1,0.0,1090.0,0.4844055473804474,0.8473326432389668,-0.2973326432389668
66,66,categorical_soft,0,0,False,0.0,0.0,1.0,0.0,0.0,1,-1.0,0.597077614068985,6.786945104598999,-1.834715735912323,-4.361441946029663,0.597077614068985,0.9998014636258865,0.00018405722594413756,1.4479148169351517e-05,0.9998014636258865,0.00018405722594413756,1.4479148169351517e-05,0.9998014636258865,0.00018405722594413756,-0.9997869844777172,1,1,0.512,890.0,1.2261307686567307,0.9963133969089378,-0.4463133969089378
67,67,categorical_soft,1,1,False,0.0,0.0,0.0,1.0,0.0,2,-1.0,0.37999485433101654,-1.3453640937805176,4.711904764175415,-2.2905282258987425,0.37999485433101654,0.002337826873652831,0.9967423318565298,0.0009198412698171975,0.002337826873652831,0.9967423318565298,0.0009198412698171975,0.9967423318565298,0.002337826873652831,-0.9958224905867127,2,2,0.128,1100.0,0.8749115876853466,0.9739286109917756,-0.4239286109917756
68,68,categorical_soft,1,1,False,0.0,0.0,0.0,1.0,0.0,2,-1.0,0.43822900503873824,-1.0548400402069091,3.9140231370925904,-1.977657687664032,0.43822900503873824,0.006902337107047439,0.990319117040157,0.0027785458527955433,0.006902337107047439,0.990319117040157,0.0027785458527955433,0.990319117040157,0.006902337107047439,-0.9875405711873614,2,2,0.128,960.0,0.9685422331094742,0.9859270080561116,-0.4359270080561115
69,69,categorical_soft,0,0,False,0.0,0.0,1.0,0.0,0.0,1,-1.0,0.5694232195615768,3.978879427909851,-0.6298669636249542,-3.031579923629761,0.5694232195615768,0.9891549397102193,0.009943836520892858,0.0009012237688880116,0.9891549397102193,0.009943836520892858,0.0009012237688880116,0.9891549397102193,0.009943836520892858,-0.9882537159413313,1,1,0.128,720.0,0.8523540496826172,0.9814357017170758,-0.4314357017170758
70,70,categorical_soft,0,0,False,0.0,0.0,1.0,0.0,0.0,1,-1.0,0.5335284978151321,1.3153717756271361,1.472507393360138,-2.117085063457489,0.5335284978151321,0.4540476249166801,0.5311975513707925,0.014754823712527449,0.4540476249166801,0.5311975513707925,0.014754823712527449,0.4540476249166801,0.5311975513707925,-0.43929280120415265,2,2,0.0,720.0,0.44834649562835693,0.8789702181222038,-0.32897021812220373
71,71,categorical_soft,0,0,False,0.0,0.0,1.0,0.0,0.0,1,-1.0,0.4939031690359116,3.7173774242401123,-0.4927998870611191,-2.8187323570251466,0.4939031690359116,0.9838844749312976,0.014676011378953979,0.0014395136897483803,0.9838844749312976,0.014676011378953979,0.0014395136897483803,0.9838844749312976,0.014676011378953979,-0.9824449612415492,1,1,0.032,780.0,0.8637105077505112,0.981132042637916,-0.43113204263791594
72,72,categorical_soft,1,1,False,0.0,0.0,0.0,1.0,0.0,2,-1.0,0.4060224860906601,-0.801978462934494,4.421710395812989,-2.6827882051467897,0.4060224860906601,0.005360311673253491,0.9937989516542757,0.0008407366724706211,0.005360311673253491,0.9937989516542757,0.0008407366724706211,0.9937989516542757,0.005360311673253491,-0.992958214981805,2,2,0.064,1100.0,0.8855261914432049,0.9752206615559437,-0.4252206615559436
73,73,categorical_soft,1,1,True,0.22352256546050314,0.0,0.0,0.7764774560928345,0.22352255880832672,2,-0.5529548972845078,0.4142173483967781,0.8401955246925354,-0.06867589130997657,-0.15656328126788138,0.4142173483967781,0.5625335722033878,0.22740780966027457,0.2100586181363376,0.5625335722033878,0.22740780966027457,0.2100586181363376,0.22740780966027457,0.5625335722033878,-0.017349191523936963,1,1,0.032,1070.0,0.41934990882873535,0.805071285281604,-0.25507128528160394
74,74,categorical_soft,1,1,False,0.0,0.0,0.0,1.0,0.0,2,-1.0,0.49069066941738126,-0.61929292678833,2.565388631820679,-1.320619237422943,0.49069066941738126,0.039005073817541674,0.941087845872435,0.019907080310023292,0.039005073817541674,0.941087845872435,0.019907080310023292,0.941087845872435,0.039005073817541674,-0.9211807655624117,2,2,0.256,470.0,0.750457413494587,0.9774343798942589,-0.4274343798942588
75,75,categorical_soft,0,0,True,0.13853784026948351,0.0,0.8614621758460999,0.0,0.13853783905506134,1,-0.7229243367910385,0.38203722685575486,4.893781852722168,-5.58318395614624,0.9500908434391022,0.38203722685575486,0.9808103819040042,2.8223267926103257e-05,0.019161394828069677,0.9808103819040042,2.8223267926103257e-05,0.019161394828069677,0.9808103819040042,2.8223267926103257e-05,-0.9616489870759345,1,1,0.512,1130.0,1.367600105702877,0.9975399784909955,-0.44753997849099547
76,76,categorical_soft,1,1,False,0.0,0.0,0.0,1.0,0.0,2,-1.0,0.42013806104660034,-1.1789706587791442,3.238100004196167,-1.3076552271842956,0.42013806104660034,0.011841653448816335,0.9776488254266138,0.010509521124569845,0.011841653448816335,0.9776488254266138,0.010509521124569845,0.9776488254266138,0.011841653448816335,-0.967139304302044,2,2,0.256,570.0,0.875366348773241,0.9860973961582832,-0.43609739615828313
77,77,categorical_soft,0,0,True,0.2843102796255571,0.0,0.7156897187232971,0.0,0.2843102812767029,1,-0.43137943744659424,0.34043093025684357,-0.053612558916211125,-0.1291769415140152,0.3056208848953247,0.34043093025684357,0.2977100889300024,0.2759887675784217,0.42630114349157583,0.2977100889300024,0.2759887675784217,0.42630114349157583,0.2977100889300024,0.2759887675784217,0.12859105456157344,3,3,0.0,540.0,0.20403078198432922,0.7309183744348664,-0.18091837443486636
78,78,categorical_soft,0,0,False,0.0,0.0,1.0,0.0,0.0,1,-1.0,0.658856675028801,1.8043810844421386,0.7460728168487549,-2.0654616832733153,0.658856675028801,0.7306201115585508,0.25395568160156595,0.015424206839883312,0.7306201115585508,0.25395568160156595,0.015424206839883312,0.7306201115585508,0.25395568160156595,-0.7151959047186675,1,1,0.0,620.0,0.4462731406092644,0.8902290393494401,-0.34022903934944004
79,79,categorical_soft,0,0,False,0.0,0.0,1.0,0.0,0.0,1,-1.0,0.5315066948533058,6.543671798706055,-2.3962655305862426,-3.8160120010375977,0.5315066948533058,0.9998350926925748,0.0001331186161720686,3.178869125302775e-05,0.9998350926925748,0.0001331186161720686,3.178869125302775e-05,0.9998350926925748,0.0001331186161720686,-0.9998033040013218,1,1,0.512,1000.0,1.1299725770950317,0.9932690070609597,-0.4432690070609596
80,80,categorical_soft,0,0,False,0.0,0.0,1.0,0.0,0.0,1,-1.0,0.5879028454422951,3.224444270133972,-0.6222307950258255,-2.19879093170166,0.5879028454422951,0.974729110157918,0.02096634654083082,0.004304543301251293,0.974729110157918,0.02096634654083082,0.004304543301251293,0.974729110157918,0.02096634654083082,-0.9704245668566667,1,1,0.064,800.0,0.7522460445761681,0.9670563502311729,-0.4170563502311728
81,81,categorical_soft,1,1,False,0.0,0.0,0.0,1.0,0.0,2,-1.0,0.6041518598794937,1.1772468090057373,1.1318366289138795,-1.8857987880706788,0.6041518598794937,0.4993384620888053,0.4771894062121289,0.0234721316990659,0.4993384620888053,0.4771894062121289,0.0234721316990659,0.4771894062121289,0.4993384620888053,-0.453717274513063,1,1,0.0,870.0,0.6061205714941025,0.9293726519956671,-0.37937265199566705
82,82,categorical_soft,1,1,True,0.23795408725147604,0.0,0.0,0.7620459198951721,0.23795408010482788,2,-0.5240918397903442,0.3494250804185867,0.5930659741163253,-0.046251045912504195,-0.04612663127481938,0.3494250804185867,0.4850266139029582,0.2564653919899297,0.2585079941071121,0.4850266139029582,0.2564653919899297,0.2585079941071121,0.2564653919899297,0.4850266139029582,0.002042602117182435,1,1,0.0,890.0,0.35041680932044983,0.7852620969120172,-0.23526209691201716
83,83,categorical_soft,0,0,True,0.36947866635092386,0.0,0.6305213570594788,0.0,0.36947867274284363,1,-0.26104268431663513,0.2952083555981517,1.0364581942558289,0.0485228730365634,-0.25865256786346436,0.2952083555981517,0.6066489566555298,0.22611886780493004,0.16723217553954017,0.6066489566555298,0.22611886780493004,0.16723217553954017,0.6066489566555298,0.22611886780493004,-0.4394167811159896,1,1,0.0,950.0,0.22867665439844131,0.651605641655162,-0.10160564165516195
84,84,categorical_soft,1,1,False,0.0,0.0,0.0,1.0,0.0,2,-1.0,0.5055248647928238,1.2509190559387207,1.652083122730255,-2.18022735118866,0.5055248647928238,0.3958888491394753,0.5912641220139164,0.012847028846608136,0.3958888491394753,0.5912641220139164,0.012847028846608136,0.5912641220139164,0.3958888491394753,-0.5784170931673083,2,2,0.0,1000.0,0.550745278596878,0.8955086415069909,-0.3455086415069909
85,85,categorical_soft,1,1,False,0.0,0.0,0.0,1.0,0.0,2,-1.0,0.5320368796586991,-2.0330026626586912,3.3760999917984007,-0.6697434604167938,0.5320368796586991,0.0043874242420317506,0.9782003416957797,0.017412234062188323,0.0043874242420317506,0.9782003416957797,0.017412234062188323,0.9782003416957797,0.0043874242420317506,-0.9607881076335915,2,2,0.256,930.0,0.8126536016352475,0.9712387698232933,-0.4212387698232932
86,86,categorical_soft,0,0,True,0.1401671634825094,0.0,0.8598328232765198,0.0,0.14016716182231903,1,-0.7196656614542007,0.3724715992808342,2.0247810959815977,-2.0207001209259032,0.3385084480047226,0.3724715992808342,0.8313338925794783,0.01467364130505518,0.15399246611546638,0.8313338925794783,0.01467364130505518,0.15399246611546638,0.8313338925794783,0.01467364130505518,-0.677341426464012,1,1,0.128,720.0,1.0018488429486752,0.99100729361372,-0.44100729361371993
87,87,categorical_soft,0,0,True,0.1579737808476096,0.0,0.8420262336730957,0.0,0.1579737812280655,1,-0.6840524524450302,0.3411870691925287,1.0306561887264252,-0.5890506833791733,0.16502812802791594,0.3411870691925287,0.6161088399295,0.12285582126076851,0.2610353388097315,0.6161088399295,0.12285582126076851,0.2610353388097315,0.6161088399295,0.12285582126076851,-0.35507350111976854,1,1,0.128,440.0,0.5102233439683914,0.9324090586510734,-0.38240905865107333
88,88,categorical_soft,1,1,True,0.15601400032370472,0.0,0.0,0.8439859747886658,0.15601399540901184,2,-0.6879719793796539,0.31903860718011856,-1.767293119430542,2.382606315612793,0.08260348476469517,0.31903860718011856,0.014162442962360031,0.895554867468908,0.09028268956873196,0.014162442962360031,0.895554867468908,0.09028268956873196,0.895554867468908,0.014162442962360031,-0.805272177900176,2,2,0.064,920.0,0.6466557011008263,0.9379630827620945,-0.38796308276209446
89,89,categorical_soft,0,0,True,0.13867979422016208,0.0,0.8613201975822449,0.0,0.13867978751659393,1,-0.7226404100656509,0.35536022335290907,2.673451042175293,-3.118620753288269,0.6742291152477264,0.35536022335290907,0.8780290649085266,0.0026958038690110945,0.11927513122246221,0.8780290649085266,0.0026958038690110945,0.11927513122246221,0.8780290649085266,0.0026958038690110945,-0.7587539336860644,1,1,0.512,550.0,1.1821235120296478,0.9969605032899925,-0.4469605032899925
90,90,categorical_soft,0,0,False,0.0,0.0,1.0,0.0,0.0,1,-1.0,0.4935461923480034,6.296414756774903,-1.8565715312957765,-4.02329306602478,0.4935461923480034,0.9996738466896815,0.0002930160617381508,3.313724858020013e-05,0.9996738466896815,0.0002930160617381508,3.313724858020013e-05,0.9996738466896815,0.0002930160617381508,-0.9996407094411013,1,1,0.512,880.0,1.2769555374979973,0.997160080993963,-0.447160080993963
91,91,categorical_soft,0,0,True,0.1385059640391194,0.0,0.8614940643310547,0.0,0.1385059654712677,1,-0.722988098859787,0.2923640362918377,3.533005881309509,-5.040030527114868,1.340410017967224,0.2923640362918377,0.899263598637504,0.000171517542590502,0.10056488381990561,0.899263598637504,0.000171517542590502,0.10056488381990561,0.899263598637504,0.000171517542590502,-0.7986987148175985,1,1,0.512,1080.0,1.366443656384945,0.9976703801408602,-0.44767038014086014
92,92,categorical_soft,1,1,False,0.0,0.0,0.0,1.0,0.0,2,-1.0,0.4329282850027084,-0.7555264890193939,3.447524905204773,-1.9205745220184327,0.4329282850027084,0.014666409047337106,0.9806833632314224,0.0046502277212406,0.014666409047337106,0.9806833632314224,0.0046502277212406,0.9806833632314224,0.014666409047337106,-0.9760331355101818,2,2,0.256,560.0,0.9402712360024452,0.9899754196958969,-0.4399754196958968
93,93,categorical_soft,0,0,False,0.0,0.0,1.0,0.0,0.0,1,-1.0,0.5164678201079369,5.048570680618286,-1.4917165160179138,-3.3209945917129517,0.5164678201079369,0.9983212691875105,0.0014463917382117905,0.00023233907427767185,0.9983212691875105,0.0014463917382117905,0.00023233907427767185,0.9983212691875105,0.0014463917382117905,-0.9980889301132329,1,1,0.256,1010.0,0.89406618475914,0.9786080040410493,-0.42860800404104926
94,94,categorical_soft,0,0,False,0.0,0.0,1.0,0.0,0.0,1,-1.0,0.5173319756984711,3.6241467952728272,-0.3790553241968155,-2.6328617334365845,0.5173319756984711,0.9800990412071663,0.018008929463503597,0.0018920293293302418,0.9800990412071663,0.018008929463503597,0.0018920293293302418,0.9800990412071663,0.018008929463503597,-0.9782070118778361,1,1,0.032,1190.0,0.02443823218345642,0.33922723566905744,0.2107727643309426
95,95,categorical_soft,1,1,False,0.0,0.0,0.0,1.0,0.0,2,-1.0,0.5316003024578094,-0.3402277767658234,2.1270633935928345,-1.1458313465118408,0.5316003024578094,0.07556466218443356,0.8903518709380036,0.034083466877562925,0.07556466218443356,0.8903518709380036,0.034083466877562925,0.8903518709380036,0.07556466218443356,-0.8562684040604407,2,2,0.128,600.0,0.7799523025751114,0.9771726121679656,-0.42717261216796554
96,96,categorical_soft,1,1,False,0.0,0.0,0.0,1.0,0.0,2,-1.0,0.5097653776407242,-0.977494603395462,2.68492591381073,-1.2094371795654297,0.5097653776407242,0.024582074412000863,0.955802125612405,0.019615799975594095,0.024582074412000863,0.955802125612405,0.019615799975594095,0.955802125612405,0.024582074412000863,-0.9361863256368108,2,2,0.128,540.0,0.7702847868204117,0.9777200244845375,-0.4277200244845375
97,97,categorical_soft,0,0,False,0.0,0.0,1.0,0.0,0.0,1,-1.0,0.5708330392837524,4.142216515541077,-0.5794712781906128,-3.2971261739730835,0.5708330392837524,0.9905681666023319,0.00884327398642526,0.0005885594112429574,0.9905681666023319,0.00884327398642526,0.0005885594112429574,0.9905681666023319,0.00884327398642526,-0.989979607191089,1,1,0.128,850.0,0.8069951236248016,0.9730954313510861,-0.42309543135108607
98,98,categorical_soft,0,0,False,0.0,0.0,1.0,0.0,0.0,1,-1.0,0.7003607869148254,5.344939088821411,-1.3470688819885255,-3.580766701698303,0.7003607869148254,0.9986200652739224,0.0012470864666751153,0.00013284825940227478,0.9986200652739224,0.0012470864666751153,0.00013284825940227478,0.9986200652739224,0.0012470864666751153,-0.9984872170145201,1,1,0.256,1130.0,0.940323144197464,0.980270773974937,-0.43027077397493696
99,99,categorical_soft,1,1,False,0.0,0.0,0.0,1.0,0.0,2,-1.0,0.5341031879186631,-1.5201983332633973,3.1014644145965575,-1.1355079531669616,0.5341031879186631,0.00962087001696226,0.9760584041928375,0.014320725790200097,0.00962087001696226,0.9760584041928375,0.014320725790200097,0.9760584041928375,0.00962087001696226,-0.9617376784026375,2,2,0.256,770.0,0.8457882143557072,0.9796723792946275,-0.4296723792946274
100,100,categorical_soft,0,0,True,0.3376142361206555,0.0,0.6623857617378235,0.0,0.3376142382621765,1,-0.324771523475647,0.3187457337975502,0.01654840330593288,-0.0038562020286917686,0.28006385266780853,0.3187457337975502,0.30481242407655473,0.2985748261183321,0.39661274980511324,0.30481242407655473,0.2985748261183321,0.39661274980511324,0.30481242407655473,0.2985748261183321,0.09180032572855851,3,3,0.032,440.0,0.12880773842334747,0.6792309287486062,-0.1292309287486062
101,101,categorical_soft,0,0,False,0.0,0.0,1.0,0.0,0.0,1,-1.0,0.5912777543067932,4.292081117630005,-1.0687596797943115,-2.9356753826141357,0.5912777543067932,0.9945795524080342,0.004694004028221097,0.0007264435637447375,0.9945795524080342,0.004694004028221097,0.0007264435637447375,0.9945795524080342,0.004694004028221097,-0.9938531088442895,1,1,0.128,830.0,0.830107644200325,0.9764743892344655,-0.42647438923446546
102,102,categorical_soft,1,1,False,0.0,0.0,0.0,1.0,0.0,2,-1.0,0.44044803231954577,-3.2434603452682493,4.157024478912353,-0.07903268449008465,0.44044803231954577,0.0006024776945307583,0.9850873534807295,0.014310168824739792,0.0006024776945307583,0.9850873534807295,0.014310168824739792,0.9850873534807295,0.0006024776945307583,-0.9707771846559897,2,2,0.512,1170.0,0.895032768137753,0.9742936447438079,-0.4242936447438078
103,103,categorical_soft,0,0,False,0.0,0.0,1.0,0.0,0.0,1,-1.0,0.4897330805659294,1.9375865817070008,1.4089719891548156,-2.527474880218506,0.4897330805659294,0.6245605944520963,0.3682451771105161,0.0071942284373876534,0.6245605944520963,0.3682451771105161,0.0071942284373876534,0.6245605944520963,0.3682451771105161,-0.6173663660147086,1,1,0.0,1100.0,0.23338864743709564,0.6150104376710481,-0.06501043767104808
104,104,categorical_soft,1,1,True,0.4096164916586834,0.0,0.0,0.5903835296630859,0.40961650013923645,2,-0.1807670295238495,0.45033193603157995,0.8278217911720276,0.7751274347305298,-0.6625268757343292,0.45033193603157995,0.459982993256825,0.436283478453812,0.10373352828936296,0.459982993256825,0.436283478453812,0.10373352828936296,0.436283478453812,0.459982993256825,-0.33254995016444905,1,1,0.032,540.0,0.09940434992313385,0.618978002070126,-0.06897800207012594
105,105,categorical_soft,1,1,True,0.18887130337457675,0.0,0.0,0.8111286759376526,0.18887130916118622,2,-0.6222573667764664,0.4128133550286293,-1.0212413728237153,0.7582645773887634,0.44328117966651914,0.4128133550286293,0.08876745258084855,0.5265822810525795,0.38465026636657174,0.08876745258084855,0.5265822810525795,0.38465026636657174,0.5265822810525795,0.08876745258084855,-0.1419320146860078,2,2,0.064,550.0,0.3758755214512348,0.8619496191417857,-0.31194961914178565
106,106,categorical_soft,1,1,False,0.0,0.0,0.0,1.0,0.0,2,-1.0,0.40827691853046416,-0.08479710556566715,1.8001549601554871,-1.1783070325851441,0.40827691853046416,0.12640811559662266,0.831152192791175,0.0424396916122024,0.12640811559662266,0.831152192791175,0.0424396916122024,0.831152192791175,0.12640811559662266,-0.7887125011789726,2,2,0.064,500.0,0.7896378748118877,0.9806371703308566,-0.4306371703308566
107,107,categorical_soft,0,0,False,0.0,0.0,1.0,0.0,0.0,1,-1.0,0.4910968005657196,4.780163049697876,-0.7143938183784485,-3.5102006673812864,0.4910968005657196,0.9956233309884963,0.004125723793877885,0.00025094521762596643,0.9956233309884963,0.004125723793877885,0.00025094521762596643,0.9956233309884963,0.004125723793877885,-0.9953723857708704,1,1,0.064,1090.0,0.6760236322879791,0.9343389584901522,-0.3843389584901522
108,108,categorical_soft,1,1,False,0.0,0.0,0.0,1.0,0.0,2,-1.0,0.5146461546421051,-1.7955965399742126,3.315940809249878,-1.0414137303829194,0.5146461546421051,0.0059388060034239135,0.9812612750257405,0.01279991897083565,0.0059388060034239135,0.9812612750257405,0.01279991897083565,0.9812612750257405,0.0059388060034239135,-0.9684613560549048,2,2,0.512,420.0,0.9626827612519264,0.9923966606535153,-0.44239666065351524
109,109,categorical_soft,0,0,True,0.13903218305788395,0.0,0.8609678149223328,0.0,0.13903218507766724,1,-0.7219356298446655,0.5142171934247017,3.724848437309265,-2.8449386596679687,-0.10661777295172215,0.5142171934247017,0.9765663944388093,0.0013787951971864095,0.02205481036400451,0.9765663944388093,0.0013787951971864095,0.02205481036400451,0.9765663944388093,0.0013787951971864095,-0.9545115840748049,1,1,0.256,1090.0,1.2358582559973001,0.9955306831056581,-0.445530683105658
110,110,categorical_soft,1,1,False,0.0,0.0,0.0,1.0,0.0,2,-1.0,0.47494423389434814,0.9869940936565399,1.5227808713912965,-1.7905922532081604,0.47494423389434814,0.36088587921742155,0.6165480487888817,0.022566071993696663,0.36088587921742155,0.6165480487888817,0.022566071993696663,0.6165480487888817,0.36088587921742155,-0.593981976795185,2,2,0.032,490.0,0.6406727135181427,0.9610210045554824,-0.4110210045554824
111,111,categorical_soft,1,1,False,0.0,0.0,0.0,1.0,0.0,2,-1.0,0.496939492225647,0.4466610044240952,1.85247300863266,-1.6008723616600036,0.496939492225647,0.19216008078744432,0.7827727202538298,0.025067198958725896,0.19216008078744432,0.7827727202538298,0.025067198958725896,0.7827727202538298,0.19216008078744432,-0.7577055212951039,2,2,0.032,600.0,0.29688987880945206,0.7995060550026047,-0.2495060550026047
112,112,categorical_soft,1,1,True,0.1814254125808215,0.0,0.0,0.8185746073722839,0.18142540752887726,2,-0.6371491998434067,0.2876303937286139,-0.8902107834815979,0.7903661787509918,0.38316268622875216,0.2876303937286139,0.10055650040330097,0.5399581278790697,0.3594853717176293,0.10055650040330097,0.5399581278790697,0.3594853717176293,0.5399581278790697,0.10055650040330097,-0.18047275616144043,2,2,0.064,1090.0,0.5347029687836766,0.8766373137828818,-0.32663731378288174
113,113,categorical_soft,0,0,False,0.0,0.0,1.0,0.0,0.0,1,-1.0,0.6369584232568741,3.666833233833313,-0.3600755214691162,-2.779858422279358,0.6369584232568741,0.9807336027038766,0.017696057709911384,0.0015703395862121119,0.9807336027038766,0.017696057709911384,0.0015703395862121119,0.9807336027038766,0.017696057709911384,-0.9791632631176644,1,1,0.128,740.0,0.859238401055336,0.9816118736481374,-0.43161187364813736
114,114,categorical_soft,0,0,True,0.1397140909595591,0.0,0.8602859377861023,0.0,0.1397140920162201,1,-0.7205718457698822,0.39698309674859045,2.711356782913208,-2.3313754081726072,0.1617034152150154,0.39698309674859045,0.9210499704162427,0.005992094983793976,0.07295793459996325,0.9210499704162427,0.005992094983793976,0.07295793459996325,0.9210499704162427,0.005992094983793976,-0.8480920358162795,1,1,0.128,1110.0,1.143107857555151,0.992798274687235,-0.442798274687235
115,115,categorical_soft,0,0,False,0.0,0.0,1.0,0.0,0.0,1,-1.0,0.5384056240320205,3.886933612823486,-0.9273958146572113,-2.64383807182312,0.5384056240320205,0.9904691801264249,0.008080454045770218,0.0014503658278048818,0.9904691801264249,0.008080454045770218,0.0014503658278048818,0.9904691801264249,0.008080454045770218,-0.98901881429862,1,1,0.256,400.0,0.8786294907331467,0.9888229953165317,-0.4388229953165317
116,116,categorical_soft,0,0,True,0.13828874431963267,0.0,0.8617112636566162,0.0,0.13828875124454498,1,-0.7234225124120712,0.4897461667656898,2.915642261505127,-2.5828738451004027,0.18007679134607316,0.4897461667656898,0.9343151570610878,0.003848975750638052,0.06183586718827414,0.9343151570610878,0.003848975750638052,0.06183586718827414,0.9343151570610878,0.003848975750638052,-0.8724792898728136,1,1,0.512,690.0,1.3690884998068213,0.9985617374980715,-0.4485617374980715
117,117,categorical_soft,1,1,True,0.3776829839284971,0.0,0.0,0.6223170161247253,0.37768298387527466,2,-0.24463403224945068,0.2959722403436899,0.1890798769891262,0.8677581310272217,-0.2616239428520203,0.2959722403436899,0.27739259608682776,0.5459318944101597,0.17667550950301247,0.27739259608682776,0.5459318944101597,0.17667550950301247,0.5459318944101597,0.27739259608682776,-0.3692563849071472,2,2,0.032,1090.0,0.25692538917064667,0.6447691894907673,-0.09476918949076729
118,118,categorical_soft,0,0,False,0.0,0.0,1.0,0.0,0.0,1,-1.0,0.5961926281452179,1.6426169753074646,1.531843101978302,-2.3067213773727415,0.5961926281452179,0.5222671769607009,0.4675593284938059,0.010173494545493095,0.5222671769607009,0.4675593284938059,0.010173494545493095,0.5222671769607009,0.4675593284938059,-0.5120936824152078,1,1,0.0,530.0,0.14550048112869263,0.6734340588596291,-0.1234340588596291
119,119,categorical_soft,1,1,False,0.0,0.0,0.0,1.0,0.0,2,-1.0,0.5201078295707703,1.2924476504325866,1.9320967555046082,-2.2574700593948362,0.5201078295707703,0.34200094362750194,0.6480461544217364,0.009952901950761756,0.34200094362750194,0.6480461544217364,0.009952901950761756,0.6480461544217364,0.34200094362750194,-0.6380932524709747,2,2,0.032,1020.0,0.7461745217442513,0.9562448127595157,-0.4062448127595156
120,120,categorical_soft,0,0,False,0.0,0.0,1.0,0.0,0.0,1,-1.0,0.6001343786716461,3.481499433517456,-0.4690467804670334,-2.576722764968872,0.6001343786716461,0.9787172391204454,0.01897422679312557,0.002308534086429135,0.9787172391204454,0.01897422679312557,0.002308534086429135,0.9787172391204454,0.01897422679312557,-0.9764087050340162,1,1,0.064,1140.0,0.8811020478606224,0.9734726540334536,-0.4234726540334536
121,121,categorical_soft,1,1,False,0.0,0.0,0.0,1.0,0.0,2,-1.0,0.5501045465469361,1.3702426314353944,1.5518311977386474,-2.2178173065185547,0.5501045465469361,0.44903876014931593,0.5384374488302832,0.012523791020400766,0.44903876014931593,0.5384374488302832,0.012523791020400766,0.5384374488302832,0.44903876014931593,-0.5259136578098824,2,2,0.032,1030.0,0.44420781126245856,0.8304270220552399,-0.28042702205523984
122,122,categorical_soft,0,0,False,0.0,0.0,1.0,0.0,0.0,1,-1.0,0.4996429026126862,2.9092037200927736,0.10252219811081886,-2.4999874114990233,0.4996429026126862,0.9388240412593769,0.056965796540790606,0.0042101621998324795,0.9388240412593769,0.056965796540790606,0.0042101621998324795,0.9388240412593769,0.056965796540790606,-0.9346138790595444,1,1,0.032,770.0,0.5590284466743469,0.921742720182926,-0.371742720182926
123,123,categorical_soft,1,1,False,0.0,0.0,0.0,1.0,0.0,2,-1.0,0.6467529028654099,1.516602921485901,2.2256329536437987,-2.7320711612701416,0.6467529028654099,0.3282630037493974,0.6669872959869585,0.004749700263644172,0.3282630037493974,0.6669872959869585,0.004749700263644172,0.6669872959869585,0.3282630037493974,-0.6622375957233143,2,2,0.064,970.0,0.8382994756102562,0.9733338173655368,-0.42333381736553677
124,124,categorical_soft,1,1,False,0.0,0.0,0.0,1.0,0.0,2,-1.0,0.5237465322017669,1.210650783777237,2.3561907052993774,-2.558209776878357,0.5237465322017669,0.24016237391548428,0.7542528642181343,0.005584761866381379,0.24016237391548428,0.7542528642181343,0.005584761866381379,0.7542528642181343,0.24016237391548428,-0.748668102351753,2,2,0.064,900.0,0.7135881632566452,0.9555940568279244,-0.4055940568279244
125,125,categorical_soft,1,1,True,0.5794127886650615,0.0,0.0,0.4205872118473053,0.5794128179550171,3,0.1588256061077118,0.4040783703327179,-0.09606241602450609,-0.11769196838140487,0.25280419886112215,0.4040783703327179,0.2944712768266224,0.28811988558883056,0.41740883758454694,0.2944712768266224,0.28811988558883056,0.41740883758454694,0.28811988558883056,0.2944712768266224,0.12928895199571638,3,3,0.0,630.0,0.014298170804977417,0.489638852732902,0.06036114726709807
126,126,categorical_soft,0,0,False,0.0,0.0,1.0,0.0,0.0,1,-1.0,0.5564442992210388,3.4153265953063965,-0.41756369471549987,-2.3978578567504885,0.5564442992210388,0.9758617537414486,0.02118569265781164,0.00295255360073977,0.9758617537414486,0.02118569265781164,0.00295255360073977,0.9758617537414486,0.02118569265781164,-0.9729092001407088,1,1,0.064,710.0,0.7786474227905273,0.9738569134677411,-0.423856913467741
127,127,categorical_soft,1,1,True,0.14917704361324657,0.0,0.0,0.8508229851722717,0.14917704463005066,2,-0.7016459405422211,0.33786182552576066,-2.1691938638687134,2.181899976730347,0.43926860094070436,0.33786182552576066,0.010917327909585786,0.8415556523154357,0.14752701977497834,0.010917327909585786,0.8415556523154357,0.14752701977497834,0.8415556523154357,0.010917327909585786,-0.6940286325404574,2,2,0.256,800.0,0.7053017374128103,0.9588614438144833,-0.4088614438144833
128,128,categorical_soft,0,0,False,0.0,0.0,1.0,0.0,0.0,1,-1.0,0.5015937328338623,4.846741151809693,-1.1183182716369628,-3.417687463760376,0.5015937328338623,0.9971566005368848,0.0025825993601515983,0.00026080010296359376,0.9971566005368848,0.0025825993601515983,0.00026080010296359376,0.9971566005368848,0.0025825993601515983,-0.9968958004339212,1,1,0.256,810.0,0.9328049719333649,0.9859995425646517,-0.4359995425646517
129,129,categorical_soft,1,1,False,0.0,0.0,0.0,1.0,0.0,2,-1.0,0.5486950516700745,0.8800009250640869,1.388320231437683,-1.6381961822509765,0.5486950516700745,0.3645222297806457,0.6059464850428296,0.029531285176524626,0.3645222297806457,0.6059464850428296,0.029531285176524626,0.6059464850428296,0.3645222297806457,-0.576415199866305,2,2,0.0,740.0,0.4401589300541673,0.8719570289551434,-0.32195702895514333
130,130,categorical_soft,0,0,True,0.13932300532074077,0.0,0.8606770038604736,0.0,0.13932301104068756,1,-0.7213539928197861,0.3116083338856697,2.663620924949646,-3.2336063385009766,0.7919808804988862,0.3116083338856697,0.8642992563200892,0.0023865705249378213,0.13331417315497296,0.8642992563200892,0.0023865705249378213,0.13331417315497296,0.8642992563200892,0.0023865705249378213,-0.7309850831651162,1,1,0.256,760.0,1.1072956509888172,0.9943598641772323,-0.4443598641772323
131,131,categorical_soft,1,1,True,0.26710387641292066,0.0,0.0,0.7328961491584778,0.2671038806438446,2,-0.4657922685146332,0.3337958212941885,0.3200581133365631,-0.26666240990161894,0.25094244480133054,0.3337958212941885,0.4015438193772972,0.22356999616492584,0.37488618445777694,0.4015438193772972,0.22356999616492584,0.37488618445777694,0.22356999616492584,0.4015438193772972,0.1513161882928511,1,1,0.0,450.0,0.20189611613750458,0.7497536010137897,-0.1997536010137897
132,132,categorical_soft,1,1,True,0.1942978501231068,0.0,0.0,0.8057021498680115,0.19429785013198853,2,-0.611404299736023,0.3517597584053874,0.19912551417946817,0.5594012260437011,-0.09855541959404945,0.3517597584053874,0.3151736490849034,0.4510822737628639,0.23374407715223264,0.3151736490849034,0.4510822737628639,0.23374407715223264,0.4510822737628639,0.3151736490849034,-0.21733819661063128,2,2,0.0,450.0,0.33466777577996254,0.8519102310008333,-0.30191023100083325
133,133,categorical_soft,1,1,True,0.1479900162383735,0.0,0.0,0.8520100116729736,0.14799001812934875,2,-0.7040199935436249,0.37297189682722093,-2.7800940990448,2.8482494354248047,0.5465109586715698,0.37297189682722093,0.0032583807138202346,0.9056761862466564,0.09106543303952344,0.0032583807138202346,0.9056761862466564,0.09106543303952344,0.9056761862466564,0.0032583807138202346,-0.8146107532071329,2,2,0.256,1060.0,0.7902041841298342,0.9627634908850646,-0.4127634908850646
134,134,categorical_soft,1,1,False,0.0,0.0,0.0,1.0,0.0,2,-1.0,0.4203301355242729,-1.6777450323104859,3.3350645542144775,-1.070448398590088,0.4203301355242729,0.006569428049766637,0.9812254682756356,0.012205103674597708,0.006569428049766637,0.9812254682756356,0.012205103674597708,0.9812254682756356,0.006569428049766637,-0.9690203646010379,2,2,0.512,420.0,0.9185963869094849,0.9905750027375144,-0.4405750027375144
135,135,categorical_soft,1,1,False,0.0,0.0,0.0,1.0,0.0,2,-1.0,0.49153549373149874,-0.8023348033428193,2.829681158065796,-1.342593538761139,0.49153549373149874,0.02540042345456069,0.9597589071050223,0.014840669440417256,0.02540042345456069,0.9597589071050223,0.014840669440417256,0.9597589071050223,0.02540042345456069,-0.944918237664605,2,2,0.128,550.0,0.8471453636884689,0.9844363066557632,-0.43443630665576316
136,136,categorical_soft,1,1,False,0.0,0.0,0.0,1.0,0.0,2,-1.0,0.5178125172853469,-0.7320741176605224,2.8630271673202516,-1.5155855536460876,0.5178125172853469,0.026409477563188715,0.9613734097899622,0.01221711264684904,0.026409477563188715,0.9613734097899622,0.01221711264684904,0.9613734097899622,0.026409477563188715,-0.9491562971431132,2,2,0.064,710.0,0.8296653404831886,0.9795348113878266,-0.42953481138782657
137,137,categorical_soft,1,1,False,0.0,0.0,0.0,1.0,0.0,2,-1.0,0.3988769605755806,-2.7194249391555787,3.572243499755859,-0.2365269184112549,0.3988769605755806,0.0018103941650398996,0.9763855074596719,0.02180409837528819,0.0018103941650398996,0.9763855074596719,0.02180409837528819,0.9763855074596719,0.0018103941650398996,-0.9545814090843837,2,2,0.256,1170.0,0.9370100349187851,0.9789839075363657,-0.4289839075363656
138,138,categorical_soft,0,0,False,0.0,0.0,1.0,0.0,0.0,1,-1.0,0.6502847015857697,3.8158798933029177,-0.8679967522621155,-2.5661988735198973,0.6502847015857697,0.9891529952367675,0.009161288287591437,0.0016857164756410264,0.9891529952367675,0.009161288287591437,0.0016857164756410264,0.9891529952367675,0.009161288287591437,-0.9874672787611265,1,1,0.256,520.0,0.7035814672708511,0.9700524971125286,-0.42005249711252857
139,139,categorical_soft,0,0,True,0.5633984061695912,0.0,0.43660157918930054,0.0,0.5633984208106995,3,0.12679684162139893,0.3603898763656616,-0.34755747616291044,0.09431957341730594,0.377699539065361,0.3603898763656616,0.21624081069811876,0.3368249894058094,0.446934199896072,0.21624081069811876,0.3368249894058094,0.446934199896072,0.21624081069811876,0.3368249894058094,0.23069338919795326,3,3,0.032,550.0,0.004771977663040161,0.5020469266401053,0.04795307335989474
140,140,categorical_soft,0,0,True,0.20074126903059886,0.0,0.7992587089538574,0.0,0.20074127614498138,1,-0.598517432808876,0.27697993218898775,2.189738726615906,-1.9413681149482727,0.25731968581676484,0.27697993218898775,0.8609695805634724,0.01384151110084832,0.12518890833567933,0.8609695805634724,0.01384151110084832,0.12518890833567933,0.8609695805634724,0.01384151110084832,-0.7357806722277931,1,1,0.032,910.0,0.42986413836479187,0.8406197921304861,-0.29061979213048605
141,141,categorical_soft,0,0,True,0.13822393699639696,0.0,0.8617760539054871,0.0,0.13822393119335175,1,-0.7235521227121353,0.3982121467590332,3.775521230697632,-3.011958932876587,-0.12291451320052146,0.3982121467590332,0.9782065838299129,0.0011060475663809799,0.02068736860370618,0.9782065838299129,0.0011060475663809799,0.02068736860370618,0.9782065838299129,0.0011060475663809799,-0.9575192152262066,1,1,0.256,1090.0,1.5090577974915504,0.9988286034420863,-0.4488286034420863
142,142,categorical_soft,0,0,True,0.1386426140440054,0.0,0.8613573908805847,0.0,0.13864260911941528,1,-0.7227147817611694,0.5003869861364365,2.781256675720215,-2.3193583607673647,0.07316669784486293,0.5003869861364365,0.9315048823719623,0.005701892465992719,0.06279322516204486,0.9315048823719623,0.005701892465992719,0.06279322516204486,0.9315048823719623,0.005701892465992719,-0.8687116572099174,1,1,0.512,520.0,1.1852051876485348,0.9971120824108168,-0.4471120824108168
143,143,categorical_soft,1,1,False,0.0,0.0,0.0,1.0,0.0,2,-1.0,0.54205162525177,-0.6190738916397095,2.8820436716079714,-1.687895691394806,0.54205162525177,0.029005695958587464,0.960845885885526,0.010148418155886456,0.029005695958587464,0.960845885885526,0.010148418155886456,0.960845885885526,0.029005695958587464,-0.9506974677296396,2,2,0.128,820.0,0.8714949004352093,0.9809465115266203,-0.4309465115266202
144,144,categorical_soft,0,0,True,0.6047506896738587,0.0,0.39524930715560913,0.0,0.6047506928443909,3,0.20950138568878174,0.32231149524450303,0.25284861773252487,-0.06329540312290191,0.2742520600557327,0.32231149524450303,0.3633859463558934,0.26486394634871996,0.37175010729538666,0.3633859463558934,0.26486394634871996,0.37175010729538666,0.3633859463558934,0.26486394634871996,0.00836416093949327,3,3,0.0,930.0,0.0715331882238388,0.46956332434263837,0.08043667565736168
145,145,categorical_soft,0,0,False,0.0,0.0,1.0,0.0,0.0,1,-1.0,0.5776712596416473,1.1146298408508302,1.4449790716171265,-1.8781554460525514,0.5776712596416473,0.40952177394765465,0.5697374937941397,0.020740732258205653,0.40952177394765465,0.5697374937941397,0.020740732258205653,0.40952177394765465,0.5697374937941397,-0.388781041689449,2,2,0.0,720.0,0.18114810436964035,0.6614705638313395,-0.11147056383133946
146,146,categorical_soft,1,1,True,0.1519203241885233,0.0,0.0,0.8480796813964844,0.15192031860351562,2,-0.6961593627929688,0.30222882330417633,-0.3823215842247009,0.19108880162239075,0.314230477809906,0.30222882330417633,0.20905519040893203,0.37116303911920884,0.41978177047185905,0.20905519040893203,0.37116303911920884,0.41978177047185905,0.37116303911920884,0.20905519040893203,0.04861873135265021,3,3,0.032,760.0,0.654623880982399,0.9501698761583731,-0.4001698761583731
147,147,categorical_soft,0,0,True,0.14111425726669852,0.0,0.8588857650756836,0.0,0.1411142498254776,1,-0.717771515250206,0.5821148663759231,2.4440401077270506,-0.9721182405948638,-0.6026559263467789,0.5821148663759231,0.9247548662989352,0.03051161140511826,0.044733522295946376,0.9247548662989352,0.03051161140511826,0.044733522295946376,0.9247548662989352,0.03051161140511826,-0.8800213440029888,1,1,0.064,550.0,0.8895179703831673,0.9873244413996682,-0.4373244413996682
148,148,categorical_soft,0,0,False,0.0,0.0,1.0,0.0,0.0,1,-1.0,0.6033215790987014,4.153616428375244,-0.8196972370147705,-2.9730926752090454,0.6033215790987014,0.9922902960530811,0.006907085222327414,0.0008026187245915554,0.9922902960530811,0.006907085222327414,0.0008026187245915554,0.9922902960530811,0.006907085222327414,-0.9914876773284895,1,1,0.256,640.0,0.9410156607627869,0.989011461538332,-0.4390114615383319
149,149,categorical_soft,1,1,False,0.0,0.0,0.0,1.0,0.0,2,-1.0,0.5085456758737564,-3.068041205406189,3.449035406112671,0.20707569420337676,0.5085456758737564,0.0014208267298660732,0.9607702069028597,0.037808966367274176,0.0014208267298660732,0.9607702069028597,0.037808966367274176,0.9607702069028597,0.0014208267298660732,-0.9229612405355856,2,2,0.512,1010.0,0.884843185544014,0.9776384682656628,-0.42763846826566276
150,150,categorical_soft,1,1,True,0.2515553254723077,0.0,0.0,0.748444676399231,0.25155532360076904,2,-0.4968893527984619,0.2926272228360176,0.4148683786392212,4.441477358341217e-05,0.05757324583828449,0.2926272228360176,0.42319482341173986,0.27962825429860383,0.29717692228965636,0.42319482341173986,0.27962825429860383,0.29717692228965636,0.27962825429860383,0.42319482341173986,0.017548667991052536,1,1,0.0,1140.0,0.39154666662216187,0.76804389163125,-0.21804389163124993
151,151,categorical_soft,1,1,True,0.16508592190326005,0.0,0.0,0.8349140882492065,0.16508592665195465,2,-0.6698281615972519,0.3793517231941223,-1.015683615207672,0.7042956411838531,0.4598504364490509,0.3793517231941223,0.09118948726659452,0.509576196400425,0.39923431633298045,0.09118948726659452,0.509576196400425,0.39923431633298045,0.509576196400425,0.09118948726659452,-0.1103418800674445,2,2,0.064,450.0,0.4585789884440601,0.9136067979112812,-0.36360679791128114
152,152,categorical_soft,0,0,True,0.13982705296845277,0.0,0.8601729273796082,0.0,0.13982705771923065,1,-0.7203458696603775,0.32255096584558485,2.115814685821533,-2.2804579973220824,0.5174933135509491,0.32255096584558485,0.8231469480105866,0.010229324823782368,0.16662372716563104,0.8231469480105866,0.010229324823782368,0.16662372716563104,0.8231469480105866,0.010229324823782368,-0.6565232208449556,1,1,0.256,680.0,1.0252197608351707,0.9923499347600208,-0.4423499347600207
153,153,categorical_soft,1,1,False,0.0,0.0,0.0,1.0,0.0,2,-1.0,0.45916842520236967,-0.9875394701957703,2.8112719297409057,-1.17953200340271,0.45916842520236967,0.021536208416554355,0.960520245600754,0.017943545982691468,0.021536208416554355,0.960520245600754,0.017943545982691468,0.960520245600754,0.021536208416554355,-0.9425766996180626,2,2,0.128,570.0,0.8900863528251648,0.9870548531058613,-0.43705485310586123
154,154,categorical_soft,1,1,True,0.38718682720448966,0.0,0.0,0.6128131747245789,0.38718682527542114,2,-0.22562634944915771,0.33939388692378997,0.03649905808269978,0.12348137199878692,0.13323077633976937,0.33939388692378997,0.3135612774985188,0.34146936491437285,0.3449693575871083,0.3135612774985188,0.34146936491437285,0.3449693575871083,0.34146936491437285,0.3135612774985188,0.0034999926727354302,3,3,0.0,420.0,0.08563469350337982,0.6369667935119121,-0.08696679351191205
155,155,categorical_soft,1,1,True,0.6919414839182145,0.0,0.0,0.3080585300922394,0.691941499710083,3,0.38388296961784363,0.4103415533900261,0.5286554485559464,0.02634525205940008,0.08871415592730045,0.4103415533900261,0.4437005214211448,0.26855132804757037,0.28774815053128483,0.4437005214211448,0.26855132804757037,0.28774815053128483,0.26855132804757037,0.4437005214211448,0.01919682248371446,1,1,0.0,1110.0,0.05216918885707855,0.3931617373280032,0.15683826267199685
156,156,categorical_soft,1,1,False,0.0,0.0,0.0,1.0,0.0,2,-1.0,0.40057154297828673,-1.9938785195350648,3.2237040042877196,-0.576561912894249,0.40057154297828673,0.005287800893728187,0.9725205598665584,0.022191639239713592,0.005287800893728187,0.9725205598665584,0.022191639239713592,0.9725205598665584,0.005287800893728187,-0.9503289206268448,2,2,0.512,620.0,1.0369794890284538,0.9932770033740341,-0.4432770033740341
157,157,categorical_soft,0,0,True,0.14246930285070097,0.0,0.8575307130813599,0.0,0.14246930181980133,1,-0.7150614112615585,0.3573200017213821,3.368539643287659,-4.6169960498809814,1.1940935134887696,0.3573200017213821,0.8976346440634728,0.00030851146207482483,0.10205684447445244,0.8976346440634728,0.00030851146207482483,0.10205684447445244,0.8976346440634728,0.00030851146207482483,-0.7955777995890204,1,1,0.256,1190.0,0.9762993305921555,0.9821923797642307,-0.43219237976423064
158,158,categorical_soft,0,0,False,0.0,0.0,1.0,0.0,0.0,1,-1.0,0.5088358074426651,3.1488561391830445,0.49446236789226533,-2.7982678413391113,0.5088358074426651,0.9315705712392311,0.06598389966544656,0.0024455290953223833,0.9315705712392311,0.06598389966544656,0.0024455290953223833,0.9315705712392311,0.06598389966544656,-0.9291250421439088,1,1,0.032,970.0,0.5593879073858261,0.9026409468277098,-0.35264094682770974
159,159,categorical_soft,0,0,True,0.2248344800933998,0.0,0.7751654982566833,0.0,0.22483448684215546,1,-0.5503310114145279,0.4884759679436684,2.3196603298187255,-1.784822130203247,0.1121991291642189,0.4884759679436684,0.8871738429094492,0.014781747732386507,0.0980444093581645,0.8871738429094492,0.014781747732386507,0.0980444093581645,0.8871738429094492,0.014781747732386507,-0.7891294335512847,1,1,0.064,1100.0,0.4242866486310959,0.8031953762369244,-0.25319537623692434
160,160,categorical_soft,0,0,True,0.22324250122744782,0.0,0.7767574787139893,0.0,0.22324250638484955,1,-0.5535149723291397,0.3652072861790657,0.49288607835769654,-0.24803146123886108,0.1754138231277466,0.3652072861790657,0.45334880417403334,0.21630808484795422,0.3303431109780125,0.45334880417403334,0.21630808484795422,0.3303431109780125,0.45334880417403334,0.21630808484795422,-0.12300569319602084,1,1,0.0,570.0,0.29719260334968567,0.8054738559841625,-0.2554738559841625
161,161,categorical_soft,0,0,False,0.0,0.0,1.0,0.0,0.0,1,-1.0,0.5532208025455475,5.167303133010864,-1.3738955974578857,-3.374956798553467,0.5532208025455475,0.9983445712231959,0.001456841059572082,0.00019858771723206184,0.9983445712231959,0.001456841059572082,0.00019858771723206184,0.9983445712231959,0.001456841059572082,-0.9981459835059638,1,1,0.256,1120.0,0.8825294226408005,0.9742646649939778,-0.42426466499397775
162,162,categorical_soft,0,0,False,0.0,0.0,1.0,0.0,0.0,1,-1.0,0.5501936584711075,4.197039246559143,-0.8249013185501098,-3.0071770429611204,0.5501936584711075,0.9926614531016711,0.006592810587724184,0.0007457363106047563,0.9926614531016711,0.006592810587724184,0.0007457363106047563,0.9926614531016711,0.006592810587724184,-0.9919157167910664,1,1,0.064,1170.0,0.6937208026647568,0.9337542971450663,-0.38375429714506626
163,163,categorical_soft,0,0,False,0.0,0.0,1.0,0.0,0.0,1,-1.0,0.5771934360265731,4.572545719146729,-1.1206258535385132,-3.104314088821411,0.5771934360265731,0.996161494272577,0.003374731364993297,0.0004637743624294801,0.996161494272577,0.003374731364993297,0.0004637743624294801,0.996161494272577,0.003374731364993297,-0.9956977199101475,1,1,0.512,420.0,1.0640278086066246,0.9953650626985455,-0.4453650626985455
164,164,categorical_soft,1,1,True,0.17329589949797325,0.0,0.0,0.8267040848731995,0.17329590022563934,2,-0.6534081846475601,0.3928911671042442,-1.3100862860679627,1.4004255294799806,0.23612598478794097,0.3928911671042442,0.048343445138542704,0.7249071764286856,0.22674937843277165,0.048343445138542704,0.7249071764286856,0.22674937843277165,0.7249071764286856,0.048343445138542704,-0.498157797995914,2,2,0.128,630.0,0.45692120492458344,0.8941022071415985,-0.34410220714159845
165,165,categorical_soft,0,0,False,0.0,0.0,1.0,0.0,0.0,1,-1.0,0.6275121241807937,0.8769152522087097,0.9475582599639892,-1.3057507634162904,0.6275121241807937,0.4574739285785518,0.49080508397039413,0.051720987451054024,0.4574739285785518,0.49080508397039413,0.051720987451054024,0.4574739285785518,0.49080508397039413,-0.40575294112749777,2,2,0.032,450.0,0.3405662328004837,0.8555293667070335,-0.30552936670703346
166,166,categorical_soft,1,1,False,0.0,0.0,0.0,1.0,0.0,2,-1.0,0.5655609339475631,1.149559533596039,1.6019209027290344,-2.045547640323639,0.5655609339475631,0.3826445502295537,0.6015168024704469,0.01583864729999939,0.3826445502295537,0.6015168024704469,0.01583864729999939,0.6015168024704469,0.3826445502295537,-0.5856781551704475,2,2,0.0,790.0,0.5542556680738926,0.918242385703389,-0.36824238570338896
167,167,categorical_soft,0,0,False,0.0,0.0,1.0,0.0,0.0,1,-1.0,0.6549791127443314,6.1139631271362305,-2.1479323387145994,-3.592994046211243,0.6549791127443314,0.9996752486696158,0.0002634381285848799,6.1313201799422e-05,0.9996752486696158,0.0002634381285848799,6.1313201799422e-05,0.9996752486696158,0.0002634381285848799,-0.9996139354678163,1,1,0.512,960.0,1.1586555764079094,0.9944225634819186,-0.44442256348191855
168,168,categorical_soft,0,0,True,0.13808275097120648,0.0,0.86191725730896,0.0,0.13808275759220123,1,-0.7238344997167587,0.4336693584918976,4.764070987701416,-4.029617595672607,-0.1533428870141506,0.4336693584918976,0.9921268146986597,0.00015144221775926833,0.0077217430835810185,0.9921268146986597,0.00015144221775926833,0.0077217430835810185,0.9921268146986597,0.00015144221775926833,-0.9844050716150787,1,1,0.512,1150.0,1.6639904230833054,0.9994114755264566,-0.44941147552645655
169,169,categorical_soft,1,1,False,0.0,0.0,0.0,1.0,0.0,2,-1.0,0.45956839323043824,-2.3534624576568604,3.313023829460144,-0.33453335165977477,0.45956839323043824,0.0033671951780694367,0.9712508866513451,0.025381918170585566,0.0033671951780694367,0.9712508866513451,0.025381918170585566,0.9712508866513451,0.0033671951780694367,-0.9458689684807595,2,2,0.512,630.0,0.9054725877940655,0.987096515143741,-0.4370965151437409
170,170,categorical_soft,1,1,True,0.15469499962109745,0.0,0.0,0.8453050255775452,0.15469500422477722,2,-0.6906100213527679,0.3721333250403404,-1.727376651763916,1.477501380443573,0.5726898789405823,0.3721333250403404,0.02804853828194894,0.691426290422602,0.2805251712954492,0.02804853828194894,0.691426290422602,0.2805251712954492,0.691426290422602,0.02804853828194894,-0.41090111912715277,2,2,0.512,400.0,0.5329052275046706,0.941803186065585,-0.39180318606558495
171,171,categorical_soft,1,1,True,0.15684755429634534,0.0,0.0,0.8431524634361267,0.15684755146503448,2,-0.6863049119710922,0.250125053524971,-1.747954285144806,1.902651596069336,0.3632134646177292,0.250125053524971,0.020920780403876193,0.8054814607818137,0.1735977588143101,0.020920780403876193,0.8054814607818137,0.1735977588143101,0.8054814607818137,0.020920780403876193,-0.6318837019675037,2,2,0.128,750.0,0.5967523828148842,0.9355792000910905,-0.3855792000910905
172,172,categorical_soft,0,0,False,0.0,0.0,1.0,0.0,0.0,1,-1.0,0.6142906159162521,3.1623510837554933,-0.33914085626602175,-2.449869418144226,0.6142906159162521,0.967109667218452,0.029328783409309212,0.0035615493722388663,0.967109667218452,0.029328783409309212,0.0035615493722388663,0.967109667218452,0.029328783409309212,-0.9635481178462132,1,1,0.064,1000.0,0.7131521999835968,0.9500865290201956,-0.4000865290201956
173,173,categorical_soft,1,1,False,0.0,0.0,0.0,1.0,0.0,2,-1.0,0.5760417699813842,-2.504273200035095,3.42652223110199,-0.3586535692214966,0.5760417699813842,0.0026014184053545853,0.9751113931793712,0.022287188415274127,0.0026014184053545853,0.9751113931793712,0.022287188415274127,0.9751113931793712,0.0026014184053545853,-0.9528242047640971,2,2,0.512,710.0,0.926895696669817,0.9872083280702392,-0.4372083280702391
174,174,categorical_soft,1,1,False,0.0,0.0,0.0,1.0,0.0,2,-1.0,0.4353543683886528,-0.8723880410194397,2.0982593417167665,-0.8073610246181488,0.4353543683886528,0.04635142643402815,0.9033808699992131,0.050267703566758935,0.04635142643402815,0.9033808699992131,0.050267703566758935,0.9033808699992131,0.04635142643402815,-0.8531131664324542,2,2,0.128,510.0,0.8757945969700813,0.9870818102457184,-0.43708181024571835
175,175,categorical_soft,1,1,False,0.0,0.0,0.0,1.0,0.0,2,-1.0,0.5645966500043869,1.6777961015701295,0.8753713548183442,-2.035531497001648,0.5645966500043869,0.6783122799124507,0.3050615481276663,0.016626171959883085,0.6783122799124507,0.3050615481276663,0.016626171959883085,0.3050615481276663,0.6783122799124507,-0.2884353761677832,1,1,0.032,420.0,0.14259213209152222,0.6989029943655043,-0.14890299436550425
176,176,categorical_soft,0,0,False,0.0,0.0,1.0,0.0,0.0,1,-1.0,0.5878019511699677,4.257358694076538,-0.9205516874790192,-2.8888188123703005,0.5878019511699677,0.9935873293315387,0.00562581433983807,0.0007868563286231948,0.9935873293315387,0.00562581433983807,0.0007868563286231948,0.9935873293315387,0.00562581433983807,-0.9928004730029155,1,1,0.512,430.0,0.9890631213784218,0.993234279246882,-0.44323427924688197
177,177,categorical_soft,0,0,True,0.14220901230710697,0.0,0.857791006565094,0.0,0.1422090083360672,1,-0.7155819982290268,0.3809142097830772,2.084644067287445,-1.8659514665603638,0.24233953058719634,0.3809142097830772,0.8478123573902849,0.01641144624753938,0.1357761963621756,0.8478123573902849,0.01641144624753938,0.1357761963621756,0.8478123573902849,0.01641144624753938,-0.7120361610281093,1,1,0.128,680.0,0.8628118187189102,0.9831660768651947,-0.4331660768651947
178,178,categorical_soft,1,1,False,0.0,0.0,0.0,1.0,0.0,2,-1.0,0.5099004596471787,-3.7181395292282104,4.16920428276062,0.14261572286486626,0.5099004596471787,0.0003695128679456267,0.981959638266187,0.017670848865867256,0.0003695128679456267,0.981959638266187,0.017670848865867256,0.981959638266187,0.0003695128679456267,-0.9642887894003198,2,2,0.512,1100.0,0.9082893161103129,0.9777844890366508,-0.4277844890366508
179,179,categorical_soft,0,0,True,0.2096389923333335,0.0,0.7903609871864319,0.0,0.20963899791240692,1,-0.580721989274025,0.3501411434262991,0.6594839215278625,0.08574397936463356,-0.042495747283101085,0.3501411434262991,0.48492101743722804,0.27383324816668847,0.24124573439608357,0.48492101743722804,0.27383324816668847,0.24124573439608357,0.48492101743722804,0.27383324816668847,-0.24367528304114447,1,1,0.0,530.0,0.31519949436187744,0.826003236936907,-0.276003236936907
180,180,categorical_soft,0,0,False,0.0,0.0,1.0,0.0,0.0,1,-1.0,0.5862950265407563,3.326785683631897,-0.3920317828655243,-2.3962993383407594,0.5862950265407563,0.973047629783953,0.023752047413869225,0.0032003228021776444,0.973047629783953,0.023752047413869225,0.0032003228021776444,0.973047629783953,0.023752047413869225,-0.9698473069817753,1,1,0.032,660.0,0.8083652555942535,0.9786259904641058,-0.42862599046410577
181,181,categorical_soft,1,1,True,0.14796051642241764,0.0,0.0,0.8520394563674927,0.14796051383018494,2,-0.7040789425373077,0.43186118006706237,-1.843644392490387,1.7821208119392395,0.41170124113559725,0.43186118006706237,0.020794194956984223,0.7807330440541,0.19847276098891567,0.020794194956984223,0.7807330440541,0.19847276098891567,0.7807330440541,0.020794194956984223,-0.5822602830651844,2,2,0.256,780.0,0.7220612280070782,0.9628616094181124,-0.41286160941811234
182,182,categorical_soft,1,1,False,0.0,0.0,0.0,1.0,0.0,2,-1.0,0.49431997537612915,1.301635193824768,1.3180874705314636,-2.030592715740204,0.49431997537612915,0.4871754686001587,0.4952708482853816,0.017553683114459706,0.4871754686001587,0.4952708482853816,0.017553683114459706,0.4952708482853816,0.4871754686001587,-0.4777171651709219,2,2,0.0,620.0,0.32470835000276566,0.8169446782905361,-0.26694467829053603
183,183,categorical_soft,1,1,False,0.0,0.0,0.0,1.0,0.0,2,-1.0,0.3993620529770851,-1.8524364471435546,3.3382863998413086,-0.9599437952041626,0.3993620529770851,0.005517031990950218,0.9809221339983349,0.013560834010714872,0.005517031990950218,0.9809221339983349,0.013560834010714872,0.9809221339983349,0.005517031990950218,-0.9673612999876201,2,2,0.512,440.0,0.9864633828401566,0.9930653685045051,-0.44306536850450506
184,184,categorical_soft,0,0,True,0.14023177311416907,0.0,0.8597682118415833,0.0,0.14023177325725555,1,-0.7195364385843277,0.391295363008976,2.451731967926025,-2.2570644497871397,0.23643912971019745,0.391295363008976,0.8936795226564783,0.008096151750427796,0.09822432559309394,0.8936795226564783,0.008096151750427796,0.09822432559309394,0.8936795226564783,0.008096151750427796,-0.7954551970633844,1,1,0.064,1040.0,1.0746464524418116,0.9907534544092869,-0.4407534544092868
185,185,categorical_soft,0,0,False,0.0,0.0,1.0,0.0,0.0,1,-1.0,0.6106918007135391,4.5732750415802,-1.0089824616909027,-3.1322886466979982,0.6106918007135391,0.9957538684654296,0.0037933475964959905,0.0004527839380744969,0.9957538684654296,0.0037933475964959905,0.0004527839380744969,0.9957538684654296,0.0037933475964959905,-0.9953010845273551,1,1,0.256,690.0,0.824377030134201,0.9794972389177028,-0.42949723891770275
186,186,categorical_soft,1,1,False,0.0,0.0,0.0,1.0,0.0,2,-1.0,0.485875178873539,-0.5474883049726487,2.721640467643738,-1.4497039198875428,0.485875178873539,0.036156720344271066,0.9489348817048902,0.014908397950838773,0.036156720344271066,0.9489348817048902,0.014908397950838773,0.9489348817048902,0.036156720344271066,-0.9340264837540514,2,2,0.064,780.0,0.8256258368492126,0.9773373939606169,-0.4273373939606169
187,187,categorical_soft,0,0,True,0.14698093772251564,0.0,0.8530190587043762,0.0,0.14698094129562378,1,-0.7060381174087524,0.42578808069229124,2.413831043243408,-1.8291897892951965,0.08482088185846806,0.42578808069229124,0.8984165746905364,0.012966665315476172,0.08861675999398737,0.8984165746905364,0.012966665315476172,0.08861675999398737,0.8984165746905364,0.012966665315476172,-0.809799814696549,1,1,0.032,990.0,0.7931640520691872,0.9661522905281389,-0.41615229052813885
188,188,categorical_soft,0,0,True,0.13887839029869398,0.0,0.8611215949058533,0.0,0.13887839019298553,1,-0.7222432047128677,0.2987309008836746,3.147590494155884,-4.246710109710693,1.1937899351119996,0.2987309008836746,0.8750897708744623,0.0005426044602383942,0.12436762466529938,0.8750897708744623,0.0005426044602383942,0.12436762466529938,0.8750897708744623,0.0005426044602383942,-0.7507221462091629,1,1,0.512,820.0,1.2002649754285812,0.9961531855960688,-0.44615318559606876
189,189,categorical_soft,1,1,True,0.4922808545515101,0.0,0.0,0.5077191591262817,0.49228084087371826,2,-0.015438318252563477,0.2794948980212212,-0.06513271820731462,0.14511732310056685,0.2703432202339172,0.2794948980212212,0.27518056057315454,0.33975887849841624,0.3850605609284291,0.27518056057315454,0.33975887849841624,0.3850605609284291,0.33975887849841624,0.27518056057315454,0.04530168243001287,3,3,0.0,870.0,0.1272290199995041,0.5557900779139849,-0.005790077913984892
190,190,categorical_soft,1,1,True,0.1614042197962,0.0,0.0,0.8385958075523376,0.16140422224998474,2,-0.6771915853023529,0.27171486988663673,-2.578879237174988,2.3669517040252686,0.6546645700931549,0.27171486988663673,0.005990672789916087,0.8419675668529425,0.1520417603571414,0.005990672789916087,0.8419675668529425,0.1520417603571414,0.8419675668529425,0.005990672789916087,-0.6899258064958012,2,2,0.128,1010.0,0.6217487994581461,0.9230908345077989,-0.3730908345077989
191,191,categorical_soft,0,0,False,0.0,0.0,1.0,0.0,0.0,1,-1.0,0.703101959824562,3.0630805253982545,-0.35182954668998717,-2.278504490852356,0.703101959824562,0.9635619179101755,0.031816125371982265,0.004621956717842003,0.9635619179101755,0.031816125371982265,0.004621956717842003,0.9635619179101755,0.031816125371982265,-0.9589399611923335,1,1,0.128,430.0,0.6901669502258301,0.971265268944122,-0.421265268944122
192,192,categorical_soft,1,1,False,0.0,0.0,0.0,1.0,0.0,2,-1.0,0.5922945082187653,-2.0597546339035033,2.5137898445129396,-0.289585217833519,0.5922945082187653,0.009646164346714088,0.933603555587801,0.05675028006548501,0.009646164346714088,0.933603555587801,0.05675028006548501,0.933603555587801,0.009646164346714088,-0.876853275522316,2,2,0.512,530.0,0.8170751482248306,0.9824240518826223,-0.43242405188262223
193,193,categorical_soft,0,0,True,0.145772605207241,0.0,0.8542274236679077,0.0,0.14577260613441467,1,-0.708454817533493,0.4302030622959137,2.7378654003143312,-2.95946204662323,0.5775080382823944,0.4302030622959137,0.8935982991204938,0.0030113108429322692,0.10339039003657395,0.8935982991204938,0.0030113108429322692,0.10339039003657395,0.8935982991204938,0.0030113108429322692,-0.7902079090839199,1,1,0.128,1080.0,0.8427324146032333,0.9703012201844253,-0.4203012201844253
194,194,categorical_soft,1,1,False,0.0,0.0,0.0,1.0,0.0,2,-1.0,0.6228894591331482,2.15496643781662,0.991942572593689,-2.5250731229782106,0.6228894591331482,0.7561817911126468,0.236732967272073,0.007085241615280293,0.7561817911126468,0.236732967272073,0.007085241615280293,0.236732967272073,0.7561817911126468,-0.2296477256567927,1,1,0.0,1050.0,0.24135959148406982,0.6382705062354783,-0.08827050623547827
195,195,categorical_soft,1,1,False,0.0,0.0,0.0,1.0,0.0,2,-1.0,0.4985427260398865,1.2800832867622376,1.3695891976356507,-1.9676901578903199,0.4985427260398865,0.46896297622400895,0.5127906855622086,0.018246338213782298,0.46896297622400895,0.5127906855622086,0.018246338213782298,0.5127906855622086,0.46896297622400895,-0.49454434734842634,2,2,0.0,580.0,0.03497976064682007,0.5300748520688947,0.019925147931105336
196,196,categorical_soft,1,1,False,0.0,0.0,0.0,1.0,0.0,2,-1.0,0.3933479800820351,-1.711214506626129,4.815885591506958,-1.958625280857086,0.3933479800820351,0.001459928360806838,0.9973722656725628,0.0011678059666305064,0.001459928360806838,0.9973722656725628,0.0011678059666305064,0.9973722656725628,0.001459928360806838,-0.9962044597059323,2,2,0.128,1090.0,0.8795745894312859,0.9748019174857763,-0.4248019174857762
197,197,categorical_soft,1,1,False,0.0,0.0,0.0,1.0,0.0,2,-1.0,0.5773187041282654,1.277726173400879,1.1522531509399414,-1.953835165500641,0.5773187041282654,0.5203889859801327,0.45903168477783574,0.020579329242031437,0.5203889859801327,0.45903168477783574,0.020579329242031437,0.45903168477783574,0.5203889859801327,-0.4384523555358043,1,1,0.0,530.0,0.456807479262352,0.9049384685594726,-0.35493846855947253
198,198,categorical_soft,1,1,True,0.16971806602308326,0.0,0.0,0.8302819132804871,0.16971807181835175,2,-0.6605638414621353,0.3170121662318707,-1.4880194544792176,2.0899568438529967,-0.02781674899160862,0.3170121662318707,0.024381697071026744,0.8706007596572679,0.10501754327170529,0.024381697071026744,0.8706007596572679,0.10501754327170529,0.8706007596572679,0.024381697071026744,-0.7655832163855626,2,2,0.128,940.0,0.5513442233204842,0.9023456784161284,-0.3523456784161284
199,199,categorical_soft,0,0,False,0.0,0.0,1.0,0.0,0.0,1,-1.0,0.5331962168216705,3.0461008548736572,-0.4394782602787018,-2.249273753166199,0.5331962168216705,0.9654512354802162,0.0296650669597461,0.00488369756003766,0.9654512354802162,0.0296650669597461,0.00488369756003766,0.9654512354802162,0.0296650669597461,-0.9605675379201785,1,1,0.064,630.0,0.6827080249786377,0.9624110985426224,-0.41241109854262237
200,200,categorical_soft,0,0,True,0.1405106175801334,0.0,0.859489381313324,0.0,0.14051061868667603,1,-0.718978762626648,0.30273899957537653,2.238911175727844,-2.3249379634857177,0.45747773051261903,0.30273899957537653,0.8479524645325535,0.008851072514177022,0.14319646295326946,0.8479524645325535,0.008851072514177022,0.14319646295326946,0.8479524645325535,0.008851072514177022,-0.704756001579284,1,1,0.256,510.0,0.9216797426342964,0.9896623360021629,-0.43966233600216287
201,201,categorical_soft,0,0,False,0.0,0.0,1.0,0.0,0.0,1,-1.0,0.6028431117534637,5.613473129272461,-1.5415433168411254,-3.777395009994507,0.6028431117534637,0.9991255726207958,0.0007896409067453357,8.478647245882662e-05,0.9991255726207958,0.0007896409067453357,8.478647245882662e-05,0.9991255726207958,0.0007896409067453357,-0.999040786148337,1,1,0.128,1160.0,0.77137890458107,0.9543255483404679,-0.40432554834046786
202,202,categorical_soft,1,1,False,0.0,0.0,0.0,1.0,0.0,2,-1.0,0.3724475339055061,-0.7544243335723877,2.719020414352417,-1.400959348678589,0.3724475339055061,0.02966975078792744,0.9545348738899809,0.015795375322091614,0.02966975078792744,0.9545348738899809,0.015795375322091614,0.9545348738899809,0.02966975078792744,-0.9387394985678893,2,2,0.128,630.0,0.7733290158212185,0.9755886426620864,-0.4255886426620864
203,203,categorical_soft,1,1,True,0.1490194756019766,0.0,0.0,0.8509805202484131,0.14901947975158691,2,-0.7019610404968262,0.3105632998049259,-2.232552146911621,2.6219741344451903,0.3115732043981552,0.3105632998049259,0.007049975244071577,0.9031041320655901,0.08984589269033841,0.007049975244071577,0.9031041320655901,0.08984589269033841,0.9031041320655901,0.007049975244071577,-0.8132582393752518,2,2,0.256,720.0,0.6883350163698196,0.9593743057190663,-0.4093743057190663
204,204,categorical_soft,1,1,False,0.0,0.0,0.0,1.0,0.0,2,-1.0,0.4801089346408844,0.902711033821106,2.0497483611106873,-2.079213833808899,0.4801089346408844,0.23818718023363897,0.7496929517499507,0.012119868016410396,0.23818718023363897,0.7496929517499507,0.012119868016410396,0.7496929517499507,0.23818718023363897,-0.7375730837335402,2,2,0.032,880.0,0.786303885281086,0.9692417092065296,-0.4192417092065296
205,205,categorical_soft,0,0,False,0.0,0.0,1.0,0.0,0.0,1,-1.0,0.47118296176195146,3.5244185447692873,-0.6736064791679383,-2.432127261161804,0.47118296176195146,0.9825961459277716,0.014851284591654029,0.0025525694805743474,0.9825961459277716,0.014851284591654029,0.0025525694805743474,0.9825961459277716,0.014851284591654029,-0.9800435764471972,1,1,0.256,480.0,0.860015258193016,0.9865435989136945,-0.43654359891369443
206,206,categorical_soft,0,0,True,0.13854824437373459,0.0,0.8614517450332642,0.0,0.13854824006557465,1,-0.7229035049676895,0.4842969700694084,3.668091821670532,-3.095329833030701,0.0940035853534937,0.4842969700694084,0.970525216629593,0.0011275287764759027,0.028347254593931104,0.970525216629593,0.0011275287764759027,0.028347254593931104,0.970525216629593,0.0011275287764759027,-0.942177962035662,1,1,0.512,860.0,1.2978549934923649,0.9974974387743648,-0.44749743877436476
207,207,categorical_soft,1,1,True,0.14534355196600074,0.0,0.0,0.854656457901001,0.14534355700016022,2,-0.7093129009008408,0.3615410603582859,-1.6241668224334718,1.5801512598991394,0.3212185025215149,0.3615410603582859,0.030661725822516472,0.7545596114196874,0.2147786627577961,0.030661725822516472,0.7545596114196874,0.2147786627577961,0.7545596114196874,0.030661725822516472,-0.5397809486618913,2,2,0.256,600.0,0.7358072251081467,0.9717991940936319,-0.42179919409363187
208,208,categorical_soft,0,0,False,0.0,0.0,1.0,0.0,0.0,1,-1.0,0.5687181234359742,5.036837434768676,-0.856903862953186,-3.7015940666198732,0.5687181234359742,0.9970681042352517,0.00276945273768825,0.00016244302706006983,0.9970681042352517,0.00276945273768825,0.00016244302706006983,0.9970681042352517,0.00276945273768825,-0.9969056612081917,1,1,0.512,550.0,0.9212616831064224,0.9891350999766536,-0.43913509997665356
209,209,categorical_soft,0,0,True,0.14118864567241024,0.0,0.8588113784790039,0.0,0.14118865132331848,1,-0.7176227271556854,0.34182897210121155,2.274415135383606,-2.67416033744812,0.67764031291008,0.34182897210121155,0.8265847349647257,0.005888368433623854,0.1675268966016504,0.8265847349647257,0.005888368433623854,0.1675268966016504,0.8265847349647257,0.005888368433623854,-0.6590578383630753,1,1,0.128,920.0,0.9757032729685307,0.9870385860373436,-0.4370385860373436
210,210,categorical_soft,1,1,True,0.15860824482892266,0.0,0.0,0.8413917422294617,0.15860824286937714,2,-0.6827834993600845,0.33229360841214656,-2.02047336101532,2.071747612953186,0.41905076801776886,0.33229360841214656,0.01383946302896857,0.8275225494210348,0.15863798754999678,0.01383946302896857,0.8275225494210348,0.15863798754999678,0.8275225494210348,0.01383946302896857,-0.668884561871038,2,2,0.128,1120.0,0.6714484915137291,0.9306480679911552,-0.38064806799115514
211,211,categorical_soft,1,1,False,0.0,0.0,0.0,1.0,0.0,2,-1.0,0.4823938339948654,0.08472421211190521,3.469780945777893,-2.5312798023223877,0.4823938339948654,0.032699962311139266,0.96482076947079,0.002479268218070771,0.032699962311139266,0.96482076947079,0.002479268218070771,0.96482076947079,0.032699962311139266,-0.9623415012527192,2,2,0.128,630.0,0.9032019004225731,0.9869536354201252,-0.4369536354201251
212,212,categorical_soft,1,1,False,0.0,0.0,0.0,1.0,0.0,2,-1.0,0.5236671775579452,-1.071293205022812,3.1662375688552857,-1.4747899293899536,0.5236671775579452,0.014107135297091854,0.9763319522364865,0.009560912466421528,0.014107135297091854,0.9763319522364865,0.009560912466421528,0.9763319522364865,0.014107135297091854,-0.966771039770065,2,2,0.256,490.0,0.8382568582892418,0.9848693830353438,-0.4348693830353437
213,213,categorical_soft,0,0,True,0.1411430340477458,0.0,0.8588569760322571,0.0,0.1411430388689041,1,-0.717713937163353,0.33464890755712984,2.0593138694763184,-2.0188901901245115,0.41480189859867095,0.33464890755712984,0.8261715789901307,0.014080168984664599,0.15974825202520457,0.8261715789901307,0.014080168984664599,0.15974825202520457,0.8261715789901307,0.014080168984664599,-0.6664233269649261,1,1,0.128,620.0,0.9049015678465366,0.9872138017206691,-0.43721380172066904
214,214,categorical_soft,1,1,True,0.33175343955558406,0.0,0.0,0.6682465672492981,0.3317534327507019,2,-0.3364931344985962,0.4285986706614494,0.6774903416633606,-0.38044974505901336,0.09798672124743461,0.4285986706614494,0.523943108179016,0.18228855265779537,0.29376833916318856,0.523943108179016,0.18228855265779537,0.29376833916318856,0.18228855265779537,0.523943108179016,0.1114797865053932,1,1,0.0,1170.0,0.3128942549228668,0.6845322045734847,-0.1345322045734847
215,215,categorical_soft,0,0,True,0.14168217634812003,0.0,0.8583178520202637,0.0,0.14168217778205872,1,-0.716635674238205,0.3865488484501839,0.6115316450595856,-0.10310408845543861,-0.010471242666244506,0.3865488484501839,0.4929571301845807,0.24138105181455677,0.26566181800086247,0.4929571301845807,0.24138105181455677,0.26566181800086247,0.4929571301845807,0.24138105181455677,-0.22729531218371823,1,1,0.0,400.0,0.8201030120253563,0.9851543467679202,-0.4351543467679202
216,216,categorical_soft,1,1,False,0.0,0.0,0.0,1.0,0.0,2,-1.0,0.4326761573553085,-0.5423268496990203,3.131843161582947,-1.8756260991096496,0.4326761573553085,0.024595824643335106,0.9688105818465859,0.00659359351007905,0.024595824643335106,0.9688105818465859,0.00659359351007905,0.9688105818465859,0.024595824643335106,-0.9622169883365068,2,2,0.032,1070.0,0.9571733213961124,0.9830576817710954,-0.4330576817710954
217,217,categorical_soft,1,1,True,0.14734119037216775,0.0,0.0,0.8526588082313538,0.14734119176864624,2,-0.7053176164627075,0.34933695048093794,-1.1776801705360413,1.2781738996505738,0.30225116610527036,0.34933695048093794,0.05870885789631429,0.6834703756282042,0.25782076647548147,0.05870885789631429,0.6834703756282042,0.25782076647548147,0.6834703756282042,0.05870885789631429,-0.42564960915272276,2,2,0.128,510.0,0.6679420471191406,0.9649346902173321,-0.4149346902173321
218,218,categorical_soft,1,1,True,0.14561376889664313,0.0,0.0,0.8543862104415894,0.14561377465724945,2,-0.7087724357843399,0.3965043529868126,-2.568937373161316,2.190421938896179,0.7398231506347657,0.3965043529868126,0.006911679193400679,0.8042521750626044,0.18883614574399496,0.006911679193400679,0.8042521750626044,0.18883614574399496,0.8042521750626044,0.006911679193400679,-0.6154160293186094,2,2,0.512,840.0,0.7877875319682062,0.9708542288902703,-0.42085422889027024
219,219,categorical_soft,0,0,False,0.0,0.0,1.0,0.0,0.0,1,-1.0,0.6379587948322296,4.2360841751098635,-0.7290201425552368,-3.061266303062439,0.6379587948322296,0.9923475195076914,0.006973658357206547,0.0006788221351019773,0.9923475195076914,0.006973658357206547,0.0006788221351019773,0.9923475195076914,0.006973658357206547,-0.9916686973725894,1,1,0.256,790.0,0.9336192756891251,0.9863823598187527,-0.4363823598187526
220,220,categorical_soft,1,1,False,0.0,0.0,0.0,1.0,0.0,2,-1.0,0.5172519236803055,1.323636496067047,1.9409968495368957,-2.4692596435546874,0.5172519236803055,0.347711019410825,0.6443751680896053,0.007913812499569812,0.347711019410825,0.6443751680896053,0.007913812499569812,0.6443751680896053,0.347711019410825,-0.6364613555900355,2,2,0.032,930.0,0.695711875683628,0.9500247111675635,-0.40002471116756344
221,221,categorical_soft,1,1,True,0.14853097830641065,0.0,0.0,0.8514690399169922,0.148530974984169,2,-0.7029380649328232,0.4011814445257187,-1.8957193732261657,2.0538652777671813,0.30359362363815307,0.4011814445257187,0.016149725645988967,0.8381000396643943,0.1457502346896168,0.016149725645988967,0.8381000396643943,0.1457502346896168,0.8381000396643943,0.016149725645988967,-0.6923498049747775,2,2,0.256,600.0,0.6674078479409218,0.9609741496551975,-0.4109741496551974
222,222,categorical_soft,1,1,True,0.1561274774266378,0.0,0.0,0.8438725471496582,0.15612748265266418,2,-0.687745064496994,0.3404222339391708,-2.014989268779755,2.028545117378235,0.5071981608867645,0.3404222339391708,0.014190620778784996,0.8090293431197353,0.1767800361014798,0.014190620778784996,0.8090293431197353,0.1767800361014798,0.8090293431197353,0.014190620778784996,-0.6322493070182555,2,2,0.128,920.0,0.6455166675150394,0.9376366289807997,-0.38763662898079965
223,223,categorical_soft,1,1,False,0.0,0.0,0.0,1.0,0.0,2,-1.0,0.36888655573129653,-3.073902201652527,3.8694218397140503,-0.099784105271101,0.36888655573129653,0.0009499285726804514,0.980285910958359,0.01876416046896042,0.0009499285726804514,0.980285910958359,0.01876416046896042,0.980285910958359,0.0009499285726804514,-0.9615217504893986,2,2,0.512,1080.0,0.9951790161430836,0.9857344003738269,-0.4357344003738268
224,224,categorical_soft,0,0,False,0.0,0.0,1.0,0.0,0.0,1,-1.0,0.48383836150169374,1.8869530797004699,1.9010044574737548,-2.9089280128479005,0.48383836150169374,0.49445868217755723,0.5014412365207574,0.0041000813016852464,0.49445868217755723,0.5014412365207574,0.0041000813016852464,0.49445868217755723,0.5014412365207574,-0.49035860087587196,2,2,0.0,1140.0,0.4604542929737363,0.8228637386141178,-0.2728637386141177
225,225,categorical_soft,0,0,False,0.0,0.0,1.0,0.0,0.0,1,-1.0,0.5199807256460189,3.675274467468262,-0.5151747792959214,-2.6846058130264283,0.5199807256460189,0.9833334035247183,0.01496058568483315,0.0017060107904484124,0.9833334035247183,0.01496058568483315,0.0017060107904484124,0.9833334035247183,0.01496058568483315,-0.9816273927342699,1,1,0.032,740.0,0.7069098949432373,0.9619124420023145,-0.41191244200231447
226,226,categorical_soft,0,0,True,0.1528089201268638,0.0,0.8471910953521729,0.0,0.15280891954898834,1,-0.6943821758031845,0.3669803749769926,1.7090459942817688,-1.4759474873542786,0.2839421272277832,0.3669803749769926,0.7798389728105707,0.03238743733967988,0.1877735898497495,0.7798389728105707,0.03238743733967988,0.1877735898497495,0.7798389728105707,0.03238743733967988,-0.5920653829608211,1,1,0.064,1010.0,0.7045481577515602,0.9474461245798402,-0.3974461245798402
227,227,categorical_soft,1,1,True,0.15360463462581997,0.0,0.0,0.8463953733444214,0.1536046415567398,2,-0.6927907317876816,0.365074996650219,-1.6603342056274415,1.139526605606079,0.7023217737674713,0.365074996650219,0.03560545039046188,0.5856747926857222,0.37871975692381604,0.03560545039046188,0.5856747926857222,0.37871975692381604,0.5856747926857222,0.03560545039046188,-0.20695503576190616,2,2,0.512,420.0,0.5501690473174676,0.945042986345464,-0.395042986345464
228,228,categorical_soft,0,0,True,0.14064528422321942,0.0,0.8593547344207764,0.0,0.14064528048038483,1,-0.7187094539403915,0.28123116940259935,2.360614466667175,-2.7599328994750976,0.6746129035949707,0.28123116940259935,0.8393530562898605,0.0050469070446639164,0.15560003666547567,0.8393530562898605,0.0050469070446639164,0.15560003666547567,0.8393530562898605,0.0050469070446639164,-0.6837530196243848,1,1,0.256,730.0,0.9654799997806549,0.9891379291663808,-0.4391379291663807
229,229,categorical_soft,1,1,False,0.0,0.0,0.0,1.0,0.0,2,-1.0,0.44271994978189466,1.2951611757278443,1.7941135883331298,-2.321642827987671,0.44271994978189466,0.37410337350062284,0.6158139389441688,0.010082687555208188,0.37410337350062284,0.6158139389441688,0.010082687555208188,0.6158139389441688,0.37410337350062284,-0.6057312513889607,2,2,0.064,730.0,0.7088822452351451,0.9627012144069175,-0.4127012144069174
230,230,categorical_soft,0,0,True,0.6246148066422668,0.0,0.37538519501686096,0.0,0.6246148347854614,3,0.24922963976860046,0.3479407325387001,0.0707639841362834,-0.026121615059673788,0.2646013289690018,0.3479407325387001,0.3205329603887389,0.2906139396521351,0.3888530999591259,0.3205329603887389,0.2906139396521351,0.3888530999591259,0.3205329603887389,0.2906139396521351,0.06832013957038702,3,3,0.0,1030.0,0.08277012407779694,0.4533259793573495,0.09667402064265057
231,231,categorical_soft,1,1,True,0.1600567102224431,0.0,0.0,0.8399432897567749,0.1600567102432251,2,-0.6798865795135498,0.35254342406988143,-2.2489264249801635,2.109500789642334,0.54037646651268,0.35254342406988143,0.010486235583343604,0.8186962215720381,0.1708175428446182,0.010486235583343604,0.8186962215720381,0.1708175428446182,0.8186962215720381,0.010486235583343604,-0.64787867872742,2,2,0.128,970.0,0.6224888265132904,0.9266926392432918,-0.37669263924329177
232,232,categorical_soft,0,0,True,0.6555425499959664,0.0,0.3444574475288391,0.0,0.6555425524711609,3,0.3110851049423218,0.33585223406553266,0.05628782557323575,-0.2629799127578735,0.3250118553638458,0.33585223406553266,0.3295110623658074,0.23941956507713535,0.4310693725570573,0.3295110623658074,0.23941956507713535,0.4310693725570573,0.3295110623658074,0.23941956507713535,0.10155831019124989,3,3,0.0,940.0,0.03882630169391632,0.4268644092037139,0.12313559079628617
233,233,categorical_soft,0,0,True,0.13890512674687916,0.0,0.8610948920249939,0.0,0.1389051228761673,1,-0.7221897691488266,0.2608832724392414,2.935049605369568,-3.146458625793457,0.6781292736530304,0.2608832724392414,0.9028919841841793,0.0020703491161401756,0.09503766669968056,0.9028919841841793,0.0020703491161401756,0.09503766669968056,0.9028919841841793,0.0020703491161401756,-0.8078543174844988,1,1,0.256,890.0,1.2117628089617938,0.9960447976541715,-0.4460447976541715
234,234,categorical_soft,1,1,True,0.1669190986530561,0.0,0.0,0.8330808877944946,0.16691909730434418,2,-0.6661617904901505,0.2700390100479126,-2.7032480239868164,2.292203760147095,1.0224976301193238,0.2700390100479126,0.005255816935114286,0.776443686976356,0.21830049608852967,0.005255816935114286,0.776443686976356,0.21830049608852967,0.776443686976356,0.005255816935114286,-0.5581431908878264,2,2,0.256,1150.0,0.618890518322587,0.9090657488465645,-0.3590657488465645
235,235,categorical_soft,0,0,True,0.3584819305486807,0.0,0.6415180563926697,0.0,0.3584819436073303,1,-0.28303611278533936,0.40910015553236007,0.03223821558058262,-0.02460928075015545,0.2439568519592285,0.40910015553236007,0.314438236467547,0.297038700582982,0.38852306294947103,0.314438236467547,0.297038700582982,0.38852306294947103,0.314438236467547,0.297038700582982,0.07408482648192405,3,3,0.0,450.0,0.11441224813461304,0.660932596719877,-0.11093259671987699
236,236,categorical_soft,0,0,False,0.0,0.0,1.0,0.0,0.0,1,-1.0,0.5153937935829163,7.821682071685791,-2.027516222000122,-5.168566656112671,0.5153937935829163,0.9999445865941166,5.3117316981222906e-05,2.296088902319808e-06,0.9999445865941166,5.3117316981222906e-05,2.296088902319808e-06,0.9999445865941166,5.3117316981222906e-05,-0.9999422905052142,1,1,0.512,1180.0,1.1793404817581177,0.9934377917668306,-0.4434377917668305
237,237,categorical_soft,1,1,False,0.0,0.0,0.0,1.0,0.0,2,-1.0,0.48844304233789443,-3.0821530342102053,3.6760024309158323,-0.12535076178610324,0.48844304233789443,0.0011378976280743954,0.9768127629688713,0.02204933940305426,0.0011378976280743954,0.9768127629688713,0.02204933940305426,0.9768127629688713,0.0011378976280743954,-0.954763423565817,2,2,0.512,1040.0,0.8575209192931652,0.9735935369836438,-0.42359353698364377
238,238,categorical_soft,1,1,True,0.1653626532142904,0.0,0.0,0.8346373438835144,0.1653626561164856,2,-0.6692746877670288,0.3152734100818634,-0.28543583005666734,0.3939129710197449,0.16815871596336365,0.3152734100818634,0.22018994503015854,0.4337704549263779,0.3460396000434636,0.22018994503015854,0.4337704549263779,0.3460396000434636,0.4337704549263779,0.22018994503015854,-0.08773085488291427,2,2,0.064,570.0,0.48624189104884863,0.912913889219907,-0.36291388921990697
239,239,categorical_soft,1,1,False,0.0,0.0,0.0,1.0,0.0,2,-1.0,0.4415778234601021,-2.8337123870849608,3.6202172517776487,-0.27457855343818666,0.4415778234601021,0.0015488795000846486,0.978236894951135,0.020214225548780447,0.0015488795000846486,0.978236894951135,0.020214225548780447,0.978236894951135,0.0015488795000846486,-0.9580226694023545,2,2,0.256,1150.0,0.9062359754461795,0.9762034818176099,-0.4262034818176098
240,240,categorical_soft,0,0,True,0.13999451437870852,0.0,0.8600054979324341,0.0,0.1399945169687271,1,-0.720010980963707,0.33474631905555724,2.5972647666931152,-3.01787428855896,0.7283791959285736,0.33474631905555724,0.8633931448791967,0.0031857719194645327,0.13342108320133864,0.8633931448791967,0.0031857719194645327,0.13342108320133864,0.8633931448791967,0.0031857719194645327,-0.7299720616778581,1,1,0.128,1160.0,1.1259546265937388,0.9916875020500079,-0.44168750205000784
241,241,categorical_soft,0,0,False,0.0,0.0,1.0,0.0,0.0,1,-1.0,0.5556611031293869,4.564539289474487,-1.0824131846427918,-3.1317431211471556,0.5556611031293869,0.9960066932697365,0.0035328087641975274,0.0004604979660660405,0.9960066932697365,0.0035328087641975274,0.0004604979660660405,0.9960066932697365,0.0035328087641975274,-0.9955461953036704,1,1,0.256,780.0,0.9812496453523636,0.9893212358900684,-0.43932123589006833
242,242,categorical_soft,1,1,False,0.0,0.0,0.0,1.0,0.0,2,-1.0,0.45743890702724455,1.2952911138534546,1.2436872005462647,-1.968226385116577,0.45743890702724455,0.5029656044441372,0.47762445944689447,0.01940993610896833,0.5029656044441372,0.47762445944689447,0.01940993610896833,0.47762445944689447,0.5029656044441372,-0.4582145233379261,1,1,0.032,760.0,0.40921776555478573,0.850970846419215,-0.300970846419215
243,243,categorical_soft,1,1,True,0.1521124229431609,0.0,0.0,0.8478875756263733,0.1521124243736267,2,-0.6957751512527466,0.410662043094635,-1.9135928511619569,1.8323111534118652,0.49196460247039797,0.410662043094635,0.0184087886426172,0.7775737185442424,0.20401749281314047,0.0184087886426172,0.7775737185442424,0.20401749281314047,0.7775737185442424,0.0184087886426172,-0.573556225731102,2,2,0.128,890.0,0.6839880559127778,0.9495773956125515,-0.39957739561255146
244,244,categorical_soft,1,1,False,0.0,0.0,0.0,1.0,0.0,2,-1.0,0.5499290451407433,0.8387867748737335,1.4727687239646912,-1.6592326760292053,0.5499290451407433,0.3369813486314296,0.6349710522054688,0.028047599163101483,0.3369813486314296,0.6349710522054688,0.028047599163101483,0.6349710522054688,0.3369813486314296,-0.6069234530423673,2,2,0.064,460.0,0.5251156184822321,0.9354361738992932,-0.3854361738992932
245,245,categorical_soft,1,1,True,0.15085227026719744,0.0,0.0,0.8491477370262146,0.1508522629737854,2,-0.6982954740524292,0.3669652581214905,-2.792595100402832,2.665381097793579,0.5877423286437988,0.3669652581214905,0.003777764462715422,0.8853312542927746,0.11089098124450987,0.003777764462715422,0.8853312542927746,0.11089098124450987,0.8853312542927746,0.003777764462715422,-0.7744402730482647,2,2,0.256,1000.0,0.7283073337748647,0.9535017148259897,-0.4035017148259896
246,246,categorical_soft,0,0,True,0.13834065920886074,0.0,0.8616593480110168,0.0,0.13834065198898315,1,-0.7233186960220337,0.49544105529785154,3.5477986574172973,-3.108512353897095,0.11932390518486499,0.49544105529785154,0.9664377430997526,0.0012533376914797734,0.032308919208767675,0.9664377430997526,0.0012533376914797734,0.032308919208767675,0.9664377430997526,0.0012533376914797734,-0.934128823890985,1,1,0.512,670.0,1.3359726145863533,0.9983482697746391,-0.44834826977463904
247,247,categorical_soft,1,1,True,0.15131481865765273,0.0,0.0,0.8486852049827576,0.15131482481956482,2,-0.6973703801631927,0.3272449500858784,-2.6492269039154053,2.363612914085388,0.7799725830554962,0.3272449500858784,0.00549476432540776,0.824971062556991,0.1695341731176012,0.00549476432540776,0.824971062556991,0.1695341731176012,0.824971062556991,0.00549476432540776,-0.6554368894393898,2,2,0.512,750.0,0.6604041084647179,0.9520508505006002,-0.4020508505006002
248,248,categorical_soft,0,0,True,0.19104601399816412,0.0,0.8089540004730225,0.0,0.19104601442813873,1,-0.6179079860448837,0.2859413977712393,1.5853998899459838,-1.4789120078086853,0.4287120223045349,0.2859413977712393,0.7343546639157978,0.03452025745780897,0.23112507862639325,0.7343546639157978,0.03452025745780897,0.23112507862639325,0.7343546639157978,0.03452025745780897,-0.5032295852894046,1,1,0.032,630.0,0.3886011242866516,0.8578638396277584,-0.3078638396277583
249,249,categorical_soft,0,0,True,0.14899593500840919,0.0,0.8510040640830994,0.0,0.14899593591690063,1,-0.7020081281661987,0.2783738300204277,1.4213479161262512,-1.4495769619941712,0.47970623672008517,0.2783738300204277,0.6910680353268285,0.039231990318563094,0.2696999743546084,0.6910680353268285,0.039231990318563094,0.2696999743546084,0.6910680353268285,0.039231990318563094,-0.42136806097222007,1,1,0.064,830.0,0.7157257348299026,0.9594510593295946,-0.4094510593295946
250,250,categorical_soft,0,0,False,0.0,0.0,1.0,0.0,0.0,1,-1.0,0.6619742542505265,5.464360618591309,-1.285031545162201,-3.925436758995056,0.6619742542505265,0.9987358882217354,0.001180161972233704,8.394980603090168e-05,0.9987358882217354,0.001180161972233704,8.394980603090168e-05,0.9987358882217354,0.001180161972233704,-0.9986519384157045,1,1,0.512,690.0,1.0512995719909668,0.9931826741729747,-0.44318267417297463
251,251,categorical_soft,1,1,True,0.1450358315135591,0.0,0.0,0.8549641966819763,0.14503583312034607,2,-0.7099283635616302,0.3394921898841858,-2.009664011001587,1.7468064188957215,0.6775289595127105,0.3394921898841858,0.017097863131860146,0.7314630715392813,0.2514390653288586,0.017097863131860146,0.7314630715392813,0.2514390653288586,0.7314630715392813,0.017097863131860146,-0.4800240062104226,2,2,0.512,460.0,0.7096503600478172,0.9728817790571173,-0.4228817790571172
252,252,categorical_soft,0,0,False,0.0,0.0,1.0,0.0,0.0,1,-1.0,0.5161548256874084,1.945160460472107,0.9471706509590149,-2.255542778968811,0.5161548256874084,0.7224242056128178,0.26670297960965794,0.010872814777524262,0.7224242056128178,0.26670297960965794,0.010872814777524262,0.7224242056128178,0.26670297960965794,-0.7115513908352936,1,1,0.0,1090.0,0.056773871183395386,0.4043661573593404,0.14563384264065965
253,253,categorical_soft,0,0,True,0.14177096366115877,0.0,0.8582290410995483,0.0,0.14177095890045166,1,-0.7164580821990967,0.4974686145782471,2.594352889060974,-1.697668433189392,-0.016502575390040873,0.4974686145782471,0.9190256214993907,0.012644781651707446,0.06832959684890169,0.9190256214993907,0.012644781651707446,0.06832959684890169,0.9190256214993907,0.012644781651707446,-0.850696024650489,1,1,0.064,800.0,0.913612388074398,0.9848176074796632,-0.43481760747966314
254,254,categorical_soft,0,0,False,0.0,0.0,1.0,0.0,0.0,1,-1.0,0.5269697666168213,4.001044511795044,-0.5172099232673645,-3.1200510263442993,0.5269697666168213,0.9883613545611694,0.01083425613856686,0.000804389300263882,0.9883613545611694,0.01083425613856686,0.000804389300263882,0.9883613545611694,0.01083425613856686,-0.9875569652609055,1,1,0.128,900.0,0.7917141616344452,0.9693153156346825,-0.4193153156346825
255,255,categorical_soft,1,1,True,0.14931775281247062,0.0,0.0,0.850682258605957,0.14931775629520416,2,-0.7013645023107529,0.34433789551258087,-2.6526222944259645,2.7182486772537233,0.498344162106514,0.34433789551258087,0.004186924220031643,0.8981159982696022,0.09769707751036628,0.004186924220031643,0.8981159982696022,0.09769707751036628,0.8981159982696022,0.004186924220031643,-0.8004189207592359,2,2,0.256,1050.0,0.7642977461218834,0.9584047513164093,-0.4084047513164093
256,256,categorical_soft,0,0,False,0.0,0.0,1.0,0.0,0.0,1,-1.0,0.4885023444890976,3.078822636604309,-0.056170779094099996,-2.567549991607666,0.4885023444890976,0.9548240030760822,0.04178304681029242,0.003392950113625567,0.9548240030760822,0.04178304681029242,0.003392950113625567,0.9548240030760822,0.04178304681029242,-0.9514310529624566,1,1,0.064,640.0,0.4652378112077713,0.8967989949471341,-0.34679899494713406
257,257,categorical_soft,1,1,True,0.33470239391383116,0.0,0.0,0.6652976274490356,0.33470240235328674,2,-0.3305952250957489,0.31468266155570745,0.023218604549765588,0.2862247467041016,0.15411238893866538,0.31468266155570745,0.2907583803012651,0.3778518175162119,0.3313898021825231,0.2907583803012651,0.3778518175162119,0.3313898021825231,0.3778518175162119,0.2907583803012651,-0.046462015333688766,2,2,0.0,730.0,0.20241867005825043,0.6818551039317605,-0.13185510393176048
258,258,categorical_soft,1,1,True,0.14302894809337374,0.0,0.0,0.856971025466919,0.14302894473075867,2,-0.7139420807361603,0.434486922621727,-2.5957404375076294,2.5007635593414306,0.5220164358615875,0.434486922621727,0.005354411967649731,0.8734157070302494,0.12122988100210101,0.005354411967649731,0.8734157070302494,0.12122988100210101,0.8734157070302494,0.005354411967649731,-0.7521858260281484,2,2,0.512,850.0,0.8700185790657997,0.9801177867247022,-0.43011778672470213
259,259,categorical_soft,0,0,True,0.18788168456132315,0.0,0.8121182918548584,0.0,0.1878816783428192,1,-0.6242366135120392,0.39067245572805404,0.05166329890489578,0.16839806810021402,0.24382784739136695,0.39067245572805404,0.30043467040751787,0.3367144512708805,0.36285087832160157,0.30043467040751787,0.3367144512708805,0.36285087832160157,0.30043467040751787,0.3367144512708805,0.0624162079140837,3,3,0.032,460.0,0.3570415824651718,0.8638378982141887,-0.3138378982141886
260,260,categorical_soft,0,0,True,0.2796784244066199,0.0,0.7203215956687927,0.0,0.27967843413352966,1,-0.44064316153526306,0.33248653560876845,-0.44939410388469697,0.33049991726875305,0.31870733499526976,0.33248653560876845,0.18716792407669375,0.40902746790406946,0.4038046080192369,0.18716792407669375,0.40902746790406946,0.4038046080192369,0.18716792407669375,0.40902746790406946,0.21663668394254315,2,2,0.0,830.0,0.28032926470041275,0.7358603937733131,-0.1858603937733131
261,261,categorical_soft,0,0,True,0.3556582784721536,0.0,0.6443417072296143,0.0,0.35565829277038574,1,-0.2886834144592285,0.37781236320734024,0.07943921517580747,0.08013588301837445,0.23506443202495575,0.37781236320734024,0.31578147487440705,0.3155973775951722,0.36862114753042075,0.31578147487440705,0.3155973775951722,0.36862114753042075,0.31578147487440705,0.3155973775951722,0.05283967265601369,3,3,0.0,520.0,0.1337961107492447,0.6633603266740746,-0.11336032667407459
262,262,categorical_soft,0,0,True,0.14775865724515563,0.0,0.8522413372993469,0.0,0.14775866270065308,1,-0.7044826745986938,0.30030152313411235,1.7834861397743225,-1.75042781829834,0.49289543330669405,0.30030152313411235,0.7665354128293826,0.022546083499614584,0.21091850367100276,0.7665354128293826,0.022546083499614584,0.21091850367100276,0.7665354128293826,0.022546083499614584,-0.5556169091583799,1,1,0.032,730.0,0.713656947016716,0.9635345279378638,-0.4135345279378637
263,263,categorical_soft,1,1,False,0.0,0.0,0.0,1.0,0.0,2,-1.0,0.42673701196908953,-0.04748769011348486,1.831647229194641,-1.1580013871192931,0.42673701196908953,0.12698485725814018,0.8307166555796286,0.04229848716223109,0.12698485725814018,0.8307166555796286,0.04229848716223109,0.8307166555796286,0.12698485725814018,-0.7884181684173975,2,2,0.064,430.0,0.7616479843854904,0.9796020092335416,-0.4296020092335415
264,264,categorical_soft,1,1,False,0.0,0.0,0.0,1.0,0.0,2,-1.0,0.49962387830018995,1.626909363269806,0.8884725272655487,-1.7746235489845277,0.49962387830018995,0.6616644420551084,0.3162619693441857,0.022073588600705882,0.6616644420551084,0.3162619693441857,0.022073588600705882,0.3162619693441857,0.6616644420551084,-0.2941883807434798,1,1,0.032,640.0,0.5525830592960119,0.9303007074070531,-0.380300707407053
265,265,categorical_soft,1,1,True,0.1591806303985685,0.0,0.0,0.8408193588256836,0.1591806262731552,2,-0.6816387325525284,0.3293834801763296,-0.40970447063446047,0.5200854450464248,0.16997571438550949,0.3293834801763296,0.18811190398750846,0.4762720039899165,0.33561609202257514,0.18811190398750846,0.4762720039899165,0.33561609202257514,0.4762720039899165,0.18811190398750846,-0.14065591196734134,2,2,0.032,460.0,0.504600090906024,0.9290743796082712,-0.3790743796082712
266,266,categorical_soft,0,0,True,0.18279476550159074,0.0,0.8172052502632141,0.0,0.18279476463794708,1,-0.634410485625267,0.34513461254537103,0.43583654165267943,0.39625461101531984,-0.20486951768398284,0.34513461254537103,0.40168045053237106,0.3859435882151198,0.21237596125250913,0.40168045053237106,0.3859435882151198,0.21237596125250913,0.40168045053237106,0.3859435882151198,-0.18930448927986193,1,1,0.0,1070.0,0.5245995223522186,0.8738495799116713,-0.3238495799116713
267,267,categorical_soft,0,0,True,0.13986777918535542,0.0,0.8601322174072266,0.0,0.13986778259277344,1,-0.7202644348144531,0.25825760662555697,1.933492696285248,-2.4348505973815917,0.7591529488563538,0.25825760662555697,0.7564726858025208,0.009638762689975707,0.2338885515075034,0.7564726858025208,0.009638762689975707,0.2338885515075034,0.7564726858025208,0.009638762689975707,-0.5225841342950174,1,1,0.256,540.0,0.9865885153412819,0.9921885901687603,-0.4421885901687602
268,268,categorical_soft,0,0,True,0.1533718956249439,0.0,0.8466281294822693,0.0,0.1533719003200531,1,-0.6932562291622162,0.3588862394914031,0.6607356429100036,0.1904323386028409,-0.1473442155867815,0.3588862394914031,0.48158099436032503,0.30146813199920947,0.21695087364046559,0.48158099436032503,0.30146813199920947,0.21695087364046559,0.48158099436032503,0.30146813199920947,-0.2646301207198595,1,1,0.032,1050.0,0.7075030952692032,0.945742435098585,-0.395742435098585
269,269,categorical_soft,1,1,True,0.19538686710282,0.0,0.0,0.8046131134033203,0.1953868716955185,2,-0.6092262417078018,0.3550220727920532,0.009626291040331126,-0.10162202641367912,0.3067136287689209,0.3550220727920532,0.30863966860384207,0.2760241605641453,0.4153361708320126,0.30863966860384207,0.2760241605641453,0.4153361708320126,0.2760241605641453,0.30863966860384207,0.13931201026786727,3,3,0.0,780.0,0.41250117123126984,0.8499561995424352,-0.29995619954243513
270,270,categorical_soft,1,1,False,0.0,0.0,0.0,1.0,0.0,2,-1.0,0.540763434767723,3.040822434425354,0.3795530438423157,-2.8533561706542967,0.540763434767723,0.9321609102815798,0.06526506465847218,0.0025740250599480415,0.9321609102815798,0.06526506465847218,0.0025740250599480415,0.06526506465847218,0.9321609102815798,-0.06269103959852414,1,1,0.0,480.0,0.10274922102689743,0.6396812171228674,-0.08968121712286736
271,271,categorical_soft,0,0,True,0.1594492223485875,0.0,0.8405507802963257,0.0,0.15944921970367432,1,-0.6811015605926514,0.3035373777151108,1.6629723906517029,-1.5320788741111755,0.35002910196781156,0.3035373777151108,0.7630546781099213,0.031466587944780085,0.20547873394529853,0.7630546781099213,0.031466587944780085,0.20547873394529853,0.7630546781099213,0.031466587944780085,-0.5575759441646229,1,1,0.032,690.0,0.5587776601314545,0.9283407491777317,-0.37834074917773164
272,272,categorical_soft,1,1,True,0.15029517023535793,0.0,0.0,0.8497048020362854,0.1502951681613922,2,-0.6994096338748932,0.25353640913963316,-0.29977194368839266,0.7304188966751098,0.10529773458838462,0.25353640913963316,0.18883796155327612,0.528206837042052,0.28295520140467184,0.18883796155327612,0.528206837042052,0.28295520140467184,0.528206837042052,0.18883796155327612,-0.24525163563738012,2,2,0.032,840.0,0.6972966487519443,0.9552655773150365,-0.40526557731503643
273,273,categorical_soft,1,1,True,0.6648790529686728,0.0,0.0,0.33512094616889954,0.6648790240287781,3,0.32975807785987854,0.3662760242819786,-0.10106034278869629,-0.03676116317510605,0.25102102756500244,0.3662760242819786,0.28658616260895264,0.30566979293801555,0.40774404445303186,0.28658616260895264,0.30566979293801555,0.40774404445303186,0.30566979293801555,0.28658616260895264,0.10207425151501631,3,3,0.0,1090.0,0.0686732679605484,0.41852326109160093,0.13147673890839912
274,274,categorical_soft,0,0,False,0.0,0.0,1.0,0.0,0.0,1,-1.0,0.4824271097779274,4.894830989837646,-1.2245160222053528,-3.253058362007141,0.4824271097779274,0.9975043528746917,0.0022062287068206096,0.0002894184184878938,0.9975043528746917,0.0022062287068206096,0.0002894184184878938,0.9975043528746917,0.0022062287068206096,-0.9972149344562039,1,1,0.128,1180.0,0.8269686996936798,0.9640318690614057,-0.41403186906140566
275,275,categorical_soft,1,1,False,0.0,0.0,0.0,1.0,0.0,2,-1.0,0.5089023247361183,-1.8921945691108704,3.8263352155685424,-1.204677951335907,0.5089023247361183,0.0032686286369201082,0.9901682715293678,0.006563099833712132,0.0032686286369201082,0.9901682715293678,0.006563099833712132,0.9901682715293678,0.0032686286369201082,-0.9836051716956556,2,2,0.256,850.0,1.0121175795793533,0.9900091090472307,-0.4400091090472307
276,276,categorical_soft,0,0,False,0.0,0.0,1.0,0.0,0.0,1,-1.0,0.49897879362106323,6.898188734054566,-3.3182274103164673,-3.384431266784668,0.49897879362106323,0.9999286009979729,3.7010557837504325e-05,3.438844418966123e-05,0.9999286009979729,3.7010557837504325e-05,3.438844418966123e-05,0.9999286009979729,3.7010557837504325e-05,-0.9998942125537832,1,1,0.512,1150.0,1.1009928733110428,0.9907244605102499,-0.4407244605102498
277,277,categorical_soft,0,0,False,0.0,0.0,1.0,0.0,0.0,1,-1.0,0.6025614827871323,3.8401361465454102,-0.46158300042152406,-2.8784159660339355,0.6025614827871323,0.9853710738682226,0.01342225680563743,0.0012066693261398728,0.9853710738682226,0.01342225680563743,0.0012066693261398728,0.9853710738682226,0.01342225680563743,-0.9841644045420828,1,1,0.128,680.0,0.9255853593349457,0.9875783536318303,-0.4375783536318303
278,278,categorical_soft,1,1,True,0.15633731192870665,0.0,0.0,0.843662679195404,0.15633730590343475,2,-0.6873253732919693,0.34640076458454133,-1.0456201195716859,0.9589472234249115,0.40823976397514344,0.34640076458454133,0.07871059423624795,0.5842277768181428,0.33706162894560937,0.07871059423624795,0.5842277768181428,0.33706162894560937,0.5842277768181428,0.07871059423624795,-0.24716614787253338,2,2,0.032,850.0,0.6262553837150335,0.9370345759096455,-0.3870345759096454
279,279,categorical_soft,1,1,True,0.5298821104103935,0.0,0.0,0.4701178967952728,0.5298821330070496,3,0.05976423621177673,0.3713171422481537,0.3446518570184708,0.27436969578266146,-0.17045466378331184,0.3713171422481537,0.3950906693142526,0.36842838007859735,0.23648095060715005,0.3950906693142526,0.36842838007859735,0.23648095060715005,0.36842838007859735,0.3950906693142526,-0.1319474294714473,1,1,0.0,850.0,0.09916174411773682,0.5275465849209846,0.022453415079015437
280,280,categorical_soft,1,1,True,0.1950017066658168,0.0,0.0,0.8049982786178589,0.19500170648097992,2,-0.609996572136879,0.3678536921739578,0.09503530301153659,-0.08320289999246597,0.3042935520410538,0.3678536921739578,0.32587558321760635,0.27244983959109215,0.40167457719130156,0.32587558321760635,0.27244983959109215,0.40167457719130156,0.27244983959109215,0.32587558321760635,0.12922473760020942,3,3,0.0,650.0,0.3817058764398098,0.8506450788496379,-0.30064507884963787
281,281,categorical_soft,0,0,True,0.24079107969569813,0.0,0.7592089176177979,0.0,0.24079108238220215,1,-0.5184178352355957,0.33943886309862137,-0.1077555825933814,0.3193175941705704,0.2024460643529892,0.33943886309862137,0.2570499415557427,0.3930394118663735,0.34991064657788395,0.2570499415557427,0.3930394118663735,0.34991064657788395,0.2570499415557427,0.3930394118663735,0.09286070502214128,2,2,0.032,550.0,0.26255927979946136,0.7815645134853585,-0.23156451348535845
282,282,categorical_soft,0,0,False,0.0,0.0,1.0,0.0,0.0,1,-1.0,0.5650210797786712,4.463721799850464,-1.127592349052429,-2.9066402912139893,0.5650210797786712,0.9956394637286439,0.003731468762074536,0.0006290675092817143,0.9956394637286439,0.003731468762074536,0.0006290675092817143,0.9956394637286439,0.003731468762074536,-0.9950103962193622,1,1,0.512,440.0,0.9626259952783585,0.9922103971270537,-0.4422103971270537
283,283,categorical_soft,0,0,True,0.4337579858360813,0.0,0.5662420392036438,0.0,0.4337579905986786,1,-0.1324840486049652,0.3341517709195614,0.35974226891994476,0.3974343776702881,-0.09444828182458878,0.3341517709195614,0.3740100327136844,0.38766355534165164,0.23832641194466397,0.3740100327136844,0.38766355534165164,0.23832641194466397,0.3740100327136844,0.38766355534165164,-0.1356836207690204,2,2,0.0,990.0,0.1937071830034256,0.600143305897875,-0.05014330589787497
284,284,categorical_soft,1,1,False,0.0,0.0,0.0,1.0,0.0,2,-1.0,0.4882496178150177,-3.3800615310668944,4.444929504394532,-0.27356874346733095,0.4882496178150177,0.0003965437196305495,0.9906726267882291,0.008930829492140257,0.0003965437196305495,0.9906726267882291,0.008930829492140257,0.9906726267882291,0.0003965437196305495,-0.9817417972960888,2,2,0.512,1180.0,1.0494448315293994,0.9876492570449825,-0.4376492570449825
285,285,categorical_soft,0,0,True,0.20068470657477516,0.0,0.7993152737617493,0.0,0.20068471133708954,1,-0.5986305624246597,0.3825250893831253,1.5150853037834167,-1.0559397101402284,0.11312623396515846,0.3825250893831253,0.75560656991331,0.0582459466374286,0.1861474834492614,0.75560656991331,0.0582459466374286,0.1861474834492614,0.75560656991331,0.0582459466374286,-0.5694590864640485,1,1,0.064,740.0,0.38829944282770157,0.8407161680580805,-0.2907161680580804
286,286,categorical_soft,1,1,False,0.0,0.0,0.0,1.0,0.0,2,-1.0,0.41627772748470304,-3.101239633560181,3.815866756439209,-0.06158006675541401,0.41627772748470304,0.0009735907020590164,0.9786809566591309,0.020345452638810237,0.0009735907020590164,0.9786809566591309,0.020345452638810237,0.9786809566591309,0.0009735907020590164,-0.9583355040203206,2,2,0.512,1140.0,0.9693213626742363,0.9826413425144718,-0.4326413425144717
287,287,categorical_soft,1,1,True,0.1485846174179713,0.0,0.0,0.8514153957366943,0.14858461916446686,2,-0.7028307765722275,0.29910184592008593,-2.38129518032074,2.2615660429000854,0.5856252431869506,0.29910184592008593,0.00804919264581215,0.8354423500126924,0.15650845734149538,0.00804919264581215,0.8354423500126924,0.15650845734149538,0.8354423500126924,0.00804919264581215,-0.678933892671197,2,2,0.256,780.0,0.7106173224747181,0.9607977457080538,-0.4107977457080537
288,288,categorical_soft,0,0,False,0.0,0.0,1.0,0.0,0.0,1,-1.0,0.5648362040519714,4.904064130783081,-1.1262463331222534,-3.3973909616470337,0.5648362040519714,0.9973196971359666,0.002428678103858292,0.00025162476017515686,0.9973196971359666,0.002428678103858292,0.00025162476017515686,0.9973196971359666,0.002428678103858292,-0.9970680723757914,1,1,0.256,880.0,0.9866893738508224,0.9882830661053026,-0.43828306610530254
289,289,categorical_soft,0,0,False,0.0,0.0,1.0,0.0,0.0,1,-1.0,0.5672893583774566,4.200812196731567,-0.7025276482105255,-3.1451300382614136,0.5672893583774566,0.99197802962663,0.0073793474057064325,0.0006426229676634754,0.99197802962663,0.0073793474057064325,0.0006426229676634754,0.99197802962663,0.0073793474057064325,-0.9913354066589665,1,1,0.064,920.0,0.7644073963165283,0.9642412099292518,-0.41424120992925173
290,290,categorical_soft,0,0,True,0.1381227231744136,0.0,0.8618772625923157,0.0,0.13812272250652313,1,-0.7237545400857925,0.44697279334068296,2.8524566411972048,-2.429098439216614,0.13714841529726982,0.44697279334068296,0.9323290445395873,0.0047604085194795365,0.06291054694093311,0.9323290445395873,0.0047604085194795365,0.06291054694093311,0.9323290445395873,0.0047604085194795365,-0.8694184975986542,1,1,0.512,600.0,1.4786475822329521,0.9992462463328757,-0.4492462463328757
291,291,categorical_soft,1,1,True,0.15995708681233395,0.0,0.0,0.8400428891181946,0.15995708107948303,2,-0.6800858080387115,0.2814772456884384,-0.04382505863904953,0.08062882013618947,0.294892406463623,0.2814772456884384,0.28270945139632425,0.32049439485289305,0.3967961537507827,0.28270945139632425,0.32049439485289305,0.3967961537507827,0.32049439485289305,0.28270945139632425,0.07630175889788965,3,3,0.0,920.0,0.611028790473938,0.9269618633162482,-0.37696186331624815
292,292,categorical_soft,0,0,False,0.0,0.0,1.0,0.0,0.0,1,-1.0,0.6016491323709487,3.580260157585144,-0.616474163532257,-2.5833735942840574,0.6016491323709487,0.983114865056014,0.014807002683157326,0.0020781322608286815,0.983114865056014,0.014807002683157326,0.0020781322608286815,0.983114865056014,0.014807002683157326,-0.9810367327951853,1,1,0.064,970.0,0.7140514403581619,0.9519763772780255,-0.4019763772780255
293,293,categorical_soft,1,1,True,0.14477298929539312,0.0,0.0,0.855226993560791,0.1447729915380478,2,-0.7104540020227432,0.46350194811820983,-3.2347442150115966,2.8569785833358763,0.8198597967624665,0.46350194811820983,0.0019964973567921382,0.8826406049508284,0.11536289769237955,0.0019964973567921382,0.8826406049508284,0.11536289769237955,0.8826406049508284,0.0019964973567921382,-0.7672777072584489,2,2,0.512,1130.0,0.881339731393382,0.9738120010607991,-0.4238120010607991
294,294,categorical_soft,1,1,False,0.0,0.0,0.0,1.0,0.0,2,-1.0,0.43733410239219667,-1.1799562454223633,4.27119722366333,-2.0361828804016113,0.43733410239219667,0.004269230290282982,0.9938760716649245,0.0018546980447924789,0.004269230290282982,0.9938760716649245,0.0018546980447924789,0.9938760716649245,0.004269230290282982,-0.9920213736201321,2,2,0.128,800.0,0.8723767548799515,0.9814709344251706,-0.4314709344251706
295,295,categorical_soft,1,1,False,0.0,0.0,0.0,1.0,0.0,2,-1.0,0.3999210253357887,-3.1226700067520143,3.9697873830795287,-0.10807360969483852,0.3999210253357887,0.0008182291051739794,0.9823415153781501,0.016840255516675878,0.0008182291051739794,0.9823415153781501,0.016840255516675878,0.9823415153781501,0.0008182291051739794,-0.9655012598614742,2,2,0.512,980.0,0.9144380930811167,0.9812820490448256,-0.4312820490448256
296,296,categorical_soft,1,1,True,0.14963844126577752,0.0,0.0,0.8503615856170654,0.14963844418525696,2,-0.7007231414318085,0.3415187418460846,-2.1323293447494507,1.6594624519348145,0.6884957611560821,0.3415187418460846,0.016082228545813267,0.7131943128632433,0.2707234585909434,0.016082228545813267,0.7131943128632433,0.2707234585909434,0.7131943128632433,0.016082228545813267,-0.44247085427229993,2,2,0.512,510.0,0.6265748795121908,0.9573684414410254,-0.40736844144102535
297,297,categorical_soft,1,1,True,0.1490484519506305,0.0,0.0,0.8509515523910522,0.14904844760894775,2,-0.7019031047821045,0.28224862888455393,-3.114669179916382,2.580304980278015,1.0763195991516112,0.28224862888455393,0.002745656114255049,0.8156167424822275,0.18163760140351745,0.002745656114255049,0.8156167424822275,0.18163760140351745,0.8156167424822275,0.002745656114255049,-0.63397914107871,2,2,0.512,1130.0,0.7884399071335793,0.9592798762345498,-0.40927987623454976
298,298,categorical_soft,1,1,False,0.0,0.0,0.0,1.0,0.0,2,-1.0,0.4041406258940697,-1.5984574556350708,3.5335476398468018,-1.1447863698005676,0.4041406258940697,0.005819347074144676,0.98502105622453,0.009159596701325464,0.005819347074144676,0.98502105622453,0.009159596701325464,0.98502105622453,0.005819347074144676,-0.9758614595232045,2,2,0.512,490.0,0.915975533425808,0.989622194411161,-0.4396221944111609
299,299,categorical_soft,0,0,False,0.0,0.0,1.0,0.0,0.0,1,-1.0,0.46677668690681456,1.2562103629112245,1.5244778037071227,-2.085785746574402,0.46677668690681456,0.42682116579946855,0.5580560518259448,0.01512278237458686,0.42682116579946855,0.5580560518259448,0.01512278237458686,0.42682116579946855,0.5580560518259448,-0.4116983834248817,2,2,0.0,540.0,0.1374301016330719,0.6619619019605973,-0.1119619019605973
300,300,categorical_soft,1,1,False,0.0,0.0,0.0,1.0,0.0,2,-1.0,0.44050182551145556,-1.967512845993042,3.298590326309204,-0.6377142310142517,0.44050182551145556,0.0050493866532775235,0.9758092269556841,0.019141386391038587,0.0050493866532775235,0.9758092269556841,0.019141386391038587,0.9758092269556841,0.0050493866532775235,-0.9566678405646455,2,2,0.512,650.0,0.9220624417066574,0.9878075660184856,-0.4378075660184856
301,301,categorical_soft,0,0,True,0.3926417585264873,0.0,0.6073582172393799,0.0,0.39264175295829773,1,-0.21471646428108215,0.4292396008968353,0.3461467146873474,-0.35126461982727053,0.2967492014169693,0.4292396008968353,0.40809374262168,0.2032019230066684,0.3887043343716515,0.40809374262168,0.2032019230066684,0.3887043343716515,0.40809374262168,0.2032019230066684,-0.019389408250028495,1,1,0.0,780.0,0.17007821798324585,0.6325402226419574,-0.08254022264195737
302,302,categorical_soft,0,0,True,0.17886932257187405,0.0,0.8211306929588318,0.0,0.1788693219423294,1,-0.6422613710165024,0.3414637088775635,0.40381585955619814,-0.11477787978947163,0.14282505586743355,0.3414637088775635,0.4223696851643387,0.2519382482395627,0.3256920665960986,0.4223696851643387,0.2519382482395627,0.3256920665960986,0.4223696851643387,0.2519382482395627,-0.09667761856824009,1,1,0.064,490.0,0.39768432080745697,0.8819542041042935,-0.33195420410429344
303,303,categorical_soft,1,1,False,0.0,0.0,0.0,1.0,0.0,2,-1.0,0.5626002937555313,1.380187165737152,1.479515826702118,-2.0868760347366333,0.5626002937555313,0.46820644466060335,0.5170974494766848,0.014696105862711922,0.46820644466060335,0.5170974494766848,0.014696105862711922,0.5170974494766848,0.46820644466060335,-0.5024013436139728,2,2,0.0,570.0,0.11988545954227448,0.6340609673785624,-0.08406096737856239
304,304,categorical_soft,1,1,True,0.1426841499922351,0.0,0.0,0.8573158383369446,0.14268414676189423,2,-0.7146316915750504,0.32711271196603775,-2.8433273792266847,2.741269659996033,0.7275942742824555,0.32711271196603775,0.0033190613912761928,0.8789159910359989,0.1177649475727249,0.0033190613912761928,0.8789159910359989,0.1177649475727249,0.8789159910359989,0.0033190613912761928,-0.761151043463274,2,2,0.256,1040.0,0.9303916841745377,0.9813929123148705,-0.4313929123148704
305,305,categorical_soft,1,1,True,0.15134368036888202,0.0,0.0,0.8486562967300415,0.1513436734676361,2,-0.6973126232624054,0.45622439980506896,-2.1581935405731203,1.992879569530487,0.49365962147712705,0.45622439980506896,0.012723885789763004,0.8066221267682037,0.18065398744203326,0.012723885789763004,0.8066221267682037,0.18065398744203326,0.8066221267682037,0.012723885789763004,-0.6259681393261705,2,2,0.256,560.0,0.6133843287825584,0.9519607250283878,-0.40196072502838776
306,306,categorical_soft,1,1,True,0.17814919649739103,0.0,0.0,0.8218507766723633,0.17814919352531433,2,-0.643701583147049,0.364793461561203,-1.7681439399719239,1.4292287349700927,0.7792724013328552,0.364793461561203,0.026142398732918758,0.6395327114306528,0.33432488983642844,0.026142398732918758,0.6395327114306528,0.33432488983642844,0.6395327114306528,0.026142398732918758,-0.3052078215942244,2,2,0.128,830.0,0.48410578817129135,0.8834798048379447,-0.3334798048379447
307,307,categorical_soft,0,0,False,0.0,0.0,1.0,0.0,0.0,1,-1.0,0.5309070408344269,2.726112413406372,-0.35073260962963104,-2.1611761808395387,0.5309070408344269,0.9487849634238918,0.04399062538217907,0.007224411193929111,0.9487849634238918,0.04399062538217907,0.007224411193929111,0.9487849634238918,0.04399062538217907,-0.9415605522299627,1,1,0.128,430.0,0.6822309195995331,0.9701567791206914,-0.4201567791206914
308,308,categorical_soft,0,0,True,0.19729139267598805,0.0,0.802708625793457,0.0,0.19729138910770416,1,-0.6054172366857529,0.35687870942056177,0.5527140825986863,0.04017882347106934,-0.0715441320091486,0.35687870942056177,0.46739564978005593,0.28001575926945854,0.25258859095048547,0.46739564978005593,0.28001575926945854,0.25258859095048547,0.46739564978005593,0.28001575926945854,-0.21480705882957046,1,1,0.032,520.0,0.3433762788772583,0.8465847675222417,-0.2965847675222416
309,309,categorical_soft,1,1,False,0.0,0.0,0.0,1.0,0.0,2,-1.0,0.5344316989183426,3.8028351783752443,-0.2840571582317352,-2.9681659936904907,0.5344316989183426,0.9822177913459113,0.01664766964122296,0.0011345390128657449,0.9822177913459113,0.01664766964122296,0.0011345390128657449,0.01664766964122296,0.9822177913459113,-0.015513130628357215,1,1,0.0,1000.0,0.5186137944401708,0.8797866948377613,-0.32978669483776124
310,310,categorical_soft,1,1,False,0.0,0.0,0.0,1.0,0.0,2,-1.0,0.5032630741596222,0.44520477056503294,1.8143366694450378,-1.6862279415130614,0.5032630741596222,0.19800424535955694,0.7783187952865404,0.023676959353902682,0.19800424535955694,0.7783187952865404,0.023676959353902682,0.7783187952865404,0.19800424535955694,-0.7546418359326377,2,2,0.032,970.0,0.39643021300435066,0.8063145232842015,-0.25631452328420146
311,311,categorical_soft,1,1,True,0.15569712710598393,0.0,0.0,0.8443028926849365,0.15569712221622467,2,-0.6886057704687119,0.37290301024913786,-2.0043578505516053,1.7011362314224243,0.7173105776309967,0.37290301024913786,0.017590965817636976,0.7148518886260511,0.26755714555631194,0.017590965817636976,0.7148518886260511,0.26755714555631194,0.7148518886260511,0.017590965817636976,-0.44729474306973915,2,2,0.256,650.0,0.5836306642740965,0.9388779207407766,-0.38887792074077654
312,312,categorical_soft,1,1,False,0.0,0.0,0.0,1.0,0.0,2,-1.0,0.5468498796224595,-1.9674788951873778,2.67757134437561,-0.42583373188972473,0.5468498796224595,0.009128334373850248,0.9480304176160816,0.04284124801006817,0.009128334373850248,0.9480304176160816,0.04284124801006817,0.9480304176160816,0.009128334373850248,-0.9051891696060135,2,2,0.512,610.0,0.9209451451897621,0.9883116426258042,-0.43831164262580413
313,313,categorical_soft,0,0,False,0.0,0.0,1.0,0.0,0.0,1,-1.0,0.6852047175168992,5.313720989227295,-1.0630399107933044,-3.740226912498474,0.6852047175168992,0.9981761454576745,0.0017066635572944582,0.00011719098503096437,0.9981761454576745,0.0017066635572944582,0.00011719098503096437,0.9981761454576745,0.0017066635572944582,-0.9980589544726436,1,1,0.512,640.0,1.0328418463468552,0.9929736339388011,-0.44297363393880107
314,314,categorical_soft,0,0,False,0.0,0.0,1.0,0.0,0.0,1,-1.0,0.6080628961324692,3.0614171981811524,-0.28798297941684725,-2.144538688659668,0.6080628961324692,0.9607720073209816,0.03390983757108808,0.005318155107930466,0.9607720073209816,0.03390983757108808,0.005318155107930466,0.9607720073209816,0.03390983757108808,-0.9554538522130511,1,1,0.064,740.0,0.653642937541008,0.9510753730288615,-0.4010753730288614
315,315,categorical_soft,1,1,True,0.18445459278003695,0.0,0.0,0.815545380115509,0.18445459008216858,2,-0.6310907900333405,0.3281745921820402,0.13994262721389533,0.35717076659202573,0.09929375387728215,0.3281745921820402,0.31225147687582666,0.38739707004011265,0.30035145308406075,0.31225147687582666,0.38739707004011265,0.30035145308406075,0.38739707004011265,0.31225147687582666,-0.0870456169560519,2,2,0.064,410.0,0.3565915375947952,0.8705246549234951,-0.320524654923495
316,316,categorical_soft,1,1,True,0.14385024512179656,0.0,0.0,0.8561497330665588,0.14385025203227997,2,-0.7122994810342789,0.3733931422233582,-2.046400237083435,1.7438899159431458,0.612686288356781,0.3733931422233582,0.01680772163469477,0.7431580525545314,0.24003422581077394,0.01680772163469477,0.7431580525545314,0.24003422581077394,0.7431580525545314,0.01680772163469477,-0.5031238267437574,2,2,0.512,450.0,0.7426585806533694,0.9771188704324757,-0.42711887043247565
317,317,categorical_soft,1,1,True,0.2529653022322077,0.0,0.0,0.7470346689224243,0.2529653012752533,2,-0.494069367647171,0.424158938229084,2.1483258485794066,-1.8585195660591125,0.3096397668123245,0.424158938229084,0.8492920826949781,0.01563465939907776,0.1350732579059441,0.8492920826949781,0.01563465939907776,0.1350732579059441,0.01563465939907776,0.8492920826949781,0.11943859850686633,1,1,0.0,840.0,0.31598392128944397,0.7663283213325881,-0.21632832133258806
318,318,categorical_soft,1,1,False,0.0,0.0,0.0,1.0,0.0,2,-1.0,0.4540997833013535,-0.4765959680080414,2.518163800239563,-1.418822133541107,0.4540997833013535,0.046799846037868034,0.9347335203862779,0.018466633575854013,0.046799846037868034,0.9347335203862779,0.018466633575854013,0.9347335203862779,0.046799846037868034,-0.9162668868104239,2,2,0.032,690.0,0.6099110618233681,0.9433591631568852,-0.3933591631568851
319,319,categorical_soft,0,0,False,0.0,0.0,1.0,0.0,0.0,1,-1.0,0.5742520272731781,3.7094990253448485,-0.7093773543834686,-2.616793394088745,0.5742520272731781,0.9862909732859031,0.011934808705003463,0.0017742180090936897,0.9862909732859031,0.011934808705003463,0.0017742180090936897,0.9862909732859031,0.011934808705003463,-0.9845167552768094,1,1,0.256,420.0,0.8809878528118134,0.9886837339785269,-0.4386837339785269
320,320,categorical_soft,1,1,False,0.0,0.0,0.0,1.0,0.0,2,-1.0,0.5881922125816346,1.4998160600662231,1.5060609579086304,-2.364790105819702,0.5881922125816346,0.4932914986630615,0.4963055344343446,0.010402966902594001,0.4932914986630615,0.4963055344343446,0.010402966902594001,0.4963055344343446,0.4932914986630615,-0.4859025675317506,2,2,0.0,700.0,0.10261709988117218,0.5764236634331203,-0.026423663433120304
321,321,categorical_soft,0,0,True,0.1402273227231401,0.0,0.8597726821899414,0.0,0.1402273178100586,1,-0.7195453643798828,0.615988266468048,3.2192026138305665,-1.6047627568244933,-0.6116375029087067,0.615988266468048,0.9706268221642407,0.007891505043586567,0.021481672792172536,0.9706268221642407,0.007891505043586567,0.021481672792172536,0.9706268221642407,0.007891505043586567,-0.9491451493720682,1,1,0.128,1000.0,1.0652206018567085,0.9907709267812306,-0.44077092678123053
322,322,categorical_soft,1,1,True,0.2867941577344816,0.0,0.0,0.7132058143615723,0.28679415583610535,2,-0.4264116585254669,0.24976933039724827,-0.20273633375763894,0.7313473701477051,0.1010533705353737,0.24976933039724827,0.20438655106160045,0.5190831721812215,0.2765302767571781,0.20438655106160045,0.5190831721812215,0.2765302767571781,0.5190831721812215,0.20438655106160045,-0.24255289542404335,2,2,0.0,1030.0,0.3215598538517952,0.7283040136993101,-0.17830401369931004
323,323,categorical_soft,0,0,False,0.0,0.0,1.0,0.0,0.0,1,-1.0,0.6028042674064636,5.458921289443969,-1.7652511596679688,-3.5360915660858154,0.6028042674064636,0.9991431978972883,0.0007323818296531455,0.00012442027305850813,0.9991431978972883,0.0007323818296531455,0.00012442027305850813,0.9991431978972883,0.0007323818296531455,-0.9990187776242299,1,1,0.512,830.0,1.0152685642242432,0.9903932264934603,-0.44039322649346024
324,324,categorical_soft,1,1,True,0.406473696242102,0.0,0.0,0.593526303768158,0.40647369623184204,2,-0.18705260753631592,0.44296837151050567,-0.061771126464009285,-0.15872405767440795,0.3443987756967545,0.44296837151050567,0.2933767027063722,0.2662550944368912,0.4403682028567365,0.2933767027063722,0.2662550944368912,0.4403682028567365,0.2662550944368912,0.2933767027063722,0.17411310841984529,3,3,0.032,910.0,0.19233771413564682,0.6214666338918414,-0.07146663389184138
325,325,categorical_soft,1,1,False,0.0,0.0,0.0,1.0,0.0,2,-1.0,0.48325327783823013,0.16976689919829369,1.5165435433387757,-1.0806906938552856,0.48325327783823013,0.19476469720012377,0.7487208598928,0.056514442907076023,0.19476469720012377,0.7487208598928,0.056514442907076023,0.7487208598928,0.19476469720012377,-0.692206416985724,2,2,0.032,580.0,0.3728146329522133,0.8557427906917575,-0.30574279069175747
326,326,categorical_soft,1,1,False,0.0,0.0,0.0,1.0,0.0,2,-1.0,0.510560417175293,-2.4786815643310547,3.5642441272735597,-0.4506378144025803,0.510560417175293,0.0023353897046054445,0.9797531270086981,0.01791148328669625,0.0023353897046054445,0.9797531270086981,0.01791148328669625,0.9797531270086981,0.0023353897046054445,-0.9618416437220019,2,2,0.256,1060.0,0.8593176230788231,0.9731977628428837,-0.4231977628428837
327,327,categorical_soft,1,1,False,0.0,0.0,0.0,1.0,0.0,2,-1.0,0.41679028123617173,-1.2222066521644592,4.138862800598145,-1.953824234008789,0.41679028123617173,0.0046682840317163535,0.993054129655331,0.0022775863129526844,0.0046682840317163535,0.993054129655331,0.0022775863129526844,0.993054129655331,0.0046682840317163535,-0.9907765433423783,2,2,0.064,1040.0,0.6845659837126732,0.9403402151492702,-0.3903402151492702
328,328,categorical_soft,1,1,True,0.1610820202706162,0.0,0.0,0.8389179706573486,0.16108201444149017,2,-0.6778359562158585,0.2481119316071272,-0.551386222243309,1.1310136675834657,0.09624051786959172,0.2481119316071272,0.12075886123911364,0.6484399134910513,0.2308012252698349,0.12075886123911364,0.6484399134910513,0.2308012252698349,0.6484399134910513,0.12075886123911364,-0.4176386882212164,2,2,0.032,1080.0,0.6413864023052156,0.9239454056477846,-0.37394540564778456
329,329,categorical_soft,1,1,False,0.0,0.0,0.0,1.0,0.0,2,-1.0,0.5722556203603745,1.2322519302368165,1.6285005807876587,-2.3098148107528687,0.5722556203603745,0.3976415103560237,0.5907061248944994,0.01165236474947688,0.3976415103560237,0.5907061248944994,0.01165236474947688,0.5907061248944994,0.3976415103560237,-0.5790537601450225,2,2,0.032,710.0,0.5105309039354324,0.9089025872845348,-0.3589025872845347
330,330,categorical_soft,0,0,True,0.13915241017614322,0.0,0.8608475923538208,0.0,0.1391524076461792,1,-0.7216951847076416,0.4226387858390808,2.6309000968933107,-2.226631772518158,0.12166213504970073,0.4226387858390808,0.9170105313430493,0.0071519703954439715,0.07583749826150663,0.9170105313430493,0.0071519703954439715,0.07583749826150663,0.9170105313430493,0.0071519703954439715,-0.8411730330815427,1,1,0.256,630.0,1.1019249856472015,0.9950456617702963,-0.44504566177029625
331,331,categorical_soft,0,0,False,0.0,0.0,1.0,0.0,0.0,1,-1.0,0.6031600385904312,1.5827264547348023,1.163214886188507,-2.0510442733764647,0.6031600385904312,0.5938309168029177,0.3904221379053749,0.01574694529170748,0.5938309168029177,0.3904221379053749,0.01574694529170748,0.5938309168029177,0.3904221379053749,-0.5780839715112102,1,1,0.0,830.0,0.20126265287399292,0.6538655747685236,-0.10386557476852354
332,332,categorical_soft,0,0,True,0.2209024574979664,0.0,0.7790975570678711,0.0,0.2209024578332901,1,-0.558195099234581,0.5370682120323181,2.2972941398620605,-0.8654105544090271,-0.5830594420433044,0.5370682120323181,0.9095809050558191,0.03872212432365241,0.05169697062052862,0.9095809050558191,0.03872212432365241,0.05169697062052862,0.9095809050558191,0.03872212432365241,-0.8578839344352905,1,1,0.064,730.0,0.34088726341724396,0.8088671033863649,-0.25886710338636487
333,333,categorical_soft,1,1,False,0.0,0.0,0.0,1.0,0.0,2,-1.0,0.5168655693531037,1.3064959406852723,2.2109710454940794,-2.5462759256362917,0.5168655693531037,0.2865154505858988,0.7073136032126939,0.006170946201407197,0.2865154505858988,0.7073136032126939,0.006170946201407197,0.7073136032126939,0.2865154505858988,-0.7011426570112866,2,2,0.0,1080.0,0.817897766828537,0.9665757296194332,-0.4165757296194331
334,334,categorical_soft,0,0,True,0.45591100746087365,0.0,0.5440890192985535,0.0,0.4559110105037689,1,-0.08817800879478455,0.4490684688091278,-0.06396463848650455,-0.17927758321166037,0.31733037531375885,0.4490684688091278,0.2977936758658267,0.26607239288678275,0.4361339312473905,0.2977936758658267,0.26607239288678275,0.4361339312473905,0.2977936758658267,0.26607239288678275,0.1383402553815638,3,3,0.032,500.0,0.05920746922492981,0.5832016383152792,-0.033201638315279114
335,335,categorical_soft,1,1,True,0.29072301708682174,0.0,0.0,0.7092769742012024,0.2907230257987976,2,-0.4185539484024048,0.2430763892829418,0.7120486617088317,0.7216170728206635,-0.620522391796112,0.2430763892829418,0.43907613854674976,0.442904151184108,0.11801971026914242,0.43907613854674976,0.442904151184108,0.11801971026914242,0.442904151184108,0.43907613854674976,-0.32488444091496554,2,2,0.0,1190.0,0.3566339612007141,0.7242176165579642,-0.1742176165579642
336,336,categorical_soft,1,1,True,0.4317453803135542,0.0,0.0,0.5682545900344849,0.43174538016319275,2,-0.13650920987129211,0.28620414435863495,-0.1256549835205078,0.13373562023043634,0.2755501687526703,0.28620414435863495,0.26390139607994373,0.342012067086794,0.39408653683326234,0.26390139607994373,0.342012067086794,0.39408653683326234,0.342012067086794,0.26390139607994373,0.052074469746468344,3,3,0.0,650.0,0.11160320788621902,0.6016966688828335,-0.05169666888283342
337,337,categorical_soft,0,0,False,0.0,0.0,1.0,0.0,0.0,1,-1.0,0.6086594015359879,5.949323987960815,-1.9460887551307677,-3.7083041667938232,0.6086594015359879,0.9995593097199643,0.0003766147719420395,6.407550809364355e-05,0.9995593097199643,0.0003766147719420395,6.407550809364355e-05,0.9995593097199643,0.0003766147719420395,-0.9994952342118707,1,1,0.256,1190.0,0.9339479058980942,0.9781629898726585,-0.42816298987265844
338,338,categorical_soft,1,1,False,0.0,0.0,0.0,1.0,0.0,2,-1.0,0.42215665578842165,-1.4375501155853272,3.4209810495376587,-1.3077523589134217,0.42215665578842165,0.007694822535331214,0.9834283458087778,0.008876831655890732,0.007694822535331214,0.9834283458087778,0.008876831655890732,0.9834283458087778,0.007694822535331214,-0.9745515141528871,2,2,0.128,940.0,0.7707909550517797,0.964490488674304,-0.41449048867430394
339,339,categorical_soft,1,1,True,0.1604912039489657,0.0,0.0,0.8395087718963623,0.1604911983013153,2,-0.679017573595047,0.38577827513217927,-1.6038200378417968,1.276136875152588,0.6019739270210266,0.38577827513217927,0.03582675058136305,0.6384435830053926,0.32572966641324436,0.03582675058136305,0.6384435830053926,0.32572966641324436,0.6384435830053926,0.03582675058136305,-0.31271391659214826,2,2,0.128,700.0,0.5527637246996164,0.9255232317218494,-0.3755232317218493
340,340,categorical_soft,0,0,False,0.0,0.0,1.0,0.0,0.0,1,-1.0,0.46299718171358106,5.084775400161743,-0.9927682399749755,-3.512520909309387,0.46299718171358106,0.9975210514612611,0.0022931006309296095,0.00018584790780924778,0.9975210514612611,0.0022931006309296095,0.00018584790780924778,0.9975210514612611,0.0022931006309296095,-0.9973352035534518,1,1,0.064,1130.0,0.7965922951698303,0.9608160830938423,-0.4108160830938422
341,341,categorical_soft,1,1,True,0.6383385305031333,0.0,0.0,0.36166146397590637,0.6383385062217712,3,0.27667704224586487,0.3024323847144842,-0.06047852821648121,0.33568297922611234,0.16947945952415466,0.3024323847144842,0.26735323507140046,0.3964752462931044,0.33617151863549505,0.26735323507140046,0.3964752462931044,0.33617151863549505,0.3964752462931044,0.26735323507140046,-0.06030372765760933,2,2,0.0,830.0,0.024197444319725037,0.44178459489913063,0.10821540510086941
342,342,categorical_soft,0,0,True,0.3484725113930036,0.0,0.651527464389801,0.0,0.3484725058078766,1,-0.30305495858192444,0.2002686232328415,-0.24322769343852996,0.9483097791671753,0.07731444239616395,0.2002686232328415,0.17639090898755053,0.580401094229382,0.2432079967830675,0.17639090898755053,0.580401094229382,0.2432079967830675,0.17639090898755053,0.580401094229382,0.06681708779551698,2,2,0.0,930.0,0.2401103377342224,0.6696039189278831,-0.11960391892788302
343,343,categorical_soft,0,0,True,0.1408680466465338,0.0,0.859131932258606,0.0,0.14086805284023285,1,-0.7182638794183731,0.47350588738918303,2.9850282192230226,-1.6022311687469482,-0.6106378972530365,0.47350588738918303,0.9633202990979551,0.00986818827347483,0.02681151262857,0.9633202990979551,0.00986818827347483,0.02681151262857,0.9633202990979551,0.00986818827347483,-0.9365087864693852,1,1,0.128,930.0,0.998799242079258,0.9882740667620786,-0.4382740667620786
344,344,categorical_soft,1,1,False,0.0,0.0,0.0,1.0,0.0,2,-1.0,0.41450284942984583,-1.7668924689292909,4.05038697719574,-1.5719751000404358,0.41450284942984583,0.002966106801303986,0.9933830487797115,0.0036508444189846056,0.002966106801303986,0.9933830487797115,0.0036508444189846056,0.9933830487797115,0.002966106801303986,-0.989732204360727,2,2,0.128,1190.0,0.9841103702783585,0.9828513713934699,-0.43285137139346985
345,345,categorical_soft,0,0,False,0.0,0.0,1.0,0.0,0.0,1,-1.0,0.625107291340828,3.9161831378936767,-0.5344059020280838,-2.9535204410552978,0.625107291340828,0.9873516735991184,0.011609524367577657,0.0010388020333041707,0.9873516735991184,0.011609524367577657,0.0010388020333041707,0.9873516735991184,0.011609524367577657,-0.9863128715658142,1,1,0.064,690.0,0.6364440619945526,0.9499356388377335,-0.3999356388377334
346,346,categorical_soft,0,0,False,0.0,0.0,1.0,0.0,0.0,1,-1.0,0.5954017460346221,2.013033151626587,0.5560387015342713,-2.0574910402297975,0.5954017460346221,0.7993515860640348,0.18692165477180828,0.013726759164156948,0.7993515860640348,0.18692165477180828,0.013726759164156948,0.7993515860640348,0.18692165477180828,-0.7856248268998778,1,1,0.032,640.0,0.6729329973459244,0.9601760593339327,-0.41017605933393264
347,347,categorical_soft,1,1,False,0.0,0.0,0.0,1.0,0.0,2,-1.0,0.44172845482826234,-2.624452543258667,3.4573834419250487,-0.09526706784963608,0.44172845482826234,0.0022179636731942303,0.9699204259343996,0.02786161039240597,0.0022179636731942303,0.9699204259343996,0.02786161039240597,0.9699204259343996,0.0022179636731942303,-0.9420588155419937,2,2,0.512,850.0,0.9372682347893715,0.9856319148970634,-0.4356319148970633
348,348,categorical_soft,0,0,False,0.0,0.0,1.0,0.0,0.0,1,-1.0,0.5771076172590256,3.8365068197250367,-0.6543303966522217,-2.898375129699707,0.5771076172590256,0.9877085513296006,0.011111713618088343,0.001179735052311093,0.9877085513296006,0.011111713618088343,0.001179735052311093,0.9877085513296006,0.011111713618088343,-0.9865288162772895,1,1,0.064,750.0,0.7316131889820099,0.965721529342436,-0.415721529342436
349,349,categorical_soft,1,1,False,0.0,0.0,0.0,1.0,0.0,2,-1.0,0.4559319630265236,-2.505191111564636,3.7552208423614504,-0.5965808272361756,0.4559319630265236,0.0018871975642060195,0.9853119886256453,0.012800813810148854,0.0018871975642060195,0.9853119886256453,0.012800813810148854,0.9853119886256453,0.0018871975642060195,-0.9725111748154964,2,2,0.256,1070.0,1.012370828539133,0.9870300100435582,-0.4370300100435581
350,350,categorical_soft,1,1,True,0.14918507993551788,0.0,0.0,0.850814938545227,0.14918507635593414,2,-0.7016298621892929,0.26343282125890255,-0.6354573130607605,1.7124316573143006,-0.22674980759620667,0.26343282125890255,0.07734420622527752,0.8065843158079449,0.11607147796677748,0.07734420622527752,0.8065843158079449,0.11607147796677748,0.8065843158079449,0.07734420622527752,-0.6905128378411673,2,2,0.064,650.0,0.6683630901388824,0.9588353278858958,-0.4088353278858957
351,351,categorical_soft,0,0,False,0.0,0.0,1.0,0.0,0.0,1,-1.0,0.5420714646577836,7.633302021026611,-2.8030573606491087,-4.470248508453369,0.5420714646577836,0.9999644608743461,2.9974024386451505e-05,5.5651012673023915e-06,0.9999644608743461,2.9974024386451505e-05,5.5651012673023915e-06,0.9999644608743461,2.9974024386451505e-05,-0.9999588957730788,1,1,0.512,1120.0,1.1905434653162956,0.994218091239636,-0.44421809123963596
352,352,categorical_soft,1,1,False,0.0,0.0,0.0,1.0,0.0,2,-1.0,0.4155225485563278,-0.9718538403511048,2.8485092639923097,-1.2917424082756042,0.4155225485563278,0.0212009225918028,0.9631311715660325,0.015667905842164674,0.0212009225918028,0.9631311715660325,0.015667905842164674,0.9631311715660325,0.0212009225918028,-0.9474632657238677,2,2,0.256,400.0,0.7987911775708199,0.9835424597184669,-0.43354245971846683
353,353,categorical_soft,0,0,True,0.4211503580432464,0.0,0.5788496136665344,0.0,0.4211503565311432,1,-0.15769925713539124,0.41320156008005143,-0.2551239237189293,-0.15052500888705253,0.34207243025302886,0.41320156008005143,0.25458457601014695,0.28306775160565534,0.46234767238419766,0.25458457601014695,0.28306775160565534,0.46234767238419766,0.25458457601014695,0.28306775160565534,0.20776309637405072,3,3,0.0,610.0,0.1087988018989563,0.6099215844506183,-0.05992158445061824
354,354,categorical_soft,1,1,True,0.1510709433256638,0.0,0.0,0.8489290475845337,0.15107093751430511,2,-0.6978581100702286,0.3612087443470955,0.1802698366343975,0.002218557894229889,0.16568401232361793,0.3612087443470955,0.3542151310160019,0.2963259878039793,0.3494588811800189,0.3542151310160019,0.2963259878039793,0.3494588811800189,0.2963259878039793,0.3542151310160019,0.0531328933760396,1,1,0.0,970.0,0.7178128808736801,0.9528142824883851,-0.402814282488385
355,355,categorical_soft,1,1,True,0.1748082876324218,0.0,0.0,0.8251917362213135,0.1748082935810089,2,-0.6503834426403046,0.43781757056713105,1.5324325799942016,-1.1964714109897614,0.26500606834888457,0.43781757056713105,0.7419253757909494,0.048691738600551523,0.20938288560849908,0.7419253757909494,0.048691738600551523,0.20938288560849908,0.048691738600551523,0.7419253757909494,0.16069114700794757,1,1,0.0,900.0,0.5160111337900162,0.8907261062024602,-0.34072610620246013
356,356,categorical_soft,1,1,True,0.1575029186359953,0.0,0.0,0.8424971103668213,0.1575029194355011,2,-0.6849941909313202,0.30704342387616634,0.5907538414001465,1.0671374917030334,-0.7338972628116608,0.30704342387616634,0.3476385555403706,0.5589462531845617,0.09341519127506775,0.3476385555403706,0.5589462531845617,0.09341519127506775,0.5589462531845617,0.3476385555403706,-0.46553106190949395,2,2,0.032,880.0,0.6224783137440681,0.9337274851666373,-0.38372748516663724
357,357,categorical_soft,0,0,True,0.16152437249962082,0.0,0.8384756445884705,0.0,0.16152437031269073,1,-0.6769512742757797,0.30487687289714815,0.7844753324985504,-0.5813820272684097,0.25124546587467195,0.30487687289714815,0.5426291878508067,0.1387222133424983,0.318648598806695,0.5426291878508067,0.1387222133424983,0.318648598806695,0.5426291878508067,0.1387222133424983,-0.22398058904411172,1,1,0.064,680.0,0.5398712754249573,0.9227732052409395,-0.3727732052409395
358,358,categorical_soft,1,1,True,0.1639196719211149,0.0,0.0,0.8360803127288818,0.16391967236995697,2,-0.6721606403589249,0.2976649969816208,0.33366710394620896,-0.31097591817379,0.25140019357204435,0.2976649969816208,0.40860801096827765,0.21472505263960207,0.37666693639212034,0.40860801096827765,0.21472505263960207,0.37666693639212034,0.21472505263960207,0.40860801096827765,0.16194188375251828,1,1,0.0,490.0,0.4761205166578293,0.9165568128082685,-0.36655681280826846
359,359,categorical_soft,1,1,True,0.15313656571740325,0.0,0.0,0.8468634486198425,0.15313656628131866,2,-0.6937268823385239,0.36528330296278,-1.934867763519287,1.7123942613601684,0.6338913440704346,0.36528330296278,0.01909135111670509,0.7318831234999837,0.24902552538331105,0.01909135111670509,0.7318831234999837,0.24902552538331105,0.7318831234999837,0.01909135111670509,-0.4828575981166727,2,2,0.256,620.0,0.6048325188457966,0.9464525557523773,-0.39645255575237726
360,360,categorical_soft,1,1,True,0.19101452359725563,0.0,0.0,0.8089854717254639,0.19101452827453613,2,-0.6179709434509277,0.40388682037591933,-0.10261683538556099,-0.04694995991885662,0.3279101997613907,0.40388682037591933,0.27811216667127914,0.2941701775090997,0.42771765581962107,0.27811216667127914,0.2941701775090997,0.42771765581962107,0.2941701775090997,0.27811216667127914,0.13354747831052138,3,3,0.032,450.0,0.34453414287418127,0.8579223921921969,-0.30792239219219686
361,361,categorical_soft,1,1,False,0.0,0.0,0.0,1.0,0.0,2,-1.0,0.45247218012809753,-0.3049154832959175,3.445780110359192,-2.2092567682266235,0.45247218012809753,0.02288896760642579,0.9736216728148378,0.003489359578736402,0.02288896760642579,0.9736216728148378,0.003489359578736402,0.9736216728148378,0.02288896760642579,-0.9701323132361014,2,2,0.128,710.0,0.8633746355772018,0.9826042518450617,-0.4326042518450617
362,362,categorical_soft,0,0,True,0.14734526445152907,0.0,0.852654755115509,0.0,0.14734525978565216,1,-0.7053094953298569,0.31621187515556815,2.045804738998413,-1.5223616123199464,0.14310683831572532,0.31621187515556815,0.8486312881426257,0.02402207906211911,0.1273466327952553,0.8486312881426257,0.02402207906211911,0.1273466327952553,0.8486312881426257,0.02402207906211911,-0.7212846553473704,1,1,0.064,960.0,0.7782713621854782,0.9649209701609414,-0.4149209701609413
363,363,categorical_soft,1,1,True,0.2824668882215106,0.0,0.0,0.7175331115722656,0.2824668884277344,2,-0.43506622314453125,0.269156976044178,-0.9872431039810181,0.5212105095386506,0.6435931622982025,0.269156976044178,0.09411431217769411,0.4252558280576831,0.4806298597646227,0.09411431217769411,0.4252558280576831,0.4806298597646227,0.4252558280576831,0.09411431217769411,0.05537403170693961,3,3,0.064,1130.0,0.35082195699214935,0.7328745950828798,-0.18287459508287973
364,364,categorical_soft,0,0,False,0.0,0.0,1.0,0.0,0.0,1,-1.0,0.5343623608350754,2.944174289703369,0.20086740106344222,-2.5477483749389647,0.5343623608350754,0.9353856378338291,0.060739798038992335,0.003874564127178508,0.9353856378338291,0.060739798038992335,0.003874564127178508,0.9353856378338291,0.060739798038992335,-0.9315110737066506,1,1,0.032,530.0,0.5941829681396484,0.949229112265047,-0.399229112265047
365,365,categorical_soft,0,0,False,0.0,0.0,1.0,0.0,0.0,1,-1.0,0.5365014404058457,7.8233788967132565,-2.1029264092445374,-5.300129318237305,0.5365014404058457,0.9999485099656471,4.947666160422066e-05,2.0133727485653258e-06,0.9999485099656471,4.947666160422066e-05,2.0133727485653258e-06,0.9999485099656471,4.947666160422066e-05,-0.9999464965928986,1,1,0.512,1120.0,1.3508169502019882,0.9973610056548473,-0.44736100565484727
366,366,categorical_soft,1,1,False,0.0,0.0,0.0,1.0,0.0,2,-1.0,0.4694333612918854,-1.0566492974758148,3.3692086935043335,-1.6290014386177063,0.4694333612918854,0.011746782054165414,0.9815146466612152,0.00673857128461944,0.011746782054165414,0.9815146466612152,0.00673857128461944,0.9815146466612152,0.011746782054165414,-0.9747760753765958,2,2,0.128,970.0,0.7826331406831741,0.9652369443596681,-0.41523694435966807
367,367,categorical_soft,0,0,False,0.0,0.0,1.0,0.0,0.0,1,-1.0,0.5235235512256622,4.18530011177063,-0.47800705432891843,-3.2399686098098757,0.5235235512256622,0.9899367402542729,0.009469290995667571,0.0005939687500595426,0.9899367402542729,0.009469290995667571,0.0005939687500595426,0.9899367402542729,0.009469290995667571,-0.9893427715042133,1,1,0.032,840.0,0.5968253463506699,0.9287462190401073,-0.3787462190401073
368,368,categorical_soft,0,0,False,0.0,0.0,1.0,0.0,0.0,1,-1.0,0.5571555465459823,3.856164240837097,-0.7646679222583771,-2.7690341234207154,0.5571555465459823,0.9888964941539203,0.009783258588401404,0.0013202472576783414,0.9888964941539203,0.009783258588401404,0.0013202472576783414,0.9888964941539203,0.009783258588401404,-0.987576246896242,1,1,0.128,840.0,0.846636950969696,0.978011866019843,-0.428011866019843
369,369,categorical_soft,0,0,True,0.549994792500617,0.0,0.4500052034854889,0.0,0.5499947667121887,3,0.09998956322669983,0.37246612310409544,-0.08776659592986107,-0.07420617267489434,0.24792262613773347,0.37246612310409544,0.29299262141503263,0.2971134596875097,0.4098939188974577,0.29299262141503263,0.2971134596875097,0.4098939188974577,0.29299262141503263,0.2971134596875097,0.11690129748242506,3,3,0.0,670.0,0.04256966710090637,0.5123068033698828,0.037693196630117276
370,370,categorical_soft,0,0,False,0.0,0.0,1.0,0.0,0.0,1,-1.0,0.5132807403802871,3.395472693443298,-0.061536720395088194,-2.9043564796447754,0.5132807403802871,0.9675682928052428,0.030644122606845493,0.001787584587911921,0.9675682928052428,0.030644122606845493,0.001787584587911921,0.9675682928052428,0.030644122606845493,-0.9657807082173309,1,1,0.032,740.0,0.4386346563696861,0.8711185197845402,-0.3211185197845402
371,371,categorical_soft,1,1,True,0.7409121730578815,0.0,0.0,0.25908783078193665,0.7409121990203857,3,0.4818243682384491,0.2558557238429785,0.5010194599628448,0.40818041265010835,-0.23324615359306336,0.2558557238429785,0.41767177714805365,0.37994428345005693,0.2023839394018896,0.41767177714805365,0.37994428345005693,0.2023839394018896,0.37994428345005693,0.41767177714805365,-0.17756034404816734,1,1,0.0,1170.0,0.02112467586994171,0.34098459826029615,0.2090154017397039
372,372,categorical_soft,0,0,False,0.0,0.0,1.0,0.0,0.0,1,-1.0,0.545825207233429,4.062976908683777,-0.5776519894599914,-3.0451706886291503,0.545825207233429,0.989598921443967,0.009585245491700808,0.0008158330643322061,0.989598921443967,0.009585245491700808,0.0008158330643322061,0.989598921443967,0.009585245491700808,-0.9887830883796348,1,1,0.032,1180.0,0.820691667497158,0.9629470093439594,-0.41294700934395934
373,373,categorical_soft,0,0,True,0.13859959724236742,0.0,0.8614004254341125,0.0,0.13859960436820984,1,-0.7228008210659027,0.41233689039945604,2.2593250036239625,-2.442710447311401,0.5804511785507203,0.41233689039945604,0.836123163272353,0.007637415652989423,0.15623942107465744,0.836123163272353,0.007637415652989423,0.15623942107465744,0.836123163272353,0.007637415652989423,-0.6798837421976955,1,1,0.256,720.0,1.2470764820463955,0.9972876295955952,-0.4472876295955952
374,374,categorical_soft,0,0,True,0.142547742111232,0.0,0.8574522733688354,0.0,0.14254774153232574,1,-0.7149045318365097,0.2600356385111809,2.1397966861724855,-2.050982129573822,0.3337898045778275,0.2600356385111809,0.8476960589815097,0.012958276346977386,0.13934566467151296,0.8476960589815097,0.012958276346977386,0.13934566467151296,0.8476960589815097,0.012958276346977386,-0.7083503943099967,1,1,0.064,680.0,0.8477915152907372,0.9819000580393523,-0.4319000580393523
375,375,categorical_soft,1,1,True,0.17110929758369697,0.0,0.0,0.8288906812667847,0.17110930383205414,2,-0.6577813774347305,0.3041835755109787,0.019265254214406013,-0.13631243035197257,0.33847075402736665,0.3041835755109787,0.30931469073538737,0.26489079835800083,0.4257945109066118,0.30931469073538737,0.26489079835800083,0.4257945109066118,0.26489079835800083,0.30931469073538737,0.16090371254861097,3,3,0.032,850.0,0.5218647550791502,0.8990958545060396,-0.3490958545060395
376,376,categorical_soft,0,0,False,0.0,0.0,1.0,0.0,0.0,1,-1.0,0.5696017056703567,4.007859492301941,-0.6046311557292938,-2.835700440406799,0.5696017056703567,0.9890406900115266,0.009898678028682143,0.0010606319597912409,0.9890406900115266,0.009898678028682143,0.0010606319597912409,0.9890406900115266,0.009898678028682143,-0.9879800580517354,1,1,0.032,1110.0,0.7185393869876862,0.9448057440354843,-0.3948057440354843
377,377,categorical_soft,1,1,True,0.17171995835359766,0.0,0.0,0.8282800316810608,0.17171995341777802,2,-0.6565600782632828,0.3811486914753914,0.4179528564214706,-0.14778053313493728,0.20995655953884124,0.3811486914753914,0.4201906077847484,0.23849985287682368,0.3413095393384279,0.4201906077847484,0.23849985287682368,0.3413095393384279,0.23849985287682368,0.4201906077847484,0.10280968646160421,1,1,0.0,510.0,0.43530239164829254,0.8976874868146086,-0.3476874868146086
378,378,categorical_soft,0,0,True,0.14159409893896185,0.0,0.8584058880805969,0.0,0.14159409701824188,1,-0.716811791062355,0.34650292694568635,1.846836769580841,-1.6971113085746765,0.42356148064136506,0.34650292694568635,0.787362830551045,0.022804158935872197,0.18983301051308288,0.787362830551045,0.022804158935872197,0.18983301051308288,0.787362830551045,0.022804158935872197,-0.5975298200379621,1,1,0.128,680.0,0.8935141116380692,0.9854890640603567,-0.4354890640603567
379,379,categorical_soft,1,1,True,0.15317525639557306,0.0,0.0,0.8468247652053833,0.1531752496957779,2,-0.6936495155096054,0.39511855989694594,-1.7373766779899598,1.9431830644607544,0.28118637204170227,0.39511855989694594,0.020768043507133172,0.8225308088687713,0.15670114762409562,0.020768043507133172,0.8225308088687713,0.15670114762409562,0.8225308088687713,0.020768043507133172,-0.6658296612446757,2,2,0.256,510.0,0.5773737840354443,0.9463356041727776,-0.3963356041727776
380,380,categorical_soft,1,1,True,0.16881225547255846,0.0,0.0,0.8311877250671387,0.16881226003170013,2,-0.6623754650354385,0.2958058625459671,-1.0747833013534547,0.9047408401966095,0.43659414649009703,0.2958058625459671,0.07836234024746137,0.5666638465471375,0.35497381320540106,0.07836234024746137,0.5666638465471375,0.35497381320540106,0.5666638465471375,0.07836234024746137,-0.21169003334173647,2,2,0.128,400.0,0.42385962195839966,0.9044932597432849,-0.3544932597432848
381,381,categorical_soft,0,0,True,0.13994749393293426,0.0,0.8600525259971619,0.0,0.13994748890399933,1,-0.7201050370931625,0.3644407019019127,2.1216339826583863,-2.232706356048584,0.5153238594532012,0.3644407019019127,0.8240120877805296,0.010634724719933144,0.1653531874995373,0.8240120877805296,0.010634724719933144,0.1653531874995373,0.8240120877805296,0.010634724719933144,-0.6586589002809923,1,1,0.256,610.0,0.9956440702080727,0.9918732366503379,-0.44187323665033784
382,382,categorical_soft,0,0,False,0.0,0.0,1.0,0.0,0.0,1,-1.0,0.6577116191387177,3.2266223192214967,-0.837219876050949,-2.3474025964736938,0.6577116191387177,0.97938276920252,0.016867275438417574,0.0037499553590624327,0.97938276920252,0.016867275438417574,0.0037499553590624327,0.97938276920252,0.016867275438417574,-0.9756328138434576,1,1,0.256,480.0,0.7710565626621246,0.9793193742271186,-0.4293193742271185
383,383,categorical_soft,1,1,True,0.14417076045447696,0.0,0.0,0.8558292388916016,0.14417076110839844,2,-0.7116584777832031,0.4001616969704628,-2.1995295763015745,2.1479742765426635,0.6071753680706025,0.4001616969704628,0.010542305092591762,0.8146207534599761,0.174836941447432,0.010542305092591762,0.8146207534599761,0.174836941447432,0.8146207534599761,0.010542305092591762,-0.6397838120125441,2,2,0.256,760.0,0.8084479738026857,0.9759628652576691,-0.425962865257669
384,384,categorical_soft,0,0,False,0.0,0.0,1.0,0.0,0.0,1,-1.0,0.5516742616891861,4.592958450317383,-0.876994389295578,-3.214888310432434,0.5516742616891861,0.9953754665255028,0.004216808520536781,0.0004077249539604444,0.9953754665255028,0.004216808520536781,0.0004077249539604444,0.9953754665255028,0.004216808520536781,-0.9949677415715423,1,1,0.128,1080.0,0.9401882588863373,0.9813913142856413,-0.43139131428564126
385,385,categorical_soft,1,1,True,0.14549609815167108,0.0,0.0,0.8545039296150208,0.14549610018730164,2,-0.7090078294277191,0.4036049246788025,-1.9583504796028137,1.7761035561561584,0.5072934061288834,0.4036049246788025,0.018280273215550112,0.7653270016536666,0.2163927251307832,0.018280273215550112,0.7653270016536666,0.2163927251307832,0.7653270016536666,0.018280273215550112,-0.5489342765228834,2,2,0.256,770.0,0.7735878583043814,0.9712650823388411,-0.4212650823388411
386,386,categorical_soft,0,0,True,0.1386766372350519,0.0,0.861323356628418,0.0,0.13867664337158203,1,-0.7226467132568359,0.3658433124423027,2.543758416175842,-2.84610333442688,0.6971780359745026,0.3658433124423027,0.8599739659255018,0.003947853827374141,0.1360781802471241,0.8599739659255018,0.003947853827374141,0.1360781802471241,0.8599739659255018,0.003947853827374141,-0.7238957856783776,1,1,0.512,400.0,1.1461854800581932,0.9969733685655217,-0.4469733685655216
387,387,categorical_soft,0,0,False,0.0,0.0,1.0,0.0,0.0,1,-1.0,0.5147100150585174,4.718511629104614,-0.9580299317836761,-3.3423654794692994,0.5147100150585174,0.996254321999902,0.0034274142462238193,0.00031826375387406436,0.996254321999902,0.0034274142462238193,0.00031826375387406436,0.996254321999902,0.0034274142462238193,-0.9959360582460279,1,1,0.256,660.0,0.940440259873867,0.9887148115988028,-0.43871481159880277
388,388,categorical_soft,1,1,True,0.16684084755566841,0.0,0.0,0.8331591486930847,0.16684085130691528,2,-0.6663182973861694,0.32463479340076445,-2.293057179450989,2.261940050125122,0.545120108127594,0.32463479340076445,0.008850474412623491,0.8398125890168142,0.15133693657056232,0.008850474412623491,0.8398125890168142,0.15133693657056232,0.8398125890168142,0.008850474412623491,-0.6884756524462519,2,2,0.064,1010.0,0.5850121323019266,0.90925726285887,-0.35925726285886994
389,389,categorical_soft,0,0,False,0.0,0.0,1.0,0.0,0.0,1,-1.0,0.6047861605882645,3.213324689865112,-0.5013999879360199,-2.3051274061203,0.6047861605882645,0.972318702542243,0.02376805358410024,0.003913243873656756,0.972318702542243,0.02376805358410024,0.003913243873656756,0.972318702542243,0.02376805358410024,-0.9684054586685862,1,1,0.064,880.0,0.4785623997449875,0.8741640467966116,-0.3241640467966116
390,390,categorical_soft,1,1,True,0.2760299416475489,0.0,0.0,0.7239700555801392,0.27602994441986084,2,-0.4479401111602783,0.39275058880448344,0.8254559636116028,-0.6479899734258652,0.27974453568458557,0.39275058880448344,0.5525433411329055,0.12707810474040807,0.3203785541266865,0.5525433411329055,0.12707810474040807,0.3203785541266865,0.12707810474040807,0.5525433411329055,0.1933004493862784,1,1,0.0,1000.0,0.32620373368263245,0.7398172420363511,-0.18981724203635109
391,391,categorical_soft,0,0,False,0.0,0.0,1.0,0.0,0.0,1,-1.0,0.6092265993356705,3.952139067649841,-0.7719139754772186,-2.812319302558899,0.6092265993356705,0.9899815462343236,0.008861033144095965,0.001157420621580319,0.9899815462343236,0.008861033144095965,0.001157420621580319,0.9899815462343236,0.008861033144095965,-0.9888241256127432,1,1,0.128,840.0,0.7657688558101654,0.9676319299768472,-0.41763192997684717
392,392,categorical_soft,0,0,True,0.1412916564522666,0.0,0.8587083220481873,0.0,0.14129166305065155,1,-0.7174166589975357,0.3728559762239456,2.144020128250122,-2.1737969398498533,0.48412317633628843,0.3728559762239456,0.8307602820967617,0.011097825935079384,0.15814189196815892,0.8307602820967617,0.011097825935079384,0.15814189196815892,0.8307602820967617,0.011097825935079384,-0.6726183901286027,1,1,0.064,930.0,0.9719650354236364,0.9866435474255073,-0.43664354742550726
393,393,categorical_soft,0,0,True,0.29355228838107594,0.0,0.7064477205276489,0.0,0.2935522794723511,1,-0.41289544105529785,0.4097316190600395,-0.1436886355280876,0.0909954983741045,0.27904329597949984,0.4097316190600395,0.2639278516482569,0.3336118092624555,0.40246033908928763,0.2639278516482569,0.3336118092624555,0.40246033908928763,0.2639278516482569,0.3336118092624555,0.13853248744103075,3,3,0.0,420.0,0.16475437581539154,0.7213106216778917,-0.17131062167789168
394,394,categorical_soft,0,0,False,0.0,0.0,1.0,0.0,0.0,1,-1.0,0.7402522295713425,4.443260908126831,-0.643436199426651,-3.282499647140503,0.7402522295713425,0.9934029632588193,0.006158446422215265,0.0004385903189656769,0.9934029632588193,0.006158446422215265,0.0004385903189656769,0.9934029632588193,0.006158446422215265,-0.9929643729398536,1,1,0.064,1130.0,0.5938400030136108,0.9005461713773014,-0.3505461713773014
395,395,categorical_soft,0,0,True,0.22105897632457006,0.0,0.7789410352706909,0.0,0.22105897963047028,1,-0.5578820556402206,0.3383272781968117,1.4519578218460083,-1.248332929611206,0.41738690733909606,0.3383272781968117,0.70282344314954,0.04738105299645256,0.24979550385400748,0.70282344314954,0.04738105299645256,0.24979550385400748,0.70282344314954,0.04738105299645256,-0.45302793929553253,1,1,0.032,1110.0,0.4338230639696121,0.8086384647508287,-0.25863846475082863
396,396,categorical_soft,1,1,False,0.0,0.0,0.0,1.0,0.0,2,-1.0,0.462658503651619,-3.367924356460571,3.970382261276245,0.033639495447278026,0.462658503651619,0.0006384458459009022,0.980092304221697,0.019269249932402043,0.0006384458459009022,0.980092304221697,0.019269249932402043,0.980092304221697,0.0006384458459009022,-0.9608230542892949,2,2,0.512,1110.0,0.9393975138664246,0.9806455907424554,-0.43064559074245534
397,397,categorical_soft,1,1,False,0.0,0.0,0.0,1.0,0.0,2,-1.0,0.4965221434831619,-2.6808834075927734,4.034114146232605,-0.6008641064167023,0.4965221434831619,0.0012011383360104708,0.9891705338188901,0.009628327845099463,0.0012011383360104708,0.9891705338188901,0.009628327845099463,0.9891705338188901,0.0012011383360104708,-0.9795422059737906,2,2,0.256,1050.0,0.9099549353122711,0.9792239661600461,-0.4292239661600461
398,398,categorical_soft,1,1,True,0.15284969822104216,0.0,0.0,0.8471503257751465,0.1528497040271759,2,-0.6943006217479706,0.36903204768896103,-0.8290307700634003,0.7416515648365021,0.20987995564937592,0.36903204768896103,0.11568773941784458,0.5567559635762682,0.3275562970058873,0.11568773941784458,0.5567559635762682,0.3275562970058873,0.5567559635762682,0.11568773941784458,-0.22919966657038093,2,2,0.128,490.0,0.5764550000894815,0.9473221554846154,-0.39732215548461536
399,399,categorical_soft,1,1,True,0.22781912808323002,0.0,0.0,0.7721808552742004,0.22781912982463837,2,-0.5443617254495621,0.23712129499763251,-0.40708501935005187,0.19047978147864342,0.33291579186916354,0.23712129499763251,0.20336098213240184,0.370042033981573,0.42659698388602524,0.20336098213240184,0.370042033981573,0.42659698388602524,0.370042033981573,0.20336098213240184,0.056554949904452256,3,3,0.032,400.0,0.2471591681241989,0.7989866884283707,-0.24898668842837068
