trial_index,dataset_index,student_action_objective,true_direction,dir_choice,sure_available,teacher_sure_strength,target_fixation,target_left,target_right,target_sure,teacher_preferred_action,target_action_margin,raw_post_go_fixation,raw_post_go_left,raw_post_go_right,raw_post_go_sure,predicted_fixation,predicted_left,predicted_right,predicted_sure,p_left,p_right,p_sure,predicted_correct_direction,predicted_incorrect_direction,predicted_action_margin,final_argmax_choice,action_argmax_choice,stimulus_coherence,stimulus_duration_ms,internal_margin,empirical_p_correct,delta_value
0,0,categorical_soft,0,0,False,0.0,0.0,1.0,0.0,0.0,1,-1.0,0.5363351120276172,6.256964661407972,-1.7513666623347377,-3.085337061890202,0.5363351120276172,0.999574287562061,0.00033765062911956026,8.806180881952443e-05,0.999574287562061,0.00033765062911956026,8.806180881952443e-05,0.999574287562061,0.00033765062911956026,-0.9994862257532415,1,1,0.512,940.0,1.0484288111329079,0.9906774506351905,-0.4406774506351905
1,1,categorical_soft,0,0,True,0.20536326275014355,0.0,0.7946367263793945,0.0,0.20536325871944427,1,-0.5892734676599503,0.3048031585230272,0.7873889199434523,-0.5656147960352554,0.39929169026488676,0.3048031585230272,0.5162485667161962,0.13350931338957445,0.35024211989422926,0.5162485667161962,0.13350931338957445,0.35024211989422926,0.5162485667161962,0.13350931338957445,-0.16600644682196697,1,1,0.0,890.0,0.4134471267461777,0.8328962506168242,-0.2828962506168241
2,2,categorical_soft,1,1,True,0.1627092707452713,0.0,0.0,0.8372907042503357,0.16270926594734192,2,-0.6745814383029938,0.35514933261573034,-1.791269438017539,1.2167486954220867,0.6480884012136581,0.35514933261573034,0.0305526136827259,0.6188002071171352,0.35064717920013877,0.0305526136827259,0.6188002071171352,0.35064717920013877,0.6188002071171352,0.0305526136827259,-0.26815302791699647,2,2,0.256,510.0,0.4894590051844716,0.9196709493279273,-0.3696709493279272
3,3,categorical_soft,0,0,False,0.0,0.0,1.0,0.0,0.0,1,-1.0,0.5356445585644662,6.770554118947198,-2.0758366043691447,-3.1684356094909383,0.5356445585644662,0.9998049880820815,0.0001465451162665746,4.846680165198433e-05,0.9998049880820815,0.0001465451162665746,4.846680165198433e-05,0.9998049880820815,0.0001465451162665746,-0.9997565212804296,1,1,0.512,960.0,1.073611468076706,0.9915539535033948,-0.44155395350339477
4,4,categorical_soft,0,0,False,0.0,0.0,1.0,0.0,0.0,1,-1.0,0.5148657890847159,4.778863350741456,-0.8484974540340613,-2.8210007741394656,0.5148657890847159,0.995885160083045,0.0036130947168907766,0.0005017452000642142,0.995885160083045,0.0036130947168907766,0.0005017452000642142,0.995885160083045,0.0036130947168907766,-0.9953834148829808,1,1,0.128,1020.0,0.8045955151319504,0.9668002996095091,-0.41680029960950904
5,5,categorical_soft,0,0,True,0.1494681574748153,0.0,0.850531816482544,0.0,0.14946815371513367,1,-0.7010636627674103,0.25609327553157085,2.65626038840744,-2.5567457434052003,0.9404052496273504,0.25609327553157085,0.843606471020356,0.004632571963029616,0.15176095701661446,0.843606471020356,0.004632571963029616,0.15176095701661446,0.843606471020356,0.004632571963029616,-0.6918455140037416,1,1,0.064,1100.0,0.7740941792726517,0.9579179349019022,-0.4079179349019022
6,6,categorical_soft,0,0,False,0.0,0.0,1.0,0.0,0.0,1,-1.0,0.5253639712703901,4.0844805714999435,-0.6326468565749082,-2.481947826366998,0.5253639712703901,0.9896992114070804,0.008898276917023815,0.0014025116758958778,0.9896992114070804,0.008898276917023815,0.0014025116758958778,0.9896992114070804,0.008898276917023815,-0.9882966997311845,1,1,0.128,920.0,0.9184840470552444,0.9829027041866822,-0.4329027041866822
7,7,categorical_soft,0,0,False,0.0,0.0,1.0,0.0,0.0,1,-1.0,0.5548692263434498,1.6938400846068042,1.1009595747351821,-2.0024523608039986,0.5548692263434498,0.6337822347629831,0.3504483687699727,0.015769396467044224,0.6337822347629831,0.3504483687699727,0.015769396467044224,0.6337822347629831,0.3504483687699727,-0.6180128382959389,1,1,0.0,1020.0,0.046841979026794434,0.4129663606271245,0.13703363937287555
8,8,categorical_soft,1,1,True,0.1573025373588735,0.0,0.0,0.8426974415779114,0.15730254352092743,2,-0.685394898056984,0.3667757226209547,-1.6686741260287339,1.6763420543968617,0.1900219344570882,0.3667757226209547,0.027976190588689463,0.7925936917651505,0.1794301176461601,0.027976190588689463,0.7925936917651505,0.1794301176461601,0.7925936917651505,0.027976190588689463,-0.6131635741189904,2,2,0.256,470.0,0.5237435521557927,0.9342915810289389,-0.3842915810289389
9,9,categorical_soft,0,0,False,0.0,0.0,1.0,0.0,0.0,1,-1.0,0.535552363436201,6.5666471720535196,-1.9542251454671586,-3.1291055374095196,0.535552363436201,0.9997355178497681,0.0002026587403184028,6.18234099134897e-05,0.9997355178497681,0.0002026587403184028,6.18234099134897e-05,0.9997355178497681,0.0002026587403184028,-0.9996736944398547,1,1,0.512,1010.0,1.1523869410157204,0.9938939755920116,-0.4438939755920116
10,10,categorical_soft,1,1,False,0.0,0.0,0.0,1.0,0.0,2,-1.0,0.5557574287547088,1.6913944772448333,1.5910316296157099,-2.35314939460189,0.5557574287547088,0.5202687021401179,0.47059446537233135,0.009136832487551013,0.5202687021401179,0.47059446537233135,0.009136832487551013,0.47059446537233135,0.5202687021401179,-0.4614576328847803,1,1,0.032,1170.0,0.730802558362484,0.9441724449195158,-0.39417244491951575
11,11,categorical_soft,1,1,True,0.15537181576585085,0.0,0.0,0.8446281552314758,0.15537181496620178,2,-0.689256340265274,0.33571787850563084,-1.1377041105429655,1.011555386311557,0.28401980535015664,0.33571787850563084,0.07285990712361545,0.6250404115803935,0.3020996812959911,0.07285990712361545,0.6250404115803935,0.3020996812959911,0.6250404115803935,0.07285990712361545,-0.3229407302844024,2,2,0.064,560.0,0.5649214829318225,0.9398221432929741,-0.38982214329297404
12,12,categorical_soft,1,1,False,0.0,0.0,0.0,1.0,0.0,2,-1.0,0.45609895282120394,0.7894803315137001,2.2080623416602343,-2.041147814098813,0.45609895282120394,0.1926937060010932,0.7958345838917574,0.011471710107149341,0.1926937060010932,0.7958345838917574,0.011471710107149341,0.7958345838917574,0.1926937060010932,-0.7843628737846081,2,2,0.064,910.0,0.7842522263526917,0.9678326450270627,-0.41783264502706263
13,13,categorical_soft,1,1,False,0.0,0.0,0.0,1.0,0.0,2,-1.0,0.45863154591556177,0.6973978420438379,2.1237695161233603,-1.9069660746864874,0.45863154591556177,0.1909440144589841,0.7947982354984416,0.014257750042574227,0.1909440144589841,0.7947982354984416,0.014257750042574227,0.7947982354984416,0.1909440144589841,-0.7805404854558674,2,2,0.032,460.0,0.8103487938642502,0.9832889224471807,-0.43328892244718065
14,14,categorical_soft,1,1,False,0.0,0.0,0.0,1.0,0.0,2,-1.0,0.451199833464533,0.4149862673894985,2.2361112727413888,-1.7737119794999985,0.451199833464533,0.13715261861782865,0.847303959930036,0.0155434214521352,0.13715261861782865,0.847303959930036,0.0155434214521352,0.847303959930036,0.13715261861782865,-0.8317605384779009,2,2,0.064,490.0,0.6984655410051346,0.970371268883655,-0.42037126888365495
15,15,categorical_soft,1,1,False,0.0,0.0,0.0,1.0,0.0,2,-1.0,0.5077107482820733,1.0355043140547486,1.47108907331099,-1.7217120280895646,0.5077107482820733,0.3832124389322249,0.592308470566384,0.024479090501391167,0.3832124389322249,0.592308470566384,0.024479090501391167,0.592308470566384,0.3832124389322249,-0.5678293800649928,2,2,0.064,670.0,0.657180730602704,0.9555993270423452,-0.40559932704234514
16,16,categorical_soft,0,0,False,0.0,0.0,1.0,0.0,0.0,1,-1.0,0.550892968321828,3.6327021796100722,-0.25425721946220375,-2.4025562127302758,0.550892968321828,0.9775074517262985,0.020138393302975795,0.0023541549707256602,0.9775074517262985,0.020138393302975795,0.0023541549707256602,0.9775074517262985,0.020138393302975795,-0.9751532967555728,1,1,0.032,990.0,0.6548107713460922,0.9353335886244387,-0.38533358862443867
17,17,categorical_soft,0,0,False,0.0,0.0,1.0,0.0,0.0,1,-1.0,0.5198744509121863,4.350909427613898,-0.6315913231067426,-2.6850210194027824,0.5198744509121863,0.9922765244161532,0.006843645875882666,0.0008798297079642871,0.9922765244161532,0.006843645875882666,0.0008798297079642871,0.9922765244161532,0.006843645875882666,-0.9913966947081889,1,1,0.064,1160.0,0.867465652525425,0.9710154946235546,-0.4210154946235546
18,18,categorical_soft,0,0,True,0.4703194649998598,0.0,0.5296805500984192,0.0,0.4703194797039032,1,-0.05936107039451599,0.30241770073356616,2.063748872186259,-1.642675445846076,0.5769829288071829,0.30241770073356616,0.7994567337175382,0.019751184013484337,0.1807920822689773,0.7994567337175382,0.019751184013484337,0.1807920822689773,0.7994567337175382,0.019751184013484337,-0.618664651448561,1,1,0.064,880.0,0.14334997534751892,0.5723013908026424,-0.022301390802642374
19,19,categorical_soft,0,0,True,0.15783541674977236,0.0,0.8421645760536194,0.0,0.15783542394638062,1,-0.6843291521072388,0.39340521823523433,2.2385475967991746,-1.2641018203840064,0.16718492597542972,0.39340521823523433,0.8641300781341101,0.026179738494131778,0.10969018337175802,0.8641300781341101,0.026179738494131778,0.10969018337175802,0.8641300781341101,0.026179738494131778,-0.7544398947623521,1,1,0.064,890.0,0.6218863129615784,0.9327954541479567,-0.3827954541479567
20,20,categorical_soft,0,0,True,0.1385075905024299,0.0,0.861492395401001,0.0,0.13850758969783783,1,-0.7229848057031631,0.2450667098841235,4.197416426388067,-4.253029086556322,1.3303311348030102,0.2450667098841235,0.9459315019467951,0.0002049333729301976,0.05386356468027463,0.9459315019467951,0.0002049333729301976,0.05386356468027463,0.9459315019467951,0.0002049333729301976,-0.8920679372665204,1,1,0.512,940.0,1.331511277705431,0.9976637240031028,-0.4476637240031027
21,21,categorical_soft,0,0,True,0.14257556409246797,0.0,0.8574244379997253,0.0,0.14257556200027466,1,-0.7148488759994507,0.28508217557540183,2.2615605551324562,-1.9491615366322719,0.708358875868315,0.28508217557540183,0.8152951063635878,0.012180062236266023,0.17252483140014624,0.8152951063635878,0.012180062236266023,0.17252483140014624,0.8152951063635878,0.012180062236266023,-0.6427702749634416,1,1,0.128,600.0,0.8269800916314125,0.9817964952979781,-0.43179649529797803
22,22,categorical_soft,1,1,True,0.17070501334162702,0.0,0.0,0.8292949795722961,0.17070502042770386,2,-0.6585899591445923,0.3362478338165289,-2.2071660575977634,1.6120797007270997,0.7591096058197031,0.3362478338165289,0.015148651530534293,0.6904253232572007,0.29442602521226485,0.015148651530534293,0.6904253232572007,0.29442602521226485,0.6904253232572007,0.015148651530534293,-0.3959992980449359,2,2,0.256,810.0,0.5141643323004246,0.9000342722994452,-0.35003427229944517
23,23,categorical_soft,1,1,True,0.19562216334397986,0.0,0.0,0.8043778538703918,0.19562216103076935,2,-0.6087556928396225,0.33972312009368755,0.1658346436426533,-0.2227056811087082,0.34852125291878067,0.33972312009368755,0.3474880616176132,0.23547995789070172,0.41703198049168505,0.3474880616176132,0.23547995789070172,0.41703198049168505,0.23547995789070172,0.3474880616176132,0.18155202260098333,3,3,0.0,880.0,0.4363681795075536,0.8495365426977518,-0.29953654269775176
24,24,categorical_soft,0,0,True,0.13827039345882153,0.0,0.861729621887207,0.0,0.13827039301395416,1,-0.7234592288732529,0.34269081039695115,3.661242363534914,-3.057121201713235,0.7353431237082113,0.34269081039695115,0.9475715944252785,0.0011583958909498347,0.05127000968377158,0.9475715944252785,0.0011583958909498347,0.05127000968377158,0.9475715944252785,0.0011583958909498347,-0.8963015847415069,1,1,0.512,670.0,1.3751744218170643,0.9986372597710848,-0.4486372597710847
25,25,categorical_soft,0,0,True,0.13827917050404648,0.0,0.8617208003997803,0.0,0.13827916979789734,1,-0.7234416306018829,0.459624838927864,3.3045161701547796,-1.7854112403468068,-0.0773852627500777,0.459624838927864,0.9605704135468891,0.005965988156592747,0.03346359829651831,0.9605704135468891,0.005965988156592747,0.03346359829651831,0.9605704135468891,0.005965988156592747,-0.9271068152503708,1,1,0.512,490.0,1.3256772384047508,0.9986011338836283,-0.4486011338836282
26,26,categorical_soft,0,0,False,0.0,0.0,1.0,0.0,0.0,1,-1.0,0.5497635340511187,3.120038483345076,0.13269840008184078,-2.3053040378283427,0.5497635340511187,0.9478110701528026,0.047995792541667665,0.004193137305529705,0.9478110701528026,0.047995792541667665,0.004193137305529705,0.9478110701528026,0.047995792541667665,-0.9436179328472729,1,1,0.032,990.0,0.6256432682275772,0.9261054418610988,-0.37610544186109873
27,27,categorical_soft,1,1,False,0.0,0.0,0.0,1.0,0.0,2,-1.0,0.45604685255927385,-1.6583393639424209,3.047035665471703,-1.0082804974339725,0.45604685255927385,0.008826951591794743,0.9740939824903462,0.01707906591785921,0.008826951591794743,0.9740939824903462,0.01707906591785921,0.9740939824903462,0.008826951591794743,-0.9570149165724869,2,2,0.256,670.0,1.0143475160002708,0.9920294334782974,-0.4420294334782974
28,28,categorical_soft,1,1,True,0.15346409575472014,0.0,0.0,0.8465359210968018,0.15346409380435944,2,-0.6930718272924423,0.36912337254516336,-2.090463647616942,2.265841969211521,0.15464315265229803,0.36912337254516336,0.01132756513754176,0.8817704794225009,0.10690195543995751,0.01132756513754176,0.8817704794225009,0.10690195543995751,0.8817704794225009,0.01132756513754176,-0.7748685239825434,2,2,0.256,700.0,0.6205295249819756,0.945465008707168,-0.39546500870716794
29,29,categorical_soft,1,1,False,0.0,0.0,0.0,1.0,0.0,2,-1.0,0.3952850426631339,-1.5549835478310323,3.9690050660611,-1.6954735342644245,0.3952850426631339,0.0039652347180120255,0.9925520068666269,0.0034827584153610024,0.0039652347180120255,0.9925520068666269,0.0034827584153610024,0.9925520068666269,0.0039652347180120255,-0.9890692484512659,2,2,0.128,1110.0,0.8874989934265614,0.9751635105383551,-0.4251635105383551
30,30,categorical_soft,0,0,True,0.1382362113566537,0.0,0.8617637753486633,0.0,0.13823620975017548,1,-0.7235275655984879,0.422177986089156,5.623488861312501,-3.6564108353439764,-0.05568842118911048,0.422177986089156,0.9963790473384291,9.408291445969086e-05,0.0035268697471112303,0.9963790473384291,9.408291445969086e-05,0.0035268697471112303,0.9963790473384291,9.408291445969086e-05,-0.9928521775913178,1,1,0.512,1100.0,1.502898057922721,0.9987780266649418,-0.4487780266649417
31,31,categorical_soft,1,1,True,0.1981886021193041,0.0,0.0,0.8018113970756531,0.19818860292434692,2,-0.6036227941513062,0.31587465808133336,2.382916575501341,-1.8304696673972942,0.5307799479745013,0.31587465808133336,0.8531693384623203,0.012708577688952245,0.13412208384872742,0.8531693384623203,0.012708577688952245,0.13412208384872742,0.012708577688952245,0.8531693384623203,0.12141350615977518,1,1,0.0,1080.0,0.4783298671245575,0.8450161845023628,-0.2950161845023628
32,32,categorical_soft,1,1,True,0.15878169880904897,0.0,0.0,0.8412182927131653,0.15878169238567352,2,-0.6824366003274918,0.3075235502295303,-3.196486571394824,2.542992720092765,1.001433051278819,0.3075235502295303,0.0026419965833362332,0.8214140388869338,0.17594396452973002,0.0026419965833362332,0.8214140388869338,0.17594396452973002,0.8214140388869338,0.0026419965833362332,-0.6454700743572037,2,2,0.512,1110.0,0.6674912087619305,0.930169693553761,-0.38016969355376096
33,33,categorical_soft,1,1,True,0.15452912015120251,0.0,0.0,0.8454709053039551,0.1545291244983673,2,-0.6909417808055878,0.3494514414452988,-1.8663532800205012,1.3951430828131262,0.5909524011324806,0.3494514414452988,0.025790580730662788,0.672924270438835,0.3012851488305022,0.025790580730662788,0.672924270438835,0.3012851488305022,0.672924270438835,0.025790580730662788,-0.37163912160833273,2,2,0.256,590.0,0.5813465155661106,0.9422921797796965,-0.39229217977969644
34,34,categorical_soft,1,1,True,0.1659572057517602,0.0,0.0,0.8340427875518799,0.16595721244812012,2,-0.6680855751037598,0.32221292292420445,-2.7474004731488906,1.966890893883614,1.0005969717389505,0.32221292292420445,0.006450925379699724,0.7194924883324951,0.2740565862878052,0.006450925379699724,0.7194924883324951,0.2740565862878052,0.7194924883324951,0.006450925379699724,-0.4454359020446899,2,2,0.512,980.0,0.5830800868570805,0.9114341793520553,-0.36143417935205524
35,35,categorical_soft,1,1,False,0.0,0.0,0.0,1.0,0.0,2,-1.0,0.45314786278349367,-1.7429071547897792,3.1266737761926224,-0.9876678132805663,0.45314786278349367,0.007508035331809433,0.9763556855025314,0.01613627916565924,0.007508035331809433,0.9763556855025314,0.01613627916565924,0.9763556855025314,0.007508035331809433,-0.9602194063368721,2,2,0.256,740.0,0.983464740216732,0.9899279505458738,-0.43992795054587375
36,36,categorical_soft,0,0,True,0.2756396611169857,0.0,0.7243603467941284,0.0,0.2756396532058716,1,-0.44872069358825684,0.3544051727259378,-0.1797033684589949,-0.06338044392410044,0.32835071648902336,0.3544051727259378,0.26414913020564185,0.2968170296184988,0.43903384017585945,0.26414913020564185,0.2968170296184988,0.43903384017585945,0.26414913020564185,0.2968170296184988,0.1748847099702176,3,3,0.0,910.0,0.30457280576229095,0.7402439727377856,-0.1902439727377856
37,37,categorical_soft,1,1,True,0.5000959869728804,0.0,0.0,0.49990400671958923,0.5000959634780884,3,0.0001919567584991455,0.3340568485256306,1.156421893956542,-0.699273246697564,0.33245689897065456,0.3340568485256306,0.626575801313885,0.09822670308267628,0.27519749560343865,0.626575801313885,0.09822670308267628,0.27519749560343865,0.09822670308267628,0.626575801313885,0.17697079252076237,1,1,0.0,530.0,0.03898046910762787,0.549928009768958,7.199023104209612e-05
38,38,categorical_soft,0,0,True,0.13969023630715088,0.0,0.8603097796440125,0.0,0.13969023525714874,1,-0.7206195443868637,0.3023482173818141,2.0340184649995363,-1.6160455790840849,0.5752411175415354,0.3023482173818141,0.7944795919071994,0.020764471475329473,0.1847559366174712,0.7944795919071994,0.020764471475329473,0.1847559366174712,0.7944795919071994,0.020764471475329473,-0.6097236552897283,1,1,0.128,420.0,0.9765269681811333,0.9928931070173358,-0.44289310701733575
39,39,categorical_soft,1,1,True,0.1427231677156029,0.0,0.0,0.8572768568992615,0.1427231729030609,2,-0.7145536839962006,0.32336911044673716,-2.637588055008552,2.4470096312866336,0.5453006423974254,0.32336911044673716,0.005360238054697592,0.865384362393999,0.12925539955130333,0.005360238054697592,0.865384362393999,0.12925539955130333,0.865384362393999,0.005360238054697592,-0.7361289628426957,2,2,0.256,1000.0,0.9189697876572609,0.9812481310873736,-0.4312481310873736
40,40,categorical_soft,1,1,True,0.1449283766718838,0.0,0.0,0.8550716042518616,0.14492838084697723,2,-0.7101432234048843,0.3184903901722698,-2.8503668015692805,2.4944736731100834,0.6985198533164214,0.3184903901722698,0.004077256607678776,0.8541060632152956,0.14181668017702576,0.004077256607678776,0.8541060632152956,0.14181668017702576,0.8541060632152956,0.004077256607678776,-0.7122893830382698,2,2,0.512,780.0,0.7911144569516182,0.9732614526724147,-0.42326145267241466
41,41,categorical_soft,0,0,False,0.0,0.0,1.0,0.0,0.0,1,-1.0,0.5192600411228143,4.271355625744887,-0.7497684592704095,-2.5277753989910896,0.5192600411228143,0.9922961297657427,0.0065905929507611375,0.0011132772834963297,0.9922961297657427,0.0065905929507611375,0.0011132772834963297,0.9922961297657427,0.0065905929507611375,-0.9911828524822464,1,1,0.128,1110.0,0.8105276525020599,0.9641567331433587,-0.41415673314335866
42,42,categorical_soft,1,1,True,0.18386932635116243,0.0,0.0,0.8161306977272034,0.18386933207511902,2,-0.6322613656520844,0.34920514618502996,-0.14850325854033633,-0.05641004022335409,0.32249474066616307,0.34920514618502996,0.27040578871250587,0.29655192720273965,0.4330422840847546,0.27040578871250587,0.29655192720273965,0.4330422840847546,0.29655192720273965,0.27040578871250587,0.13649035688201494,3,3,0.032,870.0,0.47157008200883865,0.8716904059750423,-0.3216904059750423
43,43,categorical_soft,0,0,False,0.0,0.0,1.0,0.0,0.0,1,-1.0,0.5642190877101204,3.157035747346075,-0.24341522868146992,-2.0501886877629483,0.5642190877101204,0.962473180184238,0.03222715658483364,0.0052996632309281946,0.962473180184238,0.03222715658483364,0.0052996632309281946,0.962473180184238,0.03222715658483364,-0.9571735169533098,1,1,0.064,560.0,0.5961449593305588,0.9479353693958872,-0.39793536939588714
44,44,categorical_soft,0,0,False,0.0,0.0,1.0,0.0,0.0,1,-1.0,0.5248380060214732,4.224018565785082,-0.5564367227548862,-2.6453793259614673,0.5248380060214732,0.9906046885008204,0.00835724297967501,0.001038068519504633,0.9906046885008204,0.00835724297967501,0.001038068519504633,0.9906046885008204,0.00835724297967501,-0.9895666199813158,1,1,0.032,1090.0,0.8813283666968346,0.9750127157054449,-0.42501271570544485
45,45,categorical_soft,0,0,True,0.2042680392286863,0.0,0.7957319617271423,0.0,0.20426803827285767,1,-0.5914639234542847,0.32886285916902547,1.8739095138577295,-1.289836558271339,0.4060750045213057,0.32886285916902547,0.7854861023364592,0.03335497241042267,0.18115892525311805,0.7854861023364592,0.03335497241042267,0.18115892525311805,0.7854861023364592,0.03335497241042267,-0.6043271770833412,1,1,0.064,490.0,0.3179522901773453,0.8346999382675498,-0.2846999382675498
46,46,categorical_soft,0,0,True,0.13885866885625836,0.0,0.8611413240432739,0.0,0.13885867595672607,1,-0.7222826480865479,0.22570984112090936,3.2581163939450732,-3.405763725443215,1.229170252084898,0.22570984112090936,0.8827253239681532,0.0011381353294377611,0.11613654070240904,0.8827253239681532,0.0011381353294377611,0.11613654070240904,0.8827253239681532,0.0011381353294377611,-0.7665887832657441,1,1,0.256,960.0,1.238908588886261,0.9962331804667848,-0.44623318046678473
47,47,categorical_soft,1,1,True,0.1491607895783002,0.0,0.0,0.8508391976356506,0.14916078746318817,2,-0.7016784101724625,0.33635253018230615,-2.2341798389443044,1.596751985208233,0.7837269852011839,0.33635253018230615,0.014796405285586761,0.6823314892265075,0.30287210548790566,0.014796405285586761,0.6823314892265075,0.30287210548790566,0.6823314892265075,0.014796405285586761,-0.3794593837386019,2,2,0.512,580.0,0.6515953863272443,0.9589142773357157,-0.4089142773357156
48,48,categorical_soft,1,1,False,0.0,0.0,0.0,1.0,0.0,2,-1.0,0.3902957062659575,-1.5598453049870884,4.252033011056652,-1.8693015681567888,0.3902957062659575,0.002979609145759659,0.9948085297735346,0.0022118610807057575,0.002979609145759659,0.9948085297735346,0.0022118610807057575,0.9948085297735346,0.002979609145759659,-0.9925966686928288,2,2,0.128,1170.0,0.9544913917779922,0.9806802795219415,-0.43068027952194143
49,49,categorical_soft,1,1,False,0.0,0.0,0.0,1.0,0.0,2,-1.0,0.43822037525542046,-0.4902487319605228,3.2039886238602384,-1.9777610640375343,0.43822037525542046,0.024135586417388884,0.9702825074242618,0.00558190615834934,0.024135586417388884,0.9702825074242618,0.00558190615834934,0.9702825074242618,0.024135586417388884,-0.9647006012659125,2,2,0.128,670.0,0.8650231137871742,0.9835412539954715,-0.4335412539954715
50,50,categorical_soft,0,0,True,0.17652500160833862,0.0,0.8234750032424927,0.0,0.17652499675750732,1,-0.6469500064849854,0.32488142430422096,1.293244347321986,-0.8567541393573379,0.3928024547159709,0.32488142430422096,0.6563932791203886,0.07663331896747563,0.2669734019121358,0.6563932791203886,0.07663331896747563,0.2669734019121358,0.6563932791203886,0.07663331896747563,-0.3894198772082528,1,1,0.032,510.0,0.4125770479440689,0.8869672724728956,-0.3369672724728956
51,51,categorical_soft,1,1,True,0.14994993269699897,0.0,0.0,0.8500500917434692,0.14994993805885315,2,-0.7001001536846161,0.31903561897792937,-2.665293257134743,2.1523863940589756,0.799989532785222,0.31903561897792937,0.006382420187196274,0.7893727260569114,0.20424485375589238,0.006382420187196274,0.7893727260569114,0.20424485375589238,0.7893727260569114,0.006382420187196274,-0.585127872301019,2,2,0.256,1000.0,0.7418664749711752,0.9563678204530032,-0.4063678204530031
52,52,categorical_soft,0,0,True,0.13890481310209313,0.0,0.8610951900482178,0.0,0.13890480995178223,1,-0.7221903800964355,0.2504031185085008,3.133064103332135,-3.1047054220146184,1.0660882576719821,0.2504031185085008,0.8860490724321654,0.0017473739599388346,0.11220355360789583,0.8860490724321654,0.0017473739599388346,0.11220355360789583,0.8860490724321654,0.0017473739599388346,-0.7738455188242696,1,1,0.256,880.0,1.2093748897314072,0.9960460687413807,-0.44604606874138064
53,53,categorical_soft,1,1,True,0.1700814905199407,0.0,0.0,0.8299185037612915,0.1700814962387085,2,-0.659837007522583,0.2779580956426505,-0.48162952751938065,0.4035072714070849,0.32236067979098576,0.2779580956426505,0.17667137237679303,0.4283655607071174,0.3949630669160895,0.17667137237679303,0.4283655607071174,0.3949630669160895,0.4283655607071174,0.17667137237679303,-0.03340249379102789,2,2,0.032,770.0,0.5076670087873936,0.9014911272737932,-0.35149112727379317
54,54,categorical_soft,1,1,False,0.0,0.0,0.0,1.0,0.0,2,-1.0,0.4164135301856054,-0.008549938498107187,3.4867133551095484,-2.482208549430251,0.4164135301856054,0.02937304402533744,0.9680911632332441,0.0025357927414184998,0.02937304402533744,0.9680911632332441,0.0025357927414184998,0.9680911632332441,0.02937304402533744,-0.9655553704918256,2,2,0.064,1070.0,0.7707834392786026,0.9587128420090807,-0.40871284200908065
55,55,categorical_soft,1,1,False,0.0,0.0,0.0,1.0,0.0,2,-1.0,0.3936011078453353,1.0063818126450668,4.179400287020172,-3.6071708169505916,0.3936011078453353,0.040196045175781056,0.9593995581168722,0.0004043967073467743,0.040196045175781056,0.9593995581168722,0.0004043967073467743,0.9593995581168722,0.040196045175781056,-0.9589951614095253,2,2,0.064,1120.0,0.8611905425786972,0.9715009364845482,-0.4215009364845481
56,56,categorical_soft,0,0,False,0.0,0.0,1.0,0.0,0.0,1,-1.0,0.5132496103905462,5.42252671194105,-1.0316629300242404,-3.1322388102828063,0.5132496103905462,0.9982189640506303,0.0015874083750014958,0.0001936275743681906,0.9982189640506303,0.0015874083750014958,0.0001936275743681906,0.9982189640506303,0.0015874083750014958,-0.9980253364762621,1,1,0.512,690.0,0.9768161326646805,0.990199551493082,-0.440199551493082
57,57,categorical_soft,0,0,True,0.15970363701444518,0.0,0.8402963876724243,0.0,0.15970364212989807,1,-0.6805927455425262,0.3232571588916029,1.647155293874055,-1.137893378460414,0.42326132733427313,0.3232571588916029,0.7373764773152827,0.045681776520442224,0.21694174616427514,0.7373764773152827,0.045681776520442224,0.21694174616427514,0.7373764773152827,0.045681776520442224,-0.5204347311510076,1,1,0.064,460.0,0.500236913561821,0.9276486484729601,-0.3776486484729601
58,58,categorical_soft,1,1,True,0.3336827505310743,0.0,0.0,0.6663172245025635,0.33368274569511414,2,-0.33263447880744934,0.33931209072863366,-0.09696614202762685,0.02352535525250308,0.29368376340123026,0.33931209072863366,0.27740873545215494,0.31284734181388074,0.40974392273396437,0.27740873545215494,0.31284734181388074,0.40974392273396437,0.31284734181388074,0.27740873545215494,0.09689658092008363,3,3,0.032,530.0,0.15421375632286072,0.6827785006137393,-0.1327785006137393
59,59,categorical_soft,1,1,False,0.0,0.0,0.0,1.0,0.0,2,-1.0,0.43169331834701297,-0.031315877842096614,2.833192309223007,-1.9631418157866094,0.43169331834701297,0.05350989374730902,0.9385829647915873,0.00790714146110377,0.05350989374730902,0.9385829647915873,0.00790714146110377,0.9385829647915873,0.05350989374730902,-0.9306758233304836,2,2,0.064,870.0,0.7703574150800705,0.9672025823294294,-0.4172025823294293
60,60,categorical_soft,0,0,True,0.13862414130839523,0.0,0.8613758683204651,0.0,0.1386241465806961,1,-0.722751721739769,0.38996442590840996,3.8552991702921693,-3.0260664066126037,0.5878934180697531,0.38996442590840996,0.9617622166577118,0.0009992806861821432,0.03723850265610597,0.9617622166577118,0.0009992806861821432,0.03723850265610597,0.9617622166577118,0.0009992806861821432,-0.9245237140016058,1,1,0.256,1070.0,1.3255500122904778,0.9971874450250001,-0.4471874450250001
61,61,categorical_soft,1,1,False,0.0,0.0,0.0,1.0,0.0,2,-1.0,0.4142802762339727,-2.7332304839845243,3.64371295868139,-0.43732344850610716,0.4142802762339727,0.0016704924119983328,0.9816493068100298,0.016680200777972068,0.0016704924119983328,0.9816493068100298,0.016680200777972068,0.9816493068100298,0.0016704924119983328,-0.9649691060320578,2,2,0.512,870.0,0.9255192875862122,0.9844256769823115,-0.4344256769823115
62,62,categorical_soft,1,1,False,0.0,0.0,0.0,1.0,0.0,2,-1.0,0.5540474151930531,1.5909654934046173,1.1202320532921817,-1.94040829860324,0.5540474151930531,0.6045859899712778,0.37767851299580835,0.017735497032913904,0.6045859899712778,0.37767851299580835,0.017735497032913904,0.37767851299580835,0.6045859899712778,-0.35994301596289446,1,1,0.0,980.0,0.2789652496576309,0.6978387305640433,-0.14783873056404329
63,63,categorical_soft,1,1,True,0.17366902544088542,0.0,0.0,0.8263309597969055,0.1736690253019333,2,-0.6526619344949722,0.29723695573444014,0.5741479307744489,0.8244933280428283,-0.43575961353634185,0.29723695573444014,0.3774567623921876,0.4845271338319641,0.13801610377584825,0.3774567623921876,0.4845271338319641,0.13801610377584825,0.4845271338319641,0.3774567623921876,-0.34651103005611583,2,2,0.032,970.0,0.5385469272732735,0.8932635050298142,-0.3432635050298142
64,64,categorical_soft,1,1,True,0.4901604227321506,0.0,0.0,0.5098395943641663,0.49016043543815613,2,-0.019679158926010132,0.3406310424422632,0.05742683156537337,-0.20587614060836695,0.3664621285596588,0.3406310424422632,0.31954133465258383,0.24544548280949124,0.435013182537925,0.31954133465258383,0.24544548280949124,0.435013182537925,0.24544548280949124,0.31954133465258383,0.18956769972843374,3,3,0.0,840.0,0.12118034064769745,0.5573811719932862,-0.00738117199328614
65,65,categorical_soft,1,1,False,0.0,0.0,0.0,1.0,0.0,2,-1.0,0.5458671270107254,2.2533084208740104,1.0521549842962306,-2.3906190480212537,0.5458671270107254,0.7627954580073533,0.22982965523999127,0.007374886752655474,0.7627954580073533,0.22982965523999127,0.007374886752655474,0.22982965523999127,0.7627954580073533,-0.2224547684873358,1,1,0.0,1090.0,0.4844055473804474,0.8473326432389668,-0.2973326432389668
66,66,categorical_soft,0,0,False,0.0,0.0,1.0,0.0,0.0,1,-1.0,0.534795835797498,6.106533427271961,-1.5255565129309532,-3.1814873834050856,0.534795835797498,0.9994158621667095,0.0004911137812990991,9.302405199143328e-05,0.9994158621667095,0.0004911137812990991,9.302405199143328e-05,0.9994158621667095,0.0004911137812990991,-0.9993228381147181,1,1,0.512,890.0,1.2261307686567307,0.9963133969089378,-0.4463133969089378
67,67,categorical_soft,1,1,False,0.0,0.0,0.0,1.0,0.0,2,-1.0,0.3854232127206686,-1.643030750533081,4.429281126574145,-1.9223702604625263,0.3854232127206686,0.0022991352102523866,0.9959418462372247,0.0017590185525230648,0.0022991352102523866,0.9959418462372247,0.0017590185525230648,0.9959418462372247,0.0022991352102523866,-0.9941828276847017,2,2,0.128,1100.0,0.8749115876853466,0.9739286109917756,-0.4239286109917756
68,68,categorical_soft,1,1,False,0.0,0.0,0.0,1.0,0.0,2,-1.0,0.4022162927222279,-1.5555219735668349,3.7606848482361124,-1.561785375270689,0.4022162927222279,0.004869516707070165,0.9902405927888636,0.0048898905040663295,0.004869516707070165,0.9902405927888636,0.0048898905040663295,0.9902405927888636,0.004869516707070165,-0.9853507022847973,2,2,0.128,960.0,0.9685422331094742,0.9859270080561116,-0.4359270080561115
69,69,categorical_soft,0,0,False,0.0,0.0,1.0,0.0,0.0,1,-1.0,0.5437797995244754,3.689257829391754,-0.4977869602138301,-2.2763048637448997,0.5437797995244754,0.9824705002856919,0.01499062195729052,0.002538877757017451,0.9824705002856919,0.01499062195729052,0.002538877757017451,0.9824705002856919,0.01499062195729052,-0.9799316225286745,1,1,0.128,720.0,0.8523540496826172,0.9814357017170758,-0.4314357017170758
70,70,categorical_soft,0,0,False,0.0,0.0,1.0,0.0,0.0,1,-1.0,0.55008193687006,1.4853525547941824,1.0679812515355143,-1.8176026638437865,0.55008193687006,0.5897109210663546,0.38855302624012744,0.02173605269351799,0.5897109210663546,0.38855302624012744,0.02173605269351799,0.5897109210663546,0.38855302624012744,-0.5679748683728366,1,1,0.0,720.0,0.44834649562835693,0.8789702181222038,-0.32897021812220373
71,71,categorical_soft,0,0,False,0.0,0.0,1.0,0.0,0.0,1,-1.0,0.5461406032928147,3.6648147300196405,-0.3974138433401403,-2.328880192473774,0.5461406032928147,0.980585955599652,0.016950740976929807,0.0024633034234181513,0.980585955599652,0.016950740976929807,0.0024633034234181513,0.980585955599652,0.016950740976929807,-0.9781226521762338,1,1,0.032,780.0,0.8637105077505112,0.981132042637916,-0.43113204263791594
72,72,categorical_soft,1,1,False,0.0,0.0,0.0,1.0,0.0,2,-1.0,0.42070488318340954,-0.3773021299858928,4.144307511114246,-2.705264893635481,0.42070488318340954,0.010744355394279181,0.9881773389740802,0.0010783056316406318,0.010744355394279181,0.9881773389740802,0.0010783056316406318,0.9881773389740802,0.010744355394279181,-0.9870990333424395,2,2,0.064,1100.0,0.8855261914432049,0.9752206615559437,-0.4252206615559436
73,73,categorical_soft,1,1,True,0.22352256546050314,0.0,0.0,0.7764774560928345,0.22352255880832672,2,-0.5529548972845078,0.33659987666345004,0.6452933263496341,-0.02646323762711813,0.04604168190570833,0.33659987666345004,0.48426649047402776,0.24775055679233823,0.26798295273363426,0.48426649047402776,0.24775055679233823,0.26798295273363426,0.24775055679233823,0.48426649047402776,0.020232395941296027,1,1,0.032,1070.0,0.41934990882873535,0.805071285281604,-0.25507128528160394
74,74,categorical_soft,1,1,False,0.0,0.0,0.0,1.0,0.0,2,-1.0,0.456961531620468,-1.0737630842581145,2.7870492739908697,-1.2868616272605709,0.456961531620468,0.020299487252433947,0.9631132864721039,0.016587226275462094,0.020299487252433947,0.9631132864721039,0.016587226275462094,0.9631132864721039,0.020299487252433947,-0.9465260601966419,2,2,0.256,470.0,0.750457413494587,0.9774343798942589,-0.4274343798942588
75,75,categorical_soft,0,0,True,0.13853784026948351,0.0,0.8614621758460999,0.0,0.13853783905506134,1,-0.7229243367910385,0.24125372248497534,5.654993946339158,-5.96983767736184,1.8186456410066925,0.24125372248497534,0.9788211796397299,8.935110951141432e-06,0.02116988524931906,0.9788211796397299,8.935110951141432e-06,0.02116988524931906,0.9788211796397299,8.935110951141432e-06,-0.9576512943904109,1,1,0.512,1130.0,1.367600105702877,0.9975399784909955,-0.44753997849099547
76,76,categorical_soft,1,1,False,0.0,0.0,0.0,1.0,0.0,2,-1.0,0.41989842309785413,-1.1684351182501689,3.467052449924595,-1.6446230169724156,0.41989842309785413,0.009559323816916359,0.9844313058643183,0.006009370318765407,0.009559323816916359,0.9844313058643183,0.006009370318765407,0.9844313058643183,0.009559323816916359,-0.9784219355455529,2,2,0.256,570.0,0.875366348773241,0.9860973961582832,-0.43609739615828313
77,77,categorical_soft,0,0,True,0.2843102796255571,0.0,0.7156897187232971,0.0,0.2843102812767029,1,-0.43137943744659424,0.3570033334184184,-0.13956779815883721,-0.06316263318189966,0.31919005013332535,0.3570033334184184,0.2731211689311094,0.29484387137117113,0.4320349596977195,0.2731211689311094,0.29484387137117113,0.4320349596977195,0.2731211689311094,0.29484387137117113,0.1589137907666101,3,3,0.0,540.0,0.20403078198432922,0.7309183744348664,-0.18091837443486636
78,78,categorical_soft,0,0,False,0.0,0.0,1.0,0.0,0.0,1,-1.0,0.5514035880740442,1.557908798836276,1.0069056636169358,-1.823361703977067,0.5514035880740442,0.6208688307019736,0.3579654221245381,0.021165747173488385,0.6208688307019736,0.3579654221245381,0.021165747173488385,0.6208688307019736,0.3579654221245381,-0.5997030835284852,1,1,0.0,620.0,0.4462731406092644,0.8902290393494401,-0.34022903934944004
79,79,categorical_soft,0,0,False,0.0,0.0,1.0,0.0,0.0,1,-1.0,0.5345891731465856,6.941788568958171,-2.092644077477385,-3.2798658631571174,0.5345891731465856,0.9998419598814617,0.00012150162533177894,3.653849320655107e-05,0.9998419598814617,0.00012150162533177894,3.653849320655107e-05,0.9998419598814617,0.00012150162533177894,-0.9998054213882552,1,1,0.512,1000.0,1.1299725770950317,0.9932690070609597,-0.4432690070609596
80,80,categorical_soft,0,0,False,0.0,0.0,1.0,0.0,0.0,1,-1.0,0.5617120815622696,3.220276975274144,-0.3086851121351707,-2.0517360649008847,0.5617120815622696,0.9665488278063133,0.028461104225551998,0.00499006796813467,0.9665488278063133,0.028461104225551998,0.00499006796813467,0.9665488278063133,0.028461104225551998,-0.9615587598381787,1,1,0.064,800.0,0.7522460445761681,0.9670563502311729,-0.4170563502311728
81,81,categorical_soft,1,1,False,0.0,0.0,0.0,1.0,0.0,2,-1.0,0.5403720384179483,2.032720516534516,0.8468701542204172,-2.0645272068137475,0.5403720384179483,0.7560670428784809,0.23130932434173562,0.012623632779783362,0.7560670428784809,0.23130932434173562,0.012623632779783362,0.23130932434173562,0.7560670428784809,-0.21868569156195225,1,1,0.0,870.0,0.6061205714941025,0.9293726519956671,-0.37937265199566705
82,82,categorical_soft,1,1,True,0.23795408725147604,0.0,0.0,0.7620459198951721,0.23795408010482788,2,-0.5240918397903442,0.3417532757453583,0.6284484386463471,0.01005950772278823,0.02396737548095457,0.3417532757453583,0.47844647907959814,0.258104171478599,0.2634493494418029,0.47844647907959814,0.258104171478599,0.2634493494418029,0.258104171478599,0.47844647907959814,0.00534517796320394,1,1,0.0,890.0,0.35041680932044983,0.7852620969120172,-0.23526209691201716
83,83,categorical_soft,0,0,True,0.36947866635092386,0.0,0.6305213570594788,0.0,0.36947867274284363,1,-0.26104268431663513,0.3266731780448092,0.47886981750875685,0.35089434163533884,-0.12245083592648823,0.3266731780448092,0.41165146686154114,0.3618098692035644,0.22653866393489447,0.41165146686154114,0.3618098692035644,0.22653866393489447,0.41165146686154114,0.3618098692035644,-0.18511280292664667,1,1,0.0,950.0,0.22867665439844131,0.651605641655162,-0.10160564165516195
84,84,categorical_soft,1,1,False,0.0,0.0,0.0,1.0,0.0,2,-1.0,0.5383589324003628,1.4692776468525752,1.4454971134390724,-2.070389980475139,0.5383589324003628,0.49860954967257615,0.48687678507140963,0.014513665256014238,0.49860954967257615,0.48687678507140963,0.014513665256014238,0.48687678507140963,0.49860954967257615,-0.4723631198153954,1,1,0.0,1000.0,0.550745278596878,0.8955086415069909,-0.3455086415069909
85,85,categorical_soft,1,1,False,0.0,0.0,0.0,1.0,0.0,2,-1.0,0.4395587216111155,-2.157137371640288,3.414991981899366,-0.7998847448928723,0.4395587216111155,0.0037375909689946188,0.9816291562726883,0.014633252758317186,0.0037375909689946188,0.9816291562726883,0.014633252758317186,0.9816291562726883,0.0037375909689946188,-0.9669959035143711,2,2,0.256,930.0,0.8126536016352475,0.9712387698232933,-0.4212387698232932
86,86,categorical_soft,0,0,True,0.1401671634825094,0.0,0.8598328232765198,0.0,0.14016716182231903,1,-0.7196656614542007,0.2685382952962697,2.522105394800424,-2.3174643202437784,0.836180388566978,0.2685382952962697,0.8380176884376187,0.006682670845696123,0.155299640716685,0.8380176884376187,0.006682670845696123,0.155299640716685,0.8380176884376187,0.006682670845696123,-0.6827180477209337,1,1,0.128,720.0,1.0018488429486752,0.99100729361372,-0.44100729361371993
87,87,categorical_soft,0,0,True,0.1579737808476096,0.0,0.8420262336730957,0.0,0.1579737812280655,1,-0.6840524524450302,0.345924708503745,1.7645247919614022,-1.0922116019907746,0.30993038515960925,0.345924708503745,0.7742581819594985,0.044668081415044206,0.18107373662545734,0.7742581819594985,0.044668081415044206,0.18107373662545734,0.7742581819594985,0.044668081415044206,-0.5931844453340411,1,1,0.128,440.0,0.5102233439683914,0.9324090586510734,-0.38240905865107333
88,88,categorical_soft,1,1,True,0.15601400032370472,0.0,0.0,0.8439859747886658,0.15601399540901184,2,-0.6879719793796539,0.31651391244566,-1.3934200001514392,2.0566392705448484,-0.09795902332837843,0.31651391244566,0.027688021844273804,0.8711956130938472,0.10111636506187902,0.027688021844273804,0.8711956130938472,0.10111636506187902,0.8711956130938472,0.027688021844273804,-0.7700792480319681,2,2,0.064,920.0,0.6466557011008263,0.9379630827620945,-0.38796308276209446
89,89,categorical_soft,0,0,True,0.13867979422016208,0.0,0.8613201975822449,0.0,0.13867978751659393,1,-0.7226404100656509,0.24548848510340124,3.1244303369000823,-3.0685935935978828,1.0592260232172974,0.24548848510340124,0.8858224797587841,0.0018281532709281596,0.11234936697028763,0.8858224797587841,0.0018281532709281596,0.11234936697028763,0.8858224797587841,0.0018281532709281596,-0.7734731127884965,1,1,0.512,550.0,1.1821235120296478,0.9969605032899925,-0.4469605032899925
90,90,categorical_soft,0,0,False,0.0,0.0,1.0,0.0,0.0,1,-1.0,0.5358576060777759,5.864823651995561,-1.4206912017672866,-3.097319486920202,0.5358576060777759,0.9991775033462664,0.0006936457807328895,0.000128850873000817,0.9991775033462664,0.0006936457807328895,0.000128850873000817,0.9991775033462664,0.0006936457807328895,-0.9990486524732656,1,1,0.512,880.0,1.2769555374979973,0.997160080993963,-0.447160080993963
91,91,categorical_soft,0,0,True,0.1385059640391194,0.0,0.8614940643310547,0.0,0.1385059654712677,1,-0.722988098859787,0.18672117086450507,4.718238341122923,-5.282007865477565,1.8125444403700446,0.18672117086450507,0.9480516736384217,4.3788174298889525e-05,0.05190453818727939,0.9480516736384217,4.3788174298889525e-05,0.05190453818727939,0.9480516736384217,4.3788174298889525e-05,-0.8961471354511423,1,1,0.512,1080.0,1.366443656384945,0.9976703801408602,-0.44767038014086014
92,92,categorical_soft,1,1,False,0.0,0.0,0.0,1.0,0.0,2,-1.0,0.41102284401951544,-1.35844895608438,3.6062839751187616,-1.6038908206957263,0.41102284401951544,0.006901582633991725,0.9876388812878847,0.005459536078123646,0.006901582633991725,0.9876388812878847,0.005459536078123646,0.9876388812878847,0.006901582633991725,-0.982179345209761,2,2,0.256,560.0,0.9402712360024452,0.9899754196958969,-0.4399754196958968
93,93,categorical_soft,0,0,False,0.0,0.0,1.0,0.0,0.0,1,-1.0,0.5139034958372654,5.1657601946707405,-1.010166825095117,-2.962815553513685,0.5139034958372654,0.9976096504909278,0.0020940828474979886,0.0002962666615745089,0.9976096504909278,0.0020940828474979886,0.0002962666615745089,0.9976096504909278,0.0020940828474979886,-0.9973133838293532,1,1,0.256,1010.0,0.89406618475914,0.9786080040410493,-0.42860800404104926
94,94,categorical_soft,0,0,False,0.0,0.0,1.0,0.0,0.0,1,-1.0,0.5552726698462701,3.3019350932497673,-0.03176267681895371,-2.316973754545003,0.5552726698462701,0.9620370962653316,0.034454090060559585,0.003508813674108712,0.9620370962653316,0.034454090060559585,0.003508813674108712,0.9620370962653316,0.034454090060559585,-0.9585282825912229,1,1,0.032,1190.0,0.02443823218345642,0.33922723566905744,0.2107727643309426
95,95,categorical_soft,1,1,False,0.0,0.0,0.0,1.0,0.0,2,-1.0,0.471428276350817,-0.6848389018333898,2.429770419394015,-1.259421612962927,0.471428276350817,0.04152229455015379,0.934758830814747,0.02371887463509926,0.04152229455015379,0.934758830814747,0.02371887463509926,0.934758830814747,0.04152229455015379,-0.9110399561796477,2,2,0.128,600.0,0.7799523025751114,0.9771726121679656,-0.42717261216796554
96,96,categorical_soft,1,1,False,0.0,0.0,0.0,1.0,0.0,2,-1.0,0.4478786980960682,-0.317777809133302,2.7938900668184674,-1.7660507271386667,0.4478786980960682,0.042205619797125324,0.9476577610311269,0.010136619171747826,0.042205619797125324,0.9476577610311269,0.010136619171747826,0.9476577610311269,0.042205619797125324,-0.9375211418593791,2,2,0.128,540.0,0.7702847868204117,0.9777200244845375,-0.4277200244845375
97,97,categorical_soft,0,0,False,0.0,0.0,1.0,0.0,0.0,1,-1.0,0.5250335364587023,4.068863063347264,-0.622009678514183,-2.4802858336308615,0.5250335364587023,0.9894418444387775,0.009131429014248883,0.0014267265469735814,0.9894418444387775,0.009131429014248883,0.0014267265469735814,0.9894418444387775,0.009131429014248883,-0.9880151178918039,1,1,0.128,850.0,0.8069951236248016,0.9730954313510861,-0.42309543135108607
98,98,categorical_soft,0,0,False,0.0,0.0,1.0,0.0,0.0,1,-1.0,0.5233401285880148,5.191438837078747,-1.126487635811214,-2.872789237215605,0.5233401285880148,0.9978659874347976,0.0018180941744599308,0.00031591839074267107,0.9978659874347976,0.0018180941744599308,0.00031591839074267107,0.9978659874347976,0.0018180941744599308,-0.997550069044055,1,1,0.256,1130.0,0.940323144197464,0.980270773974937,-0.43027077397493696
99,99,categorical_soft,1,1,False,0.0,0.0,0.0,1.0,0.0,2,-1.0,0.4529468817234766,-1.8679251512686215,3.1638397538685696,-0.8979490778211563,0.4529468817234766,0.006385469470456763,0.9766080062361073,0.017006524293435864,0.006385469470456763,0.9766080062361073,0.017006524293435864,0.9766080062361073,0.006385469470456763,-0.9596014819426715,2,2,0.256,770.0,0.8457882143557072,0.9796723792946275,-0.4296723792946274
100,100,categorical_soft,0,0,True,0.3376142361206555,0.0,0.6623857617378235,0.0,0.3376142382621765,1,-0.324771523475647,0.3298426894003549,1.0331540763908449,-0.6111762183558291,0.32895672929609054,0.3298426894003549,0.5921846347573556,0.11465816321570665,0.29315720202693774,0.5921846347573556,0.11465816321570665,0.29315720202693774,0.5921846347573556,0.11465816321570665,-0.2990274327304179,1,1,0.032,440.0,0.12880773842334747,0.6792309287486062,-0.1292309287486062
101,101,categorical_soft,0,0,False,0.0,0.0,1.0,0.0,0.0,1,-1.0,0.5247633914237749,4.134194736577799,-0.6180558691792108,-2.531074109846206,0.5247633914237749,0.9901341332793031,0.008594417836439537,0.001271448884257276,0.9901341332793031,0.008594417836439537,0.001271448884257276,0.9901341332793031,0.008594417836439537,-0.9888626843950459,1,1,0.128,830.0,0.830107644200325,0.9764743892344655,-0.42647438923446546
102,102,categorical_soft,1,1,False,0.0,0.0,0.0,1.0,0.0,2,-1.0,0.39811856900528186,-3.3838854440136026,3.732109428264972,0.08307390302963849,0.39811856900528186,0.0007910837040909745,0.9737810081387224,0.025427908157186742,0.0007910837040909745,0.9737810081387224,0.025427908157186742,0.9737810081387224,0.0007910837040909745,-0.9483530999815356,2,2,0.512,1170.0,0.895032768137753,0.9742936447438079,-0.4242936447438078
103,103,categorical_soft,0,0,False,0.0,0.0,1.0,0.0,0.0,1,-1.0,0.538585915122438,2.274735098927258,0.9599872244747722,-2.3394916939972266,0.538585915122438,0.7818777863457789,0.2103318914423315,0.007790322211889665,0.7818777863457789,0.2103318914423315,0.007790322211889665,0.7818777863457789,0.2103318914423315,-0.7740874641338892,1,1,0.0,1100.0,0.23338864743709564,0.6150104376710481,-0.06501043767104808
104,104,categorical_soft,1,1,True,0.4096164916586834,0.0,0.0,0.5903835296630859,0.40961650013923645,2,-0.1807670295238495,0.3993185483621714,0.8007951666211011,0.6822287056323197,-0.549739662734737,0.3993185483621714,0.4655624767511082,0.41336696271082163,0.12107056053807011,0.4655624767511082,0.41336696271082163,0.12107056053807011,0.41336696271082163,0.4655624767511082,-0.29229640217275155,1,1,0.032,540.0,0.09940434992313385,0.618978002070126,-0.06897800207012594
105,105,categorical_soft,1,1,True,0.18887130337457675,0.0,0.0,0.8111286759376526,0.18887130916118622,2,-0.6222573667764664,0.36322201086143313,-1.0128905077880213,0.530965855108973,0.4940127306833645,0.36322201086143313,0.09800200181074452,0.4593118227255631,0.44268617546369243,0.09800200181074452,0.4593118227255631,0.44268617546369243,0.4593118227255631,0.09800200181074452,-0.016625647261870657,2,2,0.064,550.0,0.3758755214512348,0.8619496191417857,-0.31194961914178565
106,106,categorical_soft,1,1,False,0.0,0.0,0.0,1.0,0.0,2,-1.0,0.46678381164082045,0.6172280190517434,1.9913548015705023,-1.748658456676722,0.46678381164082045,0.19819654209009321,0.7830159595477177,0.01878749836218899,0.19819654209009321,0.7830159595477177,0.01878749836218899,0.7830159595477177,0.19819654209009321,-0.7642284611855288,2,2,0.064,500.0,0.7896378748118877,0.9806371703308566,-0.4306371703308566
107,107,categorical_soft,0,0,False,0.0,0.0,1.0,0.0,0.0,1,-1.0,0.5187871745518844,4.3616687889435575,-0.6629570926228073,-2.6686318181629742,0.5187871745518844,0.9925505436356035,0.006564756567750169,0.000884699796646315,0.9925505436356035,0.006564756567750169,0.000884699796646315,0.9925505436356035,0.006564756567750169,-0.9916658438389572,1,1,0.064,1090.0,0.6760236322879791,0.9343389584901522,-0.3843389584901522
108,108,categorical_soft,1,1,False,0.0,0.0,0.0,1.0,0.0,2,-1.0,0.42184372512885704,-1.6044282852012373,3.4764776817088467,-1.3357573276735508,0.42184372512885704,0.0061342439521433895,0.9857580884031784,0.00810766764467837,0.0061342439521433895,0.9857580884031784,0.00810766764467837,0.9857580884031784,0.0061342439521433895,-0.9776504207585,2,2,0.512,420.0,0.9626827612519264,0.9923966606535153,-0.44239666065351524
109,109,categorical_soft,0,0,True,0.13903218305788395,0.0,0.8609678149223328,0.0,0.13903218507766724,1,-0.7219356298446655,0.4187877810298845,3.764616143482212,-2.581146065354496,0.28342644275006357,0.4187877810298845,0.9678524213879818,0.0017171281998654767,0.03043045041215282,0.9678524213879818,0.0017171281998654767,0.03043045041215282,0.9678524213879818,0.0017171281998654767,-0.9374219709758289,1,1,0.256,1090.0,1.2358582559973001,0.9955306831056581,-0.445530683105658
110,110,categorical_soft,1,1,False,0.0,0.0,0.0,1.0,0.0,2,-1.0,0.5106905578455121,1.1179915467452446,1.4548376877697542,-1.7808029230728792,0.5106905578455121,0.4072099000462163,0.570225851314783,0.022564248639000833,0.4072099000462163,0.570225851314783,0.022564248639000833,0.570225851314783,0.4072099000462163,-0.5476616026757821,2,2,0.032,490.0,0.6406727135181427,0.9610210045554824,-0.4110210045554824
111,111,categorical_soft,1,1,False,0.0,0.0,0.0,1.0,0.0,2,-1.0,0.48140378122349203,0.5228403210320225,1.7996953317912918,-1.5369084089112883,0.48140378122349203,0.21216357712971376,0.7605240175892167,0.027312405281069686,0.21216357712971376,0.7605240175892167,0.027312405281069686,0.7605240175892167,0.21216357712971376,-0.733211612308147,2,2,0.032,600.0,0.29688987880945206,0.7995060550026047,-0.2495060550026047
112,112,categorical_soft,1,1,True,0.1814254125808215,0.0,0.0,0.8185746073722839,0.18142540752887726,2,-0.6371491998434067,0.3268029972025122,-1.76943731366676,1.66031709948621,0.4210354023902424,0.3268029972025122,0.024505998744386255,0.7563852967089175,0.21910870454669631,0.024505998744386255,0.7563852967089175,0.21910870454669631,0.7563852967089175,0.024505998744386255,-0.5372765921622212,2,2,0.064,1090.0,0.5347029687836766,0.8766373137828818,-0.32663731378288174
113,113,categorical_soft,0,0,False,0.0,0.0,1.0,0.0,0.0,1,-1.0,0.5535045529046895,3.454457474436205,-0.42686168885094966,-2.1463322691420865,0.5535045529046895,0.9761566668681885,0.020212363500088454,0.0036309696317232097,0.9761566668681885,0.020212363500088454,0.0036309696317232097,0.9761566668681885,0.020212363500088454,-0.9725256972364653,1,1,0.128,740.0,0.859238401055336,0.9816118736481374,-0.43161187364813736
114,114,categorical_soft,0,0,True,0.1397140909595591,0.0,0.8602859377861023,0.0,0.1397140920162201,1,-0.7205718457698822,0.3411386308826116,2.7782739943550583,-2.1741566740898697,0.5587017538159454,0.3411386308826116,0.895770133493043,0.006382216748196011,0.09784764975876076,0.895770133493043,0.006382216748196011,0.09784764975876076,0.895770133493043,0.006382216748196011,-0.7979224837342822,1,1,0.128,1110.0,1.143107857555151,0.992798274687235,-0.442798274687235
115,115,categorical_soft,0,0,False,0.0,0.0,1.0,0.0,0.0,1,-1.0,0.5557027264926511,3.3505158954498127,-0.4364713684656329,-2.061814438786951,0.5557027264926511,0.9734820308405796,0.022146860368198348,0.004371108791222005,0.9734820308405796,0.022146860368198348,0.004371108791222005,0.9734820308405796,0.022146860368198348,-0.9691109220493576,1,1,0.256,400.0,0.8786294907331467,0.9888229953165317,-0.4388229953165317
116,116,categorical_soft,0,0,True,0.13828874431963267,0.0,0.8617112636566162,0.0,0.13828875124454498,1,-0.7234225124120712,0.3709326049950117,3.372269142401197,-2.6052932233813975,0.5572629706963816,0.3709326049950117,0.9406697556398681,0.002410922884468005,0.05691932147566396,0.9406697556398681,0.002410922884468005,0.05691932147566396,0.9406697556398681,0.002410922884468005,-0.8837504341642042,1,1,0.512,690.0,1.3690884998068213,0.9985617374980715,-0.4485617374980715
117,117,categorical_soft,1,1,True,0.3776829839284971,0.0,0.0,0.6223170161247253,0.37768298387527466,2,-0.24463403224945068,0.27531026761279875,0.2811032826193762,0.4384426804122957,-0.030137580267623486,0.27531026761279875,0.3445362047018011,0.40263523525251266,0.2528285600456862,0.3445362047018011,0.40263523525251266,0.2528285600456862,0.40263523525251266,0.3445362047018011,-0.14980667520682645,2,2,0.032,1090.0,0.25692538917064667,0.6447691894907673,-0.09476918949076729
118,118,categorical_soft,0,0,False,0.0,0.0,1.0,0.0,0.0,1,-1.0,0.5488512094297182,1.4567560516926554,1.1544825834376986,-1.8583995397335993,0.5488512094297182,0.5631859886184164,0.4163107188686596,0.020503292512924026,0.5631859886184164,0.4163107188686596,0.020503292512924026,0.5631859886184164,0.4163107188686596,-0.5426826961054924,1,1,0.0,530.0,0.14550048112869263,0.6734340588596291,-0.1234340588596291
119,119,categorical_soft,1,1,False,0.0,0.0,0.0,1.0,0.0,2,-1.0,0.5101209330881605,1.4307239424384115,1.7663220223683678,-2.258261731039574,0.5101209330881605,0.41260545940737714,0.5770273525301669,0.010367188062455995,0.41260545940737714,0.5770273525301669,0.010367188062455995,0.5770273525301669,0.41260545940737714,-0.566660164467711,2,2,0.032,1020.0,0.7461745217442513,0.9562448127595157,-0.4062448127595156
120,120,categorical_soft,0,0,False,0.0,0.0,1.0,0.0,0.0,1,-1.0,0.524845350153597,4.284394304942066,-0.5403992046533539,-2.701087206116865,0.524845350153597,0.9910760116664784,0.007999032762740242,0.0009249555707813887,0.9910760116664784,0.007999032762740242,0.0009249555707813887,0.9910760116664784,0.007999032762740242,-0.990151056095697,1,1,0.064,1140.0,0.8811020478606224,0.9734726540334536,-0.4234726540334536
121,121,categorical_soft,1,1,False,0.0,0.0,0.0,1.0,0.0,2,-1.0,0.5323421910412569,1.3994429502641954,1.4201716149117034,-1.9956006413959546,0.5323421910412569,0.4867257431807177,0.49689797821261106,0.01637627860667131,0.4867257431807177,0.49689797821261106,0.01637627860667131,0.49689797821261106,0.4867257431807177,-0.48052169960593977,2,2,0.032,1030.0,0.44420781126245856,0.8304270220552399,-0.28042702205523984
122,122,categorical_soft,0,0,False,0.0,0.0,1.0,0.0,0.0,1,-1.0,0.5659048515802827,3.0371386460349887,-0.13955954955047764,-2.037154023870344,0.5659048515802827,0.954051125564835,0.03995208230863266,0.005996792126532325,0.954051125564835,0.03995208230863266,0.005996792126532325,0.954051125564835,0.03995208230863266,-0.9480543334383026,1,1,0.032,770.0,0.5590284466743469,0.921742720182926,-0.371742720182926
123,123,categorical_soft,1,1,False,0.0,0.0,0.0,1.0,0.0,2,-1.0,0.4610492172108055,1.041222230219009,2.2810421611420284,-2.2953894046457965,0.4610492172108055,0.22272905195804832,0.7692821286826399,0.007988819359311656,0.22272905195804832,0.7692821286826399,0.007988819359311656,0.7692821286826399,0.22272905195804832,-0.7612933093233283,2,2,0.064,970.0,0.8382994756102562,0.9733338173655368,-0.42333381736553677
124,124,categorical_soft,1,1,False,0.0,0.0,0.0,1.0,0.0,2,-1.0,0.45623592399708357,0.950998946886981,2.3116894174094305,-2.245035877367698,0.45623592399708357,0.20247385846073196,0.7891652346046889,0.008360906934579197,0.20247385846073196,0.7891652346046889,0.008360906934579197,0.7891652346046889,0.20247385846073196,-0.7808043276701097,2,2,0.064,900.0,0.7135881632566452,0.9555940568279244,-0.4055940568279244
125,125,categorical_soft,1,1,True,0.5794127886650615,0.0,0.0,0.4205872118473053,0.5794128179550171,3,0.1588256061077118,0.35040146940116096,0.3592500986035915,-0.3519566488094306,0.3728853257455539,0.35040146940116096,0.39924173156212095,0.196024571415457,0.40473369702242207,0.39924173156212095,0.196024571415457,0.40473369702242207,0.196024571415457,0.39924173156212095,0.20870912560696506,3,3,0.0,630.0,0.014298170804977417,0.489638852732902,0.06036114726709807
126,126,categorical_soft,0,0,False,0.0,0.0,1.0,0.0,0.0,1,-1.0,0.565200753476287,3.170721901704483,-0.29868436535487897,-2.0187941983699758,0.565200753476287,0.9644530081117011,0.03014048566850323,0.005406506219795498,0.9644530081117011,0.03014048566850323,0.005406506219795498,0.9644530081117011,0.03014048566850323,-0.9590465018919055,1,1,0.064,710.0,0.7786474227905273,0.9738569134677411,-0.423856913467741
127,127,categorical_soft,1,1,True,0.14917704361324657,0.0,0.0,0.8508229851722717,0.14917704463005066,2,-0.7016459405422211,0.3424333812177724,-2.1869264691960355,2.1164213209245166,0.3537889377087147,0.3424333812177724,0.011418668681314218,0.8437365173156346,0.1448448140030511,0.011418668681314218,0.8437365173156346,0.1448448140030511,0.8437365173156346,0.011418668681314218,-0.6988917033125834,2,2,0.256,800.0,0.7053017374128103,0.9588614438144833,-0.4088614438144833
128,128,categorical_soft,0,0,False,0.0,0.0,1.0,0.0,0.0,1,-1.0,0.5166624917484213,4.4695460296749925,-0.788460879879779,-2.643595566233697,0.5166624917484213,0.9939730036825359,0.005212302049269692,0.0008146942681943076,0.9939730036825359,0.005212302049269692,0.0008146942681943076,0.9939730036825359,0.005212302049269692,-0.9931583094143416,1,1,0.256,810.0,0.9328049719333649,0.9859995425646517,-0.4359995425646517
129,129,categorical_soft,1,1,False,0.0,0.0,0.0,1.0,0.0,2,-1.0,0.5276689496222129,1.3511948992915372,1.4111275670805623,-1.949632548582797,0.5276689496222129,0.47648929968013504,0.5058894751621836,0.017621225157681192,0.47648929968013504,0.5058894751621836,0.017621225157681192,0.5058894751621836,0.47648929968013504,-0.48826825000450247,2,2,0.0,740.0,0.4401589300541673,0.8719570289551434,-0.32195702895514333
130,130,categorical_soft,0,0,True,0.13932300532074077,0.0,0.8606770038604736,0.0,0.13932301104068756,1,-0.7213539928197861,0.2666239990315623,2.8843944439723046,-2.7258024172738495,0.9229730985473802,0.2666239990315623,0.8737867973523207,0.003225353720579826,0.12298784892709969,0.8737867973523207,0.003225353720579826,0.12298784892709969,0.8737867973523207,0.003225353720579826,-0.750798948425221,1,1,0.256,760.0,1.1072956509888172,0.9943598641772323,-0.4443598641772323
131,131,categorical_soft,1,1,True,0.26710387641292066,0.0,0.0,0.7328961491584778,0.2671038806438446,2,-0.4657922685146332,0.37020591176282347,-0.10322396869447001,-0.1456031173104531,0.34413519306937423,0.37020591176282347,0.28387985550670536,0.27216858018681456,0.44395156430648014,0.28387985550670536,0.27216858018681456,0.44395156430648014,0.27216858018681456,0.28387985550670536,0.17178298411966558,3,3,0.0,450.0,0.20189611613750458,0.7497536010137897,-0.1997536010137897
132,132,categorical_soft,1,1,True,0.1942978501231068,0.0,0.0,0.8057021498680115,0.19429785013198853,2,-0.611404299736023,0.33847005693913484,0.3504682539062973,0.4570851321714179,-0.10476295924513927,0.33847005693913484,0.36417171106629903,0.40454518399728123,0.23128310493641976,0.36417171106629903,0.40454518399728123,0.23128310493641976,0.40454518399728123,0.36417171106629903,-0.17326207906086147,2,2,0.0,450.0,0.33466777577996254,0.8519102310008333,-0.30191023100083325
133,133,categorical_soft,1,1,True,0.1479900162383735,0.0,0.0,0.8520100116729736,0.14799001812934875,2,-0.7040199935436249,0.32816711954019406,-2.774580420807478,2.772923557806094,0.4312535982778661,0.32816711954019406,0.003544774231212569,0.9090168584012636,0.08743836736752379,0.003544774231212569,0.9090168584012636,0.08743836736752379,0.9090168584012636,0.003544774231212569,-0.8215784910337398,2,2,0.256,1060.0,0.7902041841298342,0.9627634908850646,-0.4127634908850646
134,134,categorical_soft,1,1,False,0.0,0.0,0.0,1.0,0.0,2,-1.0,0.4236869355319019,-1.850989223476796,3.6102146069037806,-1.2152858760654865,0.4236869355319019,0.004203250421331729,0.9877809402125296,0.008015809366138792,0.004203250421331729,0.9877809402125296,0.008015809366138792,0.9877809402125296,0.004203250421331729,-0.9797651308463908,2,2,0.512,420.0,0.9185963869094849,0.9905750027375144,-0.4405750027375144
135,135,categorical_soft,1,1,False,0.0,0.0,0.0,1.0,0.0,2,-1.0,0.4414479852351045,-0.37020126807804565,3.004493445744214,-1.8987487413295245,0.4414479852351045,0.03286246973932034,0.9598420163019391,0.007295513958740366,0.03286246973932034,0.9598420163019391,0.007295513958740366,0.9598420163019391,0.03286246973932034,-0.9525465023431987,2,2,0.128,550.0,0.8471453636884689,0.9844363066557632,-0.43443630665576316
136,136,categorical_soft,1,1,False,0.0,0.0,0.0,1.0,0.0,2,-1.0,0.4254779620911604,0.12044871728828702,2.7347635644511232,-1.973343600516048,0.4254779620911604,0.06764658421681136,0.9238692990098603,0.008484116773328304,0.06764658421681136,0.9238692990098603,0.008484116773328304,0.9238692990098603,0.06764658421681136,-0.915385182236532,2,2,0.064,710.0,0.8296653404831886,0.9795348113878266,-0.42953481138782657
137,137,categorical_soft,1,1,False,0.0,0.0,0.0,1.0,0.0,2,-1.0,0.42539679967490046,-2.6852686660103897,3.4742764290238837,-0.3759121747005236,0.42539679967490046,0.002066282710597865,0.9770194118460995,0.020914305443302583,0.002066282710597865,0.9770194118460995,0.020914305443302583,0.9770194118460995,0.002066282710597865,-0.956105106402797,2,2,0.256,1170.0,0.9370100349187851,0.9789839075363657,-0.4289839075363656
138,138,categorical_soft,0,0,False,0.0,0.0,1.0,0.0,0.0,1,-1.0,0.5399128526783827,3.7356231502703494,-0.5731874539500423,-2.2555377943470396,0.5399128526783827,0.9842203521350846,0.013301597903699244,0.002478049961216192,0.9842203521350846,0.013301597903699244,0.002478049961216192,0.9842203521350846,0.013301597903699244,-0.9817423021738685,1,1,0.256,520.0,0.7035814672708511,0.9700524971125286,-0.42005249711252857
139,139,categorical_soft,0,0,True,0.5633984061695912,0.0,0.43660157918930054,0.0,0.5633984208106995,3,0.12679684162139893,0.343197835575225,-0.08810515646562965,-0.00998189275154676,0.2989370897314288,0.343197835575225,0.28145134506115166,0.3042554297139681,0.4142932252248802,0.28145134506115166,0.3042554297139681,0.4142932252248802,0.28145134506115166,0.3042554297139681,0.13284188016372855,3,3,0.032,550.0,0.004771977663040161,0.5020469266401053,0.04795307335989474
140,140,categorical_soft,0,0,True,0.20074126903059886,0.0,0.7992587089538574,0.0,0.20074127614498138,1,-0.598517432808876,0.3335982865491026,2.2045694085298164,-1.5508010223862474,0.4156408349920855,0.3335982865491026,0.8395664132817782,0.019754607258311508,0.14067897945991042,0.8395664132817782,0.019754607258311508,0.14067897945991042,0.8395664132817782,0.019754607258311508,-0.6988874338218678,1,1,0.032,910.0,0.42986413836479187,0.8406197921304861,-0.29061979213048605
141,141,categorical_soft,0,0,True,0.13822393699639696,0.0,0.8617760539054871,0.0,0.13822393119335175,1,-0.7235521227121353,0.41280273394161454,3.870150348363871,-2.764442248568226,0.36818468579857966,0.41280273394161454,0.9689126569534906,0.0012884443407656775,0.029798898705743693,0.9689126569534906,0.0012884443407656775,0.029798898705743693,0.9689126569534906,0.0012884443407656775,-0.9391137582477469,1,1,0.256,1090.0,1.5090577974915504,0.9988286034420863,-0.4488286034420863
142,142,categorical_soft,0,0,True,0.1386426140440054,0.0,0.8613573908805847,0.0,0.13864260911941528,1,-0.7227147817611694,0.35036028555654797,2.9726466166282526,-2.2822127141722275,0.5407591592244163,0.35036028555654797,0.9143363851483116,0.0048183127081973184,0.08084530214349102,0.9143363851483116,0.0048183127081973184,0.08084530214349102,0.9143363851483116,0.0048183127081973184,-0.8334910830048206,1,1,0.512,520.0,1.1852051876485348,0.9971120824108168,-0.4471120824108168
143,143,categorical_soft,1,1,False,0.0,0.0,0.0,1.0,0.0,2,-1.0,0.4343864841396896,-0.8714269703210984,3.2118650629269565,-1.6929570240976866,0.4343864841396896,0.016461055277687826,0.9761805838344326,0.007358360887879558,0.016461055277687826,0.9761805838344326,0.007358360887879558,0.9761805838344326,0.016461055277687826,-0.9688222229465531,2,2,0.128,820.0,0.8714949004352093,0.9809465115266203,-0.4309465115266202
144,144,categorical_soft,0,0,True,0.6047506896738587,0.0,0.39524930715560913,0.0,0.6047506928443909,3,0.20950138568878174,0.32967701809402733,-0.04693255254316636,0.02609297939331825,0.27830628107060884,0.32967701809402733,0.2891486574383869,0.310833365833294,0.40001797672831907,0.2891486574383869,0.310833365833294,0.40001797672831907,0.2891486574383869,0.310833365833294,0.11086931928993216,3,3,0.0,930.0,0.0715331882238388,0.46956332434263837,0.08043667565736168
145,145,categorical_soft,0,0,False,0.0,0.0,1.0,0.0,0.0,1,-1.0,0.5260072894323734,1.277693618959539,1.3425318038052982,-1.8413333748042657,0.5260072894323734,0.47364584280869193,0.5053399583273285,0.02101419886397964,0.47364584280869193,0.5053399583273285,0.02101419886397964,0.47364584280869193,0.5053399583273285,-0.4526316439447123,2,2,0.0,720.0,0.18114810436964035,0.6614705638313395,-0.11147056383133946
146,146,categorical_soft,1,1,True,0.1519203241885233,0.0,0.0,0.8480796813964844,0.15192031860351562,2,-0.6961593627929688,0.3313431713416657,-0.7849492217815159,0.468402413277098,0.4108346154643491,0.3313431713416657,0.1279887248444986,0.4485258712878674,0.4234854038676339,0.1279887248444986,0.4485258712878674,0.4234854038676339,0.4485258712878674,0.1279887248444986,-0.025040467420233525,2,2,0.032,760.0,0.654623880982399,0.9501698761583731,-0.4001698761583731
147,147,categorical_soft,0,0,True,0.14111425726669852,0.0,0.8588857650756836,0.0,0.1411142498254776,1,-0.717771515250206,0.49196968885710557,2.276671760066152,-0.5711598929527671,-0.49559356936162785,0.49196968885710557,0.8911712863878309,0.051890068342984284,0.056938645269184754,0.8911712863878309,0.051890068342984284,0.056938645269184754,0.8911712863878309,0.051890068342984284,-0.8342326411186461,1,1,0.064,550.0,0.8895179703831673,0.9873244413996682,-0.4373244413996682
148,148,categorical_soft,0,0,False,0.0,0.0,1.0,0.0,0.0,1,-1.0,0.5296352543956534,4.036673110623598,-0.6749396710711741,-2.403800594392085,0.5296352543956534,0.9894613048148223,0.008949314168808236,0.0015893810163695686,0.9894613048148223,0.008949314168808236,0.0015893810163695686,0.9894613048148223,0.008949314168808236,-0.9878719237984528,1,1,0.256,640.0,0.9410156607627869,0.989011461538332,-0.4390114615383319
149,149,categorical_soft,1,1,False,0.0,0.0,0.0,1.0,0.0,2,-1.0,0.41958570377687393,-3.0943981038081723,3.410830702952938,0.029818595657750063,0.41958570377687393,0.0014447941595748222,0.9655655123552991,0.03298969348512609,0.0014447941595748222,0.9655655123552991,0.03298969348512609,0.9655655123552991,0.0014447941595748222,-0.9325758188701729,2,2,0.512,1010.0,0.884843185544014,0.9776384682656628,-0.42763846826566276
150,150,categorical_soft,1,1,True,0.2515553254723077,0.0,0.0,0.748444676399231,0.25155532360076904,2,-0.4968893527984619,0.3333301365355021,0.5376254433656558,0.004950459518353048,0.07307227321451182,0.3333301365355021,0.4503426803335583,0.26460928322694793,0.2850480364394937,0.4503426803335583,0.26460928322694793,0.2850480364394937,0.26460928322694793,0.4503426803335583,0.02043875321254579,1,1,0.0,1140.0,0.39154666662216187,0.76804389163125,-0.21804389163124993
151,151,categorical_soft,1,1,True,0.16508592190326005,0.0,0.0,0.8349140882492065,0.16508592665195465,2,-0.6698281615972519,0.3605416618429225,-1.046342709563298,0.7008921927539004,0.3707502623251126,0.3605416618429225,0.09200356112709632,0.5281950862185745,0.3798013526543293,0.09200356112709632,0.5281950862185745,0.3798013526543293,0.5281950862185745,0.09200356112709632,-0.14839373356424518,2,2,0.064,450.0,0.4585789884440601,0.9136067979112812,-0.36360679791128114
152,152,categorical_soft,0,0,True,0.13982705296845277,0.0,0.8601729273796082,0.0,0.13982705771923065,1,-0.7203458696603775,0.26551408032338514,2.713999430588648,-2.5463100608345663,0.8882578072002605,0.26551408032338514,0.8573509115955422,0.004488951477271947,0.13816013692718582,0.8573509115955422,0.004488951477271947,0.13816013692718582,0.8573509115955422,0.004488951477271947,-0.7191907746683563,1,1,0.256,680.0,1.0252197608351707,0.9923499347600208,-0.4423499347600207
153,153,categorical_soft,1,1,False,0.0,0.0,0.0,1.0,0.0,2,-1.0,0.4439005856878386,-0.3386803173830144,2.907519483465989,-1.8419639725152313,0.4439005856878386,0.03715556475993851,0.9543900313871582,0.008454403852903298,0.03715556475993851,0.9543900313871582,0.008454403852903298,0.9543900313871582,0.03715556475993851,-0.9459356275342549,2,2,0.128,570.0,0.8900863528251648,0.9870548531058613,-0.43705485310586123
154,154,categorical_soft,1,1,True,0.38718682720448966,0.0,0.0,0.6128131747245789,0.38718682527542114,2,-0.22562634944915771,0.38473027498790896,0.15765138885439892,0.042329233612477375,0.17670826049809557,0.38473027498790896,0.3438231200501642,0.3057105921280055,0.3504662878218303,0.3438231200501642,0.3057105921280055,0.3504662878218303,0.3057105921280055,0.3438231200501642,0.044755695693824815,3,3,0.0,420.0,0.08563469350337982,0.6369667935119121,-0.08696679351191205
155,155,categorical_soft,1,1,True,0.6919414839182145,0.0,0.0,0.3080585300922394,0.691941499710083,3,0.38388296961784363,0.3541643546148576,0.2627225098414614,0.0736722102163462,0.12849794770947714,0.3541643546148576,0.3699056907588643,0.30583799704417225,0.3242563121969634,0.3699056907588643,0.30583799704417225,0.3242563121969634,0.30583799704417225,0.3699056907588643,0.01841831515279113,1,1,0.0,1110.0,0.05216918885707855,0.3931617373280032,0.15683826267199685
156,156,categorical_soft,1,1,False,0.0,0.0,0.0,1.0,0.0,2,-1.0,0.42962820756002645,-2.290612541091893,3.5734570716018177,-0.7845352856873014,0.42962820756002645,0.0027990167854980382,0.9844897544091934,0.012711228805308722,0.0027990167854980382,0.9844897544091934,0.012711228805308722,0.9844897544091934,0.0027990167854980382,-0.9717785256038847,2,2,0.512,620.0,1.0369794890284538,0.9932770033740341,-0.4432770033740341
157,157,categorical_soft,0,0,True,0.14246930285070097,0.0,0.8575307130813599,0.0,0.14246930181980133,1,-0.7150614112615585,0.20195855228831042,3.887801505433592,-4.272380439777093,1.5183066489524515,0.20195855228831042,0.9141578236660033,0.0002647658515673857,0.08557741048242923,0.9141578236660033,0.0002647658515673857,0.08557741048242923,0.9141578236660033,0.0002647658515673857,-0.8285804131835741,1,1,0.256,1190.0,0.9762993305921555,0.9821923797642307,-0.43219237976423064
158,158,categorical_soft,0,0,False,0.0,0.0,1.0,0.0,0.0,1,-1.0,0.5641409930577018,3.072755627426182,-0.07959348676917563,-2.1083983703383375,0.5641409930577018,0.9536868405707187,0.040926696268462175,0.005386463160819046,0.9536868405707187,0.040926696268462175,0.005386463160819046,0.9536868405707187,0.040926696268462175,-0.9483003774098997,1,1,0.032,970.0,0.5593879073858261,0.9026409468277098,-0.35264094682770974
159,159,categorical_soft,0,0,True,0.2248344800933998,0.0,0.7751654982566833,0.0,0.22483448684215546,1,-0.5503310114145279,0.3243028952343304,2.3212510784488334,-1.7435112131697381,0.4984958097789852,0.3243028952343304,0.8480336177153859,0.01465177250136141,0.13731460978325286,0.8480336177153859,0.01465177250136141,0.13731460978325286,0.8480336177153859,0.01465177250136141,-0.710719007932133,1,1,0.064,1100.0,0.4242866486310959,0.8031953762369244,-0.25319537623692434
160,160,categorical_soft,0,0,True,0.22324250122744782,0.0,0.7767574787139893,0.0,0.22324250638484955,1,-0.5535149723291397,0.32801839724631693,0.8897730471350267,-0.5273342795994223,0.32484214440111775,0.32801839724631693,0.551892708942884,0.13410788600545906,0.3139994050516569,0.551892708942884,0.13410788600545906,0.3139994050516569,0.551892708942884,0.13410788600545906,-0.2378933038912271,1,1,0.0,570.0,0.29719260334968567,0.8054738559841625,-0.2554738559841625
161,161,categorical_soft,0,0,False,0.0,0.0,1.0,0.0,0.0,1,-1.0,0.5162012574887076,5.583496884250934,-1.115731756545973,-3.1770814261544333,0.5162012574887076,0.9985987660757166,0.0012436117784541197,0.0001576221458292662,0.9985987660757166,0.0012436117784541197,0.0001576221458292662,0.9985987660757166,0.0012436117784541197,-0.9984411439298874,1,1,0.256,1120.0,0.8825294226408005,0.9742646649939778,-0.42426466499397775
162,162,categorical_soft,0,0,False,0.0,0.0,1.0,0.0,0.0,1,-1.0,0.5186188161947397,4.374399879509685,-0.6451882889199345,-2.693019869223277,0.5186188161947397,0.9925503502664661,0.0065969756304555625,0.0008526741030784303,0.9925503502664661,0.0065969756304555625,0.0008526741030784303,0.9925503502664661,0.0065969756304555625,-0.9916976761633877,1,1,0.064,1170.0,0.6937208026647568,0.9337542971450663,-0.38375429714506626
163,163,categorical_soft,0,0,False,0.0,0.0,1.0,0.0,0.0,1,-1.0,0.5261596384611964,4.155157459159886,-0.698849411921817,-2.474993658313695,0.5261596384611964,0.9909077866346528,0.0077754468319008105,0.0013167665334461614,0.9909077866346528,0.0077754468319008105,0.0013167665334461614,0.9909077866346528,0.0077754468319008105,-0.9895910201012067,1,1,0.512,420.0,1.0640278086066246,0.9953650626985455,-0.4453650626985455
164,164,categorical_soft,1,1,True,0.17329589949797325,0.0,0.0,0.8267040848731995,0.17329590022563934,2,-0.6534081846475601,0.35428199649879344,-1.483475964485932,1.4745058454305648,0.2020729846373716,0.35428199649879344,0.039000743556301586,0.7505844783385802,0.21041477810511816,0.039000743556301586,0.7505844783385802,0.21041477810511816,0.7505844783385802,0.039000743556301586,-0.540169700233462,2,2,0.128,630.0,0.45692120492458344,0.8941022071415985,-0.34410220714159845
165,165,categorical_soft,0,0,False,0.0,0.0,1.0,0.0,0.0,1,-1.0,0.5270397199570284,1.7780377017171556,0.5447163881955348,-1.6421501870439605,0.5270397199570284,0.7549207568503516,0.22028104369494952,0.02479819945469882,0.7549207568503516,0.22028104369494952,0.02479819945469882,0.7549207568503516,0.22028104369494952,-0.7301225573956528,1,1,0.032,450.0,0.3405662328004837,0.8555293667070335,-0.30552936670703346
166,166,categorical_soft,1,1,False,0.0,0.0,0.0,1.0,0.0,2,-1.0,0.5595280473179269,1.6381073383086864,1.3991796706384867,-2.179358427240944,0.5595280473179269,0.5526122538377016,0.43521333811450696,0.01217440804779152,0.5526122538377016,0.43521333811450696,0.01217440804779152,0.43521333811450696,0.5526122538377016,-0.42303893006671545,1,1,0.0,790.0,0.5542556680738926,0.918242385703389,-0.36824238570338896
167,167,categorical_soft,0,0,False,0.0,0.0,1.0,0.0,0.0,1,-1.0,0.53297581087344,6.692122169308034,-1.9144524427762764,-3.2594107954049902,0.53297581087344,0.9997660692711922,0.00018604752272223963,4.788320608556068e-05,0.9997660692711922,0.00018604752272223963,4.788320608556068e-05,0.9997660692711922,0.00018604752272223963,-0.9997181860651067,1,1,0.512,960.0,1.1586555764079094,0.9944225634819186,-0.44442256348191855
168,168,categorical_soft,0,0,True,0.13808275097120648,0.0,0.86191725730896,0.0,0.13808275759220123,1,-0.7238344997167587,0.3672837540447238,5.189152652825218,-4.5698865506614545,1.0265017206333593,0.3672837540447238,0.9843681893884666,5.783167460818165e-05,0.01557397893692522,0.9843681893884666,5.783167460818165e-05,0.01557397893692522,0.9843681893884666,5.783167460818165e-05,-0.9687942104515413,1,1,0.512,1150.0,1.6639904230833054,0.9994114755264566,-0.44941147552645655
169,169,categorical_soft,1,1,False,0.0,0.0,0.0,1.0,0.0,2,-1.0,0.43916703989499356,-2.3731087153522656,3.3666461312275167,-0.5829033596931705,0.43916703989499356,0.0031476210465160386,0.9778707414232667,0.018981637530217345,0.0031476210465160386,0.9778707414232667,0.018981637530217345,0.9778707414232667,0.0031476210465160386,-0.9588891038930494,2,2,0.512,630.0,0.9054725877940655,0.987096515143741,-0.4370965151437409
170,170,categorical_soft,1,1,True,0.15469499962109745,0.0,0.0,0.8453050255775452,0.15469500422477722,2,-0.6906100213527679,0.34665055709575743,-1.986988489256,1.493852364613841,0.6159116812559082,0.34665055709575743,0.021274760610620988,0.6912244823891418,0.28750075700023736,0.021274760610620988,0.6912244823891418,0.28750075700023736,0.6912244823891418,0.021274760610620988,-0.40372372538890444,2,2,0.512,400.0,0.5329052275046706,0.941803186065585,-0.39180318606558495
171,171,categorical_soft,1,1,True,0.15684755429634534,0.0,0.0,0.8431524634361267,0.15684755146503448,2,-0.6863049119710922,0.3462454995077394,-1.8311741655543472,1.7832336720515145,0.289948334480849,0.3462454995077394,0.02153149900196104,0.7989194506517734,0.17954905034626556,0.02153149900196104,0.7989194506517734,0.17954905034626556,0.7989194506517734,0.02153149900196104,-0.6193704003055078,2,2,0.128,750.0,0.5967523828148842,0.9355792000910905,-0.3855792000910905
172,172,categorical_soft,0,0,False,0.0,0.0,1.0,0.0,0.0,1,-1.0,0.5525989389063365,3.4307387362363193,-0.4311251565790329,-2.1273564938945824,0.5525989389063365,0.9756160046595059,0.020596790524553307,0.003787204815940695,0.9756160046595059,0.020596790524553307,0.003787204815940695,0.9756160046595059,0.020596790524553307,-0.9718287998435652,1,1,0.064,1000.0,0.7131521999835968,0.9500865290201956,-0.4000865290201956
173,173,categorical_soft,1,1,False,0.0,0.0,0.0,1.0,0.0,2,-1.0,0.4388551809732645,-2.4597210635431614,3.324356225556648,-0.4794057447811578,0.4388551809732645,0.0030023236015739576,0.9751105088254658,0.021887167572960296,0.0030023236015739576,0.9751105088254658,0.021887167572960296,0.9751105088254658,0.0030023236015739576,-0.9532233412525055,2,2,0.512,710.0,0.926895696669817,0.9872083280702392,-0.4372083280702391
174,174,categorical_soft,1,1,False,0.0,0.0,0.0,1.0,0.0,2,-1.0,0.45858458280728237,-0.6504041207210867,2.6544419485654425,-1.4467069886660913,0.45858458280728237,0.03485431740708532,0.9491518129787568,0.01599386961415784,0.03485431740708532,0.9491518129787568,0.01599386961415784,0.9491518129787568,0.03485431740708532,-0.933157943364599,2,2,0.128,510.0,0.8757945969700813,0.9870818102457184,-0.43708181024571835
175,175,categorical_soft,1,1,False,0.0,0.0,0.0,1.0,0.0,2,-1.0,0.5379923930881553,1.3083666866174888,1.0098720636228573,-1.6272485288381984,0.5379923930881553,0.5570450044029147,0.41331198184802653,0.02964301374905881,0.5570450044029147,0.41331198184802653,0.02964301374905881,0.41331198184802653,0.5570450044029147,-0.3836689680989677,1,1,0.032,420.0,0.14259213209152222,0.6989029943655043,-0.14890299436550425
176,176,categorical_soft,0,0,False,0.0,0.0,1.0,0.0,0.0,1,-1.0,0.5351990374386947,4.022142822886922,-0.6747036618300394,-2.383899292937052,0.5351990374386947,0.9892735828607437,0.009081904915249916,0.0016445122240062314,0.9892735828607437,0.009081904915249916,0.0016445122240062314,0.9892735828607437,0.009081904915249916,-0.9876290706367375,1,1,0.512,430.0,0.9890631213784218,0.993234279246882,-0.44323427924688197
177,177,categorical_soft,0,0,True,0.14220901230710697,0.0,0.857791006565094,0.0,0.1422090083360672,1,-0.7155819982290268,0.3225653096608094,2.4218571902117874,-1.8883388841675401,0.5492044226640028,0.3225653096608094,0.8564643263954312,0.011581907952106249,0.1319537656524624,0.8564643263954312,0.011581907952106249,0.1319537656524624,0.8564643263954312,0.011581907952106249,-0.7245105607429688,1,1,0.128,680.0,0.8628118187189102,0.9831660768651947,-0.4331660768651947
178,178,categorical_soft,1,1,False,0.0,0.0,0.0,1.0,0.0,2,-1.0,0.3938380143454934,-3.323975934177548,3.853521213417076,-0.0493837497465265,0.3938380143454934,0.0007482522076006821,0.9794061863931389,0.019845561399260154,0.0007482522076006821,0.9794061863931389,0.019845561399260154,0.9794061863931389,0.0007482522076006821,-0.9595606249938787,2,2,0.512,1100.0,0.9082893161103129,0.9777844890366508,-0.4277844890366508
179,179,categorical_soft,0,0,True,0.2096389923333335,0.0,0.7903609871864319,0.0,0.20963899791240692,1,-0.580721989274025,0.3957422044580209,0.36068148947127987,0.1138532348237183,0.03657716288006355,0.3957422044580209,0.39902065977282986,0.3114032660941414,0.28957607413302877,0.39902065977282986,0.3114032660941414,0.28957607413302877,0.39902065977282986,0.3114032660941414,-0.10944458563980108,1,1,0.0,530.0,0.31519949436187744,0.826003236936907,-0.276003236936907
180,180,categorical_soft,0,0,False,0.0,0.0,1.0,0.0,0.0,1,-1.0,0.5695267613439831,3.009121217066892,-0.1630392770198056,-1.9955668264964221,0.5695267613439831,0.9534679078866075,0.04010724652611554,0.006424845587276962,0.9534679078866075,0.04010724652611554,0.006424845587276962,0.9534679078866075,0.04010724652611554,-0.9470430622993306,1,1,0.032,660.0,0.8083652555942535,0.9786259904641058,-0.42862599046410577
181,181,categorical_soft,1,1,True,0.14796051642241764,0.0,0.0,0.8520394563674927,0.14796051383018494,2,-0.7040789425373077,0.3564257159501735,-2.2393315146140482,2.3754482368292527,0.21541933846124034,0.3564257159501735,0.008813402157469433,0.8886217205599871,0.10256487728254329,0.008813402157469433,0.8886217205599871,0.10256487728254329,0.8886217205599871,0.008813402157469433,-0.7860568432774439,2,2,0.256,780.0,0.7220612280070782,0.9628616094181124,-0.41286160941811234
182,182,categorical_soft,1,1,False,0.0,0.0,0.0,1.0,0.0,2,-1.0,0.5375050555803409,1.34948355544001,1.2127242060956094,-1.8076962249394317,0.5375050555803409,0.5222431811026425,0.4554838740758015,0.022272944821555982,0.5222431811026425,0.4554838740758015,0.022272944821555982,0.4554838740758015,0.5222431811026425,-0.4332109292542455,1,1,0.0,620.0,0.32470835000276566,0.8169446782905361,-0.26694467829053603
183,183,categorical_soft,1,1,False,0.0,0.0,0.0,1.0,0.0,2,-1.0,0.42934880845043066,-1.7623936557939892,3.4703604788949014,-1.198454373324403,0.42934880845043066,0.005268995297925595,0.9853775985823212,0.009353406119753134,0.005268995297925595,0.9853775985823212,0.009353406119753134,0.9853775985823212,0.005268995297925595,-0.9760241924625681,2,2,0.512,440.0,0.9864633828401566,0.9930653685045051,-0.44306536850450506
184,184,categorical_soft,0,0,True,0.14023177311416907,0.0,0.8597682118415833,0.0,0.14023177325725555,1,-0.7195364385843277,0.3129678404523291,2.568280531248883,-2.0914493141555823,0.6198645653098803,0.3129678404523291,0.8677736946888783,0.008278672665761468,0.12394763264536027,0.8677736946888783,0.008278672665761468,0.12394763264536027,0.8677736946888783,0.008278672665761468,-0.7438260620435181,1,1,0.064,1040.0,1.0746464524418116,0.9907534544092869,-0.4407534544092868
185,185,categorical_soft,0,0,False,0.0,0.0,1.0,0.0,0.0,1,-1.0,0.5296495373140088,4.020122034730807,-0.6953511309301497,-2.374036708398226,0.5296495373140088,0.9894198578012066,0.008915839986036608,0.0016643022127568654,0.9894198578012066,0.008915839986036608,0.0016643022127568654,0.9894198578012066,0.008915839986036608,-0.9877555555884497,1,1,0.256,690.0,0.824377030134201,0.9794972389177028,-0.42949723891770275
186,186,categorical_soft,1,1,False,0.0,0.0,0.0,1.0,0.0,2,-1.0,0.426052234306331,-0.06661077871450317,3.1207530484271744,-2.1667142813857083,0.426052234306331,0.039448764131243555,0.9556134652146447,0.004937770654111707,0.039448764131243555,0.9556134652146447,0.004937770654111707,0.9556134652146447,0.039448764131243555,-0.950675694560533,2,2,0.064,780.0,0.8256258368492126,0.9773373939606169,-0.4273373939606169
187,187,categorical_soft,0,0,True,0.14698093772251564,0.0,0.8530190587043762,0.0,0.14698094129562378,1,-0.7060381174087524,0.3376486397957673,2.3818393999111276,-1.7383303985567733,0.4570347257477785,0.3376486397957673,0.8600426521129465,0.014060625567309373,0.12589672231974397,0.8600426521129465,0.014060625567309373,0.12589672231974397,0.8600426521129465,0.014060625567309373,-0.7341459297932025,1,1,0.032,990.0,0.7931640520691872,0.9661522905281389,-0.41615229052813885
188,188,categorical_soft,0,0,True,0.13887839029869398,0.0,0.8611215949058533,0.0,0.13887839019298553,1,-0.7222432047128677,0.2115440296508309,3.9703996067740297,-4.258838715366793,1.4642099410730256,0.2115440296508309,0.9243166818582098,0.000249845602452806,0.07543347253933745,0.9243166818582098,0.000249845602452806,0.07543347253933745,0.9243166818582098,0.000249845602452806,-0.8488832093188724,1,1,0.512,820.0,1.2002649754285812,0.9961531855960688,-0.44615318559606876
189,189,categorical_soft,1,1,True,0.4922808545515101,0.0,0.0,0.5077191591262817,0.49228084087371826,2,-0.015438318252563477,0.30067800131923206,-0.10046133333578233,0.09974449188640784,0.29185598799062873,0.30067800131923206,0.2702446163772152,0.3300245955108453,0.39973078811193946,0.2702446163772152,0.3300245955108453,0.39973078811193946,0.3300245955108453,0.2702446163772152,0.06970619260109417,3,3,0.0,870.0,0.1272290199995041,0.5557900779139849,-0.005790077913984892
190,190,categorical_soft,1,1,True,0.1614042197962,0.0,0.0,0.8385958075523376,0.16140422224998474,2,-0.6771915853023529,0.32422769148157415,-2.4122134874144927,2.160993342975951,0.5710313712940053,0.32422769148157415,0.008504344536616432,0.8235047925946002,0.16799086286878326,0.008504344536616432,0.8235047925946002,0.16799086286878326,0.8235047925946002,0.008504344536616432,-0.6555139297258169,2,2,0.128,1010.0,0.6217487994581461,0.9230908345077989,-0.3730908345077989
191,191,categorical_soft,0,0,False,0.0,0.0,1.0,0.0,0.0,1,-1.0,0.5750704333695791,2.860979204331041,-0.20861190291195247,-1.8479836997408963,0.5750704333695791,0.9472834156426637,0.04413854225214146,0.00857804210519478,0.9472834156426637,0.04413854225214146,0.00857804210519478,0.9472834156426637,0.04413854225214146,-0.938705373537469,1,1,0.128,430.0,0.6901669502258301,0.971265268944122,-0.421265268944122
192,192,categorical_soft,1,1,False,0.0,0.0,0.0,1.0,0.0,2,-1.0,0.48107937079806273,-2.0669158388855364,2.848321775681064,-0.527815843498959,0.48107937079806273,0.007048210339284744,0.9598455600232914,0.03310622963742386,0.007048210339284744,0.9598455600232914,0.03310622963742386,0.9598455600232914,0.007048210339284744,-0.9267393303858675,2,2,0.512,530.0,0.8170751482248306,0.9824240518826223,-0.43242405188262223
193,193,categorical_soft,0,0,True,0.145772605207241,0.0,0.8542274236679077,0.0,0.14577260613441467,1,-0.708454817533493,0.27105531137808475,2.771951705257125,-2.5819070126435415,0.8780051694307796,0.27105531137808475,0.8655462049508061,0.004127145197565039,0.13032664985162892,0.8655462049508061,0.004127145197565039,0.13032664985162892,0.8655462049508061,0.004127145197565039,-0.7352195550991772,1,1,0.128,1080.0,0.8427324146032333,0.9703012201844253,-0.4203012201844253
194,194,categorical_soft,1,1,False,0.0,0.0,0.0,1.0,0.0,2,-1.0,0.5516870202606967,1.9704402994151067,1.0037038884675797,-2.1328188563421753,0.5516870202606967,0.7156626974220756,0.2724688687494754,0.011868433828448998,0.7156626974220756,0.2724688687494754,0.011868433828448998,0.2724688687494754,0.7156626974220756,-0.2606004349210264,1,1,0.0,1050.0,0.24135959148406982,0.6382705062354783,-0.08827050623547827
195,195,categorical_soft,1,1,False,0.0,0.0,0.0,1.0,0.0,2,-1.0,0.54678050461582,2.8136975233103976,0.19766454819309295,-2.1362699890089774,0.54678050461582,0.9255332270567355,0.06788416170070637,0.0065826112425579255,0.9255332270567355,0.06788416170070637,0.0065826112425579255,0.06788416170070637,0.9255332270567355,-0.06130155045814844,1,1,0.0,580.0,0.03497976064682007,0.5300748520688947,0.019925147931105336
196,196,categorical_soft,1,1,False,0.0,0.0,0.0,1.0,0.0,2,-1.0,0.3821190435366696,-1.7147779316122087,4.497674446386235,-1.9151416901646798,0.3821190435366696,0.001999473203047068,0.9963453874615305,0.0016551393354224367,0.001999473203047068,0.9963453874615305,0.0016551393354224367,0.9963453874615305,0.001999473203047068,-0.9946902481261081,2,2,0.128,1090.0,0.8795745894312859,0.9748019174857763,-0.4248019174857762
197,197,categorical_soft,1,1,False,0.0,0.0,0.0,1.0,0.0,2,-1.0,0.5446184729744413,1.5266778832132102,0.8234299178249023,-1.6566631333920596,0.5446184729744413,0.6507023699435842,0.32225269574421983,0.027044934312196,0.6507023699435842,0.32225269574421983,0.027044934312196,0.32225269574421983,0.6507023699435842,-0.2952077614320238,1,1,0.0,530.0,0.456807479262352,0.9049384685594726,-0.35493846855947253
198,198,categorical_soft,1,1,True,0.16971806602308326,0.0,0.0,0.8302819132804871,0.16971807181835175,2,-0.6605638414621353,0.3466354930931197,-1.8732672224126161,2.426934878570623,-0.05847938253593551,0.3466354930931197,0.012376016711978173,0.9114777375135598,0.07614624577446195,0.012376016711978173,0.9114777375135598,0.07614624577446195,0.9114777375135598,0.012376016711978173,-0.8353314917390978,2,2,0.128,940.0,0.5513442233204842,0.9023456784161284,-0.3523456784161284
199,199,categorical_soft,0,0,False,0.0,0.0,1.0,0.0,0.0,1,-1.0,0.5636632773164713,3.1799354025698094,-0.23289493407236347,-2.0750702175224967,0.5636632773164713,0.9630914568730151,0.031852832673860555,0.005055710453124249,0.9630914568730151,0.031852832673860555,0.005055710453124249,0.9630914568730151,0.031852832673860555,-0.9580357464198909,1,1,0.064,630.0,0.6827080249786377,0.9624110985426224,-0.41241109854262237
200,200,categorical_soft,0,0,True,0.1405106175801334,0.0,0.859489381313324,0.0,0.14051061868667603,1,-0.718978762626648,0.29032713065801186,2.3461527794158217,-1.9716224029004767,0.6738323742970221,0.29032713065801186,0.8324523459634634,0.011175518292525347,0.15637213574401115,0.8324523459634634,0.011175518292525347,0.15637213574401115,0.8324523459634634,0.011175518292525347,-0.6760802102194523,1,1,0.256,510.0,0.9216797426342964,0.9896623360021629,-0.43966233600216287
201,201,categorical_soft,0,0,False,0.0,0.0,1.0,0.0,0.0,1,-1.0,0.5129650193018764,5.249941824859528,-0.9484515851584063,-3.0804430426660705,0.5129650193018764,0.9977100440000463,0.002047813400380447,0.00024214259957324943,0.9977100440000463,0.002047813400380447,0.00024214259957324943,0.9977100440000463,0.002047813400380447,-0.997467901400473,1,1,0.128,1160.0,0.77137890458107,0.9543255483404679,-0.40432554834046786
202,202,categorical_soft,1,1,False,0.0,0.0,0.0,1.0,0.0,2,-1.0,0.46134112695851115,-0.8745290513662531,2.6503808576779786,-1.3100170315840969,0.46134112695851115,0.028107288142696744,0.9534835955773104,0.018409116279992848,0.028107288142696744,0.9534835955773104,0.018409116279992848,0.9534835955773104,0.028107288142696744,-0.9350744792973176,2,2,0.128,630.0,0.7733290158212185,0.9755886426620864,-0.4255886426620864
203,203,categorical_soft,1,1,True,0.1490194756019766,0.0,0.0,0.8509805202484131,0.14901947975158691,2,-0.7019610404968262,0.3338366886156209,-2.2697058793062856,2.2709397440194805,0.34130231577569586,0.3338366886156209,0.009235090609702627,0.8651122789081638,0.12565263048213357,0.009235090609702627,0.8651122789081638,0.12565263048213357,0.8651122789081638,0.009235090609702627,-0.7394596484260302,2,2,0.256,720.0,0.6883350163698196,0.9593743057190663,-0.4093743057190663
204,204,categorical_soft,1,1,False,0.0,0.0,0.0,1.0,0.0,2,-1.0,0.45539719791755795,0.6693329871110935,2.165440885076662,-1.9151543928538792,0.45539719791755795,0.180528609905156,0.805718239873498,0.01375315022134608,0.180528609905156,0.805718239873498,0.01375315022134608,0.805718239873498,0.180528609905156,-0.791965089652152,2,2,0.032,880.0,0.786303885281086,0.9692417092065296,-0.4192417092065296
205,205,categorical_soft,0,0,False,0.0,0.0,1.0,0.0,0.0,1,-1.0,0.5685511352811884,3.1999150569680603,-0.44746366398352044,-1.9265421010642747,0.5685511352811884,0.9688714895422823,0.02534173545543041,0.00578677500228729,0.9688714895422823,0.02534173545543041,0.00578677500228729,0.9688714895422823,0.02534173545543041,-0.963084714539995,1,1,0.256,480.0,0.860015258193016,0.9865435989136945,-0.43654359891369443
206,206,categorical_soft,0,0,True,0.13854824437373459,0.0,0.8614517450332642,0.0,0.13854824006557465,1,-0.7229035049676895,0.38486963808055935,3.900461758405091,-3.098975672521195,0.6271265206332453,0.38486963808055935,0.9621351005848412,0.000889145949922077,0.03697575346523663,0.9621351005848412,0.000889145949922077,0.03697575346523663,0.9621351005848412,0.000889145949922077,-0.9251593471196046,1,1,0.512,860.0,1.2978549934923649,0.9974974387743648,-0.44749743877436476
207,207,categorical_soft,1,1,True,0.14534355196600074,0.0,0.0,0.854656457901001,0.14534355700016022,2,-0.7093129009008408,0.35034859505041754,-1.9006376532355787,1.8962267428034383,0.258240308869335,0.35034859505041754,0.01845710355376313,0.8217384333620158,0.15980446308422117,0.01845710355376313,0.8217384333620158,0.15980446308422117,0.8217384333620158,0.01845710355376313,-0.6619339702777947,2,2,0.256,600.0,0.7358072251081467,0.9717991940936319,-0.42179919409363187
208,208,categorical_soft,0,0,False,0.0,0.0,1.0,0.0,0.0,1,-1.0,0.5196939824777492,4.583012892199401,-0.825455224343513,-2.6857934509925667,0.5196939824777492,0.994811359619119,0.004490804969196911,0.0006978354116841412,0.994811359619119,0.004490804969196911,0.0006978354116841412,0.994811359619119,0.004490804969196911,-0.9941135242074349,1,1,0.512,550.0,0.9212616831064224,0.9891350999766536,-0.43913509997665356
209,209,categorical_soft,0,0,True,0.14118864567241024,0.0,0.8588113784790039,0.0,0.14118865132331848,1,-0.7176227271556854,0.25802038897849916,2.70462989097395,-2.578058523422974,0.9251364929504508,0.25802038897849916,0.8518699554189635,0.004362953701874365,0.14376709087916226,0.8518699554189635,0.004362953701874365,0.14376709087916226,0.8518699554189635,0.004362953701874365,-0.7081028645398012,1,1,0.128,920.0,0.9757032729685307,0.9870385860373436,-0.4370385860373436
210,210,categorical_soft,1,1,True,0.15860824482892266,0.0,0.0,0.8413917422294617,0.15860824286937714,2,-0.6827834993600845,0.3277583080699905,-2.28894453292601,2.196149207507178,0.4291206486058458,0.3277583080699905,0.009543015701126329,0.8459041555070543,0.1445528287918194,0.009543015701126329,0.8459041555070543,0.1445528287918194,0.8459041555070543,0.009543015701126329,-0.7013513267152349,2,2,0.128,1120.0,0.6714484915137291,0.9306480679911552,-0.38064806799115514
211,211,categorical_soft,1,1,False,0.0,0.0,0.0,1.0,0.0,2,-1.0,0.4284888864646308,-0.29275997543941085,3.4195573263454158,-2.267388614171391,0.4284888864646308,0.023761911947383516,0.9728566560343989,0.0033814320182174278,0.023761911947383516,0.9728566560343989,0.0033814320182174278,0.9728566560343989,0.023761911947383516,-0.9694752240161815,2,2,0.128,630.0,0.9032019004225731,0.9869536354201252,-0.4369536354201251
212,212,categorical_soft,1,1,False,0.0,0.0,0.0,1.0,0.0,2,-1.0,0.4249977234290851,-0.9358070337768505,3.440280750256787,-1.796444657732371,0.4249977234290851,0.012359754704882705,0.9823253731071742,0.00531487218794315,0.012359754704882705,0.9823253731071742,0.00531487218794315,0.9823253731071742,0.012359754704882705,-0.977010500919231,2,2,0.256,490.0,0.8382568582892418,0.9848693830353438,-0.4348693830353437
213,213,categorical_soft,0,0,True,0.1411430340477458,0.0,0.8588569760322571,0.0,0.1411430388689041,1,-0.717713937163353,0.2994281283838761,2.1968953751280274,-1.785666279767479,0.6096709564751275,0.2994281283838761,0.8174544186738426,0.015331066810468785,0.16721451451568847,0.8174544186738426,0.015331066810468785,0.16721451451568847,0.8174544186738426,0.015331066810468785,-0.6502399041581541,1,1,0.128,620.0,0.9049015678465366,0.9872138017206691,-0.43721380172066904
214,214,categorical_soft,1,1,True,0.33175343955558406,0.0,0.0,0.6682465672492981,0.3317534327507019,2,-0.3364931344985962,0.32274704137836363,1.148036768719582,-0.7172092306915974,0.3200435532014103,0.32274704137836363,0.6276910713128758,0.09765828786361537,0.2746506408235089,0.6276910713128758,0.09765828786361537,0.2746506408235089,0.09765828786361537,0.6276910713128758,0.17699235295989352,1,1,0.0,1170.0,0.3128942549228668,0.6845322045734847,-0.1345322045734847
215,215,categorical_soft,0,0,True,0.14168217634812003,0.0,0.8583178520202637,0.0,0.14168217778205872,1,-0.716635674238205,0.35284532333047397,0.44154762207436427,-0.22985953932130707,0.2596034221592415,0.35284532333047397,0.42635081937788144,0.217934932664866,0.35571424795725254,0.42635081937788144,0.217934932664866,0.35571424795725254,0.42635081937788144,0.217934932664866,-0.0706365714206289,1,1,0.0,400.0,0.8201030120253563,0.9851543467679202,-0.4351543467679202
216,216,categorical_soft,1,1,False,0.0,0.0,0.0,1.0,0.0,2,-1.0,0.43173510579929275,-0.33498030382047267,3.327927393581965,-2.171563174337493,0.43173510579929275,0.024918917307360556,0.9710120886961835,0.004068993996455961,0.024918917307360556,0.9710120886961835,0.004068993996455961,0.9710120886961835,0.024918917307360556,-0.9669430946997275,2,2,0.032,1070.0,0.9571733213961124,0.9830576817710954,-0.4330576817710954
217,217,categorical_soft,1,1,True,0.14734119037216775,0.0,0.0,0.8526588082313538,0.14734119176864624,2,-0.7053176164627075,0.3522137506426838,-1.2197807271318526,1.1624122621326411,0.2030410987213346,0.3522137506426838,0.06260101029085255,0.6776071715417531,0.25979181816739444,0.06260101029085255,0.6776071715417531,0.25979181816739444,0.6776071715417531,0.06260101029085255,-0.41781535337435866,2,2,0.128,510.0,0.6679420471191406,0.9649346902173321,-0.4149346902173321
218,218,categorical_soft,1,1,True,0.14561376889664313,0.0,0.0,0.8543862104415894,0.14561377465724945,2,-0.7087724357843399,0.321900639162892,-2.7119360077678833,2.248009480343948,0.7401660285348022,0.321900639162892,0.005709137559862208,0.8139743254652594,0.18031653697487843,0.005709137559862208,0.8139743254652594,0.18031653697487843,0.8139743254652594,0.005709137559862208,-0.6336577884903809,2,2,0.512,840.0,0.7877875319682062,0.9708542288902703,-0.42085422889027024
219,219,categorical_soft,0,0,False,0.0,0.0,1.0,0.0,0.0,1,-1.0,0.5307406159587986,4.080015516136803,-0.7322417530192529,-2.3830372713955734,0.5307406159587986,0.9903405898789707,0.008104751678074658,0.0015546584429546391,0.9903405898789707,0.008104751678074658,0.0015546584429546391,0.9903405898789707,0.008104751678074658,-0.988785931436016,1,1,0.256,790.0,0.9336192756891251,0.9863823598187527,-0.4363823598187526
220,220,categorical_soft,1,1,False,0.0,0.0,0.0,1.0,0.0,2,-1.0,0.5178991727164854,1.4802242508508485,1.702214333109562,-2.25698213884245,0.5178991727164854,0.440079348501372,0.5493880854593038,0.010532566039324249,0.440079348501372,0.5493880854593038,0.010532566039324249,0.5493880854593038,0.440079348501372,-0.5388555194199796,2,2,0.032,930.0,0.695711875683628,0.9500247111675635,-0.40002471116756344
221,221,categorical_soft,1,1,True,0.14853097830641065,0.0,0.0,0.8514690399169922,0.148530974984169,2,-0.7029380649328232,0.33409663915184157,-2.081556253365422,2.129677114234021,0.29018414064962633,0.33409663915184157,0.012643027100062204,0.8519431911968764,0.13541378170306131,0.012643027100062204,0.8519431911968764,0.13541378170306131,0.8519431911968764,0.012643027100062204,-0.7165294094938152,2,2,0.256,600.0,0.6674078479409218,0.9609741496551975,-0.4109741496551974
222,222,categorical_soft,1,1,True,0.1561274774266378,0.0,0.0,0.8438725471496582,0.15612748265266418,2,-0.687745064496994,0.3281488555325458,-2.3010671101546096,2.0743672887343285,0.5235636782718316,0.3281488555325458,0.010276491239468272,0.8165043267870885,0.1732191819734432,0.010276491239468272,0.8165043267870885,0.1732191819734432,0.8165043267870885,0.010276491239468272,-0.6432851448136453,2,2,0.128,920.0,0.6455166675150394,0.9376366289807997,-0.38763662898079965
223,223,categorical_soft,1,1,False,0.0,0.0,0.0,1.0,0.0,2,-1.0,0.39787457576737717,-3.20519609779779,3.794675259551243,-0.11576965675403188,0.39787457576737717,0.0008937343328755158,0.9794030731957906,0.019703192471333952,0.0008937343328755158,0.9794030731957906,0.019703192471333952,0.9794030731957906,0.0008937343328755158,-0.9596998807244566,2,2,0.512,1080.0,0.9951790161430836,0.9857344003738269,-0.4357344003738268
224,224,categorical_soft,0,0,False,0.0,0.0,1.0,0.0,0.0,1,-1.0,0.567532328746286,2.0401511589918386,1.5080219831018842,-2.5820497135843756,0.567532328746286,0.6260004314336503,0.36782768470170446,0.0061718838646453705,0.6260004314336503,0.36782768470170446,0.0061718838646453705,0.6260004314336503,0.36782768470170446,-0.6198285475690049,1,1,0.0,1140.0,0.4604542929737363,0.8228637386141178,-0.2728637386141177
225,225,categorical_soft,0,0,False,0.0,0.0,1.0,0.0,0.0,1,-1.0,0.5581830789121873,3.3550381660165947,-0.23240115065034836,-2.208663490335272,0.5581830789121873,0.969330585456565,0.02693097873454764,0.003738435808887092,0.969330585456565,0.02693097873454764,0.003738435808887092,0.969330585456565,0.02693097873454764,-0.9655921496476779,1,1,0.032,740.0,0.7069098949432373,0.9619124420023145,-0.41191244200231447
226,226,categorical_soft,0,0,True,0.1528089201268638,0.0,0.8471910953521729,0.0,0.15280891954898834,1,-0.6943821758031845,0.3079413523904589,2.2190768876947127,-1.7517672339418702,0.5671180469400126,0.3079413523904589,0.8259060486915002,0.015671085080199675,0.1584228662282999,0.8259060486915002,0.015671085080199675,0.1584228662282999,0.8259060486915002,0.015671085080199675,-0.6674831824632003,1,1,0.064,1010.0,0.7045481577515602,0.9474461245798402,-0.3974461245798402
227,227,categorical_soft,1,1,True,0.15360463462581997,0.0,0.0,0.8463953733444214,0.1536046415567398,2,-0.6927907317876816,0.35546506460679034,-1.8233574471105236,1.17483942123251,0.7052643288042435,0.35546506460679034,0.029754531627705506,0.5968159638826385,0.37342950448965606,0.029754531627705506,0.5968159638826385,0.37342950448965606,0.5968159638826385,0.029754531627705506,-0.2233864593929824,2,2,0.512,420.0,0.5501690473174676,0.945042986345464,-0.395042986345464
228,228,categorical_soft,0,0,True,0.14064528422321942,0.0,0.8593547344207764,0.0,0.14064528048038483,1,-0.7187094539403915,0.2619412848814222,2.7731082530993443,-2.6200147533665086,0.9129167782078962,0.2619412848814222,0.8618672278029325,0.003952508856198784,0.13418026334086872,0.8618672278029325,0.003952508856198784,0.13418026334086872,0.8618672278029325,0.003952508856198784,-0.7276869644620637,1,1,0.256,730.0,0.9654799997806549,0.9891379291663808,-0.4391379291663807
229,229,categorical_soft,1,1,False,0.0,0.0,0.0,1.0,0.0,2,-1.0,0.44121304855280996,0.6830255095666611,2.4315272308378812,-2.119196678513715,0.44121304855280996,0.14693862573915245,0.8440539806792501,0.009007393581597424,0.14693862573915245,0.8440539806792501,0.009007393581597424,0.8440539806792501,0.14693862573915245,-0.8350465870976527,2,2,0.064,730.0,0.7088822452351451,0.9627012144069175,-0.4127012144069174
230,230,categorical_soft,0,0,True,0.6246148066422668,0.0,0.37538519501686096,0.0,0.6246148347854614,3,0.24922963976860046,0.3332366573113564,0.9570279215129436,-0.5599932068580731,0.30867545148088177,0.3332366573113564,0.5734031360666895,0.12630393928022565,0.3002929246530849,0.5734031360666895,0.12630393928022565,0.3002929246530849,0.5734031360666895,0.12630393928022565,-0.2731102114136046,1,1,0.0,1030.0,0.08277012407779694,0.4533259793573495,0.09667402064265057
231,231,categorical_soft,1,1,True,0.1600567102224431,0.0,0.0,0.8399432897567749,0.1600567102432251,2,-0.6798865795135498,0.32937099343980875,-2.2278682252237796,2.0675730133626553,0.4655791691232804,0.32937099343980875,0.011220764894830603,0.8229150535075132,0.16586418159765617,0.011220764894830603,0.8229150535075132,0.16586418159765617,0.8229150535075132,0.011220764894830603,-0.657050871909857,2,2,0.128,970.0,0.6224888265132904,0.9266926392432918,-0.37669263924329177
232,232,categorical_soft,0,0,True,0.6555425499959664,0.0,0.3444574475288391,0.0,0.6555425524711609,3,0.3110851049423218,0.30794762965607897,1.0987330140935525,-0.7681375413561453,0.42896780619439456,0.30794762965607897,0.5999031909029865,0.09289071591783567,0.30720609317917774,0.5999031909029865,0.09289071591783567,0.30720609317917774,0.5999031909029865,0.09289071591783567,-0.29269709772380875,1,1,0.0,940.0,0.03882630169391632,0.4268644092037139,0.12313559079628617
233,233,categorical_soft,0,0,True,0.13890512674687916,0.0,0.8610948920249939,0.0,0.1389051228761673,1,-0.7221897691488266,0.2625871368100828,3.114233676114724,-3.001294195003417,0.9984413336919864,0.2625871368100828,0.8905657836643952,0.001984421206617239,0.10744979512898763,0.8905657836643952,0.001984421206617239,0.10744979512898763,0.8905657836643952,0.001984421206617239,-0.7831159885354075,1,1,0.256,890.0,1.2117628089617938,0.9960447976541715,-0.4460447976541715
234,234,categorical_soft,1,1,True,0.1669190986530561,0.0,0.0,0.8330808877944946,0.16691909730434418,2,-0.6661617904901505,0.32448384654691376,-2.6463490794250824,1.9195871420285235,0.9485014527575293,0.32448384654691376,0.007484974921564007,0.7197260154371357,0.27278900964130026,0.007484974921564007,0.7197260154371357,0.27278900964130026,0.7197260154371357,0.007484974921564007,-0.4469370057958354,2,2,0.256,1150.0,0.618890518322587,0.9090657488465645,-0.3590657488465645
235,235,categorical_soft,0,0,True,0.3584819305486807,0.0,0.6415180563926697,0.0,0.3584819436073303,1,-0.28303611278533936,0.3529407084703949,-0.1075955811406392,-0.07031198494886828,0.32674517433063466,0.3529407084703949,0.27919462738796114,0.28983431159529116,0.4309710610167478,0.27919462738796114,0.28983431159529116,0.4309710610167478,0.27919462738796114,0.28983431159529116,0.15177643362878668,3,3,0.0,450.0,0.11441224813461304,0.660932596719877,-0.11093259671987699
236,236,categorical_soft,0,0,False,0.0,0.0,1.0,0.0,0.0,1,-1.0,0.5483327824205322,7.657842958935994,-3.0974860544511134,-2.883373232432836,0.5483327824205322,0.9999515860320616,2.192995357292275e-05,2.648401436544531e-05,0.9999515860320616,2.192995357292275e-05,2.648401436544531e-05,0.9999515860320616,2.192995357292275e-05,-0.9999251020176961,1,1,0.512,1180.0,1.1793404817581177,0.9934377917668306,-0.4434377917668305
237,237,categorical_soft,1,1,False,0.0,0.0,0.0,1.0,0.0,2,-1.0,0.40394527149967063,-3.1778899864154786,3.6811237633688103,-0.06845220460203214,0.40394527149967063,0.001025227679612275,0.975914411517086,0.02306036080330191,0.001025227679612275,0.975914411517086,0.02306036080330191,0.975914411517086,0.001025227679612275,-0.9528540507137842,2,2,0.512,1040.0,0.8575209192931652,0.9735935369836438,-0.42359353698364377
238,238,categorical_soft,1,1,True,0.1653626532142904,0.0,0.0,0.8346373438835144,0.1653626561164856,2,-0.6692746877670288,0.3334100162360448,-0.8683487262906245,0.692670533251278,0.28848203505249986,0.3334100162360448,0.11177607826694622,0.5326024187424256,0.3556215029906281,0.11177607826694622,0.5326024187424256,0.3556215029906281,0.5326024187424256,0.11177607826694622,-0.17698091575179753,2,2,0.064,570.0,0.48624189104884863,0.912913889219907,-0.36291388921990697
239,239,categorical_soft,1,1,False,0.0,0.0,0.0,1.0,0.0,2,-1.0,0.41876132474474514,-2.7113836726351432,3.5858643370398013,-0.42235120818585503,0.41876132474474514,0.0018065396641061431,0.9802769004103296,0.017916559925564256,0.0018065396641061431,0.9802769004103296,0.017916559925564256,0.9802769004103296,0.0018065396641061431,-0.9623603404847653,2,2,0.256,1150.0,0.9062359754461795,0.9762034818176099,-0.4262034818176098
240,240,categorical_soft,0,0,True,0.13999451437870852,0.0,0.8600054979324341,0.0,0.1399945169687271,1,-0.720010980963707,0.24587452959739084,3.1227722103518345,-3.122993820129903,1.0865530515459034,0.24587452959739084,0.8829794245211634,0.0017274955069517012,0.11529307997188483,0.8829794245211634,0.0017274955069517012,0.11529307997188483,0.8829794245211634,0.0017274955069517012,-0.7676863445492785,1,1,0.128,1160.0,1.1259546265937388,0.9916875020500079,-0.44168750205000784
241,241,categorical_soft,0,0,False,0.0,0.0,1.0,0.0,0.0,1,-1.0,0.5219057359536122,4.228148645236883,-0.7502667667294178,-2.490803710233865,0.5219057359536122,0.9919184203246951,0.006875846311667722,0.0012057333636369618,0.9919184203246951,0.006875846311667722,0.0012057333636369618,0.9919184203246951,0.006875846311667722,-0.9907126869610582,1,1,0.256,780.0,0.9812496453523636,0.9893212358900684,-0.43932123589006833
242,242,categorical_soft,1,1,False,0.0,0.0,0.0,1.0,0.0,2,-1.0,0.5272476086170357,1.177673594601721,1.235656995713469,-1.6831468868495658,0.5272476086170357,0.4723483960701893,0.5005105940416644,0.027141009888146113,0.4723483960701893,0.5005105940416644,0.027141009888146113,0.5005105940416644,0.4723483960701893,-0.4733695841535183,2,2,0.032,760.0,0.40921776555478573,0.850970846419215,-0.300970846419215
243,243,categorical_soft,1,1,True,0.1521124229431609,0.0,0.0,0.8478875756263733,0.1521124243736267,2,-0.6957751512527466,0.34036917409226974,-1.9915116231966994,1.7623954406289264,0.4500071654089197,0.34036917409226974,0.018126129558010837,0.7735565102730457,0.20831736016894342,0.018126129558010837,0.7735565102730457,0.20831736016894342,0.7735565102730457,0.018126129558010837,-0.5652391501041023,2,2,0.128,890.0,0.6839880559127778,0.9495773956125515,-0.39957739561255146
244,244,categorical_soft,1,1,False,0.0,0.0,0.0,1.0,0.0,2,-1.0,0.502722543978422,0.6292717803633969,1.5641311529435158,-1.4562338857242134,0.502722543978422,0.27235233838889783,0.6935125699860362,0.034135091625066116,0.27235233838889783,0.6935125699860362,0.034135091625066116,0.6935125699860362,0.27235233838889783,-0.65937747836097,2,2,0.064,460.0,0.5251156184822321,0.9354361738992932,-0.3854361738992932
245,245,categorical_soft,1,1,True,0.15085227026719744,0.0,0.0,0.8491477370262146,0.1508522629737854,2,-0.6982954740524292,0.31862978916582285,-2.6819624433560554,2.4519269737678946,0.5952331151098168,0.31862978916582285,0.00507301906229423,0.8604905635076745,0.1344364174300313,0.00507301906229423,0.8604905635076745,0.1344364174300313,0.8604905635076745,0.00507301906229423,-0.7260541460776432,2,2,0.256,1000.0,0.7283073337748647,0.9535017148259897,-0.4035017148259896
246,246,categorical_soft,0,0,True,0.13834065920886074,0.0,0.8616593480110168,0.0,0.13834065198898315,1,-0.7233186960220337,0.31982315658377525,3.388964589624969,-2.908537115214236,0.7770389865821448,0.31982315658377525,0.9296481853572123,0.0017291839841827692,0.06862263065860494,0.9296481853572123,0.0017291839841827692,0.06862263065860494,0.9296481853572123,0.0017291839841827692,-0.8610255546986073,1,1,0.512,670.0,1.3359726145863533,0.9983482697746391,-0.44834826977463904
247,247,categorical_soft,1,1,True,0.15131481865765273,0.0,0.0,0.8486852049827576,0.15131482481956482,2,-0.6973703801631927,0.32395467266031525,-2.5601772266401497,2.0427259720558686,0.7555608746909629,0.32395467266031525,0.0077921289619626855,0.7774503335244214,0.21475753751361598,0.0077921289619626855,0.7774503335244214,0.21475753751361598,0.7774503335244214,0.0077921289619626855,-0.5626927960108055,2,2,0.512,750.0,0.6604041084647179,0.9520508505006002,-0.4020508505006002
248,248,categorical_soft,0,0,True,0.19104601399816412,0.0,0.8089540004730225,0.0,0.19104601442813873,1,-0.6179079860448837,0.29900860451356526,2.007522097679066,-1.6215507723183116,0.5998717557168219,0.29900860451356526,0.7865158306200538,0.020993291854162745,0.19249087752578348,0.7865158306200538,0.020993291854162745,0.19249087752578348,0.7865158306200538,0.020993291854162745,-0.5940249530942703,1,1,0.032,630.0,0.3886011242866516,0.8578638396277584,-0.3078638396277583
249,249,categorical_soft,0,0,True,0.14899593500840919,0.0,0.8510040640830994,0.0,0.14899593591690063,1,-0.7020081281661987,0.29862646880941107,2.029470261983575,-1.6458129039363247,0.6057198412630193,0.29862646880941107,0.7896897471537889,0.02012825480760698,0.1901819980386041,0.7896897471537889,0.02012825480760698,0.1901819980386041,0.7896897471537889,0.02012825480760698,-0.5995077491151848,1,1,0.064,830.0,0.7157257348299026,0.9594510593295946,-0.4094510593295946
250,250,categorical_soft,0,0,False,0.0,0.0,1.0,0.0,0.0,1,-1.0,0.5137231768701781,5.3808426017096185,-1.0325973706621938,-3.1006283177464034,0.5137231768701781,0.9981385063817123,0.00165316582118635,0.0002083277971013525,0.9981385063817123,0.00165316582118635,0.0002083277971013525,0.9981385063817123,0.00165316582118635,-0.997930178584611,1,1,0.512,690.0,1.0512995719909668,0.9931826741729747,-0.44318267417297463
251,251,categorical_soft,1,1,True,0.1450358315135591,0.0,0.0,0.8549641966819763,0.14503583312034607,2,-0.7099283635616302,0.33988272734954156,-2.102939518962215,1.653248489465381,0.6191079516037401,0.33988272734954156,0.016947157028389444,0.7251015383815321,0.2579513045900784,0.016947157028389444,0.7251015383815321,0.2579513045900784,0.7251015383815321,0.016947157028389444,-0.4671502337914537,2,2,0.512,460.0,0.7096503600478172,0.9728817790571173,-0.4228817790571172
252,252,categorical_soft,0,0,False,0.0,0.0,1.0,0.0,0.0,1,-1.0,0.55958031586325,1.9312961250924416,1.2916584808153477,-2.333725917297586,0.55958031586325,0.6485816135400061,0.34227786321283726,0.00914052324715677,0.6485816135400061,0.34227786321283726,0.00914052324715677,0.6485816135400061,0.34227786321283726,-0.6394410902928493,1,1,0.0,1090.0,0.056773871183395386,0.4043661573593404,0.14563384264065965
253,253,categorical_soft,0,0,True,0.14177096366115877,0.0,0.8582290410995483,0.0,0.14177095890045166,1,-0.7164580821990967,0.3504488032746403,2.349300461796782,-1.6456040307044375,0.4019224728723646,0.3504488032746403,0.8607663927563143,0.01594759176337722,0.12328601548030829,0.8607663927563143,0.01594759176337722,0.12328601548030829,0.8607663927563143,0.01594759176337722,-0.737480377276006,1,1,0.064,800.0,0.913612388074398,0.9848176074796632,-0.43481760747966314
254,254,categorical_soft,0,0,False,0.0,0.0,1.0,0.0,0.0,1,-1.0,0.5328485096937238,3.9505215055182417,-0.6129568412404114,-2.3886577584091535,0.5328485096937238,0.9878881165132964,0.010355155986533705,0.0017567275001698051,0.9878881165132964,0.010355155986533705,0.0017567275001698051,0.9878881165132964,0.010355155986533705,-0.9861313890131267,1,1,0.128,900.0,0.7917141616344452,0.9693153156346825,-0.4193153156346825
255,255,categorical_soft,1,1,True,0.14931775281247062,0.0,0.0,0.850682258605957,0.14931775629520416,2,-0.7013645023107529,0.3277961617902748,-2.680493873963795,2.5172666303401594,0.5233549137669569,0.3277961617902748,0.004845072780070743,0.8758525184971939,0.11930240872273523,0.004845072780070743,0.8758525184971939,0.11930240872273523,0.8758525184971939,0.004845072780070743,-0.7565501097744587,2,2,0.256,1050.0,0.7642977461218834,0.9584047513164093,-0.4084047513164093
256,256,categorical_soft,0,0,False,0.0,0.0,1.0,0.0,0.0,1,-1.0,0.5709929059611221,2.7429465175460597,-0.09115780417282549,-1.8531361540638946,0.5709929059611221,0.9353724322198378,0.05514995134205934,0.009477616438102795,0.9353724322198378,0.05514995134205934,0.009477616438102795,0.9353724322198378,0.05514995134205934,-0.925894815781735,1,1,0.064,640.0,0.4652378112077713,0.8967989949471341,-0.34679899494713406
257,257,categorical_soft,1,1,True,0.33470239391383116,0.0,0.0,0.6652976274490356,0.33470240235328674,2,-0.3305952250957489,0.35767072944002687,0.08592071887179246,0.08589179160911058,0.19768127886971334,0.35767072944002687,0.3210219425148062,0.32026370653726277,0.358714350947931,0.3210219425148062,0.32026370653726277,0.358714350947931,0.32026370653726277,0.3210219425148062,0.038450644410668255,3,3,0.0,730.0,0.20241867005825043,0.6818551039317605,-0.13185510393176048
258,258,categorical_soft,1,1,True,0.14302894809337374,0.0,0.0,0.856971025466919,0.14302894473075867,2,-0.7139420807361603,0.37795303398299157,-2.8188923867188906,2.697692803312763,0.4727129081182901,0.37795303398299157,0.003616281178866543,0.8991234598970428,0.0972602589240907,0.003616281178866543,0.8991234598970428,0.0972602589240907,0.8991234598970428,0.003616281178866543,-0.801863200972952,2,2,0.512,850.0,0.8700185790657997,0.9801177867247022,-0.43011778672470213
259,259,categorical_soft,0,0,True,0.18788168456132315,0.0,0.8121182918548584,0.0,0.1878816783428192,1,-0.6242366135120392,0.35610676617534176,0.7271779224112834,-0.23517703598350748,0.1628728772274924,0.35610676617534176,0.5116139315315172,0.19610215527005154,0.29228391319843106,0.5116139315315172,0.19610215527005154,0.29228391319843106,0.5116139315315172,0.19610215527005154,-0.21933001833308619,1,1,0.032,460.0,0.3570415824651718,0.8638378982141887,-0.3138378982141886
260,260,categorical_soft,0,0,True,0.2796784244066199,0.0,0.7203215956687927,0.0,0.27967843413352966,1,-0.44064316153526306,0.2903662653902569,-0.3721361200132978,0.14808884529603045,0.35938632897855094,0.2903662653902569,0.20990246913928412,0.35355761118655543,0.4365399196741605,0.20990246913928412,0.35355761118655543,0.4365399196741605,0.20990246913928412,0.35355761118655543,0.22663745053487638,3,3,0.0,830.0,0.28032926470041275,0.7358603937733131,-0.1858603937733131
261,261,categorical_soft,0,0,True,0.3556582784721536,0.0,0.6443417072296143,0.0,0.35565829277038574,1,-0.2886834144592285,0.3437410872077025,-0.05143904881191334,0.03747549541907982,0.2739125112819863,0.3437410872077025,0.2877557426115189,0.3142084678573355,0.39803578953114543,0.2877557426115189,0.3142084678573355,0.39803578953114543,0.2877557426115189,0.3142084678573355,0.1102800469196265,3,3,0.0,520.0,0.1337961107492447,0.6633603266740746,-0.11336032667407459
262,262,categorical_soft,0,0,True,0.14775865724515563,0.0,0.8522413372993469,0.0,0.14775866270065308,1,-0.7044826745986938,0.30037989782905916,1.994632381073648,-1.6012423688014081,0.5900887907168959,0.30037989782905916,0.7854919324228061,0.021671579665183568,0.1928364879120103,0.7854919324228061,0.021671579665183568,0.1928364879120103,0.7854919324228061,0.021671579665183568,-0.5926554445107959,1,1,0.032,730.0,0.713656947016716,0.9635345279378638,-0.4135345279378637
263,263,categorical_soft,1,1,False,0.0,0.0,0.0,1.0,0.0,2,-1.0,0.49779986385888914,-0.237205604881945,1.8534730490619515,-1.1014075481866397,0.49779986385888914,0.10507454707556851,0.8500457296211223,0.04487972330330915,0.10507454707556851,0.8500457296211223,0.04487972330330915,0.8500457296211223,0.10507454707556851,-0.8051660063178132,2,2,0.064,430.0,0.7616479843854904,0.9796020092335416,-0.4296020092335415
264,264,categorical_soft,1,1,False,0.0,0.0,0.0,1.0,0.0,2,-1.0,0.5217011065646726,1.1437294512578515,1.2940374314294325,-1.693747990601484,0.5217011065646726,0.4502564901816629,0.5232326069553187,0.026510902863018403,0.4502564901816629,0.5232326069553187,0.026510902863018403,0.5232326069553187,0.4502564901816629,-0.4967217040923003,2,2,0.032,640.0,0.5525830592960119,0.9303007074070531,-0.380300707407053
265,265,categorical_soft,1,1,True,0.1591806303985685,0.0,0.0,0.8408193588256836,0.1591806262731552,2,-0.6816387325525284,0.3180182461972753,-0.1764446544248696,0.5083936455003847,0.09527234326695251,0.3180182461972753,0.2332993390681592,0.4613043365655093,0.3053963243663314,0.2332993390681592,0.4613043365655093,0.3053963243663314,0.4613043365655093,0.2332993390681592,-0.15590801219917788,2,2,0.032,460.0,0.504600090906024,0.9290743796082712,-0.3790743796082712
266,266,categorical_soft,0,0,True,0.18279476550159074,0.0,0.8172052502632141,0.0,0.18279476463794708,1,-0.634410485625267,0.3169836298458027,0.5747646146295826,0.04004680371181295,0.022313101050683008,0.3169836298458027,0.4616479749806489,0.27061667841982107,0.26773534659953,0.4616479749806489,0.27061667841982107,0.26773534659953,0.4616479749806489,0.27061667841982107,-0.1939126283811189,1,1,0.0,1070.0,0.5245995223522186,0.8738495799116713,-0.3238495799116713
267,267,categorical_soft,0,0,True,0.13986777918535542,0.0,0.8601322174072266,0.0,0.13986778259277344,1,-0.7202644348144531,0.26884864771399475,2.517320131165478,-2.3100940871715965,0.8398644094924613,0.26884864771399475,0.8368161463168668,0.006756728795465465,0.1564271248876677,0.8368161463168668,0.006756728795465465,0.1564271248876677,0.8368161463168668,0.006756728795465465,-0.6803890214291992,1,1,0.256,540.0,0.9865885153412819,0.9921885901687603,-0.4421885901687602
268,268,categorical_soft,0,0,True,0.1533718956249439,0.0,0.8466281294822693,0.0,0.1533719003200531,1,-0.6932562291622162,0.34912483944103967,1.5856787878345469,-0.691977507633984,0.048851394106180515,0.34912483944103967,0.7578346061379377,0.07814752920613466,0.16401786465592755,0.7578346061379377,0.07814752920613466,0.16401786465592755,0.7578346061379377,0.07814752920613466,-0.5938167414820101,1,1,0.032,1050.0,0.7075030952692032,0.945742435098585,-0.395742435098585
269,269,categorical_soft,1,1,True,0.19538686710282,0.0,0.0,0.8046131134033203,0.1953868716955185,2,-0.6092262417078018,0.33957998075470436,0.18642112573237163,-0.1964607774319452,0.32429894840513296,0.33957998075470436,0.35346422885326556,0.24087699387439812,0.4056587772723363,0.35346422885326556,0.24087699387439812,0.4056587772723363,0.24087699387439812,0.35346422885326556,0.16478178339793817,3,3,0.0,780.0,0.41250117123126984,0.8499561995424352,-0.29995619954243513
270,270,categorical_soft,1,1,False,0.0,0.0,0.0,1.0,0.0,2,-1.0,0.5098219814205669,2.2682242292041863,0.5435025065131016,-2.031563412517161,0.5098219814205669,0.8386637793101507,0.14988181864565348,0.011454402044195882,0.8386637793101507,0.14988181864565348,0.011454402044195882,0.14988181864565348,0.8386637793101507,-0.1384274166014576,1,1,0.0,480.0,0.10274922102689743,0.6396812171228674,-0.08968121712286736
271,271,categorical_soft,0,0,True,0.1594492223485875,0.0,0.8405507802963257,0.0,0.15944921970367432,1,-0.6811015605926514,0.3105576848997328,1.9493155732349936,-1.480564643326338,0.5162417470123384,0.3105576848997328,0.7866647808005016,0.025612362144972346,0.18772285705452604,0.7866647808005016,0.025612362144972346,0.18772285705452604,0.7866647808005016,0.025612362144972346,-0.5989419237459755,1,1,0.032,690.0,0.5587776601314545,0.9283407491777317,-0.37834074917773164
272,272,categorical_soft,1,1,True,0.15029517023535793,0.0,0.0,0.8497048020362854,0.1502951681613922,2,-0.6994096338748932,0.2501134086009764,-0.06248415162708125,0.6053261605898456,0.06972576313053833,0.2501134086009764,0.24473061246823397,0.4760954998838903,0.27917388764787576,0.24473061246823397,0.4760954998838903,0.27917388764787576,0.4760954998838903,0.24473061246823397,-0.19692161223601456,2,2,0.032,840.0,0.6972966487519443,0.9552655773150365,-0.40526557731503643
273,273,categorical_soft,1,1,True,0.6648790529686728,0.0,0.0,0.33512094616889954,0.6648790240287781,3,0.32975807785987854,0.3324387026765059,0.09764510036563052,-0.08834190325947958,0.2973784071473644,0.3324387026765059,0.32791193701723764,0.2719244162778727,0.4001636467048898,0.32791193701723764,0.2719244162778727,0.4001636467048898,0.2719244162778727,0.32791193701723764,0.12823923042701707,3,3,0.0,1090.0,0.0686732679605484,0.41852326109160093,0.13147673890839912
274,274,categorical_soft,0,0,False,0.0,0.0,1.0,0.0,0.0,1,-1.0,0.5149389301865293,4.809231609390412,-0.8240273697323859,-2.8642627200550996,0.5149389301865293,0.9959421784546487,0.0035915671238035407,0.0004662544215476397,0.9959421784546487,0.0035915671238035407,0.0004662544215476397,0.9959421784546487,0.0035915671238035407,-0.995475924033101,1,1,0.128,1180.0,0.8269686996936798,0.9640318690614057,-0.41403186906140566
275,275,categorical_soft,1,1,False,0.0,0.0,0.0,1.0,0.0,2,-1.0,0.4337166671720766,-1.8837762949876145,3.47450938656491,-1.0961567850064937,0.4337166671720766,0.004646199770202665,0.9850408997840698,0.010312900445727488,0.004646199770202665,0.9850408997840698,0.010312900445727488,0.9850408997840698,0.004646199770202665,-0.9747279993383423,2,2,0.256,850.0,1.0121175795793533,0.9900091090472307,-0.4400091090472307
276,276,categorical_soft,0,0,False,0.0,0.0,1.0,0.0,0.0,1,-1.0,0.5501580971071921,7.743327414628288,-3.2674997169085715,-2.7900894901583375,0.5501580971071921,0.9999563072912432,1.7011891560406333e-05,2.6680817196589683e-05,0.9999563072912432,1.7011891560406333e-05,2.6680817196589683e-05,0.9999563072912432,1.7011891560406333e-05,-0.9999296264740466,1,1,0.512,1150.0,1.1009928733110428,0.9907244605102499,-0.4407244605102498
277,277,categorical_soft,0,0,False,0.0,0.0,1.0,0.0,0.0,1,-1.0,0.551201593434132,3.528605035723718,-0.46680272041364423,-2.1735347228178363,0.551201593434132,0.9786290858866478,0.01808096702358425,0.0032899470897680186,0.9786290858866478,0.01808096702358425,0.0032899470897680186,0.9786290858866478,0.01808096702358425,-0.9753391387968797,1,1,0.128,680.0,0.9255853593349457,0.9875783536318303,-0.4375783536318303
278,278,categorical_soft,1,1,True,0.15633731192870665,0.0,0.0,0.843662679195404,0.15633730590343475,2,-0.6873253732919693,0.2971359766444422,-0.6759958405830678,0.6324604519291915,0.2981931290251769,0.2971359766444422,0.13602429482418726,0.5034825412684686,0.36049316390734415,0.13602429482418726,0.5034825412684686,0.36049316390734415,0.5034825412684686,0.13602429482418726,-0.14298937736112444,2,2,0.032,850.0,0.6262553837150335,0.9370345759096455,-0.3870345759096454
279,279,categorical_soft,1,1,True,0.5298821104103935,0.0,0.0,0.4701178967952728,0.5298821330070496,3,0.05976423621177673,0.30149408595828997,0.3953368883561158,0.4534489653753823,-0.11431697837632046,0.30149408595828997,0.37583846141803406,0.39784401239711964,0.22631752618484632,0.37583846141803406,0.39784401239711964,0.22631752618484632,0.39784401239711964,0.37583846141803406,-0.17152648621227332,2,2,0.0,850.0,0.09916174411773682,0.5275465849209846,0.022453415079015437
280,280,categorical_soft,1,1,True,0.1950017066658168,0.0,0.0,0.8049982786178589,0.19500170648097992,2,-0.609996572136879,0.34725472839973837,-0.15018825999199223,-0.05217095475345891,0.32169752600702756,0.34725472839973837,0.26982454443866344,0.2976759700343007,0.4324994855270359,0.26982454443866344,0.2976759700343007,0.4324994855270359,0.2976759700343007,0.26982454443866344,0.1348235154927352,3,3,0.0,650.0,0.3817058764398098,0.8506450788496379,-0.30064507884963787
281,281,categorical_soft,0,0,True,0.24079107969569813,0.0,0.7592089176177979,0.0,0.24079108238220215,1,-0.5184178352355957,0.34819347094077846,1.5293780522532592,-0.8627634707914364,0.24411667661540165,0.34819347094077846,0.7305308399232924,0.06701982575550014,0.20244933432120749,0.7305308399232924,0.06701982575550014,0.20244933432120749,0.7305308399232924,0.06701982575550014,-0.5280815056020849,1,1,0.032,550.0,0.26255927979946136,0.7815645134853585,-0.23156451348535845
282,282,categorical_soft,0,0,False,0.0,0.0,1.0,0.0,0.0,1,-1.0,0.5180124356141232,4.444240865412407,-0.7596771655136504,-2.6470859752116445,0.5180124356141232,0.9936683996583107,0.005499073175077598,0.0008325271666118261,0.9936683996583107,0.005499073175077598,0.0008325271666118261,0.9936683996583107,0.005499073175077598,-0.9928358724916988,1,1,0.512,440.0,0.9626259952783585,0.9922103971270537,-0.4422103971270537
283,283,categorical_soft,0,0,True,0.4337579858360813,0.0,0.5662420392036438,0.0,0.4337579905986786,1,-0.1324840486049652,0.3497668098131347,0.49653144493056134,0.15686667441137309,-0.039546211972130214,0.3497668098131347,0.43482073818931494,0.309406112223933,0.2557731495867521,0.43482073818931494,0.309406112223933,0.2557731495867521,0.43482073818931494,0.309406112223933,-0.1790475886025628,1,1,0.0,990.0,0.1937071830034256,0.600143305897875,-0.05014330589787497
284,284,categorical_soft,1,1,False,0.0,0.0,0.0,1.0,0.0,2,-1.0,0.386259176644268,-3.5124566982673597,3.998070805199294,0.02078273434318486,0.386259176644268,0.0005371656540951362,0.9810182053826526,0.0184446289632522,0.0005371656540951362,0.9810182053826526,0.0184446289632522,0.9810182053826526,0.0005371656540951362,-0.9625735764194004,2,2,0.512,1180.0,1.0494448315293994,0.9876492570449825,-0.4376492570449825
285,285,categorical_soft,0,0,True,0.20068470657477516,0.0,0.7993152737617493,0.0,0.20068471133708954,1,-0.5986305624246597,0.32650890895763335,1.8604897201292427,-1.2883099319204943,0.41203380836602693,0.32650890895763335,0.7823328826790539,0.03371998060217184,0.18394713671877433,0.7823328826790539,0.03371998060217184,0.18394713671877433,0.7823328826790539,0.03371998060217184,-0.5983857459602795,1,1,0.064,740.0,0.38829944282770157,0.8407161680580805,-0.2907161680580804
286,286,categorical_soft,1,1,False,0.0,0.0,0.0,1.0,0.0,2,-1.0,0.39502010031227347,-3.2912688081260995,3.82845762604205,-0.061131407503262646,0.39502010031227347,0.0007925091209065,0.9791008074220594,0.020106683457034043,0.0007925091209065,0.9791008074220594,0.020106683457034043,0.9791008074220594,0.0007925091209065,-0.9589941239650254,2,2,0.512,1140.0,0.9693213626742363,0.9826413425144718,-0.4326413425144717
287,287,categorical_soft,1,1,True,0.1485846174179713,0.0,0.0,0.8514153957366943,0.14858461916446686,2,-0.7028307765722275,0.33347414329933917,-2.319035888535736,2.12732245866724,0.4731036889573875,0.33347414329933917,0.009747189671832326,0.831222125125915,0.1590306852022527,0.009747189671832326,0.831222125125915,0.1590306852022527,0.831222125125915,0.009747189671832326,-0.6721914399236623,2,2,0.256,780.0,0.7106173224747181,0.9607977457080538,-0.4107977457080537
288,288,categorical_soft,0,0,False,0.0,0.0,1.0,0.0,0.0,1,-1.0,0.5225501472544767,4.261444418321985,-0.7895789780938384,-2.478975643764094,0.5225501472544767,0.9924193577900777,0.006400152965817804,0.0011804892441045374,0.9924193577900777,0.006400152965817804,0.0011804892441045374,0.9924193577900777,0.006400152965817804,-0.9912388685459732,1,1,0.256,880.0,0.9866893738508224,0.9882830661053026,-0.43828306610530254
289,289,categorical_soft,0,0,False,0.0,0.0,1.0,0.0,0.0,1,-1.0,0.5293570230623219,4.07164262435643,-0.5516730039064381,-2.5318323405553778,0.5293570230623219,0.9888880152560315,0.009760535331665725,0.0013514494123027417,0.9888880152560315,0.009760535331665725,0.0013514494123027417,0.9888880152560315,0.009760535331665725,-0.9875365658437288,1,1,0.064,920.0,0.7644073963165283,0.9642412099292518,-0.41424120992925173
290,290,categorical_soft,0,0,True,0.1381227231744136,0.0,0.8618772625923157,0.0,0.13812272250652313,1,-0.7237545400857925,0.36202146798663526,3.2407329262137416,-2.465678345319398,0.5347129104298928,0.36202146798663526,0.9339655708032619,0.003137156992025028,0.06289727220471295,0.9339655708032619,0.003137156992025028,0.06289727220471295,0.9339655708032619,0.003137156992025028,-0.871068298598549,1,1,0.512,600.0,1.4786475822329521,0.9992462463328757,-0.4492462463328757
291,291,categorical_soft,1,1,True,0.15995708681233395,0.0,0.0,0.8400428891181946,0.15995708107948303,2,-0.6800858080387115,0.335825276040104,0.1980022090564408,-0.09175870526809679,0.2564504693412985,0.335825276040104,0.35608826499285867,0.26628797621406824,0.3776237587930731,0.35608826499285867,0.26628797621406824,0.3776237587930731,0.26628797621406824,0.35608826499285867,0.11133578257900484,3,3,0.0,920.0,0.611028790473938,0.9269618633162482,-0.37696186331624815
292,292,categorical_soft,0,0,False,0.0,0.0,1.0,0.0,0.0,1,-1.0,0.5498535795280475,3.5735133544172952,-0.3975143335076118,-2.257904375072004,0.5498535795280475,0.9785806946680211,0.018528542218578324,0.0028907631134006974,0.9785806946680211,0.018528542218578324,0.0028907631134006974,0.9785806946680211,0.018528542218578324,-0.9756899315546204,1,1,0.064,970.0,0.7140514403581619,0.9519763772780255,-0.4019763772780255
293,293,categorical_soft,1,1,True,0.14477298929539312,0.0,0.0,0.855226993560791,0.1447729915380478,2,-0.7104540020227432,0.32605032299961156,-3.2538006985799,2.924070168412324,0.740553596131457,0.32605032299961156,0.0018616542381953195,0.8970401742215938,0.10109817154021114,0.0018616542381953195,0.8970401742215938,0.10109817154021114,0.8970401742215938,0.0018616542381953195,-0.7959420026813826,2,2,0.512,1130.0,0.881339731393382,0.9738120010607991,-0.4238120010607991
294,294,categorical_soft,1,1,False,0.0,0.0,0.0,1.0,0.0,2,-1.0,0.4187024570116587,-0.733120117168536,4.10166863600943,-2.4026633877914145,0.4187024570116587,0.007875358491575673,0.990601720246828,0.0015229212615963114,0.007875358491575673,0.990601720246828,0.0015229212615963114,0.990601720246828,0.007875358491575673,-0.9890787989852317,2,2,0.128,800.0,0.8723767548799515,0.9814709344251706,-0.4314709344251706
295,295,categorical_soft,1,1,False,0.0,0.0,0.0,1.0,0.0,2,-1.0,0.4034713618152854,-3.110175011607297,3.712473486208758,-0.14805612502858365,0.4034713618152854,0.0010657887951572478,0.9782412558288037,0.020692955376038994,0.0010657887951572478,0.9782412558288037,0.020692955376038994,0.9782412558288037,0.0010657887951572478,-0.9575483004527647,2,2,0.512,980.0,0.9144380930811167,0.9812820490448256,-0.4312820490448256
296,296,categorical_soft,1,1,True,0.14963844126577752,0.0,0.0,0.8503615856170654,0.14963844418525696,2,-0.7007231414318085,0.34309693723694445,-2.1101868157036012,1.6675108781305212,0.5949232457944877,0.34309693723694445,0.016755881620538683,0.7324678056803343,0.25077631269912704,0.016755881620538683,0.7324678056803343,0.25077631269912704,0.7324678056803343,0.016755881620538683,-0.4816914929812073,2,2,0.512,510.0,0.6265748795121908,0.9573684414410254,-0.40736844144102535
297,297,categorical_soft,1,1,True,0.1490484519506305,0.0,0.0,0.8509515523910522,0.14904844760894775,2,-0.7019031047821045,0.3087862457880787,-3.1605671244428173,2.4374584943158064,1.0396166209820632,0.3087862457880787,0.002961593646724935,0.7993195747968853,0.19771883155638964,0.002961593646724935,0.7993195747968853,0.19771883155638964,0.7993195747968853,0.002961593646724935,-0.6016007432404957,2,2,0.512,1130.0,0.7884399071335793,0.9592798762345498,-0.40927987623454976
298,298,categorical_soft,1,1,False,0.0,0.0,0.0,1.0,0.0,2,-1.0,0.43077782610709525,-1.9211739612454086,3.531356488663705,-1.1000595120966374,0.43077782610709525,0.0042324417180646026,0.9860536553547856,0.009713902927149716,0.0042324417180646026,0.9860536553547856,0.009713902927149716,0.9860536553547856,0.0042324417180646026,-0.9763397524276359,2,2,0.512,490.0,0.915975533425808,0.989622194411161,-0.4396221944111609
299,299,categorical_soft,0,0,False,0.0,0.0,1.0,0.0,0.0,1,-1.0,0.5521250447169079,1.539096724595399,1.0897253400973885,-1.8764504913674258,0.5521250447169079,0.5984098011070267,0.38188105089585356,0.019709147997119737,0.5984098011070267,0.38188105089585356,0.019709147997119737,0.5984098011070267,0.38188105089585356,-0.5787006531099069,1,1,0.0,540.0,0.1374301016330719,0.6619619019605973,-0.1119619019605973
300,300,categorical_soft,1,1,False,0.0,0.0,0.0,1.0,0.0,2,-1.0,0.44496630468884824,-2.3189444097855625,3.290925535853886,-0.5827067846658259,0.44496630468884824,0.003577337366376808,0.9759788037699234,0.020443858863699826,0.003577337366376808,0.9759788037699234,0.020443858863699826,0.9759788037699234,0.003577337366376808,-0.9555349449062236,2,2,0.512,650.0,0.9220624417066574,0.9878075660184856,-0.4378075660184856
301,301,categorical_soft,0,0,True,0.3926417585264873,0.0,0.6073582172393799,0.0,0.39264175295829773,1,-0.21471646428108215,0.34730511266287445,0.14620553374095907,-0.2748998583168295,0.38372587421168175,0.34730511266287445,0.34203028429033994,0.22438693028322806,0.43358278542643197,0.34203028429033994,0.22438693028322806,0.43358278542643197,0.34203028429033994,0.22438693028322806,0.09155250113609203,3,3,0.0,780.0,0.17007821798324585,0.6325402226419574,-0.08254022264195737
302,302,categorical_soft,0,0,True,0.17886932257187405,0.0,0.8211306929588318,0.0,0.1788693219423294,1,-0.6422613710165024,0.32796050154327344,1.648999734570743,-1.1085695795085542,0.3934235504735529,0.32796050154327344,0.7414200941027832,0.0472117019307292,0.21136820396648764,0.7414200941027832,0.0472117019307292,0.21136820396648764,0.7414200941027832,0.0472117019307292,-0.5300518901362956,1,1,0.064,490.0,0.39768432080745697,0.8819542041042935,-0.33195420410429344
303,303,categorical_soft,1,1,False,0.0,0.0,0.0,1.0,0.0,2,-1.0,0.5371306092782182,1.4387934082550893,1.4102930628132877,-2.0206788117686547,0.5371306092782182,0.4991495635703419,0.4851082380970163,0.01574219833264181,0.4991495635703419,0.4851082380970163,0.01574219833264181,0.4851082380970163,0.4991495635703419,-0.4693660397643745,1,1,0.0,570.0,0.11988545954227448,0.6340609673785624,-0.08406096737856239
304,304,categorical_soft,1,1,True,0.1426841499922351,0.0,0.0,0.8573158383369446,0.14268414676189423,2,-0.7146316915750504,0.32267027646244323,-2.760873040505966,2.530628925396752,0.5914008762331846,0.32267027646244323,0.004383467142234134,0.8703951581160085,0.12522137474175726,0.004383467142234134,0.8703951581160085,0.12522137474175726,0.8703951581160085,0.004383467142234134,-0.7451737833742513,2,2,0.256,1040.0,0.9303916841745377,0.9813929123148705,-0.4313929123148704
305,305,categorical_soft,1,1,True,0.15134368036888202,0.0,0.0,0.8486562967300415,0.1513436734676361,2,-0.6973126232624054,0.3406276389193408,-2.0236525828572427,1.7507753096530572,0.48169327720671457,0.3406276389193408,0.017601118131083664,0.7667656776025994,0.21563320426631688,0.017601118131083664,0.7667656776025994,0.21563320426631688,0.7667656776025994,0.017601118131083664,-0.5511324733362826,2,2,0.256,560.0,0.6133843287825584,0.9519607250283878,-0.40196072502838776
306,306,categorical_soft,1,1,True,0.17814919649739103,0.0,0.0,0.8218507766723633,0.17814919352531433,2,-0.643701583147049,0.34652652835968367,-1.9172202780585557,1.349175360945526,0.68894619301503,0.34652652835968367,0.024521292790274575,0.6430087117723526,0.33246999543737277,0.024521292790274575,0.6430087117723526,0.33246999543737277,0.6430087117723526,0.024521292790274575,-0.31053871633497987,2,2,0.128,830.0,0.48410578817129135,0.8834798048379447,-0.3334798048379447
307,307,categorical_soft,0,0,False,0.0,0.0,1.0,0.0,0.0,1,-1.0,0.5695466418488524,2.9562723170795677,-0.19368761622716152,-1.934870403979605,0.5695466418488524,0.951880929838355,0.04093358016364929,0.00718548999799572,0.951880929838355,0.04093358016364929,0.00718548999799572,0.951880929838355,0.04093358016364929,-0.9446954398403593,1,1,0.128,430.0,0.6822309195995331,0.9701567791206914,-0.4201567791206914
308,308,categorical_soft,0,0,True,0.19729139267598805,0.0,0.802708625793457,0.0,0.19729138910770416,1,-0.6054172366857529,0.3834327747381917,0.22816201110972564,0.16022316866940564,0.08579020065381282,0.3834327747381917,0.35716521597293355,0.3328703444206281,0.30996443960643844,0.35716521597293355,0.3328703444206281,0.30996443960643844,0.35716521597293355,0.3328703444206281,-0.04720077636649511,1,1,0.032,520.0,0.3433762788772583,0.8465847675222417,-0.2965847675222416
309,309,categorical_soft,1,1,False,0.0,0.0,0.0,1.0,0.0,2,-1.0,0.49829481083532084,2.731829189864141,0.43385591514499444,-2.317833105114896,0.49829481083532084,0.9031578836480086,0.09102427624533257,0.005817840106658823,0.9031578836480086,0.09102427624533257,0.005817840106658823,0.09102427624533257,0.9031578836480086,-0.08520643613867375,1,1,0.0,1000.0,0.5186137944401708,0.8797866948377613,-0.32978669483776124
310,310,categorical_soft,1,1,False,0.0,0.0,0.0,1.0,0.0,2,-1.0,0.5131112849777894,1.2627563646536193,1.5208420394745026,-1.9500047651718149,0.5131112849777894,0.4283154690467044,0.5543560059639827,0.0173285249893129,0.4283154690467044,0.5543560059639827,0.0173285249893129,0.5543560059639827,0.4283154690467044,-0.5370274809746698,2,2,0.032,970.0,0.39643021300435066,0.8063145232842015,-0.25631452328420146
311,311,categorical_soft,1,1,True,0.15569712710598393,0.0,0.0,0.8443028926849365,0.15569712221622467,2,-0.6886057704687119,0.33663389349669415,-2.184179135946095,1.625686525438758,0.7264184367011515,0.33663389349669415,0.015496170836789409,0.6996533595171481,0.2848504696460624,0.015496170836789409,0.6996533595171481,0.2848504696460624,0.6996533595171481,0.015496170836789409,-0.4148028898710857,2,2,0.256,650.0,0.5836306642740965,0.9388779207407766,-0.38887792074077654
312,312,categorical_soft,1,1,False,0.0,0.0,0.0,1.0,0.0,2,-1.0,0.472122962449731,-2.199092035450892,2.9239154387225863,-0.45919240336287226,0.472122962449731,0.005734083530986377,0.9613612322432521,0.03290468422576142,0.005734083530986377,0.9613612322432521,0.03290468422576142,0.9613612322432521,0.005734083530986377,-0.9284565480174907,2,2,0.512,610.0,0.9209451451897621,0.9883116426258042,-0.43831164262580413
313,313,categorical_soft,0,0,False,0.0,0.0,1.0,0.0,0.0,1,-1.0,0.5139883263309818,5.149183508131756,-0.9621769747595301,-2.990935182177055,0.5139883263309818,0.9974739450809829,0.002233183784112934,0.00029287113490427346,0.9974739450809829,0.002233183784112934,0.00029287113490427346,0.9974739450809829,0.002233183784112934,-0.9971810739460786,1,1,0.512,640.0,1.0328418463468552,0.9929736339388011,-0.44297363393880107
314,314,categorical_soft,0,0,False,0.0,0.0,1.0,0.0,0.0,1,-1.0,0.5677304299399238,2.7851682299684026,-0.04953305526238923,-1.9181340824534399,0.5677304299399238,0.9363006958652378,0.0551767287829041,0.008522575351858292,0.9363006958652378,0.0551767287829041,0.008522575351858292,0.9363006958652378,0.0551767287829041,-0.9277781205133795,1,1,0.064,740.0,0.653642937541008,0.9510753730288615,-0.4010753730288614
315,315,categorical_soft,1,1,True,0.18445459278003695,0.0,0.0,0.815545380115509,0.18445459008216858,2,-0.6310907900333405,0.30161444722798575,-0.31680786962887997,0.4573074474892067,0.185104824016933,0.30161444722798575,0.2077489028572687,0.44972432811578367,0.34252676902694756,0.2077489028572687,0.44972432811578367,0.34252676902694756,0.44972432811578367,0.2077489028572687,-0.1071975590888361,2,2,0.064,410.0,0.3565915375947952,0.8705246549234951,-0.320524654923495
316,316,categorical_soft,1,1,True,0.14385024512179656,0.0,0.0,0.8561497330665588,0.14385025203227997,2,-0.7122994810342789,0.347954672675751,-2.0349791331790805,1.6828860400234014,0.5071824676158124,0.347954672675751,0.018220823475662926,0.7501228402040989,0.23165633632023805,0.018220823475662926,0.7501228402040989,0.23165633632023805,0.7501228402040989,0.018220823475662926,-0.5184665038838608,2,2,0.512,450.0,0.7426585806533694,0.9771188704324757,-0.42711887043247565
317,317,categorical_soft,1,1,True,0.2529653022322077,0.0,0.0,0.7470346689224243,0.2529653012752533,2,-0.494069367647171,0.30640725234763505,2.0829101068763127,-1.6271970721677662,0.5511343344359669,0.30640725234763505,0.8059013178659287,0.01983706119780261,0.17426162093626868,0.8059013178659287,0.01983706119780261,0.17426162093626868,0.01983706119780261,0.8059013178659287,0.15442455973846608,1,1,0.0,840.0,0.31598392128944397,0.7663283213325881,-0.21632832133258806
318,318,categorical_soft,1,1,False,0.0,0.0,0.0,1.0,0.0,2,-1.0,0.45173343326304094,-0.02025382748926154,2.3554196487357095,-1.6012355597205314,0.45173343326304094,0.08355986205699298,0.8989605606902794,0.017479577252727477,0.08355986205699298,0.8989605606902794,0.017479577252727477,0.8989605606902794,0.08355986205699298,-0.8814809834375519,2,2,0.032,690.0,0.6099110618233681,0.9433591631568852,-0.3933591631568851
319,319,categorical_soft,0,0,False,0.0,0.0,1.0,0.0,0.0,1,-1.0,0.55401595276969,3.3860115341306924,-0.45558403809894,-2.075513445205972,0.55401595276969,0.9748322967642672,0.021000322433233447,0.004167380802499243,0.9748322967642672,0.021000322433233447,0.004167380802499243,0.9748322967642672,0.021000322433233447,-0.970664915961768,1,1,0.256,420.0,0.8809878528118134,0.9886837339785269,-0.4386837339785269
320,320,categorical_soft,1,1,False,0.0,0.0,0.0,1.0,0.0,2,-1.0,0.5480435288155472,1.454556701658553,0.9561003984937788,-1.7036988159771558,0.5480435288155472,0.6059808663140728,0.3682025810228344,0.025816552663092972,0.6059808663140728,0.3682025810228344,0.025816552663092972,0.3682025810228344,0.6059808663140728,-0.3423860283597414,1,1,0.0,700.0,0.10261709988117218,0.5764236634331203,-0.026423663433120304
321,321,categorical_soft,0,0,True,0.1402273227231401,0.0,0.8597726821899414,0.0,0.1402273178100586,1,-0.7195453643798828,0.45323613201228846,3.024569798270571,-1.5712572974564347,-0.09259504686228771,0.45323613201228846,0.9474071846079115,0.009632422136382124,0.04296039325570628,0.9474071846079115,0.009632422136382124,0.04296039325570628,0.9474071846079115,0.009632422136382124,-0.9044467913522052,1,1,0.128,1000.0,1.0652206018567085,0.9907709267812306,-0.44077092678123053
322,322,categorical_soft,1,1,True,0.2867941577344816,0.0,0.0,0.7132058143615723,0.28679415583610535,2,-0.4264116585254669,0.2650977157629095,-0.13770846341813725,0.2216336516115817,0.2855767373354062,0.2650977157629095,0.25275226672788015,0.36171900882097463,0.3855287244511452,0.25275226672788015,0.36171900882097463,0.3855287244511452,0.36171900882097463,0.25275226672788015,0.02380971563017059,3,3,0.0,1030.0,0.3215598538517952,0.7283040136993101,-0.17830401369931004
323,323,categorical_soft,0,0,False,0.0,0.0,1.0,0.0,0.0,1,-1.0,0.5269760738546629,5.932128847416655,-1.3249689164178444,-3.2400844516023057,0.5269760738546629,0.9991821274856209,0.000713413984087726,0.00010445853029126544,0.9991821274856209,0.000713413984087726,0.00010445853029126544,0.9991821274856209,0.000713413984087726,-0.9990776689553296,1,1,0.512,830.0,1.0152685642242432,0.9903932264934603,-0.44039322649346024
324,324,categorical_soft,1,1,True,0.406473696242102,0.0,0.0,0.593526303768158,0.40647369623184204,2,-0.18705260753631592,0.3610115607642209,-0.19363729327052215,-0.0656026885870666,0.3270861694383557,0.3610115607642209,0.26177282465850044,0.2976082059737778,0.44061896936772166,0.26177282465850044,0.2976082059737778,0.44061896936772166,0.2976082059737778,0.26177282465850044,0.14301076339394386,3,3,0.032,910.0,0.19233771413564682,0.6214666338918414,-0.07146663389184138
325,325,categorical_soft,1,1,False,0.0,0.0,0.0,1.0,0.0,2,-1.0,0.5176909225178564,0.8370465161865296,1.3453460748378827,-1.4734315101957511,0.5176909225178564,0.3620306597135289,0.6017880841003328,0.03618125618613831,0.3620306597135289,0.6017880841003328,0.03618125618613831,0.6017880841003328,0.3620306597135289,-0.5656068279141945,2,2,0.032,580.0,0.3728146329522133,0.8557427906917575,-0.30574279069175747
326,326,categorical_soft,1,1,False,0.0,0.0,0.0,1.0,0.0,2,-1.0,0.4224921866739203,-2.4189444205321435,3.659704864984169,-0.7277023072390546,0.4224921866739203,0.0022603739785636294,0.9853926529626612,0.012346973058775315,0.0022603739785636294,0.9853926529626612,0.012346973058775315,0.9853926529626612,0.0022603739785636294,-0.9730456799038859,2,2,0.256,1060.0,0.8593176230788231,0.9731977628428837,-0.4231977628428837
327,327,categorical_soft,1,1,False,0.0,0.0,0.0,1.0,0.0,2,-1.0,0.43448803217029236,-0.6593833985565747,3.317803219109719,-1.9292274629374102,0.43448803217029236,0.018302997060772215,0.9764400991392966,0.0052569037999311815,0.018302997060772215,0.9764400991392966,0.0052569037999311815,0.9764400991392966,0.018302997060772215,-0.9711831953393655,2,2,0.064,1040.0,0.6845659837126732,0.9403402151492702,-0.3903402151492702
328,328,categorical_soft,1,1,True,0.1610820202706162,0.0,0.0,0.8389179706573486,0.16108201444149017,2,-0.6778359562158585,0.22460254904300872,-0.9015426201988526,1.6906379694299425,-0.047831567231654215,0.22460254904300872,0.05987926822710112,0.7994653750349102,0.14065535673798849,0.05987926822710112,0.7994653750349102,0.14065535673798849,0.7994653750349102,0.05987926822710112,-0.6588100182969218,2,2,0.032,1080.0,0.6413864023052156,0.9239454056477846,-0.37394540564778456
329,329,categorical_soft,1,1,False,0.0,0.0,0.0,1.0,0.0,2,-1.0,0.5129538103010484,1.1862473453247706,1.4612144220440886,-1.8437349554022273,0.5129538103010484,0.4228526508132453,0.5566047088879105,0.02054264029884422,0.4228526508132453,0.5566047088879105,0.02054264029884422,0.5566047088879105,0.4228526508132453,-0.5360620685890662,2,2,0.032,710.0,0.5105309039354324,0.9089025872845348,-0.3589025872845347
330,330,categorical_soft,0,0,True,0.13915241017614322,0.0,0.8608475923538208,0.0,0.1391524076461792,1,-0.7216951847076416,0.3585709643222049,2.784550894585978,-2.088532612746671,0.4889485595186355,0.3585709643222049,0.9016398477015753,0.006954624341742241,0.0914055279566826,0.9016398477015753,0.006954624341742241,0.0914055279566826,0.9016398477015753,0.006954624341742241,-0.8102343197448928,1,1,0.256,630.0,1.1019249856472015,0.9950456617702963,-0.44504566177029625
331,331,categorical_soft,0,0,False,0.0,0.0,1.0,0.0,0.0,1,-1.0,0.5473898586411858,1.735095112015614,0.8588775799913332,-1.8426278286724909,0.5473898586411858,0.6921632964476604,0.28843305131749786,0.019403652234841785,0.6921632964476604,0.28843305131749786,0.019403652234841785,0.6921632964476604,0.28843305131749786,-0.6727596442128186,1,1,0.0,830.0,0.20126265287399292,0.6538655747685236,-0.10386557476852354
332,332,categorical_soft,0,0,True,0.2209024574979664,0.0,0.7790975570678711,0.0,0.2209024578332901,1,-0.558195099234581,0.4845460551057979,2.3005651545414443,-0.8166204735011686,-0.2596044971649295,0.4845460551057979,0.8902954883230569,0.0396375529834448,0.07006695869349835,0.8902954883230569,0.0396375529834448,0.07006695869349835,0.8902954883230569,0.0396375529834448,-0.8202285296295586,1,1,0.064,730.0,0.34088726341724396,0.8088671033863649,-0.25886710338636487
333,333,categorical_soft,1,1,False,0.0,0.0,0.0,1.0,0.0,2,-1.0,0.5233181130417337,1.5617641985616402,1.7404168256773076,-2.3505397113958835,0.5233181130417337,0.45135660053676646,0.5395827135514496,0.009060685911784076,0.45135660053676646,0.5395827135514496,0.009060685911784076,0.5395827135514496,0.45135660053676646,-0.5305220276396655,2,2,0.0,1080.0,0.817897766828537,0.9665757296194332,-0.4165757296194331
334,334,categorical_soft,0,0,True,0.45591100746087365,0.0,0.5440890192985535,0.0,0.4559110105037689,1,-0.08817800879478455,0.37660786793068024,-0.06645225198841288,-0.24260167331226556,0.37529812072283386,0.37660786793068024,0.2946398512898849,0.24718098853778997,0.4581791601723252,0.2946398512898849,0.24718098853778997,0.4581791601723252,0.2946398512898849,0.24718098853778997,0.16353930888244028,3,3,0.032,500.0,0.05920746922492981,0.5832016383152792,-0.033201638315279114
335,335,categorical_soft,1,1,True,0.29072301708682174,0.0,0.0,0.7092769742012024,0.2907230257987976,2,-0.4185539484024048,0.2788062712376817,0.8343315356706063,0.4779383099616358,-0.4158966790580383,0.2788062712376817,0.502900142015813,0.3520570740129,0.14504278397128695,0.502900142015813,0.3520570740129,0.14504278397128695,0.3520570740129,0.502900142015813,-0.20701429004161304,1,1,0.0,1190.0,0.3566339612007141,0.7242176165579642,-0.1742176165579642
336,336,categorical_soft,1,1,True,0.4317453803135542,0.0,0.0,0.5682545900344849,0.43174538016319275,2,-0.13650920987129211,0.2991531153965768,-0.17567206737759197,0.12646132402111013,0.3063737815285896,0.2991531153965768,0.25179512845826163,0.3406813668977281,0.4075235046440103,0.25179512845826163,0.3406813668977281,0.4075235046440103,0.3406813668977281,0.25179512845826163,0.06684213774628223,3,3,0.0,650.0,0.11160320788621902,0.6016966688828335,-0.05169666888283342
337,337,categorical_soft,0,0,False,0.0,0.0,1.0,0.0,0.0,1,-1.0,0.5285846672338504,6.099476340530115,-1.4626141389619787,-3.2379203214637493,0.5285846672338504,0.9993849404472718,0.0005265185096820741,8.854104304608448e-05,0.9993849404472718,0.0005265185096820741,8.854104304608448e-05,0.9993849404472718,0.0005265185096820741,-0.9992963994042257,1,1,0.256,1190.0,0.9339479058980942,0.9781629898726585,-0.42816298987265844
338,338,categorical_soft,1,1,False,0.0,0.0,0.0,1.0,0.0,2,-1.0,0.4147027369533306,-1.286864262599123,3.547105786440786,-1.6147325815036973,0.4147027369533306,0.007855374876178354,0.9864208834206375,0.005723741703184111,0.007855374876178354,0.9864208834206375,0.005723741703184111,0.9864208834206375,0.007855374876178354,-0.9806971417174534,2,2,0.128,940.0,0.7707909550517797,0.964490488674304,-0.41449048867430394
339,339,categorical_soft,1,1,True,0.1604912039489657,0.0,0.0,0.8395087718963623,0.1604911983013153,2,-0.679017573595047,0.3579062682893486,-1.5847967876354772,1.1659915660602589,0.5073868608105434,0.3579062682893486,0.04037746113228249,0.6322215119508395,0.327401026916878,0.04037746113228249,0.6322215119508395,0.327401026916878,0.6322215119508395,0.04037746113228249,-0.30482048503396153,2,2,0.128,700.0,0.5527637246996164,0.9255232317218494,-0.3755232317218493
340,340,categorical_soft,0,0,False,0.0,0.0,1.0,0.0,0.0,1,-1.0,0.5195933747327623,4.302894237871666,-0.6379161272821241,-2.645745617908519,0.5195933747327623,0.991908369936864,0.007132073483643209,0.0009595565794926821,0.991908369936864,0.007132073483643209,0.0009595565794926821,0.991908369936864,0.007132073483643209,-0.9909488133573714,1,1,0.064,1130.0,0.7965922951698303,0.9608160830938423,-0.4108160830938422
341,341,categorical_soft,1,1,True,0.6383385305031333,0.0,0.0,0.36166146397590637,0.6383385062217712,3,0.27667704224586487,0.36058964577482217,0.3271159456390639,0.16841407590747354,0.04142960830523611,0.36058964577482217,0.3837839355580346,0.3269285385738952,0.2892875258680702,0.3837839355580346,0.3269285385738952,0.2892875258680702,0.3269285385738952,0.3837839355580346,-0.03764101270582498,1,1,0.0,830.0,0.024197444319725037,0.44178459489913063,0.10821540510086941
342,342,categorical_soft,0,0,True,0.3484725113930036,0.0,0.651527464389801,0.0,0.3484725058078766,1,-0.30305495858192444,0.30348593098987287,-0.017560358271997718,0.1255850115848123,0.2540532977009186,0.30348593098987287,0.288818275447192,0.33271922806014986,0.37846249649265806,0.288818275447192,0.33271922806014986,0.37846249649265806,0.288818275447192,0.33271922806014986,0.08964422104546604,3,3,0.0,930.0,0.2401103377342224,0.6696039189278831,-0.11960391892788302
343,343,categorical_soft,0,0,True,0.1408680466465338,0.0,0.859131932258606,0.0,0.14086805284023285,1,-0.7182638794183731,0.44942335121339444,3.267617218379962,-1.6375933801718976,-0.20555437711061172,0.44942335121339444,0.9621626381517787,0.007178524562709926,0.03065883728551133,0.9621626381517787,0.007178524562709926,0.03065883728551133,0.9621626381517787,0.007178524562709926,-0.9315038008662674,1,1,0.128,930.0,0.998799242079258,0.9882740667620786,-0.4382740667620786
344,344,categorical_soft,1,1,False,0.0,0.0,0.0,1.0,0.0,2,-1.0,0.4056838766767566,-1.8664894574568731,3.9394073412602166,-1.4234488639157339,0.4056838766767566,0.0029911521338330115,0.9923033277013478,0.004705520164819308,0.0029911521338330115,0.9923033277013478,0.004705520164819308,0.9923033277013478,0.0029911521338330115,-0.9875978075365285,2,2,0.128,1190.0,0.9841103702783585,0.9828513713934699,-0.43285137139346985
345,345,categorical_soft,0,0,False,0.0,0.0,1.0,0.0,0.0,1,-1.0,0.5525982862213773,3.4778386509495505,-0.3424866625516202,-2.2249950884549317,0.5525982862213773,0.9752577940967733,0.021467270901318485,0.0032749350019082774,0.9752577940967733,0.021467270901318485,0.0032749350019082774,0.9752577940967733,0.021467270901318485,-0.971982859094865,1,1,0.064,690.0,0.6364440619945526,0.9499356388377335,-0.3999356388377334
346,346,categorical_soft,0,0,False,0.0,0.0,1.0,0.0,0.0,1,-1.0,0.5091990780381039,2.130278963935073,0.4528033275086255,-1.854097958918534,0.5091990780381039,0.8291440975135389,0.15533583326249364,0.015520069223967531,0.8291440975135389,0.15533583326249364,0.015520069223967531,0.8291440975135389,0.15533583326249364,-0.8136240282895714,1,1,0.032,640.0,0.6729329973459244,0.9601760593339327,-0.41017605933393264
347,347,categorical_soft,1,1,False,0.0,0.0,0.0,1.0,0.0,2,-1.0,0.4301654577561317,-2.718555726659009,3.356540250262826,-0.27026303374589483,0.4301654577561317,0.002236056784941609,0.9717622389684888,0.02600170424656963,0.002236056784941609,0.9717622389684888,0.02600170424656963,0.9717622389684888,0.002236056784941609,-0.9457605347219191,2,2,0.512,850.0,0.9372682347893715,0.9856319148970634,-0.4356319148970633
348,348,categorical_soft,0,0,False,0.0,0.0,1.0,0.0,0.0,1,-1.0,0.5556697437495575,3.387495439165499,-0.3367959702296895,-2.159906821825845,0.5556697437495575,0.9726217363168177,0.02356380600754714,0.0038144576756351397,0.9726217363168177,0.02356380600754714,0.0038144576756351397,0.9726217363168177,0.02356380600754714,-0.9688072786411825,1,1,0.064,750.0,0.7316131889820099,0.965721529342436,-0.415721529342436
349,349,categorical_soft,1,1,False,0.0,0.0,0.0,1.0,0.0,2,-1.0,0.4245919421060722,-2.4427062550533862,3.607816909010038,-0.6739267048462271,0.4245919421060722,0.0023213897381088124,0.9839782304876883,0.013700379774202858,0.0023213897381088124,0.9839782304876883,0.013700379774202858,0.9839782304876883,0.0023213897381088124,-0.9702778507134854,2,2,0.256,1070.0,1.012370828539133,0.9870300100435582,-0.4370300100435581
350,350,categorical_soft,1,1,True,0.14918507993551788,0.0,0.0,0.850814938545227,0.14918507635593414,2,-0.7016298621892929,0.3412774447125274,-1.1504803072106344,1.5776163284462184,-0.0009304152380795287,0.3412774447125274,0.05149015125347839,0.7862262330570474,0.16228361568947422,0.05149015125347839,0.7862262330570474,0.16228361568947422,0.7862262330570474,0.05149015125347839,-0.6239426173675732,2,2,0.064,650.0,0.6683630901388824,0.9588353278858958,-0.4088353278858957
351,351,categorical_soft,0,0,False,0.0,0.0,1.0,0.0,0.0,1,-1.0,0.5482904011810864,7.94977475986493,-3.2618306046558474,-2.948400263875451,0.5482904011810864,0.9999675433436032,1.392753630414959e-05,1.8529120092770182e-05,0.9999675433436032,1.392753630414959e-05,1.8529120092770182e-05,0.9999675433436032,1.392753630414959e-05,-0.9999490142235103,1,1,0.512,1120.0,1.1905434653162956,0.994218091239636,-0.44421809123963596
352,352,categorical_soft,1,1,False,0.0,0.0,0.0,1.0,0.0,2,-1.0,0.4459894693211918,-0.6316995921263059,2.9388547835699272,-1.6741468162063349,0.4459894693211918,0.02711328841248007,0.9631344011246468,0.00975231046287318,0.02711328841248007,0.9631344011246468,0.00975231046287318,0.9631344011246468,0.02711328841248007,-0.9533820906617736,2,2,0.256,400.0,0.7987911775708199,0.9835424597184669,-0.43354245971846683
353,353,categorical_soft,0,0,True,0.4211503580432464,0.0,0.5788496136665344,0.0,0.4211503565311432,1,-0.15769925713539124,0.38585882875379063,-0.23756465370173824,-0.08442475533172297,0.32877374721296493,0.38585882875379063,0.2546070277802101,0.2968618234813653,0.4485311487384246,0.2546070277802101,0.2968618234813653,0.4485311487384246,0.2546070277802101,0.2968618234813653,0.19392412095821449,3,3,0.0,610.0,0.1087988018989563,0.6099215844506183,-0.05992158445061824
354,354,categorical_soft,1,1,True,0.1510709433256638,0.0,0.0,0.8489290475845337,0.15107093751430511,2,-0.6978581100702286,0.32625746889186774,1.7643836001119872,-1.1925673694226986,0.3843560165771016,0.32625746889186774,0.7668628532687085,0.040026400641662,0.19311074608962958,0.7668628532687085,0.040026400641662,0.19311074608962958,0.040026400641662,0.7668628532687085,0.1530843454479676,1,1,0.0,970.0,0.7178128808736801,0.9528142824883851,-0.402814282488385
355,355,categorical_soft,1,1,True,0.1748082876324218,0.0,0.0,0.8251917362213135,0.1748082935810089,2,-0.6503834426403046,0.3317901103122017,0.8558781820358348,-0.501264477442559,0.316132517684096,0.3317901103122017,0.5429816929183893,0.14015951354873832,0.31685879353287233,0.5429816929183893,0.14015951354873832,0.31685879353287233,0.14015951354873832,0.5429816929183893,0.176699279984134,1,1,0.0,900.0,0.5160111337900162,0.8907261062024602,-0.34072610620246013
356,356,categorical_soft,1,1,True,0.1575029186359953,0.0,0.0,0.8424971103668213,0.1575029194355011,2,-0.6849941909313202,0.35038597194756493,0.6390476431666572,0.8805114565293926,-0.5402865500091651,0.35038597194756493,0.38747002749849846,0.4930276759288327,0.1195022965726688,0.38747002749849846,0.4930276759288327,0.1195022965726688,0.4930276759288327,0.38747002749849846,-0.37352537935616387,2,2,0.032,880.0,0.6224783137440681,0.9337274851666373,-0.38372748516663724
357,357,categorical_soft,0,0,True,0.16152437249962082,0.0,0.8384756445884705,0.0,0.16152437031269073,1,-0.6769512742757797,0.3154464362446196,1.5888306658424125,-1.1579409687804898,0.4745348733072342,0.3154464362446196,0.7180867204677039,0.04620763783956541,0.23570564169273062,0.7180867204677039,0.04620763783956541,0.23570564169273062,0.7180867204677039,0.04620763783956541,-0.4823810787749733,1,1,0.064,680.0,0.5398712754249573,0.9227732052409395,-0.3727732052409395
358,358,categorical_soft,1,1,True,0.1639196719211149,0.0,0.0,0.8360803127288818,0.16391967236995697,2,-0.6721606403589249,0.3162016973535555,1.0216311405022402,-0.6428013269761975,0.3652859235708521,0.3162016973535555,0.5852070377677803,0.11098656201976209,0.30380640021245764,0.5852070377677803,0.11098656201976209,0.30380640021245764,0.11098656201976209,0.5852070377677803,0.19281983819269555,1,1,0.0,490.0,0.4761205166578293,0.9165568128082685,-0.36655681280826846
359,359,categorical_soft,1,1,True,0.15313656571740325,0.0,0.0,0.8468634486198425,0.15313656628131866,2,-0.6937268823385239,0.33856431527395564,-2.0813274150777388,1.6380710222681418,0.6281456279384598,0.33856431527395564,0.017460715014154606,0.7201037462082737,0.2624355387775716,0.017460715014154606,0.7201037462082737,0.2624355387775716,0.7201037462082737,0.017460715014154606,-0.4576682074307021,2,2,0.256,620.0,0.6048325188457966,0.9464525557523773,-0.39645255575237726
360,360,categorical_soft,1,1,True,0.19101452359725563,0.0,0.0,0.8089854717254639,0.19101452827453613,2,-0.6179709434509277,0.3245065486987838,-0.6351319065323062,0.2892413670356753,0.369955741346342,0.3245065486987838,0.15978852118877138,0.40322571583422195,0.4369857629770066,0.15978852118877138,0.40322571583422195,0.4369857629770066,0.40322571583422195,0.15978852118877138,0.03376004714278463,3,3,0.032,450.0,0.34453414287418127,0.8579223921921969,-0.30792239219219686
361,361,categorical_soft,1,1,False,0.0,0.0,0.0,1.0,0.0,2,-1.0,0.42596377470813324,-0.2597669688370136,3.5140052487673223,-2.359396999773896,0.42596377470813324,0.02238973231363825,0.9747970472782228,0.002813220408138951,0.02238973231363825,0.9747970472782228,0.002813220408138951,0.9747970472782228,0.02238973231363825,-0.9719838268700839,2,2,0.128,710.0,0.8633746355772018,0.9826042518450617,-0.4326042518450617
362,362,categorical_soft,0,0,True,0.14734526445152907,0.0,0.852654755115509,0.0,0.14734525978565216,1,-0.7053094953298569,0.3491560887149424,2.0991100794893014,-1.3535508721950715,0.3244084429423956,0.3491560887149424,0.8320250727845038,0.02648550063205012,0.14148942658344615,0.8320250727845038,0.02648550063205012,0.14148942658344615,0.8320250727845038,0.02648550063205012,-0.6905356462010577,1,1,0.064,960.0,0.7782713621854782,0.9649209701609414,-0.4149209701609413
363,363,categorical_soft,1,1,True,0.2824668882215106,0.0,0.0,0.7175331115722656,0.2824668884277344,2,-0.43506622314453125,0.35453218618084603,-1.2243461246297558,0.7923096425237446,0.5267336811769484,0.35453218618084603,0.07002617896796745,0.5263003062386041,0.40367351479342817,0.07002617896796745,0.5263003062386041,0.40367351479342817,0.5263003062386041,0.07002617896796745,-0.12262679144517596,2,2,0.064,1130.0,0.35082195699214935,0.7328745950828798,-0.18287459508287973
364,364,categorical_soft,0,0,False,0.0,0.0,1.0,0.0,0.0,1,-1.0,0.5696229475380694,2.8841944339236334,-0.10003452019089383,-1.9514499548428443,0.5696229475380694,0.9445286165736426,0.0479376839723808,0.007533699453976604,0.9445286165736426,0.0479376839723808,0.007533699453976604,0.9445286165736426,0.0479376839723808,-0.936994917119666,1,1,0.032,530.0,0.5941829681396484,0.949229112265047,-0.399229112265047
365,365,categorical_soft,0,0,False,0.0,0.0,1.0,0.0,0.0,1,-1.0,0.5466675056598372,7.403871732573608,-2.8286396790394943,-2.942151689495526,0.5466675056598372,0.9999309013491324,3.6887811241392816e-05,3.2210839626186555e-05,0.9999309013491324,3.6887811241392816e-05,3.2210839626186555e-05,0.9999309013491324,3.6887811241392816e-05,-0.9998986905095062,1,1,0.512,1120.0,1.3508169502019882,0.9973610056548473,-0.44736100565484727
366,366,categorical_soft,1,1,False,0.0,0.0,0.0,1.0,0.0,2,-1.0,0.418913009696095,-1.2675082861775617,3.4563729452172325,-1.5716714105181429,0.418913009696095,0.00875470834031685,0.9847134984403711,0.006531793219312067,0.00875470834031685,0.9847134984403711,0.006531793219312067,0.9847134984403711,0.00875470834031685,-0.9781817052210591,2,2,0.128,970.0,0.7826331406831741,0.9652369443596681,-0.41523694435966807
367,367,categorical_soft,0,0,False,0.0,0.0,1.0,0.0,0.0,1,-1.0,0.543629872558747,3.692367911446399,-0.4280900774374007,-2.330248983746696,0.543629872558747,0.9815958186071606,0.016008187045770644,0.002395994347068571,0.9815958186071606,0.016008187045770644,0.002395994347068571,0.9815958186071606,0.016008187045770644,-0.979199824260092,1,1,0.032,840.0,0.5968253463506699,0.9287462190401073,-0.3787462190401073
368,368,categorical_soft,0,0,False,0.0,0.0,1.0,0.0,0.0,1,-1.0,0.5501954522235298,3.5448321992158314,-0.46439562655414346,-2.188364607986745,0.5501954522235298,0.9789700615127593,0.017839310190377333,0.003190628296863396,0.9789700615127593,0.017839310190377333,0.003190628296863396,0.9789700615127593,0.017839310190377333,-0.975779433215896,1,1,0.128,840.0,0.846636950969696,0.978011866019843,-0.428011866019843
369,369,categorical_soft,0,0,True,0.549994792500617,0.0,0.4500052034854889,0.0,0.5499947667121887,3,0.09998956322669983,0.3486797294572465,-0.11324700230193505,-0.06549450779756398,0.3258890277222036,0.3486797294572465,0.2777662583457176,0.29139517540732807,0.4308385662469544,0.2777662583457176,0.29139517540732807,0.4308385662469544,0.2777662583457176,0.29139517540732807,0.15307230790123677,3,3,0.0,670.0,0.04256966710090637,0.5123068033698828,0.037693196630117276
370,370,categorical_soft,0,0,False,0.0,0.0,1.0,0.0,0.0,1,-1.0,0.5608974733115741,3.2714881781619938,-0.14519045764333577,-2.208231872078266,0.5608974733115741,0.9641822828549188,0.0317752775045826,0.004042439640498631,0.9641822828549188,0.0317752775045826,0.004042439640498631,0.9641822828549188,0.0317752775045826,-0.9601398432144201,1,1,0.032,740.0,0.4386346563696861,0.8711185197845402,-0.3211185197845402
371,371,categorical_soft,1,1,True,0.7409121730578815,0.0,0.0,0.25908783078193665,0.7409121990203857,3,0.4818243682384491,0.3293459218739879,0.45683247790786696,0.14654499776504276,-0.00730165239032701,0.3293459218739879,0.4229145339417914,0.3098467280307875,0.2672387380274211,0.4229145339417914,0.3098467280307875,0.2672387380274211,0.3098467280307875,0.4229145339417914,-0.0426079900033664,1,1,0.0,1170.0,0.02112467586994171,0.34098459826029615,0.2090154017397039
372,372,categorical_soft,0,0,False,0.0,0.0,1.0,0.0,0.0,1,-1.0,0.5353606588125127,3.990296867985471,-0.46224328593041764,-2.5315276896974455,0.5353606588125127,0.986983200701089,0.011553244600843959,0.0014635546980670752,0.986983200701089,0.011553244600843959,0.0014635546980670752,0.986983200701089,0.011553244600843959,-0.985519646003022,1,1,0.032,1180.0,0.820691667497158,0.9629470093439594,-0.41294700934395934
373,373,categorical_soft,0,0,True,0.13859959724236742,0.0,0.8614004254341125,0.0,0.13859960436820984,1,-0.7228008210659027,0.26686090104047244,2.7583349642597503,-2.56073331447216,0.8781103579383684,0.26686090104047244,0.8638989637543905,0.004266545277345279,0.13183449096826425,0.8638989637543905,0.004266545277345279,0.13183449096826425,0.8638989637543905,0.004266545277345279,-0.7320644727861262,1,1,0.256,720.0,1.2470764820463955,0.9972876295955952,-0.4472876295955952
374,374,categorical_soft,0,0,True,0.142547742111232,0.0,0.8574522733688354,0.0,0.14254774153232574,1,-0.7149045318365097,0.30320137591499774,2.088776838478408,-1.659253280041937,0.574566672870837,0.30320137591499774,0.8040289657632671,0.019056061913054128,0.17691497232367878,0.8040289657632671,0.019056061913054128,0.17691497232367878,0.8040289657632671,0.019056061913054128,-0.6271139934395883,1,1,0.064,680.0,0.8477915152907372,0.9819000580393523,-0.4319000580393523
375,375,categorical_soft,1,1,True,0.17110929758369697,0.0,0.0,0.8288906812667847,0.17110930383205414,2,-0.6577813774347305,0.3333956441694388,-0.21712313055973417,0.007958846166470777,0.33298214693611444,0.3333956441694388,0.2508334772229849,0.3143544896499987,0.4348120331270165,0.2508334772229849,0.3143544896499987,0.4348120331270165,0.3143544896499987,0.2508334772229849,0.12045754347701781,3,3,0.032,850.0,0.5218647550791502,0.8990958545060396,-0.3490958545060395
376,376,categorical_soft,0,0,False,0.0,0.0,1.0,0.0,0.0,1,-1.0,0.538435714728134,3.836831338806326,-0.4716178999533655,-2.410193275052353,0.538435714728134,0.9847685190195961,0.013309964450429698,0.0019215165299742213,0.9847685190195961,0.013309964450429698,0.0019215165299742213,0.9847685190195961,0.013309964450429698,-0.9828470024896219,1,1,0.032,1110.0,0.7185393869876862,0.9448057440354843,-0.3948057440354843
377,377,categorical_soft,1,1,True,0.17171995835359766,0.0,0.0,0.8282800316810608,0.17171995341777802,2,-0.6565600782632828,0.3478208329649645,1.1885651911474289,-0.6472450498789739,0.26110299846927465,0.3478208329649645,0.6425316958503184,0.10286496037481438,0.25460334377486726,0.6425316958503184,0.10286496037481438,0.25460334377486726,0.10286496037481438,0.6425316958503184,0.15173838340005288,1,1,0.0,510.0,0.43530239164829254,0.8976874868146086,-0.3476874868146086
378,378,categorical_soft,0,0,True,0.14159409893896185,0.0,0.8584058880805969,0.0,0.14159409701824188,1,-0.716811791062355,0.29750623608316695,2.2370171378195454,-1.8356502218168445,0.6252701285504052,0.29750623608316695,0.8218660346098504,0.014088297770596132,0.1640456676195534,0.8218660346098504,0.014088297770596132,0.1640456676195534,0.8218660346098504,0.014088297770596132,-0.657820366990297,1,1,0.128,680.0,0.8935141116380692,0.9854890640603567,-0.4354890640603567
379,379,categorical_soft,1,1,True,0.15317525639557306,0.0,0.0,0.8468247652053833,0.1531752496957779,2,-0.6936495155096054,0.34720168264641155,-1.727558437626407,1.9773320752122747,0.1039838213229535,0.34720168264641155,0.02090757035416423,0.8486184726797456,0.13047395696609027,0.02090757035416423,0.8486184726797456,0.13047395696609027,0.8486184726797456,0.02090757035416423,-0.7181445157136552,2,2,0.256,510.0,0.5773737840354443,0.9463356041727776,-0.3963356041727776
380,380,categorical_soft,1,1,True,0.16881225547255846,0.0,0.0,0.8311877250671387,0.16881226003170013,2,-0.6623754650354385,0.3533851671767747,-1.2013217632764652,0.9333903060345718,0.3542737672900748,0.3533851671767747,0.0704378707557197,0.595625306990719,0.33393682225356114,0.0704378707557197,0.595625306990719,0.33393682225356114,0.595625306990719,0.0704378707557197,-0.2616884847371579,2,2,0.128,400.0,0.42385962195839966,0.9044932597432849,-0.3544932597432848
381,381,categorical_soft,0,0,True,0.13994749393293426,0.0,0.8600525259971619,0.0,0.13994748890399933,1,-0.7201050370931625,0.2671725628878664,2.5747173419478324,-2.3750643934999904,0.8478622155256474,0.2671725628878664,0.8438667202236616,0.0060275800607163055,0.15010569971562213,0.8438667202236616,0.0060275800607163055,0.15010569971562213,0.8438667202236616,0.0060275800607163055,-0.6937610205080394,1,1,0.256,610.0,0.9956440702080727,0.9918732366503379,-0.44187323665033784
382,382,categorical_soft,0,0,False,0.0,0.0,1.0,0.0,0.0,1,-1.0,0.5703663626537366,3.1526207254447893,-0.41160176762613015,-1.9172061989034532,0.5703663626537366,0.9664256850711335,0.027466036573651646,0.006108278355215063,0.9664256850711335,0.027466036573651646,0.006108278355215063,0.9664256850711335,0.027466036573651646,-0.9603174067159184,1,1,0.256,480.0,0.7710565626621246,0.9793193742271186,-0.4293193742271185
383,383,categorical_soft,1,1,True,0.14417076045447696,0.0,0.0,0.8558292388916016,0.14417076110839844,2,-0.7116584777832031,0.32942272692223357,-2.357098711100491,2.0459161533690016,0.5744134850806321,0.32942272692223357,0.009857959038013855,0.8052035243055784,0.18493851665640787,0.009857959038013855,0.8052035243055784,0.18493851665640787,0.8052035243055784,0.009857959038013855,-0.6202650076491705,2,2,0.256,760.0,0.8084479738026857,0.9759628652576691,-0.425962865257669
384,384,categorical_soft,0,0,False,0.0,0.0,1.0,0.0,0.0,1,-1.0,0.514810735474512,4.766914867718754,-0.8450671677266369,-2.8156006142888144,0.514810735474512,0.9958208380960448,0.003668675218163356,0.0005104866857917723,0.9958208380960448,0.003668675218163356,0.0005104866857917723,0.9958208380960448,0.003668675218163356,-0.995310351410253,1,1,0.128,1080.0,0.9401882588863373,0.9813913142856413,-0.43139131428564126
385,385,categorical_soft,1,1,True,0.14549609815167108,0.0,0.0,0.8545039296150208,0.14549610018730164,2,-0.7090078294277191,0.3358200392969673,-2.1951791959855034,1.7846662667481634,0.6121889355601946,0.3358200392969673,0.01406843322870098,0.7527537343454856,0.2331778324258134,0.01406843322870098,0.7527537343454856,0.2331778324258134,0.7527537343454856,0.01406843322870098,-0.5195759019196722,2,2,0.256,770.0,0.7735878583043814,0.9712650823388411,-0.4212650823388411
386,386,categorical_soft,0,0,True,0.1386766372350519,0.0,0.861323356628418,0.0,0.13867664337158203,1,-0.7226467132568359,0.270056661198894,2.763035124614989,-2.5408239892355353,0.8603989560182745,0.270056661198894,0.8663650637283922,0.0043443922221541335,0.12929054404945356,0.8663650637283922,0.0043443922221541335,0.12929054404945356,0.8663650637283922,0.0043443922221541335,-0.7370745196789386,1,1,0.512,400.0,1.1461854800581932,0.9969733685655217,-0.4469733685655216
387,387,categorical_soft,0,0,False,0.0,0.0,1.0,0.0,0.0,1,-1.0,0.5241819440165548,4.13061520047542,-0.6870073534001209,-2.4711783126767237,0.5241819440165548,0.990586595466468,0.00805909559666842,0.0013543089368636871,0.990586595466468,0.00805909559666842,0.0013543089368636871,0.990586595466468,0.00805909559666842,-0.9892322865296043,1,1,0.256,660.0,0.940440259873867,0.9887148115988028,-0.43871481159880277
388,388,categorical_soft,1,1,True,0.16684084755566841,0.0,0.0,0.8331591486930847,0.16684085130691528,2,-0.6663182973861694,0.31494792182914655,-2.0408051195948542,2.1101634242424367,0.3614485156319119,0.31494792182914655,0.013240974687705881,0.840496062757541,0.14626296255475307,0.013240974687705881,0.840496062757541,0.14626296255475307,0.840496062757541,0.013240974687705881,-0.694233100202788,2,2,0.064,1010.0,0.5850121323019266,0.90925726285887,-0.35925726285886994
389,389,categorical_soft,0,0,False,0.0,0.0,1.0,0.0,0.0,1,-1.0,0.5603412066859819,3.3220469003446795,-0.24841617836348978,-2.170525540783413,0.5603412066859819,0.9686190118041985,0.02737005355762349,0.004010934638177992,0.9686190118041985,0.02737005355762349,0.004010934638177992,0.9686190118041985,0.02737005355762349,-0.9646080771660205,1,1,0.064,880.0,0.4785623997449875,0.8741640467966116,-0.3241640467966116
390,390,categorical_soft,1,1,True,0.2760299416475489,0.0,0.0,0.7239700555801392,0.27602994441986084,2,-0.4479401111602783,0.3006978875768936,0.8946610171485302,-0.6288335506879446,0.4059611102779715,0.3006978875768936,0.5459095155461697,0.1191075484266217,0.33498293602720863,0.5459095155461697,0.1191075484266217,0.33498293602720863,0.1191075484266217,0.5459095155461697,0.21587538760058694,1,1,0.0,1000.0,0.32620373368263245,0.7398172420363511,-0.18981724203635109
391,391,categorical_soft,0,0,False,0.0,0.0,1.0,0.0,0.0,1,-1.0,0.5469256259422537,3.616878590046157,-0.4819857614588671,-2.231608059307965,0.5469256259422537,0.9808084423994579,0.016342575008179122,0.002848982592362961,0.9808084423994579,0.016342575008179122,0.002848982592362961,0.9808084423994579,0.016342575008179122,-0.9779594598070949,1,1,0.128,840.0,0.7657688558101654,0.9676319299768472,-0.41763192997684717
392,392,categorical_soft,0,0,True,0.1412916564522666,0.0,0.8587083220481873,0.0,0.14129166305065155,1,-0.7174166589975357,0.2728083945356522,2.49073675480838,-2.261936636422755,0.8051133837560908,0.2728083945356522,0.8374816789036597,0.0072817198196536825,0.15523660127668662,0.8374816789036597,0.0072817198196536825,0.15523660127668662,0.8374816789036597,0.0072817198196536825,-0.6822450776269731,1,1,0.064,930.0,0.9719650354236364,0.9866435474255073,-0.43664354742550726
393,393,categorical_soft,0,0,True,0.29355228838107594,0.0,0.7064477205276489,0.0,0.2935522794723511,1,-0.41289544105529785,0.34603805283196165,-0.11393765193856809,-0.03442071969154906,0.3132416073839811,0.34603805283196165,0.2765884418515721,0.29950972309073637,0.4239018350576916,0.2765884418515721,0.29950972309073637,0.4239018350576916,0.2765884418515721,0.29950972309073637,0.14731339320611947,3,3,0.0,420.0,0.16475437581539154,0.7213106216778917,-0.17131062167789168
394,394,categorical_soft,0,0,False,0.0,0.0,1.0,0.0,0.0,1,-1.0,0.5345331223469378,3.8921465641673505,-0.5412292389274103,-2.4025779869815285,0.5345331223469378,0.9863959702560043,0.011769210326105412,0.001834819417890235,0.9863959702560043,0.011769210326105412,0.001834819417890235,0.9863959702560043,0.011769210326105412,-0.9845611508381141,1,1,0.064,1130.0,0.5938400030136108,0.9005461713773014,-0.3505461713773014
395,395,categorical_soft,0,0,True,0.22105897632457006,0.0,0.7789410352706909,0.0,0.22105897963047028,1,-0.5578820556402206,0.2878933264998439,2.212481041881866,-1.8926955775910468,0.6909726941407964,0.2878933264998439,0.8097054588370336,0.013439296897278245,0.17685524426568827,0.8097054588370336,0.013439296897278245,0.17685524426568827,0.8097054588370336,0.013439296897278245,-0.6328502145713453,1,1,0.032,1110.0,0.4338230639696121,0.8086384647508287,-0.25863846475082863
396,396,categorical_soft,1,1,False,0.0,0.0,0.0,1.0,0.0,2,-1.0,0.40051492337865674,-3.1592264685129736,3.750536235398055,-0.12801901723946718,0.40051492337865674,0.0009773072151118222,0.9786933195836797,0.020329373201208475,0.0009773072151118222,0.9786933195836797,0.020329373201208475,0.9786933195836797,0.0009773072151118222,-0.9583639463824712,2,2,0.512,1110.0,0.9393975138664246,0.9806455907424554,-0.43064559074245534
397,397,categorical_soft,1,1,False,0.0,0.0,0.0,1.0,0.0,2,-1.0,0.4070043657613838,-2.37378801491991,4.01211570589109,-0.9951799912214024,0.4070043657613838,0.0016732295263592982,0.9916296439496095,0.006697126524030994,0.0016732295263592982,0.9916296439496095,0.006697126524030994,0.9916296439496095,0.0016732295263592982,-0.9849325174255785,2,2,0.256,1050.0,0.9099549353122711,0.9792239661600461,-0.4292239661600461
398,398,categorical_soft,1,1,True,0.15284969822104216,0.0,0.0,0.8471503257751465,0.1528497040271759,2,-0.6943006217479706,0.33163188907135566,-1.094483801463507,1.0219027289907392,0.2478516909939174,0.33163188907135566,0.07616017246938625,0.6321722295313437,0.29166759799927,0.07616017246938625,0.6321722295313437,0.29166759799927,0.6321722295313437,0.07616017246938625,-0.34050463153207366,2,2,0.128,490.0,0.5764550000894815,0.9473221554846154,-0.39732215548461536
399,399,categorical_soft,1,1,True,0.22781912808323002,0.0,0.0,0.7721808552742004,0.22781912982463837,2,-0.5443617254495621,0.31374187252670416,-0.5779249000736899,0.40031820213345704,0.2932630029625237,0.31374187252670416,0.16523972160654524,0.4397301741110863,0.3950301042823684,0.16523972160654524,0.4397301741110863,0.3950301042823684,0.4397301741110863,0.16523972160654524,-0.04470006982871788,2,2,0.032,400.0,0.2471591681241989,0.7989866884283707,-0.24898668842837068
