trial_index,dataset_index,student_action_objective,true_direction,dir_choice,sure_available,teacher_sure_strength,target_fixation,target_left,target_right,target_sure,teacher_preferred_action,target_action_margin,raw_post_go_fixation,raw_post_go_left,raw_post_go_right,raw_post_go_sure,predicted_fixation,predicted_left,predicted_right,predicted_sure,p_left,p_right,p_sure,predicted_correct_direction,predicted_incorrect_direction,predicted_action_margin,final_argmax_choice,action_argmax_choice,stimulus_coherence,stimulus_duration_ms,internal_margin,empirical_p_correct,delta_value
0,0,categorical_soft,0,0,False,0.0,0.0,1.0,0.0,0.0,1,-1.0,0.5700134009122848,6.177416896820068,-2.74674711227417,-2.10055787563324,0.5700134009122848,0.9996081055134042,0.00013617080493939153,0.0002557236816563533,0.9996081055134042,0.00013617080493939153,0.0002557236816563533,0.9996081055134042,0.00013617080493939153,-0.9993523818317478,1,1,0.512,940.0,1.0484288111329079,0.9906774506351905,-0.4406774506351905
1,1,categorical_soft,0,0,True,0.20536326275014355,0.0,0.7946367263793945,0.0,0.20536325871944427,1,-0.5892734676599503,0.41962822079658507,-0.0675971345975995,-0.3100596696138382,0.4867513597011566,0.41962822079658507,0.283685146019673,0.22267363183564792,0.49364122214467915,0.283685146019673,0.22267363183564792,0.49364122214467915,0.283685146019673,0.22267363183564792,0.20995607612500616,3,3,0.0,890.0,0.4134471267461777,0.8328962506168242,-0.2828962506168241
2,2,categorical_soft,1,1,True,0.1627092707452713,0.0,0.0,0.8372907042503357,0.16270926594734192,2,-0.6745814383029938,0.42244389057159426,-1.7918661952018737,1.0860168039798737,0.6167680084705353,0.42244389057159426,0.03341161522865628,0.5943747166970257,0.37221366807431805,0.03341161522865628,0.5943747166970257,0.37221366807431805,0.5943747166970257,0.03341161522865628,-0.22216104862270764,2,2,0.256,510.0,0.4894590051844716,0.9196709493279273,-0.3696709493279272
3,3,categorical_soft,0,0,False,0.0,0.0,1.0,0.0,0.0,1,-1.0,0.5406822204589844,6.762452507019043,-1.2298739552497864,-3.935339069366455,0.5406822204589844,0.9996331383549679,0.0003441207716923919,2.274087333969533e-05,0.9996331383549679,0.0003441207716923919,2.274087333969533e-05,0.9996331383549679,0.0003441207716923919,-0.9996103974816283,1,1,0.512,960.0,1.073611468076706,0.9915539535033948,-0.44155395350339477
4,4,categorical_soft,0,0,False,0.0,0.0,1.0,0.0,0.0,1,-1.0,0.5269278585910797,4.6926110744476315,-0.8513076663017273,-2.712238311767578,0.5269278585910797,0.995468938067253,0.0039229843125424295,0.0006080776202045421,0.995468938067253,0.0039229843125424295,0.0006080776202045421,0.995468938067253,0.0039229843125424295,-0.9948608604470485,1,1,0.128,1020.0,0.8045955151319504,0.9668002996095091,-0.41680029960950904
5,5,categorical_soft,0,0,True,0.1494681574748153,0.0,0.850531816482544,0.0,0.14946815371513367,1,-0.7010636627674103,0.30698606818914415,2.9204619884490968,-2.6768532037734984,0.8913498520851135,0.30698606818914415,0.8804218635663881,0.0033022597699105686,0.11627587666370139,0.8804218635663881,0.0033022597699105686,0.11627587666370139,0.8804218635663881,0.0033022597699105686,-0.7641459869026866,1,1,0.064,1100.0,0.7740941792726517,0.9579179349019022,-0.4079179349019022
6,6,categorical_soft,0,0,False,0.0,0.0,1.0,0.0,0.0,1,-1.0,0.5917145848274231,4.384502315521241,-0.7163400173187255,-2.6102192640304565,0.5917145848274231,0.9929825840460934,0.006097478335063351,0.0009199376188431377,0.9929825840460934,0.006097478335063351,0.0009199376188431377,0.9929825840460934,0.006097478335063351,-0.9920626464272503,1,1,0.128,920.0,0.9184840470552444,0.9829027041866822,-0.4329027041866822
7,7,categorical_soft,0,0,False,0.0,0.0,1.0,0.0,0.0,1,-1.0,0.5269400238990783,1.0768840432167053,1.5639447450637818,-1.9471228003501893,0.5269400238990783,0.3737548105698665,0.6080325268288915,0.018212662601241977,0.3737548105698665,0.6080325268288915,0.018212662601241977,0.3737548105698665,0.6080325268288915,-0.3555421479686245,2,2,0.0,1020.0,0.046841979026794434,0.4129663606271245,0.13703363937287555
8,8,categorical_soft,1,1,True,0.1573025373588735,0.0,0.0,0.8426974415779114,0.15730254352092743,2,-0.685394898056984,0.386134697496891,-1.7674851417541504,1.701363170146942,0.15881127268075942,0.386134697496891,0.025036781006687846,0.8030973597558326,0.17186585923747963,0.025036781006687846,0.8030973597558326,0.17186585923747963,0.8030973597558326,0.025036781006687846,-0.631231500518353,2,2,0.256,470.0,0.5237435521557927,0.9342915810289389,-0.3842915810289389
9,9,categorical_soft,0,0,False,0.0,0.0,1.0,0.0,0.0,1,-1.0,0.4601485475897789,6.4798195362091064,-1.7081979632377624,-3.3561597585678102,0.4601485475897789,0.9996647886752097,0.00028120247366122605,5.4008851129014587e-05,0.9996647886752097,0.00028120247366122605,5.4008851129014587e-05,0.9996647886752097,0.00028120247366122605,-0.9996107798240806,1,1,0.512,1010.0,1.1523869410157204,0.9938939755920116,-0.4438939755920116
10,10,categorical_soft,1,1,False,0.0,0.0,0.0,1.0,0.0,2,-1.0,0.3984293073415756,1.567963171005249,2.8936763286590574,-3.1324853897094727,0.3984293073415756,0.20951214780417024,0.7885713084709257,0.0019165437249039762,0.20951214780417024,0.7885713084709257,0.0019165437249039762,0.7885713084709257,0.20951214780417024,-0.7866547647460217,2,2,0.032,1170.0,0.730802558362484,0.9441724449195158,-0.39417244491951575
11,11,categorical_soft,1,1,True,0.15537181576585085,0.0,0.0,0.8446281552314758,0.15537181496620178,2,-0.689256340265274,0.4007977768778801,-1.4252927780151368,1.0842087626457215,0.2682329073548317,0.4007977768778801,0.05337966927220685,0.6563390780439216,0.2902812526838716,0.05337966927220685,0.6563390780439216,0.2902812526838716,0.6563390780439216,0.05337966927220685,-0.36605782536004994,2,2,0.064,560.0,0.5649214829318225,0.9398221432929741,-0.38982214329297404
12,12,categorical_soft,1,1,False,0.0,0.0,0.0,1.0,0.0,2,-1.0,0.4850285232067108,0.8472520351409912,2.6213086605072022,-2.453748416900635,0.4850285232067108,0.14436044616918337,0.8502408313995569,0.005398722431259797,0.14436044616918337,0.8502408313995569,0.005398722431259797,0.8502408313995569,0.14436044616918337,-0.844842108968297,2,2,0.064,910.0,0.7842522263526917,0.9678326450270627,-0.41783264502706263
13,13,categorical_soft,1,1,False,0.0,0.0,0.0,1.0,0.0,2,-1.0,0.4764550119638443,1.3371886014938354,1.8301517844200135,-2.228983163833618,0.4764550119638443,0.37529178579945366,0.6140538200193888,0.010654394181157446,0.37529178579945366,0.6140538200193888,0.010654394181157446,0.6140538200193888,0.37529178579945366,-0.6033994258382314,2,2,0.032,460.0,0.8103487938642502,0.9832889224471807,-0.43328892244718065
14,14,categorical_soft,1,1,False,0.0,0.0,0.0,1.0,0.0,2,-1.0,0.5025558620691299,-0.21650607883930206,2.6011003732681273,-1.7314178466796875,0.5025558620691299,0.05570193318792875,0.9318641994486784,0.012433867363392763,0.05570193318792875,0.9318641994486784,0.012433867363392763,0.9318641994486784,0.05570193318792875,-0.9194303320852856,2,2,0.064,490.0,0.6984655410051346,0.970371268883655,-0.42037126888365495
15,15,categorical_soft,1,1,False,0.0,0.0,0.0,1.0,0.0,2,-1.0,0.5403430998325348,0.723670756816864,1.4209617495536804,-1.5807974934577942,0.5403430998325348,0.3216677995765776,0.6459179359519448,0.03241426447147767,0.3216677995765776,0.6459179359519448,0.03241426447147767,0.6459179359519448,0.3216677995765776,-0.6135036714804671,2,2,0.064,670.0,0.657180730602704,0.9555993270423452,-0.40559932704234514
16,16,categorical_soft,0,0,False,0.0,0.0,1.0,0.0,0.0,1,-1.0,0.3979814022779465,3.2683985471725463,0.2201694518327713,-2.5441535234451296,0.3979814022779465,0.9517125796555359,0.04539955222591785,0.0028878681185464496,0.9517125796555359,0.04539955222591785,0.0028878681185464496,0.9517125796555359,0.04539955222591785,-0.9488247115369894,1,1,0.032,990.0,0.6548107713460922,0.9353335886244387,-0.38533358862443867
17,17,categorical_soft,0,0,False,0.0,0.0,1.0,0.0,0.0,1,-1.0,0.5779486000537872,4.1982134819030765,-0.8581280648708344,-2.502496862411499,0.5779486000537872,0.9924142049232569,0.006353845301263096,0.0012319497754798695,0.9924142049232569,0.006353845301263096,0.0012319497754798695,0.9924142049232569,0.006353845301263096,-0.991182255147777,1,1,0.064,1160.0,0.867465652525425,0.9710154946235546,-0.4210154946235546
18,18,categorical_soft,0,0,True,0.4703194649998598,0.0,0.5296805500984192,0.0,0.4703194797039032,1,-0.05936107039451599,0.32176911868155,1.6703838467597962,-1.1630029380321503,0.4384545564651489,0.32176911868155,0.7401693967707688,0.04386684360054682,0.21596375962868425,0.7401693967707688,0.04386684360054682,0.21596375962868425,0.7401693967707688,0.04386684360054682,-0.5242056371420845,1,1,0.064,880.0,0.14334997534751892,0.5723013908026424,-0.022301390802642374
19,19,categorical_soft,0,0,True,0.15783541674977236,0.0,0.8421645760536194,0.0,0.15783542394638062,1,-0.6843291521072388,0.2375694202259183,2.1436189889907835,-1.1355355858802796,0.13397224619984627,0.2375694202259183,0.8527238475882273,0.03230111148673902,0.11497504092503374,0.8527238475882273,0.03230111148673902,0.11497504092503374,0.8527238475882273,0.03230111148673902,-0.7377488066631935,1,1,0.064,890.0,0.6218863129615784,0.9327954541479567,-0.3827954541479567
20,20,categorical_soft,0,0,True,0.1385075905024299,0.0,0.861492395401001,0.0,0.13850758969783783,1,-0.7229848057031631,0.20286083817481995,4.483337926864624,-4.750657081604004,1.4571849346160888,0.20286083817481995,0.953570583463798,9.422128516758294e-05,0.04633519525103447,0.953570583463798,9.422128516758294e-05,0.04633519525103447,0.953570583463798,9.422128516758294e-05,-0.9072353882127635,1,1,0.512,940.0,1.331511277705431,0.9976637240031028,-0.4476637240031027
21,21,categorical_soft,0,0,True,0.14257556409246797,0.0,0.8574244379997253,0.0,0.14257556200027466,1,-0.7148488759994507,0.31152739375829697,2.249155569076538,-2.1033454179763793,0.7142728209495545,0.31152739375829697,0.813909980042047,0.010523530918275913,0.1755664890396773,0.813909980042047,0.010523530918275913,0.1755664890396773,0.813909980042047,0.010523530918275913,-0.6383434910023696,1,1,0.128,600.0,0.8269800916314125,0.9817964952979781,-0.43179649529797803
22,22,categorical_soft,1,1,True,0.17070501334162702,0.0,0.0,0.8292949795722961,0.17070502042770386,2,-0.6585899591445923,0.4242819845676422,-2.2828378677368164,1.5474152326583863,0.8482457995414734,0.4242819845676422,0.014295995913862746,0.6584133639093416,0.32729064017679554,0.014295995913862746,0.6584133639093416,0.32729064017679554,0.6584133639093416,0.014295995913862746,-0.33112272373254603,2,2,0.256,810.0,0.5141643323004246,0.9000342722994452,-0.35003427229944517
23,23,categorical_soft,1,1,True,0.19562216334397986,0.0,0.0,0.8043778538703918,0.19562216103076935,2,-0.6087556928396225,0.2753492549061775,0.22838793992996215,-0.23750369548797606,0.41762027740478513,0.2753492549061775,0.35266941555072234,0.22121314807255418,0.4261174363767234,0.35266941555072234,0.22121314807255418,0.4261174363767234,0.22121314807255418,0.35266941555072234,0.2049042883041692,3,3,0.0,880.0,0.4363681795075536,0.8495365426977518,-0.29953654269775176
24,24,categorical_soft,0,0,True,0.13827039345882153,0.0,0.861729621887207,0.0,0.13827039301395416,1,-0.7234592288732529,0.42360117137432096,3.844469666481018,-2.9087073802948,0.5833782494068146,0.42360117137432096,0.9616708174909385,0.0011391236239456364,0.03719005888511568,0.9616708174909385,0.0011391236239456364,0.03719005888511568,0.9616708174909385,0.0011391236239456364,-0.9244807586058228,1,1,0.512,670.0,1.3751744218170643,0.9986372597710848,-0.4486372597710847
25,25,categorical_soft,0,0,True,0.13827917050404648,0.0,0.8617208003997803,0.0,0.13827916979789734,1,-0.7234416306018829,0.47987677454948424,3.2708292961120606,-1.680500090122223,-0.06440175510942936,0.47987677454948424,0.9586321020011846,0.006846054303914437,0.034521843694901036,0.9586321020011846,0.006846054303914437,0.034521843694901036,0.9586321020011846,0.006846054303914437,-0.9241102583062836,1,1,0.512,490.0,1.3256772384047508,0.9986011338836283,-0.4486011338836282
26,26,categorical_soft,0,0,False,0.0,0.0,1.0,0.0,0.0,1,-1.0,0.5459602117538452,3.0256325244903564,0.6355077147483825,-2.624118518829346,0.5459602117538452,0.9125769057012573,0.08417941642530792,0.003243677873434899,0.9125769057012573,0.08417941642530792,0.003243677873434899,0.9125769057012573,0.08417941642530792,-0.9093332278278223,1,1,0.032,990.0,0.6256432682275772,0.9261054418610988,-0.37610544186109873
27,27,categorical_soft,1,1,False,0.0,0.0,0.0,1.0,0.0,2,-1.0,0.4215215355157852,-1.6161299467086792,3.21456561088562,-1.0368712544441223,0.4215215355157852,0.007823332672973709,0.9780140062725009,0.014162661054525367,0.007823332672973709,0.9780140062725009,0.014162661054525367,0.9780140062725009,0.007823332672973709,-0.9638513452179756,2,2,0.256,670.0,1.0143475160002708,0.9920294334782974,-0.4420294334782974
28,28,categorical_soft,1,1,True,0.15346409575472014,0.0,0.0,0.8465359210968018,0.15346409380435944,2,-0.6930718272924423,0.40918461978435516,-2.0133457660675047,2.2054250478744506,0.18217770159244537,0.40918461978435516,0.012872827395963302,0.8713294084313983,0.11579776417263832,0.012872827395963302,0.8713294084313983,0.11579776417263832,0.8713294084313983,0.012872827395963302,-0.75553164425876,2,2,0.256,700.0,0.6205295249819756,0.945465008707168,-0.39546500870716794
29,29,categorical_soft,1,1,False,0.0,0.0,0.0,1.0,0.0,2,-1.0,0.3652825504541397,-1.6161625385284424,4.058981442451477,-1.7142752408981323,0.3652825504541397,0.0034125732435565472,0.9934357035770534,0.0031517231793900826,0.0034125732435565472,0.9934357035770534,0.0031517231793900826,0.9934357035770534,0.0034125732435565472,-0.9902839803976633,2,2,0.128,1110.0,0.8874989934265614,0.9751635105383551,-0.4251635105383551
30,30,categorical_soft,0,0,True,0.1382362113566537,0.0,0.8617637753486633,0.0,0.13823620975017548,1,-0.7235275655984879,0.48112001419067385,5.599033260345459,-2.86055109500885,-0.8398607254028321,0.48112001419067385,0.9981350784057271,0.0002142780326131257,0.001650643561659722,0.9981350784057271,0.0002142780326131257,0.001650643561659722,0.9981350784057271,0.0002142780326131257,-0.9964844348440675,1,1,0.512,1100.0,1.502898057922721,0.9987780266649418,-0.4487780266649417
31,31,categorical_soft,1,1,True,0.1981886021193041,0.0,0.0,0.8018113970756531,0.19818860292434692,2,-0.6036227941513062,0.3093113452196121,2.068022036552429,-1.557983648777008,0.4797591507434845,0.3093113452196121,0.8121562991343432,0.02169692836817315,0.1661467724974837,0.8121562991343432,0.02169692836817315,0.1661467724974837,0.02169692836817315,0.8121562991343432,0.14444984412931056,1,1,0.0,1080.0,0.4783298671245575,0.8450161845023628,-0.2950161845023628
32,32,categorical_soft,1,1,True,0.15878169880904897,0.0,0.0,0.8412182927131653,0.15878169238567352,2,-0.6824366003274918,0.2804341495037079,-3.3210829496383667,2.83818998336792,1.0062158524990081,0.2804341495037079,0.001819906903857664,0.8604138683903144,0.13776622470582783,0.001819906903857664,0.8604138683903144,0.13776622470582783,0.8604138683903144,0.001819906903857664,-0.7226476436844866,2,2,0.512,1110.0,0.6674912087619305,0.930169693553761,-0.38016969355376096
33,33,categorical_soft,1,1,True,0.15452912015120251,0.0,0.0,0.8454709053039551,0.1545291244983673,2,-0.6909417808055878,0.3269175007939339,-1.7595290303230287,1.405017876625061,0.5077849984169006,0.3269175007939339,0.02911548430006299,0.6893482347577775,0.28153628094215943,0.02911548430006299,0.6893482347577775,0.28153628094215943,0.6893482347577775,0.02911548430006299,-0.4078119538156181,2,2,0.256,590.0,0.5813465155661106,0.9422921797796965,-0.39229217977969644
34,34,categorical_soft,1,1,True,0.1659572057517602,0.0,0.0,0.8340427875518799,0.16595721244812012,2,-0.6680855751037598,0.4452435225248337,-2.965039587020874,1.9555694937705994,1.0353275537490845,0.4452435225248337,0.005187793346261085,0.7110560229284857,0.2837561837252531,0.005187793346261085,0.7110560229284857,0.2837561837252531,0.7110560229284857,0.005187793346261085,-0.4272998392032326,2,2,0.512,980.0,0.5830800868570805,0.9114341793520553,-0.36143417935205524
35,35,categorical_soft,1,1,False,0.0,0.0,0.0,1.0,0.0,2,-1.0,0.417450974881649,-1.636911141872406,2.936892557144165,-0.8533300280570983,0.417450974881649,0.009999998716840725,0.9678412060149648,0.022158795268194326,0.009999998716840725,0.9678412060149648,0.022158795268194326,0.9678412060149648,0.009999998716840725,-0.9456824107467705,2,2,0.256,740.0,0.983464740216732,0.9899279505458738,-0.43992795054587375
36,36,categorical_soft,0,0,True,0.2756396611169857,0.0,0.7243603467941284,0.0,0.2756396532058716,1,-0.44872069358825684,0.3336474776268005,-0.05395589675754309,-0.10691266134381294,0.3303855717182159,0.3336474776268005,0.2925625884951057,0.2777117984233307,0.42972561308156365,0.2925625884951057,0.2777117984233307,0.42972561308156365,0.2925625884951057,0.2777117984233307,0.13716302458645796,3,3,0.0,910.0,0.30457280576229095,0.7402439727377856,-0.1902439727377856
37,37,categorical_soft,1,1,True,0.5000959869728804,0.0,0.0,0.49990400671958923,0.5000959634780884,3,0.0001919567584991455,0.3610464110970497,0.274117448925972,-0.19873450100421905,0.25184629261493685,0.3610464110970497,0.3844080708044806,0.23933241202693592,0.3762595171685836,0.3844080708044806,0.23933241202693592,0.3762595171685836,0.23933241202693592,0.3844080708044806,0.13692710514164766,1,1,0.0,530.0,0.03898046910762787,0.549928009768958,7.199023104209612e-05
38,38,categorical_soft,0,0,True,0.13969023630715088,0.0,0.8603097796440125,0.0,0.13969023525714874,1,-0.7206195443868637,0.2812668144702911,1.8556140065193176,-1.6024740099906922,0.6275646090507507,0.2812668144702911,0.7548373426990036,0.02384493461885484,0.22131772268214153,0.7548373426990036,0.02384493461885484,0.22131772268214153,0.7548373426990036,0.02384493461885484,-0.533519620016862,1,1,0.128,420.0,0.9765269681811333,0.9928931070173358,-0.44289310701733575
39,39,categorical_soft,1,1,True,0.1427231677156029,0.0,0.0,0.8572768568992615,0.1427231729030609,2,-0.7145536839962006,0.28235465064644816,-2.653118872642517,2.6374671936035154,0.40395146012306216,0.28235465064644816,0.0045409643008947394,0.8990946478024187,0.09636438789668658,0.0045409643008947394,0.8990946478024187,0.09636438789668658,0.8990946478024187,0.0045409643008947394,-0.8027302599057321,2,2,0.256,1000.0,0.9189697876572609,0.9812481310873736,-0.4312481310873736
40,40,categorical_soft,1,1,True,0.1449283766718838,0.0,0.0,0.8550716042518616,0.14492838084697723,2,-0.7101432234048843,0.3555094838142395,-2.914132523536682,2.633246731758118,0.6060783922672272,0.3555094838142395,0.0034339379419003045,0.8804445866533521,0.11612147540474749,0.0034339379419003045,0.8804445866533521,0.11612147540474749,0.8804445866533521,0.0034339379419003045,-0.7643231112486046,2,2,0.512,780.0,0.7911144569516182,0.9732614526724147,-0.42326145267241466
41,41,categorical_soft,0,0,False,0.0,0.0,1.0,0.0,0.0,1,-1.0,0.4560091346502304,4.475077295303345,-0.9321254670619965,-2.509695219993591,0.4560091346502304,0.9945942757808754,0.004484369761020819,0.0009213544581035852,0.9945942757808754,0.004484369761020819,0.0009213544581035852,0.9945942757808754,0.004484369761020819,-0.9936729213227719,1,1,0.128,1110.0,0.8105276525020599,0.9641567331433587,-0.41415673314335866
42,42,categorical_soft,1,1,True,0.18386932635116243,0.0,0.0,0.8161306977272034,0.18386933207511902,2,-0.6322613656520844,0.2895062804222107,-0.17210251539945604,-0.0058634401299059394,0.32082752585411073,0.2895062804222107,0.2620690229558196,0.3092990138861029,0.4286319631580775,0.2620690229558196,0.3092990138861029,0.4286319631580775,0.3092990138861029,0.2620690229558196,0.11933294927197458,3,3,0.032,870.0,0.47157008200883865,0.8716904059750423,-0.3216904059750423
43,43,categorical_soft,0,0,False,0.0,0.0,1.0,0.0,0.0,1,-1.0,0.5871714979410172,3.0220490455627442,-0.24981156289577483,-2.1157639265060424,0.5871714979410172,0.9578675346903992,0.03649091653398021,0.005641548775620566,0.9578675346903992,0.03649091653398021,0.005641548775620566,0.9578675346903992,0.03649091653398021,-0.9522259859147786,1,1,0.064,560.0,0.5961449593305588,0.9479353693958872,-0.39793536939588714
44,44,categorical_soft,0,0,False,0.0,0.0,1.0,0.0,0.0,1,-1.0,0.4796222746372223,4.436175584793091,-0.2505554586648941,-3.1089038133621214,0.4796222746372223,0.9903094493862021,0.009160924026568823,0.0005296265872291548,0.9903094493862021,0.009160924026568823,0.0005296265872291548,0.9903094493862021,0.009160924026568823,-0.989779822798973,1,1,0.032,1090.0,0.8813283666968346,0.9750127157054449,-0.42501271570544485
45,45,categorical_soft,0,0,True,0.2042680392286863,0.0,0.7957319617271423,0.0,0.20426803827285767,1,-0.5914639234542847,0.3468507628887892,1.7491575002670288,-1.2235015153884887,0.40835400819778445,0.3468507628887892,0.7612438427360037,0.03911847912441899,0.19963767813957745,0.7612438427360037,0.03911847912441899,0.19963767813957745,0.7612438427360037,0.03911847912441899,-0.5616061645964262,1,1,0.064,490.0,0.3179522901773453,0.8346999382675498,-0.2846999382675498
46,46,categorical_soft,0,0,True,0.13885866885625836,0.0,0.8611413240432739,0.0,0.13885867595672607,1,-0.7222826480865479,0.16436451859772205,3.1774263858795164,-3.5251498460769652,1.348186981678009,0.16436451859772205,0.8606085279049289,0.0010651473341575823,0.13832632476091358,0.8606085279049289,0.0010651473341575823,0.13832632476091358,0.8606085279049289,0.0010651473341575823,-0.7222822031440154,1,1,0.256,960.0,1.238908588886261,0.9962331804667848,-0.44623318046678473
47,47,categorical_soft,1,1,True,0.1491607895783002,0.0,0.0,0.8508391976356506,0.14916078746318817,2,-0.7016784101724625,0.2558580622076988,-2.296563720703125,1.7084933638572692,0.7740446567535401,0.2558580622076988,0.01291461226070006,0.7084886028749947,0.2785967848643051,0.01291461226070006,0.7084886028749947,0.2785967848643051,0.7084886028749947,0.01291461226070006,-0.4298918180106896,2,2,0.512,580.0,0.6515953863272443,0.9589142773357157,-0.4089142773357156
48,48,categorical_soft,1,1,False,0.0,0.0,0.0,1.0,0.0,2,-1.0,0.4664769798517227,-1.6829605579376221,4.708027601242065,-2.02863095998764,0.4664769798517227,0.0016807515099846143,0.9971123694566464,0.0012068790333692012,0.0016807515099846143,0.9971123694566464,0.0012068790333692012,0.9971123694566464,0.0016807515099846143,-0.9959054904232771,2,2,0.128,1170.0,0.9544913917779922,0.9806802795219415,-0.43068027952194143
49,49,categorical_soft,1,1,False,0.0,0.0,0.0,1.0,0.0,2,-1.0,0.3889510840177536,-0.7281354546546936,3.3922034025192263,-1.8728381395339966,0.3889510840177536,0.015921331430122376,0.9789245573665587,0.0051541112033190355,0.015921331430122376,0.9789245573665587,0.0051541112033190355,0.9789245573665587,0.015921331430122376,-0.9737704461632397,2,2,0.128,670.0,0.8650231137871742,0.9835412539954715,-0.4335412539954715
50,50,categorical_soft,0,0,True,0.17652500160833862,0.0,0.8234750032424927,0.0,0.17652499675750732,1,-0.6469500064849854,0.35326013490557673,0.9712621033191681,-0.5819569408893586,0.34140625,0.35326013490557673,0.5731087211121825,0.12146056482527497,0.3054307140625426,0.5731087211121825,0.12146056482527497,0.3054307140625426,0.5731087211121825,0.12146056482527497,-0.2676780070496399,1,1,0.032,510.0,0.4125770479440689,0.8869672724728956,-0.3369672724728956
51,51,categorical_soft,1,1,True,0.14994993269699897,0.0,0.0,0.8500500917434692,0.14994993805885315,2,-0.7001001536846161,0.33882177621126175,-2.456539487838745,1.8153207659721375,0.8452586114406586,0.33882177621126175,0.01001044858634709,0.7174047477692113,0.27258480364444165,0.01001044858634709,0.7174047477692113,0.27258480364444165,0.7174047477692113,0.01001044858634709,-0.4448199441247696,2,2,0.256,1000.0,0.7418664749711752,0.9563678204530032,-0.4063678204530031
52,52,categorical_soft,0,0,True,0.13890481310209313,0.0,0.8610951900482178,0.0,0.13890480995178223,1,-0.7221903800964355,0.2639125071465969,3.2097167015075683,-2.9701600313186645,0.9969838500022888,0.2639125071465969,0.8995207635322385,0.0018783187776942555,0.09860091769006711,0.8995207635322385,0.0018783187776942555,0.09860091769006711,0.8995207635322385,0.0018783187776942555,-0.8009198458421715,1,1,0.256,880.0,1.2093748897314072,0.9960460687413807,-0.44604606874138064
53,53,categorical_soft,1,1,True,0.1700814905199407,0.0,0.0,0.8299185037612915,0.1700814962387085,2,-0.659837007522583,0.2131834052503109,-0.3058984696865082,0.2452147677540779,0.2635230034589767,0.2131834052503109,0.22197015266747658,0.3854947585383713,0.39253508879415216,0.22197015266747658,0.3854947585383713,0.39253508879415216,0.3854947585383713,0.22197015266747658,0.00704033025578088,3,3,0.032,770.0,0.5076670087873936,0.9014911272737932,-0.35149112727379317
54,54,categorical_soft,1,1,False,0.0,0.0,0.0,1.0,0.0,2,-1.0,0.3916724383831024,0.4812565535306931,3.2159738779067992,-2.560560607910156,0.3916724383831024,0.0608215441862203,0.9362129108720012,0.002965544941778598,0.0608215441862203,0.9362129108720012,0.002965544941778598,0.9362129108720012,0.0608215441862203,-0.9332473659302226,2,2,0.064,1070.0,0.7707834392786026,0.9587128420090807,-0.40871284200908065
55,55,categorical_soft,1,1,False,0.0,0.0,0.0,1.0,0.0,2,-1.0,0.40431475043296816,1.3013262510299684,4.180290651321411,-3.876569223403931,0.40431475043296816,0.05323751504282105,0.946459432130464,0.00030305282671489104,0.05323751504282105,0.946459432130464,0.00030305282671489104,0.946459432130464,0.05323751504282105,-0.9461563793037491,2,2,0.064,1120.0,0.8611905425786972,0.9715009364845482,-0.4215009364845481
56,56,categorical_soft,0,0,False,0.0,0.0,1.0,0.0,0.0,1,-1.0,0.4687358230352402,5.493770360946655,-0.881120228767395,-3.3102046251296997,0.4687358230352402,0.9981324133464513,0.0017154448642179413,0.00015214178933059498,0.9981324133464513,0.0017154448642179413,0.00015214178933059498,0.9981324133464513,0.0017154448642179413,-0.9979802715571208,1,1,0.512,690.0,0.9768161326646805,0.990199551493082,-0.440199551493082
57,57,categorical_soft,0,0,True,0.15970363701444518,0.0,0.8402963876724243,0.0,0.15970364212989807,1,-0.6805927455425262,0.40918155312538146,1.7236375212669373,-1.1310435235500336,0.3590616166591644,0.40918155312538146,0.7614126777639744,0.04399474263901605,0.19459257959700976,0.7614126777639744,0.04399474263901605,0.19459257959700976,0.7614126777639744,0.04399474263901605,-0.5668200981669647,1,1,0.064,460.0,0.500236913561821,0.9276486484729601,-0.3776486484729601
58,58,categorical_soft,1,1,True,0.3336827505310743,0.0,0.0,0.6663172245025635,0.33368274569511414,2,-0.33263447880744934,0.35657150819897654,-0.17133062183856965,0.08347768113017082,0.1856638804078102,0.35657150819897654,0.26891881721343286,0.3470534866769909,0.38402769610957627,0.26891881721343286,0.3470534866769909,0.38402769610957627,0.3470534866769909,0.26891881721343286,0.03697420943258539,3,3,0.032,530.0,0.15421375632286072,0.6827785006137393,-0.1327785006137393
59,59,categorical_soft,1,1,False,0.0,0.0,0.0,1.0,0.0,2,-1.0,0.41381814181804655,0.9378526329994201,2.394974207878113,-2.2355303525924684,0.41381814181804655,0.1875101982883641,0.804601987933987,0.007887813777648925,0.1875101982883641,0.804601987933987,0.007887813777648925,0.804601987933987,0.1875101982883641,-0.796714174156338,2,2,0.064,870.0,0.7703574150800705,0.9672025823294294,-0.4172025823294293
60,60,categorical_soft,0,0,True,0.13862414130839523,0.0,0.8613758683204651,0.0,0.1386241465806961,1,-0.722751721739769,0.3634073656052351,3.823282527923584,-3.2258686780929566,0.8174270689487457,0.3634073656052351,0.9511339583524119,0.0008359804042785152,0.04803006124330957,0.9511339583524119,0.0008359804042785152,0.04803006124330957,0.9511339583524119,0.0008359804042785152,-0.9031038971091023,1,1,0.256,1070.0,1.3255500122904778,0.9971874450250001,-0.4471874450250001
61,61,categorical_soft,1,1,False,0.0,0.0,0.0,1.0,0.0,2,-1.0,0.42928633391857146,-2.669030857086182,3.3096906185150146,-0.2297360673546791,0.42928633391857146,0.002459572104398038,0.9693464433523546,0.028193984543247414,0.002459572104398038,0.9693464433523546,0.028193984543247414,0.9693464433523546,0.002459572104398038,-0.9411524588091073,2,2,0.512,870.0,0.9255192875862122,0.9844256769823115,-0.4344256769823115
62,62,categorical_soft,1,1,False,0.0,0.0,0.0,1.0,0.0,2,-1.0,0.5639255523681641,3.2044129371643066,-0.12525724321603776,-2.116574239730835,0.5639255523681641,0.9607234482858299,0.0345708064216611,0.004705745292508912,0.9607234482858299,0.0345708064216611,0.004705745292508912,0.0345708064216611,0.9607234482858299,-0.029865061129152187,1,1,0.0,980.0,0.2789652496576309,0.6978387305640433,-0.14783873056404329
63,63,categorical_soft,1,1,True,0.17366902544088542,0.0,0.0,0.8263309597969055,0.1736690253019333,2,-0.6526619344949722,0.38865756057202816,0.5716656893491745,0.4177037477493286,-0.24573620706796645,0.38865756057202816,0.4345706078483135,0.37223144045034684,0.1931979517013396,0.4345706078483135,0.37223144045034684,0.1931979517013396,0.37223144045034684,0.4345706078483135,-0.17903348874900724,1,1,0.032,970.0,0.5385469272732735,0.8932635050298142,-0.3432635050298142
64,64,categorical_soft,1,1,True,0.4901604227321506,0.0,0.0,0.5098395943641663,0.49016043543815613,2,-0.019679158926010132,0.31809166371822356,0.009398925490677357,-0.2683153092861176,0.4202510714530945,0.31809166371822356,0.30613015155728174,0.23214256898589003,0.4617272794568283,0.30613015155728174,0.23214256898589003,0.4617272794568283,0.23214256898589003,0.30613015155728174,0.22958471047093826,3,3,0.0,840.0,0.12118034064769745,0.5573811719932862,-0.00738117199328614
65,65,categorical_soft,1,1,False,0.0,0.0,0.0,1.0,0.0,2,-1.0,0.555535477399826,2.170039439201355,1.49866681098938,-2.7767409801483156,0.555535477399826,0.6585742712108017,0.33673487230105176,0.0046908564881465616,0.6585742712108017,0.33673487230105176,0.0046908564881465616,0.33673487230105176,0.6585742712108017,-0.3320440158129052,1,1,0.0,1090.0,0.4844055473804474,0.8473326432389668,-0.2973326432389668
66,66,categorical_soft,0,0,False,0.0,0.0,1.0,0.0,0.0,1,-1.0,0.5414004683494568,6.651443719863892,-1.455080270767212,-3.539136600494385,0.5414004683494568,0.9996536707872593,0.00030862520598849404,3.770400675227802e-05,0.9996536707872593,0.00030862520598849404,3.770400675227802e-05,0.9996536707872593,0.00030862520598849404,-0.999615966780507,1,1,0.512,890.0,1.2261307686567307,0.9963133969089378,-0.4463133969089378
67,67,categorical_soft,1,1,False,0.0,0.0,0.0,1.0,0.0,2,-1.0,0.3739058017730713,-1.11413015127182,4.535654783248901,-2.409440112113953,0.3739058017730713,0.0035054340395314645,0.9955191747962017,0.0009753911642668958,0.0035054340395314645,0.9955191747962017,0.0009753911642668958,0.9955191747962017,0.0035054340395314645,-0.9945437836319347,2,2,0.128,1100.0,0.8749115876853466,0.9739286109917756,-0.4239286109917756
68,68,categorical_soft,1,1,False,0.0,0.0,0.0,1.0,0.0,2,-1.0,0.4240094870328903,-0.9878993332386017,3.8944347143173217,-2.052177608013153,0.4240094870328903,0.0075151959965327475,0.989857058241603,0.0026277457618641264,0.0075151959965327475,0.989857058241603,0.0026277457618641264,0.989857058241603,0.0075151959965327475,-0.9872293124797389,2,2,0.128,960.0,0.9685422331094742,0.9859270080561116,-0.4359270080561115
69,69,categorical_soft,0,0,False,0.0,0.0,1.0,0.0,0.0,1,-1.0,0.5419101476669311,3.728696274757385,-0.39670204520225527,-2.488934850692749,0.5419101476669311,0.9820331759712199,0.01598988207890813,0.001976941949872064,0.9820331759712199,0.01598988207890813,0.001976941949872064,0.9820331759712199,0.01598988207890813,-0.9800562340213478,1,1,0.128,720.0,0.8523540496826172,0.9814357017170758,-0.4314357017170758
70,70,categorical_soft,0,0,False,0.0,0.0,1.0,0.0,0.0,1,-1.0,0.5112682014703751,1.4185094952583313,1.5375560641288757,-2.11717267036438,0.5112682014703751,0.46393763016165457,0.5224950999127648,0.01356726992558079,0.46393763016165457,0.5224950999127648,0.01356726992558079,0.46393763016165457,0.5224950999127648,-0.4503703602360738,2,2,0.0,720.0,0.44834649562835693,0.8789702181222038,-0.32897021812220373
71,71,categorical_soft,0,0,False,0.0,0.0,1.0,0.0,0.0,1,-1.0,0.47535553723573687,3.564188241958618,-0.2443229764699936,-2.383633017539978,0.47535553723573687,0.9756942556343577,0.02173345720327003,0.002572287162372177,0.9756942556343577,0.02173345720327003,0.002572287162372177,0.9756942556343577,0.02173345720327003,-0.9731219684719856,1,1,0.032,780.0,0.8637105077505112,0.981132042637916,-0.43113204263791594
72,72,categorical_soft,1,1,False,0.0,0.0,0.0,1.0,0.0,2,-1.0,0.40253518223762513,-0.5458084225654602,4.444631576538086,-2.8986684799194338,0.40253518223762513,0.006754552324423598,0.9925834791114904,0.000661968564086109,0.006754552324423598,0.9925834791114904,0.000661968564086109,0.9925834791114904,0.006754552324423598,-0.9919215105474043,2,2,0.064,1100.0,0.8855261914432049,0.9752206615559437,-0.4252206615559436
73,73,categorical_soft,1,1,True,0.22352256546050314,0.0,0.0,0.7764774560928345,0.22352255880832672,2,-0.5529548972845078,0.38891868442296984,0.7888603031635284,-0.015073231514543295,-0.11110715605318547,0.38891868442296984,0.5376879813678512,0.24121538016412597,0.2210966384680229,0.5376879813678512,0.24121538016412597,0.2210966384680229,0.24121538016412597,0.5376879813678512,-0.02011874169610306,1,1,0.032,1070.0,0.41934990882873535,0.805071285281604,-0.25507128528160394
74,74,categorical_soft,1,1,False,0.0,0.0,0.0,1.0,0.0,2,-1.0,0.46829243898391726,-0.5849687159061432,2.7565932750701903,-1.5633878350257873,0.46829243898391726,0.03375802574769005,0.9530885114570286,0.013153462795281526,0.03375802574769005,0.9530885114570286,0.013153462795281526,0.9530885114570286,0.03375802574769005,-0.939935048661747,2,2,0.256,470.0,0.750457413494587,0.9774343798942589,-0.4274343798942588
75,75,categorical_soft,0,0,True,0.13853784026948351,0.0,0.8614621758460999,0.0,0.13853783905506134,1,-0.7229243367910385,0.23367428332567214,5.787224006652832,-6.021192264556885,1.896712303161621,0.23367428332567214,0.9799545160673049,7.51031795105192e-06,0.020037973614744364,0.9799545160673049,7.51031795105192e-06,0.020037973614744364,0.9799545160673049,7.51031795105192e-06,-0.9599165424525605,1,1,0.512,1130.0,1.367600105702877,0.9975399784909955,-0.44753997849099547
76,76,categorical_soft,1,1,False,0.0,0.0,0.0,1.0,0.0,2,-1.0,0.3908247292041779,-1.1261188387870789,3.451672339439392,-1.6001442790031433,0.3908247292041779,0.0101422844119282,0.9834715586067768,0.006386156981295052,0.0101422844119282,0.9834715586067768,0.006386156981295052,0.9834715586067768,0.0101422844119282,-0.9770854016254817,2,2,0.256,570.0,0.875366348773241,0.9860973961582832,-0.43609739615828313
77,77,categorical_soft,0,0,True,0.2843102796255571,0.0,0.7156897187232971,0.0,0.2843102812767029,1,-0.43137943744659424,0.3196211040019989,-0.09221379728987814,-0.14334047213196754,0.3590156018733978,0.3196211040019989,0.28416527116018153,0.2698800616533131,0.4459546671865054,0.28416527116018153,0.2698800616533131,0.4459546671865054,0.28416527116018153,0.2698800616533131,0.16178939602632386,3,3,0.0,540.0,0.20403078198432922,0.7309183744348664,-0.18091837443486636
78,78,categorical_soft,0,0,False,0.0,0.0,1.0,0.0,0.0,1,-1.0,0.6454369515180588,1.8731260299682617,0.6224433243274688,-1.8606276512145996,0.6454369515180588,0.7626491373650033,0.2189051128283312,0.018445749806665517,0.7626491373650033,0.2189051128283312,0.018445749806665517,0.7626491373650033,0.2189051128283312,-0.7442033875583378,1,1,0.0,620.0,0.4462731406092644,0.8902290393494401,-0.34022903934944004
79,79,categorical_soft,0,0,False,0.0,0.0,1.0,0.0,0.0,1,-1.0,0.4930150419473648,6.561082983016968,-2.5354690313339234,-2.5513754367828367,0.4930150419473648,0.999774946535427,0.00011460700237108131,0.00011044646220189613,0.999774946535427,0.00011460700237108131,0.00011044646220189613,0.999774946535427,0.00011460700237108131,-0.999664500073225,1,1,0.512,1000.0,1.1299725770950317,0.9932690070609597,-0.4432690070609596
80,80,categorical_soft,0,0,False,0.0,0.0,1.0,0.0,0.0,1,-1.0,0.5734721153974534,3.0424736976623534,-0.5216974586248397,-1.6910642981529236,0.5734721153974534,0.9640330334031338,0.027482403495558118,0.00848456310130813,0.9640330334031338,0.027482403495558118,0.00848456310130813,0.9640330334031338,0.027482403495558118,-0.9555484703018257,1,1,0.064,800.0,0.7522460445761681,0.9670563502311729,-0.4170563502311728
81,81,categorical_soft,1,1,False,0.0,0.0,0.0,1.0,0.0,2,-1.0,0.5846320152282715,1.2881276845932006,1.1100452899932862,-1.8616199970245362,0.5846320152282715,0.531954431523322,0.4451917223175338,0.022853846159144247,0.531954431523322,0.4451917223175338,0.022853846159144247,0.4451917223175338,0.531954431523322,-0.4223378761583895,1,1,0.0,870.0,0.6061205714941025,0.9293726519956671,-0.37937265199566705
82,82,categorical_soft,1,1,True,0.23795408725147604,0.0,0.0,0.7620459198951721,0.23795408010482788,2,-0.5240918397903442,0.3177174223586917,0.6884490251541138,-0.139230596460402,0.05052894344553351,0.3177174223586917,0.5070410588428935,0.22238532134481487,0.27057361981229167,0.5070410588428935,0.22238532134481487,0.27057361981229167,0.22238532134481487,0.5070410588428935,0.0481882984674768,1,1,0.0,890.0,0.35041680932044983,0.7852620969120172,-0.23526209691201716
83,83,categorical_soft,0,0,True,0.36947866635092386,0.0,0.6305213570594788,0.0,0.36947867274284363,1,-0.26104268431663513,0.2687122277915478,1.127857792377472,-0.017193499207496642,-0.16429818719625472,0.2687122277915478,0.6268799885355397,0.19981868180019804,0.17330132966426234,0.6268799885355397,0.19981868180019804,0.17330132966426234,0.6268799885355397,0.19981868180019804,-0.45357865887127735,1,1,0.0,950.0,0.22867665439844131,0.651605641655162,-0.10160564165516195
84,84,categorical_soft,1,1,False,0.0,0.0,0.0,1.0,0.0,2,-1.0,0.4760239630937576,1.3023257493972777,1.6312106132507325,-2.102660965919495,0.4760239630937576,0.4127699001533148,0.5734842566956163,0.013745843151068823,0.4127699001533148,0.5734842566956163,0.013745843151068823,0.5734842566956163,0.4127699001533148,-0.5597384135445475,2,2,0.0,1000.0,0.550745278596878,0.8955086415069909,-0.3455086415069909
85,85,categorical_soft,1,1,False,0.0,0.0,0.0,1.0,0.0,2,-1.0,0.5015810698270797,-2.0713481426239015,3.4061383247375487,-0.7886262893676758,0.5015810698270797,0.004106316705601102,0.9808845722349547,0.015009111059444288,0.004106316705601102,0.9808845722349547,0.015009111059444288,0.9808845722349547,0.004106316705601102,-0.9658754611755105,2,2,0.256,930.0,0.8126536016352475,0.9712387698232933,-0.4212387698232932
86,86,categorical_soft,0,0,True,0.1401671634825094,0.0,0.8598328232765198,0.0,0.14016716182231903,1,-0.7196656614542007,0.3268479861319065,2.34788556098938,-1.9288487195968629,0.5318745732307434,0.3268479861319065,0.8497416163638579,0.011946675292123224,0.13831170834401876,0.8497416163638579,0.011946675292123224,0.13831170834401876,0.8497416163638579,0.011946675292123224,-0.7114299080198392,1,1,0.128,720.0,1.0018488429486752,0.99100729361372,-0.44100729361371993
87,87,categorical_soft,0,0,True,0.1579737808476096,0.0,0.8420262336730957,0.0,0.1579737812280655,1,-0.6840524524450302,0.3058655060827732,0.953928405046463,-0.5041082352399826,0.29940691143274306,0.3058655060827732,0.5693310659551889,0.13325349726018365,0.2974154367846274,0.5693310659551889,0.13325349726018365,0.2974154367846274,0.5693310659551889,0.13325349726018365,-0.2719156291705615,1,1,0.128,440.0,0.5102233439683914,0.9324090586510734,-0.38240905865107333
88,88,categorical_soft,1,1,True,0.15601400032370472,0.0,0.0,0.8439859747886658,0.15601399540901184,2,-0.6879719793796539,0.2949089646339417,-1.7760264039039613,2.5306838274002077,-0.11506331078708172,0.2949089646339417,0.012456784832012135,0.9218730061475988,0.06567020902038903,0.012456784832012135,0.9218730061475988,0.06567020902038903,0.9218730061475988,0.012456784832012135,-0.8562027971272098,2,2,0.064,920.0,0.6466557011008263,0.9379630827620945,-0.38796308276209446
89,89,categorical_soft,0,0,True,0.13867979422016208,0.0,0.8613201975822449,0.0,0.13867978751659393,1,-0.7226404100656509,0.29364911690354345,3.186532402038574,-3.012139010429382,0.9350924789905548,0.29364911690354345,0.9029379832772317,0.0018520543205194067,0.09520996240224884,0.9029379832772317,0.0018520543205194067,0.09520996240224884,0.9029379832772317,0.0018520543205194067,-0.8077280208749829,1,1,0.512,550.0,1.1821235120296478,0.9969605032899925,-0.4469605032899925
90,90,categorical_soft,0,0,False,0.0,0.0,1.0,0.0,0.0,1,-1.0,0.4560595989227295,6.24926118850708,-1.8252546906471252,-2.98775794506073,0.4560595989227295,0.9995840538638167,0.0003182729899875212,9.767314619572984e-05,0.9995840538638167,0.0003182729899875212,9.767314619572984e-05,0.9995840538638167,0.0003182729899875212,-0.999486380717621,1,1,0.512,880.0,1.2769555374979973,0.997160080993963,-0.447160080993963
91,91,categorical_soft,0,0,True,0.1385059640391194,0.0,0.8614940643310547,0.0,0.1385059654712677,1,-0.722988098859787,0.14503958839923142,4.47633056640625,-5.244430160522461,1.8384663820266725,0.14503958839923142,0.9331636829211363,5.672012504020867e-05,0.06677959695382377,0.9331636829211363,5.672012504020867e-05,0.06677959695382377,0.9331636829211363,5.672012504020867e-05,-0.8663840859673125,1,1,0.512,1080.0,1.366443656384945,0.9976703801408602,-0.44767038014086014
92,92,categorical_soft,1,1,False,0.0,0.0,0.0,1.0,0.0,2,-1.0,0.41972099244594574,-0.6156341910362244,3.6596882820129393,-2.2135016679763795,0.41972099244594574,0.013681070324780794,0.9834971137023081,0.002821815972911159,0.013681070324780794,0.9834971137023081,0.002821815972911159,0.9834971137023081,0.013681070324780794,-0.9806752977293969,2,2,0.256,560.0,0.9402712360024452,0.9899754196958969,-0.4399754196958968
93,93,categorical_soft,0,0,False,0.0,0.0,1.0,0.0,0.0,1,-1.0,0.47596609592437744,4.896835088729858,-1.2527576804161071,-2.621741604804993,0.47596609592437744,0.9973183726691321,0.0021378836736163755,0.0005437436572513583,0.9973183726691321,0.0021378836736163755,0.0005437436572513583,0.9973183726691321,0.0021378836736163755,-0.9967746290118807,1,1,0.256,1010.0,0.89406618475914,0.9786080040410493,-0.42860800404104926
94,94,categorical_soft,0,0,False,0.0,0.0,1.0,0.0,0.0,1,-1.0,0.4779683411121368,3.427137279510498,-0.09836976230144501,-2.2459998607635496,0.4779683411121368,0.9679831287410829,0.028660470807483816,0.003356400451433082,0.9679831287410829,0.028660470807483816,0.003356400451433082,0.9679831287410829,0.028660470807483816,-0.9646267282896499,1,1,0.032,1190.0,0.02443823218345642,0.33922723566905744,0.2107727643309426
95,95,categorical_soft,1,1,False,0.0,0.0,0.0,1.0,0.0,2,-1.0,0.5185704320669174,-0.36779764890670774,2.2482571601867676,-1.2621680974960328,0.5185704320669174,0.06627477534552215,0.9062843754148646,0.02744084923961329,0.06627477534552215,0.9062843754148646,0.02744084923961329,0.9062843754148646,0.06627477534552215,-0.8788435261752513,2,2,0.128,600.0,0.7799523025751114,0.9771726121679656,-0.42717261216796554
96,96,categorical_soft,1,1,False,0.0,0.0,0.0,1.0,0.0,2,-1.0,0.48004472255706787,-0.9602141499519348,2.726065492630005,-1.330762779712677,0.48004472255706787,0.024078505299056058,0.9591930473985828,0.016728447302361293,0.024078505299056058,0.9591930473985828,0.016728447302361293,0.9591930473985828,0.024078505299056058,-0.9424646000962215,2,2,0.128,540.0,0.7702847868204117,0.9777200244845375,-0.4277200244845375
97,97,categorical_soft,0,0,False,0.0,0.0,1.0,0.0,0.0,1,-1.0,0.541793942451477,3.9394957304000853,-0.33010429739952085,-2.783241939544678,0.541793942451477,0.9849878243221133,0.013812597884279096,0.0011995777936076666,0.9849878243221133,0.013812597884279096,0.0011995777936076666,0.9849878243221133,0.013812597884279096,-0.9837882465285056,1,1,0.128,850.0,0.8069951236248016,0.9730954313510861,-0.42309543135108607
98,98,categorical_soft,0,0,False,0.0,0.0,1.0,0.0,0.0,1,-1.0,0.6346704691648484,5.154882478713989,-1.0751576006412507,-2.8765687227249144,0.6346704691648484,0.9976930904063739,0.0019824816151010295,0.0003244279785251128,0.9976930904063739,0.0019824816151010295,0.0003244279785251128,0.9976930904063739,0.0019824816151010295,-0.9973686624278487,1,1,0.256,1130.0,0.940323144197464,0.980270773974937,-0.43027077397493696
99,99,categorical_soft,1,1,False,0.0,0.0,0.0,1.0,0.0,2,-1.0,0.5033292531967163,-1.513377273082733,3.1322863578796385,-1.2477645397186279,0.5033292531967163,0.0094104054627685,0.9781558088732073,0.012433785664024406,0.0094104054627685,0.9781558088732073,0.012433785664024406,0.9781558088732073,0.0094104054627685,-0.9657220232091829,2,2,0.256,770.0,0.8457882143557072,0.9796723792946275,-0.4296723792946274
100,100,categorical_soft,0,0,True,0.3376142361206555,0.0,0.6623857617378235,0.0,0.3376142382621765,1,-0.324771523475647,0.29892787635326384,-0.018600111128762364,-0.037018644344061616,0.3338060438632965,0.29892787635326384,0.29390013013889493,0.28828545022923036,0.41781441963187477,0.29390013013889493,0.28828545022923036,0.41781441963187477,0.29390013013889493,0.28828545022923036,0.12391428949297983,3,3,0.032,440.0,0.12880773842334747,0.6792309287486062,-0.1292309287486062
101,101,categorical_soft,0,0,False,0.0,0.0,1.0,0.0,0.0,1,-1.0,0.5438168853521347,4.101831388473511,-0.7861938297748565,-2.3977298498153687,0.5438168853521347,0.9909859743716407,0.007516569737905826,0.00149745589045344,0.9909859743716407,0.007516569737905826,0.00149745589045344,0.9909859743716407,0.007516569737905826,-0.9894885184811872,1,1,0.128,830.0,0.830107644200325,0.9764743892344655,-0.42647438923446546
102,102,categorical_soft,1,1,False,0.0,0.0,0.0,1.0,0.0,2,-1.0,0.39988216757774353,-3.303372359275818,4.0614501476287845,-0.156574048101902,0.39988216757774353,0.0006237102984597238,0.9848207026160829,0.014555587085457488,0.0006237102984597238,0.9848207026160829,0.014555587085457488,0.9848207026160829,0.0006237102984597238,-0.9702651155306254,2,2,0.512,1170.0,0.895032768137753,0.9742936447438079,-0.4242936447438078
103,103,categorical_soft,0,0,False,0.0,0.0,1.0,0.0,0.0,1,-1.0,0.4536419570446014,2.2356935501098634,1.2495394945144653,-2.486336874961853,0.4536419570446014,0.723483524497846,0.2700612624541324,0.006455213048021426,0.723483524497846,0.2700612624541324,0.006455213048021426,0.723483524497846,0.2700612624541324,-0.7170283114498246,1,1,0.0,1100.0,0.23338864743709564,0.6150104376710481,-0.06501043767104808
104,104,categorical_soft,1,1,True,0.4096164916586834,0.0,0.0,0.5903835296630859,0.40961650013923645,2,-0.1807670295238495,0.4318424858152866,0.8850610911846161,0.8145156085491181,-0.6446692764759063,0.4318424858152866,0.4654267799456241,0.4336633092044243,0.1009099108499516,0.4654267799456241,0.4336633092044243,0.1009099108499516,0.4336633092044243,0.4654267799456241,-0.3327533983544727,1,1,0.032,540.0,0.09940434992313385,0.618978002070126,-0.06897800207012594
105,105,categorical_soft,1,1,True,0.18887130337457675,0.0,0.0,0.8111286759376526,0.18887130916118622,2,-0.6222573667764664,0.39767406806349753,-1.1000645518302918,0.7400747537612915,0.43182399272918703,0.39767406806349753,0.083794890391341,0.5280108697518112,0.38819423985684776,0.083794890391341,0.5280108697518112,0.38819423985684776,0.5280108697518112,0.083794890391341,-0.13981662989496346,2,2,0.064,550.0,0.3758755214512348,0.8619496191417857,-0.31194961914178565
106,106,categorical_soft,1,1,False,0.0,0.0,0.0,1.0,0.0,2,-1.0,0.393406417965889,-0.05535586671903729,1.8963374137878417,-1.2564046740531922,0.393406417965889,0.1200329199383611,0.8437483491695635,0.036218730892075446,0.1200329199383611,0.8437483491695635,0.036218730892075446,0.8437483491695635,0.1200329199383611,-0.807529618277488,2,2,0.064,500.0,0.7896378748118877,0.9806371703308566,-0.4306371703308566
107,107,categorical_soft,0,0,False,0.0,0.0,1.0,0.0,0.0,1,-1.0,0.4332841277122498,4.5797642230987545,-0.3488194108009338,-3.0120923280715943,0.4332841277122498,0.9922628585983541,0.00723371375084223,0.000503427650803685,0.9922628585983541,0.00723371375084223,0.000503427650803685,0.9922628585983541,0.00723371375084223,-0.9917594309475504,1,1,0.064,1090.0,0.6760236322879791,0.9343389584901522,-0.3843389584901522
108,108,categorical_soft,1,1,False,0.0,0.0,0.0,1.0,0.0,2,-1.0,0.48108013570308683,-1.8193721652030945,3.435828685760498,-1.2291675925254821,0.48108013570308683,0.005160886823447391,0.9853909642705112,0.00944814890604125,0.005160886823447391,0.9853909642705112,0.00944814890604125,0.9853909642705112,0.005160886823447391,-0.9759428153644699,2,2,0.512,420.0,0.9626827612519264,0.9923966606535153,-0.44239666065351524
109,109,categorical_soft,0,0,True,0.13903218305788395,0.0,0.8609678149223328,0.0,0.13903218507766724,1,-0.7219356298446655,0.4424696758389473,3.931548595428467,-2.9011425256729124,0.5240179181098938,0.4424696758389473,0.9661449570849309,0.0010528473782371042,0.03280219553683199,0.9661449570849309,0.0010528473782371042,0.03280219553683199,0.9661449570849309,0.0010528473782371042,-0.9333427615480989,1,1,0.256,1090.0,1.2358582559973001,0.9955306831056581,-0.445530683105658
110,110,categorical_soft,1,1,False,0.0,0.0,0.0,1.0,0.0,2,-1.0,0.4501215875148773,1.0665244519710542,1.5386991381645203,-1.7900683164596558,0.4501215875148773,0.3758191421384477,0.6024768821554269,0.021703975706125297,0.3758191421384477,0.6024768821554269,0.021703975706125297,0.6024768821554269,0.3758191421384477,-0.5807729064493017,2,2,0.032,490.0,0.6406727135181427,0.9610210045554824,-0.4110210045554824
111,111,categorical_soft,1,1,False,0.0,0.0,0.0,1.0,0.0,2,-1.0,0.46712309718132017,0.41885987520217893,1.9489184021949768,-1.5859522938728332,0.46712309718132017,0.17399660803172273,0.8023475430849605,0.023655848883316864,0.17399660803172273,0.8023475430849605,0.023655848883316864,0.8023475430849605,0.17399660803172273,-0.7786916942016436,2,2,0.032,600.0,0.29688987880945206,0.7995060550026047,-0.2495060550026047
112,112,categorical_soft,1,1,True,0.1814254125808215,0.0,0.0,0.8185746073722839,0.18142540752887726,2,-0.6371491998434067,0.27806582525372503,-0.9292087733745575,0.714239627122879,0.38912256360054015,0.27806582525372503,0.1008816957154773,0.5219488171163509,0.3771694871681718,0.1008816957154773,0.5219488171163509,0.3771694871681718,0.5219488171163509,0.1008816957154773,-0.1447793299481791,2,2,0.064,1090.0,0.5347029687836766,0.8766373137828818,-0.32663731378288174
113,113,categorical_soft,0,0,False,0.0,0.0,1.0,0.0,0.0,1,-1.0,0.633892634510994,3.440953278541565,-0.18250570595264434,-2.2571473598480223,0.633892634510994,0.970553083338776,0.026167222929156457,0.0032796937320676125,0.970553083338776,0.026167222929156457,0.0032796937320676125,0.970553083338776,0.026167222929156457,-0.9672733896067084,1,1,0.128,740.0,0.859238401055336,0.9816118736481374,-0.43161187364813736
114,114,categorical_soft,0,0,True,0.1397140909595591,0.0,0.8602859377861023,0.0,0.1397140920162201,1,-0.7205718457698822,0.31305610947310925,2.9102720499038695,-2.2786103248596192,0.5368842303752899,0.31305610947310925,0.9095746195385921,0.005134935934090588,0.08529044452731735,0.9095746195385921,0.005134935934090588,0.08529044452731735,0.9095746195385921,0.005134935934090588,-0.8242841750112747,1,1,0.128,1110.0,1.143107857555151,0.992798274687235,-0.442798274687235
115,115,categorical_soft,0,0,False,0.0,0.0,1.0,0.0,0.0,1,-1.0,0.517836058139801,3.6488776922225954,-0.7394732117652894,-2.027487277984619,0.517836058139801,0.984307217095411,0.01231339699626979,0.0033793859083190818,0.984307217095411,0.01231339699626979,0.0033793859083190818,0.984307217095411,0.01231339699626979,-0.9809278311870919,1,1,0.256,400.0,0.8786294907331467,0.9888229953165317,-0.4388229953165317
116,116,categorical_soft,0,0,True,0.13828874431963267,0.0,0.8617112636566162,0.0,0.13828875124454498,1,-0.7234225124120712,0.3893476590514183,3.2090689182281493,-2.660106921195984,0.6532051146030426,0.3893476590514183,0.924880790756205,0.002649926237665973,0.07246928300612902,0.924880790756205,0.002649926237665973,0.07246928300612902,0.924880790756205,0.002649926237665973,-0.852411507750076,1,1,0.512,690.0,1.3690884998068213,0.9985617374980715,-0.4485617374980715
117,117,categorical_soft,1,1,True,0.3776829839284971,0.0,0.0,0.6223170161247253,0.37768298387527466,2,-0.24463403224945068,0.27598079293966293,0.22130846455693245,0.8080207169055938,-0.18912628740072251,0.27598079293966293,0.289086872580407,0.5191441898829401,0.191768937536653,0.289086872580407,0.5191441898829401,0.191768937536653,0.5191441898829401,0.289086872580407,-0.32737525234628706,2,2,0.032,1090.0,0.25692538917064667,0.6447691894907673,-0.09476918949076729
118,118,categorical_soft,0,0,False,0.0,0.0,1.0,0.0,0.0,1,-1.0,0.5895362377166748,1.692756450176239,1.5286921501159667,-2.1948962926864626,0.5895362377166748,0.5348646512372811,0.4540891084063694,0.011046240356349426,0.5348646512372811,0.4540891084063694,0.011046240356349426,0.5348646512372811,0.4540891084063694,-0.5238184108809317,1,1,0.0,530.0,0.14550048112869263,0.6734340588596291,-0.1234340588596291
119,119,categorical_soft,1,1,False,0.0,0.0,0.0,1.0,0.0,2,-1.0,0.4987131178379059,1.375142228603363,1.9137126445770263,-2.204007649421692,0.4987131178379059,0.36484146323338223,0.624858269177757,0.010300267588860795,0.36484146323338223,0.624858269177757,0.010300267588860795,0.624858269177757,0.36484146323338223,-0.6145580015888962,2,2,0.032,1020.0,0.7461745217442513,0.9562448127595157,-0.4062448127595156
120,120,categorical_soft,0,0,False,0.0,0.0,1.0,0.0,0.0,1,-1.0,0.5653350621461868,3.3723576068878174,-0.21369024440646173,-2.2339814424514772,0.5653350621461868,0.9693924802590665,0.027018826351850683,0.003588693389082928,0.9693924802590665,0.027018826351850683,0.003588693389082928,0.9693924802590665,0.027018826351850683,-0.9658037868699836,1,1,0.064,1140.0,0.8811020478606224,0.9734726540334536,-0.4234726540334536
121,121,categorical_soft,1,1,False,0.0,0.0,0.0,1.0,0.0,2,-1.0,0.5197666227817536,1.4133836388587953,1.5716650009155273,-2.1479365825653076,0.5197666227817536,0.45452125785010705,0.5324501600718976,0.013028582077995477,0.45452125785010705,0.5324501600718976,0.013028582077995477,0.5324501600718976,0.45452125785010705,-0.5194215779939021,2,2,0.032,1030.0,0.44420781126245856,0.8304270220552399,-0.28042702205523984
122,122,categorical_soft,0,0,False,0.0,0.0,1.0,0.0,0.0,1,-1.0,0.45141162574291227,2.628171920776367,0.273990660905838,-2.0993179798126222,0.45141162574291227,0.9057030122892135,0.08627078343956603,0.008026204271220408,0.9057030122892135,0.08627078343956603,0.008026204271220408,0.9057030122892135,0.08627078343956603,-0.8976768080179931,1,1,0.032,770.0,0.5590284466743469,0.921742720182926,-0.371742720182926
123,123,categorical_soft,1,1,False,0.0,0.0,0.0,1.0,0.0,2,-1.0,0.6113119751214982,1.5352375864982606,2.329255723953247,-2.6912269592285156,0.6113119751214982,0.3098994316059183,0.685513505563475,0.004587062830606664,0.3098994316059183,0.685513505563475,0.004587062830606664,0.685513505563475,0.3098994316059183,-0.6809264427328684,2,2,0.064,970.0,0.8382994756102562,0.9733338173655368,-0.42333381736553677
124,124,categorical_soft,1,1,False,0.0,0.0,0.0,1.0,0.0,2,-1.0,0.482569819688797,1.1073583602905273,2.477281594276428,-2.4644569158554077,0.482569819688797,0.2016497021670288,0.7926387300827431,0.0057115677502281356,0.2016497021670288,0.7926387300827431,0.0057115677502281356,0.7926387300827431,0.2016497021670288,-0.7869271623325149,2,2,0.064,900.0,0.7135881632566452,0.9555940568279244,-0.4055940568279244
125,125,categorical_soft,1,1,True,0.5794127886650615,0.0,0.0,0.4205872118473053,0.5794128179550171,3,0.1588256061077118,0.3785810485482216,-0.15744863525032998,-0.09398503750562667,0.30248169898986815,0.3785810485482216,0.2740734054859081,0.29190257888590976,0.43402401562818216,0.2740734054859081,0.29190257888590976,0.43402401562818216,0.29190257888590976,0.2740734054859081,0.1421214367422724,3,3,0.0,630.0,0.014298170804977417,0.489638852732902,0.06036114726709807
126,126,categorical_soft,0,0,False,0.0,0.0,1.0,0.0,0.0,1,-1.0,0.5123073518276214,3.3018232345581056,-0.25265017747879026,-2.0151150226593018,0.5123073518276214,0.967455562859219,0.027732395001141486,0.0048120421396394735,0.967455562859219,0.027732395001141486,0.0048120421396394735,0.967455562859219,0.027732395001141486,-0.9626435207195795,1,1,0.064,710.0,0.7786474227905273,0.9738569134677411,-0.423856913467741
127,127,categorical_soft,1,1,True,0.14917704361324657,0.0,0.0,0.8508229851722717,0.14917704463005066,2,-0.7016459405422211,0.3007129330188036,-2.268770933151245,2.323669767379761,0.30231785774230957,0.3007129330188036,0.008913377599238883,0.8751065418708486,0.11598008052991264,0.008913377599238883,0.8751065418708486,0.11598008052991264,0.8751065418708486,0.008913377599238883,-0.759126461340936,2,2,0.256,800.0,0.7053017374128103,0.9588614438144833,-0.4088614438144833
128,128,categorical_soft,0,0,False,0.0,0.0,1.0,0.0,0.0,1,-1.0,0.44725187718868253,4.659152269363403,-0.7313565850257874,-2.907117223739624,0.44725187718868253,0.9948996339844047,0.004578492314504917,0.0005218737010905607,0.9948996339844047,0.004578492314504917,0.0005218737010905607,0.9948996339844047,0.004578492314504917,-0.9943777602833141,1,1,0.256,810.0,0.9328049719333649,0.9859995425646517,-0.4359995425646517
129,129,categorical_soft,1,1,False,0.0,0.0,0.0,1.0,0.0,2,-1.0,0.5420890569686889,0.9978909730911255,1.4495277047157287,-1.6871715903282165,0.5420890569686889,0.37889978835712823,0.5951191894806513,0.0259810221622205,0.37889978835712823,0.5951191894806513,0.0259810221622205,0.5951191894806513,0.37889978835712823,-0.5691381673184308,2,2,0.0,740.0,0.4401589300541673,0.8719570289551434,-0.32195702895514333
130,130,categorical_soft,0,0,True,0.13932300532074077,0.0,0.8606770038604736,0.0,0.13932301104068756,1,-0.7213539928197861,0.2200689349323511,3.080973815917969,-3.1531912326812743,1.1147859811782836,0.2200689349323511,0.8756119321669166,0.001730874316334064,0.12265719351674931,0.8756119321669166,0.001730874316334064,0.12265719351674931,0.8756119321669166,0.001730874316334064,-0.7529547386501673,1,1,0.256,760.0,1.1072956509888172,0.9943598641772323,-0.4443598641772323
131,131,categorical_soft,1,1,True,0.26710387641292066,0.0,0.0,0.7328961491584778,0.2671038806438446,2,-0.4657922685146332,0.3340777408331633,0.41792559921741484,-0.3154580220580101,0.321059787273407,0.3340777408331633,0.4186319852314745,0.20130661930286503,0.3800613954656605,0.4186319852314745,0.20130661930286503,0.3800613954656605,0.20130661930286503,0.4186319852314745,0.17875477616279545,1,1,0.0,450.0,0.20189611613750458,0.7497536010137897,-0.1997536010137897
132,132,categorical_soft,1,1,True,0.1942978501231068,0.0,0.0,0.8057021498680115,0.19429785013198853,2,-0.611404299736023,0.3326660469174385,0.21080230697989463,0.5521608650684356,-0.06396958455443383,0.3326660469174385,0.3160867462438975,0.4440282183492695,0.23988503540683306,0.3160867462438975,0.4440282183492695,0.23988503540683306,0.4440282183492695,0.3160867462438975,-0.2041431829424364,2,2,0.0,450.0,0.33466777577996254,0.8519102310008333,-0.30191023100083325
133,133,categorical_soft,1,1,True,0.1479900162383735,0.0,0.0,0.8520100116729736,0.14799001812934875,2,-0.7040199935436249,0.33511992171406746,-2.8117201805114744,2.8125035047531126,0.424622905254364,0.33511992171406746,0.0032957974580789537,0.9127111843554889,0.0839930181864323,0.0032957974580789537,0.9127111843554889,0.0839930181864323,0.9127111843554889,0.0032957974580789537,-0.8287181661690566,2,2,0.256,1060.0,0.7902041841298342,0.9627634908850646,-0.4127634908850646
134,134,categorical_soft,1,1,False,0.0,0.0,0.0,1.0,0.0,2,-1.0,0.3811010837554932,-1.695065939426422,3.456142282485962,-1.2331233978271485,0.3811010837554932,0.005735315517202777,0.9850401727123914,0.009224511770405893,0.005735315517202777,0.9850401727123914,0.009224511770405893,0.9850401727123914,0.005735315517202777,-0.9758156609419856,2,2,0.512,420.0,0.9185963869094849,0.9905750027375144,-0.4405750027375144
135,135,categorical_soft,1,1,False,0.0,0.0,0.0,1.0,0.0,2,-1.0,0.46795201003551484,-0.7467288434505462,2.9267258405685426,-1.5237722754478455,0.46795201003551484,0.024481550641067662,0.9642213694843773,0.011297079874555036,0.024481550641067662,0.9642213694843773,0.011297079874555036,0.9642213694843773,0.024481550641067662,-0.9529242896098222,2,2,0.128,550.0,0.8471453636884689,0.9844363066557632,-0.43443630665576316
136,136,categorical_soft,1,1,False,0.0,0.0,0.0,1.0,0.0,2,-1.0,0.4985670238733292,-0.5405151546001434,2.9808253765106203,-1.8233150720596314,0.4985670238733292,0.0284923433207294,0.9634811558619365,0.00802650081733406,0.0284923433207294,0.9634811558619365,0.00802650081733406,0.9634811558619365,0.0284923433207294,-0.9554546550446025,2,2,0.064,710.0,0.8296653404831886,0.9795348113878266,-0.42953481138782657
137,137,categorical_soft,1,1,False,0.0,0.0,0.0,1.0,0.0,2,-1.0,0.3553499817848206,-2.637025833129883,3.4779407024383544,-0.41149128079414365,0.3553499817848206,0.002161900773556724,0.9777096261030346,0.02012847312340866,0.002161900773556724,0.9777096261030346,0.02012847312340866,0.9777096261030346,0.002161900773556724,-0.9575811529796259,2,2,0.256,1170.0,0.9370100349187851,0.9789839075363657,-0.4289839075363656
138,138,categorical_soft,0,0,False,0.0,0.0,1.0,0.0,0.0,1,-1.0,0.5975227177143096,3.5949419260025026,-0.6294377326965332,-2.0575485229492188,0.5975227177143096,0.9821273348468701,0.014406167150187754,0.003466498002942013,0.9821273348468701,0.014406167150187754,0.003466498002942013,0.9821273348468701,0.014406167150187754,-0.9786608368439281,1,1,0.256,520.0,0.7035814672708511,0.9700524971125286,-0.42005249711252857
139,139,categorical_soft,0,0,True,0.5633984061695912,0.0,0.43660157918930054,0.0,0.5633984208106995,3,0.12679684162139893,0.34017913043498993,-0.42988246083259585,0.10990506708621979,0.3962571144104004,0.34017913043498993,0.19986649474505466,0.34327662173542184,0.45685688351952347,0.19986649474505466,0.34327662173542184,0.45685688351952347,0.19986649474505466,0.34327662173542184,0.2569903887744688,3,3,0.032,550.0,0.004771977663040161,0.5020469266401053,0.04795307335989474
140,140,categorical_soft,0,0,True,0.20074126903059886,0.0,0.7992587089538574,0.0,0.20074127614498138,1,-0.598517432808876,0.21866207309067248,2.39700984954834,-1.8828773975372315,0.5176752746105194,0.21866207309067248,0.8569737492471091,0.011874221645143871,0.13115202910774684,0.8569737492471091,0.011874221645143871,0.13115202910774684,0.8569737492471091,0.011874221645143871,-0.7258217201393623,1,1,0.032,910.0,0.42986413836479187,0.8406197921304861,-0.29061979213048605
141,141,categorical_soft,0,0,True,0.13822393699639696,0.0,0.8617760539054871,0.0,0.13822393119335175,1,-0.7235521227121353,0.32137192189693453,3.9960551023483277,-3.128691220283508,0.5883489549160004,0.32137192189693453,0.9665152033175282,0.0007842865633524195,0.03270051011911953,0.9665152033175282,0.0007842865633524195,0.03270051011911953,0.9665152033175282,0.0007842865633524195,-0.9338146931984086,1,1,0.256,1090.0,1.5090577974915504,0.9988286034420863,-0.4488286034420863
142,142,categorical_soft,0,0,True,0.1386426140440054,0.0,0.8613573908805847,0.0,0.13864260911941528,1,-0.7227147817611694,0.4215362921357155,2.9585688829422,-2.237438976764679,0.4414204180240631,0.4215362921357155,0.9202171300336393,0.005133645119833435,0.07464922484652729,0.9202171300336393,0.005133645119833435,0.07464922484652729,0.9202171300336393,0.005133645119833435,-0.845567905187112,1,1,0.512,520.0,1.1852051876485348,0.9971120824108168,-0.4471120824108168
143,143,categorical_soft,1,1,False,0.0,0.0,0.0,1.0,0.0,2,-1.0,0.5248132467269897,-0.5460567027330399,3.016132426261902,-1.9078573346138001,0.5248132467269897,0.02741366956208427,0.9654219636898957,0.007164366748019679,0.02741366956208427,0.9654219636898957,0.007164366748019679,0.9654219636898957,0.02741366956208427,-0.9582575969418761,2,2,0.128,820.0,0.8714949004352093,0.9809465115266203,-0.4309465115266202
144,144,categorical_soft,0,0,True,0.6047506896738587,0.0,0.39524930715560913,0.0,0.6047506928443909,3,0.20950138568878174,0.3110683627426624,0.29904607534408567,-0.1283501133322716,0.32167505025863646,0.3110683627426624,0.37369527459399954,0.24363141891531873,0.38267330649068165,0.37369527459399954,0.24363141891531873,0.38267330649068165,0.37369527459399954,0.24363141891531873,0.008978031896682115,3,3,0.0,930.0,0.0715331882238388,0.46956332434263837,0.08043667565736168
145,145,categorical_soft,0,0,False,0.0,0.0,1.0,0.0,0.0,1,-1.0,0.560846084356308,1.2167969226837159,1.471698486804962,-1.8709956645965575,0.560846084356308,0.4280562426536444,0.552229745420012,0.01971401192634372,0.4280562426536444,0.552229745420012,0.01971401192634372,0.4280562426536444,0.552229745420012,-0.4083422307273007,2,2,0.0,720.0,0.18114810436964035,0.6614705638313395,-0.11147056383133946
146,146,categorical_soft,1,1,True,0.1519203241885233,0.0,0.0,0.8480796813964844,0.15192031860351562,2,-0.6961593627929688,0.2759652644395828,-0.45987933576107026,0.2066774532198906,0.34312735199928285,0.2759652644395828,0.19297331770770842,0.3760401938668693,0.4309864884254223,0.19297331770770842,0.3760401938668693,0.4309864884254223,0.3760401938668693,0.19297331770770842,0.05494629455855299,3,3,0.032,760.0,0.654623880982399,0.9501698761583731,-0.4001698761583731
147,147,categorical_soft,0,0,True,0.14111425726669852,0.0,0.8588857650756836,0.0,0.1411142498254776,1,-0.717771515250206,0.5416601419448852,2.431704211235046,-0.9557440042495727,-0.24844490885734558,0.5416601419448852,0.9060662193685394,0.03081962316725816,0.06311415746420238,0.9060662193685394,0.03081962316725816,0.06311415746420238,0.9060662193685394,0.03081962316725816,-0.842952061904337,1,1,0.064,550.0,0.8895179703831673,0.9873244413996682,-0.4373244413996682
148,148,categorical_soft,0,0,False,0.0,0.0,1.0,0.0,0.0,1,-1.0,0.5539415180683136,3.9359822988510134,-0.5545598089694976,-2.4442418575286866,0.5539415180683136,0.9871759237725186,0.011141402357083439,0.0016826738703979213,0.9871759237725186,0.011141402357083439,0.0016826738703979213,0.9871759237725186,0.011141402357083439,-0.9854932499021207,1,1,0.256,640.0,0.9410156607627869,0.989011461538332,-0.4390114615383319
149,149,categorical_soft,1,1,False,0.0,0.0,0.0,1.0,0.0,2,-1.0,0.44976626336574554,-3.2416064977645873,3.5138628482818604,0.11828455105423927,0.44976626336574554,0.0011255636236055632,0.9663141472346732,0.03256028914172136,0.0011255636236055632,0.9663141472346732,0.03256028914172136,0.9663141472346732,0.0011255636236055632,-0.9337538580929519,2,2,0.512,1010.0,0.884843185544014,0.9776384682656628,-0.42763846826566276
150,150,categorical_soft,1,1,True,0.2515553254723077,0.0,0.0,0.748444676399231,0.25155532360076904,2,-0.4968893527984619,0.26540411487221716,0.4803687334060669,-0.07799149323254824,0.1278076320886612,0.26540411487221716,0.43897277253333816,0.2513602874535352,0.3096669400131266,0.43897277253333816,0.2513602874535352,0.3096669400131266,0.2513602874535352,0.43897277253333816,0.05830665255959139,1,1,0.0,1140.0,0.39154666662216187,0.76804389163125,-0.21804389163124993
151,151,categorical_soft,1,1,True,0.16508592190326005,0.0,0.0,0.8349140882492065,0.16508592665195465,2,-0.6698281615972519,0.3618663802742958,-1.14813312292099,0.7304004013538361,0.4275084972381592,0.3618663802742958,0.08075511084183011,0.5286239118139712,0.3906209773441987,0.08075511084183011,0.5286239118139712,0.3906209773441987,0.5286239118139712,0.08075511084183011,-0.13800293446977246,2,2,0.064,450.0,0.4585789884440601,0.9136067979112812,-0.36360679791128114
152,152,categorical_soft,0,0,True,0.13982705296845277,0.0,0.8601729273796082,0.0,0.13982705771923065,1,-0.7203458696603775,0.2751390915364027,2.5105050086975096,-2.2268521785736084,0.7330670416355133,0.2751390915364027,0.8487785266776731,0.007523427784726898,0.14369804553759996,0.8487785266776731,0.007523427784726898,0.14369804553759996,0.8487785266776731,0.007523427784726898,-0.705080481140073,1,1,0.256,680.0,1.0252197608351707,0.9923499347600208,-0.4423499347600207
153,153,categorical_soft,1,1,False,0.0,0.0,0.0,1.0,0.0,2,-1.0,0.4339317470788956,-0.8222029089927674,3.056259799003601,-1.5749791979789733,0.4339317470788956,0.02007802461321543,0.9702991540596292,0.00962282132715529,0.02007802461321543,0.9702991540596292,0.00962282132715529,0.9702991540596292,0.02007802461321543,-0.9606763327324739,2,2,0.128,570.0,0.8900863528251648,0.9870548531058613,-0.43705485310586123
154,154,categorical_soft,1,1,True,0.38718682720448966,0.0,0.0,0.6128131747245789,0.38718682527542114,2,-0.22562634944915771,0.3351888950914145,0.0006783884949982166,0.09892085865139962,0.16671198159456252,0.3351888950914145,0.3048914386529924,0.3357086542040185,0.3593999071429891,0.3048914386529924,0.3357086542040185,0.3593999071429891,0.3357086542040185,0.3048914386529924,0.023691252938970564,3,3,0.0,420.0,0.08563469350337982,0.6369667935119121,-0.08696679351191205
155,155,categorical_soft,1,1,True,0.6919414839182145,0.0,0.0,0.3080585300922394,0.691941499710083,3,0.38388296961784363,0.3894040174782276,0.7561257362365723,-0.17697411831468343,0.19515571966767312,0.3894040174782276,0.5079131735929902,0.20021384150384622,0.2918729849031637,0.5079131735929902,0.20021384150384622,0.2918729849031637,0.20021384150384622,0.5079131735929902,0.0916591433993175,1,1,0.0,1110.0,0.05216918885707855,0.3931617373280032,0.15683826267199685
156,156,categorical_soft,1,1,False,0.0,0.0,0.0,1.0,0.0,2,-1.0,0.37333338856697085,-2.071250879764557,3.3962322950363157,-0.7879081249237061,0.37333338856697085,0.004148748587517758,0.9805995325678865,0.015251718844595741,0.004148748587517758,0.9805995325678865,0.015251718844595741,0.9805995325678865,0.004148748587517758,-0.9653478137232907,2,2,0.512,620.0,1.0369794890284538,0.9932770033740341,-0.4432770033740341
157,157,categorical_soft,0,0,True,0.14246930285070097,0.0,0.8575307130813599,0.0,0.14246930181980133,1,-0.7150614112615585,0.25661107078194617,4.360603904724121,-4.948914909362793,1.7144210696220399,0.25661107078194617,0.9336048641005208,8.593319061600203e-05,0.06630920270886322,0.9336048641005208,8.593319061600203e-05,0.06630920270886322,0.9336048641005208,8.593319061600203e-05,-0.8672956613916576,1,1,0.256,1190.0,0.9762993305921555,0.9821923797642307,-0.43219237976423064
158,158,categorical_soft,0,0,False,0.0,0.0,1.0,0.0,0.0,1,-1.0,0.5062225013971329,3.1674383878707886,0.40429403483867643,-2.4154176235198976,0.5062225013971329,0.9370365783668004,0.05942705744117419,0.0035363641920252075,0.9370365783668004,0.05942705744117419,0.0035363641920252075,0.9370365783668004,0.05942705744117419,-0.9335002141747752,1,1,0.032,970.0,0.5593879073858261,0.9026409468277098,-0.35264094682770974
159,159,categorical_soft,0,0,True,0.2248344800933998,0.0,0.7751654982566833,0.0,0.22483448684215546,1,-0.5503310114145279,0.4089511640369892,2.552933359146118,-1.7796091198921205,0.4016487061977386,0.4089511640369892,0.8849675060795438,0.011755439358592896,0.1032770545618632,0.8849675060795438,0.011755439358592896,0.1032770545618632,0.8849675060795438,0.011755439358592896,-0.7816904515176806,1,1,0.064,1100.0,0.4242866486310959,0.8031953762369244,-0.25319537623692434
160,160,categorical_soft,0,0,True,0.22324250122744782,0.0,0.7767574787139893,0.0,0.22324250638484955,1,-0.5535149723291397,0.3452912949025631,0.44163018763065337,-0.23785143047571183,0.2681036815047264,0.3452912949025631,0.42586956123181785,0.21585193599714994,0.3582785027710322,0.42586956123181785,0.21585193599714994,0.3582785027710322,0.42586956123181785,0.21585193599714994,-0.06759105846078567,1,1,0.0,570.0,0.29719260334968567,0.8054738559841625,-0.2554738559841625
161,161,categorical_soft,0,0,False,0.0,0.0,1.0,0.0,0.0,1,-1.0,0.49373623728752136,5.049327707290649,-1.1217872858047486,-2.6899160623550413,0.49373623728752136,0.9974473819575319,0.002110877568037842,0.0004417404744302086,0.9974473819575319,0.002110877568037842,0.0004417404744302086,0.9974473819575319,0.002110877568037842,-0.9970056414831017,1,1,0.256,1120.0,0.8825294226408005,0.9742646649939778,-0.42426466499397775
162,162,categorical_soft,0,0,False,0.0,0.0,1.0,0.0,0.0,1,-1.0,0.5190223217010498,4.03275055885315,-0.5075040608644485,-2.552487826347351,0.5190223217010498,0.9880245662704157,0.010600847191258488,0.0013745865383257656,0.9880245662704157,0.010600847191258488,0.0013745865383257656,0.9880245662704157,0.010600847191258488,-0.9866499797320899,1,1,0.064,1170.0,0.6937208026647568,0.9337542971450663,-0.38375429714506626
163,163,categorical_soft,0,0,False,0.0,0.0,1.0,0.0,0.0,1,-1.0,0.5370869964361191,4.385333824157715,-0.8078280091285706,-2.558841824531555,0.5370869964361191,0.9934823431745672,0.005555773998248501,0.0009618828271841868,0.9934823431745672,0.005555773998248501,0.0009618828271841868,0.9934823431745672,0.005555773998248501,-0.992520460347383,1,1,0.512,420.0,1.0640278086066246,0.9953650626985455,-0.4453650626985455
164,164,categorical_soft,1,1,True,0.17329589949797325,0.0,0.0,0.8267040848731995,0.17329590022563934,2,-0.6534081846475601,0.3709924355149269,-1.4121857047080995,1.4928531169891357,0.16825900226831436,0.3709924355149269,0.04154617842040027,0.7568986412087921,0.2015551803708075,0.04154617842040027,0.7568986412087921,0.2015551803708075,0.7568986412087921,0.04154617842040027,-0.5553434608379846,2,2,0.128,630.0,0.45692120492458344,0.8941022071415985,-0.34410220714159845
165,165,categorical_soft,0,0,False,0.0,0.0,1.0,0.0,0.0,1,-1.0,0.6126047492027282,0.9285704612731933,0.9838470220565796,-1.2918201804161071,0.6126047492027282,0.4618468364092082,0.4879601983104502,0.05019296528034177,0.4618468364092082,0.4879601983104502,0.05019296528034177,0.4618468364092082,0.4879601983104502,-0.4116538711288664,2,2,0.032,450.0,0.3405662328004837,0.8555293667070335,-0.30552936670703346
166,166,categorical_soft,1,1,False,0.0,0.0,0.0,1.0,0.0,2,-1.0,0.5345967650413513,1.2554420948028564,1.5793966770172119,-2.007518208026886,0.5345967650413513,0.4130203415663023,0.5710200488005525,0.015959609633145265,0.4130203415663023,0.5710200488005525,0.015959609633145265,0.5710200488005525,0.4130203415663023,-0.5550604391674072,2,2,0.0,790.0,0.5542556680738926,0.918242385703389,-0.36824238570338896
167,167,categorical_soft,0,0,False,0.0,0.0,1.0,0.0,0.0,1,-1.0,0.6249194979667664,6.188878870010376,-2.3096555948257445,-2.4301440954208373,0.6249194979667664,0.99960929224462,0.0002093851193007781,0.0001813226360790937,0.99960929224462,0.0002093851193007781,0.0001813226360790937,0.99960929224462,0.0002093851193007781,-0.999427969608541,1,1,0.512,960.0,1.1586555764079094,0.9944225634819186,-0.44442256348191855
168,168,categorical_soft,0,0,True,0.13808275097120648,0.0,0.86191725730896,0.0,0.13808275759220123,1,-0.7238344997167587,0.36497487798333167,5.096207523345948,-4.262469100952148,0.7525184988975525,0.36497487798333167,0.9866222161970164,8.611881030008462e-05,0.013291664992683434,0.9866222161970164,8.611881030008462e-05,0.013291664992683434,0.9866222161970164,8.611881030008462e-05,-0.973330551204333,1,1,0.512,1150.0,1.6639904230833054,0.9994114755264566,-0.44941147552645655
169,169,categorical_soft,1,1,False,0.0,0.0,0.0,1.0,0.0,2,-1.0,0.4168208330869675,-2.39371018409729,3.333199381828308,-0.46673216223716735,0.4168208330869675,0.0031795276995496974,0.9749450040158655,0.02187546828458474,0.0031795276995496974,0.9749450040158655,0.02187546828458474,0.9749450040158655,0.0031795276995496974,-0.9530695357312807,2,2,0.512,630.0,0.9054725877940655,0.987096515143741,-0.4370965151437409
170,170,categorical_soft,1,1,True,0.15469499962109745,0.0,0.0,0.8453050255775452,0.15469500422477722,2,-0.6906100213527679,0.35138189494609834,-1.885710871219635,1.4934655666351317,0.5478468239307404,0.35138189494609834,0.023943756508049457,0.702613873832162,0.2734423696597886,0.023943756508049457,0.702613873832162,0.2734423696597886,0.702613873832162,0.023943756508049457,-0.42917150417237343,2,2,0.512,400.0,0.5329052275046706,0.941803186065585,-0.39180318606558495
171,171,categorical_soft,1,1,True,0.15684755429634534,0.0,0.0,0.8431524634361267,0.15684755146503448,2,-0.6863049119710922,0.21611313316971065,-1.8491353631019591,1.9972328543663025,0.2722160220146179,0.21611313316971065,0.017796099723375446,0.8332625385863587,0.1489413616902659,0.017796099723375446,0.8332625385863587,0.1489413616902659,0.8332625385863587,0.017796099723375446,-0.6843211768960928,2,2,0.128,750.0,0.5967523828148842,0.9355792000910905,-0.3855792000910905
172,172,categorical_soft,0,0,False,0.0,0.0,1.0,0.0,0.0,1,-1.0,0.606337559223175,3.043549084663391,-0.3030563652515411,-1.968159794807434,0.606337559223175,0.9596125001994291,0.03394610703138627,0.006441392769184523,0.9596125001994291,0.03394610703138627,0.006441392769184523,0.9596125001994291,0.03394610703138627,-0.9531711074302446,1,1,0.064,1000.0,0.7131521999835968,0.9500865290201956,-0.4000865290201956
173,173,categorical_soft,1,1,False,0.0,0.0,0.0,1.0,0.0,2,-1.0,0.533542799949646,-2.6364123106002806,3.647388052940369,-0.5692626178264618,0.533542799949646,0.001841899490952495,0.983550119769683,0.01460798073936452,0.001841899490952495,0.983550119769683,0.01460798073936452,0.983550119769683,0.001841899490952495,-0.9689421390303185,2,2,0.512,710.0,0.926895696669817,0.9872083280702392,-0.4372083280702391
174,174,categorical_soft,1,1,False,0.0,0.0,0.0,1.0,0.0,2,-1.0,0.4169412136077881,-0.932738870382309,2.265704536437988,-0.9992773354053497,0.4169412136077881,0.037836612315351854,0.9261703676205787,0.035993020064069334,0.037836612315351854,0.9261703676205787,0.035993020064069334,0.9261703676205787,0.037836612315351854,-0.8901773475565093,2,2,0.128,510.0,0.8757945969700813,0.9870818102457184,-0.43708181024571835
175,175,categorical_soft,1,1,False,0.0,0.0,0.0,1.0,0.0,2,-1.0,0.5472795844078064,1.6592187404632568,0.810691875219345,-1.8151238441467286,0.5472795844078064,0.6845506501228862,0.2941487058036491,0.021300644073464582,0.6845506501228862,0.2941487058036491,0.021300644073464582,0.2941487058036491,0.6845506501228862,-0.2728480617301845,1,1,0.032,420.0,0.14259213209152222,0.6989029943655043,-0.14890299436550425
176,176,categorical_soft,0,0,False,0.0,0.0,1.0,0.0,0.0,1,-1.0,0.5378450572490692,4.00242326259613,-0.7054485499858856,-2.250546622276306,0.5378450572490692,0.9891176326601405,0.008973222109176306,0.0019091452306832547,0.9891176326601405,0.008973222109176306,0.0019091452306832547,0.9891176326601405,0.008973222109176306,-0.9872084874294572,1,1,0.512,430.0,0.9890631213784218,0.993234279246882,-0.44323427924688197
177,177,categorical_soft,0,0,True,0.14220901230710697,0.0,0.857791006565094,0.0,0.1422090083360672,1,-0.7155819982290268,0.3324961170554161,2.2565065383911134,-1.7864304900169372,0.5015526592731476,0.3324961170554161,0.8390711688371922,0.014863625310573978,0.14606520585223376,0.8390711688371922,0.014863625310573978,0.14606520585223376,0.8390711688371922,0.014863625310573978,-0.6930059629849585,1,1,0.128,680.0,0.8628118187189102,0.9831660768651947,-0.4331660768651947
178,178,categorical_soft,1,1,False,0.0,0.0,0.0,1.0,0.0,2,-1.0,0.4624627083539963,-3.738441061973572,3.9582629203796387,0.0957035630941391,0.4624627083539963,0.00044524624581366906,0.9788345385867803,0.020720215167405916,0.00044524624581366906,0.9788345385867803,0.020720215167405916,0.9788345385867803,0.00044524624581366906,-0.9581143234193743,2,2,0.512,1100.0,0.9082893161103129,0.9777844890366508,-0.4277844890366508
179,179,categorical_soft,0,0,True,0.2096389923333335,0.0,0.7903609871864319,0.0,0.20963899791240692,1,-0.580721989274025,0.342248547449708,0.6467789292335511,0.09734597839415074,0.014807027112692595,0.342248547449708,0.4735156103710265,0.2739116039160895,0.252572785712884,0.4735156103710265,0.2739116039160895,0.252572785712884,0.4735156103710265,0.2739116039160895,-0.22094282465814252,1,1,0.0,530.0,0.31519949436187744,0.826003236936907,-0.276003236936907
180,180,categorical_soft,0,0,False,0.0,0.0,1.0,0.0,0.0,1,-1.0,0.5724341452121735,3.149574947357178,-0.3052126407623291,-1.8893248677253722,0.5724341452121735,0.9631326544527653,0.030589631995079906,0.006277713552154817,0.9631326544527653,0.030589631995079906,0.006277713552154817,0.9631326544527653,0.030589631995079906,-0.9568549409006105,1,1,0.032,660.0,0.8083652555942535,0.9786259904641058,-0.42862599046410577
181,181,categorical_soft,1,1,True,0.14796051642241764,0.0,0.0,0.8520394563674927,0.14796051383018494,2,-0.7040789425373077,0.40439932942390444,-2.0586117029190065,2.0003564834594725,0.29561616778373717,0.40439932942390444,0.014400554037384189,0.8339084639694082,0.15169098199320774,0.014400554037384189,0.8339084639694082,0.15169098199320774,0.8339084639694082,0.014400554037384189,-0.6822174819762005,2,2,0.256,780.0,0.7220612280070782,0.9628616094181124,-0.41286160941811234
182,182,categorical_soft,1,1,False,0.0,0.0,0.0,1.0,0.0,2,-1.0,0.48089627325534823,1.361008608341217,1.2360137462615968,-1.9021496891975402,0.48089627325534823,0.5205310768745415,0.45940730181305345,0.020061621312405003,0.5205310768745415,0.45940730181305345,0.020061621312405003,0.45940730181305345,0.5205310768745415,-0.43934568050064843,1,1,0.0,620.0,0.32470835000276566,0.8169446782905361,-0.26694467829053603
183,183,categorical_soft,1,1,False,0.0,0.0,0.0,1.0,0.0,2,-1.0,0.36823713034391403,-1.8844440221786498,3.4392059326171873,-1.120098602771759,0.36823713034391403,0.004841324671975839,0.9846572362592882,0.010501439068736016,0.004841324671975839,0.9846572362592882,0.010501439068736016,0.9846572362592882,0.004841324671975839,-0.9741557971905522,2,2,0.512,440.0,0.9864633828401566,0.9930653685045051,-0.44306536850450506
184,184,categorical_soft,0,0,True,0.14023177311416907,0.0,0.8597682118415833,0.0,0.14023177325725555,1,-0.7195364385843277,0.3272198587656021,2.7541163206100463,-2.2349361538887025,0.5471349716186523,0.3272198587656021,0.8950316867471843,0.006152740305648776,0.09881557294716699,0.8950316867471843,0.006152740305648776,0.09881557294716699,0.8950316867471843,0.006152740305648776,-0.7962161138000172,1,1,0.064,1040.0,1.0746464524418116,0.9907534544092869,-0.4407534544092868
185,185,categorical_soft,0,0,False,0.0,0.0,1.0,0.0,0.0,1,-1.0,0.5544082283973694,4.355206775665283,-0.7108712315559387,-2.570698547363281,0.5544082283973694,0.9926848408641373,0.006333721766281744,0.0009814373695810165,0.9926848408641373,0.006333721766281744,0.0009814373695810165,0.9926848408641373,0.006333721766281744,-0.9917034034945563,1,1,0.256,690.0,0.824377030134201,0.9794972389177028,-0.42949723891770275
186,186,categorical_soft,1,1,False,0.0,0.0,0.0,1.0,0.0,2,-1.0,0.48147004246711733,-0.5129616588354111,2.958535313606262,-1.7611921548843383,0.48147004246711733,0.029908191987341015,0.9613370911111169,0.008754716901542151,0.029908191987341015,0.9613370911111169,0.008754716901542151,0.9613370911111169,0.029908191987341015,-0.9525823742095747,2,2,0.064,780.0,0.8256258368492126,0.9773373939606169,-0.4273373939606169
187,187,categorical_soft,0,0,True,0.14698093772251564,0.0,0.8530190587043762,0.0,0.14698094129562378,1,-0.7060381174087524,0.3640571340918541,2.563049793243408,-1.746318280696869,0.3672438383102417,0.3640571340918541,0.8882691521120136,0.012034870045541284,0.09969597784244524,0.8882691521120136,0.012034870045541284,0.09969597784244524,0.8882691521120136,0.012034870045541284,-0.7885731742695684,1,1,0.032,990.0,0.7931640520691872,0.9661522905281389,-0.41615229052813885
188,188,categorical_soft,0,0,True,0.13887839029869398,0.0,0.8611215949058533,0.0,0.13887839019298553,1,-0.7222432047128677,0.1665231078863144,3.8636709451675415,-4.402786159515381,1.6539523482322693,0.1665231078863144,0.9008140429259098,0.00023399892416745127,0.09895195814992278,0.9008140429259098,0.00023399892416745127,0.09895195814992278,0.9008140429259098,0.00023399892416745127,-0.8018620847759871,1,1,0.512,820.0,1.2002649754285812,0.9961531855960688,-0.44615318559606876
189,189,categorical_soft,1,1,True,0.4922808545515101,0.0,0.0,0.5077191591262817,0.49228084087371826,2,-0.015438318252563477,0.26192387342453005,-0.06513463985174894,0.07692498490214347,0.3012126341462135,0.26192387342453005,0.2781559257978795,0.32066925858326883,0.4011748156188518,0.2781559257978795,0.32066925858326883,0.4011748156188518,0.32066925858326883,0.2781559257978795,0.08050555703558299,3,3,0.0,870.0,0.1272290199995041,0.5557900779139849,-0.005790077913984892
190,190,categorical_soft,1,1,True,0.1614042197962,0.0,0.0,0.8385958075523376,0.16140422224998474,2,-0.6771915853023529,0.23288378100842239,-2.4961712837219237,2.1891456842422485,0.5741776525974274,0.23288378100842239,0.007639520297754887,0.8275702319075599,0.1647902477946853,0.007639520297754887,0.8275702319075599,0.1647902477946853,0.8275702319075599,0.007639520297754887,-0.6627799841128745,2,2,0.128,1010.0,0.6217487994581461,0.9230908345077989,-0.3730908345077989
191,191,categorical_soft,0,0,False,0.0,0.0,1.0,0.0,0.0,1,-1.0,0.6914208859205246,2.8364832401275635,-0.2276665523648262,-1.8004739165306092,0.6914208859205246,0.9464664616263168,0.04435153743648733,0.00918200093719585,0.9464664616263168,0.04435153743648733,0.00918200093719585,0.9464664616263168,0.04435153743648733,-0.9372844606891209,1,1,0.128,430.0,0.6901669502258301,0.971265268944122,-0.421265268944122
192,192,categorical_soft,1,1,False,0.0,0.0,0.0,1.0,0.0,2,-1.0,0.5657770484685898,-2.142990469932556,2.590217447280884,-0.4362815022468567,0.5657770484685898,0.008326462892949088,0.9456847724907347,0.04598876461631636,0.008326462892949088,0.9456847724907347,0.04598876461631636,0.9456847724907347,0.008326462892949088,-0.8996960078744183,2,2,0.512,530.0,0.8170751482248306,0.9824240518826223,-0.43242405188262223
193,193,categorical_soft,0,0,True,0.145772605207241,0.0,0.8542274236679077,0.0,0.14577260613441467,1,-0.708454817533493,0.35893661230802537,3.1458023309707643,-2.865890908241272,0.888964194059372,0.35893661230802537,0.9031810527733845,0.00223078961405643,0.09458815761255907,0.9031810527733845,0.00223078961405643,0.09458815761255907,0.9031810527733845,0.00223078961405643,-0.8085928951608254,1,1,0.128,1080.0,0.8427324146032333,0.9703012201844253,-0.4203012201844253
194,194,categorical_soft,1,1,False,0.0,0.0,0.0,1.0,0.0,2,-1.0,0.5920913815498352,2.1777902603149415,0.9550737857818603,-2.3236480236053465,0.5920913815498352,0.7655814121889286,0.22582573644812634,0.008592851362945114,0.7655814121889286,0.22582573644812634,0.008592851362945114,0.22582573644812634,0.7655814121889286,-0.21723288508518124,1,1,0.0,1050.0,0.24135959148406982,0.6382705062354783,-0.08827050623547827
195,195,categorical_soft,1,1,False,0.0,0.0,0.0,1.0,0.0,2,-1.0,0.4766532003879547,1.311172568798065,1.3008612155914308,-1.8322930455207824,0.4766532003879547,0.49192037693545815,0.4868329228854715,0.02124670017907044,0.49192037693545815,0.4868329228854715,0.02124670017907044,0.4868329228854715,0.49192037693545815,-0.46558622270640104,1,1,0.0,580.0,0.03497976064682007,0.5300748520688947,0.019925147931105336
196,196,categorical_soft,1,1,False,0.0,0.0,0.0,1.0,0.0,2,-1.0,0.38329689502716063,-1.5636563777923584,4.625492095947266,-2.0137733697891234,0.38329689502716063,0.0020449692665540247,0.9966217313524528,0.0013332993809932131,0.0020449692665540247,0.9966217313524528,0.0013332993809932131,0.9966217313524528,0.0020449692665540247,-0.9952884319714596,2,2,0.128,1090.0,0.8795745894312859,0.9748019174857763,-0.4248019174857762
197,197,categorical_soft,1,1,False,0.0,0.0,0.0,1.0,0.0,2,-1.0,0.5826102077960968,1.2791626572608947,1.1111522912979126,-1.797056794166565,0.5826102077960968,0.5286661859556354,0.4469174258101024,0.024416388234262176,0.5286661859556354,0.4469174258101024,0.024416388234262176,0.4469174258101024,0.5286661859556354,-0.42250103757584023,1,1,0.0,530.0,0.456807479262352,0.9049384685594726,-0.35493846855947253
198,198,categorical_soft,1,1,True,0.16971806602308326,0.0,0.0,0.8302819132804871,0.16971807181835175,2,-0.6605638414621353,0.2893693171441555,-1.4569983959197998,2.2042027950286864,-0.2002560406923294,0.2893693171441555,0.023084531394500556,0.8958575372612799,0.08105793134421972,0.023084531394500556,0.8958575372612799,0.08105793134421972,0.8958575372612799,0.023084531394500556,-0.8147996059170602,2,2,0.128,940.0,0.5513442233204842,0.9023456784161284,-0.3523456784161284
199,199,categorical_soft,0,0,False,0.0,0.0,1.0,0.0,0.0,1,-1.0,0.4983322560787201,2.9346927881240843,-0.33186430633068087,-1.864755380153656,0.4983322560787201,0.955535352361381,0.036523266199958514,0.00794138143866029,0.955535352361381,0.036523266199958514,0.00794138143866029,0.955535352361381,0.036523266199958514,-0.9475939709227207,1,1,0.064,630.0,0.6827080249786377,0.9624110985426224,-0.41241109854262237
200,200,categorical_soft,0,0,True,0.1405106175801334,0.0,0.859489381313324,0.0,0.14051061868667603,1,-0.718978762626648,0.24613365214318036,2.5524847745895385,-2.2110002875328063,0.6828695595264435,0.24613365214318036,0.8599576044177872,0.007365954616014719,0.13267644096619804,0.8599576044177872,0.007365954616014719,0.13267644096619804,0.8599576044177872,0.007365954616014719,-0.7272811634515892,1,1,0.256,510.0,0.9216797426342964,0.9896623360021629,-0.43966233600216287
201,201,categorical_soft,0,0,False,0.0,0.0,1.0,0.0,0.0,1,-1.0,0.55312360227108,5.466163110733032,-1.09174245595932,-3.1926180362701415,0.55312360227108,0.9983885812641485,0.0014350049108279217,0.00017641382502348648,0.9983885812641485,0.0014350049108279217,0.00017641382502348648,0.9983885812641485,0.0014350049108279217,-0.998212167439125,1,1,0.128,1160.0,0.77137890458107,0.9543255483404679,-0.40432554834046786
202,202,categorical_soft,1,1,False,0.0,0.0,0.0,1.0,0.0,2,-1.0,0.35031082928180696,-0.6500405907630921,2.895335865020752,-1.6948439478874207,0.35031082928180696,0.02781695614259465,0.9621566315010268,0.010026412356378585,0.02781695614259465,0.9621566315010268,0.010026412356378585,0.9621566315010268,0.02781695614259465,-0.9521302191446482,2,2,0.128,630.0,0.7733290158212185,0.9755886426620864,-0.4255886426620864
203,203,categorical_soft,1,1,True,0.1490194756019766,0.0,0.0,0.8509805202484131,0.14901947975158691,2,-0.7019610404968262,0.27986430935561657,-2.2484706163406374,2.592962074279785,0.21214509308338164,0.27986430935561657,0.007183898330844184,0.9086657190091906,0.08415038265996524,0.007183898330844184,0.9086657190091906,0.08415038265996524,0.9086657190091906,0.007183898330844184,-0.8245153363492254,2,2,0.256,720.0,0.6883350163698196,0.9593743057190663,-0.4093743057190663
204,204,categorical_soft,1,1,False,0.0,0.0,0.0,1.0,0.0,2,-1.0,0.4331377953290939,0.893303918838501,2.1809510707855226,-2.091158556938171,0.4331377953290939,0.21398419111852976,0.7751501119472324,0.010865696934237884,0.21398419111852976,0.7751501119472324,0.010865696934237884,0.7751501119472324,0.21398419111852976,-0.7642844150129945,2,2,0.032,880.0,0.786303885281086,0.9692417092065296,-0.4192417092065296
205,205,categorical_soft,0,0,False,0.0,0.0,1.0,0.0,0.0,1,-1.0,0.4462225317955017,3.2898851156234743,-0.5164156645536423,-1.8874290585517883,0.4462225317955017,0.9727469206505811,0.02175321682406464,0.005499862525354306,0.9727469206505811,0.02175321682406464,0.005499862525354306,0.9727469206505811,0.02175321682406464,-0.9672470581252268,1,1,0.256,480.0,0.860015258193016,0.9865435989136945,-0.43654359891369443
206,206,categorical_soft,0,0,True,0.13854824437373459,0.0,0.8614517450332642,0.0,0.13854824006557465,1,-0.7229035049676895,0.394251836836338,3.891517472267151,-3.140063500404358,0.717650032043457,0.394251836836338,0.9583175651822391,0.000855535011040582,0.040826899806720225,0.9583175651822391,0.000855535011040582,0.040826899806720225,0.9583175651822391,0.000855535011040582,-0.9174906653755188,1,1,0.512,860.0,1.2978549934923649,0.9974974387743648,-0.44749743877436476
207,207,categorical_soft,1,1,True,0.14534355196600074,0.0,0.0,0.854656457901001,0.14534355700016022,2,-0.7093129009008408,0.33638961985707283,-1.7393409490585328,1.6959721446037292,0.2290149450302124,0.33638961985707283,0.025528454962391384,0.7916793980057418,0.1827921470318667,0.025528454962391384,0.7916793980057418,0.1827921470318667,0.7916793980057418,0.025528454962391384,-0.6088872509738752,2,2,0.256,600.0,0.7358072251081467,0.9717991940936319,-0.42179919409363187
208,208,categorical_soft,0,0,False,0.0,0.0,1.0,0.0,0.0,1,-1.0,0.5255672842264175,4.820183753967285,-0.5475929915904999,-3.0936201572418214,0.5255672842264175,0.9949543710564555,0.004676834174299787,0.0003687947692447125,0.9949543710564555,0.004676834174299787,0.0003687947692447125,0.9949543710564555,0.004676834174299787,-0.9945855762872108,1,1,0.512,550.0,0.9212616831064224,0.9891350999766536,-0.43913509997665356
209,209,categorical_soft,0,0,True,0.14118864567241024,0.0,0.8588113784790039,0.0,0.14118865132331848,1,-0.7176227271556854,0.27913284320384263,2.6590929985046388,-2.545201301574707,0.8941439390182495,0.27913284320384263,0.8497706385223515,0.004695315780262312,0.14553404569738615,0.8497706385223515,0.004695315780262312,0.14553404569738615,0.8497706385223515,0.004695315780262312,-0.7042365928249653,1,1,0.128,920.0,0.9757032729685307,0.9870385860373436,-0.4370385860373436
210,210,categorical_soft,1,1,True,0.15860824482892266,0.0,0.0,0.8413917422294617,0.15860824286937714,2,-0.6827834993600845,0.2949537744745612,-1.9985595226287842,2.083212900161743,0.29658750295639036,0.2949537744745612,0.014258718895802668,0.8442741824389755,0.14146709866522175,0.014258718895802668,0.8442741824389755,0.14146709866522175,0.8442741824389755,0.014258718895802668,-0.7028070837737537,2,2,0.128,1120.0,0.6714484915137291,0.9306480679911552,-0.38064806799115514
211,211,categorical_soft,1,1,False,0.0,0.0,0.0,1.0,0.0,2,-1.0,0.4324136197566986,0.2268182136118412,3.7664617776870726,-2.7666596174240112,0.4324136197566986,0.028172656285619248,0.970374534295839,0.0014528094185418687,0.028172656285619248,0.970374534295839,0.0014528094185418687,0.970374534295839,0.028172656285619248,-0.9689217248772971,2,2,0.128,630.0,0.9032019004225731,0.9869536354201252,-0.4369536354201251
212,212,categorical_soft,1,1,False,0.0,0.0,0.0,1.0,0.0,2,-1.0,0.499878266453743,-1.1022294223308564,3.198244738578796,-1.515809416770935,0.499878266453743,0.013266329501159496,0.9778447187922822,0.008888951706558327,0.013266329501159496,0.9778447187922822,0.008888951706558327,0.9778447187922822,0.013266329501159496,-0.9689557670857238,2,2,0.256,490.0,0.8382568582892418,0.9848693830353438,-0.4348693830353437
213,213,categorical_soft,0,0,True,0.1411430340477458,0.0,0.8588569760322571,0.0,0.1411430388689041,1,-0.717713937163353,0.28082432337105273,2.3155425071716307,-1.8945165872573853,0.6118682444095611,0.28082432337105273,0.8353563871411062,0.012502370211144037,0.15214124264774984,0.8353563871411062,0.012502370211144037,0.15214124264774984,0.8353563871411062,0.012502370211144037,-0.6832151444933563,1,1,0.128,620.0,0.9049015678465366,0.9872138017206691,-0.43721380172066904
214,214,categorical_soft,1,1,True,0.33175343955558406,0.0,0.0,0.6682465672492981,0.3317534327507019,2,-0.3364931344985962,0.4101495236158371,0.8156955540180206,-0.5026774525642395,0.2302227184176445,0.4101495236158371,0.5477759259670174,0.14691727013453645,0.3053068038984462,0.5477759259670174,0.14691727013453645,0.3053068038984462,0.14691727013453645,0.5477759259670174,0.15838953376390977,1,1,0.0,1170.0,0.3128942549228668,0.6845322045734847,-0.1345322045734847
215,215,categorical_soft,0,0,True,0.14168217634812003,0.0,0.8583178520202637,0.0,0.14168217778205872,1,-0.716635674238205,0.38283651471138,0.5875362306833267,-0.12240889519453049,0.06734142825007439,0.38283651471138,0.4789944504918848,0.2354874635953607,0.28551808591275446,0.4789944504918848,0.2354874635953607,0.28551808591275446,0.4789944504918848,0.2354874635953607,-0.19347636457913037,1,1,0.0,400.0,0.8201030120253563,0.9851543467679202,-0.4351543467679202
216,216,categorical_soft,1,1,False,0.0,0.0,0.0,1.0,0.0,2,-1.0,0.40642276406288147,-0.273968993127346,3.261997199058533,-2.1970126390457154,0.40642276406288147,0.02820100739014798,0.9675963243443505,0.004202668265501433,0.02820100739014798,0.9675963243443505,0.004202668265501433,0.9675963243443505,0.02820100739014798,-0.9633936560788491,2,2,0.032,1070.0,0.9571733213961124,0.9830576817710954,-0.4330576817710954
217,217,categorical_soft,1,1,True,0.14734119037216775,0.0,0.0,0.8526588082313538,0.14734119176864624,2,-0.7053176164627075,0.33504797145724297,-1.2859358310699462,1.3318590641021728,0.2461826741695404,0.33504797145724297,0.05176598700368025,0.7087304302592955,0.23950358273702427,0.05176598700368025,0.7087304302592955,0.23950358273702427,0.7087304302592955,0.05176598700368025,-0.46922684752227123,2,2,0.128,510.0,0.6679420471191406,0.9649346902173321,-0.4149346902173321
218,218,categorical_soft,1,1,True,0.14561376889664313,0.0,0.0,0.8543862104415894,0.14561377465724945,2,-0.7087724357843399,0.3640467211604118,-2.6462290287017822,2.1228989124298097,0.6918640613555909,0.3640467211604118,0.0068119706520094955,0.8014488121270021,0.1917392172209884,0.0068119706520094955,0.8014488121270021,0.1917392172209884,0.8014488121270021,0.0068119706520094955,-0.6097095949060137,2,2,0.512,840.0,0.7877875319682062,0.9708542288902703,-0.42085422889027024
219,219,categorical_soft,0,0,False,0.0,0.0,1.0,0.0,0.0,1,-1.0,0.6052479952573776,3.968915891647339,-0.47070859372615814,-2.489332675933838,0.6052479952573776,0.9867206428664291,0.011716628159636791,0.001562728973933894,0.9867206428664291,0.011716628159636791,0.001562728973933894,0.9867206428664291,0.011716628159636791,-0.9851579138924952,1,1,0.256,790.0,0.9336192756891251,0.9863823598187527,-0.4363823598187526
220,220,categorical_soft,1,1,False,0.0,0.0,0.0,1.0,0.0,2,-1.0,0.4871378242969513,1.3297670245170594,1.9535091161727904,-2.3749250888824465,0.4871378242969513,0.34604577692512545,0.6453615148178696,0.00859270825700505,0.34604577692512545,0.6453615148178696,0.00859270825700505,0.6453615148178696,0.34604577692512545,-0.6367688065608645,2,2,0.032,930.0,0.695711875683628,0.9500247111675635,-0.40002471116756344
221,221,categorical_soft,1,1,True,0.14853097830641065,0.0,0.0,0.8514690399169922,0.148530974984169,2,-0.7029380649328232,0.38682630136609075,-1.9722642779350281,2.1296866178512572,0.1782195195555687,0.38682630136609075,0.014277286372249579,0.863069786739383,0.12265292688836746,0.014277286372249579,0.863069786739383,0.12265292688836746,0.863069786739383,0.014277286372249579,-0.7404168598510155,2,2,0.256,600.0,0.6674078479409218,0.9609741496551975,-0.4109741496551974
222,222,categorical_soft,1,1,True,0.1561274774266378,0.0,0.0,0.8438725471496582,0.15612748265266418,2,-0.687745064496994,0.3193105723708868,-2.0194205164909365,2.00282621383667,0.40057661533355715,0.3193105723708868,0.01469211727580616,0.8200913680639921,0.16521651466020165,0.01469211727580616,0.8200913680639921,0.16521651466020165,0.8200913680639921,0.01469211727580616,-0.6548748534037905,2,2,0.128,920.0,0.6455166675150394,0.9376366289807997,-0.38763662898079965
223,223,categorical_soft,1,1,False,0.0,0.0,0.0,1.0,0.0,2,-1.0,0.33038253635168074,-3.10965039730072,3.708516025543213,-0.13974732682108879,0.33038253635168074,0.0010719710910754062,0.9778489886001595,0.02107904030876508,0.0010719710910754062,0.9778489886001595,0.02107904030876508,0.9778489886001595,0.0010719710910754062,-0.9567699482913944,2,2,0.512,1080.0,0.9951790161430836,0.9857344003738269,-0.4357344003738268
224,224,categorical_soft,0,0,False,0.0,0.0,1.0,0.0,0.0,1,-1.0,0.48961814641952517,1.9465264201164245,1.8681136965751648,-2.783687472343445,0.48961814641952517,0.5172047713443264,0.4782127885171512,0.0045824401385225364,0.5172047713443264,0.4782127885171512,0.0045824401385225364,0.5172047713443264,0.4782127885171512,-0.5126223312058039,1,1,0.0,1140.0,0.4604542929737363,0.8228637386141178,-0.2728637386141177
225,225,categorical_soft,0,0,False,0.0,0.0,1.0,0.0,0.0,1,-1.0,0.4969032794237137,3.5151018142700194,-0.30324325859546664,-2.2374054431915282,0.4969032794237137,0.975369149331039,0.021521989338775083,0.0031088613301859308,0.975369149331039,0.021521989338775083,0.0031088613301859308,0.975369149331039,0.021521989338775083,-0.9722602880008531,1,1,0.032,740.0,0.7069098949432373,0.9619124420023145,-0.41191244200231447
226,226,categorical_soft,0,0,True,0.1528089201268638,0.0,0.8471910953521729,0.0,0.15280891954898834,1,-0.6943821758031845,0.33380306661129,1.8300341248512269,-1.3816005825996398,0.4739241123199463,0.33380306661129,0.7702312739323425,0.031168400632581066,0.19860032543507647,0.7702312739323425,0.031168400632581066,0.19860032543507647,0.7702312739323425,0.031168400632581066,-0.571630948497266,1,1,0.064,1010.0,0.7045481577515602,0.9474461245798402,-0.3974461245798402
227,227,categorical_soft,1,1,True,0.15360463462581997,0.0,0.0,0.8463953733444214,0.1536046415567398,2,-0.6927907317876816,0.3461379647254944,-1.7993924975395204,1.1031735420227051,0.6934339463710785,0.3461379647254944,0.031917753955149,0.5816479368452342,0.38643430919961685,0.031917753955149,0.5816479368452342,0.38643430919961685,0.5816479368452342,0.031917753955149,-0.19521362764561734,2,2,0.512,420.0,0.5501690473174676,0.945042986345464,-0.395042986345464
228,228,categorical_soft,0,0,True,0.14064528422321942,0.0,0.8593547344207764,0.0,0.14064528048038483,1,-0.7187094539403915,0.20626699402928353,2.8120052337646486,-2.7354665279388426,0.9442225217819213,0.20626699402928353,0.8632138299501275,0.0033935386441030974,0.13339263140576935,0.8632138299501275,0.0033935386441030974,0.13339263140576935,0.8632138299501275,0.0033935386441030974,-0.7298211985443581,1,1,0.256,730.0,0.9654799997806549,0.9891379291663808,-0.4391379291663807
229,229,categorical_soft,1,1,False,0.0,0.0,0.0,1.0,0.0,2,-1.0,0.40016207471489906,1.3404261350631714,1.9208991885185243,-2.340234804153442,0.40016207471489906,0.35575125960848786,0.6352519962949675,0.00899674409654453,0.35575125960848786,0.6352519962949675,0.00899674409654453,0.6352519962949675,0.35575125960848786,-0.626255252198423,2,2,0.064,730.0,0.7088822452351451,0.9627012144069175,-0.4127012144069174
230,230,categorical_soft,0,0,True,0.6246148066422668,0.0,0.37538519501686096,0.0,0.6246148347854614,3,0.24922963976860046,0.3408255040645599,0.15169880017638207,-0.10026204138994217,0.3013318955898285,0.3408255040645599,0.34043626250773673,0.2643411991305577,0.39522253836170557,0.34043626250773673,0.2643411991305577,0.39522253836170557,0.34043626250773673,0.2643411991305577,0.054786275853968835,3,3,0.0,1030.0,0.08277012407779694,0.4533259793573495,0.09667402064265057
231,231,categorical_soft,1,1,True,0.1600567102224431,0.0,0.0,0.8399432897567749,0.1600567102432251,2,-0.6798865795135498,0.32360056675970555,-2.2737709045410157,2.035107982158661,0.4612553358078003,0.32360056675970555,0.011022705605872592,0.8190693851528659,0.16990790924126148,0.011022705605872592,0.8190693851528659,0.16990790924126148,0.8190693851528659,0.011022705605872592,-0.6491614759116044,2,2,0.128,970.0,0.6224888265132904,0.9266926392432918,-0.37669263924329177
232,232,categorical_soft,0,0,True,0.6555425499959664,0.0,0.3444574475288391,0.0,0.6555425524711609,3,0.3110851049423218,0.314549395442009,0.18223152533173562,-0.3657186597585678,0.4550413191318512,0.314549395442009,0.34587455606919965,0.19985073187868663,0.4542747120521137,0.34587455606919965,0.19985073187868663,0.4542747120521137,0.34587455606919965,0.19985073187868663,0.10840015598291408,3,3,0.0,940.0,0.03882630169391632,0.4268644092037139,0.12313559079628617
233,233,categorical_soft,0,0,True,0.13890512674687916,0.0,0.8610948920249939,0.0,0.1389051228761673,1,-0.7221897691488266,0.17061098366975785,3.3392348527908324,-3.0529046297073363,1.0269823372364044,0.17061098366975785,0.9084069341217937,0.0015303129006154878,0.09006275297759078,0.9084069341217937,0.0015303129006154878,0.09006275297759078,0.9084069341217937,0.0015303129006154878,-0.8183441811442029,1,1,0.256,890.0,1.2117628089617938,0.9960447976541715,-0.4460447976541715
234,234,categorical_soft,1,1,True,0.1669190986530561,0.0,0.0,0.8330808877944946,0.16691909730434418,2,-0.6661617904901505,0.2542554661631584,-2.6126526594161987,1.9817479372024536,0.9263888835906983,0.2542554661631584,0.007441752861867132,0.7361086208424944,0.2564496262956384,0.007441752861867132,0.7361086208424944,0.2564496262956384,0.7361086208424944,0.007441752861867132,-0.479658994546856,2,2,0.256,1150.0,0.618890518322587,0.9090657488465645,-0.3590657488465645
235,235,categorical_soft,0,0,True,0.3584819305486807,0.0,0.6415180563926697,0.0,0.3584819436073303,1,-0.28303611278533936,0.3980061858892441,-0.012684351485222577,-0.019124710373580454,0.2823018491268158,0.3980061858892441,0.2997257115241575,0.29780254432064585,0.4024717441551967,0.2997257115241575,0.29780254432064585,0.4024717441551967,0.2997257115241575,0.29780254432064585,0.10274603263103921,3,3,0.0,450.0,0.11441224813461304,0.660932596719877,-0.11093259671987699
236,236,categorical_soft,0,0,False,0.0,0.0,1.0,0.0,0.0,1,-1.0,0.4909375965595245,7.9653143882751465,-2.195880889892578,-3.8512972831726073,0.4909375965595245,0.9999535251088038,3.9059928059521187e-05,7.414963136731932e-06,0.9999535251088038,3.9059928059521187e-05,7.414963136731932e-06,0.9999535251088038,3.9059928059521187e-05,-0.999946110145667,1,1,0.512,1180.0,1.1793404817581177,0.9934377917668306,-0.4434377917668305
237,237,categorical_soft,1,1,False,0.0,0.0,0.0,1.0,0.0,2,-1.0,0.4380920022726059,-3.2390411376953123,3.6876511573791504,-0.18659529611468315,0.4380920022726059,0.0009621175329806357,0.9785249193024296,0.020512963164589847,0.0009621175329806357,0.9785249193024296,0.020512963164589847,0.9785249193024296,0.0009621175329806357,-0.9580119561378397,2,2,0.512,1040.0,0.8575209192931652,0.9735935369836438,-0.42359353698364377
238,238,categorical_soft,1,1,True,0.1653626532142904,0.0,0.0,0.8346373438835144,0.1653626561164856,2,-0.6692746877670288,0.2832807332277298,-0.3151738107204437,0.3415563404560089,0.18668503165245057,0.2832807332277298,0.21854190556673675,0.4209752399588657,0.36048285447439754,0.21854190556673675,0.4209752399588657,0.36048285447439754,0.4209752399588657,0.21854190556673675,-0.06049238548446817,2,2,0.064,570.0,0.48624189104884863,0.912913889219907,-0.36291388921990697
239,239,categorical_soft,1,1,False,0.0,0.0,0.0,1.0,0.0,2,-1.0,0.40084985792636874,-2.783453345298767,3.5039846897125244,-0.418832403421402,0.40084985792636874,0.0018267116933026993,0.9785327202531766,0.019640568053520664,0.0018267116933026993,0.9785327202531766,0.019640568053520664,0.9785327202531766,0.0018267116933026993,-0.958892152199656,2,2,0.256,1150.0,0.9062359754461795,0.9762034818176099,-0.4262034818176098
240,240,categorical_soft,0,0,True,0.13999451437870852,0.0,0.8600054979324341,0.0,0.1399945169687271,1,-0.720010980963707,0.25678799748420716,3.0441556692123415,-2.9423637866973875,1.0264637887477874,0.25678799748420716,0.8806255688751057,0.0022450561124487587,0.11712937501244572,0.8806255688751057,0.0022450561124487587,0.11712937501244572,0.8806255688751057,0.0022450561124487587,-0.76349619386266,1,1,0.128,1160.0,1.1259546265937388,0.9916875020500079,-0.44168750205000784
241,241,categorical_soft,0,0,False,0.0,0.0,1.0,0.0,0.0,1,-1.0,0.5104290425777436,4.418275833129883,-0.8254954159259796,-2.560089588165283,0.5104290425777436,0.9937814623992891,0.005279518997012905,0.0009390186036980174,0.9937814623992891,0.005279518997012905,0.0009390186036980174,0.9937814623992891,0.005279518997012905,-0.9928424437955911,1,1,0.256,780.0,0.9812496453523636,0.9893212358900684,-0.43932123589006833
242,242,categorical_soft,1,1,False,0.0,0.0,0.0,1.0,0.0,2,-1.0,0.44438462257385253,1.3457181811332704,1.2065925598144531,-1.8538647413253784,0.44438462257385253,0.5232356284880035,0.45526699731240317,0.021497374199593276,0.5232356284880035,0.45526699731240317,0.021497374199593276,0.45526699731240317,0.5232356284880035,-0.43376962311280987,1,1,0.032,760.0,0.40921776555478573,0.850970846419215,-0.300970846419215
243,243,categorical_soft,1,1,True,0.1521124229431609,0.0,0.0,0.8478875756263733,0.1521124243736267,2,-0.6957751512527466,0.37640091255307195,-2.001459610462189,1.8730638384819032,0.4248283326625824,0.37640091255307195,0.016562990624509718,0.7961458731946051,0.18729113618088516,0.016562990624509718,0.7961458731946051,0.18729113618088516,0.7961458731946051,0.016562990624509718,-0.6088547370137198,2,2,0.128,890.0,0.6839880559127778,0.9495773956125515,-0.39957739561255146
244,244,categorical_soft,1,1,False,0.0,0.0,0.0,1.0,0.0,2,-1.0,0.5318579137325287,0.8806122601032257,1.6265915393829347,-1.715362823009491,0.5318579137325287,0.31416615714139795,0.6621115556370375,0.023722287221564546,0.31416615714139795,0.6621115556370375,0.023722287221564546,0.6621115556370375,0.31416615714139795,-0.6383892684154729,2,2,0.064,460.0,0.5251156184822321,0.9354361738992932,-0.3854361738992932
245,245,categorical_soft,1,1,True,0.15085227026719744,0.0,0.0,0.8491477370262146,0.1508522629737854,2,-0.6982954740524292,0.32558180689811705,-2.758639121055603,2.5955700397491457,0.47048739790916444,0.32558180689811705,0.004209883086286707,0.8895391644543039,0.10625095245940938,0.004209883086286707,0.8895391644543039,0.10625095245940938,0.8895391644543039,0.004209883086286707,-0.7832882119948945,2,2,0.256,1000.0,0.7283073337748647,0.9535017148259897,-0.4035017148259896
246,246,categorical_soft,0,0,True,0.13834065920886074,0.0,0.8616593480110168,0.0,0.13834065198898315,1,-0.7233186960220337,0.3949196547269821,3.7416724443435667,-2.9589568614959716,0.5944535434246063,0.3949196547269821,0.9571738707240502,0.0011947254852398702,0.04163140379070989,0.9571738707240502,0.0011947254852398702,0.04163140379070989,0.9571738707240502,0.0011947254852398702,-0.9155424669333404,1,1,0.512,670.0,1.3359726145863533,0.9983482697746391,-0.44834826977463904
247,247,categorical_soft,1,1,True,0.15131481865765273,0.0,0.0,0.8486852049827576,0.15131482481956482,2,-0.6973703801631927,0.30153736360371114,-2.7191663503646852,2.2884925365448,0.7029706954956054,0.30153736360371114,0.005521652396724379,0.8253516132049523,0.16912673439832332,0.005521652396724379,0.8253516132049523,0.16912673439832332,0.8253516132049523,0.005521652396724379,-0.6562248788066289,2,2,0.512,750.0,0.6604041084647179,0.9520508505006002,-0.4020508505006002
248,248,categorical_soft,0,0,True,0.19104601399816412,0.0,0.8089540004730225,0.0,0.19104601442813873,1,-0.6179079860448837,0.24771381169557571,1.8500228881835938,-1.4253105401992798,0.5553469240665436,0.24771381169557571,0.7620292577471861,0.029017087333645258,0.20895365491916879,0.7620292577471861,0.029017087333645258,0.20895365491916879,0.7620292577471861,0.029017087333645258,-0.5530756028280173,1,1,0.032,630.0,0.3886011242866516,0.8578638396277584,-0.3078638396277583
249,249,categorical_soft,0,0,True,0.14899593500840919,0.0,0.8510040640830994,0.0,0.14899593591690063,1,-0.7020081281661987,0.24878935553133488,1.5785891890525818,-1.3653874158859254,0.6209001183509827,0.24878935553133488,0.696053916534743,0.036749472159744646,0.26719661130551237,0.696053916534743,0.036749472159744646,0.26719661130551237,0.696053916534743,0.036749472159744646,-0.42885730522923066,1,1,0.064,830.0,0.7157257348299026,0.9594510593295946,-0.4094510593295946
250,250,categorical_soft,0,0,False,0.0,0.0,1.0,0.0,0.0,1,-1.0,0.6169612139463425,5.337309074401856,-0.891324657201767,-3.3282678365707397,0.6169612139463425,0.9978399012434405,0.001987305160882454,0.00017279359567719466,0.9978399012434405,0.001987305160882454,0.00017279359567719466,0.9978399012434405,0.001987305160882454,-0.9976671076477632,1,1,0.512,690.0,1.0512995719909668,0.9931826741729747,-0.44318267417297463
251,251,categorical_soft,1,1,True,0.1450358315135591,0.0,0.0,0.8549641966819763,0.14503583312034607,2,-0.7099283635616302,0.3163122467696667,-2.1479287147521973,1.7784141421318054,0.6216021478176117,0.3163122467696667,0.014777529122970487,0.7493016661445773,0.23592080473245222,0.014777529122970487,0.7493016661445773,0.23592080473245222,0.7493016661445773,0.014777529122970487,-0.513380861412125,2,2,0.512,460.0,0.7096503600478172,0.9728817790571173,-0.4228817790571172
252,252,categorical_soft,0,0,False,0.0,0.0,1.0,0.0,0.0,1,-1.0,0.4704989016056061,2.1619476318359374,0.7472586333751678,-2.112528395652771,0.4704989016056061,0.7951451685643608,0.193710954467939,0.0111438769677002,0.7951451685643608,0.193710954467939,0.0111438769677002,0.7951451685643608,0.193710954467939,-0.7840012915966605,1,1,0.0,1090.0,0.056773871183395386,0.4043661573593404,0.14563384264065965
253,253,categorical_soft,0,0,True,0.14177096366115877,0.0,0.8582290410995483,0.0,0.14177095890045166,1,-0.7164580821990967,0.43047931864857675,2.7132550477981567,-1.6038272500038147,0.2911303460597992,0.43047931864857675,0.9067071858065514,0.012179999129882078,0.08111281506356657,0.9067071858065514,0.012179999129882078,0.08111281506356657,0.9067071858065514,0.012179999129882078,-0.8255943707429848,1,1,0.064,800.0,0.913612388074398,0.9848176074796632,-0.43481760747966314
254,254,categorical_soft,0,0,False,0.0,0.0,1.0,0.0,0.0,1,-1.0,0.4836210161447525,3.815060257911682,-0.3222268491983414,-2.60987503528595,0.4836210161447525,0.9826449912709195,0.01575061195306451,0.0016043967760159226,0.9826449912709195,0.01575061195306451,0.0016043967760159226,0.9826449912709195,0.01575061195306451,-0.9810405944949037,1,1,0.128,900.0,0.7917141616344452,0.9693153156346825,-0.4193153156346825
255,255,categorical_soft,1,1,True,0.14931775281247062,0.0,0.0,0.850682258605957,0.14931775629520416,2,-0.7013645023107529,0.3126822903752327,-2.612400531768799,2.6291998863220214,0.3933764576911926,0.3126822903752327,0.004763896247821958,0.899073674121315,0.09616242963086315,0.004763896247821958,0.899073674121315,0.09616242963086315,0.899073674121315,0.004763896247821958,-0.8029112444904518,2,2,0.256,1050.0,0.7642977461218834,0.9584047513164093,-0.4084047513164093
256,256,categorical_soft,0,0,False,0.0,0.0,1.0,0.0,0.0,1,-1.0,0.46196836829185484,2.9254315853118897,0.0015692081302404403,-2.1352954149246215,0.46196836829185484,0.9430369886939942,0.05093991900989133,0.006023092296114399,0.9430369886939942,0.05093991900989133,0.006023092296114399,0.9430369886939942,0.05093991900989133,-0.9370138963978798,1,1,0.064,640.0,0.4652378112077713,0.8967989949471341,-0.34679899494713406
257,257,categorical_soft,1,1,True,0.33470239391383116,0.0,0.0,0.6652976274490356,0.33470240235328674,2,-0.3305952250957489,0.3035978840664029,0.00827209260314703,0.26887509822845457,0.18312518447637557,0.3035978840664029,0.2868747492143019,0.37168017882735643,0.3414450719583416,0.2868747492143019,0.37168017882735643,0.3414450719583416,0.37168017882735643,0.2868747492143019,-0.030235106869014816,2,2,0.0,730.0,0.20241867005825043,0.6818551039317605,-0.13185510393176048
258,258,categorical_soft,1,1,True,0.14302894809337374,0.0,0.0,0.856971025466919,0.14302894473075867,2,-0.7139420807361603,0.39705526530742646,-2.7419431686401365,2.5951069831848144,0.42950626015663146,0.39705526530742646,0.004299474154901448,0.8930028090125461,0.10269771683255244,0.004299474154901448,0.8930028090125461,0.10269771683255244,0.8930028090125461,0.004299474154901448,-0.7903050921799937,2,2,0.512,850.0,0.8700185790657997,0.9801177867247022,-0.43011778672470213
259,259,categorical_soft,0,0,True,0.18788168456132315,0.0,0.8121182918548584,0.0,0.1878816783428192,1,-0.6242366135120392,0.3819113150238991,0.02963203014805913,0.1519448295235634,0.2619985818862915,0.3819113150238991,0.29559918614102526,0.3329681309734986,0.3714326828854762,0.29559918614102526,0.3329681309734986,0.3714326828854762,0.29559918614102526,0.3329681309734986,0.07583349674445095,3,3,0.032,460.0,0.3570415824651718,0.8638378982141887,-0.3138378982141886
260,260,categorical_soft,0,0,True,0.2796784244066199,0.0,0.7203215956687927,0.0,0.27967843413352966,1,-0.44064316153526306,0.3291703723371029,-0.5411580502986908,0.2970028012990952,0.33093196153640747,0.3291703723371029,0.17510786114180504,0.4057017767284326,0.4191903621297624,0.17510786114180504,0.4057017767284326,0.4191903621297624,0.17510786114180504,0.4057017767284326,0.24408250098795736,3,3,0.0,830.0,0.28032926470041275,0.7358603937733131,-0.1858603937733131
261,261,categorical_soft,0,0,True,0.3556582784721536,0.0,0.6443417072296143,0.0,0.35565829277038574,1,-0.2886834144592285,0.3664121724665165,0.05993851446546614,0.06117362454533577,0.255145850777626,0.3664121724665165,0.31119123447326436,0.3110506171803025,0.37775814834643323,0.31119123447326436,0.3110506171803025,0.37775814834643323,0.31119123447326436,0.3110506171803025,0.06656691387316888,3,3,0.0,520.0,0.1337961107492447,0.6633603266740746,-0.11336032667407459
262,262,categorical_soft,0,0,True,0.14775865724515563,0.0,0.8522413372993469,0.0,0.14775866270065308,1,-0.7044826745986938,0.269848045706749,2.0346819400787353,-1.6427229166030883,0.6366335332393647,0.269848045706749,0.785770203396277,0.0200469848182427,0.1941828117854802,0.785770203396277,0.0200469848182427,0.1941828117854802,0.785770203396277,0.0200469848182427,-0.5915873916107968,1,1,0.032,730.0,0.713656947016716,0.9635345279378638,-0.4135345279378637
263,263,categorical_soft,1,1,False,0.0,0.0,0.0,1.0,0.0,2,-1.0,0.4370053976774216,-0.1450946621596813,1.9348393201828002,-1.21136634349823,0.4370053976774216,0.10702920959188873,0.8556444864933231,0.03732630391478806,0.10702920959188873,0.8556444864933231,0.03732630391478806,0.8556444864933231,0.10702920959188873,-0.8183181825785351,2,2,0.064,430.0,0.7616479843854904,0.9796020092335416,-0.4296020092335415
264,264,categorical_soft,1,1,False,0.0,0.0,0.0,1.0,0.0,2,-1.0,0.4854575902223587,1.6447654247283936,0.8600755274295807,-1.6164725422859192,0.4854575902223587,0.6689761865118913,0.305333789421502,0.025690024066606733,0.6689761865118913,0.305333789421502,0.025690024066606733,0.305333789421502,0.6689761865118913,-0.27964376535489527,1,1,0.032,640.0,0.5525830592960119,0.9303007074070531,-0.380300707407053
265,265,categorical_soft,1,1,True,0.1591806303985685,0.0,0.0,0.8408193588256836,0.1591806262731552,2,-0.6816387325525284,0.31650400795042516,-0.47523881793022155,0.5226978391408921,0.1617765173316002,0.31650400795042516,0.17856714737671903,0.4840199861643318,0.33741286645894925,0.17856714737671903,0.4840199861643318,0.33741286645894925,0.4840199861643318,0.17856714737671903,-0.14660711970538254,2,2,0.032,460.0,0.504600090906024,0.9290743796082712,-0.3790743796082712
266,266,categorical_soft,0,0,True,0.18279476550159074,0.0,0.8172052502632141,0.0,0.18279476463794708,1,-0.634410485625267,0.35518478117883207,0.5084614217281341,0.3242587298154831,-0.16817175298929216,0.35518478117883207,0.4270190104585415,0.3551091959931334,0.21787179354832498,0.4270190104585415,0.3551091959931334,0.21787179354832498,0.4270190104585415,0.3551091959931334,-0.20914721691021654,1,1,0.0,1070.0,0.5245995223522186,0.8738495799116713,-0.3238495799116713
267,267,categorical_soft,0,0,True,0.13986777918535542,0.0,0.8601322174072266,0.0,0.13986778259277344,1,-0.7202644348144531,0.2173404673114419,2.3016685485839843,-2.3115795373916628,0.9214076399803162,0.2173404673114419,0.7924591082114887,0.007922313470578578,0.19961857831793264,0.7924591082114887,0.007922313470578578,0.19961857831793264,0.7924591082114887,0.007922313470578578,-0.5928405298935561,1,1,0.256,540.0,0.9865885153412819,0.9921885901687603,-0.4421885901687602
268,268,categorical_soft,0,0,True,0.1533718956249439,0.0,0.8466281294822693,0.0,0.1533719003200531,1,-0.6932562291622162,0.31837757062166927,0.6651863157749176,0.2754159465432167,-0.1481492007151246,0.31837757062166927,0.47030034402433474,0.31895153013703414,0.21074812583863115,0.47030034402433474,0.31895153013703414,0.21074812583863115,0.47030034402433474,0.31895153013703414,-0.2595522181857036,1,1,0.032,1050.0,0.7075030952692032,0.945742435098585,-0.395742435098585
269,269,categorical_soft,1,1,True,0.19538686710282,0.0,0.0,0.8046131134033203,0.1953868716955185,2,-0.6092262417078018,0.33779775351285934,-0.02965631680563092,-0.1041002631187439,0.36163530945777894,0.33779775351285934,0.2936306614508114,0.2723658101768226,0.434003528372366,0.2936306614508114,0.2723658101768226,0.434003528372366,0.2723658101768226,0.2936306614508114,0.1616377181955434,3,3,0.0,780.0,0.41250117123126984,0.8499561995424352,-0.29995619954243513
270,270,categorical_soft,1,1,False,0.0,0.0,0.0,1.0,0.0,2,-1.0,0.5345543712377548,2.8293657541275024,0.38498623073101046,-2.4097878456115724,0.5345543712377548,0.9155774018528067,0.07955632140630035,0.004866276740892869,0.9155774018528067,0.07955632140630035,0.004866276740892869,0.07955632140630035,0.9155774018528067,-0.07469004466540749,1,1,0.0,480.0,0.10274922102689743,0.6396812171228674,-0.08968121712286736
271,271,categorical_soft,0,0,True,0.1594492223485875,0.0,0.8405507802963257,0.0,0.15944921970367432,1,-0.6811015605926514,0.2612492866814137,1.8592394590377808,-1.4869001626968383,0.5245005548000335,0.2612492866814137,0.7699222838886947,0.02730131302703439,0.20277640308427092,0.7699222838886947,0.02730131302703439,0.20277640308427092,0.7699222838886947,0.02730131302703439,-0.5671458808044237,1,1,0.032,690.0,0.5587776601314545,0.9283407491777317,-0.37834074917773164
272,272,categorical_soft,1,1,True,0.15029517023535793,0.0,0.0,0.8497048020362854,0.1502951681613922,2,-0.6994096338748932,0.2339953277260065,-0.4346233010292053,0.8361964523792267,0.10602661110460758,0.2339953277260065,0.15941457612521254,0.5670940671968536,0.2734913566779339,0.15941457612521254,0.5670940671968536,0.2734913566779339,0.5670940671968536,0.15941457612521254,-0.29360271051891973,2,2,0.032,840.0,0.6972966487519443,0.9552655773150365,-0.40526557731503643
273,273,categorical_soft,1,1,True,0.6648790529686728,0.0,0.0,0.33512094616889954,0.6648790240287781,3,0.32975807785987854,0.340667137503624,-0.12257298678159714,-0.04118240065872669,0.3094219252467155,0.340667137503624,0.2758240143129874,0.2992257124722411,0.42495027321477136,0.2758240143129874,0.2992257124722411,0.42495027321477136,0.2992257124722411,0.2758240143129874,0.12572456074253024,3,3,0.0,1090.0,0.0686732679605484,0.41852326109160093,0.13147673890839912
274,274,categorical_soft,0,0,False,0.0,0.0,1.0,0.0,0.0,1,-1.0,0.4306484401226044,4.793670225143432,-0.8738611519336701,-2.7466957569122314,0.4306484401226044,0.9960032914751631,0.0034667158479521577,0.0005299926768847465,0.9960032914751631,0.0034667158479521577,0.0005299926768847465,0.9960032914751631,0.0034667158479521577,-0.9954732987982784,1,1,0.128,1180.0,0.8269686996936798,0.9640318690614057,-0.41403186906140566
275,275,categorical_soft,1,1,False,0.0,0.0,0.0,1.0,0.0,2,-1.0,0.48740552365779877,-1.9162541270256042,3.7666285037994385,-1.2670623421669007,0.48740552365779877,0.003382215760718537,0.9900761958537199,0.006541588385561505,0.003382215760718537,0.9900761958537199,0.006541588385561505,0.9900761958537199,0.003382215760718537,-0.9835346074681584,2,2,0.256,850.0,1.0121175795793533,0.9900091090472307,-0.4400091090472307
276,276,categorical_soft,0,0,False,0.0,0.0,1.0,0.0,0.0,1,-1.0,0.47589589059352877,7.091095495223999,-4.430531167984009,-1.093714839220047,0.47589589059352877,0.9997105932195389,1.015472876703062e-05,0.0002792520516941081,0.9997105932195389,1.015472876703062e-05,0.0002792520516941081,0.9997105932195389,1.015472876703062e-05,-0.9994313411678448,1,1,0.512,1150.0,1.1009928733110428,0.9907244605102499,-0.4407244605102498
277,277,categorical_soft,0,0,False,0.0,0.0,1.0,0.0,0.0,1,-1.0,0.5984622687101364,3.599897265434265,-0.28637363016605377,-2.315861392021179,0.5984622687101364,0.9771852143956311,0.02014770535910309,0.002667080245265828,0.9771852143956311,0.02014770535910309,0.002667080245265828,0.9771852143956311,0.02014770535910309,-0.9745181341503653,1,1,0.128,680.0,0.9255853593349457,0.9875783536318303,-0.4375783536318303
278,278,categorical_soft,1,1,True,0.15633731192870665,0.0,0.0,0.843662679195404,0.15633730590343475,2,-0.6873253732919693,0.32471697106957437,-1.1314621925354005,0.9602422595024109,0.37791383266448975,0.32471697106957437,0.07340678615042354,0.5944043519237849,0.33218886192579145,0.07340678615042354,0.5944043519237849,0.33218886192579145,0.5944043519237849,0.07340678615042354,-0.2622154899979935,2,2,0.032,850.0,0.6262553837150335,0.9370345759096455,-0.3870345759096454
279,279,categorical_soft,1,1,True,0.5298821104103935,0.0,0.0,0.4701178967952728,0.5298821330070496,3,0.05976423621177673,0.41198305785655975,0.40933906137943266,0.13656782433390618,-0.1124497540295124,0.41198305785655975,0.42422554363714304,0.3232299394352703,0.25254451692758667,0.42422554363714304,0.3232299394352703,0.25254451692758667,0.3232299394352703,0.42422554363714304,-0.07068542250768362,1,1,0.0,850.0,0.09916174411773682,0.5275465849209846,0.022453415079015437
280,280,categorical_soft,1,1,True,0.1950017066658168,0.0,0.0,0.8049982786178589,0.19500170648097992,2,-0.609996572136879,0.3572208732366562,0.047369012515991925,-0.09906784519553184,0.3440533518791199,0.3572208732366562,0.3117820096736692,0.26896807678138407,0.41924991354494673,0.3117820096736692,0.26896807678138407,0.41924991354494673,0.26896807678138407,0.3117820096736692,0.15028183676356266,3,3,0.0,650.0,0.3817058764398098,0.8506450788496379,-0.30064507884963787
281,281,categorical_soft,0,0,True,0.24079107969569813,0.0,0.7592089176177979,0.0,0.24079108238220215,1,-0.5184178352355957,0.33194818943738935,-0.11310226600617171,0.2543173089623451,0.22693734765052795,0.33194818943738935,0.2602200399311285,0.37482489746010883,0.36495506260876265,0.2602200399311285,0.37482489746010883,0.36495506260876265,0.2602200399311285,0.37482489746010883,0.10473502267763413,2,2,0.032,550.0,0.26255927979946136,0.7815645134853585,-0.23156451348535845
282,282,categorical_soft,0,0,False,0.0,0.0,1.0,0.0,0.0,1,-1.0,0.5193280339241028,4.2573041915893555,-0.8584234237670898,-2.2987772464752196,0.5193280339241028,0.9925887680226649,0.005995795116246426,0.0014154368610886365,0.9925887680226649,0.005995795116246426,0.0014154368610886365,0.9925887680226649,0.005995795116246426,-0.9911733311615764,1,1,0.512,440.0,0.9626259952783585,0.9922103971270537,-0.4422103971270537
283,283,categorical_soft,0,0,True,0.4337579858360813,0.0,0.5662420392036438,0.0,0.4337579905986786,1,-0.1324840486049652,0.3456502266228199,0.3658910095691681,0.3239629462361336,-0.026908034458756447,0.3456502266228199,0.3796698306864348,0.3632946703111515,0.2570354990024136,0.3796698306864348,0.3632946703111515,0.2570354990024136,0.3796698306864348,0.3632946703111515,-0.12263433168402116,1,1,0.0,990.0,0.1937071830034256,0.600143305897875,-0.05014330589787497
284,284,categorical_soft,1,1,False,0.0,0.0,0.0,1.0,0.0,2,-1.0,0.4488122254610062,-3.4379708051681517,4.235990905761719,-0.27399679720401765,0.4488122254610062,0.0004597017801922799,0.9885887023445751,0.010951595875232721,0.0004597017801922799,0.9885887023445751,0.010951595875232721,0.9885887023445751,0.0004597017801922799,-0.9776371064693423,2,2,0.512,1180.0,1.0494448315293994,0.9876492570449825,-0.4376492570449825
285,285,categorical_soft,0,0,True,0.20068470657477516,0.0,0.7993152737617493,0.0,0.20068471133708954,1,-0.5986305624246597,0.3451970532536507,1.561755633354187,-0.9687908887863159,0.27745018154382706,0.3451970532536507,0.7368597041780255,0.05901705441033781,0.2041232414116366,0.7368597041780255,0.05901705441033781,0.2041232414116366,0.7368597041780255,0.05901705441033781,-0.5327364627663889,1,1,0.064,740.0,0.38829944282770157,0.8407161680580805,-0.2907161680580804
286,286,categorical_soft,1,1,False,0.0,0.0,0.0,1.0,0.0,2,-1.0,0.3650678634643555,-3.1606225252151487,3.7002776145935057,-0.104158653318882,0.3650678634643555,0.0010267212055801568,0.9771412389560685,0.021832039838351434,0.0010267212055801568,0.9771412389560685,0.021832039838351434,0.9771412389560685,0.0010267212055801568,-0.9553091991177171,2,2,0.512,1140.0,0.9693213626742363,0.9826413425144718,-0.4326413425144717
287,287,categorical_soft,1,1,True,0.1485846174179713,0.0,0.0,0.8514153957366943,0.14858461916446686,2,-0.7028307765722275,0.278143348172307,-2.409642815589905,2.196001386642456,0.4756737232208252,0.278143348172307,0.008407130278475365,0.8410080419282796,0.15058482779324509,0.008407130278475365,0.8410080419282796,0.15058482779324509,0.8410080419282796,0.008407130278475365,-0.6904232141350345,2,2,0.256,780.0,0.7106173224747181,0.9607977457080538,-0.4107977457080537
288,288,categorical_soft,0,0,False,0.0,0.0,1.0,0.0,0.0,1,-1.0,0.523629504442215,4.7236686706542965,-0.794865733385086,-2.8072901487350466,0.523629504442215,0.9954038029656189,0.0040548970402310815,0.0005412999941500753,0.9954038029656189,0.0040548970402310815,0.0005412999941500753,0.9954038029656189,0.0040548970402310815,-0.9948625029714688,1,1,0.256,880.0,0.9866893738508224,0.9882830661053026,-0.43828306610530254
289,289,categorical_soft,0,0,False,0.0,0.0,1.0,0.0,0.0,1,-1.0,0.5379445761442184,4.084420943260193,-0.40233539044857025,-2.7091482877731323,0.5379445761442184,0.987744275289989,0.011142356749237291,0.001113367960773598,0.987744275289989,0.011142356749237291,0.001113367960773598,0.987744275289989,0.011142356749237291,-0.9866309073292154,1,1,0.064,920.0,0.7644073963165283,0.9642412099292518,-0.41424120992925173
290,290,categorical_soft,0,0,True,0.1381227231744136,0.0,0.8618772625923157,0.0,0.13812272250652313,1,-0.7237545400857925,0.36388424336910247,3.0409430027008058,-2.314122223854065,0.49207600951194763,0.36388424336910247,0.9228373506562637,0.00439235338619328,0.072770295957543,0.9228373506562637,0.00439235338619328,0.072770295957543,0.9228373506562637,0.00439235338619328,-0.8500670546987207,1,1,0.512,600.0,1.4786475822329521,0.9992462463328757,-0.4492462463328757
291,291,categorical_soft,1,1,True,0.15995708681233395,0.0,0.0,0.8400428891181946,0.15995708107948303,2,-0.6800858080387115,0.2844800725579262,-0.018546906765550375,0.01989717911928892,0.3119182750582695,0.2844800725579262,0.2915184309454214,0.3029556268033245,0.4055259422512541,0.2915184309454214,0.3029556268033245,0.4055259422512541,0.3029556268033245,0.2915184309454214,0.1025703154479296,3,3,0.0,920.0,0.611028790473938,0.9269618633162482,-0.37696186331624815
292,292,categorical_soft,0,0,False,0.0,0.0,1.0,0.0,0.0,1,-1.0,0.5795895844697952,3.466143321990967,-0.37185245752334595,-2.1875436067581178,0.5795895844697952,0.9755397539340512,0.02103039751441844,0.0034298485515302556,0.9755397539340512,0.02103039751441844,0.0034298485515302556,0.9755397539340512,0.02103039751441844,-0.972109905382521,1,1,0.064,970.0,0.7140514403581619,0.9519763772780255,-0.4019763772780255
293,293,categorical_soft,1,1,True,0.14477298929539312,0.0,0.0,0.855226993560791,0.1447729915380478,2,-0.7104540020227432,0.42053900063037875,-3.3608125925064085,2.807250809669495,0.7884666860103607,0.42053900063037875,0.0018461618307042417,0.881040205765877,0.11711363240341874,0.0018461618307042417,0.881040205765877,0.11711363240341874,0.881040205765877,0.0018461618307042417,-0.7639265733624583,2,2,0.512,1130.0,0.881339731393382,0.9738120010607991,-0.4238120010607991
294,294,categorical_soft,1,1,False,0.0,0.0,0.0,1.0,0.0,2,-1.0,0.42814981043338773,-1.0763897836208343,4.220884180068969,-2.1241985678672792,0.42814981043338773,0.004973890856268822,0.9932388006975097,0.0017873084462214663,0.004973890856268822,0.9932388006975097,0.0017873084462214663,0.9932388006975097,0.004973890856268822,-0.9914514922512883,2,2,0.128,800.0,0.8723767548799515,0.9814709344251706,-0.4314709344251706
295,295,categorical_soft,1,1,False,0.0,0.0,0.0,1.0,0.0,2,-1.0,0.35513334572315214,-3.1686853408813476,3.853833556175232,-0.16467629447579385,0.35513334572315214,0.0008757297664810199,0.981307108905755,0.017817161327764067,0.0008757297664810199,0.981307108905755,0.017817161327764067,0.981307108905755,0.0008757297664810199,-0.9634899475779909,2,2,0.512,980.0,0.9144380930811167,0.9812820490448256,-0.4312820490448256
296,296,categorical_soft,1,1,True,0.14963844126577752,0.0,0.0,0.8503615856170654,0.14963844418525696,2,-0.7007231414318085,0.29981051236391065,-2.2982562303543093,1.686013972759247,0.6791673719882965,0.29981051236391065,0.013439313260369628,0.7222844839493782,0.2642762027902522,0.013439313260369628,0.7222844839493782,0.2642762027902522,0.7222844839493782,0.013439313260369628,-0.45800828115912595,2,2,0.512,510.0,0.6265748795121908,0.9573684414410254,-0.40736844144102535
297,297,categorical_soft,1,1,True,0.1490484519506305,0.0,0.0,0.8509515523910522,0.14904844760894775,2,-0.7019031047821045,0.2391139194369316,-3.194439911842346,2.470621109008789,1.0542832016944885,0.2391139194369316,0.00278100662161465,0.8024065217974666,0.1948124715809186,0.00278100662161465,0.8024065217974666,0.1948124715809186,0.8024065217974666,0.00278100662161465,-0.607594050216548,2,2,0.512,1130.0,0.7884399071335793,0.9592798762345498,-0.40927987623454976
298,298,categorical_soft,1,1,False,0.0,0.0,0.0,1.0,0.0,2,-1.0,0.37864379584789276,-1.7437625646591186,3.5326925992965696,-1.1174602389335633,0.37864379584789276,0.005038351219675668,0.9855365424936545,0.009425106286669835,0.005038351219675668,0.9855365424936545,0.009425106286669835,0.9855365424936545,0.005038351219675668,-0.9761114362069847,2,2,0.512,490.0,0.915975533425808,0.989622194411161,-0.4396221944111609
299,299,categorical_soft,0,0,False,0.0,0.0,1.0,0.0,0.0,1,-1.0,0.4415014773607254,1.2856486439704895,1.4872867107391357,-1.9624702334403992,0.4415014773607254,0.4420699332427717,0.5407392179592911,0.017190848797937187,0.4420699332427717,0.5407392179592911,0.017190848797937187,0.4420699332427717,0.5407392179592911,-0.4248790844448345,2,2,0.0,540.0,0.1374301016330719,0.6619619019605973,-0.1119619019605973
300,300,categorical_soft,1,1,False,0.0,0.0,0.0,1.0,0.0,2,-1.0,0.399950310587883,-2.0660147190093996,3.44718542098999,-0.7780872642993927,0.399950310587883,0.00396443266725986,0.9816034282522159,0.014432139080524228,0.00396443266725986,0.9816034282522159,0.014432139080524228,0.9816034282522159,0.00396443266725986,-0.9671712891716917,2,2,0.512,650.0,0.9220624417066574,0.9878075660184856,-0.4378075660184856
301,301,categorical_soft,0,0,True,0.3926417585264873,0.0,0.6073582172393799,0.0,0.39264175295829773,1,-0.21471646428108215,0.4485588937997818,0.378059121966362,-0.38660853505134585,0.375073516368866,0.4485588937997818,0.40602236312516393,0.18901169720090955,0.4049659396739266,0.40602236312516393,0.18901169720090955,0.4049659396739266,0.40602236312516393,0.18901169720090955,-0.0010564234512373538,1,1,0.0,780.0,0.17007821798324585,0.6325402226419574,-0.08254022264195737
302,302,categorical_soft,0,0,True,0.17886932257187405,0.0,0.8211306929588318,0.0,0.1788693219423294,1,-0.6422613710165024,0.33539076447486876,0.25788320451974867,-0.07434742916375399,0.21152083128690718,0.33539076447486876,0.3741298969688104,0.26843718028636465,0.357432922744825,0.3741298969688104,0.26843718028636465,0.357432922744825,0.3741298969688104,0.26843718028636465,-0.01669697422398536,1,1,0.064,490.0,0.39768432080745697,0.8819542041042935,-0.33195420410429344
303,303,categorical_soft,1,1,False,0.0,0.0,0.0,1.0,0.0,2,-1.0,0.5437942951917648,1.4526262044906617,1.494048047065735,-2.0308586835861204,0.5437942951917648,0.48236707778003085,0.5027597328486204,0.01487318937134865,0.48236707778003085,0.5027597328486204,0.01487318937134865,0.5027597328486204,0.48236707778003085,-0.4878865434772718,2,2,0.0,570.0,0.11988545954227448,0.6340609673785624,-0.08406096737856239
304,304,categorical_soft,1,1,True,0.1426841499922351,0.0,0.0,0.8573158383369446,0.14268414676189423,2,-0.7146316915750504,0.29794130101799965,-2.7588170528411866,2.53526930809021,0.6181219518184662,0.29794130101799965,0.004373370695384599,0.8677742868047631,0.12785234249985236,0.004373370695384599,0.8677742868047631,0.12785234249985236,0.8677742868047631,0.004373370695384599,-0.7399219443049108,2,2,0.256,1040.0,0.9303916841745377,0.9813929123148705,-0.4313929123148704
305,305,categorical_soft,1,1,True,0.15134368036888202,0.0,0.0,0.8486562967300415,0.1513436734676361,2,-0.6973126232624054,0.4180186927318573,-2.193422269821167,1.96838219165802,0.42723861932754514,0.4180186927318573,0.012677876048547223,0.8129201110272296,0.1744020129242231,0.012677876048547223,0.8129201110272296,0.1744020129242231,0.8129201110272296,0.012677876048547223,-0.6385180981030065,2,2,0.256,560.0,0.6133843287825584,0.9519607250283878,-0.40196072502838776
306,306,categorical_soft,1,1,True,0.17814919649739103,0.0,0.0,0.8218507766723633,0.17814919352531433,2,-0.643701583147049,0.33890661746263506,-1.8772067070007323,1.3855088233947754,0.772973644733429,0.33890661746263506,0.024215872261165505,0.6325871708870411,0.3431969568517935,0.024215872261165505,0.6325871708870411,0.3431969568517935,0.6325871708870411,0.024215872261165505,-0.28939021403524756,2,2,0.128,830.0,0.48410578817129135,0.8834798048379447,-0.3334798048379447
307,307,categorical_soft,0,0,False,0.0,0.0,1.0,0.0,0.0,1,-1.0,0.5199588447809219,2.5615078449249267,-0.28452691733837127,-1.7188450813293457,0.5199588447809219,0.9325968844323986,0.05439917935651116,0.013003936211090025,0.9325968844323986,0.05439917935651116,0.013003936211090025,0.9325968844323986,0.05439917935651116,-0.9195929482213087,1,1,0.128,430.0,0.6822309195995331,0.9701567791206914,-0.4201567791206914
308,308,categorical_soft,0,0,True,0.19729139267598805,0.0,0.802708625793457,0.0,0.19729138910770416,1,-0.6054172366857529,0.3453002767637372,0.5820255696773529,-0.0050101341679692265,2.2063031792640686e-06,0.3453002767637372,0.4718150848410619,0.26239560246309235,0.2657893126958459,0.4718150848410619,0.26239560246309235,0.2657893126958459,0.4718150848410619,0.26239560246309235,-0.206025772145216,1,1,0.032,520.0,0.3433762788772583,0.8465847675222417,-0.2965847675222416
309,309,categorical_soft,1,1,False,0.0,0.0,0.0,1.0,0.0,2,-1.0,0.5150910198688508,3.6971290588378904,-0.13988505825400352,-2.5038673877716064,0.5150910198688508,0.9767778862461979,0.02122650963422356,0.0019956041195787156,0.9767778862461979,0.02122650963422356,0.0019956041195787156,0.02122650963422356,0.9767778862461979,-0.019230905514644844,1,1,0.0,1000.0,0.5186137944401708,0.8797866948377613,-0.32978669483776124
310,310,categorical_soft,1,1,False,0.0,0.0,0.0,1.0,0.0,2,-1.0,0.4695442676544189,0.48262049853801725,1.8840649604797364,-1.731560969352722,0.4695442676544189,0.19342668227162013,0.7852799312698807,0.021293386458499097,0.19342668227162013,0.7852799312698807,0.021293386458499097,0.7852799312698807,0.19342668227162013,-0.7639865448113816,2,2,0.032,970.0,0.39643021300435066,0.8063145232842015,-0.25631452328420146
311,311,categorical_soft,1,1,True,0.15569712710598393,0.0,0.0,0.8443028926849365,0.15569712221622467,2,-0.6886057704687119,0.34899063855409623,-2.009663665294647,1.5682317733764648,0.6908674955368042,0.34899063855409623,0.01935347939742832,0.6924985681083744,0.2881479524941974,0.01935347939742832,0.6924985681083744,0.2881479524941974,0.6924985681083744,0.01935347939742832,-0.404350615614177,2,2,0.256,650.0,0.5836306642740965,0.9388779207407766,-0.38887792074077654
312,312,categorical_soft,1,1,False,0.0,0.0,0.0,1.0,0.0,2,-1.0,0.5243335098028183,-2.066285955905914,2.7742406845092775,-0.5863116025924683,0.5243335098028183,0.0075873256616179816,0.9588988441582555,0.033513830180126526,0.0075873256616179816,0.9588988441582555,0.033513830180126526,0.9588988441582555,0.0075873256616179816,-0.925385013978129,2,2,0.512,610.0,0.9209451451897621,0.9883116426258042,-0.43831164262580413
313,313,categorical_soft,0,0,False,0.0,0.0,1.0,0.0,0.0,1,-1.0,0.6399605631828308,5.17555251121521,-0.6463756024837494,-3.2462456703186033,0.6399605631828308,0.9968122252705889,0.0029671604677733304,0.00022061426163796815,0.9968122252705889,0.0029671604677733304,0.00022061426163796815,0.9968122252705889,0.0029671604677733304,-0.9965916110089509,1,1,0.512,640.0,1.0328418463468552,0.9929736339388011,-0.44297363393880107
314,314,categorical_soft,0,0,False,0.0,0.0,1.0,0.0,0.0,1,-1.0,0.5936285614967346,2.928850197792053,-0.23426716178655624,-1.68909410238266,0.5936285614967346,0.9501865774000112,0.040354011118659695,0.009459411481329113,0.9501865774000112,0.040354011118659695,0.009459411481329113,0.9501865774000112,0.040354011118659695,-0.9407271659186821,1,1,0.064,740.0,0.653642937541008,0.9510753730288615,-0.4010753730288614
315,315,categorical_soft,1,1,True,0.18445459278003695,0.0,0.0,0.815545380115509,0.18445459008216858,2,-0.6310907900333405,0.34121390208601954,0.13179581044241787,0.32194414734840393,0.12009305767714977,0.34121390208601954,0.3128496252130079,0.3776111699577293,0.30953920482926284,0.3128496252130079,0.3776111699577293,0.30953920482926284,0.3776111699577293,0.3128496252130079,-0.06807196512846647,2,2,0.064,410.0,0.3565915375947952,0.8705246549234951,-0.320524654923495
316,316,categorical_soft,1,1,True,0.14385024512179656,0.0,0.0,0.8561497330665588,0.14385025203227997,2,-0.7122994810342789,0.3361521899700165,-2.159485411643982,1.788386881351471,0.5603204309940338,0.3361521899700165,0.014714464889545179,0.762020636047104,0.22326489906335084,0.014714464889545179,0.762020636047104,0.22326489906335084,0.762020636047104,0.014714464889545179,-0.5387557369837532,2,2,0.512,450.0,0.7426585806533694,0.9771188704324757,-0.42711887043247565
317,317,categorical_soft,1,1,True,0.2529653022322077,0.0,0.0,0.7470346689224243,0.2529653012752533,2,-0.494069367647171,0.36440312340855596,2.490286111831665,-1.909418261051178,0.5871455848217011,0.36440312340855596,0.8608705139136144,0.010715409978912762,0.1284140761074729,0.8608705139136144,0.010715409978912762,0.1284140761074729,0.010715409978912762,0.8608705139136144,0.11769866612856014,1,1,0.0,840.0,0.31598392128944397,0.7663283213325881,-0.21632832133258806
318,318,categorical_soft,1,1,False,0.0,0.0,0.0,1.0,0.0,2,-1.0,0.4403047114610672,-0.4219997853040695,2.687139630317688,-1.6521979689598083,0.4403047114610672,0.04220836463956222,0.9452553438181391,0.012536291542298595,0.04220836463956222,0.9452553438181391,0.012536291542298595,0.9452553438181391,0.04220836463956222,-0.9327190522758405,2,2,0.032,690.0,0.6099110618233681,0.9433591631568852,-0.3933591631568851
319,319,categorical_soft,0,0,False,0.0,0.0,1.0,0.0,0.0,1,-1.0,0.5323632627725601,3.46189398765564,-0.49037449061870575,-2.0883501052856444,0.5323632627725601,0.9773248630561285,0.018859327699432767,0.003815809244438725,0.9773248630561285,0.018859327699432767,0.003815809244438725,0.9773248630561285,0.018859327699432767,-0.9735090538116898,1,1,0.256,420.0,0.8809878528118134,0.9886837339785269,-0.4386837339785269
320,320,categorical_soft,1,1,False,0.0,0.0,0.0,1.0,0.0,2,-1.0,0.5793855220079422,1.6051774740219116,1.428546416759491,-2.2721153259277345,0.5793855220079422,0.5378730412827087,0.4509695279147998,0.011157430802491522,0.5378730412827087,0.4509695279147998,0.011157430802491522,0.4509695279147998,0.5378730412827087,-0.43981209711230823,1,1,0.0,700.0,0.10261709988117218,0.5764236634331203,-0.026423663433120304
321,321,categorical_soft,0,0,True,0.1402273227231401,0.0,0.8597726821899414,0.0,0.1402273178100586,1,-0.7195453643798828,0.5667459577322006,3.219315028190613,-1.4887534737586976,-0.18384477775543928,0.5667459577322006,0.9588440798095087,0.008771819992027429,0.03238410019846392,0.9588440798095087,0.008771819992027429,0.03238410019846392,0.9588440798095087,0.008771819992027429,-0.9264599796110448,1,1,0.128,1000.0,1.0652206018567085,0.9907709267812306,-0.44077092678123053
322,322,categorical_soft,1,1,True,0.2867941577344816,0.0,0.0,0.7132058143615723,0.28679415583610535,2,-0.4264116585254669,0.2440284950658679,-0.24533612728118898,0.6310482382774353,0.1813829407095909,0.2440284950658679,0.2030454228986775,0.4865712269210839,0.3103833501802386,0.2030454228986775,0.4865712269210839,0.3103833501802386,0.4865712269210839,0.2030454228986775,-0.1761878767408453,2,2,0.0,1030.0,0.3215598538517952,0.7283040136993101,-0.17830401369931004
323,323,categorical_soft,0,0,False,0.0,0.0,1.0,0.0,0.0,1,-1.0,0.5710049569606781,5.407000350952148,-1.8796915769577027,-2.4788199186325075,0.5710049569606781,0.9989334641874548,0.000689925369274926,0.0003766104432704518,0.9989334641874548,0.000689925369274926,0.0003766104432704518,0.9989334641874548,0.000689925369274926,-0.9985568537441843,1,1,0.512,830.0,1.0152685642242432,0.9903932264934603,-0.44039322649346024
324,324,categorical_soft,1,1,True,0.406473696242102,0.0,0.0,0.593526303768158,0.40647369623184204,2,-0.18705260753631592,0.4340108960866928,-0.07396413693204522,-0.19350497275590897,0.4162092089653015,0.4340108960866928,0.2841390346150942,0.25207270543872456,0.4637882599461813,0.2841390346150942,0.25207270543872456,0.4637882599461813,0.25207270543872456,0.2841390346150942,0.21171555450745672,3,3,0.032,910.0,0.19233771413564682,0.6214666338918414,-0.07146663389184138
325,325,categorical_soft,1,1,False,0.0,0.0,0.0,1.0,0.0,2,-1.0,0.46075388193130495,0.14031016919761896,1.5231950640678407,-1.0233565330505372,0.46075388193130495,0.1886041656835191,0.7517261254106631,0.05966970890581787,0.1886041656835191,0.7517261254106631,0.05966970890581787,0.7517261254106631,0.1886041656835191,-0.6920564165048452,2,2,0.032,580.0,0.3728146329522133,0.8557427906917575,-0.30574279069175747
326,326,categorical_soft,1,1,False,0.0,0.0,0.0,1.0,0.0,2,-1.0,0.47209041118621825,-2.4586127042770385,3.565071940422058,-0.627831220626831,0.47209041118621825,0.002385133334730893,0.9825879026606028,0.015026964004666249,0.002385133334730893,0.9825879026606028,0.015026964004666249,0.9825879026606028,0.002385133334730893,-0.9675609386559365,2,2,0.256,1060.0,0.8593176230788231,0.9731977628428837,-0.4231977628428837
327,327,categorical_soft,1,1,False,0.0,0.0,0.0,1.0,0.0,2,-1.0,0.4099521189928055,-1.0794483184814454,4.26628794670105,-2.206674408912659,0.4099521189928055,0.004740279035802469,0.993694696806276,0.0015650241579215807,0.004740279035802469,0.993694696806276,0.0015650241579215807,0.993694696806276,0.004740279035802469,-0.9921296726483544,2,2,0.064,1040.0,0.6845659837126732,0.9403402151492702,-0.3903402151492702
328,328,categorical_soft,1,1,True,0.1610820202706162,0.0,0.0,0.8389179706573486,0.16108201444149017,2,-0.6778359562158585,0.22866157479584218,-0.561382868885994,1.0579333305358887,0.13498379178345205,0.22866157479584218,0.12427483244648505,0.6264557860849609,0.24926938146855412,0.12427483244648505,0.6264557860849609,0.24926938146855412,0.6264557860849609,0.12427483244648505,-0.37718640461640673,2,2,0.032,1080.0,0.6413864023052156,0.9239454056477846,-0.37394540564778456
329,329,categorical_soft,1,1,False,0.0,0.0,0.0,1.0,0.0,2,-1.0,0.5369069755077363,1.2178109169006348,1.8096946239471436,-2.301552677154541,0.5369069755077363,0.3526057963000573,0.6368228672427373,0.010571336457205495,0.3526057963000573,0.6368228672427373,0.010571336457205495,0.6368228672427373,0.3526057963000573,-0.6262515307855318,2,2,0.032,710.0,0.5105309039354324,0.9089025872845348,-0.3589025872845347
330,330,categorical_soft,0,0,True,0.13915241017614322,0.0,0.8608475923538208,0.0,0.1391524076461792,1,-0.7216951847076416,0.3384286053478718,2.7439871072769164,-2.0844262719154356,0.4579940974712372,0.3384286053478718,0.9003445964168135,0.0072382930589491735,0.09241711052423746,0.9003445964168135,0.0072382930589491735,0.09241711052423746,0.9003445964168135,0.0072382930589491735,-0.807927485892576,1,1,0.256,630.0,1.1019249856472015,0.9950456617702963,-0.44504566177029625
331,331,categorical_soft,0,0,False,0.0,0.0,1.0,0.0,0.0,1,-1.0,0.6042764157056808,1.615915095806122,1.111635112762451,-1.8923673152923584,0.6042764157056808,0.6118881946198171,0.3697118093330196,0.01839999604716331,0.6118881946198171,0.3697118093330196,0.01839999604716331,0.6118881946198171,0.3697118093330196,-0.5934881985726538,1,1,0.0,830.0,0.20126265287399292,0.6538655747685236,-0.10386557476852354
332,332,categorical_soft,0,0,True,0.2209024574979664,0.0,0.7790975570678711,0.0,0.2209024578332901,1,-0.558195099234581,0.4734631985425949,2.2290881633758546,-0.8137418508529664,-0.2738949373364449,0.4734631985425949,0.8844052115275811,0.04244867979739193,0.07314610867502692,0.8844052115275811,0.04244867979739193,0.07314610867502692,0.8844052115275811,0.04244867979739193,-0.8112591028525542,1,1,0.064,730.0,0.34088726341724396,0.8088671033863649,-0.25886710338636487
333,333,categorical_soft,1,1,False,0.0,0.0,0.0,1.0,0.0,2,-1.0,0.4801838308572769,1.3497041702270507,2.301362180709839,-2.5351164817810057,0.4801838308572769,0.2771260659439414,0.7170964935362725,0.0057774405197861005,0.2771260659439414,0.7170964935362725,0.0057774405197861005,0.7170964935362725,0.2771260659439414,-0.7113190530164863,2,2,0.0,1080.0,0.817897766828537,0.9665757296194332,-0.4165757296194331
334,334,categorical_soft,0,0,True,0.45591100746087365,0.0,0.5440890192985535,0.0,0.4559110105037689,1,-0.08817800879478455,0.4314064532518387,-0.1355562314391136,-0.16585831344127655,0.38351620435714723,0.4314064532518387,0.2736294739994431,0.2664251024032597,0.45994542359729723,0.2736294739994431,0.2664251024032597,0.45994542359729723,0.2736294739994431,0.2664251024032597,0.18631594959785414,3,3,0.032,500.0,0.05920746922492981,0.5832016383152792,-0.033201638315279114
335,335,categorical_soft,1,1,True,0.29072301708682174,0.0,0.0,0.7092769742012024,0.2907230257987976,2,-0.4185539484024048,0.24575905725359917,0.7360914647579193,0.6216754406690598,-0.509095299243927,0.24575905725359917,0.4579787992836268,0.4081633869547045,0.13385781376166883,0.4579787992836268,0.4081633869547045,0.13385781376166883,0.4081633869547045,0.4579787992836268,-0.27430557319303567,1,1,0.0,1190.0,0.3566339612007141,0.7242176165579642,-0.1742176165579642
336,336,categorical_soft,1,1,True,0.4317453803135542,0.0,0.0,0.5682545900344849,0.43174538016319275,2,-0.13650920987129211,0.27911387383937836,-0.14183882549405097,0.10522794127464294,0.29360076785087585,0.27911387383937836,0.2614215047558353,0.3346427641255761,0.40393573111858866,0.2614215047558353,0.3346427641255761,0.40393573111858866,0.3346427641255761,0.2614215047558353,0.06929296699301257,3,3,0.0,650.0,0.11160320788621902,0.6016966688828335,-0.05169666888283342
337,337,categorical_soft,0,0,False,0.0,0.0,1.0,0.0,0.0,1,-1.0,0.5754317164421081,6.062873029708863,-2.076079535484314,-2.669349431991577,0.5754317164421081,0.9995418507438151,0.0002967303968169708,0.00016141885936825655,0.9995418507438151,0.0002967303968169708,0.00016141885936825655,0.9995418507438151,0.0002967303968169708,-0.9993804318844468,1,1,0.256,1190.0,0.9339479058980942,0.9781629898726585,-0.42816298987265844
338,338,categorical_soft,1,1,False,0.0,0.0,0.0,1.0,0.0,2,-1.0,0.37849768102169035,-1.4202221155166626,3.5341562747955324,-1.4752701282501222,0.37849768102169035,0.006997341863034537,0.9862828256119732,0.006719832524992184,0.006997341863034537,0.9862828256119732,0.006719832524992184,0.9862828256119732,0.006997341863034537,-0.979562993086981,2,2,0.128,940.0,0.7707909550517797,0.964490488674304,-0.41449048867430394
339,339,categorical_soft,1,1,True,0.1604912039489657,0.0,0.0,0.8395087718963623,0.1604911983013153,2,-0.679017573595047,0.363182857632637,-1.7656394958496093,1.338892114162445,0.5678071439266205,0.363182857632637,0.029737514097444923,0.6632481761566641,0.3070143097458909,0.029737514097444923,0.6632481761566641,0.3070143097458909,0.6632481761566641,0.029737514097444923,-0.3562338664107732,2,2,0.128,700.0,0.5527637246996164,0.9255232317218494,-0.3755232317218493
340,340,categorical_soft,0,0,False,0.0,0.0,1.0,0.0,0.0,1,-1.0,0.4135887086391449,4.9558854579925535,-0.6233532726764679,-3.0233201026916503,0.4135887086391449,0.9958870348946117,0.003767879535677672,0.0003450855697107205,0.9958870348946117,0.003767879535677672,0.0003450855697107205,0.9958870348946117,0.003767879535677672,-0.995541949324901,1,1,0.064,1130.0,0.7965922951698303,0.9608160830938423,-0.4108160830938422
341,341,categorical_soft,1,1,True,0.6383385305031333,0.0,0.0,0.36166146397590637,0.6383385062217712,3,0.27667704224586487,0.2942806914448738,-0.07563497200608253,0.2633077368140221,0.21678849160671235,0.2942806914448738,0.26754010385141064,0.3746062785634642,0.35785361758512524,0.26754010385141064,0.3746062785634642,0.35785361758512524,0.3746062785634642,0.26754010385141064,-0.01675266097833894,2,2,0.0,830.0,0.024197444319725037,0.44178459489913063,0.10821540510086941
342,342,categorical_soft,0,0,True,0.3484725113930036,0.0,0.651527464389801,0.0,0.3484725058078766,1,-0.30305495858192444,0.20677695646882058,-0.3416364848613739,0.9190741360187531,0.1350578173995018,0.20677695646882058,0.16299335077168278,0.5744764159642067,0.2625302332641105,0.16299335077168278,0.5744764159642067,0.2625302332641105,0.16299335077168278,0.5744764159642067,0.09953688249242773,2,2,0.0,930.0,0.2401103377342224,0.6696039189278831,-0.11960391892788302
343,343,categorical_soft,0,0,True,0.1408680466465338,0.0,0.859131932258606,0.0,0.14086805284023285,1,-0.7182638794183731,0.41061521172523496,2.917036747932434,-1.4687721252441406,-0.15287661999464036,0.41061521172523496,0.9435929325221581,0.011823756588996539,0.04458331088884521,0.9435929325221581,0.011823756588996539,0.04458331088884521,0.9435929325221581,0.011823756588996539,-0.899009621633313,1,1,0.128,930.0,0.998799242079258,0.9882740667620786,-0.4382740667620786
344,344,categorical_soft,1,1,False,0.0,0.0,0.0,1.0,0.0,2,-1.0,0.38568390905857086,-1.6895150065422058,4.04521222114563,-1.7224969863891602,0.38568390905857086,0.0032181156900286715,0.9936250580637382,0.003156826246232988,0.0032181156900286715,0.9936250580637382,0.003156826246232988,0.9936250580637382,0.0032181156900286715,-0.9904682318175052,2,2,0.128,1190.0,0.9841103702783585,0.9828513713934699,-0.43285137139346985
345,345,categorical_soft,0,0,False,0.0,0.0,1.0,0.0,0.0,1,-1.0,0.608489379286766,3.7280270576477053,-0.28748323321342467,-2.471484351158142,0.608489379286766,0.9801927891961576,0.01778959522455916,0.00201761557928322,0.9801927891961576,0.01778959522455916,0.00201761557928322,0.9801927891961576,0.01778959522455916,-0.9781751736168743,1,1,0.064,690.0,0.6364440619945526,0.9499356388377335,-0.3999356388377334
346,346,categorical_soft,0,0,False,0.0,0.0,1.0,0.0,0.0,1,-1.0,0.5625421315431595,1.971385371685028,0.45170711874961855,-1.7715404033660889,0.5625421315431595,0.8041658334055652,0.17667246974942322,0.019161696845011712,0.8041658334055652,0.17667246974942322,0.019161696845011712,0.8041658334055652,0.17667246974942322,-0.7850041365605536,1,1,0.032,640.0,0.6729329973459244,0.9601760593339327,-0.41017605933393264
347,347,categorical_soft,1,1,False,0.0,0.0,0.0,1.0,0.0,2,-1.0,0.39869253933429716,-2.70959153175354,3.4634267568588255,-0.19080432802438735,0.39869253933429716,0.0020292485191378716,0.9727442440248286,0.025226507456033324,0.0020292485191378716,0.9727442440248286,0.025226507456033324,0.9727442440248286,0.0020292485191378716,-0.9475177365687953,2,2,0.512,850.0,0.9372682347893715,0.9856319148970634,-0.4356319148970633
348,348,categorical_soft,0,0,False,0.0,0.0,1.0,0.0,0.0,1,-1.0,0.5577478349208832,3.661344838142395,-0.4468116253614426,-2.3918516635894775,0.5577478349208832,0.9814927392678625,0.016185974609268416,0.0023212861228689586,0.9814927392678625,0.016185974609268416,0.0023212861228689586,0.9814927392678625,0.016185974609268416,-0.9791714531449935,1,1,0.064,750.0,0.7316131889820099,0.965721529342436,-0.415721529342436
349,349,categorical_soft,1,1,False,0.0,0.0,0.0,1.0,0.0,2,-1.0,0.4242490291595459,-2.4335861682891844,3.8369112968444825,-0.8868946135044098,0.4242490291595459,0.0018749191724569806,0.9892565923272741,0.00886848850026904,0.0018749191724569806,0.9892565923272741,0.00886848850026904,0.9892565923272741,0.0018749191724569806,-0.9803881038270051,2,2,0.256,1070.0,1.012370828539133,0.9870300100435582,-0.4370300100435581
350,350,categorical_soft,1,1,True,0.14918507993551788,0.0,0.0,0.850814938545227,0.14918507635593414,2,-0.7016298621892929,0.24185459911823273,-0.6635342419147492,1.7038477540016175,-0.2149226725101471,0.24185459911823273,0.07580225632703137,0.8058573817187845,0.11834036195418418,0.07580225632703137,0.8058573817187845,0.11834036195418418,0.8058573817187845,0.07580225632703137,-0.6875170197646003,2,2,0.064,650.0,0.6683630901388824,0.9588353278858958,-0.4088353278858957
351,351,categorical_soft,0,0,False,0.0,0.0,1.0,0.0,0.0,1,-1.0,0.5200241267681122,7.863275384902954,-3.5517807006835938,-2.575683927536011,0.5200241267681122,0.9999592923281055,1.1405374754655849e-05,2.93022971398339e-05,0.9999592923281055,1.1405374754655849e-05,2.93022971398339e-05,0.9999592923281055,1.1405374754655849e-05,-0.9999299900309657,1,1,0.512,1120.0,1.1905434653162956,0.994218091239636,-0.44421809123963596
352,352,categorical_soft,1,1,False,0.0,0.0,0.0,1.0,0.0,2,-1.0,0.38538944721221924,-0.9183716833591461,3.0212202072143555,-1.5499227881431579,0.38538944721221924,0.018947248023674285,0.9707742158586296,0.010278536117696089,0.018947248023674285,0.9707742158586296,0.010278536117696089,0.9707742158586296,0.018947248023674285,-0.9604956797409334,2,2,0.256,400.0,0.7987911775708199,0.9835424597184669,-0.43354245971846683
353,353,categorical_soft,0,0,True,0.4211503580432464,0.0,0.5788496136665344,0.0,0.4211503565311432,1,-0.15769925713539124,0.38369353115558624,-0.3596650332212448,-0.08284055339172483,0.3892032206058502,0.38369353115558624,0.22544432033190914,0.29793339028769344,0.4766222893803974,0.22544432033190914,0.29793339028769344,0.4766222893803974,0.22544432033190914,0.29793339028769344,0.25117796904848827,3,3,0.0,610.0,0.1087988018989563,0.6099215844506183,-0.05992158445061824
354,354,categorical_soft,1,1,True,0.1510709433256638,0.0,0.0,0.8489290475845337,0.15107093751430511,2,-0.6978581100702286,0.3530920557677746,0.23112450242042543,-0.05884725321084261,0.20974339693784713,0.3530920557677746,0.36653931444069,0.2741864487042696,0.3592742368550404,0.36653931444069,0.2741864487042696,0.3592742368550404,0.2741864487042696,0.36653931444069,0.08508778815077078,1,1,0.0,970.0,0.7178128808736801,0.9528142824883851,-0.402814282488385
355,355,categorical_soft,1,1,True,0.1748082876324218,0.0,0.0,0.8251917362213135,0.1748082935810089,2,-0.6503834426403046,0.40364360213279726,1.6776323676109315,-1.1822276353836059,0.4328665554523468,0.40364360213279726,0.742829613764289,0.04271851795105773,0.2144518682846533,0.742829613764289,0.04271851795105773,0.2144518682846533,0.04271851795105773,0.742829613764289,0.17173335033359555,1,1,0.0,900.0,0.5160111337900162,0.8907261062024602,-0.34072610620246013
356,356,categorical_soft,1,1,True,0.1575029186359953,0.0,0.0,0.8424971103668213,0.1575029194355011,2,-0.6849941909313202,0.2791384804993868,0.660901939868927,1.071622359752655,-0.7040966212749481,0.2791384804993868,0.36171217270342726,0.5449007368354152,0.09338709046115756,0.36171217270342726,0.5449007368354152,0.09338709046115756,0.5449007368354152,0.36171217270342726,-0.4515136463742576,2,2,0.032,880.0,0.6224783137440681,0.9337274851666373,-0.38372748516663724
357,357,categorical_soft,0,0,True,0.16152437249962082,0.0,0.8384756445884705,0.0,0.16152437031269073,1,-0.6769512742757797,0.2641977984458208,0.6699311137199402,-0.47040805220603943,0.36815212965011596,0.2641977984458208,0.48542765866476,0.15530938007124667,0.3592629612639933,0.48542765866476,0.15530938007124667,0.3592629612639933,0.48542765866476,0.15530938007124667,-0.1261646974007667,1,1,0.064,680.0,0.5398712754249573,0.9227732052409395,-0.3727732052409395
358,358,categorical_soft,1,1,True,0.1639196719211149,0.0,0.0,0.8360803127288818,0.16391967236995697,2,-0.6721606403589249,0.29208094254136086,0.16874142363667488,-0.26743974536657333,0.34012564420700075,0.29208094254136086,0.35299887189523294,0.22806790756130996,0.4189332205434571,0.35299887189523294,0.22806790756130996,0.4189332205434571,0.22806790756130996,0.35299887189523294,0.19086531298214715,3,3,0.0,490.0,0.4761205166578293,0.9165568128082685,-0.36655681280826846
359,359,categorical_soft,1,1,True,0.15313656571740325,0.0,0.0,0.8468634486198425,0.15313656628131866,2,-0.6937268823385239,0.347570475935936,-2.0003610849380493,1.6468530416488647,0.5985801041126251,0.347570475935936,0.01896229139156583,0.7263815272481836,0.25465618136025037,0.01896229139156583,0.7263815272481836,0.25465618136025037,0.7263815272481836,0.01896229139156583,-0.47172534588793325,2,2,0.256,620.0,0.6048325188457966,0.9464525557523773,-0.39645255575237726
360,360,categorical_soft,1,1,True,0.19101452359725563,0.0,0.0,0.8089854717254639,0.19101452827453613,2,-0.6179709434509277,0.37665086686611177,-0.16842108070850373,-0.013797011971473695,0.37530936002731324,0.37665086686611177,0.25707707252827555,0.30019577806288894,0.44272714940883545,0.25707707252827555,0.30019577806288894,0.44272714940883545,0.30019577806288894,0.25707707252827555,0.1425313713459465,3,3,0.032,450.0,0.34453414287418127,0.8579223921921969,-0.30792239219219686
361,361,categorical_soft,1,1,False,0.0,0.0,0.0,1.0,0.0,2,-1.0,0.42732053697109224,0.0018423300236463547,3.7723992586135866,-2.6790574550628663,0.42732053697109224,0.022490232779497864,0.9759329325026533,0.0015768347178487384,0.022490232779497864,0.9759329325026533,0.0015768347178487384,0.9759329325026533,0.022490232779497864,-0.9743560977848046,2,2,0.128,710.0,0.8633746355772018,0.9826042518450617,-0.4326042518450617
362,362,categorical_soft,0,0,True,0.14734526445152907,0.0,0.852654755115509,0.0,0.14734525978565216,1,-0.7053094953298569,0.26349304541945456,2.134964394569397,-1.419011640548706,0.3686683654785156,0.26349304541945456,0.8330666998278191,0.02393279640792583,0.14300050376425508,0.8330666998278191,0.02393279640792583,0.14300050376425508,0.8330666998278191,0.02393279640792583,-0.690066196063564,1,1,0.064,960.0,0.7782713621854782,0.9649209701609414,-0.4149209701609413
363,363,categorical_soft,1,1,True,0.2824668882215106,0.0,0.0,0.7175331115722656,0.2824668884277344,2,-0.43506622314453125,0.24791701547801495,-1.0800695776939393,0.5164289861917496,0.6355536043643951,0.24791701547801495,0.08702394023096768,0.42932244953025833,0.4836536102387739,0.08702394023096768,0.42932244953025833,0.4836536102387739,0.42932244953025833,0.08702394023096768,0.05433116070851557,3,3,0.064,1130.0,0.35082195699214935,0.7328745950828798,-0.18287459508287973
364,364,categorical_soft,0,0,False,0.0,0.0,1.0,0.0,0.0,1,-1.0,0.5187400609254837,2.7626368045806884,0.25225344449281695,-2.106042814254761,0.5187400609254837,0.9177800047874282,0.07513318427211,0.0070868109404619226,0.9177800047874282,0.07513318427211,0.0070868109404619226,0.9177800047874282,0.07513318427211,-0.9106931938469662,1,1,0.032,530.0,0.5941829681396484,0.949229112265047,-0.399229112265047
365,365,categorical_soft,0,0,False,0.0,0.0,1.0,0.0,0.0,1,-1.0,0.510612228512764,8.011662483215332,-2.484680104255676,-3.8202248573303224,0.510612228512764,0.9999644981308021,2.8189809447112298e-05,7.312059750688262e-06,0.9999644981308021,2.8189809447112298e-05,7.312059750688262e-06,0.9999644981308021,2.8189809447112298e-05,-0.9999571860710514,1,1,0.512,1120.0,1.3508169502019882,0.9973610056548473,-0.44736100565484727
366,366,categorical_soft,1,1,False,0.0,0.0,0.0,1.0,0.0,2,-1.0,0.44028941690921786,-1.118806040287018,3.39144389629364,-1.6454826712608337,0.44028941690921786,0.01080871719144625,0.9827137598840686,0.006477522924485253,0.01080871719144625,0.9827137598840686,0.006477522924485253,0.9827137598840686,0.01080871719144625,-0.9762362369595834,2,2,0.128,970.0,0.7826331406831741,0.9652369443596681,-0.41523694435966807
367,367,categorical_soft,0,0,False,0.0,0.0,1.0,0.0,0.0,1,-1.0,0.5116284608840942,4.022553706169129,-0.18943653404712676,-2.755470609664917,0.5116284608840942,0.9841098003032765,0.01476294181048333,0.001127257886240133,0.9841098003032765,0.01476294181048333,0.001127257886240133,0.9841098003032765,0.01476294181048333,-0.9829825424170364,1,1,0.032,840.0,0.5968253463506699,0.9287462190401073,-0.3787462190401073
368,368,categorical_soft,0,0,False,0.0,0.0,1.0,0.0,0.0,1,-1.0,0.5456774324178696,3.6787626266479494,-0.5510840654373169,-2.2530659675598144,0.5456774324178696,0.9830095062903373,0.014368143124968267,0.0026223505846945643,0.9830095062903373,0.014368143124968267,0.0026223505846945643,0.9830095062903373,0.014368143124968267,-0.9803871557056428,1,1,0.128,840.0,0.846636950969696,0.978011866019843,-0.428011866019843
369,369,categorical_soft,0,0,True,0.549994792500617,0.0,0.4500052034854889,0.0,0.5499947667121887,3,0.09998956322669983,0.3550598531961441,-0.12468532100319862,-0.07397494670003653,0.2858392342925072,0.3550598531961441,0.2808511185129134,0.29565065100558896,0.4234982304814977,0.2808511185129134,0.29565065100558896,0.4234982304814977,0.2808511185129134,0.29565065100558896,0.14264711196858432,3,3,0.0,670.0,0.04256966710090637,0.5123068033698828,0.037693196630117276
370,370,categorical_soft,0,0,False,0.0,0.0,1.0,0.0,0.0,1,-1.0,0.45178701281547545,3.1258769989013673,0.23932620584964753,-2.572524094581604,0.45178701281547545,0.94401567013782,0.05280367488679068,0.003180654975389213,0.94401567013782,0.05280367488679068,0.003180654975389213,0.94401567013782,0.05280367488679068,-0.9408350151624307,1,1,0.032,740.0,0.4386346563696861,0.8711185197845402,-0.3211185197845402
371,371,categorical_soft,1,1,True,0.7409121730578815,0.0,0.0,0.25908783078193665,0.7409121990203857,3,0.4818243682384491,0.24932417664676904,0.5976701617240906,0.3254406496882439,-0.20016712099313735,0.24932417664676904,0.4514503329514737,0.34329353243216204,0.20525613461636444,0.4514503329514737,0.34329353243216204,0.20525613461636444,0.34329353243216204,0.4514503329514737,-0.1380373978157976,1,1,0.0,1170.0,0.02112467586994171,0.34098459826029615,0.2090154017397039
372,372,categorical_soft,0,0,False,0.0,0.0,1.0,0.0,0.0,1,-1.0,0.5029002368450165,3.9358446836471557,-0.3051355957984924,-2.6381211996078493,0.5029002368450165,0.9844045796923073,0.014210153998992382,0.0013852663087005382,0.9844045796923073,0.014210153998992382,0.0013852663087005382,0.9844045796923073,0.014210153998992382,-0.9830193133836068,1,1,0.032,1180.0,0.820691667497158,0.9629470093439594,-0.41294700934395934
373,373,categorical_soft,0,0,True,0.13859959724236742,0.0,0.8614004254341125,0.0,0.13859960436820984,1,-0.7228008210659027,0.3643536724150181,2.6316699981689453,-2.3597220182418823,0.8096868395805359,0.3643536724150181,0.8557163683299234,0.0058685410794157115,0.13841509059066076,0.8557163683299234,0.0058685410794157115,0.13841509059066076,0.8557163683299234,0.0058685410794157115,-0.7173012777392627,1,1,0.256,720.0,1.2470764820463955,0.9972876295955952,-0.4472876295955952
374,374,categorical_soft,0,0,True,0.142547742111232,0.0,0.8574522733688354,0.0,0.14254774153232574,1,-0.7149045318365097,0.20246967487037182,2.3777440071105955,-1.971999502182007,0.5725775301456452,0.20246967487037182,0.8491669257041397,0.011085112372962658,0.13974796192289773,0.8491669257041397,0.011085112372962658,0.13974796192289773,0.8491669257041397,0.011085112372962658,-0.7094189637812419,1,1,0.064,680.0,0.8477915152907372,0.9819000580393523,-0.4319000580393523
375,375,categorical_soft,1,1,True,0.17110929758369697,0.0,0.0,0.8288906812667847,0.17110930383205414,2,-0.6577813774347305,0.3016744047403336,0.09295090585947037,-0.21684921830892562,0.4043166279792786,0.3016744047403336,0.32269001502746214,0.23676208994336792,0.44054789502917,0.32269001502746214,0.23676208994336792,0.44054789502917,0.23676208994336792,0.32269001502746214,0.2037858050858021,3,3,0.032,850.0,0.5218647550791502,0.8990958545060396,-0.3490958545060395
376,376,categorical_soft,0,0,False,0.0,0.0,1.0,0.0,0.0,1,-1.0,0.5226530104875564,3.841050696372986,-0.36606975495815275,-2.3707836627960206,0.5226530104875564,0.9832748820814681,0.014740124925284731,0.0019849929932471483,0.9832748820814681,0.014740124925284731,0.0019849929932471483,0.9832748820814681,0.014740124925284731,-0.9812898890882209,1,1,0.032,1110.0,0.7185393869876862,0.9448057440354843,-0.3948057440354843
377,377,categorical_soft,1,1,True,0.17171995835359766,0.0,0.0,0.8282800316810608,0.17171995341777802,2,-0.6565600782632828,0.37960378974676134,0.41369777321815493,-0.18487642854452133,0.27743351459503174,0.37960378974676134,0.41292175746980664,0.22684099675880445,0.3602372457713888,0.41292175746980664,0.22684099675880445,0.3602372457713888,0.22684099675880445,0.41292175746980664,0.13339624901258437,1,1,0.0,510.0,0.43530239164829254,0.8976874868146086,-0.3476874868146086
378,378,categorical_soft,0,0,True,0.14159409893896185,0.0,0.8584058880805969,0.0,0.14159409701824188,1,-0.716811791062355,0.30926033221185206,2.11625874042511,-1.6540889501571656,0.6101243913173675,0.30926033221185206,0.803205145398843,0.018571518092261288,0.17822333650889594,0.803205145398843,0.018571518092261288,0.17822333650889594,0.803205145398843,0.018571518092261288,-0.624981808889947,1,1,0.128,680.0,0.8935141116380692,0.9854890640603567,-0.4354890640603567
379,379,categorical_soft,1,1,True,0.15317525639557306,0.0,0.0,0.8468247652053833,0.1531752496957779,2,-0.6936495155096054,0.37767037004232407,-1.8642984986305238,2.0238869071006773,0.17491939663887024,0.37767037004232407,0.01740529744183526,0.8486205728243235,0.13397412973384115,0.01740529744183526,0.8486205728243235,0.13397412973384115,0.8486205728243235,0.01740529744183526,-0.7146464430904823,2,2,0.256,510.0,0.5773737840354443,0.9463356041727776,-0.3963356041727776
380,380,categorical_soft,1,1,True,0.16881225547255846,0.0,0.0,0.8311877250671387,0.16881226003170013,2,-0.6623754650354385,0.27803048864006996,-1.2021483540534974,0.9503415048122406,0.4194018065929413,0.27803048864006996,0.06825153091930733,0.5866556601269688,0.34509280895372385,0.06825153091930733,0.5866556601269688,0.34509280895372385,0.5866556601269688,0.06825153091930733,-0.24156285117324494,2,2,0.128,400.0,0.42385962195839966,0.9044932597432849,-0.3544932597432848
381,381,categorical_soft,0,0,True,0.13994749393293426,0.0,0.8600525259971619,0.0,0.13994748890399933,1,-0.7201050370931625,0.32301154881715777,2.4837085247039794,-2.1271383285522463,0.7091412961483001,0.32301154881715777,0.847674824849393,0.008501664258964928,0.14382351089164183,0.847674824849393,0.008501664258964928,0.14382351089164183,0.847674824849393,0.008501664258964928,-0.7038513139577512,1,1,0.256,610.0,0.9956440702080727,0.9918732366503379,-0.44187323665033784
382,382,categorical_soft,0,0,False,0.0,0.0,1.0,0.0,0.0,1,-1.0,0.6272347688674926,2.99492027759552,-0.6822048604488373,-1.8209876418113708,0.6272347688674926,0.9675811391903288,0.024537097658137337,0.007881763151533818,0.9675811391903288,0.024537097658137337,0.007881763151533818,0.9675811391903288,0.024537097658137337,-0.9596993760387951,1,1,0.256,480.0,0.7710565626621246,0.9793193742271186,-0.4293193742271185
383,383,categorical_soft,1,1,True,0.14417076045447696,0.0,0.0,0.8558292388916016,0.14417076110839844,2,-0.7116584777832031,0.37846494652330875,-2.2332728147506713,2.0777991771698,0.5373040080070496,0.37846494652330875,0.010930860007976724,0.8144018723876817,0.1746672676043416,0.010930860007976724,0.8144018723876817,0.1746672676043416,0.8144018723876817,0.010930860007976724,-0.6397346047833401,2,2,0.256,760.0,0.8084479738026857,0.9759628652576691,-0.425962865257669
384,384,categorical_soft,0,0,False,0.0,0.0,1.0,0.0,0.0,1,-1.0,0.5023300886154175,4.40306248664856,-0.4993965238332748,-2.732535409927368,0.5023300886154175,0.9917916719624504,0.007412143225284963,0.0007961848122646244,0.9917916719624504,0.007412143225284963,0.0007961848122646244,0.9917916719624504,0.007412143225284963,-0.9909954871501858,1,1,0.128,1080.0,0.9401882588863373,0.9813913142856413,-0.43139131428564126
385,385,categorical_soft,1,1,True,0.14549609815167108,0.0,0.0,0.8545039296150208,0.14549610018730164,2,-0.7090078294277191,0.37667856067419053,-2.1098804473876953,1.8306797623634339,0.45723348259925845,0.37667856067419053,0.015264428144056593,0.785147487926138,0.19958808392980548,0.015264428144056593,0.785147487926138,0.19958808392980548,0.785147487926138,0.015264428144056593,-0.5855594039963326,2,2,0.256,770.0,0.7735878583043814,0.9712650823388411,-0.4212650823388411
386,386,categorical_soft,0,0,True,0.1386766372350519,0.0,0.861323356628418,0.0,0.13867664337158203,1,-0.7226467132568359,0.2985374815762043,2.915196657180786,-2.739190459251404,0.9761412560939788,0.2985374815762043,0.8714407458000514,0.003079693468070921,0.12547956073187777,0.8714407458000514,0.003079693468070921,0.12547956073187777,0.8714407458000514,0.003079693468070921,-0.7459611850681735,1,1,0.512,400.0,1.1461854800581932,0.9969733685655217,-0.4469733685655216
387,387,categorical_soft,0,0,False,0.0,0.0,1.0,0.0,0.0,1,-1.0,0.4693239629268646,4.440535926818848,-0.667103749513626,-2.715958499908447,0.4693239629268646,0.993182355148013,0.006032307579102969,0.0007853372728839605,0.993182355148013,0.006032307579102969,0.0007853372728839605,0.993182355148013,0.006032307579102969,-0.992397017875129,1,1,0.256,660.0,0.940440259873867,0.9887148115988028,-0.43871481159880277
388,388,categorical_soft,1,1,True,0.16684084755566841,0.0,0.0,0.8331591486930847,0.16684085130691528,2,-0.6663182973861694,0.29744199477136135,-2.2355307817459105,2.190071439743042,0.4336710751056671,0.29744199477136135,0.010115325262640902,0.8439629903039363,0.1459216844334227,0.010115325262640902,0.8439629903039363,0.1459216844334227,0.8439629903039363,0.010115325262640902,-0.6980413058705136,2,2,0.064,1010.0,0.5850121323019266,0.90925726285887,-0.35925726285886994
389,389,categorical_soft,0,0,False,0.0,0.0,1.0,0.0,0.0,1,-1.0,0.5904310703277588,3.097850799560547,-0.3512815833091736,-1.88844074010849,0.5904310703277588,0.962729306617694,0.030675168916604427,0.006595524465701615,0.962729306617694,0.030675168916604427,0.006595524465701615,0.962729306617694,0.030675168916604427,-0.9561337821519923,1,1,0.064,880.0,0.4785623997449875,0.8741640467966116,-0.3241640467966116
390,390,categorical_soft,1,1,True,0.2760299416475489,0.0,0.0,0.7239700555801392,0.27602994441986084,2,-0.4479401111602783,0.3396656749770045,1.0164293467998504,-0.7467802822589874,0.4321664035320282,0.3396656749770045,0.5780920299813397,0.09943968654715518,0.322468283471505,0.5780920299813397,0.09943968654715518,0.322468283471505,0.09943968654715518,0.5780920299813397,0.22302859692434984,1,1,0.0,1000.0,0.32620373368263245,0.7398172420363511,-0.18981724203635109
391,391,categorical_soft,0,0,False,0.0,0.0,1.0,0.0,0.0,1,-1.0,0.5850258529186249,3.7588226318359377,-0.5502099573612214,-2.2844225406646728,0.5850258529186249,0.9843025359611671,0.01332827645941738,0.002369187579415588,0.9843025359611671,0.01332827645941738,0.002369187579415588,0.9843025359611671,0.01332827645941738,-0.9819333483817515,1,1,0.128,840.0,0.7657688558101654,0.9676319299768472,-0.41763192997684717
392,392,categorical_soft,0,0,True,0.1412916564522666,0.0,0.8587083220481873,0.0,0.14129166305065155,1,-0.7174166589975357,0.32471413910388947,2.453317475318909,-2.07517808675766,0.7003393173217773,0.32471413910388947,0.8443880361836582,0.009152700953061857,0.14645926286327993,0.8443880361836582,0.009152700953061857,0.14645926286327993,0.8443880361836582,0.009152700953061857,-0.6979287733203783,1,1,0.064,930.0,0.9719650354236364,0.9866435474255073,-0.43664354742550726
393,393,categorical_soft,0,0,True,0.29355228838107594,0.0,0.7064477205276489,0.0,0.2935522794723511,1,-0.41289544105529785,0.4085200607776642,-0.19970869272947311,0.07474014852195979,0.2957706689834595,0.4085200607776642,0.2528899005636628,0.3325152472948178,0.41459485214151925,0.2528899005636628,0.3325152472948178,0.41459485214151925,0.2528899005636628,0.3325152472948178,0.16170495157785647,3,3,0.0,420.0,0.16475437581539154,0.7213106216778917,-0.17131062167789168
394,394,categorical_soft,0,0,False,0.0,0.0,1.0,0.0,0.0,1,-1.0,0.7293092787265778,4.252841949462891,-0.384566468000412,-2.735214686393738,0.7293092787265778,0.9894760073486134,0.009610338431230298,0.0009136542201563218,0.9894760073486134,0.009610338431230298,0.0009136542201563218,0.9894760073486134,0.009610338431230298,-0.9885623531284571,1,1,0.064,1130.0,0.5938400030136108,0.9005461713773014,-0.3505461713773014
395,395,categorical_soft,0,0,True,0.22105897632457006,0.0,0.7789410352706909,0.0,0.22105897963047028,1,-0.5578820556402206,0.2914817243814468,1.448798155784607,-1.0673210740089416,0.5647679448127747,0.2914817243814468,0.6692988019195032,0.05417472404612471,0.2765264740343719,0.6692988019195032,0.05417472404612471,0.2765264740343719,0.6692988019195032,0.05417472404612471,-0.3927723278851313,1,1,0.032,1110.0,0.4338230639696121,0.8086384647508287,-0.25863846475082863
396,396,categorical_soft,1,1,False,0.0,0.0,0.0,1.0,0.0,2,-1.0,0.4136198848485947,-3.3858867645263673,3.8123106241226195,-0.029992844723165036,0.4136198848485947,0.0007322398460802182,0.97817052963236,0.02109723052156002,0.0007322398460802182,0.97817052963236,0.02109723052156002,0.97817052963236,0.0007322398460802182,-0.9570732991108,2,2,0.512,1110.0,0.9393975138664246,0.9806455907424554,-0.43064559074245534
397,397,categorical_soft,1,1,False,0.0,0.0,0.0,1.0,0.0,2,-1.0,0.45372185707092283,-2.6492530584335325,4.156300640106201,-0.8790398955345153,0.45372185707092283,0.0011000713573475426,0.9924282950986605,0.006471633543991948,0.0011000713573475426,0.9924282950986605,0.006471633543991948,0.9924282950986605,0.0011000713573475426,-0.9859566615546685,2,2,0.256,1050.0,0.9099549353122711,0.9792239661600461,-0.4292239661600461
398,398,categorical_soft,1,1,True,0.15284969822104216,0.0,0.0,0.8471503257751465,0.1528497040271759,2,-0.6943006217479706,0.3472599104046822,-0.9229378342628479,0.8080010771751404,0.1834949716925621,0.3472599104046822,0.10336891330250955,0.5837240458654658,0.3129070408320246,0.10336891330250955,0.5837240458654658,0.3129070408320246,0.5837240458654658,0.10336891330250955,-0.2708170050334412,2,2,0.128,490.0,0.5764550000894815,0.9473221554846154,-0.39732215548461536
399,399,categorical_soft,1,1,True,0.22781912808323002,0.0,0.0,0.7721808552742004,0.22781912982463837,2,-0.5443617254495621,0.22117769792675973,-0.44476900696754457,0.16117307767271996,0.31983360797166827,0.22117769792675973,0.2006233594781966,0.36811995285297267,0.4312566876688309,0.2006233594781966,0.36811995285297267,0.4312566876688309,0.36811995285297267,0.2006233594781966,0.06313673481585824,3,3,0.032,400.0,0.2471591681241989,0.7989866884283707,-0.24898668842837068
